sampleCount, change, profit, count, value, avg
"10","5","10","54","79","1"
"10","5","11","54","71","1"
"10","5","12","44","92","2"
"10","5","13","38","104","2"
"10","5","14","36","110","3"
"10","5","15","30","92","3"
"10","5","16","28","84","3"
"10","5","17","28","92","3"
"10","5","18","28","109","3"
"10","5","19","28","104","3"
"10","5","20","28","100","3"
"10","5","21","26","129","4"
"10","5","22","22","145","6"
"10","5","23","22","139","6"
"10","5","24","22","139","6"
"10","5","25","18","116","6"
"10","5","26","18","114","6"
"10","5","27","18","120","6"
"10","5","28","14","130","9"
"10","5","29","14","135","9"
"10","5","30","16","140","8"
"10","5","31","14","132","9"
"10","5","32","16","100","6"
"10","5","33","16","94","5"
"10","5","34","16","95","5"
"10","5","35","14","98","7"
"10","5","36","16","115","7"
"10","5","37","14","114","8"
"10","5","38","14","109","7"
"10","5","39","14","119","8"
"10","5","40","14","111","7"
"10","10","10","46","72","1"
"10","10","11","40","67","1"
"10","10","12","36","103","2"
"10","10","13","34","83","2"
"10","10","14","30","122","4"
"10","10","15","28","98","3"
"10","10","16","26","97","3"
"10","10","17","26","68","2"
"10","10","18","26","85","3"
"10","10","19","26","82","3"
"10","10","20","26","71","2"
"10","10","21","24","92","3"
"10","10","22","20","123","6"
"10","10","23","20","108","5"
"10","10","24","20","110","5"
"10","10","25","18","113","6"
"10","10","26","18","111","6"
"10","10","27","18","110","6"
"10","10","28","18","113","6"
"10","10","29","14","141","10"
"10","10","30","16","140","8"
"10","10","31","14","128","9"
"10","10","32","14","128","9"
"10","10","33","16","97","6"
"10","10","34","16","98","6"
"10","10","35","14","97","6"
"10","10","36","16","111","6"
"10","10","37","12","153","12"
"10","10","38","12","153","12"
"10","10","39","12","153","12"
"10","10","40","12","156","13"
"10","15","10","32","47","1"
"10","15","11","32","36","1"
"10","15","12","28","56","2"
"10","15","13","28","31","1"
"10","15","14","28","26","0"
"10","15","15","28","25","0"
"10","15","16","26","19","0"
"10","15","17","24","23","0"
"10","15","18","24","56","2"
"10","15","19","24","49","2"
"10","15","20","24","54","2"
"10","15","21","22","77","3"
"10","15","22","18","99","5"
"10","15","23","18","88","4"
"10","15","24","18","88","4"
"10","15","25","16","91","5"
"10","15","26","16","83","5"
"10","15","27","16","81","5"
"10","15","28","14","118","8"
"10","15","29","14","118","8"
"10","15","30","14","119","8"
"10","15","31","14","105","7"
"10","15","32","12","82","6"
"10","15","33","12","97","8"
"10","15","34","12","97","8"
"10","15","35","10","97","9"
"10","15","36","8","112","14"
"10","15","37","8","103","12"
"10","15","38","8","108","13"
"10","15","39","8","108","13"
"10","15","40","8","125","15"
"10","20","10","22","20","0"
"10","20","11","22","34","1"
"10","20","12","22","40","1"
"10","20","13","22","40","1"
"10","20","14","22","30","1"
"10","20","15","22","27","1"
"10","20","16","22","37","1"
"10","20","17","20","40","2"
"10","20","18","20","68","3"
"10","20","19","20","63","3"
"10","20","20","20","63","3"
"10","20","21","18","86","4"
"10","20","22","16","73","4"
"10","20","23","16","65","4"
"10","20","24","16","58","3"
"10","20","25","14","58","4"
"10","20","26","14","55","3"
"10","20","27","14","53","3"
"10","20","28","10","70","7"
"10","20","29","10","70","7"
"10","20","30","12","78","6"
"10","20","31","10","70","7"
"10","20","32","10","76","7"
"10","20","33","10","79","7"
"10","20","34","10","59","5"
"10","20","35","10","59","5"
"10","20","36","10","73","7"
"10","20","37","10","73","7"
"10","20","38","10","73","7"
"10","20","39","8","65","8"
"10","20","40","8","63","7"
"10","25","10","16","28","1"
"10","25","11","16","51","3"
"10","25","12","16","48","3"
"10","25","13","16","52","3"
"10","25","14","16","52","3"
"10","25","15","16","49","3"
"10","25","16","16","52","3"
"10","25","17","16","11","0"
"10","25","18","16","51","3"
"10","25","19","16","51","3"
"10","25","20","16","49","3"
"10","25","21","14","79","5"
"10","25","22","12","111","9"
"10","25","23","12","112","9"
"10","25","24","12","120","10"
"10","25","25","8","98","12"
"10","25","26","8","98","12"
"10","25","27","8","103","12"
"10","25","28","8","103","12"
"10","25","29","8","103","12"
"10","25","30","8","79","9"
"10","25","31","8","85","10"
"10","25","32","8","89","11"
"10","25","33","8","113","14"
"10","25","34","8","94","11"
"10","25","35","8","94","11"
"10","25","36","6","95","15"
"10","25","37","6","95","15"
"10","25","38","6","95","15"
"10","25","39","6","95","15"
"10","25","40","6","95","15"
"10","30","10","14","15","1"
"10","30","11","14","15","1"
"10","30","12","14","12","0"
"10","30","13","14","16","1"
"10","30","14","12","2","0"
"10","30","15","12","3","0"
"10","30","16","12","0","0"
"10","30","17","10","-14","-2"
"10","30","18","8","41","5"
"10","30","19","8","53","6"
"10","30","20","8","59","7"
"10","30","21","8","59","7"
"10","30","22","8","106","13"
"10","30","23","8","106","13"
"10","30","24","8","106","13"
"10","30","25","8","88","11"
"10","30","26","8","70","8"
"10","30","27","8","73","9"
"10","30","28","8","77","9"
"10","30","29","8","77","9"
"10","30","30","8","77","9"
"10","30","31","6","72","12"
"10","30","32","6","82","13"
"10","30","33","6","82","13"
"10","30","34","6","82","13"
"10","30","35","6","82","13"
"10","30","36","6","92","15"
"10","30","37","6","92","15"
"10","30","38","6","97","16"
"10","30","39","6","97","16"
"10","30","40","6","97","16"
"10","35","10","6","19","3"
"10","35","11","6","19","3"
"10","35","12","6","18","3"
"10","35","13","6","18","3"
"10","35","14","6","25","4"
"10","35","15","6","25","4"
"10","35","16","6","25","4"
"10","35","17","6","25","4"
"10","35","18","6","25","4"
"10","35","19","6","25","4"
"10","35","20","6","26","4"
"10","35","21","6","39","6"
"10","35","22","6","39","6"
"10","35","23","6","39","6"
"10","35","24","6","39","6"
"10","35","25","6","44","7"
"10","35","26","6","44","7"
"10","35","27","6","44","7"
"10","35","28","6","44","7"
"10","35","29","6","45","7"
"10","35","30","6","50","8"
"10","35","31","6","55","9"
"10","35","32","6","55","9"
"10","35","33","6","55","9"
"10","35","34","6","55","9"
"10","35","35","6","55","9"
"10","35","36","6","61","10"
"10","35","37","6","61","10"
"10","35","38","6","64","10"
"10","35","39","6","64","10"
"10","35","40","6","66","11"
"10","40","10","4","31","7"
"10","40","11","4","31","7"
"10","40","12","4","32","8"
"10","40","13","4","32","8"
"10","40","14","4","40","10"
"10","40","15","4","40","10"
"10","40","16","4","40","10"
"10","40","17","4","40","10"
"10","40","18","4","40","10"
"10","40","19","4","40","10"
"10","40","20","4","40","10"
"10","40","21","4","53","13"
"10","40","22","4","53","13"
"10","40","23","4","53","13"
"10","40","24","4","53","13"
"10","40","25","4","59","14"
"10","40","26","4","59","14"
"10","40","27","4","59","14"
"10","40","28","4","59","14"
"10","40","29","4","59","14"
"10","40","30","4","65","16"
"10","40","31","4","70","17"
"10","40","32","4","70","17"
"10","40","33","4","70","17"
"10","40","34","4","70","17"
"10","40","35","4","70","17"
"10","40","36","4","76","19"
"10","40","37","4","76","19"
"10","40","38","4","79","19"
"10","40","39","4","79","19"
"10","40","40","4","81","20"
"11","5","10","50","107","2"
"11","5","11","50","104","2"
"11","5","12","42","148","3"
"11","5","13","38","143","3"
"11","5","14","36","121","3"
"11","5","15","30","103","3"
"11","5","16","28","94","3"
"11","5","17","28","100","3"
"11","5","18","28","116","4"
"11","5","19","28","114","4"
"11","5","20","28","107","3"
"11","5","21","28","110","3"
"11","5","22","22","146","6"
"11","5","23","22","139","6"
"11","5","24","22","139","6"
"11","5","25","20","126","6"
"11","5","26","18","119","6"
"11","5","27","18","121","6"
"11","5","28","18","121","6"
"11","5","29","14","137","9"
"11","5","30","16","142","8"
"11","5","31","14","133","9"
"11","5","32","14","132","9"
"11","5","33","16","95","5"
"11","5","34","16","95","5"
"11","5","35","14","99","7"
"11","5","36","16","116","7"
"11","5","37","14","115","8"
"11","5","38","14","109","7"
"11","5","39","14","109","7"
"11","5","40","14","112","8"
"11","10","10","48","87","1"
"11","10","11","42","81","1"
"11","10","12","38","86","2"
"11","10","13","36","66","1"
"11","10","14","34","87","2"
"11","10","15","30","83","2"
"11","10","16","28","79","2"
"11","10","17","28","83","2"
"11","10","18","28","111","3"
"11","10","19","26","90","3"
"11","10","20","26","78","3"
"11","10","21","26","78","3"
"11","10","22","20","118","5"
"11","10","23","20","104","5"
"11","10","24","20","105","5"
"11","10","25","20","113","5"
"11","10","26","18","104","5"
"11","10","27","14","123","8"
"11","10","28","14","126","9"
"11","10","29","16","99","6"
"11","10","30","16","86","5"
"11","10","31","16","93","5"
"11","10","32","16","93","5"
"11","10","33","16","93","5"
"11","10","34","16","93","5"
"11","10","35","14","93","6"
"11","10","36","16","116","7"
"11","10","37","12","158","13"
"11","10","38","12","158","13"
"11","10","39","12","158","13"
"11","10","40","12","151","12"
"11","15","10","34","49","1"
"11","15","11","34","35","1"
"11","15","12","28","53","1"
"11","15","13","28","51","1"
"11","15","14","28","46","1"
"11","15","15","28","25","0"
"11","15","16","26","27","1"
"11","15","17","26","31","1"
"11","15","18","24","54","2"
"11","15","19","24","49","2"
"11","15","20","24","51","2"
"11","15","21","24","51","2"
"11","15","22","18","98","5"
"11","15","23","18","90","5"
"11","15","24","18","87","4"
"11","15","25","18","98","5"
"11","15","26","16","84","5"
"11","15","27","16","82","5"
"11","15","28","14","118","8"
"11","15","29","14","121","8"
"11","15","30","14","118","8"
"11","15","31","10","133","13"
"11","15","32","12","82","6"
"11","15","33","12","96","8"
"11","15","34","12","96","8"
"11","15","35","10","96","9"
"11","15","36","12","112","9"
"11","15","37","10","112","11"
"11","15","38","8","121","15"
"11","15","39","8","114","14"
"11","15","40","8","125","15"
"11","20","10","28","59","2"
"11","20","11","28","55","1"
"11","20","12","22","69","3"
"11","20","13","22","67","3"
"11","20","14","20","61","3"
"11","20","15","20","60","3"
"11","20","16","20","34","1"
"11","20","17","20","36","1"
"11","20","18","20","72","3"
"11","20","19","20","63","3"
"11","20","20","20","61","3"
"11","20","21","20","61","3"
"11","20","22","16","71","4"
"11","20","23","16","63","3"
"11","20","24","16","63","3"
"11","20","25","16","65","4"
"11","20","26","14","48","3"
"11","20","27","14","49","3"
"11","20","28","14","52","3"
"11","20","29","14","55","3"
"11","20","30","12","89","7"
"11","20","31","10","66","6"
"11","20","32","10","73","7"
"11","20","33","10","78","7"
"11","20","34","10","73","7"
"11","20","35","10","73","7"
"11","20","36","10","75","7"
"11","20","37","10","75","7"
"11","20","38","10","79","7"
"11","20","39","8","66","8"
"11","20","40","8","64","8"
"11","25","10","22","48","2"
"11","25","11","20","44","2"
"11","25","12","20","66","3"
"11","25","13","20","81","4"
"11","25","14","18","70","3"
"11","25","15","18","69","3"
"11","25","16","18","69","3"
"11","25","17","18","89","4"
"11","25","18","18","89","4"
"11","25","19","18","83","4"
"11","25","20","18","83","4"
"11","25","21","16","61","3"
"11","25","22","14","41","2"
"11","25","23","14","43","3"
"11","25","24","14","33","2"
"11","25","25","14","25","1"
"11","25","26","12","78","6"
"11","25","27","12","74","6"
"11","25","28","12","74","6"
"11","25","29","12","79","6"
"11","25","30","12","80","6"
"11","25","31","10","68","6"
"11","25","32","10","71","7"
"11","25","33","10","71","7"
"11","25","34","10","66","6"
"11","25","35","10","54","5"
"11","25","36","10","76","7"
"11","25","37","10","76","7"
"11","25","38","10","76","7"
"11","25","39","10","76","7"
"11","25","40","10","68","6"
"11","30","10","8","35","4"
"11","30","11","8","35","4"
"11","30","12","8","34","4"
"11","30","13","8","34","4"
"11","30","14","8","42","5"
"11","30","15","8","42","5"
"11","30","16","8","47","5"
"11","30","17","8","51","6"
"11","30","18","8","51","6"
"11","30","19","8","51","6"
"11","30","20","8","51","6"
"11","30","21","8","55","6"
"11","30","22","6","36","6"
"11","30","23","6","36","6"
"11","30","24","6","36","6"
"11","30","25","6","41","6"
"11","30","26","6","52","8"
"11","30","27","6","52","8"
"11","30","28","6","52","8"
"11","30","29","6","52","8"
"11","30","30","6","52","8"
"11","30","31","6","57","9"
"11","30","32","6","57","9"
"11","30","33","6","57","9"
"11","30","34","6","57","9"
"11","30","35","6","57","9"
"11","30","36","6","61","10"
"11","30","37","6","61","10"
"11","30","38","6","70","11"
"11","30","39","6","70","11"
"11","30","40","6","72","12"
"11","35","10","6","10","1"
"11","35","11","6","20","3"
"11","35","12","6","20","3"
"11","35","13","6","20","3"
"11","35","14","6","27","4"
"11","35","15","6","27","4"
"11","35","16","6","27","4"
"11","35","17","6","27","4"
"11","35","18","6","27","4"
"11","35","19","6","27","4"
"11","35","20","6","27","4"
"11","35","21","6","31","5"
"11","35","22","6","40","6"
"11","35","23","6","40","6"
"11","35","24","6","40","6"
"11","35","25","6","46","7"
"11","35","26","6","46","7"
"11","35","27","6","46","7"
"11","35","28","6","46","7"
"11","35","29","6","46","7"
"11","35","30","6","46","7"
"11","35","31","6","57","9"
"11","35","32","6","57","9"
"11","35","33","6","57","9"
"11","35","34","6","57","9"
"11","35","35","6","57","9"
"11","35","36","6","61","10"
"11","35","37","6","63","10"
"11","35","38","6","63","10"
"11","35","39","6","66","11"
"11","35","40","6","68","11"
"11","40","10","4","31","7"
"11","40","11","4","31","7"
"11","40","12","4","35","8"
"11","40","13","4","35","8"
"11","40","14","4","35","8"
"11","40","15","4","35","8"
"11","40","16","4","40","10"
"11","40","17","4","40","10"
"11","40","18","4","40","10"
"11","40","19","4","40","10"
"11","40","20","4","41","10"
"11","40","21","4","54","13"
"11","40","22","4","54","13"
"11","40","23","4","54","13"
"11","40","24","4","54","13"
"11","40","25","4","54","13"
"11","40","26","4","55","13"
"11","40","27","4","58","14"
"11","40","28","4","58","14"
"11","40","29","4","59","14"
"11","40","30","4","66","16"
"11","40","31","4","66","16"
"11","40","32","4","80","20"
"11","40","33","4","80","20"
"11","40","34","4","80","20"
"11","40","35","4","80","20"
"11","40","36","4","82","20"
"11","40","37","4","82","20"
"11","40","38","4","85","21"
"11","40","39","4","85","21"
"11","40","40","4","85","21"
"12","5","10","50","112","2"
"12","5","11","50","107","2"
"12","5","12","46","108","2"
"12","5","13","38","127","3"
"12","5","14","34","133","3"
"12","5","15","28","115","4"
"12","5","16","26","109","4"
"12","5","17","26","116","4"
"12","5","18","26","105","4"
"12","5","19","26","143","5"
"12","5","20","26","138","5"
"12","5","21","26","138","5"
"12","5","22","22","140","6"
"12","5","23","22","147","6"
"12","5","24","22","147","6"
"12","5","25","20","125","6"
"12","5","26","18","128","7"
"12","5","27","14","128","9"
"12","5","28","14","128","9"
"12","5","29","14","134","9"
"12","5","30","18","106","5"
"12","5","31","16","109","6"
"12","5","32","16","122","7"
"12","5","33","16","117","7"
"12","5","34","16","117","7"
"12","5","35","16","98","6"
"12","5","36","16","120","7"
"12","5","37","16","128","8"
"12","5","38","16","123","7"
"12","5","39","16","123","7"
"12","5","40","16","109","6"
"12","10","10","44","77","1"
"12","10","11","40","92","2"
"12","10","12","36","109","3"
"12","10","13","32","122","3"
"12","10","14","30","144","4"
"12","10","15","28","106","3"
"12","10","16","26","97","3"
"12","10","17","26","102","3"
"12","10","18","26","102","3"
"12","10","19","24","111","4"
"12","10","20","24","100","4"
"12","10","21","24","100","4"
"12","10","22","20","116","5"
"12","10","23","20","115","5"
"12","10","24","20","117","5"
"12","10","25","20","119","5"
"12","10","26","18","123","6"
"12","10","27","14","123","8"
"12","10","28","14","127","9"
"12","10","29","14","137","9"
"12","10","30","18","104","5"
"12","10","31","16","103","6"
"12","10","32","16","118","7"
"12","10","33","16","118","7"
"12","10","34","16","118","7"
"12","10","35","16","95","5"
"12","10","36","16","123","7"
"12","10","37","16","126","7"
"12","10","38","16","126","7"
"12","10","39","16","125","7"
"12","10","40","16","111","6"
"12","15","10","36","66","1"
"12","15","11","36","59","1"
"12","15","12","28","58","2"
"12","15","13","28","80","2"
"12","15","14","28","82","2"
"12","15","15","26","42","1"
"12","15","16","22","62","2"
"12","15","17","22","62","2"
"12","15","18","22","62","2"
"12","15","19","22","85","3"
"12","15","20","22","79","3"
"12","15","21","22","79","3"
"12","15","22","18","94","5"
"12","15","23","18","100","5"
"12","15","24","18","97","5"
"12","15","25","18","100","5"
"12","15","26","16","93","5"
"12","15","27","16","87","5"
"12","15","28","14","129","9"
"12","15","29","14","132","9"
"12","15","30","16","135","8"
"12","15","31","10","133","13"
"12","15","32","12","99","8"
"12","15","33","12","113","9"
"12","15","34","12","121","10"
"12","15","35","12","98","8"
"12","15","36","12","118","9"
"12","15","37","12","118","9"
"12","15","38","8","121","15"
"12","15","39","8","114","14"
"12","15","40","8","125","15"
"12","20","10","22","80","3"
"12","20","11","22","75","3"
"12","20","12","20","81","4"
"12","20","13","20","80","4"
"12","20","14","18","74","4"
"12","20","15","18","74","4"
"12","20","16","20","57","2"
"12","20","17","20","55","2"
"12","20","18","18","88","4"
"12","20","19","18","85","4"
"12","20","20","18","85","4"
"12","20","21","18","85","4"
"12","20","22","14","54","3"
"12","20","23","14","39","2"
"12","20","24","14","39","2"
"12","20","25","14","39","2"
"12","20","26","14","49","3"
"12","20","27","14","47","3"
"12","20","28","14","44","3"
"12","20","29","14","44","3"
"12","20","30","12","85","7"
"12","20","31","10","67","6"
"12","20","32","10","69","6"
"12","20","33","10","75","7"
"12","20","34","10","75","7"
"12","20","35","10","75","7"
"12","20","36","10","77","7"
"12","20","37","10","76","7"
"12","20","38","10","79","7"
"12","20","39","8","65","8"
"12","20","40","8","65","8"
"12","25","10","16","57","3"
"12","25","11","16","82","5"
"12","25","12","16","79","4"
"12","25","13","16","83","5"
"12","25","14","16","78","4"
"12","25","15","16","80","5"
"12","25","16","16","51","3"
"12","25","17","16","55","3"
"12","25","18","16","97","6"
"12","25","19","16","94","5"
"12","25","20","14","75","5"
"12","25","21","14","79","5"
"12","25","22","12","51","4"
"12","25","23","12","53","4"
"12","25","24","12","60","5"
"12","25","25","8","98","12"
"12","25","26","8","98","12"
"12","25","27","8","103","12"
"12","25","28","8","103","12"
"12","25","29","8","103","12"
"12","25","30","8","79","9"
"12","25","31","8","85","10"
"12","25","32","8","89","11"
"12","25","33","8","113","14"
"12","25","34","8","94","11"
"12","25","35","8","94","11"
"12","25","36","6","98","16"
"12","25","37","6","98","16"
"12","25","38","6","98","16"
"12","25","39","6","109","18"
"12","25","40","6","109","18"
"12","30","10","12","64","5"
"12","30","11","12","64","5"
"12","30","12","12","61","5"
"12","30","13","12","65","5"
"12","30","14","12","72","6"
"12","30","15","10","55","5"
"12","30","16","10","55","5"
"12","30","17","8","41","5"
"12","30","18","8","41","5"
"12","30","19","8","54","6"
"12","30","20","8","20","2"
"12","30","21","8","20","2"
"12","30","22","8","13","1"
"12","30","23","8","13","1"
"12","30","24","8","13","1"
"12","30","25","8","13","1"
"12","30","26","8","13","1"
"12","30","27","8","13","1"
"12","30","28","8","17","2"
"12","30","29","8","77","9"
"12","30","30","8","80","10"
"12","30","31","8","82","10"
"12","30","32","8","88","11"
"12","30","33","8","91","11"
"12","30","34","8","93","11"
"12","30","35","6","60","10"
"12","30","36","6","60","10"
"12","30","37","6","60","10"
"12","30","38","8","24","3"
"12","30","39","8","30","3"
"12","30","40","8","30","3"
"12","35","10","10","13","1"
"12","35","11","10","13","1"
"12","35","12","10","12","1"
"12","35","13","10","12","1"
"12","35","14","10","27","2"
"12","35","15","8","4","0"
"12","35","16","8","4","0"
"12","35","17","8","4","0"
"12","35","18","8","4","0"
"12","35","19","8","15","1"
"12","35","20","8","15","1"
"12","35","21","8","16","2"
"12","35","22","8","16","2"
"12","35","23","8","16","2"
"12","35","24","8","-2","-1"
"12","35","25","8","3","0"
"12","35","26","8","3","0"
"12","35","27","8","3","0"
"12","35","28","8","3","0"
"12","35","29","8","4","0"
"12","35","30","8","12","1"
"12","35","31","8","17","2"
"12","35","32","8","17","2"
"12","35","33","8","17","2"
"12","35","34","8","17","2"
"12","35","35","8","17","2"
"12","35","36","8","21","2"
"12","35","37","8","21","2"
"12","35","38","8","21","2"
"12","35","39","8","28","3"
"12","35","40","8","30","3"
"12","40","10","6","12","2"
"12","40","11","6","12","2"
"12","40","12","6","16","2"
"12","40","13","6","16","2"
"12","40","14","6","16","2"
"12","40","15","6","10","1"
"12","40","16","6","25","4"
"12","40","17","6","25","4"
"12","40","18","6","25","4"
"12","40","19","6","25","4"
"12","40","20","6","25","4"
"12","40","21","6","27","4"
"12","40","22","6","27","4"
"12","40","23","6","27","4"
"12","40","24","6","9","1"
"12","40","25","6","9","1"
"12","40","26","6","16","2"
"12","40","27","6","19","3"
"12","40","28","6","19","3"
"12","40","29","6","19","3"
"12","40","30","6","21","3"
"12","40","31","6","23","3"
"12","40","32","4","78","19"
"12","40","33","4","81","20"
"12","40","34","4","81","20"
"12","40","35","4","81","20"
"12","40","36","4","94","23"
"12","40","37","4","94","23"
"12","40","38","4","94","23"
"12","40","39","4","94","23"
"12","40","40","4","94","23"
"13","5","10","44","102","2"
"13","5","11","44","94","2"
"13","5","12","40","107","2"
"13","5","13","38","104","2"
"13","5","14","36","126","3"
"13","5","15","28","118","4"
"13","5","16","26","109","4"
"13","5","17","26","110","4"
"13","5","18","26","113","4"
"13","5","19","26","139","5"
"13","5","20","26","130","5"
"13","5","21","26","130","5"
"13","5","22","20","113","5"
"13","5","23","22","149","6"
"13","5","24","22","149","6"
"13","5","25","22","153","6"
"13","5","26","20","136","6"
"13","5","27","20","126","6"
"13","5","28","14","130","9"
"13","5","29","16","113","7"
"13","5","30","16","106","6"
"13","5","31","16","106","6"
"13","5","32","16","117","7"
"13","5","33","16","117","7"
"13","5","34","16","124","7"
"13","5","35","16","124","7"
"13","5","36","16","126","7"
"13","5","37","16","126","7"
"13","5","38","16","110","6"
"13","5","39","16","117","7"
"13","5","40","16","134","8"
"13","10","10","40","93","2"
"13","10","11","38","117","3"
"13","10","12","32","143","4"
"13","10","13","30","141","4"
"13","10","14","28","161","5"
"13","10","15","26","146","5"
"13","10","16","24","137","5"
"13","10","17","24","142","5"
"13","10","18","24","131","5"
"13","10","19","22","134","6"
"13","10","20","22","129","5"
"13","10","21","22","140","6"
"13","10","22","20","119","5"
"13","10","23","20","118","5"
"13","10","24","20","120","6"
"13","10","25","20","123","6"
"13","10","26","20","123","6"
"13","10","27","18","114","6"
"13","10","28","14","129","9"
"13","10","29","14","140","10"
"13","10","30","16","139","8"
"13","10","31","14","127","9"
"13","10","32","16","121","7"
"13","10","33","16","121","7"
"13","10","34","16","121","7"
"13","10","35","16","121","7"
"13","10","36","16","116","7"
"13","10","37","16","119","7"
"13","10","38","16","119","7"
"13","10","39","16","128","8"
"13","10","40","16","121","7"
"13","15","10","38","79","2"
"13","15","11","38","83","2"
"13","15","12","34","121","3"
"13","15","13","32","120","3"
"13","15","14","28","155","5"
"13","15","15","24","122","5"
"13","15","16","22","123","5"
"13","15","17","22","124","5"
"13","15","18","22","114","5"
"13","15","19","22","134","6"
"13","15","20","22","131","5"
"13","15","21","20","112","5"
"13","15","22","20","94","4"
"13","15","23","20","108","5"
"13","15","24","20","108","5"
"13","15","25","18","103","5"
"13","15","26","18","101","5"
"13","15","27","16","98","6"
"13","15","28","16","98","6"
"13","15","29","16","103","6"
"13","15","30","18","99","5"
"13","15","31","16","99","6"
"13","15","32","16","109","6"
"13","15","33","16","127","7"
"13","15","34","16","127","7"
"13","15","35","16","127","7"
"13","15","36","16","115","7"
"13","15","37","12","121","10"
"13","15","38","12","121","10"
"13","15","39","12","121","10"
"13","15","40","12","114","9"
"13","20","10","26","83","3"
"13","20","11","26","80","3"
"13","20","12","22","95","4"
"13","20","13","22","95","4"
"13","20","14","22","95","4"
"13","20","15","20","78","3"
"13","20","16","18","68","3"
"13","20","17","18","68","3"
"13","20","18","18","75","4"
"13","20","19","18","82","4"
"13","20","20","18","102","5"
"13","20","21","18","102","5"
"13","20","22","16","80","5"
"13","20","23","16","73","4"
"13","20","24","16","66","4"
"13","20","25","16","66","4"
"13","20","26","16","66","4"
"13","20","27","14","59","4"
"13","20","28","14","62","4"
"13","20","29","14","70","5"
"13","20","30","12","97","8"
"13","20","31","10","70","7"
"13","20","32","10","76","7"
"13","20","33","10","77","7"
"13","20","34","10","77","7"
"13","20","35","10","77","7"
"13","20","36","10","62","6"
"13","20","37","10","62","6"
"13","20","38","10","82","8"
"13","20","39","8","65","8"
"13","20","40","8","63","7"
"13","25","10","18","42","2"
"13","25","11","18","56","3"
"13","25","12","16","52","3"
"13","25","13","16","52","3"
"13","25","14","16","43","2"
"13","25","15","16","43","2"
"13","25","16","16","48","3"
"13","25","17","16","52","3"
"13","25","18","16","104","6"
"13","25","19","16","101","6"
"13","25","20","14","82","5"
"13","25","21","14","82","5"
"13","25","22","12","76","6"
"13","25","23","12","69","5"
"13","25","24","12","69","5"
"13","25","25","12","69","5"
"13","25","26","10","70","7"
"13","25","27","10","68","6"
"13","25","28","10","71","7"
"13","25","29","10","74","7"
"13","25","30","8","79","9"
"13","25","31","8","85","10"
"13","25","32","8","92","11"
"13","25","33","8","116","14"
"13","25","34","8","97","12"
"13","25","35","8","97","12"
"13","25","36","8","111","13"
"13","25","37","8","111","13"
"13","25","38","8","111","13"
"13","25","39","6","105","17"
"13","25","40","6","105","17"
"13","30","10","16","30","1"
"13","30","11","16","40","2"
"13","30","12","16","37","2"
"13","30","13","16","41","2"
"13","30","14","16","40","2"
"13","30","15","14","22","1"
"13","30","16","14","22","1"
"13","30","17","14","70","5"
"13","30","18","14","70","5"
"13","30","19","12","100","8"
"13","30","20","12","59","4"
"13","30","21","10","39","3"
"13","30","22","10","39","3"
"13","30","23","10","33","3"
"13","30","24","10","41","4"
"13","30","25","8","41","5"
"13","30","26","8","41","5"
"13","30","27","8","41","5"
"13","30","28","8","41","5"
"13","30","29","8","41","5"
"13","30","30","8","79","9"
"13","30","31","8","81","10"
"13","30","32","8","85","10"
"13","30","33","8","91","11"
"13","30","34","6","83","13"
"13","30","35","6","83","13"
"13","30","36","6","88","14"
"13","30","37","6","88","14"
"13","30","38","6","99","16"
"13","30","39","6","99","16"
"13","30","40","6","99","16"
"13","35","10","12","-3","-1"
"13","35","11","12","-3","-1"
"13","35","12","12","4","0"
"13","35","13","10","-14","-2"
"13","35","14","10","-9","-1"
"13","35","15","10","-15","-2"
"13","35","16","10","-15","-2"
"13","35","17","10","38","3"
"13","35","18","10","38","3"
"13","35","19","10","38","3"
"13","35","20","10","38","3"
"13","35","21","10","39","3"
"13","35","22","10","39","3"
"13","35","23","10","39","3"
"13","35","24","10","21","2"
"13","35","25","8","26","3"
"13","35","26","8","26","3"
"13","35","27","8","26","3"
"13","35","28","8","11","1"
"13","35","29","8","11","1"
"13","35","30","8","11","1"
"13","35","31","8","16","2"
"13","35","32","8","16","2"
"13","35","33","8","16","2"
"13","35","34","8","16","2"
"13","35","35","8","16","2"
"13","35","36","8","20","2"
"13","35","37","8","26","3"
"13","35","38","8","26","3"
"13","35","39","8","26","3"
"13","35","40","8","28","3"
"13","40","10","8","24","3"
"13","40","11","8","24","3"
"13","40","12","6","14","2"
"13","40","13","6","18","3"
"13","40","14","6","12","2"
"13","40","15","6","12","2"
"13","40","16","6","18","3"
"13","40","17","6","29","4"
"13","40","18","6","29","4"
"13","40","19","6","26","4"
"13","40","20","6","26","4"
"13","40","21","6","31","5"
"13","40","22","6","13","2"
"13","40","23","6","13","2"
"13","40","24","6","13","2"
"13","40","25","6","13","2"
"13","40","26","6","13","2"
"13","40","27","6","17","2"
"13","40","28","6","26","4"
"13","40","29","6","26","4"
"13","40","30","6","28","4"
"13","40","31","6","28","4"
"13","40","32","6","41","6"
"13","40","33","6","41","6"
"13","40","34","6","41","6"
"13","40","35","6","41","6"
"13","40","36","6","41","6"
"13","40","37","6","47","7"
"13","40","38","6","47","7"
"13","40","39","6","47","7"
"13","40","40","6","40","6"
"14","5","10","48","145","3"
"14","5","11","46","95","2"
"14","5","12","38","112","2"
"14","5","13","36","114","3"
"14","5","14","34","137","4"
"14","5","15","28","119","4"
"14","5","16","26","110","4"
"14","5","17","26","111","4"
"14","5","18","26","102","3"
"14","5","19","26","129","4"
"14","5","20","26","125","4"
"14","5","21","26","128","4"
"14","5","22","22","114","5"
"14","5","23","22","154","7"
"14","5","24","22","154","7"
"14","5","25","22","157","7"
"14","5","26","20","131","6"
"14","5","27","18","114","6"
"14","5","28","18","117","6"
"14","5","29","18","140","7"
"14","5","30","16","145","9"
"14","5","31","14","134","9"
"14","5","32","14","129","9"
"14","5","33","14","144","10"
"14","5","34","16","124","7"
"14","5","35","16","124","7"
"14","5","36","16","119","7"
"14","5","37","16","119","7"
"14","5","38","16","119","7"
"14","5","39","16","120","7"
"14","5","40","16","113","7"
"14","10","10","42","98","2"
"14","10","11","40","84","2"
"14","10","12","34","113","3"
"14","10","13","32","112","3"
"14","10","14","30","132","4"
"14","10","15","28","117","4"
"14","10","16","26","108","4"
"14","10","17","26","112","4"
"14","10","18","26","113","4"
"14","10","19","24","116","4"
"14","10","20","24","111","4"
"14","10","21","24","111","4"
"14","10","22","20","116","5"
"14","10","23","20","115","5"
"14","10","24","20","117","5"
"14","10","25","20","120","6"
"14","10","26","20","130","6"
"14","10","27","14","123","8"
"14","10","28","14","127","9"
"14","10","29","14","137","9"
"14","10","30","18","105","5"
"14","10","31","16","104","6"
"14","10","32","16","119","7"
"14","10","33","16","119","7"
"14","10","34","16","119","7"
"14","10","35","16","119","7"
"14","10","36","16","123","7"
"14","10","37","16","127","7"
"14","10","38","16","127","7"
"14","10","39","16","126","7"
"14","10","40","16","118","7"
"14","15","10","38","100","2"
"14","15","11","38","98","2"
"14","15","12","30","97","3"
"14","15","13","30","98","3"
"14","15","14","26","130","5"
"14","15","15","22","101","4"
"14","15","16","20","107","5"
"14","15","17","20","101","5"
"14","15","18","20","100","5"
"14","15","19","20","121","6"
"14","15","20","20","112","5"
"14","15","21","20","112","5"
"14","15","22","18","91","5"
"14","15","23","18","97","5"
"14","15","24","18","103","5"
"14","15","25","18","104","5"
"14","15","26","18","104","5"
"14","15","27","18","102","5"
"14","15","28","16","102","6"
"14","15","29","16","105","6"
"14","15","30","16","103","6"
"14","15","31","16","97","6"
"14","15","32","12","103","8"
"14","15","33","12","115","9"
"14","15","34","12","115","9"
"14","15","35","12","115","9"
"14","15","36","12","107","8"
"14","15","37","12","122","10"
"14","15","38","12","111","9"
"14","15","39","12","129","10"
"14","15","40","12","114","9"
"14","20","10","30","74","2"
"14","20","11","30","86","2"
"14","20","12","24","87","3"
"14","20","13","24","86","3"
"14","20","14","22","95","4"
"14","20","15","22","96","4"
"14","20","16","22","87","3"
"14","20","17","22","78","3"
"14","20","18","20","111","5"
"14","20","19","18","127","7"
"14","20","20","18","132","7"
"14","20","21","18","132","7"
"14","20","22","14","101","7"
"14","20","23","14","94","6"
"14","20","24","14","94","6"
"14","20","25","14","97","6"
"14","20","26","14","110","7"
"14","20","27","14","107","7"
"14","20","28","14","114","8"
"14","20","29","14","117","8"
"14","20","30","12","141","11"
"14","20","31","10","133","13"
"14","20","32","12","85","7"
"14","20","33","12","100","8"
"14","20","34","12","100","8"
"14","20","35","12","100","8"
"14","20","36","12","102","8"
"14","20","37","10","91","9"
"14","20","38","8","112","14"
"14","20","39","6","102","17"
"14","20","40","6","109","18"
"14","25","10","20","58","2"
"14","25","11","20","73","3"
"14","25","12","18","68","3"
"14","25","13","18","68","3"
"14","25","14","18","60","3"
"14","25","15","18","60","3"
"14","25","16","18","72","4"
"14","25","17","16","75","4"
"14","25","18","16","110","6"
"14","25","19","16","107","6"
"14","25","20","16","107","6"
"14","25","21","16","107","6"
"14","25","22","12","76","6"
"14","25","23","12","69","5"
"14","25","24","12","69","5"
"14","25","25","12","69","5"
"14","25","26","10","70","7"
"14","25","27","10","68","6"
"14","25","28","10","71","7"
"14","25","29","10","74","7"
"14","25","30","8","96","12"
"14","25","31","8","101","12"
"14","25","32","8","109","13"
"14","25","33","8","116","14"
"14","25","34","8","97","12"
"14","25","35","8","97","12"
"14","25","36","8","111","13"
"14","25","37","8","111","13"
"14","25","38","8","111","13"
"14","25","39","6","105","17"
"14","25","40","6","105","17"
"14","30","10","16","30","1"
"14","30","11","16","40","2"
"14","30","12","16","37","2"
"14","30","13","16","41","2"
"14","30","14","16","43","2"
"14","30","15","14","23","1"
"14","30","16","14","23","1"
"14","30","17","14","28","2"
"14","30","18","14","70","5"
"14","30","19","14","78","5"
"14","30","20","12","59","4"
"14","30","21","12","62","5"
"14","30","22","12","54","4"
"14","30","23","10","34","3"
"14","30","24","10","41","4"
"14","30","25","8","41","5"
"14","30","26","8","41","5"
"14","30","27","8","41","5"
"14","30","28","8","41","5"
"14","30","29","8","77","9"
"14","30","30","8","80","10"
"14","30","31","8","82","10"
"14","30","32","8","86","10"
"14","30","33","8","89","11"
"14","30","34","8","91","11"
"14","30","35","6","83","13"
"14","30","36","6","89","14"
"14","30","37","6","89","14"
"14","30","38","6","89","14"
"14","30","39","6","99","16"
"14","30","40","6","99","16"
"14","35","10","14","12","0"
"14","35","11","14","23","1"
"14","35","12","12","12","1"
"14","35","13","12","12","1"
"14","35","14","12","14","1"
"14","35","15","12","10","0"
"14","35","16","10","-12","-2"
"14","35","17","10","-12","-2"
"14","35","18","10","30","3"
"14","35","19","10","30","3"
"14","35","20","10","30","3"
"14","35","21","10","34","3"
"14","35","22","10","43","4"
"14","35","23","10","43","4"
"14","35","24","10","43","4"
"14","35","25","8","44","5"
"14","35","26","8","37","4"
"14","35","27","8","37","4"
"14","35","28","8","37","4"
"14","35","29","8","37","4"
"14","35","30","8","37","4"
"14","35","31","8","28","3"
"14","35","32","8","28","3"
"14","35","33","6","79","13"
"14","35","34","6","79","13"
"14","35","35","6","89","14"
"14","35","36","8","25","3"
"14","35","37","8","27","3"
"14","35","38","8","27","3"
"14","35","39","8","30","3"
"14","35","40","8","25","3"
"14","40","10","6","6","1"
"14","40","11","6","17","2"
"14","40","12","6","21","3"
"14","40","13","6","21","3"
"14","40","14","6","21","3"
"14","40","15","6","21","3"
"14","40","16","6","21","3"
"14","40","17","6","21","3"
"14","40","18","6","21","3"
"14","40","19","6","21","3"
"14","40","20","6","21","3"
"14","40","21","6","23","3"
"14","40","22","6","32","5"
"14","40","23","6","32","5"
"14","40","24","6","14","2"
"14","40","25","6","14","2"
"14","40","26","6","15","2"
"14","40","27","6","18","3"
"14","40","28","6","18","3"
"14","40","29","6","18","3"
"14","40","30","6","20","3"
"14","40","31","6","26","4"
"14","40","32","6","40","6"
"14","40","33","6","40","6"
"14","40","34","6","40","6"
"14","40","35","6","40","6"
"14","40","36","6","40","6"
"14","40","37","6","42","7"
"14","40","38","6","42","7"
"14","40","39","6","45","7"
"14","40","40","6","45","7"
"15","5","10","46","172","3"
"15","5","11","44","130","2"
"15","5","12","38","114","3"
"15","5","13","36","119","3"
"15","5","14","34","142","4"
"15","5","15","28","123","4"
"15","5","16","26","114","4"
"15","5","17","26","115","4"
"15","5","18","26","107","4"
"15","5","19","26","133","5"
"15","5","20","26","124","4"
"15","5","21","26","127","4"
"15","5","22","22","112","5"
"15","5","23","22","153","6"
"15","5","24","22","158","7"
"15","5","25","22","161","7"
"15","5","26","20","135","6"
"15","5","27","20","134","6"
"15","5","28","18","134","7"
"15","5","29","18","143","7"
"15","5","30","16","145","9"
"15","5","31","14","134","9"
"15","5","32","14","129","9"
"15","5","33","14","144","10"
"15","5","34","16","128","8"
"15","5","35","16","128","8"
"15","5","36","16","120","7"
"15","5","37","16","120","7"
"15","5","38","16","109","6"
"15","5","39","16","136","8"
"15","5","40","16","113","7"
"15","10","10","42","86","2"
"15","10","11","38","97","2"
"15","10","12","34","103","3"
"15","10","13","32","106","3"
"15","10","14","30","126","4"
"15","10","15","28","111","3"
"15","10","16","26","110","4"
"15","10","17","26","114","4"
"15","10","18","26","114","4"
"15","10","19","24","117","4"
"15","10","20","24","107","4"
"15","10","21","24","107","4"
"15","10","22","20","115","5"
"15","10","23","20","114","5"
"15","10","24","20","121","6"
"15","10","25","20","124","6"
"15","10","26","20","134","6"
"15","10","27","14","123","8"
"15","10","28","14","127","9"
"15","10","29","14","137","9"
"15","10","30","16","101","6"
"15","10","31","16","95","5"
"15","10","32","16","110","6"
"15","10","33","16","115","7"
"15","10","34","16","115","7"
"15","10","35","16","115","7"
"15","10","36","16","124","7"
"15","10","37","16","128","8"
"15","10","38","16","117","7"
"15","10","39","16","134","8"
"15","10","40","16","119","7"
"15","15","10","34","78","2"
"15","15","11","34","91","2"
"15","15","12","30","94","3"
"15","15","13","30","98","3"
"15","15","14","26","125","4"
"15","15","15","24","115","4"
"15","15","16","24","109","4"
"15","15","17","24","103","4"
"15","15","18","22","125","5"
"15","15","19","22","122","5"
"15","15","20","22","124","5"
"15","15","21","20","105","5"
"15","15","22","18","78","4"
"15","15","23","18","78","4"
"15","15","24","18","78","4"
"15","15","25","16","76","4"
"15","15","26","16","86","5"
"15","15","27","16","84","5"
"15","15","28","16","84","5"
"15","15","29","16","84","5"
"15","15","30","16","81","5"
"15","15","31","16","81","5"
"15","15","32","16","84","5"
"15","15","33","16","106","6"
"15","15","34","16","106","6"
"15","15","35","16","106","6"
"15","15","36","16","98","6"
"15","15","37","10","94","9"
"15","15","38","10","102","10"
"15","15","39","10","102","10"
"15","15","40","10","94","9"
"15","20","10","30","78","2"
"15","20","11","30","81","2"
"15","20","12","24","82","3"
"15","20","13","24","81","3"
"15","20","14","24","75","3"
"15","20","15","24","77","3"
"15","20","16","22","86","3"
"15","20","17","22","79","3"
"15","20","18","20","107","5"
"15","20","19","20","105","5"
"15","20","20","20","110","5"
"15","20","21","20","110","5"
"15","20","22","16","79","4"
"15","20","23","16","71","4"
"15","20","24","16","68","4"
"15","20","25","14","97","6"
"15","20","26","14","110","7"
"15","20","27","14","107","7"
"15","20","28","14","114","8"
"15","20","29","14","117","8"
"15","20","30","12","141","11"
"15","20","31","10","133","13"
"15","20","32","12","85","7"
"15","20","33","12","100","8"
"15","20","34","12","100","8"
"15","20","35","12","100","8"
"15","20","36","12","102","8"
"15","20","37","10","91","9"
"15","20","38","8","112","14"
"15","20","39","6","102","17"
"15","20","40","6","109","18"
"15","25","10","26","72","2"
"15","25","11","24","55","2"
"15","25","12","20","71","3"
"15","25","13","20","84","4"
"15","25","14","18","78","4"
"15","25","15","18","76","4"
"15","25","16","18","52","2"
"15","25","17","18","50","2"
"15","25","18","18","88","4"
"15","25","19","18","85","4"
"15","25","20","18","85","4"
"15","25","21","18","85","4"
"15","25","22","14","54","3"
"15","25","23","14","39","2"
"15","25","24","14","39","2"
"15","25","25","14","39","2"
"15","25","26","14","52","3"
"15","25","27","14","49","3"
"15","25","28","14","52","3"
"15","25","29","14","56","4"
"15","25","30","12","80","6"
"15","25","31","10","69","6"
"15","25","32","10","71","7"
"15","25","33","10","71","7"
"15","25","34","10","71","7"
"15","25","35","10","59","5"
"15","25","36","10","76","7"
"15","25","37","10","75","7"
"15","25","38","10","74","7"
"15","25","39","10","76","7"
"15","25","40","10","70","7"
"15","30","10","16","31","1"
"15","30","11","16","40","2"
"15","30","12","16","38","2"
"15","30","13","16","42","2"
"15","30","14","16","41","2"
"15","30","15","14","56","4"
"15","30","16","14","58","4"
"15","30","17","14","63","4"
"15","30","18","14","66","4"
"15","30","19","14","79","5"
"15","30","20","12","59","4"
"15","30","21","12","62","5"
"15","30","22","12","55","4"
"15","30","23","10","34","3"
"15","30","24","10","42","4"
"15","30","25","8","42","5"
"15","30","26","8","42","5"
"15","30","27","8","42","5"
"15","30","28","8","42","5"
"15","30","29","8","77","9"
"15","30","30","8","80","10"
"15","30","31","8","82","10"
"15","30","32","8","86","10"
"15","30","33","8","89","11"
"15","30","34","8","91","11"
"15","30","35","6","93","15"
"15","30","36","6","98","16"
"15","30","37","6","98","16"
"15","30","38","6","98","16"
"15","30","39","6","100","16"
"15","30","40","6","100","16"
"15","35","10","14","39","2"
"15","35","11","14","49","3"
"15","35","12","14","46","3"
"15","35","13","14","50","3"
"15","35","14","14","56","4"
"15","35","15","14","55","3"
"15","35","16","12","73","6"
"15","35","17","12","37","3"
"15","35","18","12","40","3"
"15","35","19","10","31","3"
"15","35","20","10","31","3"
"15","35","21","10","33","3"
"15","35","22","10","33","3"
"15","35","23","8","13","1"
"15","35","24","8","20","2"
"15","35","25","8","20","2"
"15","35","26","8","13","1"
"15","35","27","8","13","1"
"15","35","28","8","13","1"
"15","35","29","8","13","1"
"15","35","30","8","22","2"
"15","35","31","8","22","2"
"15","35","32","8","26","3"
"15","35","33","6","103","17"
"15","35","34","6","103","17"
"15","35","35","6","66","11"
"15","35","36","6","71","11"
"15","35","37","6","71","11"
"15","35","38","6","71","11"
"15","35","39","6","71","11"
"15","35","40","6","71","11"
"15","40","10","8","19","2"
"15","40","11","8","30","3"
"15","40","12","6","19","3"
"15","40","13","6","19","3"
"15","40","14","6","27","4"
"15","40","15","6","21","3"
"15","40","16","6","21","3"
"15","40","17","6","21","3"
"15","40","18","6","21","3"
"15","40","19","6","21","3"
"15","40","20","6","21","3"
"15","40","21","6","22","3"
"15","40","22","6","31","5"
"15","40","23","6","31","5"
"15","40","24","6","13","2"
"15","40","25","6","19","3"
"15","40","26","6","19","3"
"15","40","27","6","19","3"
"15","40","28","6","19","3"
"15","40","29","6","19","3"
"15","40","30","6","19","3"
"15","40","31","6","30","5"
"15","40","32","6","30","5"
"15","40","33","6","30","5"
"15","40","34","6","30","5"
"15","40","35","6","30","5"
"15","40","36","6","34","5"
"15","40","37","6","36","6"
"15","40","38","6","36","6"
"15","40","39","6","39","6"
"15","40","40","6","41","6"
"16","5","10","52","151","2"
"16","5","11","44","124","2"
"16","5","12","38","108","2"
"16","5","13","36","113","3"
"16","5","14","34","128","3"
"16","5","15","28","117","4"
"16","5","16","26","116","4"
"16","5","17","26","117","4"
"16","5","18","26","108","4"
"16","5","19","26","129","4"
"16","5","20","26","119","4"
"16","5","21","26","128","4"
"16","5","22","20","122","6"
"16","5","23","20","128","6"
"16","5","24","22","157","7"
"16","5","25","22","160","7"
"16","5","26","20","133","6"
"16","5","27","20","130","6"
"16","5","28","18","132","7"
"16","5","29","14","137","9"
"16","5","30","16","146","9"
"16","5","31","14","134","9"
"16","5","32","14","129","9"
"16","5","33","16","123","7"
"16","5","34","16","123","7"
"16","5","35","16","120","7"
"16","5","36","16","120","7"
"16","5","37","16","124","7"
"16","5","38","16","113","7"
"16","5","39","16","113","7"
"16","5","40","16","117","7"
"16","10","10","46","113","2"
"16","10","11","40","111","2"
"16","10","12","34","96","2"
"16","10","13","32","108","3"
"16","10","14","30","132","4"
"16","10","15","28","113","4"
"16","10","16","26","112","4"
"16","10","17","26","119","4"
"16","10","18","26","120","4"
"16","10","19","24","123","5"
"16","10","20","24","112","4"
"16","10","21","24","112","4"
"16","10","22","20","120","6"
"16","10","23","20","120","6"
"16","10","24","20","122","6"
"16","10","25","20","124","6"
"16","10","26","20","135","6"
"16","10","27","14","123","8"
"16","10","28","14","127","9"
"16","10","29","14","134","9"
"16","10","30","16","111","6"
"16","10","31","16","111","6"
"16","10","32","16","125","7"
"16","10","33","16","118","7"
"16","10","34","16","121","7"
"16","10","35","16","121","7"
"16","10","36","16","131","8"
"16","10","37","16","128","8"
"16","10","38","16","128","8"
"16","10","39","16","122","7"
"16","10","40","16","114","7"
"16","15","10","36","95","2"
"16","15","11","36","81","2"
"16","15","12","28","77","2"
"16","15","13","28","77","2"
"16","15","14","22","104","4"
"16","15","15","20","94","4"
"16","15","16","22","89","4"
"16","15","17","22","76","3"
"16","15","18","20","108","5"
"16","15","19","20","105","5"
"16","15","20","20","107","5"
"16","15","21","20","107","5"
"16","15","22","16","76","4"
"16","15","23","16","69","4"
"16","15","24","16","69","4"
"16","15","25","16","73","4"
"16","15","26","16","86","5"
"16","15","27","16","77","4"
"16","15","28","16","80","5"
"16","15","29","16","83","5"
"16","15","30","16","84","5"
"16","15","31","16","84","5"
"16","15","32","12","100","8"
"16","15","33","12","112","9"
"16","15","34","12","112","9"
"16","15","35","12","112","9"
"16","15","36","12","107","8"
"16","15","37","10","94","9"
"16","15","38","10","102","10"
"16","15","39","10","102","10"
"16","15","40","10","94","9"
"16","20","10","32","92","2"
"16","20","11","30","72","2"
"16","20","12","24","73","3"
"16","20","13","24","86","3"
"16","20","14","20","93","4"
"16","20","15","20","95","4"
"16","20","16","22","86","3"
"16","20","17","22","79","3"
"16","20","18","20","111","5"
"16","20","19","18","127","7"
"16","20","20","18","132","7"
"16","20","21","18","132","7"
"16","20","22","14","101","7"
"16","20","23","14","94","6"
"16","20","24","14","94","6"
"16","20","25","14","97","6"
"16","20","26","14","110","7"
"16","20","27","14","107","7"
"16","20","28","14","114","8"
"16","20","29","14","117","8"
"16","20","30","12","142","11"
"16","20","31","10","131","13"
"16","20","32","12","85","7"
"16","20","33","12","100","8"
"16","20","34","12","100","8"
"16","20","35","12","100","8"
"16","20","36","12","102","8"
"16","20","37","10","91","9"
"16","20","38","8","113","14"
"16","20","39","8","113","14"
"16","20","40","8","114","14"
"16","25","10","26","30","1"
"16","25","11","26","51","1"
"16","25","12","20","78","3"
"16","25","13","20","81","4"
"16","25","14","18","89","4"
"16","25","15","18","89","4"
"16","25","16","20","92","4"
"16","25","17","20","59","2"
"16","25","18","18","84","4"
"16","25","19","18","81","4"
"16","25","20","16","55","3"
"16","25","21","16","55","3"
"16","25","22","14","49","3"
"16","25","23","14","42","3"
"16","25","24","14","42","3"
"16","25","25","14","42","3"
"16","25","26","14","55","3"
"16","25","27","14","51","3"
"16","25","28","14","54","3"
"16","25","29","14","52","3"
"16","25","30","10","46","4"
"16","25","31","10","48","4"
"16","25","32","10","56","5"
"16","25","33","10","59","5"
"16","25","34","10","60","6"
"16","25","35","8","60","7"
"16","25","36","8","59","7"
"16","25","37","8","59","7"
"16","25","38","8","58","7"
"16","25","39","6","112","18"
"16","25","40","6","112","18"
"16","30","10","20","31","1"
"16","30","11","20","38","1"
"16","30","12","18","56","3"
"16","30","13","18","60","3"
"16","30","14","16","75","4"
"16","30","15","14","56","4"
"16","30","16","14","58","4"
"16","30","17","14","63","4"
"16","30","18","14","66","4"
"16","30","19","14","73","5"
"16","30","20","12","57","4"
"16","30","21","12","60","5"
"16","30","22","12","52","4"
"16","30","23","10","46","4"
"16","30","24","10","53","5"
"16","30","25","10","53","5"
"16","30","26","10","53","5"
"16","30","27","10","53","5"
"16","30","28","10","53","5"
"16","30","29","8","77","9"
"16","30","30","8","80","10"
"16","30","31","8","82","10"
"16","30","32","8","86","10"
"16","30","33","8","89","11"
"16","30","34","8","91","11"
"16","30","35","6","93","15"
"16","30","36","6","98","16"
"16","30","37","6","98","16"
"16","30","38","6","98","16"
"16","30","39","6","111","18"
"16","30","40","6","111","18"
"16","35","10","14","16","1"
"16","35","11","14","16","1"
"16","35","12","14","13","0"
"16","35","13","14","17","1"
"16","35","14","14","19","1"
"16","35","15","12","31","2"
"16","35","16","12","33","2"
"16","35","17","12","41","3"
"16","35","18","12","44","3"
"16","35","19","10","39","3"
"16","35","20","10","47","4"
"16","35","21","10","44","4"
"16","35","22","10","44","4"
"16","35","23","10","44","4"
"16","35","24","10","26","2"
"16","35","25","8","25","3"
"16","35","26","8","25","3"
"16","35","27","8","25","3"
"16","35","28","8","30","3"
"16","35","29","8","30","3"
"16","35","30","8","14","1"
"16","35","31","8","14","1"
"16","35","32","8","19","2"
"16","35","33","8","19","2"
"16","35","34","8","19","2"
"16","35","35","8","19","2"
"16","35","36","8","19","2"
"16","35","37","8","19","2"
"16","35","38","8","24","3"
"16","35","39","8","30","3"
"16","35","40","8","30","3"
"16","40","10","12","23","1"
"16","40","11","10","19","1"
"16","40","12","8","5","0"
"16","40","13","8","5","0"
"16","40","14","8","12","1"
"16","40","15","8","7","0"
"16","40","16","8","7","0"
"16","40","17","8","7","0"
"16","40","18","8","7","0"
"16","40","19","8","7","0"
"16","40","20","8","7","0"
"16","40","21","8","8","1"
"16","40","22","8","17","2"
"16","40","23","8","17","2"
"16","40","24","8","-1","-1"
"16","40","25","8","5","0"
"16","40","26","8","5","0"
"16","40","27","8","5","0"
"16","40","28","8","5","0"
"16","40","29","8","5","0"
"16","40","30","8","5","0"
"16","40","31","8","16","2"
"16","40","32","8","16","2"
"16","40","33","8","16","2"
"16","40","34","8","16","2"
"16","40","35","8","16","2"
"16","40","36","8","20","2"
"16","40","37","8","22","2"
"16","40","38","8","22","2"
"16","40","39","8","25","3"
"16","40","40","8","27","3"
"17","5","10","50","179","3"
"17","5","11","46","168","3"
"17","5","12","38","155","4"
"17","5","13","36","157","4"
"17","5","14","34","135","3"
"17","5","15","32","117","3"
"17","5","16","26","123","4"
"17","5","17","26","124","4"
"17","5","18","26","116","4"
"17","5","19","26","136","5"
"17","5","20","26","125","4"
"17","5","21","26","134","5"
"17","5","22","20","123","6"
"17","5","23","20","130","6"
"17","5","24","20","125","6"
"17","5","25","22","161","7"
"17","5","26","20","135","6"
"17","5","27","20","125","6"
"17","5","28","20","124","6"
"17","5","29","14","139","9"
"17","5","30","16","146","9"
"17","5","31","14","135","9"
"17","5","32","14","130","9"
"17","5","33","16","125","7"
"17","5","34","16","125","7"
"17","5","35","16","125","7"
"17","5","36","16","121","7"
"17","5","37","16","120","7"
"17","5","38","16","114","7"
"17","5","39","16","115","7"
"17","5","40","16","117","7"
"17","10","10","46","161","3"
"17","10","11","44","151","3"
"17","10","12","38","143","3"
"17","10","13","34","138","4"
"17","10","14","30","153","5"
"17","10","15","24","135","5"
"17","10","16","24","140","5"
"17","10","17","24","147","6"
"17","10","18","24","147","6"
"17","10","19","24","174","7"
"17","10","20","24","164","6"
"17","10","21","24","164","6"
"17","10","22","22","142","6"
"17","10","23","22","149","6"
"17","10","24","20","124","6"
"17","10","25","20","127","6"
"17","10","26","20","137","6"
"17","10","27","14","126","9"
"17","10","28","14","126","9"
"17","10","29","14","134","9"
"17","10","30","16","109","6"
"17","10","31","16","109","6"
"17","10","32","16","122","7"
"17","10","33","16","122","7"
"17","10","34","16","122","7"
"17","10","35","16","122","7"
"17","10","36","16","123","7"
"17","10","37","16","125","7"
"17","10","38","16","120","7"
"17","10","39","16","124","7"
"17","10","40","16","115","7"
"17","15","10","38","107","2"
"17","15","11","38","100","2"
"17","15","12","28","78","2"
"17","15","13","28","78","2"
"17","15","14","22","104","4"
"17","15","15","20","94","4"
"17","15","16","22","92","4"
"17","15","17","22","89","4"
"17","15","18","20","108","5"
"17","15","19","20","105","5"
"17","15","20","20","107","5"
"17","15","21","20","107","5"
"17","15","22","16","76","4"
"17","15","23","16","69","4"
"17","15","24","16","69","4"
"17","15","25","16","74","4"
"17","15","26","16","80","5"
"17","15","27","16","78","4"
"17","15","28","16","81","5"
"17","15","29","16","84","5"
"17","15","30","16","87","5"
"17","15","31","12","100","8"
"17","15","32","12","100","8"
"17","15","33","12","112","9"
"17","15","34","12","112","9"
"17","15","35","12","112","9"
"17","15","36","12","107","8"
"17","15","37","10","94","9"
"17","15","38","10","102","10"
"17","15","39","10","102","10"
"17","15","40","10","94","9"
"17","20","10","28","36","1"
"17","20","11","28","69","2"
"17","20","12","22","72","3"
"17","20","13","22","70","3"
"17","20","14","20","78","3"
"17","20","15","20","80","4"
"17","20","16","22","76","3"
"17","20","17","22","79","3"
"17","20","18","20","105","5"
"17","20","19","20","99","4"
"17","20","20","16","107","6"
"17","20","21","16","107","6"
"17","20","22","14","101","7"
"17","20","23","14","94","6"
"17","20","24","14","94","6"
"17","20","25","14","97","6"
"17","20","26","14","110","7"
"17","20","27","14","107","7"
"17","20","28","14","114","8"
"17","20","29","14","117","8"
"17","20","30","12","141","11"
"17","20","31","10","116","11"
"17","20","32","12","85","7"
"17","20","33","12","100","8"
"17","20","34","12","100","8"
"17","20","35","12","100","8"
"17","20","36","12","102","8"
"17","20","37","10","91","9"
"17","20","38","8","112","14"
"17","20","39","6","102","17"
"17","20","40","6","109","18"
"17","25","10","26","44","1"
"17","25","11","26","70","2"
"17","25","12","20","72","3"
"17","25","13","20","72","3"
"17","25","14","18","87","4"
"17","25","15","16","68","4"
"17","25","16","16","78","4"
"17","25","17","16","78","4"
"17","25","18","16","91","5"
"17","25","19","16","102","6"
"17","25","20","14","86","6"
"17","25","21","14","86","6"
"17","25","22","14","45","3"
"17","25","23","14","51","3"
"17","25","24","14","46","3"
"17","25","25","14","46","3"
"17","25","26","14","46","3"
"17","25","27","14","44","3"
"17","25","28","14","47","3"
"17","25","29","12","38","3"
"17","25","30","10","49","4"
"17","25","31","10","50","5"
"17","25","32","10","56","5"
"17","25","33","8","91","11"
"17","25","34","8","93","11"
"17","25","35","6","95","15"
"17","25","36","6","95","15"
"17","25","37","6","95","15"
"17","25","38","6","99","16"
"17","25","39","6","112","18"
"17","25","40","6","112","18"
"17","30","10","20","26","1"
"17","30","11","20","36","1"
"17","30","12","18","53","2"
"17","30","13","18","58","3"
"17","30","14","16","74","4"
"17","30","15","14","55","3"
"17","30","16","14","57","4"
"17","30","17","14","62","4"
"17","30","18","14","65","4"
"17","30","19","14","59","4"
"17","30","20","12","56","4"
"17","30","21","12","59","4"
"17","30","22","12","59","4"
"17","30","23","10","45","4"
"17","30","24","10","52","5"
"17","30","25","10","52","5"
"17","30","26","10","52","5"
"17","30","27","10","52","5"
"17","30","28","10","52","5"
"17","30","29","8","41","5"
"17","30","30","8","79","9"
"17","30","31","8","81","10"
"17","30","32","8","85","10"
"17","30","33","8","91","11"
"17","30","34","8","92","11"
"17","30","35","6","92","15"
"17","30","36","6","98","16"
"17","30","37","6","98","16"
"17","30","38","6","110","18"
"17","30","39","6","110","18"
"17","30","40","6","110","18"
"17","35","10","20","21","1"
"17","35","11","20","31","1"
"17","35","12","18","56","3"
"17","35","13","16","40","2"
"17","35","14","14","50","3"
"17","35","15","14","50","3"
"17","35","16","12","30","2"
"17","35","17","12","46","3"
"17","35","18","12","48","4"
"17","35","19","12","48","4"
"17","35","20","12","51","4"
"17","35","21","12","54","4"
"17","35","22","12","54","4"
"17","35","23","10","47","4"
"17","35","24","10","54","5"
"17","35","25","10","54","5"
"17","35","26","10","47","4"
"17","35","27","10","47","4"
"17","35","28","8","44","5"
"17","35","29","8","44","5"
"17","35","30","8","44","5"
"17","35","31","8","44","5"
"17","35","32","8","48","6"
"17","35","33","8","89","11"
"17","35","34","8","89","11"
"17","35","35","8","102","12"
"17","35","36","8","107","13"
"17","35","37","6","107","17"
"17","35","38","6","107","17"
"17","35","39","6","107","17"
"17","35","40","6","107","17"
"17","40","10","12","23","1"
"17","40","11","12","30","2"
"17","40","12","10","23","2"
"17","40","13","10","23","2"
"17","40","14","10","30","3"
"17","40","15","10","25","2"
"17","40","16","10","25","2"
"17","40","17","10","25","2"
"17","40","18","10","27","2"
"17","40","19","10","27","2"
"17","40","20","10","30","3"
"17","40","21","10","31","3"
"17","40","22","8","17","2"
"17","40","23","8","17","2"
"17","40","24","8","-1","-1"
"17","40","25","8","5","0"
"17","40","26","8","5","0"
"17","40","27","8","5","0"
"17","40","28","8","5","0"
"17","40","29","8","5","0"
"17","40","30","8","5","0"
"17","40","31","8","16","2"
"17","40","32","8","16","2"
"17","40","33","8","16","2"
"17","40","34","8","16","2"
"17","40","35","8","16","2"
"17","40","36","8","20","2"
"17","40","37","8","22","2"
"17","40","38","8","22","2"
"17","40","39","8","25","3"
"17","40","40","8","27","3"
"18","5","10","56","213","3"
"18","5","11","50","194","3"
"18","5","12","38","162","4"
"18","5","13","36","164","4"
"18","5","14","34","184","5"
"18","5","15","32","166","5"
"18","5","16","26","164","6"
"18","5","17","26","165","6"
"18","5","18","26","157","6"
"18","5","19","26","135","5"
"18","5","20","26","124","4"
"18","5","21","26","142","5"
"18","5","22","20","122","6"
"18","5","23","20","129","6"
"18","5","24","20","124","6"
"18","5","25","22","160","7"
"18","5","26","20","134","6"
"18","5","27","20","124","6"
"18","5","28","14","131","9"
"18","5","29","14","139","9"
"18","5","30","16","145","9"
"18","5","31","14","134","9"
"18","5","32","16","124","7"
"18","5","33","16","124","7"
"18","5","34","16","124","7"
"18","5","35","16","124","7"
"18","5","36","16","128","8"
"18","5","37","16","119","7"
"18","5","38","16","113","7"
"18","5","39","16","123","7"
"18","5","40","16","116","7"
"18","10","10","46","119","2"
"18","10","11","46","130","2"
"18","10","12","40","115","2"
"18","10","13","36","106","2"
"18","10","14","30","136","4"
"18","10","15","26","102","3"
"18","10","16","26","108","4"
"18","10","17","26","115","4"
"18","10","18","26","121","4"
"18","10","19","26","142","5"
"18","10","20","26","132","5"
"18","10","21","26","132","5"
"18","10","22","22","140","6"
"18","10","23","20","122","6"
"18","10","24","20","122","6"
"18","10","25","20","125","6"
"18","10","26","20","135","6"
"18","10","27","14","126","9"
"18","10","28","14","126","9"
"18","10","29","14","133","9"
"18","10","30","16","107","6"
"18","10","31","16","107","6"
"18","10","32","16","121","7"
"18","10","33","16","119","7"
"18","10","34","16","120","7"
"18","10","35","16","112","7"
"18","10","36","16","122","7"
"18","10","37","16","129","8"
"18","10","38","16","118","7"
"18","10","39","16","122","7"
"18","10","40","16","113","7"
"18","15","10","38","100","2"
"18","15","11","36","93","2"
"18","15","12","30","82","2"
"18","15","13","28","81","2"
"18","15","14","24","108","4"
"18","15","15","22","98","4"
"18","15","16","24","99","4"
"18","15","17","24","103","4"
"18","15","18","22","125","5"
"18","15","19","22","122","5"
"18","15","20","22","124","5"
"18","15","21","20","105","5"
"18","15","22","18","78","4"
"18","15","23","18","78","4"
"18","15","24","18","78","4"
"18","15","25","16","77","4"
"18","15","26","16","81","5"
"18","15","27","16","85","5"
"18","15","28","16","85","5"
"18","15","29","16","85","5"
"18","15","30","16","81","5"
"18","15","31","16","81","5"
"18","15","32","16","84","5"
"18","15","33","16","107","6"
"18","15","34","16","100","6"
"18","15","35","16","100","6"
"18","15","36","16","100","6"
"18","15","37","10","94","9"
"18","15","38","10","102","10"
"18","15","39","10","102","10"
"18","15","40","10","94","9"
"18","20","10","32","81","2"
"18","20","11","32","75","2"
"18","20","12","22","64","2"
"18","20","13","22","63","2"
"18","20","14","20","78","3"
"18","20","15","18","60","3"
"18","20","16","18","61","3"
"18","20","17","18","61","3"
"18","20","18","18","74","4"
"18","20","19","18","78","4"
"18","20","20","14","89","6"
"18","20","21","14","89","6"
"18","20","22","14","93","6"
"18","20","23","14","99","7"
"18","20","24","14","99","7"
"18","20","25","14","102","7"
"18","20","26","14","102","7"
"18","20","27","14","100","7"
"18","20","28","14","106","7"
"18","20","29","12","99","8"
"18","20","30","12","107","8"
"18","20","31","10","116","11"
"18","20","32","10","75","7"
"18","20","33","10","89","8"
"18","20","34","10","89","8"
"18","20","35","10","89","8"
"18","20","36","10","92","9"
"18","20","37","10","92","9"
"18","20","38","8","104","13"
"18","20","39","8","114","14"
"18","20","40","8","125","15"
"18","25","10","26","8","0"
"18","25","11","26","46","1"
"18","25","12","20","73","3"
"18","25","13","20","77","3"
"18","25","14","18","93","5"
"18","25","15","16","74","4"
"18","25","16","16","76","4"
"18","25","17","16","40","2"
"18","25","18","16","53","3"
"18","25","19","16","56","3"
"18","25","20","14","36","2"
"18","25","21","14","36","2"
"18","25","22","14","41","2"
"18","25","23","14","48","3"
"18","25","24","14","48","3"
"18","25","25","14","48","3"
"18","25","26","14","48","3"
"18","25","27","14","44","3"
"18","25","28","14","46","3"
"18","25","29","12","34","2"
"18","25","30","12","76","6"
"18","25","31","10","51","5"
"18","25","32","10","59","5"
"18","25","33","10","83","8"
"18","25","34","10","63","6"
"18","25","35","10","61","6"
"18","25","36","10","74","7"
"18","25","37","10","74","7"
"18","25","38","10","73","7"
"18","25","39","6","111","18"
"18","25","40","6","111","18"
"18","30","10","20","23","1"
"18","30","11","20","32","1"
"18","30","12","18","50","2"
"18","30","13","18","54","3"
"18","30","14","16","71","4"
"18","30","15","14","52","3"
"18","30","16","12","31","2"
"18","30","17","12","37","3"
"18","30","18","12","40","3"
"18","30","19","12","50","4"
"18","30","20","12","53","4"
"18","30","21","12","56","4"
"18","30","22","12","56","4"
"18","30","23","10","49","4"
"18","30","24","10","56","5"
"18","30","25","10","56","5"
"18","30","26","10","49","4"
"18","30","27","10","49","4"
"18","30","28","10","49","4"
"18","30","29","8","38","4"
"18","30","30","8","46","5"
"18","30","31","8","46","5"
"18","30","32","8","50","6"
"18","30","33","8","89","11"
"18","30","34","8","89","11"
"18","30","35","8","102","12"
"18","30","36","8","107","13"
"18","30","37","6","107","17"
"18","30","38","6","107","17"
"18","30","39","6","107","17"
"18","30","40","6","107","17"
"18","35","10","18","42","2"
"18","35","11","18","42","2"
"18","35","12","16","67","4"
"18","35","13","14","51","3"
"18","35","14","14","46","3"
"18","35","15","14","46","3"
"18","35","16","12","26","2"
"18","35","17","12","45","3"
"18","35","18","12","47","3"
"18","35","19","10","26","2"
"18","35","20","10","37","3"
"18","35","21","10","37","3"
"18","35","22","10","37","3"
"18","35","23","10","50","5"
"18","35","24","10","50","5"
"18","35","25","10","50","5"
"18","35","26","10","43","4"
"18","35","27","10","43","4"
"18","35","28","8","44","5"
"18","35","29","8","44","5"
"18","35","30","8","44","5"
"18","35","31","8","44","5"
"18","35","32","8","50","6"
"18","35","33","8","90","11"
"18","35","34","8","90","11"
"18","35","35","8","103","12"
"18","35","36","8","103","12"
"18","35","37","6","103","17"
"18","35","38","6","108","18"
"18","35","39","6","108","18"
"18","35","40","6","108","18"
"18","40","10","12","49","4"
"18","40","11","12","56","4"
"18","40","12","10","51","5"
"18","40","13","10","51","5"
"18","40","14","8","31","3"
"18","40","15","8","31","3"
"18","40","16","8","31","3"
"18","40","17","8","31","3"
"18","40","18","8","33","4"
"18","40","19","8","33","4"
"18","40","20","8","36","4"
"18","40","21","8","40","5"
"18","40","22","6","27","4"
"18","40","23","6","27","4"
"18","40","24","6","27","4"
"18","40","25","6","32","5"
"18","40","26","6","32","5"
"18","40","27","6","32","5"
"18","40","28","6","25","4"
"18","40","29","6","25","4"
"18","40","30","6","25","4"
"18","40","31","6","36","6"
"18","40","32","6","36","6"
"18","40","33","6","36","6"
"18","40","34","6","36","6"
"18","40","35","6","36","6"
"18","40","36","6","117","19"
"18","40","37","6","103","17"
"18","40","38","6","103","17"
"18","40","39","6","103","17"
"18","40","40","6","41","6"
"19","5","10","54","160","2"
"19","5","11","48","170","3"
"19","5","12","40","169","4"
"19","5","13","36","160","4"
"19","5","14","36","166","4"
"19","5","15","30","131","4"
"19","5","16","28","123","4"
"19","5","17","28","124","4"
"19","5","18","26","164","6"
"19","5","19","26","142","5"
"19","5","20","26","133","5"
"19","5","21","26","139","5"
"19","5","22","20","118","5"
"19","5","23","20","124","6"
"19","5","24","22","153","6"
"19","5","25","22","156","7"
"19","5","26","20","140","7"
"19","5","27","14","129","9"
"19","5","28","14","128","9"
"19","5","29","14","137","9"
"19","5","30","16","110","6"
"19","5","31","16","110","6"
"19","5","32","16","120","7"
"19","5","33","16","120","7"
"19","5","34","16","120","7"
"19","5","35","16","123","7"
"19","5","36","16","133","8"
"19","5","37","16","130","8"
"19","5","38","16","120","7"
"19","5","39","16","120","7"
"19","5","40","16","114","7"
"19","10","10","50","141","2"
"19","10","11","48","191","3"
"19","10","12","40","166","4"
"19","10","13","36","157","4"
"19","10","14","32","192","6"
"19","10","15","28","162","5"
"19","10","16","26","153","5"
"19","10","17","26","160","6"
"19","10","18","26","169","6"
"19","10","19","26","146","5"
"19","10","20","26","136","5"
"19","10","21","26","136","5"
"19","10","22","22","138","6"
"19","10","23","20","120","6"
"19","10","24","20","120","6"
"19","10","25","20","119","5"
"19","10","26","20","138","6"
"19","10","27","14","125","8"
"19","10","28","14","125","8"
"19","10","29","16","111","6"
"19","10","30","16","105","6"
"19","10","31","16","105","6"
"19","10","32","16","118","7"
"19","10","33","16","119","7"
"19","10","34","16","123","7"
"19","10","35","16","128","8"
"19","10","36","16","130","8"
"19","10","37","16","128","8"
"19","10","38","16","113","7"
"19","10","39","16","119","7"
"19","10","40","16","111","6"
"19","15","10","44","111","2"
"19","15","11","40","128","3"
"19","15","12","34","119","3"
"19","15","13","32","94","2"
"19","15","14","30","172","5"
"19","15","15","28","154","5"
"19","15","16","26","149","5"
"19","15","17","26","156","6"
"19","15","18","26","161","6"
"19","15","19","24","95","3"
"19","15","20","24","98","4"
"19","15","21","22","79","3"
"19","15","22","20","97","4"
"19","15","23","20","103","5"
"19","15","24","20","105","5"
"19","15","25","18","99","5"
"19","15","26","18","102","5"
"19","15","27","18","106","5"
"19","15","28","16","106","6"
"19","15","29","16","109","6"
"19","15","30","16","103","6"
"19","15","31","16","103","6"
"19","15","32","16","106","6"
"19","15","33","16","115","7"
"19","15","34","16","118","7"
"19","15","35","16","123","7"
"19","15","36","16","108","6"
"19","15","37","16","108","6"
"19","15","38","16","111","6"
"19","15","39","16","111","6"
"19","15","40","16","104","6"
"19","20","10","32","70","2"
"19","20","11","32","62","1"
"19","20","12","24","59","2"
"19","20","13","24","57","2"
"19","20","14","22","64","2"
"19","20","15","22","57","2"
"19","20","16","22","72","3"
"19","20","17","22","79","3"
"19","20","18","20","111","5"
"19","20","19","20","105","5"
"19","20","20","20","109","5"
"19","20","21","20","109","5"
"19","20","22","16","78","4"
"19","20","23","16","71","4"
"19","20","24","16","68","4"
"19","20","25","16","71","4"
"19","20","26","16","84","5"
"19","20","27","16","77","4"
"19","20","28","14","114","8"
"19","20","29","14","117","8"
"19","20","30","14","122","8"
"19","20","31","14","122","8"
"19","20","32","12","85","7"
"19","20","33","12","100","8"
"19","20","34","12","100","8"
"19","20","35","12","100","8"
"19","20","36","12","102","8"
"19","20","37","10","91","9"
"19","20","38","10","97","9"
"19","20","39","10","97","9"
"19","20","40","8","125","15"
"19","25","10","28","48","1"
"19","25","11","26","77","2"
"19","25","12","20","78","3"
"19","25","13","20","78","3"
"19","25","14","18","93","5"
"19","25","15","16","73","4"
"19","25","16","16","78","4"
"19","25","17","16","78","4"
"19","25","18","16","91","5"
"19","25","19","16","102","6"
"19","25","20","14","86","6"
"19","25","21","14","86","6"
"19","25","22","14","42","3"
"19","25","23","14","55","3"
"19","25","24","14","50","3"
"19","25","25","14","50","3"
"19","25","26","14","43","3"
"19","25","27","14","44","3"
"19","25","28","14","47","3"
"19","25","29","12","38","3"
"19","25","30","12","50","4"
"19","25","31","12","49","4"
"19","25","32","10","60","6"
"19","25","33","8","115","14"
"19","25","34","8","96","12"
"19","25","35","8","96","12"
"19","25","36","8","110","13"
"19","25","37","8","110","13"
"19","25","38","8","114","14"
"19","25","39","6","103","17"
"19","25","40","6","103","17"
"19","30","10","24","28","1"
"19","30","11","24","23","0"
"19","30","12","20","46","2"
"19","30","13","18","25","1"
"19","30","14","16","33","2"
"19","30","15","16","30","1"
"19","30","16","14","16","1"
"19","30","17","14","21","1"
"19","30","18","14","33","2"
"19","30","19","14","33","2"
"19","30","20","14","36","2"
"19","30","21","14","36","2"
"19","30","22","14","40","2"
"19","30","23","14","47","3"
"19","30","24","14","47","3"
"19","30","25","14","47","3"
"19","30","26","14","39","2"
"19","30","27","14","40","2"
"19","30","28","12","40","3"
"19","30","29","12","44","3"
"19","30","30","10","12","1"
"19","30","31","10","12","1"
"19","30","32","10","15","1"
"19","30","33","10","55","5"
"19","30","34","10","55","5"
"19","30","35","10","68","6"
"19","30","36","10","68","6"
"19","30","37","8","68","8"
"19","30","38","8","66","8"
"19","30","39","8","69","8"
"19","30","40","8","69","8"
"19","35","10","12","50","4"
"19","35","11","14","52","3"
"19","35","12","12","72","6"
"19","35","13","12","77","6"
"19","35","14","12","71","5"
"19","35","15","12","71","5"
"19","35","16","10","91","9"
"19","35","17","10","55","5"
"19","35","18","10","57","5"
"19","35","19","10","57","5"
"19","35","20","10","60","6"
"19","35","21","10","62","6"
"19","35","22","10","73","7"
"19","35","23","8","53","6"
"19","35","24","8","60","7"
"19","35","25","8","46","5"
"19","35","26","8","38","4"
"19","35","27","8","38","4"
"19","35","28","8","38","4"
"19","35","29","8","38","4"
"19","35","30","8","38","4"
"19","35","31","6","35","5"
"19","35","32","6","39","6"
"19","35","33","6","103","17"
"19","35","34","6","103","17"
"19","35","35","6","116","19"
"19","35","36","6","122","20"
"19","35","37","6","107","17"
"19","35","38","6","107","17"
"19","35","39","6","107","17"
"19","35","40","6","107","17"
"19","40","10","10","39","3"
"19","40","11","12","31","2"
"19","40","12","10","52","5"
"19","40","13","10","56","5"
"19","40","14","10","56","5"
"19","40","15","10","50","5"
"19","40","16","10","50","5"
"19","40","17","10","59","5"
"19","40","18","10","61","6"
"19","40","19","8","40","5"
"19","40","20","8","51","6"
"19","40","21","8","48","6"
"19","40","22","8","59","7"
"19","40","23","8","59","7"
"19","40","24","8","41","5"
"19","40","25","8","26","3"
"19","40","26","8","26","3"
"19","40","27","8","26","3"
"19","40","28","8","30","3"
"19","40","29","8","30","3"
"19","40","30","8","30","3"
"19","40","31","6","27","4"
"19","40","32","6","32","5"
"19","40","33","6","32","5"
"19","40","34","6","32","5"
"19","40","35","6","32","5"
"19","40","36","6","32","5"
"19","40","37","6","34","5"
"19","40","38","6","39","6"
"19","40","39","6","42","7"
"19","40","40","6","42","7"
"20","5","10","54","184","3"
"20","5","11","48","171","3"
"20","5","12","40","171","4"
"20","5","13","36","161","4"
"20","5","14","36","167","4"
"20","5","15","30","132","4"
"20","5","16","28","123","4"
"20","5","17","28","124","4"
"20","5","18","26","154","5"
"20","5","19","26","131","5"
"20","5","20","26","122","4"
"20","5","21","26","139","5"
"20","5","22","20","119","5"
"20","5","23","20","125","6"
"20","5","24","22","154","7"
"20","5","25","22","157","7"
"20","5","26","20","136","6"
"20","5","27","20","126","6"
"20","5","28","14","130","9"
"20","5","29","14","136","9"
"20","5","30","16","145","9"
"20","5","31","14","133","9"
"20","5","32","16","120","7"
"20","5","33","16","122","7"
"20","5","34","16","122","7"
"20","5","35","16","129","8"
"20","5","36","16","121","7"
"20","5","37","16","121","7"
"20","5","38","16","110","6"
"20","5","39","16","120","7"
"20","5","40","16","114","7"
"20","10","10","48","150","3"
"20","10","11","48","152","3"
"20","10","12","40","153","3"
"20","10","13","36","148","4"
"20","10","14","36","148","4"
"20","10","15","30","123","4"
"20","10","16","28","125","4"
"20","10","17","28","131","4"
"20","10","18","26","170","6"
"20","10","19","26","149","5"
"20","10","20","26","144","5"
"20","10","21","26","144","5"
"20","10","22","22","145","6"
"20","10","23","22","153","6"
"20","10","24","22","153","6"
"20","10","25","20","126","6"
"20","10","26","20","140","7"
"20","10","27","14","127","9"
"20","10","28","14","127","9"
"20","10","29","16","103","6"
"20","10","30","16","104","6"
"20","10","31","16","107","6"
"20","10","32","16","126","7"
"20","10","33","16","121","7"
"20","10","34","16","121","7"
"20","10","35","16","124","7"
"20","10","36","16","135","8"
"20","10","37","16","134","8"
"20","10","38","16","134","8"
"20","10","39","16","118","7"
"20","10","40","16","109","6"
"20","15","10","44","119","2"
"20","15","11","42","101","2"
"20","15","12","34","106","3"
"20","15","13","32","110","3"
"20","15","14","30","129","4"
"20","15","15","28","96","3"
"20","15","16","30","96","3"
"20","15","17","28","101","3"
"20","15","18","24","144","6"
"20","15","19","24","98","4"
"20","15","20","24","100","4"
"20","15","21","22","81","3"
"20","15","22","18","78","4"
"20","15","23","18","78","4"
"20","15","24","18","78","4"
"20","15","25","16","76","4"
"20","15","26","16","86","5"
"20","15","27","16","84","5"
"20","15","28","16","84","5"
"20","15","29","16","84","5"
"20","15","30","16","81","5"
"20","15","31","16","81","5"
"20","15","32","16","84","5"
"20","15","33","16","102","6"
"20","15","34","16","102","6"
"20","15","35","16","102","6"
"20","15","36","16","102","6"
"20","15","37","10","94","9"
"20","15","38","10","102","10"
"20","15","39","10","102","10"
"20","15","40","10","94","9"
"20","20","10","34","41","1"
"20","20","11","34","50","1"
"20","20","12","26","64","2"
"20","20","13","26","63","2"
"20","20","14","24","39","1"
"20","20","15","22","13","0"
"20","20","16","20","43","2"
"20","20","17","20","43","2"
"20","20","18","20","56","2"
"20","20","19","20","61","3"
"20","20","20","20","67","3"
"20","20","21","20","67","3"
"20","20","22","16","70","4"
"20","20","23","16","76","4"
"20","20","24","16","73","4"
"20","20","25","16","76","4"
"20","20","26","16","76","4"
"20","20","27","16","70","4"
"20","20","28","14","106","7"
"20","20","29","12","99","8"
"20","20","30","12","112","9"
"20","20","31","12","112","9"
"20","20","32","10","75","7"
"20","20","33","10","89","8"
"20","20","34","10","89","8"
"20","20","35","10","89","8"
"20","20","36","10","92","9"
"20","20","37","10","92","9"
"20","20","38","10","89","8"
"20","20","39","10","71","7"
"20","20","40","6","109","18"
"20","25","10","28","50","1"
"20","25","11","26","78","3"
"20","25","12","20","82","4"
"20","25","13","20","82","4"
"20","25","14","18","97","5"
"20","25","15","16","77","4"
"20","25","16","16","89","5"
"20","25","17","16","89","5"
"20","25","18","16","102","6"
"20","25","19","16","113","7"
"20","25","20","16","116","7"
"20","25","21","16","116","7"
"20","25","22","14","49","3"
"20","25","23","14","56","4"
"20","25","24","14","50","3"
"20","25","25","14","50","3"
"20","25","26","14","50","3"
"20","25","27","14","48","3"
"20","25","28","14","51","3"
"20","25","29","12","38","3"
"20","25","30","12","42","3"
"20","25","31","12","41","3"
"20","25","32","10","64","6"
"20","25","33","8","115","14"
"20","25","34","8","100","12"
"20","25","35","8","100","12"
"20","25","36","8","114","14"
"20","25","37","8","114","14"
"20","25","38","8","118","14"
"20","25","39","6","103","17"
"20","25","40","6","103","17"
"20","30","10","20","32","1"
"20","30","11","20","39","1"
"20","30","12","18","83","4"
"20","30","13","18","91","5"
"20","30","14","16","106","6"
"20","30","15","14","86","6"
"20","30","16","14","88","6"
"20","30","17","14","58","4"
"20","30","18","14","61","4"
"20","30","19","14","68","4"
"20","30","20","12","44","3"
"20","30","21","12","47","3"
"20","30","22","12","40","3"
"20","30","23","10","33","3"
"20","30","24","10","40","4"
"20","30","25","10","40","4"
"20","30","26","10","40","4"
"20","30","27","10","39","3"
"20","30","28","10","39","3"
"20","30","29","8","57","7"
"20","30","30","8","61","7"
"20","30","31","8","63","7"
"20","30","32","8","67","8"
"20","30","33","8","70","8"
"20","30","34","8","71","8"
"20","30","35","8","57","7"
"20","30","36","8","61","7"
"20","30","37","8","61","7"
"20","30","38","8","60","7"
"20","30","39","6","112","18"
"20","30","40","6","112","18"
"20","35","10","14","33","2"
"20","35","11","16","35","2"
"20","35","12","14","55","3"
"20","35","13","14","59","4"
"20","35","14","10","47","4"
"20","35","15","10","47","4"
"20","35","16","10","47","4"
"20","35","17","10","52","5"
"20","35","18","10","54","5"
"20","35","19","10","54","5"
"20","35","20","10","57","5"
"20","35","21","10","60","6"
"20","35","22","10","71","7"
"20","35","23","8","51","6"
"20","35","24","8","58","7"
"20","35","25","8","44","5"
"20","35","26","8","44","5"
"20","35","27","8","44","5"
"20","35","28","8","36","4"
"20","35","29","8","36","4"
"20","35","30","8","36","4"
"20","35","31","6","32","5"
"20","35","32","6","37","6"
"20","35","33","6","37","6"
"20","35","34","6","37","6"
"20","35","35","6","37","6"
"20","35","36","6","119","19"
"20","35","37","6","105","17"
"20","35","38","6","105","17"
"20","35","39","6","105","17"
"20","35","40","6","105","17"
"20","40","10","12","27","2"
"20","40","11","12","27","2"
"20","40","12","8","36","4"
"20","40","13","8","36","4"
"20","40","14","8","44","5"
"20","40","15","8","38","4"
"20","40","16","8","38","4"
"20","40","17","8","38","4"
"20","40","18","8","40","5"
"20","40","19","8","40","5"
"20","40","20","8","43","5"
"20","40","21","8","47","5"
"20","40","22","8","55","6"
"20","40","23","8","55","6"
"20","40","24","8","37","4"
"20","40","25","8","28","3"
"20","40","26","8","28","3"
"20","40","27","8","28","3"
"20","40","28","8","28","3"
"20","40","29","8","28","3"
"20","40","30","8","49","6"
"20","40","31","6","29","4"
"20","40","32","6","29","4"
"20","40","33","6","29","4"
"20","40","34","6","29","4"
"20","40","35","6","29","4"
"20","40","36","6","35","5"
"20","40","37","6","35","5"
"20","40","38","6","38","6"
"20","40","39","6","38","6"
"20","40","40","6","41","6"
"21","5","10","50","168","3"
"21","5","11","48","169","3"
"21","5","12","40","132","3"
"21","5","13","38","133","3"
"21","5","14","36","175","4"
"21","5","15","30","133","4"
"21","5","16","28","124","4"
"21","5","17","28","125","4"
"21","5","18","28","126","4"
"21","5","19","26","138","5"
"21","5","20","26","129","4"
"21","5","21","26","132","5"
"21","5","22","22","114","5"
"21","5","23","22","155","7"
"21","5","24","22","155","7"
"21","5","25","22","157","7"
"21","5","26","20","137","6"
"21","5","27","20","127","6"
"21","5","28","18","127","7"
"21","5","29","18","145","8"
"21","5","30","16","145","9"
"21","5","31","14","134","9"
"21","5","32","14","129","9"
"21","5","33","14","144","10"
"21","5","34","16","125","7"
"21","5","35","16","130","8"
"21","5","36","16","122","7"
"21","5","37","16","122","7"
"21","5","38","16","111","6"
"21","5","39","16","113","7"
"21","5","40","16","105","6"
"21","10","10","50","165","3"
"21","10","11","50","176","3"
"21","10","12","42","138","3"
"21","10","13","38","133","3"
"21","10","14","36","167","4"
"21","10","15","30","125","4"
"21","10","16","28","119","4"
"21","10","17","28","125","4"
"21","10","18","28","136","4"
"21","10","19","26","143","5"
"21","10","20","26","138","5"
"21","10","21","26","138","5"
"21","10","22","22","140","6"
"21","10","23","22","147","6"
"21","10","24","22","147","6"
"21","10","25","20","121","6"
"21","10","26","20","140","7"
"21","10","27","14","127","9"
"21","10","28","14","127","9"
"21","10","29","16","111","6"
"21","10","30","16","104","6"
"21","10","31","16","107","6"
"21","10","32","16","120","7"
"21","10","33","16","117","7"
"21","10","34","16","117","7"
"21","10","35","16","126","7"
"21","10","36","16","132","8"
"21","10","37","16","130","8"
"21","10","38","16","115","7"
"21","10","39","16","115","7"
"21","10","40","16","107","6"
"21","15","10","46","118","2"
"21","15","11","42","132","3"
"21","15","12","34","147","4"
"21","15","13","32","150","4"
"21","15","14","30","138","4"
"21","15","15","28","120","4"
"21","15","16","26","121","4"
"21","15","17","26","128","4"
"21","15","18","26","117","4"
"21","15","19","24","120","5"
"21","15","20","24","110","4"
"21","15","21","22","91","4"
"21","15","22","20","97","4"
"21","15","23","20","103","5"
"21","15","24","20","105","5"
"21","15","25","18","99","5"
"21","15","26","18","102","5"
"21","15","27","18","106","5"
"21","15","28","16","106","6"
"21","15","29","16","109","6"
"21","15","30","16","103","6"
"21","15","31","16","103","6"
"21","15","32","16","105","6"
"21","15","33","16","122","7"
"21","15","34","16","124","7"
"21","15","35","16","130","8"
"21","15","36","16","121","7"
"21","15","37","16","125","7"
"21","15","38","16","115","7"
"21","15","39","16","113","7"
"21","15","40","16","106","6"
"21","20","10","40","106","2"
"21","20","11","38","91","2"
"21","20","12","28","89","3"
"21","20","13","28","87","3"
"21","20","14","26","64","2"
"21","20","15","24","37","1"
"21","20","16","20","57","2"
"21","20","17","20","57","2"
"21","20","18","20","56","2"
"21","20","19","20","74","3"
"21","20","20","20","67","3"
"21","20","21","20","67","3"
"21","20","22","16","70","4"
"21","20","23","16","76","4"
"21","20","24","16","73","4"
"21","20","25","16","76","4"
"21","20","26","16","76","4"
"21","20","27","16","70","4"
"21","20","28","16","77","4"
"21","20","29","14","63","4"
"21","20","30","14","77","5"
"21","20","31","14","77","5"
"21","20","32","10","75","7"
"21","20","33","10","89","8"
"21","20","34","10","89","8"
"21","20","35","10","89","8"
"21","20","36","10","92","9"
"21","20","37","10","92","9"
"21","20","38","10","89","8"
"21","20","39","10","95","9"
"21","20","40","8","114","14"
"21","25","10","32","49","1"
"21","25","11","26","61","2"
"21","25","12","20","64","3"
"21","25","13","20","79","3"
"21","25","14","18","94","5"
"21","25","15","16","74","4"
"21","25","16","16","85","5"
"21","25","17","16","85","5"
"21","25","18","16","98","6"
"21","25","19","16","108","6"
"21","25","20","16","111","6"
"21","25","21","16","111","6"
"21","25","22","14","45","3"
"21","25","23","12","66","5"
"21","25","24","12","60","5"
"21","25","25","12","60","5"
"21","25","26","12","60","5"
"21","25","27","12","58","4"
"21","25","28","12","61","5"
"21","25","29","12","38","3"
"21","25","30","12","50","4"
"21","25","31","12","49","4"
"21","25","32","10","61","6"
"21","25","33","8","92","11"
"21","25","34","8","92","11"
"21","25","35","8","94","11"
"21","25","36","6","125","20"
"21","25","37","6","125","20"
"21","25","38","6","129","21"
"21","25","39","6","129","21"
"21","25","40","8","109","13"
"21","30","10","24","62","2"
"21","30","11","24","59","2"
"21","30","12","20","75","3"
"21","30","13","18","59","3"
"21","30","14","16","67","4"
"21","30","15","16","67","4"
"21","30","16","16","75","4"
"21","30","17","16","50","3"
"21","30","18","16","62","3"
"21","30","19","16","59","3"
"21","30","20","14","35","2"
"21","30","21","14","35","2"
"21","30","22","14","39","2"
"21","30","23","12","60","5"
"21","30","24","12","60","5"
"21","30","25","12","60","5"
"21","30","26","12","60","5"
"21","30","27","12","61","5"
"21","30","28","12","40","3"
"21","30","29","12","38","3"
"21","30","30","12","45","3"
"21","30","31","12","45","3"
"21","30","32","10","56","5"
"21","30","33","10","59","5"
"21","30","34","10","60","6"
"21","30","35","8","60","7"
"21","30","36","8","59","7"
"21","30","37","8","59","7"
"21","30","38","8","58","7"
"21","30","39","6","112","18"
"21","30","40","6","112","18"
"21","35","10","16","24","1"
"21","35","11","16","34","2"
"21","35","12","14","55","3"
"21","35","13","14","59","4"
"21","35","14","10","46","4"
"21","35","15","10","46","4"
"21","35","16","10","46","4"
"21","35","17","10","52","5"
"21","35","18","10","54","5"
"21","35","19","10","54","5"
"21","35","20","10","57","5"
"21","35","21","10","62","6"
"21","35","22","10","71","7"
"21","35","23","10","72","7"
"21","35","24","8","57","7"
"21","35","25","8","43","5"
"21","35","26","8","43","5"
"21","35","27","8","43","5"
"21","35","28","8","36","4"
"21","35","29","8","36","4"
"21","35","30","8","57","7"
"21","35","31","6","32","5"
"21","35","32","6","36","6"
"21","35","33","6","36","6"
"21","35","34","6","36","6"
"21","35","35","6","36","6"
"21","35","36","6","119","19"
"21","35","37","6","105","17"
"21","35","38","6","105","17"
"21","35","39","6","105","17"
"21","35","40","6","105","17"
"21","40","10","12","26","2"
"21","40","11","12","26","2"
"21","40","12","8","35","4"
"21","40","13","8","35","4"
"21","40","14","8","43","5"
"21","40","15","8","37","4"
"21","40","16","8","37","4"
"21","40","17","8","37","4"
"21","40","18","8","39","4"
"21","40","19","8","39","4"
"21","40","20","8","45","5"
"21","40","21","8","54","6"
"21","40","22","8","54","6"
"21","40","23","8","54","6"
"21","40","24","8","36","4"
"21","40","25","8","28","3"
"21","40","26","8","28","3"
"21","40","27","8","28","3"
"21","40","28","8","28","3"
"21","40","29","8","48","6"
"21","40","30","6","24","4"
"21","40","31","6","29","4"
"21","40","32","6","29","4"
"21","40","33","6","29","4"
"21","40","34","6","29","4"
"21","40","35","6","29","4"
"21","40","36","6","35","5"
"21","40","37","6","35","5"
"21","40","38","6","38","6"
"21","40","39","6","38","6"
"21","40","40","6","40","6"
"22","5","10","52","167","3"
"22","5","11","46","158","3"
"22","5","12","40","134","3"
"22","5","13","38","136","3"
"22","5","14","36","177","4"
"22","5","15","30","133","4"
"22","5","16","28","124","4"
"22","5","17","28","125","4"
"22","5","18","28","126","4"
"22","5","19","26","138","5"
"22","5","20","26","129","4"
"22","5","21","26","132","5"
"22","5","22","22","114","5"
"22","5","23","22","155","7"
"22","5","24","22","155","7"
"22","5","25","22","157","7"
"22","5","26","20","137","6"
"22","5","27","20","127","6"
"22","5","28","18","127","7"
"22","5","29","18","145","8"
"22","5","30","16","145","9"
"22","5","31","14","134","9"
"22","5","32","14","129","9"
"22","5","33","14","144","10"
"22","5","34","16","125","7"
"22","5","35","16","130","8"
"22","5","36","16","122","7"
"22","5","37","16","122","7"
"22","5","38","16","111","6"
"22","5","39","16","113","7"
"22","5","40","16","105","6"
"22","10","10","50","141","2"
"22","10","11","48","165","3"
"22","10","12","42","139","3"
"22","10","13","38","135","3"
"22","10","14","36","168","4"
"22","10","15","30","124","4"
"22","10","16","28","119","4"
"22","10","17","28","124","4"
"22","10","18","28","135","4"
"22","10","19","26","142","5"
"22","10","20","26","137","5"
"22","10","21","26","137","5"
"22","10","22","22","138","6"
"22","10","23","22","146","6"
"22","10","24","22","146","6"
"22","10","25","20","125","6"
"22","10","26","20","139","6"
"22","10","27","14","127","9"
"22","10","28","14","127","9"
"22","10","29","16","110","6"
"22","10","30","16","102","6"
"22","10","31","16","106","6"
"22","10","32","16","121","7"
"22","10","33","16","116","7"
"22","10","34","16","121","7"
"22","10","35","16","125","7"
"22","10","36","16","131","8"
"22","10","37","16","129","8"
"22","10","38","16","114","7"
"22","10","39","16","114","7"
"22","10","40","16","131","8"
"22","15","10","44","139","3"
"22","15","11","40","154","3"
"22","15","12","30","136","4"
"22","15","13","30","136","4"
"22","15","14","28","161","5"
"22","15","15","26","146","5"
"22","15","16","24","144","6"
"22","15","17","24","141","5"
"22","15","18","24","142","5"
"22","15","19","22","102","4"
"22","15","20","22","91","4"
"22","15","21","22","91","4"
"22","15","22","18","94","5"
"22","15","23","18","93","5"
"22","15","24","18","95","5"
"22","15","25","18","100","5"
"22","15","26","18","100","5"
"22","15","27","18","98","5"
"22","15","28","16","101","6"
"22","15","29","16","110","6"
"22","15","30","16","108","6"
"22","15","31","16","108","6"
"22","15","32","16","114","7"
"22","15","33","16","114","7"
"22","15","34","16","123","7"
"22","15","35","16","123","7"
"22","15","36","16","107","6"
"22","15","37","16","115","7"
"22","15","38","16","104","6"
"22","15","39","10","105","10"
"22","15","40","10","105","10"
"22","20","10","40","108","2"
"22","20","11","38","107","2"
"22","20","12","28","97","3"
"22","20","13","26","76","2"
"22","20","14","24","84","3"
"22","20","15","24","77","3"
"22","20","16","20","96","4"
"22","20","17","22","118","5"
"22","20","18","20","121","6"
"22","20","19","20","76","3"
"22","20","20","20","62","3"
"22","20","21","20","62","3"
"22","20","22","16","68","4"
"22","20","23","16","74","4"
"22","20","24","16","71","4"
"22","20","25","16","74","4"
"22","20","26","16","74","4"
"22","20","27","16","68","4"
"22","20","28","14","72","5"
"22","20","29","14","70","5"
"22","20","30","14","75","5"
"22","20","31","14","75","5"
"22","20","32","10","73","7"
"22","20","33","10","87","8"
"22","20","34","10","87","8"
"22","20","35","10","87","8"
"22","20","36","10","90","9"
"22","20","37","10","96","9"
"22","20","38","10","93","9"
"22","20","39","10","93","9"
"22","20","40","8","114","14"
"22","25","10","32","85","2"
"22","25","11","32","84","2"
"22","25","12","24","87","3"
"22","25","13","22","67","3"
"22","25","14","20","75","3"
"22","25","15","20","75","3"
"22","25","16","16","79","4"
"22","25","17","18","114","6"
"22","25","18","16","102","6"
"22","25","19","16","99","6"
"22","25","20","14","83","5"
"22","25","21","14","85","6"
"22","25","22","14","90","6"
"22","25","23","14","96","6"
"22","25","24","14","100","7"
"22","25","25","14","100","7"
"22","25","26","14","100","7"
"22","25","27","14","97","6"
"22","25","28","10","75","7"
"22","25","29","10","75","7"
"22","25","30","10","75","7"
"22","25","31","10","69","6"
"22","25","32","10","71","7"
"22","25","33","10","71","7"
"22","25","34","10","83","8"
"22","25","35","10","83","8"
"22","25","36","10","87","8"
"22","25","37","10","93","9"
"22","25","38","10","93","9"
"22","25","39","8","110","13"
"22","25","40","8","110","13"
"22","30","10","20","35","1"
"22","30","11","24","47","1"
"22","30","12","20","76","3"
"22","30","13","18","69","3"
"22","30","14","16","77","4"
"22","30","15","16","77","4"
"22","30","16","16","77","4"
"22","30","17","16","47","2"
"22","30","18","16","49","3"
"22","30","19","16","46","2"
"22","30","20","14","22","1"
"22","30","21","14","25","1"
"22","30","22","14","29","2"
"22","30","23","14","35","2"
"22","30","24","14","28","2"
"22","30","25","12","43","3"
"22","30","26","12","43","3"
"22","30","27","12","41","3"
"22","30","28","12","41","3"
"22","30","29","12","36","3"
"22","30","30","12","36","3"
"22","30","31","12","18","1"
"22","30","32","10","53","5"
"22","30","33","10","56","5"
"22","30","34","10","57","5"
"22","30","35","8","57","7"
"22","30","36","8","61","7"
"22","30","37","8","61","7"
"22","30","38","8","60","7"
"22","30","39","6","112","18"
"22","30","40","6","112","18"
"22","35","10","18","14","0"
"22","35","11","20","13","0"
"22","35","12","18","29","1"
"22","35","13","18","33","1"
"22","35","14","14","17","1"
"22","35","15","14","17","1"
"22","35","16","14","15","1"
"22","35","17","14","20","1"
"22","35","18","14","16","1"
"22","35","19","14","16","1"
"22","35","20","14","19","1"
"22","35","21","14","22","1"
"22","35","22","12","47","3"
"22","35","23","12","50","4"
"22","35","24","10","27","2"
"22","35","25","10","12","1"
"22","35","26","10","12","1"
"22","35","27","10","12","1"
"22","35","28","10","5","0"
"22","35","29","10","5","0"
"22","35","30","10","5","0"
"22","35","31","10","-13","-2"
"22","35","32","10","-10","-1"
"22","35","33","10","-15","-2"
"22","35","34","10","-15","-2"
"22","35","35","10","-15","-2"
"22","35","36","8","82","10"
"22","35","37","8","68","8"
"22","35","38","8","67","8"
"22","35","39","8","66","8"
"22","35","40","8","64","8"
"22","40","10","12","30","2"
"22","40","11","12","30","2"
"22","40","12","10","50","5"
"22","40","13","10","54","5"
"22","40","14","10","54","5"
"22","40","15","10","49","4"
"22","40","16","10","49","4"
"22","40","17","10","57","5"
"22","40","18","10","59","5"
"22","40","19","10","61","6"
"22","40","20","8","52","6"
"22","40","21","8","57","7"
"22","40","22","8","57","7"
"22","40","23","8","57","7"
"22","40","24","8","39","4"
"22","40","25","8","25","3"
"22","40","26","8","25","3"
"22","40","27","8","25","3"
"22","40","28","8","29","3"
"22","40","29","8","50","6"
"22","40","30","6","25","4"
"22","40","31","6","25","4"
"22","40","32","6","31","5"
"22","40","33","6","31","5"
"22","40","34","6","31","5"
"22","40","35","6","31","5"
"22","40","36","6","33","5"
"22","40","37","6","33","5"
"22","40","38","6","40","6"
"22","40","39","6","40","6"
"22","40","40","6","40","6"
"23","5","10","52","175","3"
"23","5","11","50","156","3"
"23","5","12","42","155","3"
"23","5","13","38","146","3"
"23","5","14","38","159","4"
"23","5","15","32","114","3"
"23","5","16","30","105","3"
"23","5","17","30","106","3"
"23","5","18","28","134","4"
"23","5","19","28","115","4"
"23","5","20","28","106","3"
"23","5","21","26","126","4"
"23","5","22","20","121","6"
"23","5","23","22","143","6"
"23","5","24","22","143","6"
"23","5","25","20","145","7"
"23","5","26","18","117","6"
"23","5","27","18","115","6"
"23","5","28","18","118","6"
"23","5","29","14","139","9"
"23","5","30","16","144","9"
"23","5","31","14","133","9"
"23","5","32","14","128","9"
"23","5","33","16","97","6"
"23","5","34","16","99","6"
"23","5","35","14","98","7"
"23","5","36","16","111","6"
"23","5","37","14","111","7"
"23","5","38","14","111","7"
"23","5","39","14","113","8"
"23","5","40","14","115","8"
"23","10","10","50","158","3"
"23","10","11","48","163","3"
"23","10","12","40","165","4"
"23","10","13","36","161","4"
"23","10","14","36","166","4"
"23","10","15","30","122","4"
"23","10","16","28","115","4"
"23","10","17","28","122","4"
"23","10","18","26","161","6"
"23","10","19","26","145","5"
"23","10","20","26","135","5"
"23","10","21","26","135","5"
"23","10","22","22","137","6"
"23","10","23","22","144","6"
"23","10","24","20","124","6"
"23","10","25","20","123","6"
"23","10","26","20","137","6"
"23","10","27","14","126","9"
"23","10","28","14","126","9"
"23","10","29","16","110","6"
"23","10","30","16","104","6"
"23","10","31","16","104","6"
"23","10","32","16","119","7"
"23","10","33","16","119","7"
"23","10","34","16","127","7"
"23","10","35","16","127","7"
"23","10","36","16","129","8"
"23","10","37","16","128","8"
"23","10","38","16","112","7"
"23","10","39","16","118","7"
"23","10","40","16","120","7"
"23","15","10","46","148","3"
"23","15","11","40","153","3"
"23","15","12","30","135","4"
"23","15","13","30","135","4"
"23","15","14","28","160","5"
"23","15","15","26","145","5"
"23","15","16","24","143","5"
"23","15","17","24","141","5"
"23","15","18","24","141","5"
"23","15","19","22","101","4"
"23","15","20","22","91","4"
"23","15","21","22","91","4"
"23","15","22","18","93","5"
"23","15","23","18","92","5"
"23","15","24","18","100","5"
"23","15","25","18","100","5"
"23","15","26","18","100","5"
"23","15","27","18","97","5"
"23","15","28","16","101","6"
"23","15","29","16","110","6"
"23","15","30","16","107","6"
"23","15","31","16","107","6"
"23","15","32","16","113","7"
"23","15","33","16","113","7"
"23","15","34","16","119","7"
"23","15","35","16","119","7"
"23","15","36","16","110","6"
"23","15","37","16","114","7"
"23","15","38","16","103","6"
"23","15","39","10","105","10"
"23","15","40","10","105","10"
"23","20","10","32","93","2"
"23","20","11","38","126","3"
"23","20","12","28","100","3"
"23","20","13","28","97","3"
"23","20","14","26","59","2"
"23","20","15","26","61","2"
"23","20","16","24","82","3"
"23","20","17","24","82","3"
"23","20","18","22","91","4"
"23","20","19","22","85","3"
"23","20","20","18","84","4"
"23","20","21","18","84","4"
"23","20","22","18","99","5"
"23","20","23","18","89","4"
"23","20","24","18","89","4"
"23","20","25","16","92","5"
"23","20","26","16","93","5"
"23","20","27","16","87","5"
"23","20","28","16","99","6"
"23","20","29","16","96","6"
"23","20","30","18","108","6"
"23","20","31","16","108","6"
"23","20","32","12","106","8"
"23","20","33","12","120","10"
"23","20","34","12","97","8"
"23","20","35","12","101","8"
"23","20","36","12","117","9"
"23","20","37","12","117","9"
"23","20","38","12","114","9"
"23","20","39","12","108","9"
"23","20","40","8","114","14"
"23","25","10","28","81","2"
"23","25","11","32","90","2"
"23","25","12","24","92","3"
"23","25","13","24","92","3"
"23","25","14","22","63","2"
"23","25","15","22","63","2"
"23","25","16","20","85","4"
"23","25","17","20","85","4"
"23","25","18","18","86","4"
"23","25","19","18","83","4"
"23","25","20","14","77","5"
"23","25","21","14","80","5"
"23","25","22","14","95","6"
"23","25","23","14","87","6"
"23","25","24","14","91","6"
"23","25","25","12","91","7"
"23","25","26","12","91","7"
"23","25","27","12","88","7"
"23","25","28","10","69","6"
"23","25","29","10","69","6"
"23","25","30","10","69","6"
"23","25","31","10","69","6"
"23","25","32","10","72","7"
"23","25","33","10","72","7"
"23","25","34","10","83","8"
"23","25","35","10","83","8"
"23","25","36","10","87","8"
"23","25","37","10","78","7"
"23","25","38","10","78","7"
"23","25","39","8","110","13"
"23","25","40","8","110","13"
"23","30","10","24","56","2"
"23","30","11","26","88","3"
"23","30","12","22","92","4"
"23","30","13","20","90","4"
"23","30","14","18","98","5"
"23","30","15","18","98","5"
"23","30","16","18","100","5"
"23","30","17","16","100","6"
"23","30","18","16","99","6"
"23","30","19","16","96","6"
"23","30","20","14","70","5"
"23","30","21","14","73","5"
"23","30","22","14","39","2"
"23","30","23","14","38","2"
"23","30","24","14","33","2"
"23","30","25","12","33","2"
"23","30","26","12","33","2"
"23","30","27","12","33","2"
"23","30","28","12","33","2"
"23","30","29","12","32","2"
"23","30","30","12","38","3"
"23","30","31","10","70","7"
"23","30","32","10","73","7"
"23","30","33","8","113","14"
"23","30","34","8","113","14"
"23","30","35","8","113","14"
"23","30","36","8","112","14"
"23","30","37","8","112","14"
"23","30","38","8","114","14"
"23","30","39","6","103","17"
"23","30","40","6","103","17"
"23","35","10","24","43","1"
"23","35","11","24","48","2"
"23","35","12","18","32","1"
"23","35","13","18","34","1"
"23","35","14","16","42","2"
"23","35","15","16","40","2"
"23","35","16","14","18","1"
"23","35","17","14","21","1"
"23","35","18","14","23","1"
"23","35","19","14","17","1"
"23","35","20","14","20","1"
"23","35","21","14","26","1"
"23","35","22","14","34","2"
"23","35","23","14","36","2"
"23","35","24","12","21","1"
"23","35","25","10","13","1"
"23","35","26","10","6","0"
"23","35","27","10","6","0"
"23","35","28","10","6","0"
"23","35","29","10","6","0"
"23","35","30","12","12","1"
"23","35","31","10","-12","-2"
"23","35","32","10","-10","-1"
"23","35","33","10","56","5"
"23","35","34","10","51","5"
"23","35","35","10","63","6"
"23","35","36","10","69","6"
"23","35","37","8","69","8"
"23","35","38","8","69","8"
"23","35","39","8","68","8"
"23","35","40","8","67","8"
"23","40","10","16","32","2"
"23","40","11","16","29","1"
"23","40","12","12","35","2"
"23","40","13","12","41","3"
"23","40","14","10","12","1"
"23","40","15","8","38","4"
"23","40","16","8","38","4"
"23","40","17","8","38","4"
"23","40","18","8","40","5"
"23","40","19","8","40","5"
"23","40","20","8","43","5"
"23","40","21","8","47","5"
"23","40","22","8","55","6"
"23","40","23","8","55","6"
"23","40","24","8","37","4"
"23","40","25","8","28","3"
"23","40","26","8","28","3"
"23","40","27","8","28","3"
"23","40","28","8","28","3"
"23","40","29","8","28","3"
"23","40","30","8","49","6"
"23","40","31","6","29","4"
"23","40","32","6","29","4"
"23","40","33","6","29","4"
"23","40","34","6","29","4"
"23","40","35","6","29","4"
"23","40","36","6","35","5"
"23","40","37","6","35","5"
"23","40","38","6","38","6"
"23","40","39","6","38","6"
"23","40","40","6","41","6"
"24","5","10","52","172","3"
"24","5","11","50","149","2"
"24","5","12","40","142","3"
"24","5","13","38","143","3"
"24","5","14","38","156","4"
"24","5","15","32","114","3"
"24","5","16","30","102","3"
"24","5","17","30","103","3"
"24","5","18","28","131","4"
"24","5","19","28","114","4"
"24","5","20","28","103","3"
"24","5","21","28","115","4"
"24","5","22","20","119","5"
"24","5","23","22","141","6"
"24","5","24","22","141","6"
"24","5","25","22","152","6"
"24","5","26","18","119","6"
"24","5","27","18","113","6"
"24","5","28","14","133","9"
"24","5","29","14","138","9"
"24","5","30","16","143","8"
"24","5","31","14","132","9"
"24","5","32","16","95","5"
"24","5","33","16","95","5"
"24","5","34","16","97","6"
"24","5","35","14","96","6"
"24","5","36","16","110","6"
"24","5","37","14","110","7"
"24","5","38","14","109","7"
"24","5","39","14","121","8"
"24","5","40","14","114","8"
"24","10","10","52","190","3"
"24","10","11","50","168","3"
"24","10","12","40","159","3"
"24","10","13","36","154","4"
"24","10","14","36","161","4"
"24","10","15","30","119","3"
"24","10","16","28","122","4"
"24","10","17","28","130","4"
"24","10","18","26","157","6"
"24","10","19","26","141","5"
"24","10","20","26","131","5"
"24","10","21","24","112","4"
"24","10","22","22","117","5"
"24","10","23","22","132","6"
"24","10","24","20","112","5"
"24","10","25","18","106","5"
"24","10","26","18","103","5"
"24","10","27","18","107","5"
"24","10","28","16","104","6"
"24","10","29","16","106","6"
"24","10","30","16","100","6"
"24","10","31","16","100","6"
"24","10","32","16","111","6"
"24","10","33","16","125","7"
"24","10","34","16","133","8"
"24","10","35","16","133","8"
"24","10","36","16","125","7"
"24","10","37","16","123","7"
"24","10","38","16","108","6"
"24","10","39","16","114","7"
"24","10","40","16","116","7"
"24","15","10","48","157","3"
"24","15","11","40","157","3"
"24","15","12","34","143","4"
"24","15","13","32","146","4"
"24","15","14","30","172","5"
"24","15","15","28","157","5"
"24","15","16","26","158","6"
"24","15","17","26","162","6"
"24","15","18","26","182","7"
"24","15","19","24","118","4"
"24","15","20","24","108","4"
"24","15","21","22","89","4"
"24","15","22","20","95","4"
"24","15","23","20","101","5"
"24","15","24","20","103","5"
"24","15","25","18","97","5"
"24","15","26","16","88","5"
"24","15","27","16","91","5"
"24","15","28","16","100","6"
"24","15","29","16","106","6"
"24","15","30","18","99","5"
"24","15","31","16","98","6"
"24","15","32","16","108","6"
"24","15","33","16","122","7"
"24","15","34","16","100","6"
"24","15","35","16","103","6"
"24","15","36","16","117","7"
"24","15","37","16","117","7"
"24","15","38","16","117","7"
"24","15","39","16","111","6"
"24","15","40","14","100","7"
"24","20","10","42","119","2"
"24","20","11","40","104","2"
"24","20","12","30","103","3"
"24","20","13","30","101","3"
"24","20","14","28","79","2"
"24","20","15","26","62","2"
"24","20","16","22","75","3"
"24","20","17","22","75","3"
"24","20","18","22","97","4"
"24","20","19","22","92","4"
"24","20","20","22","87","3"
"24","20","21","22","84","3"
"24","20","22","18","98","5"
"24","20","23","18","91","5"
"24","20","24","18","90","5"
"24","20","25","16","90","5"
"24","20","26","16","91","5"
"24","20","27","16","89","5"
"24","20","28","16","95","5"
"24","20","29","16","98","6"
"24","20","30","18","110","6"
"24","20","31","16","109","6"
"24","20","32","12","106","8"
"24","20","33","12","120","10"
"24","20","34","12","97","8"
"24","20","35","12","101","8"
"24","20","36","12","117","9"
"24","20","37","12","117","9"
"24","20","38","12","114","9"
"24","20","39","12","108","9"
"24","20","40","8","114","14"
"24","25","10","38","72","1"
"24","25","11","36","62","1"
"24","25","12","26","57","2"
"24","25","13","26","57","2"
"24","25","14","24","72","3"
"24","25","15","22","52","2"
"24","25","16","18","71","3"
"24","25","17","18","71","3"
"24","25","18","18","71","3"
"24","25","19","18","91","5"
"24","25","20","18","81","4"
"24","25","21","18","83","4"
"24","25","22","14","91","6"
"24","25","23","14","98","7"
"24","25","24","14","102","7"
"24","25","25","14","102","7"
"24","25","26","14","102","7"
"24","25","27","14","99","7"
"24","25","28","12","80","6"
"24","25","29","10","69","6"
"24","25","30","10","77","7"
"24","25","31","10","71","7"
"24","25","32","10","73","7"
"24","25","33","10","73","7"
"24","25","34","10","85","8"
"24","25","35","10","85","8"
"24","25","36","10","89","8"
"24","25","37","10","89","8"
"24","25","38","10","89","8"
"24","25","39","8","109","13"
"24","25","40","8","109","13"
"24","30","10","32","39","1"
"24","30","11","30","68","2"
"24","30","12","24","68","2"
"24","30","13","22","67","3"
"24","30","14","20","75","3"
"24","30","15","20","75","3"
"24","30","16","20","78","3"
"24","30","17","16","82","5"
"24","30","18","14","73","5"
"24","30","19","14","77","5"
"24","30","20","14","66","4"
"24","30","21","14","72","5"
"24","30","22","14","35","2"
"24","30","23","14","38","2"
"24","30","24","14","27","1"
"24","30","25","12","41","3"
"24","30","26","12","41","3"
"24","30","27","12","41","3"
"24","30","28","12","41","3"
"24","30","29","12","40","3"
"24","30","30","14","46","3"
"24","30","31","12","43","3"
"24","30","32","10","81","8"
"24","30","33","10","81","8"
"24","30","34","10","81","8"
"24","30","35","10","81","8"
"24","30","36","10","72","7"
"24","30","37","10","72","7"
"24","30","38","8","114","14"
"24","30","39","6","103","17"
"24","30","40","6","103","17"
"24","35","10","24","64","2"
"24","35","11","24","70","2"
"24","35","12","20","76","3"
"24","35","13","18","73","4"
"24","35","14","16","81","5"
"24","35","15","16","79","4"
"24","35","16","16","79","4"
"24","35","17","14","33","2"
"24","35","18","14","32","2"
"24","35","19","14","32","2"
"24","35","20","12","38","3"
"24","35","21","12","49","4"
"24","35","22","12","49","4"
"24","35","23","12","44","3"
"24","35","24","12","44","3"
"24","35","25","12","30","2"
"24","35","26","12","30","2"
"24","35","27","12","30","2"
"24","35","28","12","30","2"
"24","35","29","12","51","4"
"24","35","30","12","33","2"
"24","35","31","10","69","6"
"24","35","32","10","68","6"
"24","35","33","10","69","6"
"24","35","34","10","58","5"
"24","35","35","10","58","5"
"24","35","36","8","85","10"
"24","35","37","8","70","8"
"24","35","38","8","69","8"
"24","35","39","8","67","8"
"24","35","40","8","67","8"
"24","40","10","18","14","0"
"24","40","11","18","14","0"
"24","40","12","14","17","1"
"24","40","13","14","21","1"
"24","40","14","14","21","1"
"24","40","15","12","30","2"
"24","40","16","14","24","1"
"24","40","17","14","33","2"
"24","40","18","10","69","6"
"24","40","19","10","71","7"
"24","40","20","8","56","7"
"24","40","21","8","53","6"
"24","40","22","8","53","6"
"24","40","23","8","53","6"
"24","40","24","8","35","4"
"24","40","25","8","41","5"
"24","40","26","8","2","0"
"24","40","27","8","2","0"
"24","40","28","8","6","0"
"24","40","29","8","6","0"
"24","40","30","8","6","0"
"24","40","31","8","8","1"
"24","40","32","8","14","1"
"24","40","33","8","17","2"
"24","40","34","8","17","2"
"24","40","35","8","17","2"
"24","40","36","6","45","7"
"24","40","37","6","45","7"
"24","40","38","6","50","8"
"24","40","39","6","50","8"
"24","40","40","6","50","8"
"25","5","10","52","150","2"
"25","5","11","50","172","3"
"25","5","12","44","145","3"
"25","5","13","38","129","3"
"25","5","14","36","163","4"
"25","5","15","30","120","4"
"25","5","16","28","115","4"
"25","5","17","28","121","4"
"25","5","18","28","149","5"
"25","5","19","26","133","5"
"25","5","20","26","128","4"
"25","5","21","26","139","5"
"25","5","22","22","141","6"
"25","5","23","22","148","6"
"25","5","24","22","148","6"
"25","5","25","20","126","6"
"25","5","26","18","119","6"
"25","5","27","18","110","6"
"25","5","28","14","130","9"
"25","5","29","14","135","9"
"25","5","30","16","141","8"
"25","5","31","14","132","9"
"25","5","32","16","123","7"
"25","5","33","16","118","7"
"25","5","34","16","95","5"
"25","5","35","16","102","6"
"25","5","36","16","120","7"
"25","5","37","16","119","7"
"25","5","38","16","114","7"
"25","5","39","16","117","7"
"25","5","40","14","106","7"
"25","10","10","52","184","3"
"25","10","11","50","163","3"
"25","10","12","40","156","3"
"25","10","13","36","151","4"
"25","10","14","36","158","4"
"25","10","15","30","113","3"
"25","10","16","28","117","4"
"25","10","17","28","124","4"
"25","10","18","26","180","6"
"25","10","19","26","141","5"
"25","10","20","26","131","5"
"25","10","21","24","112","4"
"25","10","22","22","117","5"
"25","10","23","22","131","5"
"25","10","24","20","106","5"
"25","10","25","18","100","5"
"25","10","26","16","91","5"
"25","10","27","16","94","5"
"25","10","28","16","100","6"
"25","10","29","16","102","6"
"25","10","30","18","102","5"
"25","10","31","16","101","6"
"25","10","32","16","110","6"
"25","10","33","16","125","7"
"25","10","34","16","105","6"
"25","10","35","16","108","6"
"25","10","36","16","122","7"
"25","10","37","16","121","7"
"25","10","38","16","115","7"
"25","10","39","16","116","7"
"25","10","40","14","103","7"
"25","15","10","48","161","3"
"25","15","11","42","133","3"
"25","15","12","30","130","4"
"25","15","13","30","130","4"
"25","15","14","30","140","4"
"25","15","15","28","102","3"
"25","15","16","26","101","3"
"25","15","17","26","98","3"
"25","15","18","24","164","6"
"25","15","19","22","101","4"
"25","15","20","22","90","4"
"25","15","21","22","90","4"
"25","15","22","18","93","5"
"25","15","23","18","92","5"
"25","15","24","18","94","5"
"25","15","25","18","94","5"
"25","15","26","16","87","5"
"25","15","27","16","85","5"
"25","15","28","16","96","6"
"25","15","29","16","105","6"
"25","15","30","18","110","6"
"25","15","31","16","109","6"
"25","15","32","16","113","7"
"25","15","33","16","113","7"
"25","15","34","16","90","5"
"25","15","35","16","94","5"
"25","15","36","16","108","6"
"25","15","37","16","108","6"
"25","15","38","16","108","6"
"25","15","39","10","102","10"
"25","15","40","10","102","10"
"25","20","10","44","157","3"
"25","20","11","40","132","3"
"25","20","12","30","134","4"
"25","20","13","30","133","4"
"25","20","14","28","152","5"
"25","20","15","26","135","5"
"25","20","16","22","116","5"
"25","20","17","22","116","5"
"25","20","18","22","145","6"
"25","20","19","22","97","4"
"25","20","20","22","90","4"
"25","20","21","22","90","4"
"25","20","22","18","93","5"
"25","20","23","18","93","5"
"25","20","24","18","93","5"
"25","20","25","14","118","8"
"25","20","26","14","118","8"
"25","20","27","14","121","8"
"25","20","28","14","127","9"
"25","20","29","14","131","9"
"25","20","30","16","143","8"
"25","20","31","14","142","10"
"25","20","32","12","105","8"
"25","20","33","12","119","9"
"25","20","34","12","100","8"
"25","20","35","12","100","8"
"25","20","36","12","117","9"
"25","20","37","12","117","9"
"25","20","38","12","114","9"
"25","20","39","10","103","10"
"25","20","40","8","114","14"
"25","25","10","38","70","1"
"25","25","11","36","60","1"
"25","25","12","26","62","2"
"25","25","13","24","43","1"
"25","25","14","22","50","2"
"25","25","15","22","50","2"
"25","25","16","18","70","3"
"25","25","17","20","91","4"
"25","25","18","18","92","5"
"25","25","19","18","89","4"
"25","25","20","18","79","4"
"25","25","21","18","81","4"
"25","25","22","14","90","6"
"25","25","23","14","96","6"
"25","25","24","14","100","7"
"25","25","25","14","100","7"
"25","25","26","14","100","7"
"25","25","27","14","97","6"
"25","25","28","10","75","7"
"25","25","29","10","75","7"
"25","25","30","10","75","7"
"25","25","31","10","69","6"
"25","25","32","10","71","7"
"25","25","33","10","71","7"
"25","25","34","10","83","8"
"25","25","35","10","83","8"
"25","25","36","10","87","8"
"25","25","37","10","93","9"
"25","25","38","10","93","9"
"25","25","39","8","110","13"
"25","25","40","8","110","13"
"25","30","10","32","77","2"
"25","30","11","28","92","3"
"25","30","12","22","93","4"
"25","30","13","20","96","4"
"25","30","14","18","104","5"
"25","30","15","18","104","5"
"25","30","16","18","107","5"
"25","30","17","18","114","6"
"25","30","18","16","105","6"
"25","30","19","16","105","6"
"25","30","20","16","98","6"
"25","30","21","16","109","6"
"25","30","22","16","46","2"
"25","30","23","14","37","2"
"25","30","24","14","26","1"
"25","30","25","12","40","3"
"25","30","26","12","40","3"
"25","30","27","12","40","3"
"25","30","28","12","40","3"
"25","30","29","14","46","3"
"25","30","30","12","44","3"
"25","30","31","12","42","3"
"25","30","32","10","80","8"
"25","30","33","10","80","8"
"25","30","34","10","80","8"
"25","30","35","10","80","8"
"25","30","36","10","72","7"
"25","30","37","10","72","7"
"25","30","38","8","114","14"
"25","30","39","6","103","17"
"25","30","40","6","103","17"
"25","35","10","28","64","2"
"25","35","11","26","57","2"
"25","35","12","22","83","3"
"25","35","13","20","90","4"
"25","35","14","18","97","5"
"25","35","15","18","97","5"
"25","35","16","18","97","5"
"25","35","17","16","68","4"
"25","35","18","16","67","4"
"25","35","19","16","64","4"
"25","35","20","16","49","3"
"25","35","21","16","60","3"
"25","35","22","16","42","2"
"25","35","23","14","33","2"
"25","35","24","14","27","1"
"25","35","25","12","41","3"
"25","35","26","12","41","3"
"25","35","27","12","40","3"
"25","35","28","12","40","3"
"25","35","29","14","42","3"
"25","35","30","12","33","2"
"25","35","31","12","33","2"
"25","35","32","10","72","7"
"25","35","33","10","72","7"
"25","35","34","10","60","6"
"25","35","35","10","59","5"
"25","35","36","10","78","7"
"25","35","37","10","78","7"
"25","35","38","10","77","7"
"25","35","39","8","116","14"
"25","35","40","8","109","13"
"25","40","10","20","33","1"
"25","40","11","20","30","1"
"25","40","12","16","45","2"
"25","40","13","14","25","1"
"25","40","14","14","11","0"
"25","40","15","12","42","3"
"25","40","16","12","42","3"
"25","40","17","12","42","3"
"25","40","18","12","44","3"
"25","40","19","12","45","3"
"25","40","20","12","54","4"
"25","40","21","12","66","5"
"25","40","22","12","48","4"
"25","40","23","12","48","4"
"25","40","24","12","48","4"
"25","40","25","8","28","3"
"25","40","26","8","28","3"
"25","40","27","8","28","3"
"25","40","28","8","28","3"
"25","40","29","10","34","3"
"25","40","30","8","9","1"
"25","40","31","8","14","1"
"25","40","32","8","14","1"
"25","40","33","8","14","1"
"25","40","34","8","14","1"
"25","40","35","8","14","1"
"25","40","36","8","20","2"
"25","40","37","8","20","2"
"25","40","38","8","23","2"
"25","40","39","8","23","2"
"25","40","40","8","25","3"
"26","5","10","52","150","2"
"26","5","11","50","171","3"
"26","5","12","44","144","3"
"26","5","13","38","128","3"
"26","5","14","36","162","4"
"26","5","15","30","120","4"
"26","5","16","28","114","4"
"26","5","17","28","120","4"
"26","5","18","28","149","5"
"26","5","19","26","132","5"
"26","5","20","26","127","4"
"26","5","21","26","138","5"
"26","5","22","22","140","6"
"26","5","23","22","147","6"
"26","5","24","22","147","6"
"26","5","25","18","118","6"
"26","5","26","18","118","6"
"26","5","27","18","115","6"
"26","5","28","14","130","9"
"26","5","29","14","135","9"
"26","5","30","16","141","8"
"26","5","31","14","132","9"
"26","5","32","16","122","7"
"26","5","33","16","117","7"
"26","5","34","16","98","6"
"26","5","35","16","101","6"
"26","5","36","16","120","7"
"26","5","37","16","118","7"
"26","5","38","16","113","7"
"26","5","39","14","113","8"
"26","5","40","14","106","7"
"26","10","10","52","183","3"
"26","10","11","50","162","3"
"26","10","12","42","163","3"
"26","10","13","36","147","4"
"26","10","14","34","167","4"
"26","10","15","30","114","3"
"26","10","16","28","115","4"
"26","10","17","28","122","4"
"26","10","18","26","186","7"
"26","10","19","26","140","5"
"26","10","20","26","129","4"
"26","10","21","24","110","4"
"26","10","22","22","115","5"
"26","10","23","20","105","5"
"26","10","24","20","105","5"
"26","10","25","16","92","5"
"26","10","26","16","89","5"
"26","10","27","16","98","6"
"26","10","28","16","98","6"
"26","10","29","16","100","6"
"26","10","30","18","101","5"
"26","10","31","16","100","6"
"26","10","32","16","109","6"
"26","10","33","16","122","7"
"26","10","34","16","107","6"
"26","10","35","16","107","6"
"26","10","36","16","121","7"
"26","10","37","16","119","7"
"26","10","38","16","114","7"
"26","10","39","14","111","7"
"26","10","40","14","102","7"
"26","15","10","48","160","3"
"26","15","11","42","132","3"
"26","15","12","30","129","4"
"26","15","13","30","129","4"
"26","15","14","30","139","4"
"26","15","15","28","101","3"
"26","15","16","26","100","3"
"26","15","17","26","97","3"
"26","15","18","24","164","6"
"26","15","19","22","100","4"
"26","15","20","22","90","4"
"26","15","21","22","90","4"
"26","15","22","18","92","5"
"26","15","23","18","91","5"
"26","15","24","18","93","5"
"26","15","25","16","86","5"
"26","15","26","16","86","5"
"26","15","27","16","89","5"
"26","15","28","16","96","6"
"26","15","29","16","104","6"
"26","15","30","18","109","6"
"26","15","31","16","108","6"
"26","15","32","16","112","7"
"26","15","33","16","112","7"
"26","15","34","16","93","5"
"26","15","35","16","93","5"
"26","15","36","16","107","6"
"26","15","37","16","107","6"
"26","15","38","16","107","6"
"26","15","39","10","102","10"
"26","15","40","10","102","10"
"26","20","10","42","133","3"
"26","20","11","40","93","2"
"26","20","12","28","90","3"
"26","20","13","28","88","3"
"26","20","14","28","86","3"
"26","20","15","28","65","2"
"26","20","16","28","80","2"
"26","20","17","28","84","3"
"26","20","18","22","130","5"
"26","20","19","22","82","3"
"26","20","20","22","86","3"
"26","20","21","22","86","3"
"26","20","22","16","79","4"
"26","20","23","16","71","4"
"26","20","24","16","68","4"
"26","20","25","16","71","4"
"26","20","26","16","78","4"
"26","20","27","16","76","4"
"26","20","28","14","114","8"
"26","20","29","14","117","8"
"26","20","30","14","122","8"
"26","20","31","14","122","8"
"26","20","32","12","85","7"
"26","20","33","12","100","8"
"26","20","34","12","100","8"
"26","20","35","12","100","8"
"26","20","36","12","102","8"
"26","20","37","10","91","9"
"26","20","38","10","97","9"
"26","20","39","10","97","9"
"26","20","40","8","114","14"
"26","25","10","40","138","3"
"26","25","11","36","111","3"
"26","25","12","26","100","3"
"26","25","13","26","100","3"
"26","25","14","24","112","4"
"26","25","15","24","112","4"
"26","25","16","24","130","5"
"26","25","17","22","133","6"
"26","25","18","20","150","7"
"26","25","19","20","104","5"
"26","25","20","20","104","5"
"26","25","21","20","107","5"
"26","25","22","14","100","7"
"26","25","23","14","93","6"
"26","25","24","14","96","6"
"26","25","25","14","96","6"
"26","25","26","14","109","7"
"26","25","27","14","107","7"
"26","25","28","12","87","7"
"26","25","29","12","87","7"
"26","25","30","12","87","7"
"26","25","31","12","81","6"
"26","25","32","12","84","7"
"26","25","33","12","84","7"
"26","25","34","12","95","7"
"26","25","35","12","95","7"
"26","25","36","12","99","8"
"26","25","37","10","88","8"
"26","25","38","10","96","9"
"26","25","39","8","110","13"
"26","25","40","8","110","13"
"26","30","10","34","103","3"
"26","30","11","30","74","2"
"26","30","12","26","74","2"
"26","30","13","24","77","3"
"26","30","14","22","129","5"
"26","30","15","22","129","5"
"26","30","16","24","123","5"
"26","30","17","22","134","6"
"26","30","18","20","141","7"
"26","30","19","20","95","4"
"26","30","20","20","95","4"
"26","30","21","20","98","4"
"26","30","22","16","53","3"
"26","30","23","14","44","3"
"26","30","24","14","32","2"
"26","30","25","14","47","3"
"26","30","26","14","60","4"
"26","30","27","14","60","4"
"26","30","28","14","60","4"
"26","30","29","14","59","4"
"26","30","30","14","58","4"
"26","30","31","14","56","4"
"26","30","32","10","72","7"
"26","30","33","12","94","7"
"26","30","34","12","94","7"
"26","30","35","12","94","7"
"26","30","36","12","94","7"
"26","30","37","10","83","8"
"26","30","38","8","114","14"
"26","30","39","6","103","17"
"26","30","40","6","103","17"
"26","35","10","28","62","2"
"26","35","11","26","57","2"
"26","35","12","22","83","3"
"26","35","13","20","90","4"
"26","35","14","18","97","5"
"26","35","15","18","97","5"
"26","35","16","18","97","5"
"26","35","17","16","68","4"
"26","35","18","16","67","4"
"26","35","19","16","64","4"
"26","35","20","16","49","3"
"26","35","21","16","60","3"
"26","35","22","16","42","2"
"26","35","23","14","31","2"
"26","35","24","14","27","1"
"26","35","25","12","41","3"
"26","35","26","12","41","3"
"26","35","27","12","40","3"
"26","35","28","12","40","3"
"26","35","29","14","42","3"
"26","35","30","12","33","2"
"26","35","31","12","33","2"
"26","35","32","10","72","7"
"26","35","33","10","72","7"
"26","35","34","10","60","6"
"26","35","35","10","59","5"
"26","35","36","10","78","7"
"26","35","37","10","78","7"
"26","35","38","10","77","7"
"26","35","39","8","116","14"
"26","35","40","8","109","13"
"26","40","10","24","53","2"
"26","40","11","24","53","2"
"26","40","12","18","55","3"
"26","40","13","18","62","3"
"26","40","14","14","73","5"
"26","40","15","12","51","4"
"26","40","16","14","45","3"
"26","40","17","14","45","3"
"26","40","18","12","54","4"
"26","40","19","12","55","4"
"26","40","20","12","58","4"
"26","40","21","12","61","5"
"26","40","22","12","43","3"
"26","40","23","12","43","3"
"26","40","24","12","43","3"
"26","40","25","12","57","4"
"26","40","26","10","55","5"
"26","40","27","8","88","11"
"26","40","28","8","88","11"
"26","40","29","8","94","11"
"26","40","30","8","94","11"
"26","40","31","8","26","3"
"26","40","32","8","26","3"
"26","40","33","8","15","1"
"26","40","34","8","15","1"
"26","40","35","8","15","1"
"26","40","36","8","33","4"
"26","40","37","8","33","4"
"26","40","38","8","33","4"
"26","40","39","8","33","4"
"26","40","40","8","35","4"
"27","5","10","52","157","3"
"27","5","11","50","178","3"
"27","5","12","44","151","3"
"27","5","13","38","135","3"
"27","5","14","36","169","4"
"27","5","15","30","127","4"
"27","5","16","28","122","4"
"27","5","17","28","127","4"
"27","5","18","28","126","4"
"27","5","19","26","133","5"
"27","5","20","26","129","4"
"27","5","21","26","140","5"
"27","5","22","22","141","6"
"27","5","23","22","149","6"
"27","5","24","22","149","6"
"27","5","25","20","132","6"
"27","5","26","20","132","6"
"27","5","27","20","124","6"
"27","5","28","14","130","9"
"27","5","29","14","135","9"
"27","5","30","16","140","8"
"27","5","31","14","132","9"
"27","5","32","16","124","7"
"27","5","33","16","119","7"
"27","5","34","16","124","7"
"27","5","35","16","128","8"
"27","5","36","16","124","7"
"27","5","37","16","122","7"
"27","5","38","16","107","6"
"27","5","39","16","117","7"
"27","5","40","16","134","8"
"27","10","10","54","161","2"
"27","10","11","50","169","3"
"27","10","12","44","142","3"
"27","10","13","38","127","3"
"27","10","14","34","174","5"
"27","10","15","30","121","4"
"27","10","16","28","122","4"
"27","10","17","28","129","4"
"27","10","18","28","135","4"
"27","10","19","26","141","5"
"27","10","20","26","131","5"
"27","10","21","24","112","4"
"27","10","22","22","117","5"
"27","10","23","20","106","5"
"27","10","24","20","112","5"
"27","10","25","18","106","5"
"27","10","26","18","103","5"
"27","10","27","18","107","5"
"27","10","28","16","104","6"
"27","10","29","16","106","6"
"27","10","30","16","99","6"
"27","10","31","16","99","6"
"27","10","32","16","110","6"
"27","10","33","16","123","7"
"27","10","34","16","133","8"
"27","10","35","16","133","8"
"27","10","36","16","124","7"
"27","10","37","16","123","7"
"27","10","38","16","107","6"
"27","10","39","16","114","7"
"27","10","40","16","115","7"
"27","15","10","50","178","3"
"27","15","11","42","139","3"
"27","15","12","30","136","4"
"27","15","13","30","136","4"
"27","15","14","30","146","4"
"27","15","15","28","108","3"
"27","15","16","26","107","4"
"27","15","17","26","104","4"
"27","15","18","24","141","5"
"27","15","19","22","102","4"
"27","15","20","22","91","4"
"27","15","21","22","91","4"
"27","15","22","18","93","5"
"27","15","23","18","92","5"
"27","15","24","18","100","5"
"27","15","25","18","100","5"
"27","15","26","18","100","5"
"27","15","27","18","98","5"
"27","15","28","16","101","6"
"27","15","29","16","110","6"
"27","15","30","16","108","6"
"27","15","31","16","108","6"
"27","15","32","16","114","7"
"27","15","33","16","114","7"
"27","15","34","16","119","7"
"27","15","35","16","119","7"
"27","15","36","16","111","6"
"27","15","37","14","153","10"
"27","15","38","14","143","10"
"27","15","39","8","145","18"
"27","15","40","8","145","18"
"27","20","10","46","131","2"
"27","20","11","42","105","2"
"27","20","12","28","124","4"
"27","20","13","28","123","4"
"27","20","14","28","121","4"
"27","20","15","28","70","2"
"27","20","16","28","80","2"
"27","20","17","28","84","3"
"27","20","18","22","130","5"
"27","20","19","22","82","3"
"27","20","20","22","86","3"
"27","20","21","22","86","3"
"27","20","22","16","79","4"
"27","20","23","16","71","4"
"27","20","24","16","68","4"
"27","20","25","16","71","4"
"27","20","26","16","78","4"
"27","20","27","16","76","4"
"27","20","28","14","114","8"
"27","20","29","14","117","8"
"27","20","30","14","122","8"
"27","20","31","14","122","8"
"27","20","32","12","85","7"
"27","20","33","12","100","8"
"27","20","34","12","100","8"
"27","20","35","12","100","8"
"27","20","36","12","102","8"
"27","20","37","10","91","9"
"27","20","38","10","97","9"
"27","20","39","10","97","9"
"27","20","40","8","114","14"
"27","25","10","36","116","3"
"27","25","11","34","124","3"
"27","25","12","28","107","3"
"27","25","13","26","110","4"
"27","25","14","24","81","3"
"27","25","15","24","81","3"
"27","25","16","24","92","3"
"27","25","17","24","103","4"
"27","25","18","20","100","5"
"27","25","19","20","97","4"
"27","25","20","20","97","4"
"27","25","21","20","103","5"
"27","25","22","16","99","6"
"27","25","23","14","90","6"
"27","25","24","14","88","6"
"27","25","25","14","102","7"
"27","25","26","14","115","8"
"27","25","27","14","115","8"
"27","25","28","12","87","7"
"27","25","29","12","87","7"
"27","25","30","12","87","7"
"27","25","31","12","81","6"
"27","25","32","12","84","7"
"27","25","33","12","84","7"
"27","25","34","12","95","7"
"27","25","35","12","95","7"
"27","25","36","12","99","8"
"27","25","37","10","88","8"
"27","25","38","10","96","9"
"27","25","39","8","110","13"
"27","25","40","8","110","13"
"27","30","10","36","111","3"
"27","30","11","32","121","3"
"27","30","12","26","115","4"
"27","30","13","24","118","4"
"27","30","14","22","89","4"
"27","30","15","22","89","4"
"27","30","16","24","82","3"
"27","30","17","22","92","4"
"27","30","18","20","98","4"
"27","30","19","20","98","4"
"27","30","20","20","98","4"
"27","30","21","20","101","5"
"27","30","22","16","53","3"
"27","30","23","14","44","3"
"27","30","24","14","32","2"
"27","30","25","14","47","3"
"27","30","26","14","60","4"
"27","30","27","14","60","4"
"27","30","28","14","60","4"
"27","30","29","14","59","4"
"27","30","30","14","58","4"
"27","30","31","14","56","4"
"27","30","32","10","73","7"
"27","30","33","12","94","7"
"27","30","34","12","94","7"
"27","30","35","12","94","7"
"27","30","36","12","94","7"
"27","30","37","10","83","8"
"27","30","38","8","114","14"
"27","30","39","6","103","17"
"27","30","40","6","103","17"
"27","35","10","32","91","2"
"27","35","11","30","75","2"
"27","35","12","26","98","3"
"27","35","13","24","104","4"
"27","35","14","20","81","4"
"27","35","15","18","63","3"
"27","35","16","18","65","3"
"27","35","17","18","39","2"
"27","35","18","18","28","1"
"27","35","19","16","58","3"
"27","35","20","14","32","2"
"27","35","21","14","32","2"
"27","35","22","14","32","2"
"27","35","23","16","29","1"
"27","35","24","14","35","2"
"27","35","25","14","49","3"
"27","35","26","14","49","3"
"27","35","27","14","48","3"
"27","35","28","10","65","6"
"27","35","29","10","60","6"
"27","35","30","10","60","6"
"27","35","31","10","62","6"
"27","35","32","10","69","6"
"27","35","33","10","59","5"
"27","35","34","10","58","5"
"27","35","35","10","58","5"
"27","35","36","10","74","7"
"27","35","37","10","74","7"
"27","35","38","8","73","9"
"27","35","39","8","116","14"
"27","35","40","8","108","13"
"27","40","10","24","63","2"
"27","40","11","24","60","2"
"27","40","12","18","54","3"
"27","40","13","18","55","3"
"27","40","14","14","66","4"
"27","40","15","16","56","3"
"27","40","16","16","64","4"
"27","40","17","16","64","4"
"27","40","18","14","73","5"
"27","40","19","12","54","4"
"27","40","20","12","57","4"
"27","40","21","12","61","5"
"27","40","22","12","43","3"
"27","40","23","12","43","3"
"27","40","24","12","49","4"
"27","40","25","8","30","3"
"27","40","26","8","30","3"
"27","40","27","8","30","3"
"27","40","28","8","30","3"
"27","40","29","8","88","11"
"27","40","30","8","92","11"
"27","40","31","8","99","12"
"27","40","32","8","99","12"
"27","40","33","8","102","12"
"27","40","34","8","92","11"
"27","40","35","6","92","15"
"27","40","36","8","32","4"
"27","40","37","8","32","4"
"27","40","38","8","32","4"
"27","40","39","8","32","4"
"27","40","40","8","34","4"
"28","5","10","54","167","3"
"28","5","11","50","174","3"
"28","5","12","44","147","3"
"28","5","13","38","131","3"
"28","5","14","36","165","4"
"28","5","15","30","123","4"
"28","5","16","28","116","4"
"28","5","17","28","123","4"
"28","5","18","28","134","4"
"28","5","19","26","146","5"
"28","5","20","26","136","5"
"28","5","21","26","136","5"
"28","5","22","22","138","6"
"28","5","23","22","145","6"
"28","5","24","20","125","6"
"28","5","25","20","128","6"
"28","5","26","20","138","6"
"28","5","27","14","126","9"
"28","5","28","14","126","9"
"28","5","29","14","134","9"
"28","5","30","16","105","6"
"28","5","31","16","105","6"
"28","5","32","16","120","7"
"28","5","33","16","120","7"
"28","5","34","16","128","8"
"28","5","35","16","128","8"
"28","5","36","16","130","8"
"28","5","37","16","128","8"
"28","5","38","16","113","7"
"28","5","39","16","119","7"
"28","5","40","16","121","7"
"28","10","10","54","163","3"
"28","10","11","50","165","3"
"28","10","12","44","135","3"
"28","10","13","38","122","3"
"28","10","14","34","170","5"
"28","10","15","30","114","3"
"28","10","16","28","119","4"
"28","10","17","28","126","4"
"28","10","18","28","131","4"
"28","10","19","26","137","5"
"28","10","20","26","127","4"
"28","10","21","24","114","4"
"28","10","22","22","119","5"
"28","10","23","20","108","5"
"28","10","24","20","108","5"
"28","10","25","18","102","5"
"28","10","26","18","100","5"
"28","10","27","18","103","5"
"28","10","28","16","96","6"
"28","10","29","16","98","6"
"28","10","30","18","104","5"
"28","10","31","16","103","6"
"28","10","32","16","112","7"
"28","10","33","16","125","7"
"28","10","34","16","126","7"
"28","10","35","16","126","7"
"28","10","36","16","132","8"
"28","10","37","16","117","7"
"28","10","38","16","121","7"
"28","10","39","16","124","7"
"28","10","40","16","115","7"
"28","15","10","48","163","3"
"28","15","11","42","132","3"
"28","15","12","30","129","4"
"28","15","13","30","129","4"
"28","15","14","30","143","4"
"28","15","15","28","101","3"
"28","15","16","26","100","3"
"28","15","17","26","100","3"
"28","15","18","24","137","5"
"28","15","19","22","98","4"
"28","15","20","22","87","3"
"28","15","21","22","93","4"
"28","15","22","18","95","5"
"28","15","23","18","94","5"
"28","15","24","18","96","5"
"28","15","25","18","96","5"
"28","15","26","18","96","5"
"28","15","27","18","94","5"
"28","15","28","16","93","5"
"28","15","29","16","99","6"
"28","15","30","18","116","6"
"28","15","31","16","115","7"
"28","15","32","16","119","7"
"28","15","33","16","112","7"
"28","15","34","16","116","7"
"28","15","35","16","116","7"
"28","15","36","16","122","7"
"28","15","37","16","107","6"
"28","15","38","16","110","6"
"28","15","39","10","102","10"
"28","15","40","10","102","10"
"28","20","10","46","158","3"
"28","20","11","44","119","2"
"28","20","12","32","115","3"
"28","20","13","30","137","4"
"28","20","14","30","142","4"
"28","20","15","28","102","3"
"28","20","16","24","82","3"
"28","20","17","24","82","3"
"28","20","18","22","119","5"
"28","20","19","22","95","4"
"28","20","20","22","88","4"
"28","20","21","22","94","4"
"28","20","22","18","96","5"
"28","20","23","18","102","5"
"28","20","24","18","99","5"
"28","20","25","18","103","5"
"28","20","26","18","97","5"
"28","20","27","18","94","5"
"28","20","28","14","125","8"
"28","20","29","14","129","9"
"28","20","30","16","146","9"
"28","20","31","14","145","10"
"28","20","32","12","108","9"
"28","20","33","12","123","10"
"28","20","34","12","123","10"
"28","20","35","12","123","10"
"28","20","36","12","131","10"
"28","20","37","12","116","9"
"28","20","38","12","117","9"
"28","20","39","12","117","9"
"28","20","40","8","114","14"
"28","25","10","40","139","3"
"28","25","11","38","113","2"
"28","25","12","26","107","4"
"28","25","13","26","107","4"
"28","25","14","26","105","4"
"28","25","15","26","82","3"
"28","25","16","26","101","3"
"28","25","17","26","104","4"
"28","25","18","20","150","7"
"28","25","19","20","104","5"
"28","25","20","20","104","5"
"28","25","21","20","107","5"
"28","25","22","14","100","7"
"28","25","23","14","93","6"
"28","25","24","14","96","6"
"28","25","25","14","96","6"
"28","25","26","14","109","7"
"28","25","27","14","107","7"
"28","25","28","12","87","7"
"28","25","29","12","87","7"
"28","25","30","12","87","7"
"28","25","31","12","81","6"
"28","25","32","12","84","7"
"28","25","33","12","84","7"
"28","25","34","12","95","7"
"28","25","35","12","95","7"
"28","25","36","12","99","8"
"28","25","37","10","88","8"
"28","25","38","10","96","9"
"28","25","39","8","110","13"
"28","25","40","8","110","13"
"28","30","10","36","107","2"
"28","30","11","32","122","3"
"28","30","12","26","107","4"
"28","30","13","24","110","4"
"28","30","14","22","88","4"
"28","30","15","20","69","3"
"28","30","16","18","70","3"
"28","30","17","18","78","4"
"28","30","18","18","67","3"
"28","30","19","18","91","5"
"28","30","20","18","80","4"
"28","30","21","18","83","4"
"28","30","22","16","44","2"
"28","30","23","14","49","3"
"28","30","24","14","38","2"
"28","30","25","14","52","3"
"28","30","26","14","52","3"
"28","30","27","14","52","3"
"28","30","28","14","52","3"
"28","30","29","12","40","3"
"28","30","30","12","47","3"
"28","30","31","12","46","3"
"28","30","32","10","73","7"
"28","30","33","10","83","8"
"28","30","34","10","83","8"
"28","30","35","10","83","8"
"28","30","36","10","83","8"
"28","30","37","10","83","8"
"28","30","38","8","114","14"
"28","30","39","6","103","17"
"28","30","40","6","103","17"
"28","35","10","32","68","2"
"28","35","11","30","50","1"
"28","35","12","26","72","2"
"28","35","13","24","55","2"
"28","35","14","20","70","3"
"28","35","15","18","51","2"
"28","35","16","18","53","2"
"28","35","17","18","27","1"
"28","35","18","18","16","0"
"28","35","19","16","58","3"
"28","35","20","14","35","2"
"28","35","21","14","35","2"
"28","35","22","14","35","2"
"28","35","23","16","17","1"
"28","35","24","14","35","2"
"28","35","25","14","49","3"
"28","35","26","14","49","3"
"28","35","27","14","48","3"
"28","35","28","10","65","6"
"28","35","29","10","60","6"
"28","35","30","10","60","6"
"28","35","31","10","62","6"
"28","35","32","10","69","6"
"28","35","33","10","58","5"
"28","35","34","10","57","5"
"28","35","35","10","57","5"
"28","35","36","10","74","7"
"28","35","37","10","74","7"
"28","35","38","8","73","9"
"28","35","39","8","116","14"
"28","35","40","8","109","13"
"28","40","10","28","58","2"
"28","40","11","28","58","2"
"28","40","12","22","47","2"
"28","40","13","18","31","1"
"28","40","14","16","40","2"
"28","40","15","16","38","2"
"28","40","16","16","40","2"
"28","40","17","16","55","3"
"28","40","18","16","57","3"
"28","40","19","16","35","2"
"28","40","20","14","42","3"
"28","40","21","14","39","2"
"28","40","22","14","39","2"
"28","40","23","14","48","3"
"28","40","24","14","30","2"
"28","40","25","14","45","3"
"28","40","26","14","45","3"
"28","40","27","14","45","3"
"28","40","28","10","49","4"
"28","40","29","10","49","4"
"28","40","30","10","48","4"
"28","40","31","10","50","5"
"28","40","32","10","52","5"
"28","40","33","10","55","5"
"28","40","34","10","55","5"
"28","40","35","10","56","5"
"28","40","36","10","74","7"
"28","40","37","10","74","7"
"28","40","38","8","73","9"
"28","40","39","8","71","8"
"28","40","40","8","71","8"
"29","5","10","54","163","3"
"29","5","11","50","171","3"
"29","5","12","44","143","3"
"29","5","13","38","128","3"
"29","5","14","36","162","4"
"29","5","15","30","119","3"
"29","5","16","28","113","4"
"29","5","17","28","120","4"
"29","5","18","28","130","4"
"29","5","19","26","143","5"
"29","5","20","26","132","5"
"29","5","21","26","138","5"
"29","5","22","22","140","6"
"29","5","23","22","147","6"
"29","5","24","20","122","6"
"29","5","25","20","124","6"
"29","5","26","20","135","6"
"29","5","27","14","126","9"
"29","5","28","14","126","9"
"29","5","29","14","134","9"
"29","5","30","18","109","6"
"29","5","31","16","109","6"
"29","5","32","16","122","7"
"29","5","33","16","122","7"
"29","5","34","16","125","7"
"29","5","35","16","125","7"
"29","5","36","16","141","8"
"29","5","37","16","124","7"
"29","5","38","16","123","7"
"29","5","39","16","129","8"
"29","5","40","16","121","7"
"29","10","10","54","162","3"
"29","10","11","50","169","3"
"29","10","12","44","142","3"
"29","10","13","38","126","3"
"29","10","14","34","173","5"
"29","10","15","30","120","4"
"29","10","16","28","111","3"
"29","10","17","28","118","4"
"29","10","18","28","135","4"
"29","10","19","26","142","5"
"29","10","20","26","131","5"
"29","10","21","26","137","5"
"29","10","22","22","138","6"
"29","10","23","20","120","6"
"29","10","24","20","120","6"
"29","10","25","20","119","5"
"29","10","26","20","133","6"
"29","10","27","14","125","8"
"29","10","28","14","125","8"
"29","10","29","16","102","6"
"29","10","30","18","108","6"
"29","10","31","16","107","6"
"29","10","32","16","121","7"
"29","10","33","16","119","7"
"29","10","34","16","123","7"
"29","10","35","16","123","7"
"29","10","36","16","139","8"
"29","10","37","16","123","7"
"29","10","38","16","121","7"
"29","10","39","16","128","8"
"29","10","40","16","119","7"
"29","15","10","52","142","2"
"29","15","11","42","129","3"
"29","15","12","32","97","3"
"29","15","13","32","97","3"
"29","15","14","30","139","4"
"29","15","15","28","98","3"
"29","15","16","26","97","3"
"29","15","17","28","124","4"
"29","15","18","26","135","5"
"29","15","19","22","100","4"
"29","15","20","22","89","4"
"29","15","21","22","89","4"
"29","15","22","18","91","5"
"29","15","23","18","90","5"
"29","15","24","18","92","5"
"29","15","25","16","86","5"
"29","15","26","16","91","5"
"29","15","27","16","89","5"
"29","15","28","16","95","5"
"29","15","29","16","101","6"
"29","15","30","18","113","6"
"29","15","31","16","112","7"
"29","15","32","16","109","6"
"29","15","33","16","86","5"
"29","15","34","16","92","5"
"29","15","35","16","92","5"
"29","15","36","16","106","6"
"29","15","37","16","110","6"
"29","15","38","16","114","7"
"29","15","39","10","105","10"
"29","15","40","10","105","10"
"29","20","10","48","157","3"
"29","20","11","46","129","2"
"29","20","12","34","123","3"
"29","20","13","32","146","4"
"29","20","14","30","135","4"
"29","20","15","26","83","3"
"29","20","16","24","81","3"
"29","20","17","26","102","3"
"29","20","18","22","142","6"
"29","20","19","22","96","4"
"29","20","20","22","87","3"
"29","20","21","22","87","3"
"29","20","22","18","89","4"
"29","20","23","18","96","5"
"29","20","24","18","96","5"
"29","20","25","16","95","5"
"29","20","26","16","94","5"
"29","20","27","16","91","5"
"29","20","28","16","94","5"
"29","20","29","16","98","6"
"29","20","30","18","112","6"
"29","20","31","16","112","7"
"29","20","32","16","108","6"
"29","20","33","14","128","9"
"29","20","34","14","131","9"
"29","20","35","14","131","9"
"29","20","36","14","145","10"
"29","20","37","12","118","9"
"29","20","38","12","122","10"
"29","20","39","10","108","10"
"29","20","40","10","101","10"
"29","25","10","38","126","3"
"29","25","11","36","110","3"
"29","25","12","28","107","3"
"29","25","13","26","110","4"
"29","25","14","26","108","4"
"29","25","15","26","85","3"
"29","25","16","26","96","3"
"29","25","17","26","107","4"
"29","25","18","20","143","7"
"29","25","19","20","97","4"
"29","25","20","20","97","4"
"29","25","21","20","103","5"
"29","25","22","16","99","6"
"29","25","23","14","90","6"
"29","25","24","14","88","6"
"29","25","25","14","102","7"
"29","25","26","14","115","8"
"29","25","27","14","115","8"
"29","25","28","12","87","7"
"29","25","29","12","87","7"
"29","25","30","12","87","7"
"29","25","31","12","81","6"
"29","25","32","12","84","7"
"29","25","33","12","84","7"
"29","25","34","12","95","7"
"29","25","35","12","95","7"
"29","25","36","12","99","8"
"29","25","37","10","88","8"
"29","25","38","10","96","9"
"29","25","39","8","110","13"
"29","25","40","8","110","13"
"29","30","10","38","100","2"
"29","30","11","34","123","3"
"29","30","12","26","122","4"
"29","30","13","24","125","5"
"29","30","14","22","96","4"
"29","30","15","22","96","4"
"29","30","16","24","89","3"
"29","30","17","24","100","4"
"29","30","18","20","98","4"
"29","30","19","20","98","4"
"29","30","20","20","98","4"
"29","30","21","20","101","5"
"29","30","22","16","53","3"
"29","30","23","14","44","3"
"29","30","24","14","32","2"
"29","30","25","14","47","3"
"29","30","26","14","60","4"
"29","30","27","14","60","4"
"29","30","28","14","60","4"
"29","30","29","14","59","4"
"29","30","30","14","58","4"
"29","30","31","14","56","4"
"29","30","32","10","81","8"
"29","30","33","12","94","7"
"29","30","34","12","94","7"
"29","30","35","12","94","7"
"29","30","36","12","94","7"
"29","30","37","10","83","8"
"29","30","38","8","114","14"
"29","30","39","6","103","17"
"29","30","40","6","103","17"
"29","35","10","34","80","2"
"29","35","11","32","79","2"
"29","35","12","26","87","3"
"29","35","13","24","94","3"
"29","35","14","22","103","4"
"29","35","15","22","80","3"
"29","35","16","22","81","3"
"29","35","17","22","60","2"
"29","35","18","20","51","2"
"29","35","19","18","66","3"
"29","35","20","16","47","2"
"29","35","21","16","58","3"
"29","35","22","14","43","3"
"29","35","23","16","11","0"
"29","35","24","14","30","2"
"29","35","25","14","44","3"
"29","35","26","14","57","4"
"29","35","27","14","56","4"
"29","35","28","10","75","7"
"29","35","29","10","70","7"
"29","35","30","12","77","6"
"29","35","31","10","76","7"
"29","35","32","10","83","8"
"29","35","33","10","83","8"
"29","35","34","10","82","8"
"29","35","35","10","82","8"
"29","35","36","10","76","7"
"29","35","37","10","76","7"
"29","35","38","8","73","9"
"29","35","39","8","107","13"
"29","35","40","8","108","13"
"29","40","10","30","67","2"
"29","40","11","28","60","2"
"29","40","12","20","43","2"
"29","40","13","18","31","1"
"29","40","14","16","43","2"
"29","40","15","16","41","2"
"29","40","16","16","41","2"
"29","40","17","16","51","3"
"29","40","18","16","47","2"
"29","40","19","14","23","1"
"29","40","20","14","29","2"
"29","40","21","14","38","2"
"29","40","22","14","20","1"
"29","40","23","14","34","2"
"29","40","24","14","27","1"
"29","40","25","14","34","2"
"29","40","26","14","38","2"
"29","40","27","10","67","6"
"29","40","28","10","67","6"
"29","40","29","10","72","7"
"29","40","30","10","54","5"
"29","40","31","10","57","5"
"29","40","32","10","56","5"
"29","40","33","10","52","5"
"29","40","34","10","54","5"
"29","40","35","8","54","6"
"29","40","36","10","68","6"
"29","40","37","8","68","8"
"29","40","38","8","67","8"
"29","40","39","8","66","8"
"29","40","40","10","-14","-2"
"30","5","10","54","160","2"
"30","5","11","50","167","3"
"30","5","12","44","140","3"
"30","5","13","38","124","3"
"30","5","14","34","171","5"
"30","5","15","30","118","3"
"30","5","16","28","109","3"
"30","5","17","30","144","4"
"30","5","18","28","151","5"
"30","5","19","26","145","5"
"30","5","20","26","134","5"
"30","5","21","26","134","5"
"30","5","22","22","136","6"
"30","5","23","20","118","5"
"30","5","24","20","118","5"
"30","5","25","18","114","6"
"30","5","26","18","119","6"
"30","5","27","14","127","9"
"30","5","28","14","127","9"
"30","5","29","14","134","9"
"30","5","30","16","141","8"
"30","5","31","16","105","6"
"30","5","32","16","118","7"
"30","5","33","16","94","5"
"30","5","34","16","102","6"
"30","5","35","16","102","6"
"30","5","36","16","116","7"
"30","5","37","16","124","7"
"30","5","38","16","123","7"
"30","5","39","14","116","8"
"30","5","40","14","107","7"
"30","10","10","52","142","2"
"30","10","11","42","146","3"
"30","10","12","36","117","3"
"30","10","13","34","120","3"
"30","10","14","32","159","4"
"30","10","15","30","121","4"
"30","10","16","28","112","4"
"30","10","17","30","144","4"
"30","10","18","28","156","5"
"30","10","19","24","121","5"
"30","10","20","24","111","4"
"30","10","21","24","111","4"
"30","10","22","20","113","5"
"30","10","23","20","112","5"
"30","10","24","20","114","5"
"30","10","25","18","106","5"
"30","10","26","18","126","7"
"30","10","27","14","123","8"
"30","10","28","14","126","9"
"30","10","29","16","108","6"
"30","10","30","18","101","5"
"30","10","31","16","101","6"
"30","10","32","16","115","7"
"30","10","33","16","92","5"
"30","10","34","16","96","6"
"30","10","35","16","96","6"
"30","10","36","16","120","7"
"30","10","37","16","124","7"
"30","10","38","16","128","8"
"30","10","39","14","112","8"
"30","10","40","14","105","7"
"30","15","10","54","151","2"
"30","15","11","42","129","3"
"30","15","12","32","97","3"
"30","15","13","32","97","3"
"30","15","14","30","139","4"
"30","15","15","28","98","3"
"30","15","16","26","96","3"
"30","15","17","28","124","4"
"30","15","18","26","135","5"
"30","15","19","22","100","4"
"30","15","20","22","89","4"
"30","15","21","22","89","4"
"30","15","22","18","92","5"
"30","15","23","18","91","5"
"30","15","24","18","91","5"
"30","15","25","16","86","5"
"30","15","26","16","91","5"
"30","15","27","16","89","5"
"30","15","28","16","92","5"
"30","15","29","16","99","6"
"30","15","30","18","113","6"
"30","15","31","16","112","7"
"30","15","32","16","116","7"
"30","15","33","16","86","5"
"30","15","34","16","89","5"
"30","15","35","16","95","5"
"30","15","36","16","109","6"
"30","15","37","16","108","6"
"30","15","38","16","115","7"
"30","15","39","10","105","10"
"30","15","40","10","105","10"
"30","20","10","48","121","2"
"30","20","11","44","121","2"
"30","20","12","34","87","2"
"30","20","13","34","87","2"
"30","20","14","28","119","4"
"30","20","15","26","86","3"
"30","20","16","28","83","2"
"30","20","17","28","81","2"
"30","20","18","24","98","4"
"30","20","19","22","81","3"
"30","20","20","22","83","3"
"30","20","21","22","83","3"
"30","20","22","16","76","4"
"30","20","23","16","69","4"
"30","20","24","16","69","4"
"30","20","25","16","74","4"
"30","20","26","16","81","5"
"30","20","27","16","78","4"
"30","20","28","16","81","5"
"30","20","29","16","84","5"
"30","20","30","16","92","5"
"30","20","31","16","92","5"
"30","20","32","16","89","5"
"30","20","33","14","131","9"
"30","20","34","14","131","9"
"30","20","35","14","131","9"
"30","20","36","14","131","9"
"30","20","37","10","94","9"
"30","20","38","10","102","10"
"30","20","39","10","102","10"
"30","20","40","10","94","9"
"30","25","10","40","102","2"
"30","25","11","36","110","3"
"30","25","12","30","81","2"
"30","25","13","28","83","2"
"30","25","14","26","109","4"
"30","25","15","26","88","3"
"30","25","16","28","76","2"
"30","25","17","28","87","3"
"30","25","18","24","95","3"
"30","25","19","22","75","3"
"30","25","20","20","102","5"
"30","25","21","20","104","5"
"30","25","22","16","101","6"
"30","25","23","14","92","6"
"30","25","24","14","85","6"
"30","25","25","14","103","7"
"30","25","26","14","116","8"
"30","25","27","14","116","8"
"30","25","28","14","119","8"
"30","25","29","14","119","8"
"30","25","30","14","119","8"
"30","25","31","14","119","8"
"30","25","32","12","85","7"
"30","25","33","12","100","8"
"30","25","34","12","100","8"
"30","25","35","12","100","8"
"30","25","36","12","102","8"
"30","25","37","10","91","9"
"30","25","38","10","97","9"
"30","25","39","10","97","9"
"30","25","40","8","114","14"
"30","30","10","38","100","2"
"30","30","11","34","123","3"
"30","30","12","26","122","4"
"30","30","13","24","125","5"
"30","30","14","22","96","4"
"30","30","15","22","96","4"
"30","30","16","24","89","3"
"30","30","17","24","100","4"
"30","30","18","20","98","4"
"30","30","19","20","98","4"
"30","30","20","20","98","4"
"30","30","21","20","101","5"
"30","30","22","16","53","3"
"30","30","23","14","44","3"
"30","30","24","14","32","2"
"30","30","25","14","47","3"
"30","30","26","14","60","4"
"30","30","27","14","60","4"
"30","30","28","14","60","4"
"30","30","29","14","59","4"
"30","30","30","14","58","4"
"30","30","31","14","56","4"
"30","30","32","10","81","8"
"30","30","33","12","94","7"
"30","30","34","12","94","7"
"30","30","35","12","94","7"
"30","30","36","12","94","7"
"30","30","37","10","83","8"
"30","30","38","8","114","14"
"30","30","39","6","103","17"
"30","30","40","6","103","17"
"30","35","10","34","111","3"
"30","35","11","32","99","3"
"30","35","12","26","109","4"
"30","35","13","24","115","4"
"30","35","14","22","86","3"
"30","35","15","22","86","3"
"30","35","16","24","76","3"
"30","35","17","20","64","3"
"30","35","18","20","63","3"
"30","35","19","18","69","3"
"30","35","20","16","57","3"
"30","35","21","16","57","3"
"30","35","22","14","43","3"
"30","35","23","16","24","1"
"30","35","24","14","30","2"
"30","35","25","14","44","3"
"30","35","26","14","57","4"
"30","35","27","14","56","4"
"30","35","28","10","75","7"
"30","35","29","10","70","7"
"30","35","30","12","77","6"
"30","35","31","10","68","6"
"30","35","32","10","75","7"
"30","35","33","10","75","7"
"30","35","34","10","75","7"
"30","35","35","10","58","5"
"30","35","36","10","75","7"
"30","35","37","10","64","6"
"30","35","38","8","73","9"
"30","35","39","8","106","13"
"30","35","40","8","121","15"
"30","40","10","30","104","3"
"30","40","11","28","95","3"
"30","40","12","20","79","3"
"30","40","13","20","84","4"
"30","40","14","20","83","4"
"30","40","15","20","78","3"
"30","40","16","20","78","3"
"30","40","17","18","76","4"
"30","40","18","18","75","4"
"30","40","19","16","50","3"
"30","40","20","16","54","3"
"30","40","21","16","63","3"
"30","40","22","14","32","2"
"30","40","23","14","24","1"
"30","40","24","14","24","1"
"30","40","25","14","31","2"
"30","40","26","12","85","7"
"30","40","27","10","68","6"
"30","40","28","10","68","6"
"30","40","29","10","74","7"
"30","40","30","12","79","6"
"30","40","31","10","73","7"
"30","40","32","10","67","6"
"30","40","33","10","68","6"
"30","40","34","10","55","5"
"30","40","35","8","55","6"
"30","40","36","10","69","6"
"30","40","37","8","68","8"
"30","40","38","8","67","8"
"30","40","39","8","65","8"
"30","40","40","10","15","1"
