instrument_token,exchange_token,tradingsymbol,name,last_price,expiry,strike,tick_size,lot_size,instrument_type,segment,exchange
211616005,826625,BANKEX26AUGFUT,"BANKEX",0,2026-08-27,0,0.05,30,FUT,BFO-FUT,BFO
216455429,845529,BANKEX26SEPFUT,"BANKEX",0,2026-09-24,0,0.05,30,FUT,BFO-FUT,BFO
221605381,865646,BANKEX26OCTFUT,"BANKEX",0,2026-10-29,0,0.05,30,FUT,BFO-FUT,BFO
212630789,830589,FOCIT26AUGFUT,"FOCIT",0,2026-08-27,0,1,45,FUT,BFO-FUT,BFO
217274373,848728,FOCIT26SEPFUT,"FOCIT",0,2026-09-24,0,1,45,FUT,BFO-FUT,BFO
224296197,876157,FOCIT26OCTFUT,"FOCIT",0,2026-10-29,0,1,45,FUT,BFO-FUT,BFO
211359237,825622,SENSEX26AUGFUT,"SENSEX",0,2026-08-27,0,0.05,20,FUT,BFO-FUT,BFO
216221445,844615,SENSEX26SEPFUT,"SENSEX",0,2026-09-24,0,0.05,20,FUT,BFO-FUT,BFO
221330181,864571,SENSEX26OCTFUT,"SENSEX",0,2026-10-29,0,0.05,20,FUT,BFO-FUT,BFO
212699909,830859,SENSEX5026AUGFUT,"SENSEX50",0,2026-08-27,0,0.05,75,FUT,BFO-FUT,BFO
217333509,848959,SENSEX5026SEPFUT,"SENSEX50",0,2026-09-24,0,0.05,75,FUT,BFO-FUT,BFO
224408069,876594,SENSEX5026OCTFUT,"SENSEX50",0,2026-10-29,0,0.05,75,FUT,BFO-FUT,BFO
211087877,824562,BANKEX26AUG64800PE,"BANKEX",0,2026-08-27,64800,0.05,30,PE,BFO-OPT,BFO
212830469,831369,BANKEX26AUG64800CE,"BANKEX",0,2026-08-27,64800,0.05,30,CE,BFO-OPT,BFO
211157253,824833,BANKEX26AUG64700CE,"BANKEX",0,2026-08-27,64700,0.05,30,CE,BFO-OPT,BFO
212634885,830605,BANKEX26AUG64700PE,"BANKEX",0,2026-08-27,64700,0.05,30,PE,BFO-OPT,BFO
212197125,828895,BANKEX26AUG64900CE,"BANKEX",0,2026-08-27,64900,0.05,30,CE,BFO-OPT,BFO
212761605,831100,BANKEX26AUG64900PE,"BANKEX",0,2026-08-27,64900,0.05,30,PE,BFO-OPT,BFO
210957317,824052,BANKEX26AUG64600PE,"BANKEX",0,2026-08-27,64600,0.05,30,PE,BFO-OPT,BFO
212707589,830889,BANKEX26AUG64600CE,"BANKEX",0,2026-08-27,64600,0.05,30,CE,BFO-OPT,BFO
211352837,825597,BANKEX26AUG65000CE,"BANKEX",0,2026-08-27,65000,0.05,30,CE,BFO-OPT,BFO
211789829,827304,BANKEX26AUG65000PE,"BANKEX",0,2026-08-27,65000,0.05,30,PE,BFO-OPT,BFO
211030277,824337,BANKEX26AUG64500CE,"BANKEX",0,2026-08-27,64500,0.05,30,CE,BFO-OPT,BFO
212510725,830120,BANKEX26AUG64500PE,"BANKEX",0,2026-08-27,64500,0.05,30,PE,BFO-OPT,BFO
211986181,828071,BANKEX26AUG65100CE,"BANKEX",0,2026-08-27,65100,0.05,30,CE,BFO-OPT,BFO
212554757,830292,BANKEX26AUG65100PE,"BANKEX",0,2026-08-27,65100,0.05,30,PE,BFO-OPT,BFO
210822149,823524,BANKEX26AUG64400PE,"BANKEX",0,2026-08-27,64400,0.05,30,PE,BFO-OPT,BFO
212582149,830399,BANKEX26AUG64400CE,"BANKEX",0,2026-08-27,64400,0.05,30,CE,BFO-OPT,BFO
211487237,826122,BANKEX26AUG65200CE,"BANKEX",0,2026-08-27,65200,0.05,30,CE,BFO-OPT,BFO
211919621,827811,BANKEX26AUG65200PE,"BANKEX",0,2026-08-27,65200,0.05,30,PE,BFO-OPT,BFO
210891525,823795,BANKEX26AUG64300CE,"BANKEX",0,2026-08-27,64300,0.05,30,CE,BFO-OPT,BFO
211336197,825532,BANKEX26AUG64300PE,"BANKEX",0,2026-08-27,64300,0.05,30,PE,BFO-OPT,BFO
211413765,825835,BANKEX26AUG65300PE,"BANKEX",0,2026-08-27,65300,0.05,30,PE,BFO-OPT,BFO
212113157,828567,BANKEX26AUG65300CE,"BANKEX",0,2026-08-27,65300,0.05,30,CE,BFO-OPT,BFO
212316933,829363,BANKEX26AUG64200CE,"BANKEX",0,2026-08-27,64200,0.05,30,CE,BFO-OPT,BFO
212872453,831533,BANKEX26AUG64200PE,"BANKEX",0,2026-08-27,64200,0.05,30,PE,BFO-OPT,BFO
211613445,826615,BANKEX26AUG65400CE,"BANKEX",0,2026-08-27,65400,0.05,30,CE,BFO-OPT,BFO
212043525,828295,BANKEX26AUG65400PE,"BANKEX",0,2026-08-27,65400,0.05,30,PE,BFO-OPT,BFO
210758405,823275,BANKEX26AUG64100CE,"BANKEX",0,2026-08-27,64100,0.05,30,CE,BFO-OPT,BFO
211197701,824991,BANKEX26AUG64100PE,"BANKEX",0,2026-08-27,64100,0.05,30,PE,BFO-OPT,BFO
211101189,824614,BANKEX26AUG65500CE,"BANKEX",0,2026-08-27,65500,0.05,30,CE,BFO-OPT,BFO
211544581,826346,BANKEX26AUG65500PE,"BANKEX",0,2026-08-27,65500,0.05,30,PE,BFO-OPT,BFO
212170245,828790,BANKEX26AUG65600PE,"BANKEX",0,2026-08-27,65600,0.05,30,PE,BFO-OPT,BFO
219201285,856255,BANKEX26AUG72900CE,"BANKEX",0,2026-08-27,72900,0.05,30,CE,BFO-OPT,BFO
219236613,856393,BANKEX26AUG72900PE,"BANKEX",0,2026-08-27,72900,0.05,30,PE,BFO-OPT,BFO
219310853,856683,BANKEX26AUG72800CE,"BANKEX",0,2026-08-27,72800,0.05,30,CE,BFO-OPT,BFO
219345157,856817,BANKEX26AUG72800PE,"BANKEX",0,2026-08-27,72800,0.05,30,PE,BFO-OPT,BFO
219191301,856216,BANKEX26AUG72700CE,"BANKEX",0,2026-08-27,72700,0.05,30,CE,BFO-OPT,BFO
219228165,856360,BANKEX26AUG72700PE,"BANKEX",0,2026-08-27,72700,0.05,30,PE,BFO-OPT,BFO
215408901,841441,BANKEX26AUG72600CE,"BANKEX",0,2026-08-27,72600,0.05,30,CE,BFO-OPT,BFO
215447301,841591,BANKEX26AUG72600PE,"BANKEX",0,2026-08-27,72600,0.05,30,PE,BFO-OPT,BFO
215403525,841420,BANKEX26AUG72500PE,"BANKEX",0,2026-08-27,72500,0.05,30,PE,BFO-OPT,BFO
215450373,841603,BANKEX26AUG72500CE,"BANKEX",0,2026-08-27,72500,0.05,30,CE,BFO-OPT,BFO
215097349,840224,BANKEX26AUG72400CE,"BANKEX",0,2026-08-27,72400,0.05,30,CE,BFO-OPT,BFO
215126021,840336,BANKEX26AUG72400PE,"BANKEX",0,2026-08-27,72400,0.05,30,PE,BFO-OPT,BFO
215083013,840168,BANKEX26AUG72300PE,"BANKEX",0,2026-08-27,72300,0.05,30,PE,BFO-OPT,BFO
215205893,840648,BANKEX26AUG72300CE,"BANKEX",0,2026-08-27,72300,0.05,30,CE,BFO-OPT,BFO
215088645,840190,BANKEX26AUG72200CE,"BANKEX",0,2026-08-27,72200,0.05,30,CE,BFO-OPT,BFO
215119109,840309,BANKEX26AUG72200PE,"BANKEX",0,2026-08-27,72200,0.05,30,PE,BFO-OPT,BFO
215072773,840128,BANKEX26AUG72100PE,"BANKEX",0,2026-08-27,72100,0.05,30,PE,BFO-OPT,BFO
215122181,840321,BANKEX26AUG72100CE,"BANKEX",0,2026-08-27,72100,0.05,30,CE,BFO-OPT,BFO
215079173,840153,BANKEX26AUG72000CE,"BANKEX",0,2026-08-27,72000,0.05,30,CE,BFO-OPT,BFO
215111429,840279,BANKEX26AUG72000PE,"BANKEX",0,2026-08-27,72000,0.05,30,PE,BFO-OPT,BFO
215001861,839851,BANKEX26AUG71900CE,"BANKEX",0,2026-08-27,71900,0.05,30,CE,BFO-OPT,BFO
215027205,839950,BANKEX26AUG71900PE,"BANKEX",0,2026-08-27,71900,0.05,30,PE,BFO-OPT,BFO
214990597,839807,BANKEX26AUG71800PE,"BANKEX",0,2026-08-27,71800,0.05,30,PE,BFO-OPT,BFO
215031045,839965,BANKEX26AUG71800CE,"BANKEX",0,2026-08-27,71800,0.05,30,CE,BFO-OPT,BFO
214995461,839826,BANKEX26AUG71700CE,"BANKEX",0,2026-08-27,71700,0.05,30,CE,BFO-OPT,BFO
215019269,839919,BANKEX26AUG71700PE,"BANKEX",0,2026-08-27,71700,0.05,30,PE,BFO-OPT,BFO
215024645,839940,BANKEX26AUG71600CE,"BANKEX",0,2026-08-27,71600,0.05,30,CE,BFO-OPT,BFO
215048453,840033,BANKEX26AUG71600PE,"BANKEX",0,2026-08-27,71600,0.05,30,PE,BFO-OPT,BFO
214863877,839312,BANKEX26AUG71500CE,"BANKEX",0,2026-08-27,71500,0.05,30,CE,BFO-OPT,BFO
214891781,839421,BANKEX26AUG71500PE,"BANKEX",0,2026-08-27,71500,0.05,30,PE,BFO-OPT,BFO
214752773,838878,BANKEX26AUG71400CE,"BANKEX",0,2026-08-27,71400,0.05,30,CE,BFO-OPT,BFO
214781957,838992,BANKEX26AUG71400PE,"BANKEX",0,2026-08-27,71400,0.05,30,PE,BFO-OPT,BFO
214737157,838817,BANKEX26AUG71300PE,"BANKEX",0,2026-08-27,71300,0.05,30,PE,BFO-OPT,BFO
214786821,839011,BANKEX26AUG71300CE,"BANKEX",0,2026-08-27,71300,0.05,30,CE,BFO-OPT,BFO
214741509,838834,BANKEX26AUG71200CE,"BANKEX",0,2026-08-27,71200,0.05,30,CE,BFO-OPT,BFO
214773253,838958,BANKEX26AUG71200PE,"BANKEX",0,2026-08-27,71200,0.05,30,PE,BFO-OPT,BFO
214673669,838569,BANKEX26AUG71100PE,"BANKEX",0,2026-08-27,71100,0.05,30,PE,BFO-OPT,BFO
214777349,838974,BANKEX26AUG71100CE,"BANKEX",0,2026-08-27,71100,0.05,30,CE,BFO-OPT,BFO
214626309,838384,BANKEX26AUG71000CE,"BANKEX",0,2026-08-27,71000,0.05,30,CE,BFO-OPT,BFO
214645253,838458,BANKEX26AUG71000PE,"BANKEX",0,2026-08-27,71000,0.05,30,PE,BFO-OPT,BFO
214592005,838250,BANKEX26AUG70900PE,"BANKEX",0,2026-08-27,70900,0.05,30,PE,BFO-OPT,BFO
214660869,838519,BANKEX26AUG70900CE,"BANKEX",0,2026-08-27,70900,0.05,30,CE,BFO-OPT,BFO
214595333,838263,BANKEX26AUG70800CE,"BANKEX",0,2026-08-27,70800,0.05,30,CE,BFO-OPT,BFO
214615557,838342,BANKEX26AUG70800PE,"BANKEX",0,2026-08-27,70800,0.05,30,PE,BFO-OPT,BFO
214585605,838225,BANKEX26AUG70700PE,"BANKEX",0,2026-08-27,70700,0.05,30,PE,BFO-OPT,BFO
214656005,838500,BANKEX26AUG70700CE,"BANKEX",0,2026-08-27,70700,0.05,30,CE,BFO-OPT,BFO
214589445,838240,BANKEX26AUG70600CE,"BANKEX",0,2026-08-27,70600,0.05,30,CE,BFO-OPT,BFO
214607877,838312,BANKEX26AUG70600PE,"BANKEX",0,2026-08-27,70600,0.05,30,PE,BFO-OPT,BFO
214611717,838327,BANKEX26AUG70500CE,"BANKEX",0,2026-08-27,70500,0.05,30,CE,BFO-OPT,BFO
214667781,838546,BANKEX26AUG70500PE,"BANKEX",0,2026-08-27,70500,0.05,30,PE,BFO-OPT,BFO
214581765,838210,BANKEX26AUG70400CE,"BANKEX",0,2026-08-27,70400,0.05,30,CE,BFO-OPT,BFO
214602245,838290,BANKEX26AUG70400PE,"BANKEX",0,2026-08-27,70400,0.05,30,PE,BFO-OPT,BFO
214605061,838301,BANKEX26AUG70300CE,"BANKEX",0,2026-08-27,70300,0.05,30,CE,BFO-OPT,BFO
214626053,838383,BANKEX26AUG70300PE,"BANKEX",0,2026-08-27,70300,0.05,30,PE,BFO-OPT,BFO
214597125,838270,BANKEX26AUG70200PE,"BANKEX",0,2026-08-27,70200,0.05,30,PE,BFO-OPT,BFO
214665733,838538,BANKEX26AUG70200CE,"BANKEX",0,2026-08-27,70200,0.05,30,CE,BFO-OPT,BFO
214600197,838282,BANKEX26AUG70100CE,"BANKEX",0,2026-08-27,70100,0.05,30,CE,BFO-OPT,BFO
214620165,838360,BANKEX26AUG70100PE,"BANKEX",0,2026-08-27,70100,0.05,30,PE,BFO-OPT,BFO
214591749,838249,BANKEX26AUG70000PE,"BANKEX",0,2026-08-27,70000,0.05,30,PE,BFO-OPT,BFO
214623493,838373,BANKEX26AUG70000CE,"BANKEX",0,2026-08-27,70000,0.05,30,CE,BFO-OPT,BFO
214591237,838247,BANKEX26AUG69900CE,"BANKEX",0,2026-08-27,69900,0.05,30,CE,BFO-OPT,BFO
214610693,838323,BANKEX26AUG69900PE,"BANKEX",0,2026-08-27,69900,0.05,30,PE,BFO-OPT,BFO
214614533,838338,BANKEX26AUG69800CE,"BANKEX",0,2026-08-27,69800,0.05,30,CE,BFO-OPT,BFO
214632709,838409,BANKEX26AUG69800PE,"BANKEX",0,2026-08-27,69800,0.05,30,PE,BFO-OPT,BFO
214603781,838296,BANKEX26AUG69700PE,"BANKEX",0,2026-08-27,69700,0.05,30,PE,BFO-OPT,BFO
214636293,838423,BANKEX26AUG69700CE,"BANKEX",0,2026-08-27,69700,0.05,30,CE,BFO-OPT,BFO
214607365,838310,BANKEX26AUG69600CE,"BANKEX",0,2026-08-27,69600,0.05,30,CE,BFO-OPT,BFO
214627845,838390,BANKEX26AUG69600PE,"BANKEX",0,2026-08-27,69600,0.05,30,PE,BFO-OPT,BFO
214630149,838399,BANKEX26AUG69500CE,"BANKEX",0,2026-08-27,69500,0.05,30,CE,BFO-OPT,BFO
214648325,838470,BANKEX26AUG69500PE,"BANKEX",0,2026-08-27,69500,0.05,30,PE,BFO-OPT,BFO
214601477,838287,BANKEX26AUG69400CE,"BANKEX",0,2026-08-27,69400,0.05,30,CE,BFO-OPT,BFO
214622725,838370,BANKEX26AUG69400PE,"BANKEX",0,2026-08-27,69400,0.05,30,PE,BFO-OPT,BFO
214289925,837070,BANKEX26AUG69300CE,"BANKEX",0,2026-08-27,69300,0.05,30,CE,BFO-OPT,BFO
214315525,837170,BANKEX26AUG69300PE,"BANKEX",0,2026-08-27,69300,0.05,30,PE,BFO-OPT,BFO
214257157,836942,BANKEX26AUG69200CE,"BANKEX",0,2026-08-27,69200,0.05,30,CE,BFO-OPT,BFO
214278149,837024,BANKEX26AUG69200PE,"BANKEX",0,2026-08-27,69200,0.05,30,PE,BFO-OPT,BFO
214283269,837044,BANKEX26AUG69100CE,"BANKEX",0,2026-08-27,69100,0.05,30,CE,BFO-OPT,BFO
214306565,837135,BANKEX26AUG69100PE,"BANKEX",0,2026-08-27,69100,0.05,30,PE,BFO-OPT,BFO
214271749,836999,BANKEX26AUG69000PE,"BANKEX",0,2026-08-27,69000,0.05,30,PE,BFO-OPT,BFO
214311685,837155,BANKEX26AUG69000CE,"BANKEX",0,2026-08-27,69000,0.05,30,CE,BFO-OPT,BFO
214245381,836896,BANKEX26AUG68900CE,"BANKEX",0,2026-08-27,68900,0.05,30,CE,BFO-OPT,BFO
214319109,837184,BANKEX26AUG68900PE,"BANKEX",0,2026-08-27,68900,0.05,30,PE,BFO-OPT,BFO
212319749,829374,BANKEX26AUG68800CE,"BANKEX",0,2026-08-27,68800,0.05,30,CE,BFO-OPT,BFO
212873989,831539,BANKEX26AUG68800PE,"BANKEX",0,2026-08-27,68800,0.05,30,PE,BFO-OPT,BFO
210760709,823284,BANKEX26AUG68700CE,"BANKEX",0,2026-08-27,68700,0.05,30,CE,BFO-OPT,BFO
211200005,825000,BANKEX26AUG68700PE,"BANKEX",0,2026-08-27,68700,0.05,30,PE,BFO-OPT,BFO
212184069,828844,BANKEX26AUG68600CE,"BANKEX",0,2026-08-27,68600,0.05,30,CE,BFO-OPT,BFO
212748805,831050,BANKEX26AUG68600PE,"BANKEX",0,2026-08-27,68600,0.05,30,PE,BFO-OPT,BFO
211075589,824514,BANKEX26AUG68500PE,"BANKEX",0,2026-08-27,68500,0.05,30,PE,BFO-OPT,BFO
212817413,831318,BANKEX26AUG68500CE,"BANKEX",0,2026-08-27,68500,0.05,30,CE,BFO-OPT,BFO
211142661,824776,BANKEX26AUG68400CE,"BANKEX",0,2026-08-27,68400,0.05,30,CE,BFO-OPT,BFO
212623109,830559,BANKEX26AUG68400PE,"BANKEX",0,2026-08-27,68400,0.05,30,PE,BFO-OPT,BFO
210941189,823989,BANKEX26AUG68300PE,"BANKEX",0,2026-08-27,68300,0.05,30,PE,BFO-OPT,BFO
212695557,830842,BANKEX26AUG68300CE,"BANKEX",0,2026-08-27,68300,0.05,30,CE,BFO-OPT,BFO
211017733,824288,BANKEX26AUG68200CE,"BANKEX",0,2026-08-27,68200,0.05,30,CE,BFO-OPT,BFO
212497413,830068,BANKEX26AUG68200PE,"BANKEX",0,2026-08-27,68200,0.05,30,PE,BFO-OPT,BFO
210809349,823474,BANKEX26AUG68100PE,"BANKEX",0,2026-08-27,68100,0.05,30,PE,BFO-OPT,BFO
212569349,830349,BANKEX26AUG68100CE,"BANKEX",0,2026-08-27,68100,0.05,30,CE,BFO-OPT,BFO
210879493,823748,BANKEX26AUG68000CE,"BANKEX",0,2026-08-27,68000,0.05,30,CE,BFO-OPT,BFO
211322629,825479,BANKEX26AUG68000PE,"BANKEX",0,2026-08-27,68000,0.05,30,PE,BFO-OPT,BFO
211739397,827107,BANKEX26AUG67900CE,"BANKEX",0,2026-08-27,67900,0.05,30,CE,BFO-OPT,BFO
212171525,828795,BANKEX26AUG67900PE,"BANKEX",0,2026-08-27,67900,0.05,30,PE,BFO-OPT,BFO
211102725,824620,BANKEX26AUG67800CE,"BANKEX",0,2026-08-27,67800,0.05,30,CE,BFO-OPT,BFO
211546117,826352,BANKEX26AUG67800PE,"BANKEX",0,2026-08-27,67800,0.05,30,PE,BFO-OPT,BFO
211614213,826618,BANKEX26AUG67700CE,"BANKEX",0,2026-08-27,67700,0.05,30,CE,BFO-OPT,BFO
212044805,828300,BANKEX26AUG67700PE,"BANKEX",0,2026-08-27,67700,0.05,30,PE,BFO-OPT,BFO
211414533,825838,BANKEX26AUG67600PE,"BANKEX",0,2026-08-27,67600,0.05,30,PE,BFO-OPT,BFO
212114437,828572,BANKEX26AUG67600CE,"BANKEX",0,2026-08-27,67600,0.05,30,CE,BFO-OPT,BFO
211488261,826126,BANKEX26AUG67500CE,"BANKEX",0,2026-08-27,67500,0.05,30,CE,BFO-OPT,BFO
211920901,827816,BANKEX26AUG67500PE,"BANKEX",0,2026-08-27,67500,0.05,30,PE,BFO-OPT,BFO
211988229,828079,BANKEX26AUG67400CE,"BANKEX",0,2026-08-27,67400,0.05,30,CE,BFO-OPT,BFO
212556037,830297,BANKEX26AUG67400PE,"BANKEX",0,2026-08-27,67400,0.05,30,PE,BFO-OPT,BFO
211354373,825603,BANKEX26AUG67300CE,"BANKEX",0,2026-08-27,67300,0.05,30,CE,BFO-OPT,BFO
211790853,827308,BANKEX26AUG67300PE,"BANKEX",0,2026-08-27,67300,0.05,30,PE,BFO-OPT,BFO
211857925,827570,BANKEX26AUG67200CE,"BANKEX",0,2026-08-27,67200,0.05,30,CE,BFO-OPT,BFO
212286981,829246,BANKEX26AUG67200PE,"BANKEX",0,2026-08-27,67200,0.05,30,PE,BFO-OPT,BFO
211212805,825050,BANKEX26AUG67100CE,"BANKEX",0,2026-08-27,67100,0.05,30,CE,BFO-OPT,BFO
211653893,826773,BANKEX26AUG67100PE,"BANKEX",0,2026-08-27,67100,0.05,30,PE,BFO-OPT,BFO
211724805,827050,BANKEX26AUG67000CE,"BANKEX",0,2026-08-27,67000,0.05,30,CE,BFO-OPT,BFO
212157445,828740,BANKEX26AUG67000PE,"BANKEX",0,2026-08-27,67000,0.05,30,PE,BFO-OPT,BFO
210958597,824057,BANKEX26AUG66900PE,"BANKEX",0,2026-08-27,66900,0.05,30,PE,BFO-OPT,BFO
212709637,830897,BANKEX26AUG66900CE,"BANKEX",0,2026-08-27,66900,0.05,30,CE,BFO-OPT,BFO
211032069,824344,BANKEX26AUG66800CE,"BANKEX",0,2026-08-27,66800,0.05,30,CE,BFO-OPT,BFO
212511749,830124,BANKEX26AUG66800PE,"BANKEX",0,2026-08-27,66800,0.05,30,PE,BFO-OPT,BFO
210822405,823525,BANKEX26AUG66700PE,"BANKEX",0,2026-08-27,66700,0.05,30,PE,BFO-OPT,BFO
212582917,830402,BANKEX26AUG66700CE,"BANKEX",0,2026-08-27,66700,0.05,30,CE,BFO-OPT,BFO
210892293,823798,BANKEX26AUG66600CE,"BANKEX",0,2026-08-27,66600,0.05,30,CE,BFO-OPT,BFO
211336965,825535,BANKEX26AUG66600PE,"BANKEX",0,2026-08-27,66600,0.05,30,PE,BFO-OPT,BFO
212317957,829367,BANKEX26AUG66500CE,"BANKEX",0,2026-08-27,66500,0.05,30,CE,BFO-OPT,BFO
212873221,831536,BANKEX26AUG66500PE,"BANKEX",0,2026-08-27,66500,0.05,30,PE,BFO-OPT,BFO
210759685,823280,BANKEX26AUG66400CE,"BANKEX",0,2026-08-27,66400,0.05,30,CE,BFO-OPT,BFO
211199237,824997,BANKEX26AUG66400PE,"BANKEX",0,2026-08-27,66400,0.05,30,PE,BFO-OPT,BFO
212182533,828838,BANKEX26AUG66300CE,"BANKEX",0,2026-08-27,66300,0.05,30,CE,BFO-OPT,BFO
212748549,831049,BANKEX26AUG66300PE,"BANKEX",0,2026-08-27,66300,0.05,30,PE,BFO-OPT,BFO
211074565,824510,BANKEX26AUG66200PE,"BANKEX",0,2026-08-27,66200,0.05,30,PE,BFO-OPT,BFO
212816389,831314,BANKEX26AUG66200CE,"BANKEX",0,2026-08-27,66200,0.05,30,CE,BFO-OPT,BFO
211141125,824770,BANKEX26AUG66100CE,"BANKEX",0,2026-08-27,66100,0.05,30,CE,BFO-OPT,BFO
212622085,830555,BANKEX26AUG66100PE,"BANKEX",0,2026-08-27,66100,0.05,30,PE,BFO-OPT,BFO
210940677,823987,BANKEX26AUG66000PE,"BANKEX",0,2026-08-27,66000,0.05,30,PE,BFO-OPT,BFO
212694533,830838,BANKEX26AUG66000CE,"BANKEX",0,2026-08-27,66000,0.05,30,CE,BFO-OPT,BFO
211366917,825652,BANKEX26AUG65900CE,"BANKEX",0,2026-08-27,65900,0.05,30,CE,BFO-OPT,BFO
211804933,827363,BANKEX26AUG65900PE,"BANKEX",0,2026-08-27,65900,0.05,30,PE,BFO-OPT,BFO
211871237,827622,BANKEX26AUG65800CE,"BANKEX",0,2026-08-27,65800,0.05,30,CE,BFO-OPT,BFO
212302853,829308,BANKEX26AUG65800PE,"BANKEX",0,2026-08-27,65800,0.05,30,PE,BFO-OPT,BFO
211225093,825098,BANKEX26AUG65700CE,"BANKEX",0,2026-08-27,65700,0.05,30,CE,BFO-OPT,BFO
211667717,826827,BANKEX26AUG65700PE,"BANKEX",0,2026-08-27,65700,0.05,30,PE,BFO-OPT,BFO
211738629,827104,BANKEX26AUG65600CE,"BANKEX",0,2026-08-27,65600,0.05,30,CE,BFO-OPT,BFO
211270917,825277,BANKEX26AUG64000CE,"BANKEX",0,2026-08-27,64000,0.05,30,CE,BFO-OPT,BFO
212747781,831046,BANKEX26AUG64000PE,"BANKEX",0,2026-08-27,64000,0.05,30,PE,BFO-OPT,BFO
211427845,825890,BANKEX26AUG63900PE,"BANKEX",0,2026-08-27,63900,0.05,30,PE,BFO-OPT,BFO
212124677,828612,BANKEX26AUG63900CE,"BANKEX",0,2026-08-27,63900,0.05,30,CE,BFO-OPT,BFO
211500805,826175,BANKEX26AUG63800CE,"BANKEX",0,2026-08-27,63800,0.05,30,CE,BFO-OPT,BFO
211934469,827869,BANKEX26AUG63800PE,"BANKEX",0,2026-08-27,63800,0.05,30,PE,BFO-OPT,BFO
211997445,828115,BANKEX26AUG63700CE,"BANKEX",0,2026-08-27,63700,0.05,30,CE,BFO-OPT,BFO
212567045,830340,BANKEX26AUG63700PE,"BANKEX",0,2026-08-27,63700,0.05,30,PE,BFO-OPT,BFO
211365637,825647,BANKEX26AUG63600CE,"BANKEX",0,2026-08-27,63600,0.05,30,CE,BFO-OPT,BFO
211803909,827359,BANKEX26AUG63600PE,"BANKEX",0,2026-08-27,63600,0.05,30,PE,BFO-OPT,BFO
211870213,827618,BANKEX26AUG63500CE,"BANKEX",0,2026-08-27,63500,0.05,30,CE,BFO-OPT,BFO
212300805,829300,BANKEX26AUG63500PE,"BANKEX",0,2026-08-27,63500,0.05,30,PE,BFO-OPT,BFO
211224581,825096,BANKEX26AUG63400CE,"BANKEX",0,2026-08-27,63400,0.05,30,CE,BFO-OPT,BFO
211667205,826825,BANKEX26AUG63400PE,"BANKEX",0,2026-08-27,63400,0.05,30,PE,BFO-OPT,BFO
211736837,827097,BANKEX26AUG63300CE,"BANKEX",0,2026-08-27,63300,0.05,30,CE,BFO-OPT,BFO
212168965,828785,BANKEX26AUG63300PE,"BANKEX",0,2026-08-27,63300,0.05,30,PE,BFO-OPT,BFO
211543557,826342,BANKEX26AUG63200PE,"BANKEX",0,2026-08-27,63200,0.05,30,PE,BFO-OPT,BFO
212241669,829069,BANKEX26AUG63200CE,"BANKEX",0,2026-08-27,63200,0.05,30,CE,BFO-OPT,BFO
211611397,826607,BANKEX26AUG63100CE,"BANKEX",0,2026-08-27,63100,0.05,30,CE,BFO-OPT,BFO
212043013,828293,BANKEX26AUG63100PE,"BANKEX",0,2026-08-27,63100,0.05,30,PE,BFO-OPT,BFO
212112133,828563,BANKEX26AUG63000CE,"BANKEX",0,2026-08-27,63000,0.05,30,CE,BFO-OPT,BFO
212679173,830778,BANKEX26AUG63000PE,"BANKEX",0,2026-08-27,63000,0.05,30,PE,BFO-OPT,BFO
210907909,823859,BANKEX26AUG62900CE,"BANKEX",0,2026-08-27,62900,0.05,30,CE,BFO-OPT,BFO
211352325,825595,BANKEX26AUG62900PE,"BANKEX",0,2026-08-27,62900,0.05,30,PE,BFO-OPT,BFO
212329221,829411,BANKEX26AUG62800CE,"BANKEX",0,2026-08-27,62800,0.05,30,CE,BFO-OPT,BFO
212883461,831576,BANKEX26AUG62800PE,"BANKEX",0,2026-08-27,62800,0.05,30,PE,BFO-OPT,BFO
210772485,823330,BANKEX26AUG62700CE,"BANKEX",0,2026-08-27,62700,0.05,30,CE,BFO-OPT,BFO
211211269,825044,BANKEX26AUG62700PE,"BANKEX",0,2026-08-27,62700,0.05,30,PE,BFO-OPT,BFO
212195845,828890,BANKEX26AUG62600CE,"BANKEX",0,2026-08-27,62600,0.05,30,CE,BFO-OPT,BFO
212760837,831097,BANKEX26AUG62600PE,"BANKEX",0,2026-08-27,62600,0.05,30,PE,BFO-OPT,BFO
211086853,824558,BANKEX26AUG62500PE,"BANKEX",0,2026-08-27,62500,0.05,30,PE,BFO-OPT,BFO
212828677,831362,BANKEX26AUG62500CE,"BANKEX",0,2026-08-27,62500,0.05,30,CE,BFO-OPT,BFO
211155461,824826,BANKEX26AUG62400CE,"BANKEX",0,2026-08-27,62400,0.05,30,CE,BFO-OPT,BFO
212634373,830603,BANKEX26AUG62400PE,"BANKEX",0,2026-08-27,62400,0.05,30,PE,BFO-OPT,BFO
210955781,824046,BANKEX26AUG62300PE,"BANKEX",0,2026-08-27,62300,0.05,30,PE,BFO-OPT,BFO
212705541,830881,BANKEX26AUG62300CE,"BANKEX",0,2026-08-27,62300,0.05,30,CE,BFO-OPT,BFO
211028485,824330,BANKEX26AUG62200CE,"BANKEX",0,2026-08-27,62200,0.05,30,CE,BFO-OPT,BFO
211470853,826058,BANKEX26AUG62200PE,"BANKEX",0,2026-08-27,62200,0.05,30,PE,BFO-OPT,BFO
210821125,823520,BANKEX26AUG62100PE,"BANKEX",0,2026-08-27,62100,0.05,30,PE,BFO-OPT,BFO
212580869,830394,BANKEX26AUG62100CE,"BANKEX",0,2026-08-27,62100,0.05,30,CE,BFO-OPT,BFO
210890501,823791,BANKEX26AUG62000CE,"BANKEX",0,2026-08-27,62000,0.05,30,CE,BFO-OPT,BFO
211335173,825528,BANKEX26AUG62000PE,"BANKEX",0,2026-08-27,62000,0.05,30,PE,BFO-OPT,BFO
211750917,827152,BANKEX26AUG61900CE,"BANKEX",0,2026-08-27,61900,0.05,30,CE,BFO-OPT,BFO
212181253,828833,BANKEX26AUG61900PE,"BANKEX",0,2026-08-27,61900,0.05,30,PE,BFO-OPT,BFO
211112709,824659,BANKEX26AUG61800CE,"BANKEX",0,2026-08-27,61800,0.05,30,CE,BFO-OPT,BFO
211555845,826390,BANKEX26AUG61800PE,"BANKEX",0,2026-08-27,61800,0.05,30,PE,BFO-OPT,BFO
211624965,826660,BANKEX26AUG61700CE,"BANKEX",0,2026-08-27,61700,0.05,30,CE,BFO-OPT,BFO
212055301,828341,BANKEX26AUG61700PE,"BANKEX",0,2026-08-27,61700,0.05,30,PE,BFO-OPT,BFO
211426821,825886,BANKEX26AUG61600PE,"BANKEX",0,2026-08-27,61600,0.05,30,PE,BFO-OPT,BFO
212124165,828610,BANKEX26AUG61600CE,"BANKEX",0,2026-08-27,61600,0.05,30,CE,BFO-OPT,BFO
211500293,826173,BANKEX26AUG61500CE,"BANKEX",0,2026-08-27,61500,0.05,30,CE,BFO-OPT,BFO
211932165,827860,BANKEX26AUG61500PE,"BANKEX",0,2026-08-27,61500,0.05,30,PE,BFO-OPT,BFO
211997189,828114,BANKEX26AUG61400CE,"BANKEX",0,2026-08-27,61400,0.05,30,CE,BFO-OPT,BFO
212565509,830334,BANKEX26AUG61400PE,"BANKEX",0,2026-08-27,61400,0.05,30,PE,BFO-OPT,BFO
211365381,825646,BANKEX26AUG61300CE,"BANKEX",0,2026-08-27,61300,0.05,30,CE,BFO-OPT,BFO
211802885,827355,BANKEX26AUG61300PE,"BANKEX",0,2026-08-27,61300,0.05,30,PE,BFO-OPT,BFO
211868421,827611,BANKEX26AUG61200CE,"BANKEX",0,2026-08-27,61200,0.05,30,CE,BFO-OPT,BFO
212299525,829295,BANKEX26AUG61200PE,"BANKEX",0,2026-08-27,61200,0.05,30,PE,BFO-OPT,BFO
211665925,826820,BANKEX26AUG61100PE,"BANKEX",0,2026-08-27,61100,0.05,30,PE,BFO-OPT,BFO
212504069,830094,BANKEX26AUG61100CE,"BANKEX",0,2026-08-27,61100,0.05,30,CE,BFO-OPT,BFO
211734533,827088,BANKEX26AUG61000CE,"BANKEX",0,2026-08-27,61000,0.05,30,CE,BFO-OPT,BFO
212166917,828777,BANKEX26AUG61000PE,"BANKEX",0,2026-08-27,61000,0.05,30,PE,BFO-OPT,BFO
210970885,824105,BANKEX26AUG60900PE,"BANKEX",0,2026-08-27,60900,0.05,30,PE,BFO-OPT,BFO
212721413,830943,BANKEX26AUG60900CE,"BANKEX",0,2026-08-27,60900,0.05,30,CE,BFO-OPT,BFO
211043333,824388,BANKEX26AUG60800CE,"BANKEX",0,2026-08-27,60800,0.05,30,CE,BFO-OPT,BFO
212524037,830172,BANKEX26AUG60800PE,"BANKEX",0,2026-08-27,60800,0.05,30,PE,BFO-OPT,BFO
210833669,823569,BANKEX26AUG60700PE,"BANKEX",0,2026-08-27,60700,0.05,30,PE,BFO-OPT,BFO
212592901,830441,BANKEX26AUG60700CE,"BANKEX",0,2026-08-27,60700,0.05,30,CE,BFO-OPT,BFO
210906117,823852,BANKEX26AUG60600CE,"BANKEX",0,2026-08-27,60600,0.05,30,CE,BFO-OPT,BFO
211351557,825592,BANKEX26AUG60600PE,"BANKEX",0,2026-08-27,60600,0.05,30,PE,BFO-OPT,BFO
212327941,829406,BANKEX26AUG60500CE,"BANKEX",0,2026-08-27,60500,0.05,30,CE,BFO-OPT,BFO
212882181,831571,BANKEX26AUG60500PE,"BANKEX",0,2026-08-27,60500,0.05,30,PE,BFO-OPT,BFO
210770949,823324,BANKEX26AUG60400CE,"BANKEX",0,2026-08-27,60400,0.05,30,CE,BFO-OPT,BFO
211210757,825042,BANKEX26AUG60400PE,"BANKEX",0,2026-08-27,60400,0.05,30,PE,BFO-OPT,BFO
211286021,825336,BANKEX26AUG60300CE,"BANKEX",0,2026-08-27,60300,0.05,30,CE,BFO-OPT,BFO
212759045,831090,BANKEX26AUG60300PE,"BANKEX",0,2026-08-27,60300,0.05,30,PE,BFO-OPT,BFO
211086085,824555,BANKEX26AUG60200PE,"BANKEX",0,2026-08-27,60200,0.05,30,PE,BFO-OPT,BFO
212827397,831357,BANKEX26AUG60200CE,"BANKEX",0,2026-08-27,60200,0.05,30,CE,BFO-OPT,BFO
211154181,824821,BANKEX26AUG60100CE,"BANKEX",0,2026-08-27,60100,0.05,30,CE,BFO-OPT,BFO
211598597,826557,BANKEX26AUG60100PE,"BANKEX",0,2026-08-27,60100,0.05,30,PE,BFO-OPT,BFO
210953221,824036,BANKEX26AUG60000PE,"BANKEX",0,2026-08-27,60000,0.05,30,PE,BFO-OPT,BFO
212704261,830876,BANKEX26AUG60000CE,"BANKEX",0,2026-08-27,60000,0.05,30,CE,BFO-OPT,BFO
210951941,824031,BANKEX26AUG59900CE,"BANKEX",0,2026-08-27,59900,0.05,30,CE,BFO-OPT,BFO
211397381,825771,BANKEX26AUG59900PE,"BANKEX",0,2026-08-27,59900,0.05,30,PE,BFO-OPT,BFO
211467781,826046,BANKEX26AUG59800CE,"BANKEX",0,2026-08-27,59800,0.05,30,CE,BFO-OPT,BFO
211901189,827739,BANKEX26AUG59800PE,"BANKEX",0,2026-08-27,59800,0.05,30,PE,BFO-OPT,BFO
210817541,823506,BANKEX26AUG59700CE,"BANKEX",0,2026-08-27,59700,0.05,30,CE,BFO-OPT,BFO
211258629,825229,BANKEX26AUG59700PE,"BANKEX",0,2026-08-27,59700,0.05,30,PE,BFO-OPT,BFO
211333381,825521,BANKEX26AUG59600CE,"BANKEX",0,2026-08-27,59600,0.05,30,CE,BFO-OPT,BFO
211772165,827235,BANKEX26AUG59600PE,"BANKEX",0,2026-08-27,59600,0.05,30,PE,BFO-OPT,BFO
211128325,824720,BANKEX26AUG59500PE,"BANKEX",0,2026-08-27,59500,0.05,30,PE,BFO-OPT,BFO
211842053,827508,BANKEX26AUG59500CE,"BANKEX",0,2026-08-27,59500,0.05,30,CE,BFO-OPT,BFO
211194373,824978,BANKEX26AUG59400CE,"BANKEX",0,2026-08-27,59400,0.05,30,CE,BFO-OPT,BFO
211640325,826720,BANKEX26AUG59400PE,"BANKEX",0,2026-08-27,59400,0.05,30,PE,BFO-OPT,BFO
211705093,826973,BANKEX26AUG59300CE,"BANKEX",0,2026-08-27,59300,0.05,30,CE,BFO-OPT,BFO
212139781,828671,BANKEX26AUG59300PE,"BANKEX",0,2026-08-27,59300,0.05,30,PE,BFO-OPT,BFO
211069957,824492,BANKEX26AUG59200CE,"BANKEX",0,2026-08-27,59200,0.05,30,CE,BFO-OPT,BFO
211516421,826236,BANKEX26AUG59200PE,"BANKEX",0,2026-08-27,59200,0.05,30,PE,BFO-OPT,BFO
211582981,826496,BANKEX26AUG59100CE,"BANKEX",0,2026-08-27,59100,0.05,30,CE,BFO-OPT,BFO
212012293,828173,BANKEX26AUG59100PE,"BANKEX",0,2026-08-27,59100,0.05,30,PE,BFO-OPT,BFO
211380997,825707,BANKEX26AUG59000PE,"BANKEX",0,2026-08-27,59000,0.05,30,PE,BFO-OPT,BFO
212079877,828437,BANKEX26AUG59000CE,"BANKEX",0,2026-08-27,59000,0.05,30,CE,BFO-OPT,BFO
211800325,827345,BANKEX26AUG58900CE,"BANKEX",0,2026-08-27,58900,0.05,30,CE,BFO-OPT,BFO
212229125,829020,BANKEX26AUG58900PE,"BANKEX",0,2026-08-27,58900,0.05,30,PE,BFO-OPT,BFO
212296709,829284,BANKEX26AUG58800CE,"BANKEX",0,2026-08-27,58800,0.05,30,CE,BFO-OPT,BFO
212858629,831479,BANKEX26AUG58800PE,"BANKEX",0,2026-08-27,58800,0.05,30,PE,BFO-OPT,BFO
212100613,828518,BANKEX26AUG58700PE,"BANKEX",0,2026-08-27,58700,0.05,30,PE,BFO-OPT,BFO
212924421,831736,BANKEX26AUG58700CE,"BANKEX",0,2026-08-27,58700,0.05,30,CE,BFO-OPT,BFO
212164101,828766,BANKEX26AUG58600CE,"BANKEX",0,2026-08-27,58600,0.05,30,CE,BFO-OPT,BFO
212736517,831002,BANKEX26AUG58600PE,"BANKEX",0,2026-08-27,58600,0.05,30,PE,BFO-OPT,BFO
211057413,824443,BANKEX26AUG58500PE,"BANKEX",0,2026-08-27,58500,0.05,30,PE,BFO-OPT,BFO
212801029,831254,BANKEX26AUG58500CE,"BANKEX",0,2026-08-27,58500,0.05,30,CE,BFO-OPT,BFO
212037381,828271,BANKEX26AUG58400CE,"BANKEX",0,2026-08-27,58400,0.05,30,CE,BFO-OPT,BFO
212608005,830500,BANKEX26AUG58400PE,"BANKEX",0,2026-08-27,58400,0.05,30,PE,BFO-OPT,BFO
210923781,823921,BANKEX26AUG58300PE,"BANKEX",0,2026-08-27,58300,0.05,30,PE,BFO-OPT,BFO
212675845,830765,BANKEX26AUG58300CE,"BANKEX",0,2026-08-27,58300,0.05,30,CE,BFO-OPT,BFO
210999045,824215,BANKEX26AUG58200CE,"BANKEX",0,2026-08-27,58200,0.05,30,CE,BFO-OPT,BFO
212346885,829480,BANKEX26AUG58200PE,"BANKEX",0,2026-08-27,58200,0.05,30,PE,BFO-OPT,BFO
210789637,823397,BANKEX26AUG58100PE,"BANKEX",0,2026-08-27,58100,0.05,30,PE,BFO-OPT,BFO
212549893,830273,BANKEX26AUG58100CE,"BANKEX",0,2026-08-27,58100,0.05,30,CE,BFO-OPT,BFO
210860549,823674,BANKEX26AUG58000CE,"BANKEX",0,2026-08-27,58000,0.05,30,CE,BFO-OPT,BFO
211305477,825412,BANKEX26AUG58000PE,"BANKEX",0,2026-08-27,58000,0.05,30,PE,BFO-OPT,BFO
211016965,824285,BANKEX26AUG57900PE,"BANKEX",0,2026-08-27,57900,0.05,30,PE,BFO-OPT,BFO
211719685,827030,BANKEX26AUG57900CE,"BANKEX",0,2026-08-27,57900,0.05,30,CE,BFO-OPT,BFO
211084293,824548,BANKEX26AUG57800CE,"BANKEX",0,2026-08-27,57800,0.05,30,CE,BFO-OPT,BFO
211528453,826283,BANKEX26AUG57800PE,"BANKEX",0,2026-08-27,57800,0.05,30,PE,BFO-OPT,BFO
211596549,826549,BANKEX26AUG57700CE,"BANKEX",0,2026-08-27,57700,0.05,30,CE,BFO-OPT,BFO
212026117,828227,BANKEX26AUG57700PE,"BANKEX",0,2026-08-27,57700,0.05,30,PE,BFO-OPT,BFO
210950917,824027,BANKEX26AUG57600CE,"BANKEX",0,2026-08-27,57600,0.05,30,CE,BFO-OPT,BFO
211396357,825767,BANKEX26AUG57600PE,"BANKEX",0,2026-08-27,57600,0.05,30,PE,BFO-OPT,BFO
211466501,826041,BANKEX26AUG57500CE,"BANKEX",0,2026-08-27,57500,0.05,30,CE,BFO-OPT,BFO
211900165,827735,BANKEX26AUG57500PE,"BANKEX",0,2026-08-27,57500,0.05,30,PE,BFO-OPT,BFO
211256581,825221,BANKEX26AUG57400PE,"BANKEX",0,2026-08-27,57400,0.05,30,PE,BFO-OPT,BFO
211973381,828021,BANKEX26AUG57400CE,"BANKEX",0,2026-08-27,57400,0.05,30,CE,BFO-OPT,BFO
211332613,825518,BANKEX26AUG57300CE,"BANKEX",0,2026-08-27,57300,0.05,30,CE,BFO-OPT,BFO
211770373,827228,BANKEX26AUG57300PE,"BANKEX",0,2026-08-27,57300,0.05,30,PE,BFO-OPT,BFO
211841029,827504,BANKEX26AUG57200CE,"BANKEX",0,2026-08-27,57200,0.05,30,CE,BFO-OPT,BFO
212269829,829179,BANKEX26AUG57200PE,"BANKEX",0,2026-08-27,57200,0.05,30,PE,BFO-OPT,BFO
211193349,824974,BANKEX26AUG57100CE,"BANKEX",0,2026-08-27,57100,0.05,30,CE,BFO-OPT,BFO
211639045,826715,BANKEX26AUG57100PE,"BANKEX",0,2026-08-27,57100,0.05,30,PE,BFO-OPT,BFO
211702789,826964,BANKEX26AUG57000CE,"BANKEX",0,2026-08-27,57000,0.05,30,CE,BFO-OPT,BFO
212137733,828663,BANKEX26AUG57000PE,"BANKEX",0,2026-08-27,57000,0.05,30,PE,BFO-OPT,BFO
210934789,823964,BANKEX26AUG56900PE,"BANKEX",0,2026-08-27,56900,0.05,30,PE,BFO-OPT,BFO
212689925,830820,BANKEX26AUG56900CE,"BANKEX",0,2026-08-27,56900,0.05,30,CE,BFO-OPT,BFO
211928837,827847,BANKEX26AUG56800CE,"BANKEX",0,2026-08-27,56800,0.05,30,CE,BFO-OPT,BFO
212491269,830044,BANKEX26AUG56800PE,"BANKEX",0,2026-08-27,56800,0.05,30,PE,BFO-OPT,BFO
210803973,823453,BANKEX26AUG56700PE,"BANKEX",0,2026-08-27,56700,0.05,30,PE,BFO-OPT,BFO
212562181,830321,BANKEX26AUG56700CE,"BANKEX",0,2026-08-27,56700,0.05,30,CE,BFO-OPT,BFO
210872837,823722,BANKEX26AUG56600CE,"BANKEX",0,2026-08-27,56600,0.05,30,CE,BFO-OPT,BFO
212227589,829014,BANKEX26AUG56600PE,"BANKEX",0,2026-08-27,56600,0.05,30,PE,BFO-OPT,BFO
212295429,829279,BANKEX26AUG56500CE,"BANKEX",0,2026-08-27,56500,0.05,30,CE,BFO-OPT,BFO
212857861,831476,BANKEX26AUG56500PE,"BANKEX",0,2026-08-27,56500,0.05,30,PE,BFO-OPT,BFO
211181317,824927,BANKEX26AUG56400PE,"BANKEX",0,2026-08-27,56400,0.05,30,PE,BFO-OPT,BFO
212922373,831728,BANKEX26AUG56400CE,"BANKEX",0,2026-08-27,56400,0.05,30,CE,BFO-OPT,BFO
212162821,828761,BANKEX26AUG56300CE,"BANKEX",0,2026-08-27,56300,0.05,30,CE,BFO-OPT,BFO
212734981,830996,BANKEX26AUG56300PE,"BANKEX",0,2026-08-27,56300,0.05,30,PE,BFO-OPT,BFO
211057157,824442,BANKEX26AUG56200PE,"BANKEX",0,2026-08-27,56200,0.05,30,PE,BFO-OPT,BFO
212798213,831243,BANKEX26AUG56200CE,"BANKEX",0,2026-08-27,56200,0.05,30,CE,BFO-OPT,BFO
212035845,828265,BANKEX26AUG56100CE,"BANKEX",0,2026-08-27,56100,0.05,30,CE,BFO-OPT,BFO
212606469,830494,BANKEX26AUG56100PE,"BANKEX",0,2026-08-27,56100,0.05,30,PE,BFO-OPT,BFO
210922501,823916,BANKEX26AUG56000PE,"BANKEX",0,2026-08-27,56000,0.05,30,PE,BFO-OPT,BFO
212674821,830761,BANKEX26AUG56000CE,"BANKEX",0,2026-08-27,56000,0.05,30,CE,BFO-OPT,BFO
211347461,825576,BANKEX26AUG55900CE,"BANKEX",0,2026-08-27,55900,0.05,30,CE,BFO-OPT,BFO
211785733,827288,BANKEX26AUG55900PE,"BANKEX",0,2026-08-27,55900,0.05,30,PE,BFO-OPT,BFO
211140357,824767,BANKEX26AUG55800PE,"BANKEX",0,2026-08-27,55800,0.05,30,PE,BFO-OPT,BFO
211851781,827546,BANKEX26AUG55800CE,"BANKEX",0,2026-08-27,55800,0.05,30,CE,BFO-OPT,BFO
211206661,825026,BANKEX26AUG55700CE,"BANKEX",0,2026-08-27,55700,0.05,30,CE,BFO-OPT,BFO
211649285,826755,BANKEX26AUG55700PE,"BANKEX",0,2026-08-27,55700,0.05,30,PE,BFO-OPT,BFO
211718661,827026,BANKEX26AUG55600CE,"BANKEX",0,2026-08-27,55600,0.05,30,CE,BFO-OPT,BFO
212151301,828716,BANKEX26AUG55600PE,"BANKEX",0,2026-08-27,55600,0.05,30,PE,BFO-OPT,BFO
211083269,824544,BANKEX26AUG55500CE,"BANKEX",0,2026-08-27,55500,0.05,30,CE,BFO-OPT,BFO
211526661,826276,BANKEX26AUG55500PE,"BANKEX",0,2026-08-27,55500,0.05,30,PE,BFO-OPT,BFO
211595013,826543,BANKEX26AUG55400CE,"BANKEX",0,2026-08-27,55400,0.05,30,CE,BFO-OPT,BFO
212024325,828220,BANKEX26AUG55400PE,"BANKEX",0,2026-08-27,55400,0.05,30,PE,BFO-OPT,BFO
211395589,825764,BANKEX26AUG55300PE,"BANKEX",0,2026-08-27,55300,0.05,30,PE,BFO-OPT,BFO
212091653,828483,BANKEX26AUG55300CE,"BANKEX",0,2026-08-27,55300,0.05,30,CE,BFO-OPT,BFO
211465477,826037,BANKEX26AUG55200CE,"BANKEX",0,2026-08-27,55200,0.05,30,CE,BFO-OPT,BFO
211898373,827728,BANKEX26AUG55200PE,"BANKEX",0,2026-08-27,55200,0.05,30,PE,BFO-OPT,BFO
211255045,825215,BANKEX26AUG55100PE,"BANKEX",0,2026-08-27,55100,0.05,30,PE,BFO-OPT,BFO
211971077,828012,BANKEX26AUG55100CE,"BANKEX",0,2026-08-27,55100,0.05,30,CE,BFO-OPT,BFO
211331077,825512,BANKEX26AUG55000CE,"BANKEX",0,2026-08-27,55000,0.05,30,CE,BFO-OPT,BFO
211768581,827221,BANKEX26AUG55000PE,"BANKEX",0,2026-08-27,55000,0.05,30,PE,BFO-OPT,BFO
212177669,828819,BANKEX26AUG54900CE,"BANKEX",0,2026-08-27,54900,0.05,30,CE,BFO-OPT,BFO
212744197,831032,BANKEX26AUG54900PE,"BANKEX",0,2026-08-27,54900,0.05,30,PE,BFO-OPT,BFO
211069189,824489,BANKEX26AUG54800PE,"BANKEX",0,2026-08-27,54800,0.05,30,PE,BFO-OPT,BFO
212812037,831297,BANKEX26AUG54800CE,"BANKEX",0,2026-08-27,54800,0.05,30,CE,BFO-OPT,BFO
213250053,833008,BANKEX26AUG54700CE,"BANKEX",0,2026-08-27,54700,0.05,30,CE,BFO-OPT,BFO
213305093,833223,BANKEX26AUG54700PE,"BANKEX",0,2026-08-27,54700,0.05,30,PE,BFO-OPT,BFO
213126661,832526,BANKEX26AUG54600PE,"BANKEX",0,2026-08-27,54600,0.05,30,PE,BFO-OPT,BFO
213313541,833256,BANKEX26AUG54600CE,"BANKEX",0,2026-08-27,54600,0.05,30,CE,BFO-OPT,BFO
213134085,832555,BANKEX26AUG54500CE,"BANKEX",0,2026-08-27,54500,0.05,30,CE,BFO-OPT,BFO
213288965,833160,BANKEX26AUG54500PE,"BANKEX",0,2026-08-27,54500,0.05,30,PE,BFO-OPT,BFO
213110021,832461,BANKEX26AUG54400PE,"BANKEX",0,2026-08-27,54400,0.05,30,PE,BFO-OPT,BFO
213296645,833190,BANKEX26AUG54400CE,"BANKEX",0,2026-08-27,54400,0.05,30,CE,BFO-OPT,BFO
213118469,832494,BANKEX26AUG54300CE,"BANKEX",0,2026-08-27,54300,0.05,30,CE,BFO-OPT,BFO
213170181,832696,BANKEX26AUG54300PE,"BANKEX",0,2026-08-27,54300,0.05,30,PE,BFO-OPT,BFO
213280261,833126,BANKEX26AUG54200CE,"BANKEX",0,2026-08-27,54200,0.05,30,CE,BFO-OPT,BFO
213336837,833347,BANKEX26AUG54200PE,"BANKEX",0,2026-08-27,54200,0.05,30,PE,BFO-OPT,BFO
213155333,832638,BANKEX26AUG54100PE,"BANKEX",0,2026-08-27,54100,0.05,30,PE,BFO-OPT,BFO
213345029,833379,BANKEX26AUG54100CE,"BANKEX",0,2026-08-27,54100,0.05,30,CE,BFO-OPT,BFO
213526277,834087,BANKEX26AUG54000CE,"BANKEX",0,2026-08-27,54000,0.05,30,CE,BFO-OPT,BFO
213585925,834320,BANKEX26AUG54000PE,"BANKEX",0,2026-08-27,54000,0.05,30,PE,BFO-OPT,BFO
213375493,833498,BANKEX26AUG53900CE,"BANKEX",0,2026-08-27,53900,0.05,30,CE,BFO-OPT,BFO
213438213,833743,BANKEX26AUG53900PE,"BANKEX",0,2026-08-27,53900,0.05,30,PE,BFO-OPT,BFO
215457285,841630,BANKEX26SEP71100CE,"BANKEX",0,2026-09-24,71100,0.05,30,CE,BFO-OPT,BFO
215483653,841733,BANKEX26SEP65100PE,"BANKEX",0,2026-09-24,65100,0.05,30,PE,BFO-OPT,BFO
215484421,841736,BANKEX26SEP67400PE,"BANKEX",0,2026-09-24,67400,0.05,30,PE,BFO-OPT,BFO
215485445,841740,BANKEX26SEP69700PE,"BANKEX",0,2026-09-24,69700,0.05,30,PE,BFO-OPT,BFO
215494661,841776,BANKEX26SEP61400PE,"BANKEX",0,2026-09-24,61400,0.05,30,PE,BFO-OPT,BFO
215495429,841779,BANKEX26SEP63700PE,"BANKEX",0,2026-09-24,63700,0.05,30,PE,BFO-OPT,BFO
215496965,841785,BANKEX26SEP68100CE,"BANKEX",0,2026-09-24,68100,0.05,30,CE,BFO-OPT,BFO
215507717,841827,BANKEX26SEP64400CE,"BANKEX",0,2026-09-24,64400,0.05,30,CE,BFO-OPT,BFO
215508229,841829,BANKEX26SEP66700CE,"BANKEX",0,2026-09-24,66700,0.05,30,CE,BFO-OPT,BFO
215511557,841842,BANKEX26SEP71400PE,"BANKEX",0,2026-09-24,71400,0.05,30,PE,BFO-OPT,BFO
215517957,841867,BANKEX26SEP60700CE,"BANKEX",0,2026-09-24,60700,0.05,30,CE,BFO-OPT,BFO
215546885,841980,BANKEX26SEP65000CE,"BANKEX",0,2026-09-24,65000,0.05,30,CE,BFO-OPT,BFO
215555845,842015,BANKEX26SEP61300CE,"BANKEX",0,2026-09-24,61300,0.05,30,CE,BFO-OPT,BFO
215573253,842083,BANKEX26SEP59000PE,"BANKEX",0,2026-09-24,59000,0.05,30,PE,BFO-OPT,BFO
215574021,842086,BANKEX26SEP71300CE,"BANKEX",0,2026-09-24,71300,0.05,30,CE,BFO-OPT,BFO
215595269,842169,BANKEX26SEP69000PE,"BANKEX",0,2026-09-24,69000,0.05,30,PE,BFO-OPT,BFO
215606533,842213,BANKEX26SEP63000PE,"BANKEX",0,2026-09-24,63000,0.05,30,PE,BFO-OPT,BFO
215608069,842219,BANKEX26SEP65300PE,"BANKEX",0,2026-09-24,65300,0.05,30,PE,BFO-OPT,BFO
215609605,842225,BANKEX26SEP67600PE,"BANKEX",0,2026-09-24,67600,0.05,30,PE,BFO-OPT,BFO
215619333,842263,BANKEX26SEP61600PE,"BANKEX",0,2026-09-24,61600,0.05,30,PE,BFO-OPT,BFO
215619845,842265,BANKEX26SEP63900PE,"BANKEX",0,2026-09-24,63900,0.05,30,PE,BFO-OPT,BFO
215620869,842269,BANKEX26SEP66000CE,"BANKEX",0,2026-09-24,66000,0.05,30,CE,BFO-OPT,BFO
215622661,842276,BANKEX26SEP68300CE,"BANKEX",0,2026-09-24,68300,0.05,30,CE,BFO-OPT,BFO
215633925,842320,BANKEX26SEP62300CE,"BANKEX",0,2026-09-24,62300,0.05,30,CE,BFO-OPT,BFO
215634693,842323,BANKEX26SEP64600CE,"BANKEX",0,2026-09-24,64600,0.05,30,CE,BFO-OPT,BFO
215635205,842325,BANKEX26SEP66900CE,"BANKEX",0,2026-09-24,66900,0.05,30,CE,BFO-OPT,BFO
215637509,842334,BANKEX26SEP71600PE,"BANKEX",0,2026-09-24,71600,0.05,30,PE,BFO-OPT,BFO
215644165,842360,BANKEX26SEP60900CE,"BANKEX",0,2026-09-24,60900,0.05,30,CE,BFO-OPT,BFO
215664645,842440,BANKEX26SEP58600PE,"BANKEX",0,2026-09-24,58600,0.05,30,PE,BFO-OPT,BFO
215665157,842442,BANKEX26SEP70900CE,"BANKEX",0,2026-09-24,70900,0.05,30,CE,BFO-OPT,BFO
215680261,842501,BANKEX26SEP66300PE,"BANKEX",0,2026-09-24,66300,0.05,30,PE,BFO-OPT,BFO
215681285,842505,BANKEX26SEP68600PE,"BANKEX",0,2026-09-24,68600,0.05,30,PE,BFO-OPT,BFO
215688709,842534,BANKEX26SEP62600PE,"BANKEX",0,2026-09-24,62600,0.05,30,PE,BFO-OPT,BFO
215689221,842536,BANKEX26SEP64900PE,"BANKEX",0,2026-09-24,64900,0.05,30,PE,BFO-OPT,BFO
215701509,842584,BANKEX26SEP71500CE,"BANKEX",0,2026-09-24,71500,0.05,30,CE,BFO-OPT,BFO
215725317,842677,BANKEX26SEP69200PE,"BANKEX",0,2026-09-24,69200,0.05,30,PE,BFO-OPT,BFO
215738885,842730,BANKEX26SEP63200PE,"BANKEX",0,2026-09-24,63200,0.05,30,PE,BFO-OPT,BFO
215741189,842739,BANKEX26SEP65500PE,"BANKEX",0,2026-09-24,65500,0.05,30,PE,BFO-OPT,BFO
215756549,842799,BANKEX26SEP66200CE,"BANKEX",0,2026-09-24,66200,0.05,30,CE,BFO-OPT,BFO
215757573,842803,BANKEX26SEP68500CE,"BANKEX",0,2026-09-24,68500,0.05,30,CE,BFO-OPT,BFO
215767557,842842,BANKEX26SEP60200CE,"BANKEX",0,2026-09-24,60200,0.05,30,CE,BFO-OPT,BFO
215769093,842848,BANKEX26SEP62500CE,"BANKEX",0,2026-09-24,62500,0.05,30,CE,BFO-OPT,BFO
215770117,842852,BANKEX26SEP64800CE,"BANKEX",0,2026-09-24,64800,0.05,30,CE,BFO-OPT,BFO
215774981,842871,BANKEX26SEP71800PE,"BANKEX",0,2026-09-24,71800,0.05,30,PE,BFO-OPT,BFO
215787781,842921,BANKEX26SEP72500CE,"BANKEX",0,2026-09-24,72500,0.05,30,CE,BFO-OPT,BFO
215800069,842969,BANKEX26SEP58800PE,"BANKEX",0,2026-09-24,58800,0.05,30,PE,BFO-OPT,BFO
215817733,843038,BANKEX26SEP64200PE,"BANKEX",0,2026-09-24,64200,0.05,30,PE,BFO-OPT,BFO
215819269,843044,BANKEX26SEP66500PE,"BANKEX",0,2026-09-24,66500,0.05,30,PE,BFO-OPT,BFO
215821317,843052,BANKEX26SEP68800PE,"BANKEX",0,2026-09-24,68800,0.05,30,PE,BFO-OPT,BFO
215827461,843076,BANKEX26SEP60500PE,"BANKEX",0,2026-09-24,60500,0.05,30,PE,BFO-OPT,BFO
215828485,843080,BANKEX26SEP62800PE,"BANKEX",0,2026-09-24,62800,0.05,30,PE,BFO-OPT,BFO
215863813,843218,BANKEX26SEP58700CE,"BANKEX",0,2026-09-24,58700,0.05,30,CE,BFO-OPT,BFO
215866629,843229,BANKEX26SEP61100PE,"BANKEX",0,2026-09-24,61100,0.05,30,PE,BFO-OPT,BFO
215882757,843292,BANKEX26SEP64100CE,"BANKEX",0,2026-09-24,64100,0.05,30,CE,BFO-OPT,BFO
215884293,843298,BANKEX26SEP66400CE,"BANKEX",0,2026-09-24,66400,0.05,30,CE,BFO-OPT,BFO
215885573,843303,BANKEX26SEP68700CE,"BANKEX",0,2026-09-24,68700,0.05,30,CE,BFO-OPT,BFO
215887621,843311,BANKEX26SEP71100PE,"BANKEX",0,2026-09-24,71100,0.05,30,PE,BFO-OPT,BFO
215894789,843339,BANKEX26SEP60400CE,"BANKEX",0,2026-09-24,60400,0.05,30,CE,BFO-OPT,BFO
215896837,843347,BANKEX26SEP62700CE,"BANKEX",0,2026-09-24,62700,0.05,30,CE,BFO-OPT,BFO
215913221,843411,BANKEX26SEP70400CE,"BANKEX",0,2026-09-24,70400,0.05,30,CE,BFO-OPT,BFO
215933701,843491,BANKEX26SEP68100PE,"BANKEX",0,2026-09-24,68100,0.05,30,PE,BFO-OPT,BFO
215942661,843526,BANKEX26SEP62100PE,"BANKEX",0,2026-09-24,62100,0.05,30,PE,BFO-OPT,BFO
215944197,843532,BANKEX26SEP64400PE,"BANKEX",0,2026-09-24,64400,0.05,30,PE,BFO-OPT,BFO
215945221,843536,BANKEX26SEP66700PE,"BANKEX",0,2026-09-24,66700,0.05,30,PE,BFO-OPT,BFO
215954181,843571,BANKEX26SEP60700PE,"BANKEX",0,2026-09-24,60700,0.05,30,PE,BFO-OPT,BFO
215954693,843573,BANKEX26SEP71000CE,"BANKEX",0,2026-09-24,71000,0.05,30,CE,BFO-OPT,BFO
215969797,843632,BANKEX26SEP70700PE,"BANKEX",0,2026-09-24,70700,0.05,30,PE,BFO-OPT,BFO
215991813,843718,BANKEX26SEP58900CE,"BANKEX",0,2026-09-24,58900,0.05,30,CE,BFO-OPT,BFO
215997957,843742,BANKEX26SEP68000CE,"BANKEX",0,2026-09-24,68000,0.05,30,CE,BFO-OPT,BFO
216008709,843784,BANKEX26SEP62000CE,"BANKEX",0,2026-09-24,62000,0.05,30,CE,BFO-OPT,BFO
216009989,843789,BANKEX26SEP64300CE,"BANKEX",0,2026-09-24,64300,0.05,30,CE,BFO-OPT,BFO
216011269,843794,BANKEX26SEP66600CE,"BANKEX",0,2026-09-24,66600,0.05,30,CE,BFO-OPT,BFO
216012805,843800,BANKEX26SEP68900CE,"BANKEX",0,2026-09-24,68900,0.05,30,CE,BFO-OPT,BFO
216014597,843807,BANKEX26SEP71300PE,"BANKEX",0,2026-09-24,71300,0.05,30,PE,BFO-OPT,BFO
216020485,843830,BANKEX26SEP60600CE,"BANKEX",0,2026-09-24,60600,0.05,30,CE,BFO-OPT,BFO
216022021,843836,BANKEX26SEP62900CE,"BANKEX",0,2026-09-24,62900,0.05,30,CE,BFO-OPT,BFO
216025861,843851,BANKEX26SEP72000CE,"BANKEX",0,2026-09-24,72000,0.05,30,CE,BFO-OPT,BFO
216037381,843896,BANKEX26SEP70600CE,"BANKEX",0,2026-09-24,70600,0.05,30,CE,BFO-OPT,BFO
216056581,843971,BANKEX26SEP66000PE,"BANKEX",0,2026-09-24,66000,0.05,30,PE,BFO-OPT,BFO
216058885,843980,BANKEX26SEP68300PE,"BANKEX",0,2026-09-24,68300,0.05,30,PE,BFO-OPT,BFO
216068101,844016,BANKEX26SEP59900CE,"BANKEX",0,2026-09-24,59900,0.05,30,CE,BFO-OPT,BFO
216069125,844020,BANKEX26SEP60000PE,"BANKEX",0,2026-09-24,60000,0.05,30,PE,BFO-OPT,BFO
216070661,844026,BANKEX26SEP62300PE,"BANKEX",0,2026-09-24,62300,0.05,30,PE,BFO-OPT,BFO
216071941,844031,BANKEX26SEP64600PE,"BANKEX",0,2026-09-24,64600,0.05,30,PE,BFO-OPT,BFO
216072709,844034,BANKEX26SEP66900PE,"BANKEX",0,2026-09-24,66900,0.05,30,PE,BFO-OPT,BFO
216080133,844063,BANKEX26SEP60900PE,"BANKEX",0,2026-09-24,60900,0.05,30,PE,BFO-OPT,BFO
216084485,844080,BANKEX26SEP72300PE,"BANKEX",0,2026-09-24,72300,0.05,30,PE,BFO-OPT,BFO
216095749,844124,BANKEX26SEP70900PE,"BANKEX",0,2026-09-24,70900,0.05,30,PE,BFO-OPT,BFO
216121349,844224,BANKEX26SEP68200CE,"BANKEX",0,2026-09-24,68200,0.05,30,CE,BFO-OPT,BFO
216131077,844262,BANKEX26SEP62200CE,"BANKEX",0,2026-09-24,62200,0.05,30,CE,BFO-OPT,BFO
216134917,844277,BANKEX26SEP64500CE,"BANKEX",0,2026-09-24,64500,0.05,30,CE,BFO-OPT,BFO
216135685,844280,BANKEX26SEP66800CE,"BANKEX",0,2026-09-24,66800,0.05,30,CE,BFO-OPT,BFO
216146181,844321,BANKEX26SEP60800CE,"BANKEX",0,2026-09-24,60800,0.05,30,CE,BFO-OPT,BFO
216150789,844339,BANKEX26SEP72200CE,"BANKEX",0,2026-09-24,72200,0.05,30,CE,BFO-OPT,BFO
216161541,844381,BANKEX26SEP70800CE,"BANKEX",0,2026-09-24,70800,0.05,30,CE,BFO-OPT,BFO
216179717,844452,BANKEX26SEP66200PE,"BANKEX",0,2026-09-24,66200,0.05,30,PE,BFO-OPT,BFO
216182021,844461,BANKEX26SEP68500PE,"BANKEX",0,2026-09-24,68500,0.05,30,PE,BFO-OPT,BFO
216194053,844508,BANKEX26SEP60200PE,"BANKEX",0,2026-09-24,60200,0.05,30,PE,BFO-OPT,BFO
216195845,844515,BANKEX26SEP62500PE,"BANKEX",0,2026-09-24,62500,0.05,30,PE,BFO-OPT,BFO
216196869,844519,BANKEX26SEP64800PE,"BANKEX",0,2026-09-24,64800,0.05,30,PE,BFO-OPT,BFO
216214021,844586,BANKEX26SEP70200PE,"BANKEX",0,2026-09-24,70200,0.05,30,PE,BFO-OPT,BFO
216214533,844588,BANKEX26SEP72500PE,"BANKEX",0,2026-09-24,72500,0.05,30,PE,BFO-OPT,BFO
216254213,844743,BANKEX26SEP66100CE,"BANKEX",0,2026-09-24,66100,0.05,30,CE,BFO-OPT,BFO
216255237,844747,BANKEX26SEP68400CE,"BANKEX",0,2026-09-24,68400,0.05,30,CE,BFO-OPT,BFO
216262405,844775,BANKEX26SEP60100CE,"BANKEX",0,2026-09-24,60100,0.05,30,CE,BFO-OPT,BFO
216264453,844783,BANKEX26SEP62400CE,"BANKEX",0,2026-09-24,62400,0.05,30,CE,BFO-OPT,BFO
216265221,844786,BANKEX26SEP64700CE,"BANKEX",0,2026-09-24,64700,0.05,30,CE,BFO-OPT,BFO
216281605,844850,BANKEX26SEP70100CE,"BANKEX",0,2026-09-24,70100,0.05,30,CE,BFO-OPT,BFO
216282629,844854,BANKEX26SEP72400CE,"BANKEX",0,2026-09-24,72400,0.05,30,CE,BFO-OPT,BFO
216294405,844900,BANKEX26SEP58700PE,"BANKEX",0,2026-09-24,58700,0.05,30,PE,BFO-OPT,BFO
216301317,844927,BANKEX26SEP59400CE,"BANKEX",0,2026-09-24,59400,0.05,30,CE,BFO-OPT,BFO
216304389,844939,BANKEX26SEP64100PE,"BANKEX",0,2026-09-24,64100,0.05,30,PE,BFO-OPT,BFO
216304901,844941,BANKEX26SEP66400PE,"BANKEX",0,2026-09-24,66400,0.05,30,PE,BFO-OPT,BFO
216306181,844946,BANKEX26SEP68700PE,"BANKEX",0,2026-09-24,68700,0.05,30,PE,BFO-OPT,BFO
216313093,844973,BANKEX26SEP60400PE,"BANKEX",0,2026-09-24,60400,0.05,30,PE,BFO-OPT,BFO
216315141,844981,BANKEX26SEP62700PE,"BANKEX",0,2026-09-24,62700,0.05,30,PE,BFO-OPT,BFO
216332293,845048,BANKEX26SEP70400PE,"BANKEX",0,2026-09-24,70400,0.05,30,PE,BFO-OPT,BFO
216358917,845152,BANKEX26SEP59700PE,"BANKEX",0,2026-09-24,59700,0.05,30,PE,BFO-OPT,BFO
216366597,845182,BANKEX26SEP64000CE,"BANKEX",0,2026-09-24,64000,0.05,30,CE,BFO-OPT,BFO
216367109,845184,BANKEX26SEP66300CE,"BANKEX",0,2026-09-24,66300,0.05,30,CE,BFO-OPT,BFO
216368645,845190,BANKEX26SEP68600CE,"BANKEX",0,2026-09-24,68600,0.05,30,CE,BFO-OPT,BFO
216377093,845223,BANKEX26SEP60300CE,"BANKEX",0,2026-09-24,60300,0.05,30,CE,BFO-OPT,BFO
216378373,845228,BANKEX26SEP62600CE,"BANKEX",0,2026-09-24,62600,0.05,30,CE,BFO-OPT,BFO
216379909,845234,BANKEX26SEP64900CE,"BANKEX",0,2026-09-24,64900,0.05,30,CE,BFO-OPT,BFO
216397317,845302,BANKEX26SEP70300CE,"BANKEX",0,2026-09-24,70300,0.05,30,CE,BFO-OPT,BFO
216399109,845309,BANKEX26SEP72600CE,"BANKEX",0,2026-09-24,72600,0.05,30,CE,BFO-OPT,BFO
216413957,845367,BANKEX26SEP68000PE,"BANKEX",0,2026-09-24,68000,0.05,30,PE,BFO-OPT,BFO
216421637,845397,BANKEX26SEP59600CE,"BANKEX",0,2026-09-24,59600,0.05,30,CE,BFO-OPT,BFO
216423941,845406,BANKEX26SEP62000PE,"BANKEX",0,2026-09-24,62000,0.05,30,PE,BFO-OPT,BFO
216425477,845412,BANKEX26SEP64300PE,"BANKEX",0,2026-09-24,64300,0.05,30,PE,BFO-OPT,BFO
216427269,845419,BANKEX26SEP66600PE,"BANKEX",0,2026-09-24,66600,0.05,30,PE,BFO-OPT,BFO
216427781,845421,BANKEX26SEP68900PE,"BANKEX",0,2026-09-24,68900,0.05,30,PE,BFO-OPT,BFO
216434437,845447,BANKEX26SEP60600PE,"BANKEX",0,2026-09-24,60600,0.05,30,PE,BFO-OPT,BFO
216436229,845454,BANKEX26SEP62900PE,"BANKEX",0,2026-09-24,62900,0.05,30,PE,BFO-OPT,BFO
216436741,845456,BANKEX26SEP67300CE,"BANKEX",0,2026-09-24,67300,0.05,30,CE,BFO-OPT,BFO
216438277,845462,BANKEX26SEP69600CE,"BANKEX",0,2026-09-24,69600,0.05,30,CE,BFO-OPT,BFO
216440069,845469,BANKEX26SEP72000PE,"BANKEX",0,2026-09-24,72000,0.05,30,PE,BFO-OPT,BFO
216449029,845504,BANKEX26SEP63600CE,"BANKEX",0,2026-09-24,63600,0.05,30,CE,BFO-OPT,BFO
216449285,845505,BANKEX26SEP65900CE,"BANKEX",0,2026-09-24,65900,0.05,30,CE,BFO-OPT,BFO
216451845,845515,BANKEX26SEP70600PE,"BANKEX",0,2026-09-24,70600,0.05,30,PE,BFO-OPT,BFO
216477445,845615,BANKEX26SEP59900PE,"BANKEX",0,2026-09-24,59900,0.05,30,PE,BFO-OPT,BFO
216486661,845651,BANKEX26SEP64200CE,"BANKEX",0,2026-09-24,64200,0.05,30,CE,BFO-OPT,BFO
216487429,845654,BANKEX26SEP66500CE,"BANKEX",0,2026-09-24,66500,0.05,30,CE,BFO-OPT,BFO
216492293,845673,BANKEX26SEP69900PE,"BANKEX",0,2026-09-24,69900,0.05,30,PE,BFO-OPT,BFO
216496389,845689,BANKEX26SEP60500CE,"BANKEX",0,2026-09-24,60500,0.05,30,CE,BFO-OPT,BFO
216514053,845758,BANKEX26SEP70500CE,"BANKEX",0,2026-09-24,70500,0.05,30,CE,BFO-OPT,BFO
216529925,845820,BANKEX26SEP68200PE,"BANKEX",0,2026-09-24,68200,0.05,30,PE,BFO-OPT,BFO
216538885,845855,BANKEX26SEP59800CE,"BANKEX",0,2026-09-24,59800,0.05,30,CE,BFO-OPT,BFO
216541445,845865,BANKEX26SEP62200PE,"BANKEX",0,2026-09-24,62200,0.05,30,PE,BFO-OPT,BFO
216542213,845868,BANKEX26SEP64500PE,"BANKEX",0,2026-09-24,64500,0.05,30,PE,BFO-OPT,BFO
216543237,845872,BANKEX26SEP66800PE,"BANKEX",0,2026-09-24,66800,0.05,30,PE,BFO-OPT,BFO
216552197,845907,BANKEX26SEP60800PE,"BANKEX",0,2026-09-24,60800,0.05,30,PE,BFO-OPT,BFO
216553477,845912,BANKEX26SEP65200CE,"BANKEX",0,2026-09-24,65200,0.05,30,CE,BFO-OPT,BFO
216554245,845915,BANKEX26SEP67500CE,"BANKEX",0,2026-09-24,67500,0.05,30,CE,BFO-OPT,BFO
216554501,845916,BANKEX26SEP69800CE,"BANKEX",0,2026-09-24,69800,0.05,30,CE,BFO-OPT,BFO
216556805,845925,BANKEX26SEP72200PE,"BANKEX",0,2026-09-24,72200,0.05,30,PE,BFO-OPT,BFO
216561669,845944,BANKEX26SEP61500CE,"BANKEX",0,2026-09-24,61500,0.05,30,CE,BFO-OPT,BFO
216563205,845950,BANKEX26SEP63800CE,"BANKEX",0,2026-09-24,63800,0.05,30,CE,BFO-OPT,BFO
216567557,845967,BANKEX26SEP70800PE,"BANKEX",0,2026-09-24,70800,0.05,30,PE,BFO-OPT,BFO
216578309,846009,BANKEX26SEP59200PE,"BANKEX",0,2026-09-24,59200,0.05,30,PE,BFO-OPT,BFO
216598277,846087,BANKEX26SEP62100CE,"BANKEX",0,2026-09-24,62100,0.05,30,CE,BFO-OPT,BFO
216604165,846110,BANKEX26SEP67800PE,"BANKEX",0,2026-09-24,67800,0.05,30,PE,BFO-OPT,BFO
216614917,846152,BANKEX26SEP61800PE,"BANKEX",0,2026-09-24,61800,0.05,30,PE,BFO-OPT,BFO
216615685,846155,BANKEX26SEP72100CE,"BANKEX",0,2026-09-24,72100,0.05,30,CE,BFO-OPT,BFO
216628485,846205,BANKEX26SEP70700CE,"BANKEX",0,2026-09-24,70700,0.05,30,CE,BFO-OPT,BFO
216641029,846254,BANKEX26SEP59100CE,"BANKEX",0,2026-09-24,59100,0.05,30,CE,BFO-OPT,BFO
216644101,846266,BANKEX26SEP66100PE,"BANKEX",0,2026-09-24,66100,0.05,30,PE,BFO-OPT,BFO
216646661,846276,BANKEX26SEP68400PE,"BANKEX",0,2026-09-24,68400,0.05,30,PE,BFO-OPT,BFO
216658693,846323,BANKEX26SEP60100PE,"BANKEX",0,2026-09-24,60100,0.05,30,PE,BFO-OPT,BFO
216659717,846327,BANKEX26SEP62400PE,"BANKEX",0,2026-09-24,62400,0.05,30,PE,BFO-OPT,BFO
216660485,846330,BANKEX26SEP64700PE,"BANKEX",0,2026-09-24,64700,0.05,30,PE,BFO-OPT,BFO
216662277,846337,BANKEX26SEP69100CE,"BANKEX",0,2026-09-24,69100,0.05,30,CE,BFO-OPT,BFO
216672261,846376,BANKEX26SEP63100CE,"BANKEX",0,2026-09-24,63100,0.05,30,CE,BFO-OPT,BFO
216674053,846383,BANKEX26SEP65400CE,"BANKEX",0,2026-09-24,65400,0.05,30,CE,BFO-OPT,BFO
216676101,846391,BANKEX26SEP67700CE,"BANKEX",0,2026-09-24,67700,0.05,30,CE,BFO-OPT,BFO
216678149,846399,BANKEX26SEP70100PE,"BANKEX",0,2026-09-24,70100,0.05,30,PE,BFO-OPT,BFO
216679173,846403,BANKEX26SEP72400PE,"BANKEX",0,2026-09-24,72400,0.05,30,PE,BFO-OPT,BFO
216686085,846430,BANKEX26SEP61700CE,"BANKEX",0,2026-09-24,61700,0.05,30,CE,BFO-OPT,BFO
216700165,846485,BANKEX26SEP59400PE,"BANKEX",0,2026-09-24,59400,0.05,30,PE,BFO-OPT,BFO
216701445,846490,BANKEX26SEP71700CE,"BANKEX",0,2026-09-24,71700,0.05,30,CE,BFO-OPT,BFO
216718853,846558,BANKEX26SEP67100PE,"BANKEX",0,2026-09-24,67100,0.05,30,PE,BFO-OPT,BFO
216720133,846563,BANKEX26SEP69400PE,"BANKEX",0,2026-09-24,69400,0.05,30,PE,BFO-OPT,BFO
216723973,846578,BANKEX26SEP60000CE,"BANKEX",0,2026-09-24,60000,0.05,30,CE,BFO-OPT,BFO
216728837,846597,BANKEX26SEP63400PE,"BANKEX",0,2026-09-24,63400,0.05,30,PE,BFO-OPT,BFO
216729861,846601,BANKEX26SEP65700PE,"BANKEX",0,2026-09-24,65700,0.05,30,PE,BFO-OPT,BFO
216736261,846626,BANKEX26SEP70000CE,"BANKEX",0,2026-09-24,70000,0.05,30,CE,BFO-OPT,BFO
216736773,846628,BANKEX26SEP72300CE,"BANKEX",0,2026-09-24,72300,0.05,30,CE,BFO-OPT,BFO
216760837,846722,BANKEX26SEP59300CE,"BANKEX",0,2026-09-24,59300,0.05,30,CE,BFO-OPT,BFO
216765445,846740,BANKEX26SEP64000PE,"BANKEX",0,2026-09-24,64000,0.05,30,PE,BFO-OPT,BFO
216780549,846799,BANKEX26SEP60300PE,"BANKEX",0,2026-09-24,60300,0.05,30,PE,BFO-OPT,BFO
216783109,846809,BANKEX26SEP67000CE,"BANKEX",0,2026-09-24,67000,0.05,30,CE,BFO-OPT,BFO
216784901,846816,BANKEX26SEP69300CE,"BANKEX",0,2026-09-24,69300,0.05,30,CE,BFO-OPT,BFO
216792581,846846,BANKEX26SEP61000CE,"BANKEX",0,2026-09-24,61000,0.05,30,CE,BFO-OPT,BFO
216794629,846854,BANKEX26SEP63300CE,"BANKEX",0,2026-09-24,63300,0.05,30,CE,BFO-OPT,BFO
216795397,846857,BANKEX26SEP65600CE,"BANKEX",0,2026-09-24,65600,0.05,30,CE,BFO-OPT,BFO
216796421,846861,BANKEX26SEP67900CE,"BANKEX",0,2026-09-24,67900,0.05,30,CE,BFO-OPT,BFO
216798981,846871,BANKEX26SEP70300PE,"BANKEX",0,2026-09-24,70300,0.05,30,PE,BFO-OPT,BFO
216800261,846876,BANKEX26SEP72600PE,"BANKEX",0,2026-09-24,72600,0.05,30,PE,BFO-OPT,BFO
216806405,846900,BANKEX26SEP61900CE,"BANKEX",0,2026-09-24,61900,0.05,30,CE,BFO-OPT,BFO
216821765,846960,BANKEX26SEP59600PE,"BANKEX",0,2026-09-24,59600,0.05,30,PE,BFO-OPT,BFO
216822277,846962,BANKEX26SEP71900CE,"BANKEX",0,2026-09-24,71900,0.05,30,CE,BFO-OPT,BFO
216840197,847032,BANKEX26SEP65000PE,"BANKEX",0,2026-09-24,65000,0.05,30,PE,BFO-OPT,BFO
216841989,847039,BANKEX26SEP67300PE,"BANKEX",0,2026-09-24,67300,0.05,30,PE,BFO-OPT,BFO
216843781,847046,BANKEX26SEP69600PE,"BANKEX",0,2026-09-24,69600,0.05,30,PE,BFO-OPT,BFO
216852229,847079,BANKEX26SEP61300PE,"BANKEX",0,2026-09-24,61300,0.05,30,PE,BFO-OPT,BFO
216853253,847083,BANKEX26SEP63600PE,"BANKEX",0,2026-09-24,63600,0.05,30,PE,BFO-OPT,BFO
216854533,847088,BANKEX26SEP65900PE,"BANKEX",0,2026-09-24,65900,0.05,30,PE,BFO-OPT,BFO
216862725,847120,BANKEX26SEP70200CE,"BANKEX",0,2026-09-24,70200,0.05,30,CE,BFO-OPT,BFO
216882693,847198,BANKEX26SEP59500CE,"BANKEX",0,2026-09-24,59500,0.05,30,CE,BFO-OPT,BFO
216902661,847276,BANKEX26SEP67200CE,"BANKEX",0,2026-09-24,67200,0.05,30,CE,BFO-OPT,BFO
216903429,847279,BANKEX26SEP69500CE,"BANKEX",0,2026-09-24,69500,0.05,30,CE,BFO-OPT,BFO
216912901,847316,BANKEX26SEP61200CE,"BANKEX",0,2026-09-24,61200,0.05,30,CE,BFO-OPT,BFO
216914181,847321,BANKEX26SEP63500CE,"BANKEX",0,2026-09-24,63500,0.05,30,CE,BFO-OPT,BFO
216915205,847325,BANKEX26SEP65800CE,"BANKEX",0,2026-09-24,65800,0.05,30,CE,BFO-OPT,BFO
216917765,847335,BANKEX26SEP70500PE,"BANKEX",0,2026-09-24,70500,0.05,30,PE,BFO-OPT,BFO
216928005,847375,BANKEX26SEP71200CE,"BANKEX",0,2026-09-24,71200,0.05,30,CE,BFO-OPT,BFO
216941061,847426,BANKEX26SEP59800PE,"BANKEX",0,2026-09-24,59800,0.05,30,PE,BFO-OPT,BFO
216958981,847496,BANKEX26SEP65200PE,"BANKEX",0,2026-09-24,65200,0.05,30,PE,BFO-OPT,BFO
216960005,847500,BANKEX26SEP67500PE,"BANKEX",0,2026-09-24,67500,0.05,30,PE,BFO-OPT,BFO
216961029,847504,BANKEX26SEP69800PE,"BANKEX",0,2026-09-24,69800,0.05,30,PE,BFO-OPT,BFO
216968453,847533,BANKEX26SEP61500PE,"BANKEX",0,2026-09-24,61500,0.05,30,PE,BFO-OPT,BFO
216969733,847538,BANKEX26SEP63800PE,"BANKEX",0,2026-09-24,63800,0.05,30,PE,BFO-OPT,BFO
216982277,847587,BANKEX26SEP71500PE,"BANKEX",0,2026-09-24,71500,0.05,30,PE,BFO-OPT,BFO
216997893,847648,BANKEX26SEP59700CE,"BANKEX",0,2026-09-24,59700,0.05,30,CE,BFO-OPT,BFO
217013765,847710,BANKEX26SEP65100CE,"BANKEX",0,2026-09-24,65100,0.05,30,CE,BFO-OPT,BFO
217015045,847715,BANKEX26SEP67400CE,"BANKEX",0,2026-09-24,67400,0.05,30,CE,BFO-OPT,BFO
217015557,847717,BANKEX26SEP69700CE,"BANKEX",0,2026-09-24,69700,0.05,30,CE,BFO-OPT,BFO
217018117,847727,BANKEX26SEP72100PE,"BANKEX",0,2026-09-24,72100,0.05,30,PE,BFO-OPT,BFO
217025029,847754,BANKEX26SEP61400CE,"BANKEX",0,2026-09-24,61400,0.05,30,CE,BFO-OPT,BFO
217026309,847759,BANKEX26SEP63700CE,"BANKEX",0,2026-09-24,63700,0.05,30,CE,BFO-OPT,BFO
217041413,847818,BANKEX26SEP59100PE,"BANKEX",0,2026-09-24,59100,0.05,30,PE,BFO-OPT,BFO
217041925,847820,BANKEX26SEP71400CE,"BANKEX",0,2026-09-24,71400,0.05,30,CE,BFO-OPT,BFO
217057029,847879,BANKEX26SEP69100PE,"BANKEX",0,2026-09-24,69100,0.05,30,PE,BFO-OPT,BFO
217069573,847928,BANKEX26SEP63100PE,"BANKEX",0,2026-09-24,63100,0.05,30,PE,BFO-OPT,BFO
217070085,847930,BANKEX26SEP65400PE,"BANKEX",0,2026-09-24,65400,0.05,30,PE,BFO-OPT,BFO
217071621,847936,BANKEX26SEP67700PE,"BANKEX",0,2026-09-24,67700,0.05,30,PE,BFO-OPT,BFO
217080837,847972,BANKEX26SEP61700PE,"BANKEX",0,2026-09-24,61700,0.05,30,PE,BFO-OPT,BFO
217096453,848033,BANKEX26SEP71700PE,"BANKEX",0,2026-09-24,71700,0.05,30,PE,BFO-OPT,BFO
217102853,848058,BANKEX26SEP59000CE,"BANKEX",0,2026-09-24,59000,0.05,30,CE,BFO-OPT,BFO
217121797,848132,BANKEX26SEP69000CE,"BANKEX",0,2026-09-24,69000,0.05,30,CE,BFO-OPT,BFO
217130757,848167,BANKEX26SEP63000CE,"BANKEX",0,2026-09-24,63000,0.05,30,CE,BFO-OPT,BFO
217131781,848171,BANKEX26SEP65300CE,"BANKEX",0,2026-09-24,65300,0.05,30,CE,BFO-OPT,BFO
217132549,848174,BANKEX26SEP67600CE,"BANKEX",0,2026-09-24,67600,0.05,30,CE,BFO-OPT,BFO
217133317,848177,BANKEX26SEP69900CE,"BANKEX",0,2026-09-24,69900,0.05,30,CE,BFO-OPT,BFO
217135621,848186,BANKEX26SEP70000PE,"BANKEX",0,2026-09-24,70000,0.05,30,PE,BFO-OPT,BFO
217145093,848223,BANKEX26SEP61600CE,"BANKEX",0,2026-09-24,61600,0.05,30,CE,BFO-OPT,BFO
217146629,848229,BANKEX26SEP63900CE,"BANKEX",0,2026-09-24,63900,0.05,30,CE,BFO-OPT,BFO
217160197,848282,BANKEX26SEP59300PE,"BANKEX",0,2026-09-24,59300,0.05,30,PE,BFO-OPT,BFO
217160965,848285,BANKEX26SEP71600CE,"BANKEX",0,2026-09-24,71600,0.05,30,CE,BFO-OPT,BFO
217172741,848331,BANKEX26SEP67000PE,"BANKEX",0,2026-09-24,67000,0.05,30,PE,BFO-OPT,BFO
217174277,848337,BANKEX26SEP69300PE,"BANKEX",0,2026-09-24,69300,0.05,30,PE,BFO-OPT,BFO
217180165,848360,BANKEX26SEP58600CE,"BANKEX",0,2026-09-24,58600,0.05,30,CE,BFO-OPT,BFO
217182725,848370,BANKEX26SEP61000PE,"BANKEX",0,2026-09-24,61000,0.05,30,PE,BFO-OPT,BFO
217184517,848377,BANKEX26SEP63300PE,"BANKEX",0,2026-09-24,63300,0.05,30,PE,BFO-OPT,BFO
217186309,848384,BANKEX26SEP65600PE,"BANKEX",0,2026-09-24,65600,0.05,30,PE,BFO-OPT,BFO
217187333,848388,BANKEX26SEP67900PE,"BANKEX",0,2026-09-24,67900,0.05,30,PE,BFO-OPT,BFO
217198085,848430,BANKEX26SEP61900PE,"BANKEX",0,2026-09-24,61900,0.05,30,PE,BFO-OPT,BFO
217203717,848452,BANKEX26SEP71000PE,"BANKEX",0,2026-09-24,71000,0.05,30,PE,BFO-OPT,BFO
217218821,848511,BANKEX26SEP71900PE,"BANKEX",0,2026-09-24,71900,0.05,30,PE,BFO-OPT,BFO
217228293,848548,BANKEX26SEP59200CE,"BANKEX",0,2026-09-24,59200,0.05,30,CE,BFO-OPT,BFO
217246469,848619,BANKEX26SEP58900PE,"BANKEX",0,2026-09-24,58900,0.05,30,PE,BFO-OPT,BFO
217246981,848621,BANKEX26SEP69200CE,"BANKEX",0,2026-09-24,69200,0.05,30,CE,BFO-OPT,BFO
217257733,848663,BANKEX26SEP63200CE,"BANKEX",0,2026-09-24,63200,0.05,30,CE,BFO-OPT,BFO
217258501,848666,BANKEX26SEP65500CE,"BANKEX",0,2026-09-24,65500,0.05,30,CE,BFO-OPT,BFO
217259525,848670,BANKEX26SEP67800CE,"BANKEX",0,2026-09-24,67800,0.05,30,CE,BFO-OPT,BFO
217269253,848708,BANKEX26SEP61800CE,"BANKEX",0,2026-09-24,61800,0.05,30,CE,BFO-OPT,BFO
217287173,848778,BANKEX26SEP59500PE,"BANKEX",0,2026-09-24,59500,0.05,30,PE,BFO-OPT,BFO
217287685,848780,BANKEX26SEP71800CE,"BANKEX",0,2026-09-24,71800,0.05,30,CE,BFO-OPT,BFO
217303045,848840,BANKEX26SEP67200PE,"BANKEX",0,2026-09-24,67200,0.05,30,PE,BFO-OPT,BFO
217304581,848846,BANKEX26SEP69500PE,"BANKEX",0,2026-09-24,69500,0.05,30,PE,BFO-OPT,BFO
217308421,848861,BANKEX26SEP58800CE,"BANKEX",0,2026-09-24,58800,0.05,30,CE,BFO-OPT,BFO
217310725,848870,BANKEX26SEP61200PE,"BANKEX",0,2026-09-24,61200,0.05,30,PE,BFO-OPT,BFO
217311237,848872,BANKEX26SEP63500PE,"BANKEX",0,2026-09-24,63500,0.05,30,PE,BFO-OPT,BFO
217312261,848876,BANKEX26SEP65800PE,"BANKEX",0,2026-09-24,65800,0.05,30,PE,BFO-OPT,BFO
217324549,848924,BANKEX26SEP68800CE,"BANKEX",0,2026-09-24,68800,0.05,30,CE,BFO-OPT,BFO
217327621,848936,BANKEX26SEP71200PE,"BANKEX",0,2026-09-24,71200,0.05,30,PE,BFO-OPT,BFO
217335813,848968,BANKEX26SEP62800CE,"BANKEX",0,2026-09-24,62800,0.05,30,CE,BFO-OPT,BFO
217365253,849083,BANKEX26SEP67100CE,"BANKEX",0,2026-09-24,67100,0.05,30,CE,BFO-OPT,BFO
217366277,849087,BANKEX26SEP69400CE,"BANKEX",0,2026-09-24,69400,0.05,30,CE,BFO-OPT,BFO
217375749,849124,BANKEX26SEP61100CE,"BANKEX",0,2026-09-24,61100,0.05,30,CE,BFO-OPT,BFO
217377029,849129,BANKEX26SEP63400CE,"BANKEX",0,2026-09-24,63400,0.05,30,CE,BFO-OPT,BFO
217377797,849132,BANKEX26SEP65700CE,"BANKEX",0,2026-09-24,65700,0.05,30,CE,BFO-OPT,BFO
217557253,849833,BANKEX26SEP58500CE,"BANKEX",0,2026-09-24,58500,0.05,30,CE,BFO-OPT,BFO
217667077,850262,BANKEX26SEP58500PE,"BANKEX",0,2026-09-24,58500,0.05,30,PE,BFO-OPT,BFO
219221509,856334,BANKEX26SEP72800PE,"BANKEX",0,2026-09-24,72800,0.05,30,PE,BFO-OPT,BFO
219227653,856358,BANKEX26SEP72700CE,"BANKEX",0,2026-09-24,72700,0.05,30,CE,BFO-OPT,BFO
219235845,856390,BANKEX26SEP72900CE,"BANKEX",0,2026-09-24,72900,0.05,30,CE,BFO-OPT,BFO
219259141,856481,BANKEX26SEP72700PE,"BANKEX",0,2026-09-24,72700,0.05,30,PE,BFO-OPT,BFO
219267333,856513,BANKEX26SEP72900PE,"BANKEX",0,2026-09-24,72900,0.05,30,PE,BFO-OPT,BFO
219272709,856534,BANKEX26SEP72800CE,"BANKEX",0,2026-09-24,72800,0.05,30,CE,BFO-OPT,BFO
221039877,863437,BANKEX26OCT64800PE,"BANKEX",0,2026-10-29,64800,0.05,30,PE,BFO-OPT,BFO
224709637,877772,BANKEX26OCT64800CE,"BANKEX",0,2026-10-29,64800,0.05,30,CE,BFO-OPT,BFO
221109253,863708,BANKEX26OCT64700CE,"BANKEX",0,2026-10-29,64700,0.05,30,CE,BFO-OPT,BFO
221547525,865420,BANKEX26OCT64700PE,"BANKEX",0,2026-10-29,64700,0.05,30,PE,BFO-OPT,BFO
221229317,864177,BANKEX26OCT64900CE,"BANKEX",0,2026-10-29,64900,0.05,30,CE,BFO-OPT,BFO
221669893,865898,BANKEX26OCT64900PE,"BANKEX",0,2026-10-29,64900,0.05,30,PE,BFO-OPT,BFO
220908805,862925,BANKEX26OCT64600PE,"BANKEX",0,2026-10-29,64600,0.05,30,PE,BFO-OPT,BFO
224375813,876468,BANKEX26OCT64600CE,"BANKEX",0,2026-10-29,64600,0.05,30,CE,BFO-OPT,BFO
220815109,862559,BANKEX26OCT65000PE,"BANKEX",0,2026-10-29,65000,0.05,30,PE,BFO-OPT,BFO
223612165,873485,BANKEX26OCT65000CE,"BANKEX",0,2026-10-29,65000,0.05,30,CE,BFO-OPT,BFO
220980229,863204,BANKEX26OCT64500CE,"BANKEX",0,2026-10-29,64500,0.05,30,CE,BFO-OPT,BFO
221409541,864881,BANKEX26OCT64500PE,"BANKEX",0,2026-10-29,64500,0.05,30,PE,BFO-OPT,BFO
221946885,866980,BANKEX26OCT65100CE,"BANKEX",0,2026-10-29,65100,0.05,30,CE,BFO-OPT,BFO
222806277,870337,BANKEX26OCT65100PE,"BANKEX",0,2026-10-29,65100,0.05,30,PE,BFO-OPT,BFO
220776197,862407,BANKEX26OCT64400PE,"BANKEX",0,2026-10-29,64400,0.05,30,PE,BFO-OPT,BFO
221478661,865151,BANKEX26OCT64400CE,"BANKEX",0,2026-10-29,64400,0.05,30,CE,BFO-OPT,BFO
221862661,866651,BANKEX26OCT65200PE,"BANKEX",0,2026-10-29,65200,0.05,30,PE,BFO-OPT,BFO
224417029,876629,BANKEX26OCT65200CE,"BANKEX",0,2026-10-29,65200,0.05,30,CE,BFO-OPT,BFO
220841733,862663,BANKEX26OCT64300CE,"BANKEX",0,2026-10-29,64300,0.05,30,CE,BFO-OPT,BFO
221271301,864341,BANKEX26OCT64300PE,"BANKEX",0,2026-10-29,64300,0.05,30,PE,BFO-OPT,BFO
222091013,867543,BANKEX26OCT65300CE,"BANKEX",0,2026-10-29,65300,0.05,30,CE,BFO-OPT,BFO
224341765,876335,BANKEX26OCT65300PE,"BANKEX",0,2026-10-29,65300,0.05,30,PE,BFO-OPT,BFO
221340933,864613,BANKEX26OCT64200CE,"BANKEX",0,2026-10-29,64200,0.05,30,CE,BFO-OPT,BFO
221784069,866344,BANKEX26OCT64200PE,"BANKEX",0,2026-10-29,64200,0.05,30,PE,BFO-OPT,BFO
221561349,865474,BANKEX26OCT65400CE,"BANKEX",0,2026-10-29,65400,0.05,30,CE,BFO-OPT,BFO
222013701,867241,BANKEX26OCT65400PE,"BANKEX",0,2026-10-29,65400,0.05,30,PE,BFO-OPT,BFO
220710917,862152,BANKEX26OCT64100CE,"BANKEX",0,2026-10-29,64100,0.05,30,CE,BFO-OPT,BFO
221153029,863879,BANKEX26OCT64100PE,"BANKEX",0,2026-10-29,64100,0.05,30,PE,BFO-OPT,BFO
222236933,868113,BANKEX26OCT65500CE,"BANKEX",0,2026-10-29,65500,0.05,30,CE,BFO-OPT,BFO
224596485,877330,BANKEX26OCT65500PE,"BANKEX",0,2026-10-29,65500,0.05,30,PE,BFO-OPT,BFO
222149381,867771,BANKEX26OCT65600PE,"BANKEX",0,2026-10-29,65600,0.05,30,PE,BFO-OPT,BFO
220941573,863053,BANKEX26OCT70900PE,"BANKEX",0,2026-10-29,70900,0.05,30,PE,BFO-OPT,BFO
221642245,865790,BANKEX26OCT70900CE,"BANKEX",0,2026-10-29,70900,0.05,30,CE,BFO-OPT,BFO
221007621,863311,BANKEX26OCT70800CE,"BANKEX",0,2026-10-29,70800,0.05,30,CE,BFO-OPT,BFO
221440773,865003,BANKEX26OCT70800PE,"BANKEX",0,2026-10-29,70800,0.05,30,PE,BFO-OPT,BFO
221510917,865277,BANKEX26OCT70700CE,"BANKEX",0,2026-10-29,70700,0.05,30,CE,BFO-OPT,BFO
221965061,867051,BANKEX26OCT70700PE,"BANKEX",0,2026-10-29,70700,0.05,30,PE,BFO-OPT,BFO
220872197,862782,BANKEX26OCT70600CE,"BANKEX",0,2026-10-29,70600,0.05,30,CE,BFO-OPT,BFO
221299717,864452,BANKEX26OCT70600PE,"BANKEX",0,2026-10-29,70600,0.05,30,PE,BFO-OPT,BFO
221377541,864756,BANKEX26OCT70500CE,"BANKEX",0,2026-10-29,70500,0.05,30,CE,BFO-OPT,BFO
221815557,866467,BANKEX26OCT70500PE,"BANKEX",0,2026-10-29,70500,0.05,30,PE,BFO-OPT,BFO
221180421,863986,BANKEX26OCT70400PE,"BANKEX",0,2026-10-29,70400,0.05,30,PE,BFO-OPT,BFO
221894661,866776,BANKEX26OCT70400CE,"BANKEX",0,2026-10-29,70400,0.05,30,CE,BFO-OPT,BFO
221243909,864234,BANKEX26OCT70300CE,"BANKEX",0,2026-10-29,70300,0.05,30,CE,BFO-OPT,BFO
221689349,865974,BANKEX26OCT70300PE,"BANKEX",0,2026-10-29,70300,0.05,30,PE,BFO-OPT,BFO
221754373,866228,BANKEX26OCT70200CE,"BANKEX",0,2026-10-29,70200,0.05,30,CE,BFO-OPT,BFO
222243077,868137,BANKEX26OCT70200PE,"BANKEX",0,2026-10-29,70200,0.05,30,PE,BFO-OPT,BFO
221124613,863768,BANKEX26OCT70100CE,"BANKEX",0,2026-10-29,70100,0.05,30,CE,BFO-OPT,BFO
221564165,865485,BANKEX26OCT70100PE,"BANKEX",0,2026-10-29,70100,0.05,30,PE,BFO-OPT,BFO
221628677,865737,BANKEX26OCT70000CE,"BANKEX",0,2026-10-29,70000,0.05,30,CE,BFO-OPT,BFO
222094341,867556,BANKEX26OCT70000PE,"BANKEX",0,2026-10-29,70000,0.05,30,PE,BFO-OPT,BFO
222093061,867551,BANKEX26OCT69900CE,"BANKEX",0,2026-10-29,69900,0.05,30,CE,BFO-OPT,BFO
224347653,876358,BANKEX26OCT69900PE,"BANKEX",0,2026-10-29,69900,0.05,30,PE,BFO-OPT,BFO
221424901,864941,BANKEX26OCT69800CE,"BANKEX",0,2026-10-29,69800,0.05,30,CE,BFO-OPT,BFO
221866501,866666,BANKEX26OCT69800PE,"BANKEX",0,2026-10-29,69800,0.05,30,PE,BFO-OPT,BFO
221949445,866990,BANKEX26OCT69700CE,"BANKEX",0,2026-10-29,69700,0.05,30,CE,BFO-OPT,BFO
222822149,870399,BANKEX26OCT69700PE,"BANKEX",0,2026-10-29,69700,0.05,30,PE,BFO-OPT,BFO
221732101,866141,BANKEX26OCT69600PE,"BANKEX",0,2026-10-29,69600,0.05,30,PE,BFO-OPT,BFO
223644421,873611,BANKEX26OCT69600CE,"BANKEX",0,2026-10-29,69600,0.05,30,CE,BFO-OPT,BFO
221802501,866416,BANKEX26OCT69500CE,"BANKEX",0,2026-10-29,69500,0.05,30,CE,BFO-OPT,BFO
222290181,868321,BANKEX26OCT69500PE,"BANKEX",0,2026-10-29,69500,0.05,30,PE,BFO-OPT,BFO
220684037,862047,BANKEX26OCT69400PE,"BANKEX",0,2026-10-29,69400,0.05,30,PE,BFO-OPT,BFO
222354693,868573,BANKEX26OCT69400CE,"BANKEX",0,2026-10-29,69400,0.05,30,CE,BFO-OPT,BFO
221671941,865906,BANKEX26OCT69300CE,"BANKEX",0,2026-10-29,69300,0.05,30,CE,BFO-OPT,BFO
222134789,867714,BANKEX26OCT69300PE,"BANKEX",0,2026-10-29,69300,0.05,30,PE,BFO-OPT,BFO
222217221,868036,BANKEX26OCT69200CE,"BANKEX",0,2026-10-29,69200,0.05,30,CE,BFO-OPT,BFO
224544261,877126,BANKEX26OCT69200PE,"BANKEX",0,2026-10-29,69200,0.05,30,PE,BFO-OPT,BFO
221549317,865427,BANKEX26OCT69100CE,"BANKEX",0,2026-10-29,69100,0.05,30,CE,BFO-OPT,BFO
222000389,867189,BANKEX26OCT69100PE,"BANKEX",0,2026-10-29,69100,0.05,30,PE,BFO-OPT,BFO
222077189,867489,BANKEX26OCT69000CE,"BANKEX",0,2026-10-29,69000,0.05,30,CE,BFO-OPT,BFO
224220677,875862,BANKEX26OCT69000PE,"BANKEX",0,2026-10-29,69000,0.05,30,PE,BFO-OPT,BFO
220843781,862671,BANKEX26OCT68900CE,"BANKEX",0,2026-10-29,68900,0.05,30,CE,BFO-OPT,BFO
221273349,864349,BANKEX26OCT68900PE,"BANKEX",0,2026-10-29,68900,0.05,30,PE,BFO-OPT,BFO
221343749,864624,BANKEX26OCT68800CE,"BANKEX",0,2026-10-29,68800,0.05,30,CE,BFO-OPT,BFO
224842245,878290,BANKEX26OCT68800PE,"BANKEX",0,2026-10-29,68800,0.05,30,PE,BFO-OPT,BFO
220712965,862160,BANKEX26OCT68700CE,"BANKEX",0,2026-10-29,68700,0.05,30,CE,BFO-OPT,BFO
221154309,863884,BANKEX26OCT68700PE,"BANKEX",0,2026-10-29,68700,0.05,30,PE,BFO-OPT,BFO
221216005,864125,BANKEX26OCT68600CE,"BANKEX",0,2026-10-29,68600,0.05,30,CE,BFO-OPT,BFO
221658117,865852,BANKEX26OCT68600PE,"BANKEX",0,2026-10-29,68600,0.05,30,PE,BFO-OPT,BFO
221026053,863383,BANKEX26OCT68500PE,"BANKEX",0,2026-10-29,68500,0.05,30,PE,BFO-OPT,BFO
224685061,877676,BANKEX26OCT68500CE,"BANKEX",0,2026-10-29,68500,0.05,30,CE,BFO-OPT,BFO
221097989,863664,BANKEX26OCT68400CE,"BANKEX",0,2026-10-29,68400,0.05,30,CE,BFO-OPT,BFO
221532933,865363,BANKEX26OCT68400PE,"BANKEX",0,2026-10-29,68400,0.05,30,PE,BFO-OPT,BFO
220891909,862859,BANKEX26OCT68300PE,"BANKEX",0,2026-10-29,68300,0.05,30,PE,BFO-OPT,BFO
224361733,876413,BANKEX26OCT68300CE,"BANKEX",0,2026-10-29,68300,0.05,30,CE,BFO-OPT,BFO
220968709,863159,BANKEX26OCT68200CE,"BANKEX",0,2026-10-29,68200,0.05,30,CE,BFO-OPT,BFO
221396485,864830,BANKEX26OCT68200PE,"BANKEX",0,2026-10-29,68200,0.05,30,PE,BFO-OPT,BFO
220760325,862345,BANKEX26OCT68100PE,"BANKEX",0,2026-10-29,68100,0.05,30,PE,BFO-OPT,BFO
221468677,865112,BANKEX26OCT68100CE,"BANKEX",0,2026-10-29,68100,0.05,30,CE,BFO-OPT,BFO
220832005,862625,BANKEX26OCT68000CE,"BANKEX",0,2026-10-29,68000,0.05,30,CE,BFO-OPT,BFO
221260037,864297,BANKEX26OCT68000PE,"BANKEX",0,2026-10-29,68000,0.05,30,PE,BFO-OPT,BFO
221688581,865971,BANKEX26OCT67900CE,"BANKEX",0,2026-10-29,67900,0.05,30,CE,BFO-OPT,BFO
222150149,867774,BANKEX26OCT67900PE,"BANKEX",0,2026-10-29,67900,0.05,30,PE,BFO-OPT,BFO
222241029,868129,BANKEX26OCT67800CE,"BANKEX",0,2026-10-29,67800,0.05,30,CE,BFO-OPT,BFO
224601605,877350,BANKEX26OCT67800PE,"BANKEX",0,2026-10-29,67800,0.05,30,PE,BFO-OPT,BFO
221562117,865477,BANKEX26OCT67700CE,"BANKEX",0,2026-10-29,67700,0.05,30,CE,BFO-OPT,BFO
222014981,867246,BANKEX26OCT67700PE,"BANKEX",0,2026-10-29,67700,0.05,30,PE,BFO-OPT,BFO
222092037,867547,BANKEX26OCT67600CE,"BANKEX",0,2026-10-29,67600,0.05,30,CE,BFO-OPT,BFO
224346117,876352,BANKEX26OCT67600PE,"BANKEX",0,2026-10-29,67600,0.05,30,PE,BFO-OPT,BFO
221423365,864935,BANKEX26OCT67500CE,"BANKEX",0,2026-10-29,67500,0.05,30,CE,BFO-OPT,BFO
221864453,866658,BANKEX26OCT67500PE,"BANKEX",0,2026-10-29,67500,0.05,30,PE,BFO-OPT,BFO
221948677,866987,BANKEX26OCT67400CE,"BANKEX",0,2026-10-29,67400,0.05,30,CE,BFO-OPT,BFO
222818053,870383,BANKEX26OCT67400PE,"BANKEX",0,2026-10-29,67400,0.05,30,PE,BFO-OPT,BFO
221730821,866136,BANKEX26OCT67300PE,"BANKEX",0,2026-10-29,67300,0.05,30,PE,BFO-OPT,BFO
223629061,873551,BANKEX26OCT67300CE,"BANKEX",0,2026-10-29,67300,0.05,30,CE,BFO-OPT,BFO
221801989,866414,BANKEX26OCT67200CE,"BANKEX",0,2026-10-29,67200,0.05,30,CE,BFO-OPT,BFO
222289157,868317,BANKEX26OCT67200PE,"BANKEX",0,2026-10-29,67200,0.05,30,PE,BFO-OPT,BFO
220682757,862042,BANKEX26OCT67100PE,"BANKEX",0,2026-10-29,67100,0.05,30,PE,BFO-OPT,BFO
222353157,868567,BANKEX26OCT67100CE,"BANKEX",0,2026-10-29,67100,0.05,30,CE,BFO-OPT,BFO
221670661,865901,BANKEX26OCT67000CE,"BANKEX",0,2026-10-29,67000,0.05,30,CE,BFO-OPT,BFO
222133509,867709,BANKEX26OCT67000PE,"BANKEX",0,2026-10-29,67000,0.05,30,PE,BFO-OPT,BFO
220910085,862930,BANKEX26OCT66900PE,"BANKEX",0,2026-10-29,66900,0.05,30,PE,BFO-OPT,BFO
224377349,876474,BANKEX26OCT66900CE,"BANKEX",0,2026-10-29,66900,0.05,30,CE,BFO-OPT,BFO
220981765,863210,BANKEX26OCT66800CE,"BANKEX",0,2026-10-29,66800,0.05,30,CE,BFO-OPT,BFO
221411589,864889,BANKEX26OCT66800PE,"BANKEX",0,2026-10-29,66800,0.05,30,PE,BFO-OPT,BFO
220776965,862410,BANKEX26OCT66700PE,"BANKEX",0,2026-10-29,66700,0.05,30,PE,BFO-OPT,BFO
221480197,865157,BANKEX26OCT66700CE,"BANKEX",0,2026-10-29,66700,0.05,30,CE,BFO-OPT,BFO
220843269,862669,BANKEX26OCT66600CE,"BANKEX",0,2026-10-29,66600,0.05,30,CE,BFO-OPT,BFO
221272325,864345,BANKEX26OCT66600PE,"BANKEX",0,2026-10-29,66600,0.05,30,PE,BFO-OPT,BFO
221342725,864620,BANKEX26OCT66500CE,"BANKEX",0,2026-10-29,66500,0.05,30,CE,BFO-OPT,BFO
224840453,878283,BANKEX26OCT66500PE,"BANKEX",0,2026-10-29,66500,0.05,30,PE,BFO-OPT,BFO
220711941,862156,BANKEX26OCT66400CE,"BANKEX",0,2026-10-29,66400,0.05,30,CE,BFO-OPT,BFO
221153797,863882,BANKEX26OCT66400PE,"BANKEX",0,2026-10-29,66400,0.05,30,PE,BFO-OPT,BFO
221214981,864121,BANKEX26OCT66300CE,"BANKEX",0,2026-10-29,66300,0.05,30,CE,BFO-OPT,BFO
221657093,865848,BANKEX26OCT66300PE,"BANKEX",0,2026-10-29,66300,0.05,30,PE,BFO-OPT,BFO
221024773,863378,BANKEX26OCT66200PE,"BANKEX",0,2026-10-29,66200,0.05,30,PE,BFO-OPT,BFO
224681733,877663,BANKEX26OCT66200CE,"BANKEX",0,2026-10-29,66200,0.05,30,CE,BFO-OPT,BFO
221096965,863660,BANKEX26OCT66100CE,"BANKEX",0,2026-10-29,66100,0.05,30,CE,BFO-OPT,BFO
221532421,865361,BANKEX26OCT66100PE,"BANKEX",0,2026-10-29,66100,0.05,30,PE,BFO-OPT,BFO
220890629,862854,BANKEX26OCT66000PE,"BANKEX",0,2026-10-29,66000,0.05,30,PE,BFO-OPT,BFO
221603333,865638,BANKEX26OCT66000CE,"BANKEX",0,2026-10-29,66000,0.05,30,CE,BFO-OPT,BFO
221745157,866192,BANKEX26OCT65900PE,"BANKEX",0,2026-10-29,65900,0.05,30,PE,BFO-OPT,BFO
223832325,874345,BANKEX26OCT65900CE,"BANKEX",0,2026-10-29,65900,0.05,30,CE,BFO-OPT,BFO
221813253,866458,BANKEX26OCT65800CE,"BANKEX",0,2026-10-29,65800,0.05,30,CE,BFO-OPT,BFO
222302469,868369,BANKEX26OCT65800PE,"BANKEX",0,2026-10-29,65800,0.05,30,PE,BFO-OPT,BFO
220698629,862104,BANKEX26OCT65700PE,"BANKEX",0,2026-10-29,65700,0.05,30,PE,BFO-OPT,BFO
222370053,868633,BANKEX26OCT65700CE,"BANKEX",0,2026-10-29,65700,0.05,30,CE,BFO-OPT,BFO
221687045,865965,BANKEX26OCT65600CE,"BANKEX",0,2026-10-29,65600,0.05,30,CE,BFO-OPT,BFO
221214469,864119,BANKEX26OCT64000CE,"BANKEX",0,2026-10-29,64000,0.05,30,CE,BFO-OPT,BFO
221656325,865845,BANKEX26OCT64000PE,"BANKEX",0,2026-10-29,64000,0.05,30,PE,BFO-OPT,BFO
222104837,867597,BANKEX26OCT63900CE,"BANKEX",0,2026-10-29,63900,0.05,30,CE,BFO-OPT,BFO
224360709,876409,BANKEX26OCT63900PE,"BANKEX",0,2026-10-29,63900,0.05,30,PE,BFO-OPT,BFO
221436933,864988,BANKEX26OCT63800CE,"BANKEX",0,2026-10-29,63800,0.05,30,CE,BFO-OPT,BFO
221880325,866720,BANKEX26OCT63800PE,"BANKEX",0,2026-10-29,63800,0.05,30,PE,BFO-OPT,BFO
221959685,867030,BANKEX26OCT63700CE,"BANKEX",0,2026-10-29,63700,0.05,30,CE,BFO-OPT,BFO
222999813,871093,BANKEX26OCT63700PE,"BANKEX",0,2026-10-29,63700,0.05,30,PE,BFO-OPT,BFO
221743365,866185,BANKEX26OCT63600PE,"BANKEX",0,2026-10-29,63600,0.05,30,PE,BFO-OPT,BFO
223802885,874230,BANKEX26OCT63600CE,"BANKEX",0,2026-10-29,63600,0.05,30,CE,BFO-OPT,BFO
221811205,866450,BANKEX26OCT63500CE,"BANKEX",0,2026-10-29,63500,0.05,30,CE,BFO-OPT,BFO
222301445,868365,BANKEX26OCT63500PE,"BANKEX",0,2026-10-29,63500,0.05,30,PE,BFO-OPT,BFO
220697349,862099,BANKEX26OCT63400PE,"BANKEX",0,2026-10-29,63400,0.05,30,PE,BFO-OPT,BFO
222368261,868626,BANKEX26OCT63400CE,"BANKEX",0,2026-10-29,63400,0.05,30,CE,BFO-OPT,BFO
221685509,865959,BANKEX26OCT63300CE,"BANKEX",0,2026-10-29,63300,0.05,30,CE,BFO-OPT,BFO
222147589,867764,BANKEX26OCT63300PE,"BANKEX",0,2026-10-29,63300,0.05,30,PE,BFO-OPT,BFO
222234373,868103,BANKEX26OCT63200CE,"BANKEX",0,2026-10-29,63200,0.05,30,CE,BFO-OPT,BFO
224591365,877310,BANKEX26OCT63200PE,"BANKEX",0,2026-10-29,63200,0.05,30,PE,BFO-OPT,BFO
222011653,867233,BANKEX26OCT63100PE,"BANKEX",0,2026-10-29,63100,0.05,30,PE,BFO-OPT,BFO
224826629,878229,BANKEX26OCT63100CE,"BANKEX",0,2026-10-29,63100,0.05,30,CE,BFO-OPT,BFO
222089733,867538,BANKEX26OCT63000CE,"BANKEX",0,2026-10-29,63000,0.05,30,CE,BFO-OPT,BFO
224331013,876293,BANKEX26OCT63000PE,"BANKEX",0,2026-10-29,63000,0.05,30,PE,BFO-OPT,BFO
220855813,862718,BANKEX26OCT62900CE,"BANKEX",0,2026-10-29,62900,0.05,30,CE,BFO-OPT,BFO
221284613,864393,BANKEX26OCT62900PE,"BANKEX",0,2026-10-29,62900,0.05,30,PE,BFO-OPT,BFO
221358085,864680,BANKEX26OCT62800CE,"BANKEX",0,2026-10-29,62800,0.05,30,CE,BFO-OPT,BFO
224884485,878455,BANKEX26OCT62800PE,"BANKEX",0,2026-10-29,62800,0.05,30,PE,BFO-OPT,BFO
220725765,862210,BANKEX26OCT62700CE,"BANKEX",0,2026-10-29,62700,0.05,30,CE,BFO-OPT,BFO
221166853,863933,BANKEX26OCT62700PE,"BANKEX",0,2026-10-29,62700,0.05,30,PE,BFO-OPT,BFO
221227013,864168,BANKEX26OCT62600CE,"BANKEX",0,2026-10-29,62600,0.05,30,CE,BFO-OPT,BFO
221668869,865894,BANKEX26OCT62600PE,"BANKEX",0,2026-10-29,62600,0.05,30,PE,BFO-OPT,BFO
221039365,863435,BANKEX26OCT62500PE,"BANKEX",0,2026-10-29,62500,0.05,30,PE,BFO-OPT,BFO
224705029,877754,BANKEX26OCT62500CE,"BANKEX",0,2026-10-29,62500,0.05,30,CE,BFO-OPT,BFO
221107717,863702,BANKEX26OCT62400CE,"BANKEX",0,2026-10-29,62400,0.05,30,CE,BFO-OPT,BFO
221546501,865416,BANKEX26OCT62400PE,"BANKEX",0,2026-10-29,62400,0.05,30,PE,BFO-OPT,BFO
220908037,862922,BANKEX26OCT62300PE,"BANKEX",0,2026-10-29,62300,0.05,30,PE,BFO-OPT,BFO
221614341,865681,BANKEX26OCT62300CE,"BANKEX",0,2026-10-29,62300,0.05,30,CE,BFO-OPT,BFO
220979461,863201,BANKEX26OCT62200CE,"BANKEX",0,2026-10-29,62200,0.05,30,CE,BFO-OPT,BFO
221409029,864879,BANKEX26OCT62200PE,"BANKEX",0,2026-10-29,62200,0.05,30,PE,BFO-OPT,BFO
221478149,865149,BANKEX26OCT62100CE,"BANKEX",0,2026-10-29,62100,0.05,30,CE,BFO-OPT,BFO
221927941,866906,BANKEX26OCT62100PE,"BANKEX",0,2026-10-29,62100,0.05,30,PE,BFO-OPT,BFO
220840709,862659,BANKEX26OCT62000CE,"BANKEX",0,2026-10-29,62000,0.05,30,CE,BFO-OPT,BFO
221270021,864336,BANKEX26OCT62000PE,"BANKEX",0,2026-10-29,62000,0.05,30,PE,BFO-OPT,BFO
221699077,866012,BANKEX26OCT61900CE,"BANKEX",0,2026-10-29,61900,0.05,30,CE,BFO-OPT,BFO
222162437,867822,BANKEX26OCT61900PE,"BANKEX",0,2026-10-29,61900,0.05,30,PE,BFO-OPT,BFO
222255621,868186,BANKEX26OCT61800CE,"BANKEX",0,2026-10-29,61800,0.05,30,CE,BFO-OPT,BFO
224665349,877599,BANKEX26OCT61800PE,"BANKEX",0,2026-10-29,61800,0.05,30,PE,BFO-OPT,BFO
221573637,865522,BANKEX26OCT61700CE,"BANKEX",0,2026-10-29,61700,0.05,30,CE,BFO-OPT,BFO
222029573,867303,BANKEX26OCT61700PE,"BANKEX",0,2026-10-29,61700,0.05,30,PE,BFO-OPT,BFO
222102789,867589,BANKEX26OCT61600CE,"BANKEX",0,2026-10-29,61600,0.05,30,CE,BFO-OPT,BFO
224359941,876406,BANKEX26OCT61600PE,"BANKEX",0,2026-10-29,61600,0.05,30,PE,BFO-OPT,BFO
221879557,866717,BANKEX26OCT61500PE,"BANKEX",0,2026-10-29,61500,0.05,30,PE,BFO-OPT,BFO
224429573,876678,BANKEX26OCT61500CE,"BANKEX",0,2026-10-29,61500,0.05,30,CE,BFO-OPT,BFO
221958405,867025,BANKEX26OCT61400CE,"BANKEX",0,2026-10-29,61400,0.05,30,CE,BFO-OPT,BFO
222980613,871018,BANKEX26OCT61400PE,"BANKEX",0,2026-10-29,61400,0.05,30,PE,BFO-OPT,BFO
220830469,862619,BANKEX26OCT61300PE,"BANKEX",0,2026-10-29,61300,0.05,30,PE,BFO-OPT,BFO
223794437,874197,BANKEX26OCT61300CE,"BANKEX",0,2026-10-29,61300,0.05,30,CE,BFO-OPT,BFO
221810181,866446,BANKEX26OCT61200CE,"BANKEX",0,2026-10-29,61200,0.05,30,CE,BFO-OPT,BFO
222300165,868360,BANKEX26OCT61200PE,"BANKEX",0,2026-10-29,61200,0.05,30,PE,BFO-OPT,BFO
220696069,862094,BANKEX26OCT61100PE,"BANKEX",0,2026-10-29,61100,0.05,30,PE,BFO-OPT,BFO
222367493,868623,BANKEX26OCT61100CE,"BANKEX",0,2026-10-29,61100,0.05,30,CE,BFO-OPT,BFO
220770053,862383,BANKEX26OCT61000CE,"BANKEX",0,2026-10-29,61000,0.05,30,CE,BFO-OPT,BFO
222147077,867762,BANKEX26OCT61000PE,"BANKEX",0,2026-10-29,61000,0.05,30,PE,BFO-OPT,BFO
220922629,862979,BANKEX26OCT60900PE,"BANKEX",0,2026-10-29,60900,0.05,30,PE,BFO-OPT,BFO
224387333,876513,BANKEX26OCT60900CE,"BANKEX",0,2026-10-29,60900,0.05,30,CE,BFO-OPT,BFO
220990981,863246,BANKEX26OCT60800CE,"BANKEX",0,2026-10-29,60800,0.05,30,CE,BFO-OPT,BFO
221421317,864927,BANKEX26OCT60800PE,"BANKEX",0,2026-10-29,60800,0.05,30,PE,BFO-OPT,BFO
220786437,862447,BANKEX26OCT60700PE,"BANKEX",0,2026-10-29,60700,0.05,30,PE,BFO-OPT,BFO
221493253,865208,BANKEX26OCT60700CE,"BANKEX",0,2026-10-29,60700,0.05,30,CE,BFO-OPT,BFO
220854021,862711,BANKEX26OCT60600CE,"BANKEX",0,2026-10-29,60600,0.05,30,CE,BFO-OPT,BFO
221283845,864390,BANKEX26OCT60600PE,"BANKEX",0,2026-10-29,60600,0.05,30,PE,BFO-OPT,BFO
221356293,864673,BANKEX26OCT60500CE,"BANKEX",0,2026-10-29,60500,0.05,30,CE,BFO-OPT,BFO
221798149,866399,BANKEX26OCT60500PE,"BANKEX",0,2026-10-29,60500,0.05,30,PE,BFO-OPT,BFO
220724485,862205,BANKEX26OCT60400CE,"BANKEX",0,2026-10-29,60400,0.05,30,CE,BFO-OPT,BFO
221165573,863928,BANKEX26OCT60400PE,"BANKEX",0,2026-10-29,60400,0.05,30,PE,BFO-OPT,BFO
221226245,864165,BANKEX26OCT60300CE,"BANKEX",0,2026-10-29,60300,0.05,30,CE,BFO-OPT,BFO
221667845,865890,BANKEX26OCT60300PE,"BANKEX",0,2026-10-29,60300,0.05,30,PE,BFO-OPT,BFO
221037573,863428,BANKEX26OCT60200PE,"BANKEX",0,2026-10-29,60200,0.05,30,PE,BFO-OPT,BFO
221739013,866168,BANKEX26OCT60200CE,"BANKEX",0,2026-10-29,60200,0.05,30,CE,BFO-OPT,BFO
221106693,863698,BANKEX26OCT60100CE,"BANKEX",0,2026-10-29,60100,0.05,30,CE,BFO-OPT,BFO
221545477,865412,BANKEX26OCT60100PE,"BANKEX",0,2026-10-29,60100,0.05,30,PE,BFO-OPT,BFO
221612805,865675,BANKEX26OCT60000CE,"BANKEX",0,2026-10-29,60000,0.05,30,CE,BFO-OPT,BFO
222073861,867476,BANKEX26OCT60000PE,"BANKEX",0,2026-10-29,60000,0.05,30,PE,BFO-OPT,BFO
221327365,864560,BANKEX26OCT59900PE,"BANKEX",0,2026-10-29,59900,0.05,30,PE,BFO-OPT,BFO
222072325,867470,BANKEX26OCT59900CE,"BANKEX",0,2026-10-29,59900,0.05,30,CE,BFO-OPT,BFO
221406213,864868,BANKEX26OCT59800CE,"BANKEX",0,2026-10-29,59800,0.05,30,CE,BFO-OPT,BFO
221842437,866572,BANKEX26OCT59800PE,"BANKEX",0,2026-10-29,59800,0.05,30,PE,BFO-OPT,BFO
221490949,865199,FOCIT26AUG36900CE,"FOCIT",0,2026-08-27,36900,0.05,45,CE,BFO-OPT,BFO
221944325,866970,FOCIT26AUG36900PE,"FOCIT",0,2026-08-27,36900,0.05,45,PE,BFO-OPT,BFO
211146757,824792,FOCIT26AUG37000PE,"FOCIT",0,2026-08-27,37000,0.05,45,PE,BFO-OPT,BFO
212882949,831574,FOCIT26AUG37000CE,"FOCIT",0,2026-08-27,37000,0.05,45,CE,BFO-OPT,BFO
221282309,864384,FOCIT26AUG36800PE,"FOCIT",0,2026-08-27,36800,0.05,45,PE,BFO-OPT,BFO
222022149,867274,FOCIT26AUG36800CE,"FOCIT",0,2026-08-27,36800,0.05,45,CE,BFO-OPT,BFO
221264133,864313,FOCIT26AUG37100CE,"FOCIT",0,2026-08-27,37100,0.05,45,CE,BFO-OPT,BFO
224576005,877250,FOCIT26AUG37100PE,"FOCIT",0,2026-08-27,37100,0.05,45,PE,BFO-OPT,BFO
221354245,864665,FOCIT26AUG36700CE,"FOCIT",0,2026-08-27,36700,0.05,45,CE,BFO-OPT,BFO
221797637,866397,FOCIT26AUG36700PE,"FOCIT",0,2026-08-27,36700,0.05,45,PE,BFO-OPT,BFO
220767493,862373,FOCIT26AUG37200CE,"FOCIT",0,2026-08-27,37200,0.05,45,CE,BFO-OPT,BFO
221199621,864061,FOCIT26AUG37200PE,"FOCIT",0,2026-08-27,37200,0.05,45,PE,BFO-OPT,BFO
221871621,866686,FOCIT26AUG36600CE,"FOCIT",0,2026-08-27,36600,0.05,45,CE,BFO-OPT,BFO
222349829,868554,FOCIT26AUG36600PE,"FOCIT",0,2026-08-27,36600,0.05,45,PE,BFO-OPT,BFO
220694533,862088,FOCIT26AUG37300PE,"FOCIT",0,2026-08-27,37300,0.05,45,PE,BFO-OPT,BFO
222366469,868619,FOCIT26AUG37300CE,"FOCIT",0,2026-08-27,37300,0.05,45,CE,BFO-OPT,BFO
211306245,825415,FOCIT26AUG36500CE,"FOCIT",0,2026-08-27,36500,0.05,45,CE,BFO-OPT,BFO
211742213,827118,FOCIT26AUG36500PE,"FOCIT",0,2026-08-27,36500,0.05,45,PE,BFO-OPT,BFO
220898821,862886,FOCIT26AUG37400CE,"FOCIT",0,2026-08-27,37400,0.05,45,CE,BFO-OPT,BFO
221321989,864539,FOCIT26AUG37400PE,"FOCIT",0,2026-08-27,37400,0.05,45,PE,BFO-OPT,BFO
221737221,866161,FOCIT26AUG36400CE,"FOCIT",0,2026-08-27,36400,0.05,45,CE,BFO-OPT,BFO
222210565,868010,FOCIT26AUG36400PE,"FOCIT",0,2026-08-27,36400,0.05,45,PE,BFO-OPT,BFO
210896389,823814,FOCIT26AUG37500PE,"FOCIT",0,2026-08-27,37500,0.05,45,PE,BFO-OPT,BFO
212647173,830653,FOCIT26AUG37500CE,"FOCIT",0,2026-08-27,37500,0.05,45,CE,BFO-OPT,BFO
221543173,865403,FOCIT26AUG36300PE,"FOCIT",0,2026-08-27,36300,0.05,45,PE,BFO-OPT,BFO
222294533,868338,FOCIT26AUG36300CE,"FOCIT",0,2026-08-27,36300,0.05,45,CE,BFO-OPT,BFO
221031429,863404,FOCIT26AUG37600CE,"FOCIT",0,2026-08-27,37600,0.05,45,CE,BFO-OPT,BFO
222948613,870893,FOCIT26AUG37600PE,"FOCIT",0,2026-08-27,37600,0.05,45,PE,BFO-OPT,BFO
221612037,865672,FOCIT26AUG36200CE,"FOCIT",0,2026-08-27,36200,0.05,45,CE,BFO-OPT,BFO
222071557,867467,FOCIT26AUG36200PE,"FOCIT",0,2026-08-27,36200,0.05,45,PE,BFO-OPT,BFO
224427781,876671,FOCIT26AUG37700CE,"FOCIT",0,2026-08-27,37700,0.05,45,CE,BFO-OPT,BFO
213622789,834464,FOCIT26AUG45000PE,"FOCIT",0,2026-08-27,45000,0.05,45,PE,BFO-OPT,BFO
213657093,834598,FOCIT26AUG45000CE,"FOCIT",0,2026-08-27,45000,0.05,45,CE,BFO-OPT,BFO
213692421,834736,FOCIT26AUG44500CE,"FOCIT",0,2026-08-27,44500,0.05,45,CE,BFO-OPT,BFO
213716997,834832,FOCIT26AUG44500PE,"FOCIT",0,2026-08-27,44500,0.05,45,PE,BFO-OPT,BFO
213703685,834780,FOCIT26AUG44000CE,"FOCIT",0,2026-08-27,44000,0.05,45,CE,BFO-OPT,BFO
213729029,834879,FOCIT26AUG44000PE,"FOCIT",0,2026-08-27,44000,0.05,45,PE,BFO-OPT,BFO
213364229,833454,FOCIT26AUG43500CE,"FOCIT",0,2026-08-27,43500,0.05,45,CE,BFO-OPT,BFO
213423109,833684,FOCIT26AUG43500PE,"FOCIT",0,2026-08-27,43500,0.05,45,PE,BFO-OPT,BFO
213398277,833587,FOCIT26AUG43000CE,"FOCIT",0,2026-08-27,43000,0.05,45,CE,BFO-OPT,BFO
213457669,833819,FOCIT26AUG43000PE,"FOCIT",0,2026-08-27,43000,0.05,45,PE,BFO-OPT,BFO
211709189,826989,FOCIT26AUG42500CE,"FOCIT",0,2026-08-27,42500,0.05,45,CE,BFO-OPT,BFO
212144901,828691,FOCIT26AUG42500PE,"FOCIT",0,2026-08-27,42500,0.05,45,PE,BFO-OPT,BFO
211962629,827979,FOCIT26AUG42000CE,"FOCIT",0,2026-08-27,42000,0.05,45,CE,BFO-OPT,BFO
212528901,830191,FOCIT26AUG42000PE,"FOCIT",0,2026-08-27,42000,0.05,45,PE,BFO-OPT,BFO
221122053,863758,FOCIT26AUG41900PE,"FOCIT",0,2026-08-27,41900,0.05,45,PE,BFO-OPT,BFO
224943877,878687,FOCIT26AUG41900CE,"FOCIT",0,2026-08-27,41900,0.05,45,CE,BFO-OPT,BFO
221184773,864003,FOCIT26AUG41800CE,"FOCIT",0,2026-08-27,41800,0.05,45,CE,BFO-OPT,BFO
221625861,865726,FOCIT26AUG41800PE,"FOCIT",0,2026-08-27,41800,0.05,45,PE,BFO-OPT,BFO
220992773,863253,FOCIT26AUG41700PE,"FOCIT",0,2026-08-27,41700,0.05,45,PE,BFO-OPT,BFO
224512261,877001,FOCIT26AUG41700CE,"FOCIT",0,2026-08-27,41700,0.05,45,CE,BFO-OPT,BFO
221060101,863516,FOCIT26AUG41600CE,"FOCIT",0,2026-08-27,41600,0.05,45,CE,BFO-OPT,BFO
221496069,865219,FOCIT26AUG41600PE,"FOCIT",0,2026-08-27,41600,0.05,45,PE,BFO-OPT,BFO
210927621,823936,FOCIT26AUG41500PE,"FOCIT",0,2026-08-27,41500,0.05,45,PE,BFO-OPT,BFO
212680453,830783,FOCIT26AUG41500CE,"FOCIT",0,2026-08-27,41500,0.05,45,CE,BFO-OPT,BFO
220934149,863024,FOCIT26AUG41400CE,"FOCIT",0,2026-08-27,41400,0.05,45,CE,BFO-OPT,BFO
221359109,864684,FOCIT26AUG41400PE,"FOCIT",0,2026-08-27,41400,0.05,45,PE,BFO-OPT,BFO
220726277,862212,FOCIT26AUG41300PE,"FOCIT",0,2026-08-27,41300,0.05,45,PE,BFO-OPT,BFO
221431813,864968,FOCIT26AUG41300CE,"FOCIT",0,2026-08-27,41300,0.05,45,CE,BFO-OPT,BFO
220793605,862475,FOCIT26AUG41200CE,"FOCIT",0,2026-08-27,41200,0.05,45,CE,BFO-OPT,BFO
221228805,864175,FOCIT26AUG41200PE,"FOCIT",0,2026-08-27,41200,0.05,45,PE,BFO-OPT,BFO
221291781,864421,FOCIT26AUG41100CE,"FOCIT",0,2026-08-27,41100,0.05,45,CE,BFO-OPT,BFO
221740805,866175,FOCIT26AUG41100PE,"FOCIT",0,2026-08-27,41100,0.05,45,PE,BFO-OPT,BFO
211171845,824890,FOCIT26AUG41000PE,"FOCIT",0,2026-08-27,41000,0.05,45,PE,BFO-OPT,BFO
212914181,831696,FOCIT26AUG41000CE,"FOCIT",0,2026-08-27,41000,0.05,45,CE,BFO-OPT,BFO
221524997,865332,FOCIT26AUG40900CE,"FOCIT",0,2026-08-27,40900,0.05,45,CE,BFO-OPT,BFO
221974021,867086,FOCIT26AUG40900PE,"FOCIT",0,2026-08-27,40900,0.05,45,PE,BFO-OPT,BFO
222054405,867400,FOCIT26AUG40800CE,"FOCIT",0,2026-08-27,40800,0.05,45,CE,BFO-OPT,BFO
223950341,874806,FOCIT26AUG40800PE,"FOCIT",0,2026-08-27,40800,0.05,45,PE,BFO-OPT,BFO
221386757,864792,FOCIT26AUG40700CE,"FOCIT",0,2026-08-27,40700,0.05,45,CE,BFO-OPT,BFO
221824517,866502,FOCIT26AUG40700PE,"FOCIT",0,2026-08-27,40700,0.05,45,PE,BFO-OPT,BFO
221906437,866822,FOCIT26AUG40600CE,"FOCIT",0,2026-08-27,40600,0.05,45,CE,BFO-OPT,BFO
222395141,868731,FOCIT26AUG40600PE,"FOCIT",0,2026-08-27,40600,0.05,45,PE,BFO-OPT,BFO
211776773,827253,FOCIT26AUG40500PE,"FOCIT",0,2026-08-27,40500,0.05,45,PE,BFO-OPT,BFO
212606981,830496,FOCIT26AUG40500CE,"FOCIT",0,2026-08-27,40500,0.05,45,CE,BFO-OPT,BFO
221765637,866272,FOCIT26AUG40400CE,"FOCIT",0,2026-08-27,40400,0.05,45,CE,BFO-OPT,BFO
222257157,868192,FOCIT26AUG40400PE,"FOCIT",0,2026-08-27,40400,0.05,45,PE,BFO-OPT,BFO
222323205,868450,FOCIT26AUG40300CE,"FOCIT",0,2026-08-27,40300,0.05,45,CE,BFO-OPT,BFO
224871173,878403,FOCIT26AUG40300PE,"FOCIT",0,2026-08-27,40300,0.05,45,PE,BFO-OPT,BFO
221637125,865770,FOCIT26AUG40200CE,"FOCIT",0,2026-08-27,40200,0.05,45,CE,BFO-OPT,BFO
222104581,867596,FOCIT26AUG40200PE,"FOCIT",0,2026-08-27,40200,0.05,45,PE,BFO-OPT,BFO
222171397,867857,FOCIT26AUG40100CE,"FOCIT",0,2026-08-27,40100,0.05,45,CE,BFO-OPT,BFO
224430853,876683,FOCIT26AUG40100PE,"FOCIT",0,2026-08-27,40100,0.05,45,PE,BFO-OPT,BFO
212016645,828190,FOCIT26AUG40000PE,"FOCIT",0,2026-08-27,40000,0.05,45,PE,BFO-OPT,BFO
212843269,831419,FOCIT26AUG40000CE,"FOCIT",0,2026-08-27,40000,0.05,45,CE,BFO-OPT,BFO
221958149,867024,FOCIT26AUG39900CE,"FOCIT",0,2026-08-27,39900,0.05,45,CE,BFO-OPT,BFO
222972165,870985,FOCIT26AUG39900PE,"FOCIT",0,2026-08-27,39900,0.05,45,PE,BFO-OPT,BFO
220829445,862615,FOCIT26AUG39800PE,"FOCIT",0,2026-08-27,39800,0.05,45,PE,BFO-OPT,BFO
223790085,874180,FOCIT26AUG39800CE,"FOCIT",0,2026-08-27,39800,0.05,45,CE,BFO-OPT,BFO
220900101,862891,FOCIT26AUG39700CE,"FOCIT",0,2026-08-27,39700,0.05,45,CE,BFO-OPT,BFO
222299653,868358,FOCIT26AUG39700PE,"FOCIT",0,2026-08-27,39700,0.05,45,PE,BFO-OPT,BFO
220695557,862092,FOCIT26AUG39600PE,"FOCIT",0,2026-08-27,39600,0.05,45,PE,BFO-OPT,BFO
222366981,868621,FOCIT26AUG39600CE,"FOCIT",0,2026-08-27,39600,0.05,45,CE,BFO-OPT,BFO
210834949,823574,FOCIT26AUG39500CE,"FOCIT",0,2026-08-27,39500,0.05,45,CE,BFO-OPT,BFO
211278597,825307,FOCIT26AUG39500PE,"FOCIT",0,2026-08-27,39500,0.05,45,PE,BFO-OPT,BFO
222231301,868091,FOCIT26AUG39400CE,"FOCIT",0,2026-08-27,39400,0.05,45,CE,BFO-OPT,BFO
224584709,877284,FOCIT26AUG39400PE,"FOCIT",0,2026-08-27,39400,0.05,45,PE,BFO-OPT,BFO
221078021,863586,FOCIT26AUG39300PE,"FOCIT",0,2026-08-27,39300,0.05,45,PE,BFO-OPT,BFO
224821509,878209,FOCIT26AUG39300CE,"FOCIT",0,2026-08-27,39300,0.05,45,CE,BFO-OPT,BFO
221146885,863855,FOCIT26AUG39200CE,"FOCIT",0,2026-08-27,39200,0.05,45,CE,BFO-OPT,BFO
224325125,876270,FOCIT26AUG39200PE,"FOCIT",0,2026-08-27,39200,0.05,45,PE,BFO-OPT,BFO
220950021,863086,FOCIT26AUG39100PE,"FOCIT",0,2026-08-27,39100,0.05,45,PE,BFO-OPT,BFO
224416005,876625,FOCIT26AUG39100CE,"FOCIT",0,2026-08-27,39100,0.05,45,CE,BFO-OPT,BFO
211087365,824560,FOCIT26AUG39000CE,"FOCIT",0,2026-08-27,39000,0.05,45,CE,BFO-OPT,BFO
211531781,826296,FOCIT26AUG39000PE,"FOCIT",0,2026-08-27,39000,0.05,45,PE,BFO-OPT,BFO
221165061,863926,FOCIT26AUG38900PE,"FOCIT",0,2026-08-27,38900,0.05,45,PE,BFO-OPT,BFO
221872389,866689,FOCIT26AUG38900CE,"FOCIT",0,2026-08-27,38900,0.05,45,CE,BFO-OPT,BFO
221225989,864164,FOCIT26AUG38800CE,"FOCIT",0,2026-08-27,38800,0.05,45,CE,BFO-OPT,BFO
221667589,865889,FOCIT26AUG38800PE,"FOCIT",0,2026-08-27,38800,0.05,45,PE,BFO-OPT,BFO
221737989,866164,FOCIT26AUG38700CE,"FOCIT",0,2026-08-27,38700,0.05,45,CE,BFO-OPT,BFO
222212101,868016,FOCIT26AUG38700PE,"FOCIT",0,2026-08-27,38700,0.05,45,PE,BFO-OPT,BFO
221106437,863697,FOCIT26AUG38600CE,"FOCIT",0,2026-08-27,38600,0.05,45,CE,BFO-OPT,BFO
221544965,865410,FOCIT26AUG38600PE,"FOCIT",0,2026-08-27,38600,0.05,45,PE,BFO-OPT,BFO
211678725,826870,FOCIT26AUG38500CE,"FOCIT",0,2026-08-27,38500,0.05,45,CE,BFO-OPT,BFO
212118789,828589,FOCIT26AUG38500PE,"FOCIT",0,2026-08-27,38500,0.05,45,PE,BFO-OPT,BFO
221406725,864870,FOCIT26AUG38400PE,"FOCIT",0,2026-08-27,38400,0.05,45,PE,BFO-OPT,BFO
222141189,867739,FOCIT26AUG38400CE,"FOCIT",0,2026-08-27,38400,0.05,45,CE,BFO-OPT,BFO
221476613,865143,FOCIT26AUG38300CE,"FOCIT",0,2026-08-27,38300,0.05,45,CE,BFO-OPT,BFO
221925893,866898,FOCIT26AUG38300PE,"FOCIT",0,2026-08-27,38300,0.05,45,PE,BFO-OPT,BFO
222005765,867210,FOCIT26AUG38200CE,"FOCIT",0,2026-08-27,38200,0.05,45,CE,BFO-OPT,BFO
223420421,872736,FOCIT26AUG38200PE,"FOCIT",0,2026-08-27,38200,0.05,45,PE,BFO-OPT,BFO
221337861,864601,FOCIT26AUG38100CE,"FOCIT",0,2026-08-27,38100,0.05,45,CE,BFO-OPT,BFO
221781253,866333,FOCIT26AUG38100PE,"FOCIT",0,2026-08-27,38100,0.05,45,PE,BFO-OPT,BFO
211933189,827864,FOCIT26AUG38000CE,"FOCIT",0,2026-08-27,38000,0.05,45,CE,BFO-OPT,BFO
212495109,830059,FOCIT26AUG38000PE,"FOCIT",0,2026-08-27,38000,0.05,45,PE,BFO-OPT,BFO
221093893,863648,FOCIT26AUG37900PE,"FOCIT",0,2026-08-27,37900,0.05,45,PE,BFO-OPT,BFO
224856837,878347,FOCIT26AUG37900CE,"FOCIT",0,2026-08-27,37900,0.05,45,CE,BFO-OPT,BFO
222101765,867585,FOCIT26AUG37800CE,"FOCIT",0,2026-08-27,37800,0.05,45,CE,BFO-OPT,BFO
224358149,876399,FOCIT26AUG37800PE,"FOCIT",0,2026-08-27,37800,0.05,45,PE,BFO-OPT,BFO
220965637,863147,FOCIT26AUG37700PE,"FOCIT",0,2026-08-27,37700,0.05,45,PE,BFO-OPT,BFO
222140165,867735,FOCIT26AUG36100CE,"FOCIT",0,2026-08-27,36100,0.05,45,CE,BFO-OPT,BFO
224398853,876558,FOCIT26AUG36100PE,"FOCIT",0,2026-08-27,36100,0.05,45,PE,BFO-OPT,BFO
211555333,826388,FOCIT26AUG36000CE,"FOCIT",0,2026-08-27,36000,0.05,45,CE,BFO-OPT,BFO
211989509,828084,FOCIT26AUG36000PE,"FOCIT",0,2026-08-27,36000,0.05,45,PE,BFO-OPT,BFO
220707845,862140,FOCIT26AUG35900PE,"FOCIT",0,2026-08-27,35900,0.05,45,PE,BFO-OPT,BFO
222382341,868681,FOCIT26AUG35900CE,"FOCIT",0,2026-08-27,35900,0.05,45,CE,BFO-OPT,BFO
220782853,862433,FOCIT26AUG35800CE,"FOCIT",0,2026-08-27,35800,0.05,45,CE,BFO-OPT,BFO
221212677,864112,FOCIT26AUG35800PE,"FOCIT",0,2026-08-27,35800,0.05,45,PE,BFO-OPT,BFO
222253573,868178,FOCIT26AUG35700CE,"FOCIT",0,2026-08-27,35700,0.05,45,CE,BFO-OPT,BFO
224649477,877537,FOCIT26AUG35700PE,"FOCIT",0,2026-08-27,35700,0.05,45,PE,BFO-OPT,BFO
221093125,863645,FOCIT26AUG35600PE,"FOCIT",0,2026-08-27,35600,0.05,45,PE,BFO-OPT,BFO
224853509,878334,FOCIT26AUG35600CE,"FOCIT",0,2026-08-27,35600,0.05,45,CE,BFO-OPT,BFO
211223301,825091,FOCIT26AUG35500CE,"FOCIT",0,2026-08-27,35500,0.05,45,CE,BFO-OPT,BFO
212712709,830909,FOCIT26AUG35500PE,"FOCIT",0,2026-08-27,35500,0.05,45,PE,BFO-OPT,BFO
220963845,863140,FOCIT26AUG35400PE,"FOCIT",0,2026-08-27,35400,0.05,45,PE,BFO-OPT,BFO
224426757,876667,FOCIT26AUG35400CE,"FOCIT",0,2026-08-27,35400,0.05,45,CE,BFO-OPT,BFO
221030149,863399,FOCIT26AUG35300CE,"FOCIT",0,2026-08-27,35300,0.05,45,CE,BFO-OPT,BFO
221464325,865095,FOCIT26AUG35300PE,"FOCIT",0,2026-08-27,35300,0.05,45,PE,BFO-OPT,BFO
220826629,862604,FOCIT26AUG35200PE,"FOCIT",0,2026-08-27,35200,0.05,45,PE,BFO-OPT,BFO
223770885,874105,FOCIT26AUG35200CE,"FOCIT",0,2026-08-27,35200,0.05,45,CE,BFO-OPT,BFO
220897285,862880,FOCIT26AUG35100CE,"FOCIT",0,2026-08-27,35100,0.05,45,CE,BFO-OPT,BFO
221321221,864536,FOCIT26AUG35100PE,"FOCIT",0,2026-08-27,35100,0.05,45,PE,BFO-OPT,BFO
210761989,823289,FOCIT26AUG35000PE,"FOCIT",0,2026-08-27,35000,0.05,45,PE,BFO-OPT,BFO
212523525,830170,FOCIT26AUG35000CE,"FOCIT",0,2026-08-27,35000,0.05,45,CE,BFO-OPT,BFO
221118469,863744,FOCIT26AUG34900CE,"FOCIT",0,2026-08-27,34900,0.05,45,CE,BFO-OPT,BFO
221557765,865460,FOCIT26AUG34900PE,"FOCIT",0,2026-08-27,34900,0.05,45,PE,BFO-OPT,BFO
221622533,865713,FOCIT26AUG34800CE,"FOCIT",0,2026-08-27,34800,0.05,45,CE,BFO-OPT,BFO
222087173,867528,FOCIT26AUG34800PE,"FOCIT",0,2026-08-27,34800,0.05,45,PE,BFO-OPT,BFO
221419013,864918,FOCIT26AUG34700PE,"FOCIT",0,2026-08-27,34700,0.05,45,PE,BFO-OPT,BFO
222155525,867795,FOCIT26AUG34700CE,"FOCIT",0,2026-08-27,34700,0.05,45,CE,BFO-OPT,BFO
221490181,865196,FOCIT26AUG34600CE,"FOCIT",0,2026-08-27,34600,0.05,45,CE,BFO-OPT,BFO
221943045,866965,FOCIT26AUG34600PE,"FOCIT",0,2026-08-27,34600,0.05,45,PE,BFO-OPT,BFO
212068613,828393,FOCIT26AUG34500CE,"FOCIT",0,2026-08-27,34500,0.05,45,CE,BFO-OPT,BFO
212633861,830601,FOCIT26AUG34500PE,"FOCIT",0,2026-08-27,34500,0.05,45,PE,BFO-OPT,BFO
221353477,864662,FOCIT26AUG34400CE,"FOCIT",0,2026-08-27,34400,0.05,45,CE,BFO-OPT,BFO
221796101,866391,FOCIT26AUG34400PE,"FOCIT",0,2026-08-27,34400,0.05,45,PE,BFO-OPT,BFO
221870341,866681,FOCIT26AUG34300CE,"FOCIT",0,2026-08-27,34300,0.05,45,CE,BFO-OPT,BFO
222347781,868546,FOCIT26AUG34300PE,"FOCIT",0,2026-08-27,34300,0.05,45,PE,BFO-OPT,BFO
221664773,865878,FOCIT26AUG34200PE,"FOCIT",0,2026-08-27,34200,0.05,45,PE,BFO-OPT,BFO
222867205,870575,FOCIT26AUG34200CE,"FOCIT",0,2026-08-27,34200,0.05,45,CE,BFO-OPT,BFO
221735941,866156,FOCIT26AUG34100CE,"FOCIT",0,2026-08-27,34100,0.05,45,CE,BFO-OPT,BFO
222209029,868004,FOCIT26AUG34100PE,"FOCIT",0,2026-08-27,34100,0.05,45,PE,BFO-OPT,BFO
211615493,826623,FOCIT26AUG34000PE,"FOCIT",0,2026-08-27,34000,0.05,45,PE,BFO-OPT,BFO
212315397,829357,FOCIT26AUG34000CE,"FOCIT",0,2026-08-27,34000,0.05,45,CE,BFO-OPT,BFO
221044485,863455,FOCIT26AUG33900CE,"FOCIT",0,2026-08-27,33900,0.05,45,CE,BFO-OPT,BFO
223101957,871492,FOCIT26AUG33900PE,"FOCIT",0,2026-08-27,33900,0.05,45,PE,BFO-OPT,BFO
220838917,862652,FOCIT26AUG33800PE,"FOCIT",0,2026-08-27,33800,0.05,45,PE,BFO-OPT,BFO
223923461,874701,FOCIT26AUG33800CE,"FOCIT",0,2026-08-27,33800,0.05,45,CE,BFO-OPT,BFO
220914437,862947,FOCIT26AUG33700CE,"FOCIT",0,2026-08-27,33700,0.05,45,CE,BFO-OPT,BFO
221336069,864594,FOCIT26AUG33700PE,"FOCIT",0,2026-08-27,33700,0.05,45,PE,BFO-OPT,BFO
220706821,862136,FOCIT26AUG33600PE,"FOCIT",0,2026-08-27,33600,0.05,45,PE,BFO-OPT,BFO
222380549,868674,FOCIT26AUG33600CE,"FOCIT",0,2026-08-27,33600,0.05,45,CE,BFO-OPT,BFO
210846981,823621,FOCIT26AUG33500CE,"FOCIT",0,2026-08-27,33500,0.05,45,CE,BFO-OPT,BFO
211293189,825364,FOCIT26AUG33500PE,"FOCIT",0,2026-08-27,33500,0.05,45,PE,BFO-OPT,BFO
221277445,864365,FOCIT26AUG33400CE,"FOCIT",0,2026-08-27,33400,0.05,45,CE,BFO-OPT,BFO
224647685,877530,FOCIT26AUG33400PE,"FOCIT",0,2026-08-27,33400,0.05,45,PE,BFO-OPT,BFO
221092101,863641,FOCIT26AUG33300PE,"FOCIT",0,2026-08-27,33300,0.05,45,PE,BFO-OPT,BFO
224850693,878323,FOCIT26AUG33300CE,"FOCIT",0,2026-08-27,33300,0.05,45,CE,BFO-OPT,BFO
211098885,824605,FOCIT26AUG33000CE,"FOCIT",0,2026-08-27,33000,0.05,45,CE,BFO-OPT,BFO
211540997,826332,FOCIT26AUG33000PE,"FOCIT",0,2026-08-27,33000,0.05,45,PE,BFO-OPT,BFO
211689733,826913,FOCIT26AUG32500CE,"FOCIT",0,2026-08-27,32500,0.05,45,CE,BFO-OPT,BFO
212127237,828622,FOCIT26AUG32500PE,"FOCIT",0,2026-08-27,32500,0.05,45,PE,BFO-OPT,BFO
211942917,827902,FOCIT26AUG32000CE,"FOCIT",0,2026-08-27,32000,0.05,45,CE,BFO-OPT,BFO
212507141,830106,FOCIT26AUG32000PE,"FOCIT",0,2026-08-27,32000,0.05,45,PE,BFO-OPT,BFO
210910213,823868,FOCIT26AUG31500PE,"FOCIT",0,2026-08-27,31500,0.05,45,PE,BFO-OPT,BFO
212659717,830702,FOCIT26AUG31500CE,"FOCIT",0,2026-08-27,31500,0.05,45,CE,BFO-OPT,BFO
211159045,824840,FOCIT26AUG31000PE,"FOCIT",0,2026-08-27,31000,0.05,45,PE,BFO-OPT,BFO
212894725,831620,FOCIT26AUG31000CE,"FOCIT",0,2026-08-27,31000,0.05,45,CE,BFO-OPT,BFO
211315205,825450,FOCIT26AUG30500CE,"FOCIT",0,2026-08-27,30500,0.05,45,CE,BFO-OPT,BFO
211754501,827166,FOCIT26AUG30500PE,"FOCIT",0,2026-08-27,30500,0.05,45,PE,BFO-OPT,BFO
211565061,826426,FOCIT26AUG30000CE,"FOCIT",0,2026-08-27,30000,0.05,45,CE,BFO-OPT,BFO
211999237,828122,FOCIT26AUG30000PE,"FOCIT",0,2026-08-27,30000,0.05,45,PE,BFO-OPT,BFO
210816261,823501,FOCIT26AUG29500CE,"FOCIT",0,2026-08-27,29500,0.05,45,CE,BFO-OPT,BFO
212169477,828787,FOCIT26AUG29500PE,"FOCIT",0,2026-08-27,29500,0.05,45,PE,BFO-OPT,BFO
211068933,824488,FOCIT26AUG29000CE,"FOCIT",0,2026-08-27,29000,0.05,45,CE,BFO-OPT,BFO
212554245,830290,FOCIT26AUG29000PE,"FOCIT",0,2026-08-27,29000,0.05,45,PE,BFO-OPT,BFO
211662085,826805,FOCIT26AUG28500CE,"FOCIT",0,2026-08-27,28500,0.05,45,CE,BFO-OPT,BFO
212098565,828510,FOCIT26AUG28500PE,"FOCIT",0,2026-08-27,28500,0.05,45,PE,BFO-OPT,BFO
211911685,827780,FOCIT26AUG28000CE,"FOCIT",0,2026-08-27,28000,0.05,45,CE,BFO-OPT,BFO
212345349,829474,FOCIT26AUG28000PE,"FOCIT",0,2026-08-27,28000,0.05,45,PE,BFO-OPT,BFO
210876933,823738,FOCIT26AUG27500PE,"FOCIT",0,2026-08-27,27500,0.05,45,PE,BFO-OPT,BFO
212629253,830583,FOCIT26AUG27500CE,"FOCIT",0,2026-08-27,27500,0.05,45,CE,BFO-OPT,BFO
221703685,866030,FOCIT26SEP37100CE,"FOCIT",0,2026-09-24,37100,0.05,45,CE,BFO-OPT,BFO
222168325,867845,FOCIT26SEP37100PE,"FOCIT",0,2026-09-24,37100,0.05,45,PE,BFO-OPT,BFO
215827973,843078,FOCIT26SEP37000CE,"FOCIT",0,2026-09-24,37000,0.05,45,CE,BFO-OPT,BFO
216257029,844754,FOCIT26SEP37000PE,"FOCIT",0,2026-09-24,37000,0.05,45,PE,BFO-OPT,BFO
221191685,864030,FOCIT26SEP37200CE,"FOCIT",0,2026-09-24,37200,0.05,45,CE,BFO-OPT,BFO
221635077,865762,FOCIT26SEP37200PE,"FOCIT",0,2026-09-24,37200,0.05,45,PE,BFO-OPT,BFO
221935877,866937,FOCIT26SEP36900CE,"FOCIT",0,2026-09-24,36900,0.05,45,CE,BFO-OPT,BFO
222727173,870028,FOCIT26SEP36900PE,"FOCIT",0,2026-09-24,36900,0.05,45,PE,BFO-OPT,BFO
221130757,863792,FOCIT26SEP37300PE,"FOCIT",0,2026-09-24,37300,0.05,45,PE,BFO-OPT,BFO
221830405,866525,FOCIT26SEP37300CE,"FOCIT",0,2026-09-24,37300,0.05,45,CE,BFO-OPT,BFO
220804869,862519,FOCIT26SEP36800PE,"FOCIT",0,2026-09-24,36800,0.05,45,PE,BFO-OPT,BFO
223482885,872980,FOCIT26SEP36800CE,"FOCIT",0,2026-09-24,36800,0.05,45,CE,BFO-OPT,BFO
221315077,864512,FOCIT26SEP37400CE,"FOCIT",0,2026-09-24,37400,0.05,45,CE,BFO-OPT,BFO
221763077,866262,FOCIT26SEP37400PE,"FOCIT",0,2026-09-24,37400,0.05,45,PE,BFO-OPT,BFO
221789957,866367,FOCIT26SEP36700CE,"FOCIT",0,2026-09-24,36700,0.05,45,CE,BFO-OPT,BFO
222278661,868276,FOCIT26SEP36700PE,"FOCIT",0,2026-09-24,36700,0.05,45,PE,BFO-OPT,BFO
215574533,842088,FOCIT26SEP37500CE,"FOCIT",0,2026-09-24,37500,0.05,45,CE,BFO-OPT,BFO
216014853,843808,FOCIT26SEP37500PE,"FOCIT",0,2026-09-24,37500,0.05,45,PE,BFO-OPT,BFO
222340357,868517,FOCIT26SEP36600CE,"FOCIT",0,2026-09-24,36600,0.05,45,CE,BFO-OPT,BFO
224934661,878651,FOCIT26SEP36600PE,"FOCIT",0,2026-09-24,36600,0.05,45,PE,BFO-OPT,BFO
221456645,865065,FOCIT26SEP37600CE,"FOCIT",0,2026-09-24,37600,0.05,45,CE,BFO-OPT,BFO
221904645,866815,FOCIT26SEP37600PE,"FOCIT",0,2026-09-24,37600,0.05,45,PE,BFO-OPT,BFO
215506693,841823,FOCIT26SEP36500CE,"FOCIT",0,2026-09-24,36500,0.05,45,CE,BFO-OPT,BFO
216799237,846872,FOCIT26SEP36500PE,"FOCIT",0,2026-09-24,36500,0.05,45,PE,BFO-OPT,BFO
220956933,863113,FOCIT26SEP37700CE,"FOCIT",0,2026-09-24,37700,0.05,45,CE,BFO-OPT,BFO
221385221,864786,FOCIT26SEP37700PE,"FOCIT",0,2026-09-24,37700,0.05,45,PE,BFO-OPT,BFO
222195205,867950,FOCIT26SEP36400CE,"FOCIT",0,2026-09-24,36400,0.05,45,CE,BFO-OPT,BFO
224494085,876930,FOCIT26SEP36400PE,"FOCIT",0,2026-09-24,36400,0.05,45,PE,BFO-OPT,BFO
220881157,862817,FOCIT26SEP37800PE,"FOCIT",0,2026-09-24,37800,0.05,45,PE,BFO-OPT,BFO
221592325,865595,FOCIT26SEP37800CE,"FOCIT",0,2026-09-24,37800,0.05,45,CE,BFO-OPT,BFO
221522949,865324,FOCIT26SEP37900PE,"FOCIT",0,2026-09-24,37900,0.05,45,PE,BFO-OPT,BFO
219731205,858325,FOCIT26SEP42000PE,"FOCIT",0,2026-09-24,42000,0.05,45,PE,BFO-OPT,BFO
219776517,858502,FOCIT26SEP42000CE,"FOCIT",0,2026-09-24,42000,0.05,45,CE,BFO-OPT,BFO
221116677,863737,FOCIT26SEP41900CE,"FOCIT",0,2026-09-24,41900,0.05,45,CE,BFO-OPT,BFO
221555205,865450,FOCIT26SEP41900PE,"FOCIT",0,2026-09-24,41900,0.05,45,PE,BFO-OPT,BFO
221620229,865704,FOCIT26SEP41800CE,"FOCIT",0,2026-09-24,41800,0.05,45,CE,BFO-OPT,BFO
222084869,867519,FOCIT26SEP41800PE,"FOCIT",0,2026-09-24,41800,0.05,45,PE,BFO-OPT,BFO
220987653,863233,FOCIT26SEP41700CE,"FOCIT",0,2026-09-24,41700,0.05,45,CE,BFO-OPT,BFO
221417733,864913,FOCIT26SEP41700PE,"FOCIT",0,2026-09-24,41700,0.05,45,PE,BFO-OPT,BFO
221488133,865188,FOCIT26SEP41600CE,"FOCIT",0,2026-09-24,41600,0.05,45,CE,BFO-OPT,BFO
221940229,866954,FOCIT26SEP41600PE,"FOCIT",0,2026-09-24,41600,0.05,45,PE,BFO-OPT,BFO
219674885,858105,FOCIT26SEP41500PE,"FOCIT",0,2026-09-24,41500,0.05,45,PE,BFO-OPT,BFO
219701253,858208,FOCIT26SEP41500CE,"FOCIT",0,2026-09-24,41500,0.05,45,CE,BFO-OPT,BFO
221350149,864649,FOCIT26SEP41400CE,"FOCIT",0,2026-09-24,41400,0.05,45,CE,BFO-OPT,BFO
221792773,866378,FOCIT26SEP41400PE,"FOCIT",0,2026-09-24,41400,0.05,45,PE,BFO-OPT,BFO
221866757,866667,FOCIT26SEP41300CE,"FOCIT",0,2026-09-24,41300,0.05,45,CE,BFO-OPT,BFO
222343941,868531,FOCIT26SEP41300PE,"FOCIT",0,2026-09-24,41300,0.05,45,PE,BFO-OPT,BFO
221221893,864148,FOCIT26SEP41200CE,"FOCIT",0,2026-09-24,41200,0.05,45,CE,BFO-OPT,BFO
221663493,865873,FOCIT26SEP41200PE,"FOCIT",0,2026-09-24,41200,0.05,45,PE,BFO-OPT,BFO
221732357,866142,FOCIT26SEP41100CE,"FOCIT",0,2026-09-24,41100,0.05,45,CE,BFO-OPT,BFO
222197509,867959,FOCIT26SEP41100PE,"FOCIT",0,2026-09-24,41100,0.05,45,PE,BFO-OPT,BFO
216284677,844862,FOCIT26SEP41000PE,"FOCIT",0,2026-09-24,41000,0.05,45,PE,BFO-OPT,BFO
216925957,847367,FOCIT26SEP41000CE,"FOCIT",0,2026-09-24,41000,0.05,45,CE,BFO-OPT,BFO
221041413,863443,FOCIT26SEP40900CE,"FOCIT",0,2026-09-24,40900,0.05,45,CE,BFO-OPT,BFO
223088901,871441,FOCIT26SEP40900PE,"FOCIT",0,2026-09-24,40900,0.05,45,PE,BFO-OPT,BFO
220836357,862642,FOCIT26SEP40800PE,"FOCIT",0,2026-09-24,40800,0.05,45,PE,BFO-OPT,BFO
223892741,874581,FOCIT26SEP40800CE,"FOCIT",0,2026-09-24,40800,0.05,45,CE,BFO-OPT,BFO
220910853,862933,FOCIT26SEP40700CE,"FOCIT",0,2026-09-24,40700,0.05,45,CE,BFO-OPT,BFO
222307845,868390,FOCIT26SEP40700PE,"FOCIT",0,2026-09-24,40700,0.05,45,PE,BFO-OPT,BFO
220704517,862127,FOCIT26SEP40600PE,"FOCIT",0,2026-09-24,40600,0.05,45,PE,BFO-OPT,BFO
222377733,868663,FOCIT26SEP40600CE,"FOCIT",0,2026-09-24,40600,0.05,45,CE,BFO-OPT,BFO
215535109,841934,FOCIT26SEP40500CE,"FOCIT",0,2026-09-24,40500,0.05,45,CE,BFO-OPT,BFO
215968773,843628,FOCIT26SEP40500PE,"FOCIT",0,2026-09-24,40500,0.05,45,PE,BFO-OPT,BFO
222247941,868156,FOCIT26SEP40400CE,"FOCIT",0,2026-09-24,40400,0.05,45,CE,BFO-OPT,BFO
224636165,877485,FOCIT26SEP40400PE,"FOCIT",0,2026-09-24,40400,0.05,45,PE,BFO-OPT,BFO
221088261,863626,FOCIT26SEP40300PE,"FOCIT",0,2026-09-24,40300,0.05,45,PE,BFO-OPT,BFO
224843781,878296,FOCIT26SEP40300CE,"FOCIT",0,2026-09-24,40300,0.05,45,CE,BFO-OPT,BFO
221154565,863885,FOCIT26SEP40200CE,"FOCIT",0,2026-09-24,40200,0.05,45,CE,BFO-OPT,BFO
224353541,876381,FOCIT26SEP40200PE,"FOCIT",0,2026-09-24,40200,0.05,45,PE,BFO-OPT,BFO
220958981,863121,FOCIT26SEP40100PE,"FOCIT",0,2026-09-24,40100,0.05,45,PE,BFO-OPT,BFO
224421893,876648,FOCIT26SEP40100CE,"FOCIT",0,2026-09-24,40100,0.05,45,CE,BFO-OPT,BFO
215785989,842914,FOCIT26SEP40000CE,"FOCIT",0,2026-09-24,40000,0.05,45,CE,BFO-OPT,BFO
216211973,844578,FOCIT26SEP40000PE,"FOCIT",0,2026-09-24,40000,0.05,45,PE,BFO-OPT,BFO
220751109,862309,FOCIT26SEP39900PE,"FOCIT",0,2026-09-24,39900,0.05,45,PE,BFO-OPT,BFO
221457925,865070,FOCIT26SEP39900CE,"FOCIT",0,2026-09-24,39900,0.05,45,CE,BFO-OPT,BFO
220820741,862581,FOCIT26SEP39800CE,"FOCIT",0,2026-09-24,39800,0.05,45,CE,BFO-OPT,BFO
221251589,864264,FOCIT26SEP39800PE,"FOCIT",0,2026-09-24,39800,0.05,45,PE,BFO-OPT,BFO
221316101,864516,FOCIT26SEP39700CE,"FOCIT",0,2026-09-24,39700,0.05,45,CE,BFO-OPT,BFO
221764101,866266,FOCIT26SEP39700PE,"FOCIT",0,2026-09-24,39700,0.05,45,PE,BFO-OPT,BFO
220687365,862060,FOCIT26SEP39600CE,"FOCIT",0,2026-09-24,39600,0.05,45,CE,BFO-OPT,BFO
221131013,863793,FOCIT26SEP39600PE,"FOCIT",0,2026-09-24,39600,0.05,45,PE,BFO-OPT,BFO
215955973,843578,FOCIT26SEP39500CE,"FOCIT",0,2026-09-24,39500,0.05,45,CE,BFO-OPT,BFO
216372229,845204,FOCIT26SEP39500PE,"FOCIT",0,2026-09-24,39500,0.05,45,PE,BFO-OPT,BFO
221002501,863291,FOCIT26SEP39400PE,"FOCIT",0,2026-09-24,39400,0.05,45,PE,BFO-OPT,BFO
221704709,866034,FOCIT26SEP39400CE,"FOCIT",0,2026-09-24,39400,0.05,45,CE,BFO-OPT,BFO
221071877,863562,FOCIT26SEP39300CE,"FOCIT",0,2026-09-24,39300,0.05,45,CE,BFO-OPT,BFO
221506309,865259,FOCIT26SEP39300PE,"FOCIT",0,2026-09-24,39300,0.05,45,PE,BFO-OPT,BFO
221580549,865549,FOCIT26SEP39200CE,"FOCIT",0,2026-09-24,39200,0.05,45,CE,BFO-OPT,BFO
222037765,867335,FOCIT26SEP39200PE,"FOCIT",0,2026-09-24,39200,0.05,45,PE,BFO-OPT,BFO
220944645,863065,FOCIT26SEP39100CE,"FOCIT",0,2026-09-24,39100,0.05,45,CE,BFO-OPT,BFO
221370117,864727,FOCIT26SEP39100PE,"FOCIT",0,2026-09-24,39100,0.05,45,PE,BFO-OPT,BFO
216196613,844518,FOCIT26SEP39000CE,"FOCIT",0,2026-09-24,39000,0.05,45,CE,BFO-OPT,BFO
216591365,846060,FOCIT26SEP39000PE,"FOCIT",0,2026-09-24,39000,0.05,45,PE,BFO-OPT,BFO
222341637,868522,FOCIT26SEP38900CE,"FOCIT",0,2026-09-24,38900,0.05,45,CE,BFO-OPT,BFO
224938245,878665,FOCIT26SEP38900PE,"FOCIT",0,2026-09-24,38900,0.05,45,PE,BFO-OPT,BFO
221661189,865864,FOCIT26SEP38800CE,"FOCIT",0,2026-09-24,38800,0.05,45,CE,BFO-OPT,BFO
222126085,867680,FOCIT26SEP38800PE,"FOCIT",0,2026-09-24,38800,0.05,45,PE,BFO-OPT,BFO
222195973,867953,FOCIT26SEP38700CE,"FOCIT",0,2026-09-24,38700,0.05,45,CE,BFO-OPT,BFO
224501765,876960,FOCIT26SEP38700PE,"FOCIT",0,2026-09-24,38700,0.05,45,PE,BFO-OPT,BFO
221988357,867142,FOCIT26SEP38600PE,"FOCIT",0,2026-09-24,38600,0.05,45,PE,BFO-OPT,BFO
224763397,877982,FOCIT26SEP38600CE,"FOCIT",0,2026-09-24,38600,0.05,45,CE,BFO-OPT,BFO
216737285,846630,FOCIT26SEP38500CE,"FOCIT",0,2026-09-24,38500,0.05,45,CE,BFO-OPT,BFO
217137157,848192,FOCIT26SEP38500PE,"FOCIT",0,2026-09-24,38500,0.05,45,PE,BFO-OPT,BFO
220931845,863015,FOCIT26SEP38400PE,"FOCIT",0,2026-09-24,38400,0.05,45,PE,BFO-OPT,BFO
224395013,876543,FOCIT26SEP38400CE,"FOCIT",0,2026-09-24,38400,0.05,45,CE,BFO-OPT,BFO
221919237,866872,FOCIT26SEP38300CE,"FOCIT",0,2026-09-24,38300,0.05,45,CE,BFO-OPT,BFO
222536965,869285,FOCIT26SEP38300PE,"FOCIT",0,2026-09-24,38300,0.05,45,PE,BFO-OPT,BFO
220792325,862470,FOCIT26SEP38200PE,"FOCIT",0,2026-09-24,38200,0.05,45,PE,BFO-OPT,BFO
223348229,872454,FOCIT26SEP38200CE,"FOCIT",0,2026-09-24,38200,0.05,45,CE,BFO-OPT,BFO
220862725,862745,FOCIT26SEP38100CE,"FOCIT",0,2026-09-24,38100,0.05,45,CE,BFO-OPT,BFO
222266117,868227,FOCIT26SEP38100PE,"FOCIT",0,2026-09-24,38100,0.05,45,PE,BFO-OPT,BFO
216968965,847535,FOCIT26SEP38000CE,"FOCIT",0,2026-09-24,38000,0.05,45,CE,BFO-OPT,BFO
217369093,849098,FOCIT26SEP38000PE,"FOCIT",0,2026-09-24,38000,0.05,45,PE,BFO-OPT,BFO
221085445,863615,FOCIT26SEP37900CE,"FOCIT",0,2026-09-24,37900,0.05,45,CE,BFO-OPT,BFO
221054725,863495,FOCIT26SEP36300PE,"FOCIT",0,2026-09-24,36300,0.05,45,PE,BFO-OPT,BFO
224760837,877972,FOCIT26SEP36300CE,"FOCIT",0,2026-09-24,36300,0.05,45,CE,BFO-OPT,BFO
222064133,867438,FOCIT26SEP36200CE,"FOCIT",0,2026-09-24,36200,0.05,45,CE,BFO-OPT,BFO
224097285,875380,FOCIT26SEP36200PE,"FOCIT",0,2026-09-24,36200,0.05,45,PE,BFO-OPT,BFO
220930821,863011,FOCIT26SEP36100PE,"FOCIT",0,2026-09-24,36100,0.05,45,PE,BFO-OPT,BFO
224393733,876538,FOCIT26SEP36100CE,"FOCIT",0,2026-09-24,36100,0.05,45,CE,BFO-OPT,BFO
216613893,846148,FOCIT26SEP36000CE,"FOCIT",0,2026-09-24,36000,0.05,45,CE,BFO-OPT,BFO
217017605,847725,FOCIT26SEP36000PE,"FOCIT",0,2026-09-24,36000,0.05,45,PE,BFO-OPT,BFO
220701189,862114,FOCIT26SEP35900CE,"FOCIT",0,2026-09-24,35900,0.05,45,CE,BFO-OPT,BFO
221144581,863846,FOCIT26SEP35900PE,"FOCIT",0,2026-09-24,35900,0.05,45,PE,BFO-OPT,BFO
221204229,864079,FOCIT26SEP35800CE,"FOCIT",0,2026-09-24,35800,0.05,45,CE,BFO-OPT,BFO
221648901,865816,FOCIT26SEP35800PE,"FOCIT",0,2026-09-24,35800,0.05,45,PE,BFO-OPT,BFO
221014789,863339,FOCIT26SEP35700PE,"FOCIT",0,2026-09-24,35700,0.05,45,PE,BFO-OPT,BFO
221715461,866076,FOCIT26SEP35700CE,"FOCIT",0,2026-09-24,35700,0.05,45,CE,BFO-OPT,BFO
221084165,863610,FOCIT26SEP35600CE,"FOCIT",0,2026-09-24,35600,0.05,45,CE,BFO-OPT,BFO
221521413,865318,FOCIT26SEP35600PE,"FOCIT",0,2026-09-24,35600,0.05,45,PE,BFO-OPT,BFO
216327941,845031,FOCIT26SEP35500CE,"FOCIT",0,2026-09-24,35500,0.05,45,CE,BFO-OPT,BFO
216728581,846596,FOCIT26SEP35500PE,"FOCIT",0,2026-09-24,35500,0.05,45,PE,BFO-OPT,BFO
220955653,863108,FOCIT26SEP35400CE,"FOCIT",0,2026-09-24,35400,0.05,45,CE,BFO-OPT,BFO
221384197,864782,FOCIT26SEP35400PE,"FOCIT",0,2026-09-24,35400,0.05,45,PE,BFO-OPT,BFO
221455109,865059,FOCIT26SEP35300CE,"FOCIT",0,2026-09-24,35300,0.05,45,CE,BFO-OPT,BFO
221903621,866811,FOCIT26SEP35300PE,"FOCIT",0,2026-09-24,35300,0.05,45,PE,BFO-OPT,BFO
221249797,864257,FOCIT26SEP35200PE,"FOCIT",0,2026-09-24,35200,0.05,45,PE,BFO-OPT,BFO
221979909,867109,FOCIT26SEP35200CE,"FOCIT",0,2026-09-24,35200,0.05,45,CE,BFO-OPT,BFO
221314053,864508,FOCIT26SEP35100CE,"FOCIT",0,2026-09-24,35100,0.05,45,CE,BFO-OPT,BFO
221762053,866258,FOCIT26SEP35100PE,"FOCIT",0,2026-09-24,35100,0.05,45,PE,BFO-OPT,BFO
215887365,843310,FOCIT26SEP35000PE,"FOCIT",0,2026-09-24,35000,0.05,45,PE,BFO-OPT,BFO
216551685,845905,FOCIT26SEP35000CE,"FOCIT",0,2026-09-24,35000,0.05,45,CE,BFO-OPT,BFO
222002949,867199,FOCIT26SEP34900PE,"FOCIT",0,2026-09-24,34900,0.05,45,PE,BFO-OPT,BFO
224800005,878125,FOCIT26SEP34900CE,"FOCIT",0,2026-09-24,34900,0.05,45,CE,BFO-OPT,BFO
222079493,867498,FOCIT26SEP34800CE,"FOCIT",0,2026-09-24,34800,0.05,45,CE,BFO-OPT,BFO
224251653,875983,FOCIT26SEP34800PE,"FOCIT",0,2026-09-24,34800,0.05,45,PE,BFO-OPT,BFO
220943109,863059,FOCIT26SEP34700PE,"FOCIT",0,2026-09-24,34700,0.05,45,PE,BFO-OPT,BFO
224406533,876588,FOCIT26SEP34700CE,"FOCIT",0,2026-09-24,34700,0.05,45,CE,BFO-OPT,BFO
221934853,866933,FOCIT26SEP34600CE,"FOCIT",0,2026-09-24,34600,0.05,45,CE,BFO-OPT,BFO
222726917,870027,FOCIT26SEP34600PE,"FOCIT",0,2026-09-24,34600,0.05,45,PE,BFO-OPT,BFO
215560965,842035,FOCIT26SEP34500PE,"FOCIT",0,2026-09-24,34500,0.05,45,PE,BFO-OPT,BFO
217092613,848018,FOCIT26SEP34500CE,"FOCIT",0,2026-09-24,34500,0.05,45,CE,BFO-OPT,BFO
220873733,862788,FOCIT26SEP34400CE,"FOCIT",0,2026-09-24,34400,0.05,45,CE,BFO-OPT,BFO
222277637,868272,FOCIT26SEP34400PE,"FOCIT",0,2026-09-24,34400,0.05,45,PE,BFO-OPT,BFO
222339333,868513,FOCIT26SEP34300CE,"FOCIT",0,2026-09-24,34300,0.05,45,CE,BFO-OPT,BFO
224931589,878639,FOCIT26SEP34300PE,"FOCIT",0,2026-09-24,34300,0.05,45,PE,BFO-OPT,BFO
220742917,862277,FOCIT26SEP34200CE,"FOCIT",0,2026-09-24,34200,0.05,45,CE,BFO-OPT,BFO
221181189,863989,FOCIT26SEP34200PE,"FOCIT",0,2026-09-24,34200,0.05,45,PE,BFO-OPT,BFO
222193925,867945,FOCIT26SEP34100CE,"FOCIT",0,2026-09-24,34100,0.05,45,CE,BFO-OPT,BFO
224492805,876925,FOCIT26SEP34100PE,"FOCIT",0,2026-09-24,34100,0.05,45,PE,BFO-OPT,BFO
215815429,843029,FOCIT26SEP34000PE,"FOCIT",0,2026-09-24,34000,0.05,45,PE,BFO-OPT,BFO
217320709,848909,FOCIT26SEP34000CE,"FOCIT",0,2026-09-24,34000,0.05,45,CE,BFO-OPT,BFO
221471237,865122,FOCIT26SEP33900CE,"FOCIT",0,2026-09-24,33900,0.05,45,CE,BFO-OPT,BFO
221917445,866865,FOCIT26SEP33900PE,"FOCIT",0,2026-09-24,33900,0.05,45,PE,BFO-OPT,BFO
220833797,862632,FOCIT26SEP33800CE,"FOCIT",0,2026-09-24,33800,0.05,45,CE,BFO-OPT,BFO
221261573,864303,FOCIT26SEP33800PE,"FOCIT",0,2026-09-24,33800,0.05,45,PE,BFO-OPT,BFO
221328901,864566,FOCIT26SEP33700CE,"FOCIT",0,2026-09-24,33700,0.05,45,CE,BFO-OPT,BFO
221774085,866305,FOCIT26SEP33700PE,"FOCIT",0,2026-09-24,33700,0.05,45,PE,BFO-OPT,BFO
221143557,863842,FOCIT26SEP33600PE,"FOCIT",0,2026-09-24,33600,0.05,45,PE,BFO-OPT,BFO
221843973,866578,FOCIT26SEP33600CE,"FOCIT",0,2026-09-24,33600,0.05,45,CE,BFO-OPT,BFO
215964933,843613,FOCIT26SEP33500CE,"FOCIT",0,2026-09-24,33500,0.05,45,CE,BFO-OPT,BFO
216382469,845244,FOCIT26SEP33500PE,"FOCIT",0,2026-09-24,33500,0.05,45,PE,BFO-OPT,BFO
221714949,866074,FOCIT26SEP33400CE,"FOCIT",0,2026-09-24,33400,0.05,45,CE,BFO-OPT,BFO
222181893,867898,FOCIT26SEP33400PE,"FOCIT",0,2026-09-24,33400,0.05,45,PE,BFO-OPT,BFO
221082885,863605,FOCIT26SEP33300CE,"FOCIT",0,2026-09-24,33300,0.05,45,CE,BFO-OPT,BFO
221520389,865314,FOCIT26SEP33300PE,"FOCIT",0,2026-09-24,33300,0.05,45,PE,BFO-OPT,BFO
216207365,844560,FOCIT26SEP33000CE,"FOCIT",0,2026-09-24,33000,0.05,45,CE,BFO-OPT,BFO
216600581,846096,FOCIT26SEP33000PE,"FOCIT",0,2026-09-24,33000,0.05,45,PE,BFO-OPT,BFO
216746501,846666,FOCIT26SEP32500CE,"FOCIT",0,2026-09-24,32500,0.05,45,CE,BFO-OPT,BFO
217149445,848240,FOCIT26SEP32500PE,"FOCIT",0,2026-09-24,32500,0.05,45,PE,BFO-OPT,BFO
216977413,847568,FOCIT26SEP32000CE,"FOCIT",0,2026-09-24,32000,0.05,45,CE,BFO-OPT,BFO
217380101,849141,FOCIT26SEP32000PE,"FOCIT",0,2026-09-24,32000,0.05,45,PE,BFO-OPT,BFO
216024325,843845,FOCIT26SEP31500PE,"FOCIT",0,2026-09-24,31500,0.05,45,PE,BFO-OPT,BFO
216684549,846424,FOCIT26SEP31500CE,"FOCIT",0,2026-09-24,31500,0.05,45,CE,BFO-OPT,BFO
215835397,843107,FOCIT26SEP31000CE,"FOCIT",0,2026-09-24,31000,0.05,45,CE,BFO-OPT,BFO
216267013,844793,FOCIT26SEP31000PE,"FOCIT",0,2026-09-24,31000,0.05,45,PE,BFO-OPT,BFO
215517445,841865,FOCIT26SEP30500CE,"FOCIT",0,2026-09-24,30500,0.05,45,CE,BFO-OPT,BFO
215953413,843568,FOCIT26SEP30500PE,"FOCIT",0,2026-09-24,30500,0.05,45,PE,BFO-OPT,BFO
215766277,842837,FOCIT26SEP30000CE,"FOCIT",0,2026-09-24,30000,0.05,45,CE,BFO-OPT,BFO
217028357,847767,FOCIT26SEP30000PE,"FOCIT",0,2026-09-24,30000,0.05,45,PE,BFO-OPT,BFO
215940357,843517,FOCIT26SEP29500CE,"FOCIT",0,2026-09-24,29500,0.05,45,CE,BFO-OPT,BFO
216356613,845143,FOCIT26SEP29500PE,"FOCIT",0,2026-09-24,29500,0.05,45,PE,BFO-OPT,BFO
216172293,844423,FOCIT26SEP29000CE,"FOCIT",0,2026-09-24,29000,0.05,45,CE,BFO-OPT,BFO
216576005,846000,FOCIT26SEP29000PE,"FOCIT",0,2026-09-24,29000,0.05,45,PE,BFO-OPT,BFO
216725253,846583,FOCIT26SEP28500CE,"FOCIT",0,2026-09-24,28500,0.05,45,CE,BFO-OPT,BFO
217119749,848124,FOCIT26SEP28500PE,"FOCIT",0,2026-09-24,28500,0.05,45,PE,BFO-OPT,BFO
216953093,847473,FOCIT26SEP28000CE,"FOCIT",0,2026-09-24,28000,0.05,45,CE,BFO-OPT,BFO
217351941,849031,FOCIT26SEP28000PE,"FOCIT",0,2026-09-24,28000,0.05,45,PE,BFO-OPT,BFO
220710149,862149,FOCIT26OCT36200CE,"FOCIT",0,2026-10-29,36200,0.05,45,CE,BFO-OPT,BFO
220716549,862174,FOCIT26OCT39600PE,"FOCIT",0,2026-10-29,39600,0.05,45,PE,BFO-OPT,BFO
220730629,862229,FOCIT26OCT35900PE,"FOCIT",0,2026-10-29,35900,0.05,45,PE,BFO-OPT,BFO
220738821,862261,FOCIT26OCT40200CE,"FOCIT",0,2026-10-29,40200,0.05,45,CE,BFO-OPT,BFO
220773893,862398,FOCIT26OCT34200PE,"FOCIT",0,2026-10-29,34200,0.05,45,PE,BFO-OPT,BFO
220775173,862403,FOCIT26OCT36500PE,"FOCIT",0,2026-10-29,36500,0.05,45,PE,BFO-OPT,BFO
220787717,862452,FOCIT26OCT37200CE,"FOCIT",0,2026-10-29,37200,0.05,45,CE,BFO-OPT,BFO
220788485,862455,FOCIT26OCT39500CE,"FOCIT",0,2026-10-29,39500,0.05,45,CE,BFO-OPT,BFO
220796677,862487,FOCIT26OCT33500CE,"FOCIT",0,2026-10-29,33500,0.05,45,CE,BFO-OPT,BFO
220797189,862489,FOCIT26OCT35800CE,"FOCIT",0,2026-10-29,35800,0.05,45,CE,BFO-OPT,BFO
220800773,862503,FOCIT26OCT40500PE,"FOCIT",0,2026-10-29,40500,0.05,45,PE,BFO-OPT,BFO
220845829,862679,FOCIT26OCT37500PE,"FOCIT",0,2026-10-29,37500,0.05,45,PE,BFO-OPT,BFO
220847365,862685,FOCIT26OCT39800PE,"FOCIT",0,2026-10-29,39800,0.05,45,PE,BFO-OPT,BFO
220859653,862733,FOCIT26OCT33800PE,"FOCIT",0,2026-10-29,33800,0.05,45,PE,BFO-OPT,BFO
220870661,862776,FOCIT26OCT40400CE,"FOCIT",0,2026-10-29,40400,0.05,45,CE,BFO-OPT,BFO
220889349,862849,FOCIT26OCT38100PE,"FOCIT",0,2026-10-29,38100,0.05,45,PE,BFO-OPT,BFO
220905989,862914,FOCIT26OCT34400PE,"FOCIT",0,2026-10-29,34400,0.05,45,PE,BFO-OPT,BFO
220922117,862977,FOCIT26OCT35100CE,"FOCIT",0,2026-10-29,35100,0.05,45,CE,BFO-OPT,BFO
220923397,862982,FOCIT26OCT37400CE,"FOCIT",0,2026-10-29,37400,0.05,45,CE,BFO-OPT,BFO
220923653,862983,FOCIT26OCT39700CE,"FOCIT",0,2026-10-29,39700,0.05,45,CE,BFO-OPT,BFO
220937221,863036,FOCIT26OCT33700CE,"FOCIT",0,2026-10-29,33700,0.05,45,CE,BFO-OPT,BFO
220940805,863050,FOCIT26OCT40700PE,"FOCIT",0,2026-10-29,40700,0.05,45,PE,BFO-OPT,BFO
220951557,863092,FOCIT26OCT41400CE,"FOCIT",0,2026-10-29,41400,0.05,45,CE,BFO-OPT,BFO
220972549,863174,FOCIT26OCT39100PE,"FOCIT",0,2026-10-29,39100,0.05,45,PE,BFO-OPT,BFO
220983301,863216,FOCIT26OCT35400PE,"FOCIT",0,2026-10-29,35400,0.05,45,PE,BFO-OPT,BFO
220986117,863227,FOCIT26OCT37700PE,"FOCIT",0,2026-10-29,37700,0.05,45,PE,BFO-OPT,BFO
221011205,863325,FOCIT26OCT41700PE,"FOCIT",0,2026-10-29,41700,0.05,45,PE,BFO-OPT,BFO
221039621,863436,FOCIT26OCT39000CE,"FOCIT",0,2026-10-29,39000,0.05,45,CE,BFO-OPT,BFO
221048837,863472,FOCIT26OCT35300CE,"FOCIT",0,2026-10-29,35300,0.05,45,CE,BFO-OPT,BFO
221049861,863476,FOCIT26OCT37600CE,"FOCIT",0,2026-10-29,37600,0.05,45,CE,BFO-OPT,BFO
221050885,863480,FOCIT26OCT39900CE,"FOCIT",0,2026-10-29,39900,0.05,45,CE,BFO-OPT,BFO
221051909,863484,FOCIT26OCT40000PE,"FOCIT",0,2026-10-29,40000,0.05,45,PE,BFO-OPT,BFO
221063429,863529,FOCIT26OCT33900CE,"FOCIT",0,2026-10-29,33900,0.05,45,CE,BFO-OPT,BFO
221067013,863543,FOCIT26OCT40900PE,"FOCIT",0,2026-10-29,40900,0.05,45,PE,BFO-OPT,BFO
221079813,863593,FOCIT26OCT41600CE,"FOCIT",0,2026-10-29,41600,0.05,45,CE,BFO-OPT,BFO
221100293,863673,FOCIT26OCT37000PE,"FOCIT",0,2026-10-29,37000,0.05,45,PE,BFO-OPT,BFO
221101061,863676,FOCIT26OCT39300PE,"FOCIT",0,2026-10-29,39300,0.05,45,PE,BFO-OPT,BFO
221112069,863719,FOCIT26OCT33300PE,"FOCIT",0,2026-10-29,33300,0.05,45,PE,BFO-OPT,BFO
221113093,863723,FOCIT26OCT35600PE,"FOCIT",0,2026-10-29,35600,0.05,45,PE,BFO-OPT,BFO
221114629,863729,FOCIT26OCT37900PE,"FOCIT",0,2026-10-29,37900,0.05,45,PE,BFO-OPT,BFO
221142277,863837,FOCIT26OCT41900PE,"FOCIT",0,2026-10-29,41900,0.05,45,PE,BFO-OPT,BFO
221167365,863935,FOCIT26OCT39200CE,"FOCIT",0,2026-10-29,39200,0.05,45,CE,BFO-OPT,BFO
221176581,863971,FOCIT26OCT35500CE,"FOCIT",0,2026-10-29,35500,0.05,45,CE,BFO-OPT,BFO
221177349,863974,FOCIT26OCT37800CE,"FOCIT",0,2026-10-29,37800,0.05,45,CE,BFO-OPT,BFO
221178885,863980,FOCIT26OCT40200PE,"FOCIT",0,2026-10-29,40200,0.05,45,PE,BFO-OPT,BFO
221201669,864069,FOCIT26OCT41800CE,"FOCIT",0,2026-10-29,41800,0.05,45,CE,BFO-OPT,BFO
221218053,864133,FOCIT26OCT37200PE,"FOCIT",0,2026-10-29,37200,0.05,45,PE,BFO-OPT,BFO
221219333,864138,FOCIT26OCT39500PE,"FOCIT",0,2026-10-29,39500,0.05,45,PE,BFO-OPT,BFO
221232133,864188,FOCIT26OCT33500PE,"FOCIT",0,2026-10-29,33500,0.05,45,PE,BFO-OPT,BFO
221233157,864192,FOCIT26OCT35800PE,"FOCIT",0,2026-10-29,35800,0.05,45,PE,BFO-OPT,BFO
221246981,864246,FOCIT26OCT41200PE,"FOCIT",0,2026-10-29,41200,0.05,45,PE,BFO-OPT,BFO
221284101,864391,FOCIT26OCT37100CE,"FOCIT",0,2026-10-29,37100,0.05,45,CE,BFO-OPT,BFO
221285125,864395,FOCIT26OCT39400CE,"FOCIT",0,2026-10-29,39400,0.05,45,CE,BFO-OPT,BFO
221294853,864433,FOCIT26OCT33400CE,"FOCIT",0,2026-10-29,33400,0.05,45,CE,BFO-OPT,BFO
221295621,864436,FOCIT26OCT35700CE,"FOCIT",0,2026-10-29,35700,0.05,45,CE,BFO-OPT,BFO
221310981,864496,FOCIT26OCT41100CE,"FOCIT",0,2026-10-29,41100,0.05,45,CE,BFO-OPT,BFO
221345541,864631,FOCIT26OCT35100PE,"FOCIT",0,2026-10-29,35100,0.05,45,PE,BFO-OPT,BFO
221346821,864636,FOCIT26OCT37400PE,"FOCIT",0,2026-10-29,37400,0.05,45,PE,BFO-OPT,BFO
221348101,864641,FOCIT26OCT39700PE,"FOCIT",0,2026-10-29,39700,0.05,45,PE,BFO-OPT,BFO
221362437,864697,FOCIT26OCT33700PE,"FOCIT",0,2026-10-29,33700,0.05,45,PE,BFO-OPT,BFO
221381381,864771,FOCIT26OCT41400PE,"FOCIT",0,2026-10-29,41400,0.05,45,PE,BFO-OPT,BFO
221420805,864925,FOCIT26OCT35000CE,"FOCIT",0,2026-10-29,35000,0.05,45,CE,BFO-OPT,BFO
221421829,864929,FOCIT26OCT37300CE,"FOCIT",0,2026-10-29,37300,0.05,45,CE,BFO-OPT,BFO
221422341,864931,FOCIT26OCT39600CE,"FOCIT",0,2026-10-29,39600,0.05,45,CE,BFO-OPT,BFO
221435397,864982,FOCIT26OCT33600CE,"FOCIT",0,2026-10-29,33600,0.05,45,CE,BFO-OPT,BFO
221436421,864986,FOCIT26OCT35900CE,"FOCIT",0,2026-10-29,35900,0.05,45,CE,BFO-OPT,BFO
221452549,865049,FOCIT26OCT41300CE,"FOCIT",0,2026-10-29,41300,0.05,45,CE,BFO-OPT,BFO
221472261,865126,FOCIT26OCT39000PE,"FOCIT",0,2026-10-29,39000,0.05,45,PE,BFO-OPT,BFO
221483269,865169,FOCIT26OCT35300PE,"FOCIT",0,2026-10-29,35300,0.05,45,PE,BFO-OPT,BFO
221485061,865176,FOCIT26OCT37600PE,"FOCIT",0,2026-10-29,37600,0.05,45,PE,BFO-OPT,BFO
221486085,865180,FOCIT26OCT39900PE,"FOCIT",0,2026-10-29,39900,0.05,45,PE,BFO-OPT,BFO
221498629,865229,FOCIT26OCT33900PE,"FOCIT",0,2026-10-29,33900,0.05,45,PE,BFO-OPT,BFO
221511941,865281,FOCIT26OCT36900CE,"FOCIT",0,2026-10-29,36900,0.05,45,CE,BFO-OPT,BFO
221517317,865302,FOCIT26OCT41600PE,"FOCIT",0,2026-10-29,41600,0.05,45,PE,BFO-OPT,BFO
221559557,865467,FOCIT26OCT35200CE,"FOCIT",0,2026-10-29,35200,0.05,45,CE,BFO-OPT,BFO
221561093,865473,FOCIT26OCT37500CE,"FOCIT",0,2026-10-29,37500,0.05,45,CE,BFO-OPT,BFO
221573125,865520,FOCIT26OCT33800CE,"FOCIT",0,2026-10-29,33800,0.05,45,CE,BFO-OPT,BFO
221587973,865578,FOCIT26OCT41500CE,"FOCIT",0,2026-10-29,41500,0.05,45,CE,BFO-OPT,BFO
221606917,865652,FOCIT26OCT39200PE,"FOCIT",0,2026-10-29,39200,0.05,45,PE,BFO-OPT,BFO
221617925,865695,FOCIT26OCT35500PE,"FOCIT",0,2026-10-29,35500,0.05,45,PE,BFO-OPT,BFO
221618437,865697,FOCIT26OCT37800PE,"FOCIT",0,2026-10-29,37800,0.05,45,PE,BFO-OPT,BFO
221629701,865741,FOCIT26OCT38500CE,"FOCIT",0,2026-10-29,38500,0.05,45,CE,BFO-OPT,BFO
221641477,865787,FOCIT26OCT34800CE,"FOCIT",0,2026-10-29,34800,0.05,45,CE,BFO-OPT,BFO
221646085,865805,FOCIT26OCT41800PE,"FOCIT",0,2026-10-29,41800,0.05,45,PE,BFO-OPT,BFO
221669381,865896,FOCIT26OCT39100CE,"FOCIT",0,2026-10-29,39100,0.05,45,CE,BFO-OPT,BFO
221684229,865954,FOCIT26OCT35400CE,"FOCIT",0,2026-10-29,35400,0.05,45,CE,BFO-OPT,BFO
221690117,865977,FOCIT26OCT38800PE,"FOCIT",0,2026-10-29,38800,0.05,45,PE,BFO-OPT,BFO
221712645,866065,FOCIT26OCT41700CE,"FOCIT",0,2026-10-29,41700,0.05,45,CE,BFO-OPT,BFO
221729029,866129,FOCIT26OCT37100PE,"FOCIT",0,2026-10-29,37100,0.05,45,PE,BFO-OPT,BFO
221730053,866133,FOCIT26OCT39400PE,"FOCIT",0,2026-10-29,39400,0.05,45,PE,BFO-OPT,BFO
221742341,866181,FOCIT26OCT33400PE,"FOCIT",0,2026-10-29,33400,0.05,45,PE,BFO-OPT,BFO
221742853,866183,FOCIT26OCT35700PE,"FOCIT",0,2026-10-29,35700,0.05,45,PE,BFO-OPT,BFO
221753861,866226,FOCIT26OCT34100CE,"FOCIT",0,2026-10-29,34100,0.05,45,CE,BFO-OPT,BFO
221754885,866230,FOCIT26OCT36400CE,"FOCIT",0,2026-10-29,36400,0.05,45,CE,BFO-OPT,BFO
221756421,866236,FOCIT26OCT38700CE,"FOCIT",0,2026-10-29,38700,0.05,45,CE,BFO-OPT,BFO
221758469,866244,FOCIT26OCT41100PE,"FOCIT",0,2026-10-29,41100,0.05,45,PE,BFO-OPT,BFO
221816581,866471,FOCIT26OCT36700PE,"FOCIT",0,2026-10-29,36700,0.05,45,PE,BFO-OPT,BFO
221826309,866509,FOCIT26OCT41000CE,"FOCIT",0,2026-10-29,41000,0.05,45,CE,BFO-OPT,BFO
221840389,866564,FOCIT26OCT41900CE,"FOCIT",0,2026-10-29,41900,0.05,45,CE,BFO-OPT,BFO
221860357,866642,FOCIT26OCT35000PE,"FOCIT",0,2026-10-29,35000,0.05,45,PE,BFO-OPT,BFO
221861893,866648,FOCIT26OCT37300PE,"FOCIT",0,2026-10-29,37300,0.05,45,PE,BFO-OPT,BFO
221879045,866715,FOCIT26OCT33600PE,"FOCIT",0,2026-10-29,33600,0.05,45,PE,BFO-OPT,BFO
221879813,866718,FOCIT26OCT38000CE,"FOCIT",0,2026-10-29,38000,0.05,45,CE,BFO-OPT,BFO
221894405,866775,FOCIT26OCT34300CE,"FOCIT",0,2026-10-29,34300,0.05,45,CE,BFO-OPT,BFO
221895173,866778,FOCIT26OCT36600CE,"FOCIT",0,2026-10-29,36600,0.05,45,CE,BFO-OPT,BFO
221896453,866783,FOCIT26OCT38900CE,"FOCIT",0,2026-10-29,38900,0.05,45,CE,BFO-OPT,BFO
221899525,866795,FOCIT26OCT41300PE,"FOCIT",0,2026-10-29,41300,0.05,45,PE,BFO-OPT,BFO
221929477,866912,FOCIT26OCT40600CE,"FOCIT",0,2026-10-29,40600,0.05,45,CE,BFO-OPT,BFO
221950469,866994,FOCIT26OCT36000PE,"FOCIT",0,2026-10-29,36000,0.05,45,PE,BFO-OPT,BFO
221951493,866998,FOCIT26OCT38300PE,"FOCIT",0,2026-10-29,38300,0.05,45,PE,BFO-OPT,BFO
221964037,867047,FOCIT26OCT34600PE,"FOCIT",0,2026-10-29,34600,0.05,45,PE,BFO-OPT,BFO
221965829,867054,FOCIT26OCT36900PE,"FOCIT",0,2026-10-29,36900,0.05,45,PE,BFO-OPT,BFO
221976325,867095,FOCIT26OCT41200CE,"FOCIT",0,2026-10-29,41200,0.05,45,CE,BFO-OPT,BFO
222010885,867230,FOCIT26OCT35200PE,"FOCIT",0,2026-10-29,35200,0.05,45,PE,BFO-OPT,BFO
222030341,867306,FOCIT26OCT38200CE,"FOCIT",0,2026-10-29,38200,0.05,45,CE,BFO-OPT,BFO
222043653,867358,FOCIT26OCT34500CE,"FOCIT",0,2026-10-29,34500,0.05,45,CE,BFO-OPT,BFO
222044677,867362,FOCIT26OCT36800CE,"FOCIT",0,2026-10-29,36800,0.05,45,CE,BFO-OPT,BFO
222048261,867376,FOCIT26OCT41500PE,"FOCIT",0,2026-10-29,41500,0.05,45,PE,BFO-OPT,BFO
222075909,867484,FOCIT26OCT40800CE,"FOCIT",0,2026-10-29,40800,0.05,45,CE,BFO-OPT,BFO
222095109,867559,FOCIT26OCT36200PE,"FOCIT",0,2026-10-29,36200,0.05,45,PE,BFO-OPT,BFO
222095621,867561,FOCIT26OCT38500PE,"FOCIT",0,2026-10-29,38500,0.05,45,PE,BFO-OPT,BFO
222106373,867603,FOCIT26OCT34800PE,"FOCIT",0,2026-10-29,34800,0.05,45,PE,BFO-OPT,BFO
222161925,867820,FOCIT26OCT36100CE,"FOCIT",0,2026-10-29,36100,0.05,45,CE,BFO-OPT,BFO
222163717,867827,FOCIT26OCT38400CE,"FOCIT",0,2026-10-29,38400,0.05,45,CE,BFO-OPT,BFO
222175749,867874,FOCIT26OCT34700CE,"FOCIT",0,2026-10-29,34700,0.05,45,CE,BFO-OPT,BFO
222191621,867936,FOCIT26OCT40100CE,"FOCIT",0,2026-10-29,40100,0.05,45,CE,BFO-OPT,BFO
222241541,868131,FOCIT26OCT34100PE,"FOCIT",0,2026-10-29,34100,0.05,45,PE,BFO-OPT,BFO
222243589,868139,FOCIT26OCT36400PE,"FOCIT",0,2026-10-29,36400,0.05,45,PE,BFO-OPT,BFO
222245893,868148,FOCIT26OCT38700PE,"FOCIT",0,2026-10-29,38700,0.05,45,PE,BFO-OPT,BFO
222273797,868257,FOCIT26OCT40400PE,"FOCIT",0,2026-10-29,40400,0.05,45,PE,BFO-OPT,BFO
222311429,868404,FOCIT26OCT34000CE,"FOCIT",0,2026-10-29,34000,0.05,45,CE,BFO-OPT,BFO
222311685,868405,FOCIT26OCT36300CE,"FOCIT",0,2026-10-29,36300,0.05,45,CE,BFO-OPT,BFO
222313477,868412,FOCIT26OCT38600CE,"FOCIT",0,2026-10-29,38600,0.05,45,CE,BFO-OPT,BFO
222315525,868420,FOCIT26OCT41000PE,"FOCIT",0,2026-10-29,41000,0.05,45,PE,BFO-OPT,BFO
222326021,868461,FOCIT26OCT34900CE,"FOCIT",0,2026-10-29,34900,0.05,45,CE,BFO-OPT,BFO
222336773,868503,FOCIT26OCT40300CE,"FOCIT",0,2026-10-29,40300,0.05,45,CE,BFO-OPT,BFO
222357765,868585,FOCIT26OCT38000PE,"FOCIT",0,2026-10-29,38000,0.05,45,PE,BFO-OPT,BFO
222373637,868647,FOCIT26OCT34300PE,"FOCIT",0,2026-10-29,34300,0.05,45,PE,BFO-OPT,BFO
222374661,868651,FOCIT26OCT36600PE,"FOCIT",0,2026-10-29,36600,0.05,45,PE,BFO-OPT,BFO
222376197,868657,FOCIT26OCT38900PE,"FOCIT",0,2026-10-29,38900,0.05,45,PE,BFO-OPT,BFO
222679045,869840,FOCIT26OCT40600PE,"FOCIT",0,2026-10-29,40600,0.05,45,PE,BFO-OPT,BFO
223119365,871560,FOCIT26OCT34200CE,"FOCIT",0,2026-10-29,34200,0.05,45,CE,BFO-OPT,BFO
223124229,871579,FOCIT26OCT36500CE,"FOCIT",0,2026-10-29,36500,0.05,45,CE,BFO-OPT,BFO
223140869,871644,FOCIT26OCT38800CE,"FOCIT",0,2026-10-29,38800,0.05,45,CE,BFO-OPT,BFO
223430661,872776,FOCIT26OCT40500CE,"FOCIT",0,2026-10-29,40500,0.05,45,CE,BFO-OPT,BFO
223668485,873705,FOCIT26OCT38200PE,"FOCIT",0,2026-10-29,38200,0.05,45,PE,BFO-OPT,BFO
223849221,874411,FOCIT26OCT34500PE,"FOCIT",0,2026-10-29,34500,0.05,45,PE,BFO-OPT,BFO
223861509,874459,FOCIT26OCT36800PE,"FOCIT",0,2026-10-29,36800,0.05,45,PE,BFO-OPT,BFO
224013829,875054,FOCIT26OCT39800CE,"FOCIT",0,2026-10-29,39800,0.05,45,CE,BFO-OPT,BFO
224209925,875820,FOCIT26OCT40800PE,"FOCIT",0,2026-10-29,40800,0.05,45,PE,BFO-OPT,BFO
224360197,876407,FOCIT26OCT38100CE,"FOCIT",0,2026-10-29,38100,0.05,45,CE,BFO-OPT,BFO
224372741,876456,FOCIT26OCT34400CE,"FOCIT",0,2026-10-29,34400,0.05,45,CE,BFO-OPT,BFO
224375045,876465,FOCIT26OCT36700CE,"FOCIT",0,2026-10-29,36700,0.05,45,CE,BFO-OPT,BFO
224401925,876570,FOCIT26OCT40700CE,"FOCIT",0,2026-10-29,40700,0.05,45,CE,BFO-OPT,BFO
224420357,876642,FOCIT26OCT36100PE,"FOCIT",0,2026-10-29,36100,0.05,45,PE,BFO-OPT,BFO
224420613,876643,FOCIT26OCT38400PE,"FOCIT",0,2026-10-29,38400,0.05,45,PE,BFO-OPT,BFO
224434693,876698,FOCIT26OCT34700PE,"FOCIT",0,2026-10-29,34700,0.05,45,PE,BFO-OPT,BFO
224447749,876749,FOCIT26OCT37700CE,"FOCIT",0,2026-10-29,37700,0.05,45,CE,BFO-OPT,BFO
224463621,876811,FOCIT26OCT40100PE,"FOCIT",0,2026-10-29,40100,0.05,45,PE,BFO-OPT,BFO
224658949,877574,FOCIT26OCT36000CE,"FOCIT",0,2026-10-29,36000,0.05,45,CE,BFO-OPT,BFO
224678661,877651,FOCIT26OCT38300CE,"FOCIT",0,2026-10-29,38300,0.05,45,CE,BFO-OPT,BFO
224701957,877742,FOCIT26OCT34600CE,"FOCIT",0,2026-10-29,34600,0.05,45,CE,BFO-OPT,BFO
224750853,877933,FOCIT26OCT40000CE,"FOCIT",0,2026-10-29,40000,0.05,45,CE,BFO-OPT,BFO
224790533,878088,FOCIT26OCT40900CE,"FOCIT",0,2026-10-29,40900,0.05,45,CE,BFO-OPT,BFO
224834821,878261,FOCIT26OCT34000PE,"FOCIT",0,2026-10-29,34000,0.05,45,PE,BFO-OPT,BFO
224837125,878270,FOCIT26OCT36300PE,"FOCIT",0,2026-10-29,36300,0.05,45,PE,BFO-OPT,BFO
224839685,878280,FOCIT26OCT38600PE,"FOCIT",0,2026-10-29,38600,0.05,45,PE,BFO-OPT,BFO
224879621,878436,FOCIT26OCT34900PE,"FOCIT",0,2026-10-29,34900,0.05,45,PE,BFO-OPT,BFO
224884229,878454,FOCIT26OCT37000CE,"FOCIT",0,2026-10-29,37000,0.05,45,CE,BFO-OPT,BFO
224885765,878460,FOCIT26OCT39300CE,"FOCIT",0,2026-10-29,39300,0.05,45,CE,BFO-OPT,BFO
224913157,878567,FOCIT26OCT33300CE,"FOCIT",0,2026-10-29,33300,0.05,45,CE,BFO-OPT,BFO
224914949,878574,FOCIT26OCT35600CE,"FOCIT",0,2026-10-29,35600,0.05,45,CE,BFO-OPT,BFO
224919301,878591,FOCIT26OCT37900CE,"FOCIT",0,2026-10-29,37900,0.05,45,CE,BFO-OPT,BFO
224924165,878610,FOCIT26OCT40300PE,"FOCIT",0,2026-10-29,40300,0.05,45,PE,BFO-OPT,BFO
218897413,855068,SENSEX2682076900CE,"SENSEX",0,2026-08-20,76900,0.05,20,CE,BFO-OPT,BFO
218946053,855258,SENSEX2682076900PE,"SENSEX",0,2026-08-20,76900,0.05,20,PE,BFO-OPT,BFO
218813445,854740,SENSEX2682077000CE,"SENSEX",0,2026-08-20,77000,0.05,20,CE,BFO-OPT,BFO
218855429,854904,SENSEX2682077000PE,"SENSEX",0,2026-08-20,77000,0.05,20,PE,BFO-OPT,BFO
218833669,854819,SENSEX2682076800CE,"SENSEX",0,2026-08-20,76800,0.05,20,CE,BFO-OPT,BFO
218878213,854993,SENSEX2682076800PE,"SENSEX",0,2026-08-20,76800,0.05,20,PE,BFO-OPT,BFO
218978309,855384,SENSEX2682077100CE,"SENSEX",0,2026-08-20,77100,0.05,20,CE,BFO-OPT,BFO
219023877,855562,SENSEX2682077100PE,"SENSEX",0,2026-08-20,77100,0.05,20,PE,BFO-OPT,BFO
218884869,855019,SENSEX2682076700CE,"SENSEX",0,2026-08-20,76700,0.05,20,CE,BFO-OPT,BFO
218930949,855199,SENSEX2682076700PE,"SENSEX",0,2026-08-20,76700,0.05,20,PE,BFO-OPT,BFO
218826501,854791,SENSEX2682077200CE,"SENSEX",0,2026-08-20,77200,0.05,20,CE,BFO-OPT,BFO
218871045,854965,SENSEX2682077200PE,"SENSEX",0,2026-08-20,77200,0.05,20,PE,BFO-OPT,BFO
218865413,854943,SENSEX2682076600PE,"SENSEX",0,2026-08-20,76600,0.05,20,PE,BFO-OPT,BFO
218939653,855233,SENSEX2682076600CE,"SENSEX",0,2026-08-20,76600,0.05,20,CE,BFO-OPT,BFO
218820101,854766,SENSEX2682077300PE,"SENSEX",0,2026-08-20,77300,0.05,20,PE,BFO-OPT,BFO
218992901,855441,SENSEX2682077300CE,"SENSEX",0,2026-08-20,77300,0.05,20,CE,BFO-OPT,BFO
218873093,854973,SENSEX2682076500CE,"SENSEX",0,2026-08-20,76500,0.05,20,CE,BFO-OPT,BFO
218919173,855153,SENSEX2682076500PE,"SENSEX",0,2026-08-20,76500,0.05,20,PE,BFO-OPT,BFO
218837253,854833,SENSEX2682077400CE,"SENSEX",0,2026-08-20,77400,0.05,20,CE,BFO-OPT,BFO
218984965,855410,SENSEX2682077400PE,"SENSEX",0,2026-08-20,77400,0.05,20,PE,BFO-OPT,BFO
218925061,855176,SENSEX2682076400CE,"SENSEX",0,2026-08-20,76400,0.05,20,CE,BFO-OPT,BFO
218977541,855381,SENSEX2682076400PE,"SENSEX",0,2026-08-20,76400,0.05,20,PE,BFO-OPT,BFO
218831109,854809,SENSEX2682077500PE,"SENSEX",0,2026-08-20,77500,0.05,20,PE,BFO-OPT,BFO
219005189,855489,SENSEX2682077500CE,"SENSEX",0,2026-08-20,77500,0.05,20,CE,BFO-OPT,BFO
218858245,854915,SENSEX2682076300CE,"SENSEX",0,2026-08-20,76300,0.05,20,CE,BFO-OPT,BFO
218904837,855097,SENSEX2682076300PE,"SENSEX",0,2026-08-20,76300,0.05,20,PE,BFO-OPT,BFO
218948613,855268,SENSEX2682077600CE,"SENSEX",0,2026-08-20,77600,0.05,20,CE,BFO-OPT,BFO
218998277,855462,SENSEX2682077600PE,"SENSEX",0,2026-08-20,77600,0.05,20,PE,BFO-OPT,BFO
218912517,855127,SENSEX2682076200CE,"SENSEX",0,2026-08-20,76200,0.05,20,CE,BFO-OPT,BFO
218964485,855330,SENSEX2682076200PE,"SENSEX",0,2026-08-20,76200,0.05,20,PE,BFO-OPT,BFO
219020037,855547,SENSEX2682077700CE,"SENSEX",0,2026-08-20,77700,0.05,20,CE,BFO-OPT,BFO
218941445,855240,SENSEX2682084300CE,"SENSEX",0,2026-08-20,84300,0.05,20,CE,BFO-OPT,BFO
218993925,855445,SENSEX2682084300PE,"SENSEX",0,2026-08-20,84300,0.05,20,PE,BFO-OPT,BFO
218920453,855158,SENSEX2682084200PE,"SENSEX",0,2026-08-20,84200,0.05,20,PE,BFO-OPT,BFO
218999813,855468,SENSEX2682084200CE,"SENSEX",0,2026-08-20,84200,0.05,20,CE,BFO-OPT,BFO
218926597,855182,SENSEX2682084100CE,"SENSEX",0,2026-08-20,84100,0.05,20,CE,BFO-OPT,BFO
218979333,855388,SENSEX2682084100PE,"SENSEX",0,2026-08-20,84100,0.05,20,PE,BFO-OPT,BFO
218907141,855106,SENSEX2682084000PE,"SENSEX",0,2026-08-20,84000,0.05,20,PE,BFO-OPT,BFO
218986501,855416,SENSEX2682084000CE,"SENSEX",0,2026-08-20,84000,0.05,20,CE,BFO-OPT,BFO
218853637,854897,SENSEX2682083900CE,"SENSEX",0,2026-08-20,83900,0.05,20,CE,BFO-OPT,BFO
219002117,855477,SENSEX2682083900PE,"SENSEX",0,2026-08-20,83900,0.05,20,PE,BFO-OPT,BFO
218834949,854824,SENSEX2682083800PE,"SENSEX",0,2026-08-20,83800,0.05,20,PE,BFO-OPT,BFO
219009797,855507,SENSEX2682083800CE,"SENSEX",0,2026-08-20,83800,0.05,20,CE,BFO-OPT,BFO
218840069,854844,SENSEX2682083700CE,"SENSEX",0,2026-08-20,83700,0.05,20,CE,BFO-OPT,BFO
218885637,855022,SENSEX2682083700PE,"SENSEX",0,2026-08-20,83700,0.05,20,PE,BFO-OPT,BFO
218824453,854783,SENSEX2682083600PE,"SENSEX",0,2026-08-20,83600,0.05,20,PE,BFO-OPT,BFO
218996997,855457,SENSEX2682083600CE,"SENSEX",0,2026-08-20,83600,0.05,20,CE,BFO-OPT,BFO
218829317,854802,SENSEX2682083500CE,"SENSEX",0,2026-08-20,83500,0.05,20,CE,BFO-OPT,BFO
218873861,854976,SENSEX2682083500PE,"SENSEX",0,2026-08-20,83500,0.05,20,PE,BFO-OPT,BFO
218879749,854999,SENSEX2682083400CE,"SENSEX",0,2026-08-20,83400,0.05,20,CE,BFO-OPT,BFO
219026949,855574,SENSEX2682083400PE,"SENSEX",0,2026-08-20,83400,0.05,20,PE,BFO-OPT,BFO
218817541,854756,SENSEX2682083300CE,"SENSEX",0,2026-08-20,83300,0.05,20,CE,BFO-OPT,BFO
218860037,854922,SENSEX2682083300PE,"SENSEX",0,2026-08-20,83300,0.05,20,PE,BFO-OPT,BFO
218868229,854954,SENSEX2682083200CE,"SENSEX",0,2026-08-20,83200,0.05,20,CE,BFO-OPT,BFO
218913029,855129,SENSEX2682083200PE,"SENSEX",0,2026-08-20,83200,0.05,20,PE,BFO-OPT,BFO
218845189,854864,SENSEX2682083100PE,"SENSEX",0,2026-08-20,83100,0.05,20,PE,BFO-OPT,BFO
219021829,855554,SENSEX2682083100CE,"SENSEX",0,2026-08-20,83100,0.05,20,CE,BFO-OPT,BFO
218851589,854889,SENSEX2682083000CE,"SENSEX",0,2026-08-20,83000,0.05,20,CE,BFO-OPT,BFO
218896133,855063,SENSEX2682083000PE,"SENSEX",0,2026-08-20,83000,0.05,20,PE,BFO-OPT,BFO
218942981,855246,SENSEX2682082900CE,"SENSEX",0,2026-08-20,82900,0.05,20,CE,BFO-OPT,BFO
218995461,855451,SENSEX2682082900PE,"SENSEX",0,2026-08-20,82900,0.05,20,PE,BFO-OPT,BFO
218876165,854985,SENSEX2682082800CE,"SENSEX",0,2026-08-20,82800,0.05,20,CE,BFO-OPT,BFO
218921221,855161,SENSEX2682082800PE,"SENSEX",0,2026-08-20,82800,0.05,20,PE,BFO-OPT,BFO
218928389,855189,SENSEX2682082700CE,"SENSEX",0,2026-08-20,82700,0.05,20,CE,BFO-OPT,BFO
218981381,855396,SENSEX2682082700PE,"SENSEX",0,2026-08-20,82700,0.05,20,PE,BFO-OPT,BFO
218909189,855114,SENSEX2682082600PE,"SENSEX",0,2026-08-20,82600,0.05,20,PE,BFO-OPT,BFO
218987013,855418,SENSEX2682082600CE,"SENSEX",0,2026-08-20,82600,0.05,20,CE,BFO-OPT,BFO
218916869,855144,SENSEX2682082500CE,"SENSEX",0,2026-08-20,82500,0.05,20,CE,BFO-OPT,BFO
218968837,855347,SENSEX2682082500PE,"SENSEX",0,2026-08-20,82500,0.05,20,PE,BFO-OPT,BFO
218974981,855371,SENSEX2682082400CE,"SENSEX",0,2026-08-20,82400,0.05,20,CE,BFO-OPT,BFO
219020805,855550,SENSEX2682082400PE,"SENSEX",0,2026-08-20,82400,0.05,20,PE,BFO-OPT,BFO
218900741,855081,SENSEX2682082300CE,"SENSEX",0,2026-08-20,82300,0.05,20,CE,BFO-OPT,BFO
218949893,855273,SENSEX2682082300PE,"SENSEX",0,2026-08-20,82300,0.05,20,PE,BFO-OPT,BFO
218960645,855315,SENSEX2682082200CE,"SENSEX",0,2026-08-20,82200,0.05,20,CE,BFO-OPT,BFO
219005701,855491,SENSEX2682082200PE,"SENSEX",0,2026-08-20,82200,0.05,20,PE,BFO-OPT,BFO
218887173,855028,SENSEX2682082100CE,"SENSEX",0,2026-08-20,82100,0.05,20,CE,BFO-OPT,BFO
218932997,855207,SENSEX2682082100PE,"SENSEX",0,2026-08-20,82100,0.05,20,PE,BFO-OPT,BFO
218941189,855239,SENSEX2682082000CE,"SENSEX",0,2026-08-20,82000,0.05,20,CE,BFO-OPT,BFO
218993669,855444,SENSEX2682082000PE,"SENSEX",0,2026-08-20,82000,0.05,20,PE,BFO-OPT,BFO
218818821,854761,SENSEX2682081900CE,"SENSEX",0,2026-08-20,81900,0.05,20,CE,BFO-OPT,BFO
218861573,854928,SENSEX2682081900PE,"SENSEX",0,2026-08-20,81900,0.05,20,PE,BFO-OPT,BFO
218868997,854957,SENSEX2682081800CE,"SENSEX",0,2026-08-20,81800,0.05,20,CE,BFO-OPT,BFO
219015173,855528,SENSEX2682081800PE,"SENSEX",0,2026-08-20,81800,0.05,20,PE,BFO-OPT,BFO
218846469,854869,SENSEX2682081700PE,"SENSEX",0,2026-08-20,81700,0.05,20,PE,BFO-OPT,BFO
219022853,855558,SENSEX2682081700CE,"SENSEX",0,2026-08-20,81700,0.05,20,CE,BFO-OPT,BFO
218853381,854896,SENSEX2682081600CE,"SENSEX",0,2026-08-20,81600,0.05,20,CE,BFO-OPT,BFO
218897669,855069,SENSEX2682081600PE,"SENSEX",0,2026-08-20,81600,0.05,20,PE,BFO-OPT,BFO
218834181,854821,SENSEX2682081500PE,"SENSEX",0,2026-08-20,81500,0.05,20,PE,BFO-OPT,BFO
219009285,855505,SENSEX2682081500CE,"SENSEX",0,2026-08-20,81500,0.05,20,CE,BFO-OPT,BFO
218839813,854843,SENSEX2682081400CE,"SENSEX",0,2026-08-20,81400,0.05,20,CE,BFO-OPT,BFO
218885125,855020,SENSEX2682081400PE,"SENSEX",0,2026-08-20,81400,0.05,20,PE,BFO-OPT,BFO
218823941,854781,SENSEX2682081300PE,"SENSEX",0,2026-08-20,81300,0.05,20,PE,BFO-OPT,BFO
218996485,855455,SENSEX2682081300CE,"SENSEX",0,2026-08-20,81300,0.05,20,CE,BFO-OPT,BFO
218829061,854801,SENSEX2682081200CE,"SENSEX",0,2026-08-20,81200,0.05,20,CE,BFO-OPT,BFO
218873605,854975,SENSEX2682081200PE,"SENSEX",0,2026-08-20,81200,0.05,20,PE,BFO-OPT,BFO
218879493,854998,SENSEX2682081100CE,"SENSEX",0,2026-08-20,81100,0.05,20,CE,BFO-OPT,BFO
219026693,855573,SENSEX2682081100PE,"SENSEX",0,2026-08-20,81100,0.05,20,PE,BFO-OPT,BFO
218817285,854755,SENSEX2682081000CE,"SENSEX",0,2026-08-20,81000,0.05,20,CE,BFO-OPT,BFO
218859525,854920,SENSEX2682081000PE,"SENSEX",0,2026-08-20,81000,0.05,20,PE,BFO-OPT,BFO
218902789,855089,SENSEX2682080900CE,"SENSEX",0,2026-08-20,80900,0.05,20,CE,BFO-OPT,BFO
218952709,855284,SENSEX2682080900PE,"SENSEX",0,2026-08-20,80900,0.05,20,PE,BFO-OPT,BFO
218962693,855323,SENSEX2682080800CE,"SENSEX",0,2026-08-20,80800,0.05,20,CE,BFO-OPT,BFO
219008005,855500,SENSEX2682080800PE,"SENSEX",0,2026-08-20,80800,0.05,20,PE,BFO-OPT,BFO
218887941,855031,SENSEX2682080700CE,"SENSEX",0,2026-08-20,80700,0.05,20,CE,BFO-OPT,BFO
218934533,855213,SENSEX2682080700PE,"SENSEX",0,2026-08-20,80700,0.05,20,PE,BFO-OPT,BFO
218942725,855245,SENSEX2682080600CE,"SENSEX",0,2026-08-20,80600,0.05,20,CE,BFO-OPT,BFO
218995205,855450,SENSEX2682080600PE,"SENSEX",0,2026-08-20,80600,0.05,20,PE,BFO-OPT,BFO
218920965,855160,SENSEX2682080500PE,"SENSEX",0,2026-08-20,80500,0.05,20,PE,BFO-OPT,BFO
219000837,855472,SENSEX2682080500CE,"SENSEX",0,2026-08-20,80500,0.05,20,CE,BFO-OPT,BFO
218927877,855187,SENSEX2682080400CE,"SENSEX",0,2026-08-20,80400,0.05,20,CE,BFO-OPT,BFO
218980869,855394,SENSEX2682080400PE,"SENSEX",0,2026-08-20,80400,0.05,20,PE,BFO-OPT,BFO
218908677,855112,SENSEX2682080300PE,"SENSEX",0,2026-08-20,80300,0.05,20,PE,BFO-OPT,BFO
218986757,855417,SENSEX2682080300CE,"SENSEX",0,2026-08-20,80300,0.05,20,CE,BFO-OPT,BFO
218916613,855143,SENSEX2682080200CE,"SENSEX",0,2026-08-20,80200,0.05,20,CE,BFO-OPT,BFO
218968581,855346,SENSEX2682080200PE,"SENSEX",0,2026-08-20,80200,0.05,20,PE,BFO-OPT,BFO
218974725,855370,SENSEX2682080100CE,"SENSEX",0,2026-08-20,80100,0.05,20,CE,BFO-OPT,BFO
219020549,855549,SENSEX2682080100PE,"SENSEX",0,2026-08-20,80100,0.05,20,PE,BFO-OPT,BFO
218900485,855080,SENSEX2682080000CE,"SENSEX",0,2026-08-20,80000,0.05,20,CE,BFO-OPT,BFO
218949637,855272,SENSEX2682080000PE,"SENSEX",0,2026-08-20,80000,0.05,20,PE,BFO-OPT,BFO
218949125,855270,SENSEX2682079900CE,"SENSEX",0,2026-08-20,79900,0.05,20,CE,BFO-OPT,BFO
218998533,855463,SENSEX2682079900PE,"SENSEX",0,2026-08-20,79900,0.05,20,PE,BFO-OPT,BFO
218831621,854811,SENSEX2682079800PE,"SENSEX",0,2026-08-20,79800,0.05,20,PE,BFO-OPT,BFO
219005445,855490,SENSEX2682079800CE,"SENSEX",0,2026-08-20,79800,0.05,20,CE,BFO-OPT,BFO
218932741,855206,SENSEX2682079700CE,"SENSEX",0,2026-08-20,79700,0.05,20,CE,BFO-OPT,BFO
218985477,855412,SENSEX2682079700PE,"SENSEX",0,2026-08-20,79700,0.05,20,PE,BFO-OPT,BFO
218820357,854767,SENSEX2682079600PE,"SENSEX",0,2026-08-20,79600,0.05,20,PE,BFO-OPT,BFO
218993157,855442,SENSEX2682079600CE,"SENSEX",0,2026-08-20,79600,0.05,20,CE,BFO-OPT,BFO
218826757,854792,SENSEX2682079500CE,"SENSEX",0,2026-08-20,79500,0.05,20,CE,BFO-OPT,BFO
218973189,855364,SENSEX2682079500PE,"SENSEX",0,2026-08-20,79500,0.05,20,PE,BFO-OPT,BFO
218979077,855387,SENSEX2682079400CE,"SENSEX",0,2026-08-20,79400,0.05,20,CE,BFO-OPT,BFO
219024133,855563,SENSEX2682079400PE,"SENSEX",0,2026-08-20,79400,0.05,20,PE,BFO-OPT,BFO
218813701,854741,SENSEX2682079300CE,"SENSEX",0,2026-08-20,79300,0.05,20,CE,BFO-OPT,BFO
218855685,854905,SENSEX2682079300PE,"SENSEX",0,2026-08-20,79300,0.05,20,PE,BFO-OPT,BFO
218965765,855335,SENSEX2682079200CE,"SENSEX",0,2026-08-20,79200,0.05,20,CE,BFO-OPT,BFO
219010565,855510,SENSEX2682079200PE,"SENSEX",0,2026-08-20,79200,0.05,20,PE,BFO-OPT,BFO
218841349,854849,SENSEX2682079100PE,"SENSEX",0,2026-08-20,79100,0.05,20,PE,BFO-OPT,BFO
219018245,855540,SENSEX2682079100CE,"SENSEX",0,2026-08-20,79100,0.05,20,CE,BFO-OPT,BFO
218849029,854879,SENSEX2682079000CE,"SENSEX",0,2026-08-20,79000,0.05,20,CE,BFO-OPT,BFO
218997253,855458,SENSEX2682079000PE,"SENSEX",0,2026-08-20,79000,0.05,20,PE,BFO-OPT,BFO
218823685,854780,SENSEX2682078900CE,"SENSEX",0,2026-08-20,78900,0.05,20,CE,BFO-OPT,BFO
218865669,854944,SENSEX2682078900PE,"SENSEX",0,2026-08-20,78900,0.05,20,PE,BFO-OPT,BFO
218873349,854974,SENSEX2682078800CE,"SENSEX",0,2026-08-20,78800,0.05,20,CE,BFO-OPT,BFO
218919429,855154,SENSEX2682078800PE,"SENSEX",0,2026-08-20,78800,0.05,20,PE,BFO-OPT,BFO
218850821,854886,SENSEX2682078700PE,"SENSEX",0,2026-08-20,78700,0.05,20,PE,BFO-OPT,BFO
218925317,855177,SENSEX2682078700CE,"SENSEX",0,2026-08-20,78700,0.05,20,CE,BFO-OPT,BFO
218858757,854917,SENSEX2682078600CE,"SENSEX",0,2026-08-20,78600,0.05,20,CE,BFO-OPT,BFO
218905093,855098,SENSEX2682078600PE,"SENSEX",0,2026-08-20,78600,0.05,20,PE,BFO-OPT,BFO
218912773,855128,SENSEX2682078500CE,"SENSEX",0,2026-08-20,78500,0.05,20,CE,BFO-OPT,BFO
218964741,855331,SENSEX2682078500PE,"SENSEX",0,2026-08-20,78500,0.05,20,PE,BFO-OPT,BFO
218844677,854862,SENSEX2682078400CE,"SENSEX",0,2026-08-20,78400,0.05,20,CE,BFO-OPT,BFO
218889989,855039,SENSEX2682078400PE,"SENSEX",0,2026-08-20,78400,0.05,20,PE,BFO-OPT,BFO
218895877,855062,SENSEX2682078300CE,"SENSEX",0,2026-08-20,78300,0.05,20,CE,BFO-OPT,BFO
218945029,855254,SENSEX2682078300PE,"SENSEX",0,2026-08-20,78300,0.05,20,PE,BFO-OPT,BFO
218877189,854989,SENSEX2682078200PE,"SENSEX",0,2026-08-20,78200,0.05,20,PE,BFO-OPT,BFO
218956293,855298,SENSEX2682078200CE,"SENSEX",0,2026-08-20,78200,0.05,20,CE,BFO-OPT,BFO
218883077,855012,SENSEX2682078100CE,"SENSEX",0,2026-08-20,78100,0.05,20,CE,BFO-OPT,BFO
218929669,855194,SENSEX2682078100PE,"SENSEX",0,2026-08-20,78100,0.05,20,PE,BFO-OPT,BFO
218937093,855223,SENSEX2682078000CE,"SENSEX",0,2026-08-20,78000,0.05,20,CE,BFO-OPT,BFO
218988805,855425,SENSEX2682078000PE,"SENSEX",0,2026-08-20,78000,0.05,20,PE,BFO-OPT,BFO
218814981,854746,SENSEX2682077900CE,"SENSEX",0,2026-08-20,77900,0.05,20,CE,BFO-OPT,BFO
218958341,855306,SENSEX2682077900PE,"SENSEX",0,2026-08-20,77900,0.05,20,PE,BFO-OPT,BFO
218968069,855344,SENSEX2682077800CE,"SENSEX",0,2026-08-20,77800,0.05,20,CE,BFO-OPT,BFO
219012101,855516,SENSEX2682077800PE,"SENSEX",0,2026-08-20,77800,0.05,20,PE,BFO-OPT,BFO
218842629,854854,SENSEX2682077700PE,"SENSEX",0,2026-08-20,77700,0.05,20,PE,BFO-OPT,BFO
218889733,855038,SENSEX2682076100PE,"SENSEX",0,2026-08-20,76100,0.05,20,PE,BFO-OPT,BFO
218972421,855361,SENSEX2682076100CE,"SENSEX",0,2026-08-20,76100,0.05,20,CE,BFO-OPT,BFO
218895621,855061,SENSEX2682076000CE,"SENSEX",0,2026-08-20,76000,0.05,20,CE,BFO-OPT,BFO
218944517,855252,SENSEX2682076000PE,"SENSEX",0,2026-08-20,76000,0.05,20,PE,BFO-OPT,BFO
218821893,854773,SENSEX2682075900PE,"SENSEX",0,2026-08-20,75900,0.05,20,PE,BFO-OPT,BFO
218994949,855449,SENSEX2682075900CE,"SENSEX",0,2026-08-20,75900,0.05,20,CE,BFO-OPT,BFO
218827781,854796,SENSEX2682075800CE,"SENSEX",0,2026-08-20,75800,0.05,20,CE,BFO-OPT,BFO
218974213,855368,SENSEX2682075800PE,"SENSEX",0,2026-08-20,75800,0.05,20,PE,BFO-OPT,BFO
218980613,855393,SENSEX2682075700CE,"SENSEX",0,2026-08-20,75700,0.05,20,CE,BFO-OPT,BFO
219025925,855570,SENSEX2682075700PE,"SENSEX",0,2026-08-20,75700,0.05,20,PE,BFO-OPT,BFO
218814469,854744,SENSEX2682075600CE,"SENSEX",0,2026-08-20,75600,0.05,20,CE,BFO-OPT,BFO
218857477,854912,SENSEX2682075600PE,"SENSEX",0,2026-08-20,75600,0.05,20,PE,BFO-OPT,BFO
218967813,855343,SENSEX2682075500CE,"SENSEX",0,2026-08-20,75500,0.05,20,CE,BFO-OPT,BFO
219011589,855514,SENSEX2682075500PE,"SENSEX",0,2026-08-20,75500,0.05,20,PE,BFO-OPT,BFO
218842373,854853,SENSEX2682075400PE,"SENSEX",0,2026-08-20,75400,0.05,20,PE,BFO-OPT,BFO
219019781,855546,SENSEX2682075400CE,"SENSEX",0,2026-08-20,75400,0.05,20,CE,BFO-OPT,BFO
218850309,854884,SENSEX2682075300CE,"SENSEX",0,2026-08-20,75300,0.05,20,CE,BFO-OPT,BFO
218998021,855461,SENSEX2682075300PE,"SENSEX",0,2026-08-20,75300,0.05,20,PE,BFO-OPT,BFO
218830597,854807,SENSEX2682075200PE,"SENSEX",0,2026-08-20,75200,0.05,20,PE,BFO-OPT,BFO
219004677,855487,SENSEX2682075200CE,"SENSEX",0,2026-08-20,75200,0.05,20,CE,BFO-OPT,BFO
218836997,854832,SENSEX2682075100CE,"SENSEX",0,2026-08-20,75100,0.05,20,CE,BFO-OPT,BFO
218882309,855009,SENSEX2682075100PE,"SENSEX",0,2026-08-20,75100,0.05,20,PE,BFO-OPT,BFO
218819845,854765,SENSEX2682075000PE,"SENSEX",0,2026-08-20,75000,0.05,20,PE,BFO-OPT,BFO
218992645,855440,SENSEX2682075000CE,"SENSEX",0,2026-08-20,75000,0.05,20,CE,BFO-OPT,BFO
218861317,854927,SENSEX2682074900CE,"SENSEX",0,2026-08-20,74900,0.05,20,CE,BFO-OPT,BFO
218906373,855103,SENSEX2682074900PE,"SENSEX",0,2026-08-20,74900,0.05,20,PE,BFO-OPT,BFO
218914309,855134,SENSEX2682074800CE,"SENSEX",0,2026-08-20,74800,0.05,20,CE,BFO-OPT,BFO
218965509,855334,SENSEX2682074800PE,"SENSEX",0,2026-08-20,74800,0.05,20,PE,BFO-OPT,BFO
218846213,854868,SENSEX2682074700CE,"SENSEX",0,2026-08-20,74700,0.05,20,CE,BFO-OPT,BFO
218891269,855044,SENSEX2682074700PE,"SENSEX",0,2026-08-20,74700,0.05,20,PE,BFO-OPT,BFO
218897157,855067,SENSEX2682074600CE,"SENSEX",0,2026-08-20,74600,0.05,20,CE,BFO-OPT,BFO
218945797,855257,SENSEX2682074600PE,"SENSEX",0,2026-08-20,74600,0.05,20,PE,BFO-OPT,BFO
218877957,854992,SENSEX2682074500PE,"SENSEX",0,2026-08-20,74500,0.05,20,PE,BFO-OPT,BFO
218957573,855303,SENSEX2682074500CE,"SENSEX",0,2026-08-20,74500,0.05,20,CE,BFO-OPT,BFO
218884613,855018,SENSEX2682074400CE,"SENSEX",0,2026-08-20,74400,0.05,20,CE,BFO-OPT,BFO
218930437,855197,SENSEX2682074400PE,"SENSEX",0,2026-08-20,74400,0.05,20,PE,BFO-OPT,BFO
218939397,855232,SENSEX2682074300CE,"SENSEX",0,2026-08-20,74300,0.05,20,CE,BFO-OPT,BFO
218991365,855435,SENSEX2682074300PE,"SENSEX",0,2026-08-20,74300,0.05,20,PE,BFO-OPT,BFO
218872837,854972,SENSEX2682074200CE,"SENSEX",0,2026-08-20,74200,0.05,20,CE,BFO-OPT,BFO
218918917,855152,SENSEX2682074200PE,"SENSEX",0,2026-08-20,74200,0.05,20,PE,BFO-OPT,BFO
218924805,855175,SENSEX2682074100CE,"SENSEX",0,2026-08-20,74100,0.05,20,CE,BFO-OPT,BFO
218977285,855380,SENSEX2682074100PE,"SENSEX",0,2026-08-20,74100,0.05,20,PE,BFO-OPT,BFO
218904325,855095,SENSEX2682074000PE,"SENSEX",0,2026-08-20,74000,0.05,20,PE,BFO-OPT,BFO
218983941,855406,SENSEX2682074000CE,"SENSEX",0,2026-08-20,74000,0.05,20,CE,BFO-OPT,BFO
218951173,855278,SENSEX2682073900CE,"SENSEX",0,2026-08-20,73900,0.05,20,CE,BFO-OPT,BFO
218999301,855466,SENSEX2682073900PE,"SENSEX",0,2026-08-20,73900,0.05,20,PE,BFO-OPT,BFO
218832901,854816,SENSEX2682073800PE,"SENSEX",0,2026-08-20,73800,0.05,20,PE,BFO-OPT,BFO
219006469,855494,SENSEX2682073800CE,"SENSEX",0,2026-08-20,73800,0.05,20,CE,BFO-OPT,BFO
218838533,854838,SENSEX2682073700CE,"SENSEX",0,2026-08-20,73700,0.05,20,CE,BFO-OPT,BFO
218986245,855415,SENSEX2682073700PE,"SENSEX",0,2026-08-20,73700,0.05,20,PE,BFO-OPT,BFO
218821125,854770,SENSEX2682073600PE,"SENSEX",0,2026-08-20,73600,0.05,20,PE,BFO-OPT,BFO
218994693,855448,SENSEX2682073600CE,"SENSEX",0,2026-08-20,73600,0.05,20,CE,BFO-OPT,BFO
218827525,854795,SENSEX2682073500CE,"SENSEX",0,2026-08-20,73500,0.05,20,CE,BFO-OPT,BFO
218871813,854968,SENSEX2682073500PE,"SENSEX",0,2026-08-20,73500,0.05,20,PE,BFO-OPT,BFO
218980357,855392,SENSEX2682073400CE,"SENSEX",0,2026-08-20,73400,0.05,20,CE,BFO-OPT,BFO
219025413,855568,SENSEX2682073400PE,"SENSEX",0,2026-08-20,73400,0.05,20,PE,BFO-OPT,BFO
218814213,854743,SENSEX2682073300CE,"SENSEX",0,2026-08-20,73300,0.05,20,CE,BFO-OPT,BFO
218857221,854911,SENSEX2682073300PE,"SENSEX",0,2026-08-20,73300,0.05,20,PE,BFO-OPT,BFO
218864645,854940,SENSEX2682073200CE,"SENSEX",0,2026-08-20,73200,0.05,20,CE,BFO-OPT,BFO
219011333,855513,SENSEX2682073200PE,"SENSEX",0,2026-08-20,73200,0.05,20,PE,BFO-OPT,BFO
218842117,854852,SENSEX2682073100PE,"SENSEX",0,2026-08-20,73100,0.05,20,PE,BFO-OPT,BFO
219019269,855544,SENSEX2682073100CE,"SENSEX",0,2026-08-20,73100,0.05,20,CE,BFO-OPT,BFO
218850053,854883,SENSEX2682073000CE,"SENSEX",0,2026-08-20,73000,0.05,20,CE,BFO-OPT,BFO
218894853,855058,SENSEX2682073000PE,"SENSEX",0,2026-08-20,73000,0.05,20,PE,BFO-OPT,BFO
218867717,854952,SENSEX2682072900PE,"SENSEX",0,2026-08-20,72900,0.05,20,PE,BFO-OPT,BFO
218940677,855237,SENSEX2682072900CE,"SENSEX",0,2026-08-20,72900,0.05,20,CE,BFO-OPT,BFO
218874373,854978,SENSEX2682072800CE,"SENSEX",0,2026-08-20,72800,0.05,20,CE,BFO-OPT,BFO
218920197,855157,SENSEX2682072800PE,"SENSEX",0,2026-08-20,72800,0.05,20,PE,BFO-OPT,BFO
218926085,855180,SENSEX2682072700CE,"SENSEX",0,2026-08-20,72700,0.05,20,CE,BFO-OPT,BFO
218978053,855383,SENSEX2682072700PE,"SENSEX",0,2026-08-20,72700,0.05,20,PE,BFO-OPT,BFO
218861061,854926,SENSEX2682072600CE,"SENSEX",0,2026-08-20,72600,0.05,20,CE,BFO-OPT,BFO
218906117,855102,SENSEX2682072600PE,"SENSEX",0,2026-08-20,72600,0.05,20,PE,BFO-OPT,BFO
218914053,855133,SENSEX2682072500CE,"SENSEX",0,2026-08-20,72500,0.05,20,CE,BFO-OPT,BFO
218965253,855333,SENSEX2682072500PE,"SENSEX",0,2026-08-20,72500,0.05,20,PE,BFO-OPT,BFO
218890757,855042,SENSEX2682072400PE,"SENSEX",0,2026-08-20,72400,0.05,20,PE,BFO-OPT,BFO
218973957,855367,SENSEX2682072400CE,"SENSEX",0,2026-08-20,72400,0.05,20,CE,BFO-OPT,BFO
218896901,855066,SENSEX2682072300CE,"SENSEX",0,2026-08-20,72300,0.05,20,CE,BFO-OPT,BFO
218945541,855256,SENSEX2682072300PE,"SENSEX",0,2026-08-20,72300,0.05,20,PE,BFO-OPT,BFO
218957317,855302,SENSEX2682072200CE,"SENSEX",0,2026-08-20,72200,0.05,20,CE,BFO-OPT,BFO
219004165,855485,SENSEX2682072200PE,"SENSEX",0,2026-08-20,72200,0.05,20,PE,BFO-OPT,BFO
218884357,855017,SENSEX2682072100CE,"SENSEX",0,2026-08-20,72100,0.05,20,CE,BFO-OPT,BFO
218930181,855196,SENSEX2682072100PE,"SENSEX",0,2026-08-20,72100,0.05,20,PE,BFO-OPT,BFO
218939141,855231,SENSEX2682072000CE,"SENSEX",0,2026-08-20,72000,0.05,20,CE,BFO-OPT,BFO
218991109,855434,SENSEX2682072000PE,"SENSEX",0,2026-08-20,72000,0.05,20,PE,BFO-OPT,BFO
218816261,854751,SENSEX2682071900CE,"SENSEX",0,2026-08-20,71900,0.05,20,CE,BFO-OPT,BFO
218857989,854914,SENSEX2682071900PE,"SENSEX",0,2026-08-20,71900,0.05,20,PE,BFO-OPT,BFO
218969861,855351,SENSEX2682071800CE,"SENSEX",0,2026-08-20,71800,0.05,20,CE,BFO-OPT,BFO
219013637,855522,SENSEX2682071800PE,"SENSEX",0,2026-08-20,71800,0.05,20,PE,BFO-OPT,BFO
218843909,854859,SENSEX2682071700PE,"SENSEX",0,2026-08-20,71700,0.05,20,PE,BFO-OPT,BFO
219021317,855552,SENSEX2682071700CE,"SENSEX",0,2026-08-20,71700,0.05,20,CE,BFO-OPT,BFO
218851333,854888,SENSEX2682071600CE,"SENSEX",0,2026-08-20,71600,0.05,20,CE,BFO-OPT,BFO
218998789,855464,SENSEX2682071600PE,"SENSEX",0,2026-08-20,71600,0.05,20,PE,BFO-OPT,BFO
218832645,854815,SENSEX2682071500PE,"SENSEX",0,2026-08-20,71500,0.05,20,PE,BFO-OPT,BFO
219006213,855493,SENSEX2682071500CE,"SENSEX",0,2026-08-20,71500,0.05,20,CE,BFO-OPT,BFO
218838021,854836,SENSEX2682071400CE,"SENSEX",0,2026-08-20,71400,0.05,20,CE,BFO-OPT,BFO
218882821,855011,SENSEX2682071400PE,"SENSEX",0,2026-08-20,71400,0.05,20,PE,BFO-OPT,BFO
218820869,854769,SENSEX2682071300PE,"SENSEX",0,2026-08-20,71300,0.05,20,PE,BFO-OPT,BFO
218994437,855447,SENSEX2682071300CE,"SENSEX",0,2026-08-20,71300,0.05,20,CE,BFO-OPT,BFO
218827269,854794,SENSEX2682071200CE,"SENSEX",0,2026-08-20,71200,0.05,20,CE,BFO-OPT,BFO
218871557,854967,SENSEX2682071200PE,"SENSEX",0,2026-08-20,71200,0.05,20,PE,BFO-OPT,BFO
218877701,854991,SENSEX2682071100CE,"SENSEX",0,2026-08-20,71100,0.05,20,CE,BFO-OPT,BFO
219024901,855566,SENSEX2682071100PE,"SENSEX",0,2026-08-20,71100,0.05,20,PE,BFO-OPT,BFO
218813957,854742,SENSEX2682071000CE,"SENSEX",0,2026-08-20,71000,0.05,20,CE,BFO-OPT,BFO
218856453,854908,SENSEX2682071000PE,"SENSEX",0,2026-08-20,71000,0.05,20,PE,BFO-OPT,BFO
210963973,824078,SENSEX26AUG76900CE,"SENSEX",0,2026-08-27,76900,0.05,20,CE,BFO-OPT,BFO
211404805,825800,SENSEX26AUG76900PE,"SENSEX",0,2026-08-27,76900,0.05,20,PE,BFO-OPT,BFO
212159749,828749,SENSEX26AUG77000CE,"SENSEX",0,2026-08-27,77000,0.05,20,CE,BFO-OPT,BFO
212730885,830980,SENSEX26AUG77000PE,"SENSEX",0,2026-08-27,77000,0.05,20,PE,BFO-OPT,BFO
210755589,823264,SENSEX26AUG76800PE,"SENSEX",0,2026-08-27,76800,0.05,20,PE,BFO-OPT,BFO
212516357,830142,SENSEX26AUG76800CE,"SENSEX",0,2026-08-27,76800,0.05,20,CE,BFO-OPT,BFO
211657733,826788,SENSEX26AUG77100CE,"SENSEX",0,2026-08-27,77100,0.05,20,CE,BFO-OPT,BFO
212092677,828487,SENSEX26AUG77100PE,"SENSEX",0,2026-08-27,77100,0.05,20,PE,BFO-OPT,BFO
210826501,823541,SENSEX26AUG76700CE,"SENSEX",0,2026-08-27,76700,0.05,20,CE,BFO-OPT,BFO
211266565,825260,SENSEX26AUG76700PE,"SENSEX",0,2026-08-27,76700,0.05,20,PE,BFO-OPT,BFO
211596037,826547,SENSEX26AUG77200PE,"SENSEX",0,2026-08-27,77200,0.05,20,PE,BFO-OPT,BFO
212290309,829259,SENSEX26AUG77200CE,"SENSEX",0,2026-08-27,77200,0.05,20,CE,BFO-OPT,BFO
212251397,829107,SENSEX26AUG76600CE,"SENSEX",0,2026-08-27,76600,0.05,20,CE,BFO-OPT,BFO
212812293,831298,SENSEX26AUG76600PE,"SENSEX",0,2026-08-27,76600,0.05,20,PE,BFO-OPT,BFO
211794181,827321,SENSEX26AUG77300CE,"SENSEX",0,2026-08-27,77300,0.05,20,CE,BFO-OPT,BFO
212222981,828996,SENSEX26AUG77300PE,"SENSEX",0,2026-08-27,77300,0.05,20,PE,BFO-OPT,BFO
211136773,824753,SENSEX26AUG76500PE,"SENSEX",0,2026-08-27,76500,0.05,20,PE,BFO-OPT,BFO
212877573,831553,SENSEX26AUG76500CE,"SENSEX",0,2026-08-27,76500,0.05,20,CE,BFO-OPT,BFO
211282437,825322,SENSEX26AUG77400CE,"SENSEX",0,2026-08-27,77400,0.05,20,CE,BFO-OPT,BFO
211719429,827029,SENSEX26AUG77400PE,"SENSEX",0,2026-08-27,77400,0.05,20,PE,BFO-OPT,BFO
211202565,825010,SENSEX26AUG76400CE,"SENSEX",0,2026-08-27,76400,0.05,20,CE,BFO-OPT,BFO
212689669,830819,SENSEX26AUG76400PE,"SENSEX",0,2026-08-27,76400,0.05,20,PE,BFO-OPT,BFO
211923717,827827,SENSEX26AUG77500CE,"SENSEX",0,2026-08-27,77500,0.05,20,CE,BFO-OPT,BFO
212483845,830015,SENSEX26AUG77500PE,"SENSEX",0,2026-08-27,77500,0.05,20,PE,BFO-OPT,BFO
211012101,824266,SENSEX26AUG76300PE,"SENSEX",0,2026-08-27,76300,0.05,20,PE,BFO-OPT,BFO
212750341,831056,SENSEX26AUG76300CE,"SENSEX",0,2026-08-27,76300,0.05,20,CE,BFO-OPT,BFO
211418117,825852,SENSEX26AUG77600CE,"SENSEX",0,2026-08-27,77600,0.05,20,CE,BFO-OPT,BFO
211852549,827549,SENSEX26AUG77600PE,"SENSEX",0,2026-08-27,77600,0.05,20,PE,BFO-OPT,BFO
211078661,824526,SENSEX26AUG76200CE,"SENSEX",0,2026-08-27,76200,0.05,20,CE,BFO-OPT,BFO
211523333,826263,SENSEX26AUG76200PE,"SENSEX",0,2026-08-27,76200,0.05,20,PE,BFO-OPT,BFO
212614405,830525,SENSEX26AUG77700PE,"SENSEX",0,2026-08-27,77700,0.05,20,PE,BFO-OPT,BFO
215111685,840280,SENSEX26AUG84300CE,"SENSEX",0,2026-08-27,84300,0.05,20,CE,BFO-OPT,BFO
215140869,840394,SENSEX26AUG84300PE,"SENSEX",0,2026-08-27,84300,0.05,20,PE,BFO-OPT,BFO
214969349,839724,SENSEX26AUG84200PE,"SENSEX",0,2026-08-27,84200,0.05,20,PE,BFO-OPT,BFO
215062789,840089,SENSEX26AUG84200CE,"SENSEX",0,2026-08-27,84200,0.05,20,CE,BFO-OPT,BFO
214973189,839739,SENSEX26AUG84100CE,"SENSEX",0,2026-08-27,84100,0.05,20,CE,BFO-OPT,BFO
214997253,839833,SENSEX26AUG84100PE,"SENSEX",0,2026-08-27,84100,0.05,20,PE,BFO-OPT,BFO
214962949,839699,SENSEX26AUG84000PE,"SENSEX",0,2026-08-27,84000,0.05,20,PE,BFO-OPT,BFO
214999301,839841,SENSEX26AUG84000CE,"SENSEX",0,2026-08-27,84000,0.05,20,CE,BFO-OPT,BFO
214983941,839781,SENSEX26AUG83900CE,"SENSEX",0,2026-08-27,83900,0.05,20,CE,BFO-OPT,BFO
215008005,839875,SENSEX26AUG83900PE,"SENSEX",0,2026-08-27,83900,0.05,20,PE,BFO-OPT,BFO
214892549,839424,SENSEX26AUG83800CE,"SENSEX",0,2026-08-27,83800,0.05,20,CE,BFO-OPT,BFO
214920197,839532,SENSEX26AUG83800PE,"SENSEX",0,2026-08-27,83800,0.05,20,PE,BFO-OPT,BFO
214880005,839375,SENSEX26AUG83700PE,"SENSEX",0,2026-08-27,83700,0.05,20,PE,BFO-OPT,BFO
214924549,839549,SENSEX26AUG83700CE,"SENSEX",0,2026-08-27,83700,0.05,20,CE,BFO-OPT,BFO
214884357,839392,SENSEX26AUG83600CE,"SENSEX",0,2026-08-27,83600,0.05,20,CE,BFO-OPT,BFO
214912261,839501,SENSEX26AUG83600PE,"SENSEX",0,2026-08-27,83600,0.05,20,PE,BFO-OPT,BFO
214916101,839516,SENSEX26AUG83500CE,"SENSEX",0,2026-08-27,83500,0.05,20,CE,BFO-OPT,BFO
214944773,839628,SENSEX26AUG83500PE,"SENSEX",0,2026-08-27,83500,0.05,20,PE,BFO-OPT,BFO
214875653,839358,SENSEX26AUG83400CE,"SENSEX",0,2026-08-27,83400,0.05,20,CE,BFO-OPT,BFO
214903813,839468,SENSEX26AUG83400PE,"SENSEX",0,2026-08-27,83400,0.05,20,PE,BFO-OPT,BFO
214766085,838930,SENSEX26AUG83300CE,"SENSEX",0,2026-08-27,83300,0.05,20,CE,BFO-OPT,BFO
214796037,839047,SENSEX26AUG83300PE,"SENSEX",0,2026-08-27,83300,0.05,20,PE,BFO-OPT,BFO
214750981,838871,SENSEX26AUG83200PE,"SENSEX",0,2026-08-27,83200,0.05,20,PE,BFO-OPT,BFO
214800389,839064,SENSEX26AUG83200CE,"SENSEX",0,2026-08-27,83200,0.05,20,CE,BFO-OPT,BFO
214758149,838899,SENSEX26AUG83100CE,"SENSEX",0,2026-08-27,83100,0.05,20,CE,BFO-OPT,BFO
214786053,839008,SENSEX26AUG83100PE,"SENSEX",0,2026-08-27,83100,0.05,20,PE,BFO-OPT,BFO
214683653,838608,SENSEX26AUG83000PE,"SENSEX",0,2026-08-27,83000,0.05,20,PE,BFO-OPT,BFO
214790661,839026,SENSEX26AUG83000CE,"SENSEX",0,2026-08-27,83000,0.05,20,CE,BFO-OPT,BFO
211373317,825677,SENSEX26AUG82900CE,"SENSEX",0,2026-08-27,82900,0.05,20,CE,BFO-OPT,BFO
212840709,831409,SENSEX26AUG82900PE,"SENSEX",0,2026-08-27,82900,0.05,20,PE,BFO-OPT,BFO
211167237,824872,SENSEX26AUG82800PE,"SENSEX",0,2026-08-27,82800,0.05,20,PE,BFO-OPT,BFO
212907269,831669,SENSEX26AUG82800CE,"SENSEX",0,2026-08-27,82800,0.05,20,CE,BFO-OPT,BFO
211233029,825129,SENSEX26AUG82700CE,"SENSEX",0,2026-08-27,82700,0.05,20,CE,BFO-OPT,BFO
211675141,826856,SENSEX26AUG82700PE,"SENSEX",0,2026-08-27,82700,0.05,20,PE,BFO-OPT,BFO
211043845,824390,SENSEX26AUG82600PE,"SENSEX",0,2026-08-27,82600,0.05,20,PE,BFO-OPT,BFO
212781573,831178,SENSEX26AUG82600CE,"SENSEX",0,2026-08-27,82600,0.05,20,CE,BFO-OPT,BFO
211109125,824645,SENSEX26AUG82500CE,"SENSEX",0,2026-08-27,82500,0.05,20,CE,BFO-OPT,BFO
211552261,826376,SENSEX26AUG82500PE,"SENSEX",0,2026-08-27,82500,0.05,20,PE,BFO-OPT,BFO
210906885,823855,SENSEX26AUG82400PE,"SENSEX",0,2026-08-27,82400,0.05,20,PE,BFO-OPT,BFO
211619589,826639,SENSEX26AUG82400CE,"SENSEX",0,2026-08-27,82400,0.05,20,CE,BFO-OPT,BFO
210981125,824145,SENSEX26AUG82300CE,"SENSEX",0,2026-08-27,82300,0.05,20,CE,BFO-OPT,BFO
211423237,825872,SENSEX26AUG82300PE,"SENSEX",0,2026-08-27,82300,0.05,20,PE,BFO-OPT,BFO
211496197,826157,SENSEX26AUG82200CE,"SENSEX",0,2026-08-27,82200,0.05,20,CE,BFO-OPT,BFO
211927557,827842,SENSEX26AUG82200PE,"SENSEX",0,2026-08-27,82200,0.05,20,PE,BFO-OPT,BFO
210843909,823609,SENSEX26AUG82100CE,"SENSEX",0,2026-08-27,82100,0.05,20,CE,BFO-OPT,BFO
211286789,825339,SENSEX26AUG82100PE,"SENSEX",0,2026-08-27,82100,0.05,20,PE,BFO-OPT,BFO
211360517,825627,SENSEX26AUG82000CE,"SENSEX",0,2026-08-27,82000,0.05,20,CE,BFO-OPT,BFO
211797253,827333,SENSEX26AUG82000PE,"SENSEX",0,2026-08-27,82000,0.05,20,PE,BFO-OPT,BFO
212205317,828927,SENSEX26AUG81900CE,"SENSEX",0,2026-08-27,81900,0.05,20,CE,BFO-OPT,BFO
212767749,831124,SENSEX26AUG81900PE,"SENSEX",0,2026-08-27,81900,0.05,20,PE,BFO-OPT,BFO
211578629,826479,SENSEX26AUG81800CE,"SENSEX",0,2026-08-27,81800,0.05,20,CE,BFO-OPT,BFO
212007941,828156,SENSEX26AUG81800PE,"SENSEX",0,2026-08-27,81800,0.05,20,PE,BFO-OPT,BFO
212077573,828428,SENSEX26AUG81700CE,"SENSEX",0,2026-08-27,81700,0.05,20,CE,BFO-OPT,BFO
212642053,830633,SENSEX26AUG81700PE,"SENSEX",0,2026-08-27,81700,0.05,20,PE,BFO-OPT,BFO
211881221,827661,SENSEX26AUG81600PE,"SENSEX",0,2026-08-27,81600,0.05,20,PE,BFO-OPT,BFO
212717829,830929,SENSEX26AUG81600CE,"SENSEX",0,2026-08-27,81600,0.05,20,CE,BFO-OPT,BFO
211954181,827946,SENSEX26AUG81500CE,"SENSEX",0,2026-08-27,81500,0.05,20,CE,BFO-OPT,BFO
212519685,830155,SENSEX26AUG81500PE,"SENSEX",0,2026-08-27,81500,0.05,20,PE,BFO-OPT,BFO
210829317,823552,SENSEX26AUG81400PE,"SENSEX",0,2026-08-27,81400,0.05,20,PE,BFO-OPT,BFO
212589061,830426,SENSEX26AUG81400CE,"SENSEX",0,2026-08-27,81400,0.05,20,CE,BFO-OPT,BFO
211822341,827431,SENSEX26AUG81300CE,"SENSEX",0,2026-08-27,81300,0.05,20,CE,BFO-OPT,BFO
212254725,829120,SENSEX26AUG81300PE,"SENSEX",0,2026-08-27,81300,0.05,20,PE,BFO-OPT,BFO
212324101,829391,SENSEX26AUG81200CE,"SENSEX",0,2026-08-27,81200,0.05,20,CE,BFO-OPT,BFO
212880133,831563,SENSEX26AUG81200PE,"SENSEX",0,2026-08-27,81200,0.05,20,PE,BFO-OPT,BFO
210765573,823303,SENSEX26AUG81100CE,"SENSEX",0,2026-08-27,81100,0.05,20,CE,BFO-OPT,BFO
212123653,828608,SENSEX26AUG81100PE,"SENSEX",0,2026-08-27,81100,0.05,20,PE,BFO-OPT,BFO
212188165,828860,SENSEX26AUG81000CE,"SENSEX",0,2026-08-27,81000,0.05,20,CE,BFO-OPT,BFO
212753157,831067,SENSEX26AUG81000PE,"SENSEX",0,2026-08-27,81000,0.05,20,PE,BFO-OPT,BFO
210994181,824196,SENSEX26AUG80900CE,"SENSEX",0,2026-08-27,80900,0.05,20,CE,BFO-OPT,BFO
211434501,825916,SENSEX26AUG80900PE,"SENSEX",0,2026-08-27,80900,0.05,20,PE,BFO-OPT,BFO
210786821,823386,SENSEX26AUG80800PE,"SENSEX",0,2026-08-27,80800,0.05,20,PE,BFO-OPT,BFO
211508229,826204,SENSEX26AUG80800CE,"SENSEX",0,2026-08-27,80800,0.05,20,CE,BFO-OPT,BFO
210856709,823659,SENSEX26AUG80700CE,"SENSEX",0,2026-08-27,80700,0.05,20,CE,BFO-OPT,BFO
211302661,825401,SENSEX26AUG80700PE,"SENSEX",0,2026-08-27,80700,0.05,20,PE,BFO-OPT,BFO
211372549,825674,SENSEX26AUG80600CE,"SENSEX",0,2026-08-27,80600,0.05,20,CE,BFO-OPT,BFO
211808773,827378,SENSEX26AUG80600PE,"SENSEX",0,2026-08-27,80600,0.05,20,PE,BFO-OPT,BFO
211166213,824868,SENSEX26AUG80500PE,"SENSEX",0,2026-08-27,80500,0.05,20,PE,BFO-OPT,BFO
212905989,831664,SENSEX26AUG80500CE,"SENSEX",0,2026-08-27,80500,0.05,20,CE,BFO-OPT,BFO
211232261,825126,SENSEX26AUG80400CE,"SENSEX",0,2026-08-27,80400,0.05,20,CE,BFO-OPT,BFO
211674373,826853,SENSEX26AUG80400PE,"SENSEX",0,2026-08-27,80400,0.05,20,PE,BFO-OPT,BFO
211042565,824385,SENSEX26AUG80300PE,"SENSEX",0,2026-08-27,80300,0.05,20,PE,BFO-OPT,BFO
211744773,827128,SENSEX26AUG80300CE,"SENSEX",0,2026-08-27,80300,0.05,20,CE,BFO-OPT,BFO
211108357,824642,SENSEX26AUG80200CE,"SENSEX",0,2026-08-27,80200,0.05,20,CE,BFO-OPT,BFO
211550981,826371,SENSEX26AUG80200PE,"SENSEX",0,2026-08-27,80200,0.05,20,PE,BFO-OPT,BFO
211618821,826636,SENSEX26AUG80100CE,"SENSEX",0,2026-08-27,80100,0.05,20,CE,BFO-OPT,BFO
212048901,828316,SENSEX26AUG80100PE,"SENSEX",0,2026-08-27,80100,0.05,20,PE,BFO-OPT,BFO
210979333,824138,SENSEX26AUG80000CE,"SENSEX",0,2026-08-27,80000,0.05,20,CE,BFO-OPT,BFO
211420933,825863,SENSEX26AUG80000PE,"SENSEX",0,2026-08-27,80000,0.05,20,PE,BFO-OPT,BFO
211419397,825857,SENSEX26AUG79900CE,"SENSEX",0,2026-08-27,79900,0.05,20,CE,BFO-OPT,BFO
211854597,827557,SENSEX26AUG79900PE,"SENSEX",0,2026-08-27,79900,0.05,20,PE,BFO-OPT,BFO
211924997,827832,SENSEX26AUG79800CE,"SENSEX",0,2026-08-27,79800,0.05,20,CE,BFO-OPT,BFO
212486661,830026,SENSEX26AUG79800PE,"SENSEX",0,2026-08-27,79800,0.05,20,PE,BFO-OPT,BFO
211283461,825326,SENSEX26AUG79700CE,"SENSEX",0,2026-08-27,79700,0.05,20,CE,BFO-OPT,BFO
211720453,827033,SENSEX26AUG79700PE,"SENSEX",0,2026-08-27,79700,0.05,20,PE,BFO-OPT,BFO
211794949,827324,SENSEX26AUG79600CE,"SENSEX",0,2026-08-27,79600,0.05,20,CE,BFO-OPT,BFO
212224773,829003,SENSEX26AUG79600PE,"SENSEX",0,2026-08-27,79600,0.05,20,PE,BFO-OPT,BFO
211597061,826551,SENSEX26AUG79500PE,"SENSEX",0,2026-08-27,79500,0.05,20,PE,BFO-OPT,BFO
212291333,829263,SENSEX26AUG79500CE,"SENSEX",0,2026-08-27,79500,0.05,20,CE,BFO-OPT,BFO
211659269,826794,SENSEX26AUG79400CE,"SENSEX",0,2026-08-27,79400,0.05,20,CE,BFO-OPT,BFO
212094213,828493,SENSEX26AUG79400PE,"SENSEX",0,2026-08-27,79400,0.05,20,PE,BFO-OPT,BFO
211467269,826044,SENSEX26AUG79300PE,"SENSEX",0,2026-08-27,79300,0.05,20,PE,BFO-OPT,BFO
212161029,828754,SENSEX26AUG79300CE,"SENSEX",0,2026-08-27,79300,0.05,20,CE,BFO-OPT,BFO
211536133,826313,SENSEX26AUG79200CE,"SENSEX",0,2026-08-27,79200,0.05,20,CE,BFO-OPT,BFO
211973893,828023,SENSEX26AUG79200PE,"SENSEX",0,2026-08-27,79200,0.05,20,PE,BFO-OPT,BFO
212032005,828250,SENSEX26AUG79100CE,"SENSEX",0,2026-08-27,79100,0.05,20,CE,BFO-OPT,BFO
212603653,830483,SENSEX26AUG79100PE,"SENSEX",0,2026-08-27,79100,0.05,20,PE,BFO-OPT,BFO
211405829,825804,SENSEX26AUG79000CE,"SENSEX",0,2026-08-27,79000,0.05,20,CE,BFO-OPT,BFO
211841797,827507,SENSEX26AUG79000PE,"SENSEX",0,2026-08-27,79000,0.05,20,PE,BFO-OPT,BFO
212252165,829110,SENSEX26AUG78900CE,"SENSEX",0,2026-08-27,78900,0.05,20,CE,BFO-OPT,BFO
212813573,831303,SENSEX26AUG78900PE,"SENSEX",0,2026-08-27,78900,0.05,20,PE,BFO-OPT,BFO
211137541,824756,SENSEX26AUG78800PE,"SENSEX",0,2026-08-27,78800,0.05,20,PE,BFO-OPT,BFO
212878341,831556,SENSEX26AUG78800CE,"SENSEX",0,2026-08-27,78800,0.05,20,CE,BFO-OPT,BFO
211203589,825014,SENSEX26AUG78700CE,"SENSEX",0,2026-08-27,78700,0.05,20,CE,BFO-OPT,BFO
212690693,830823,SENSEX26AUG78700PE,"SENSEX",0,2026-08-27,78700,0.05,20,PE,BFO-OPT,BFO
211012869,824269,SENSEX26AUG78600PE,"SENSEX",0,2026-08-27,78600,0.05,20,PE,BFO-OPT,BFO
212751365,831060,SENSEX26AUG78600CE,"SENSEX",0,2026-08-27,78600,0.05,20,CE,BFO-OPT,BFO
211079429,824529,SENSEX26AUG78500CE,"SENSEX",0,2026-08-27,78500,0.05,20,CE,BFO-OPT,BFO
211523589,826264,SENSEX26AUG78500PE,"SENSEX",0,2026-08-27,78500,0.05,20,PE,BFO-OPT,BFO
210873093,823723,SENSEX26AUG78400PE,"SENSEX",0,2026-08-27,78400,0.05,20,PE,BFO-OPT,BFO
212627461,830576,SENSEX26AUG78400CE,"SENSEX",0,2026-08-27,78400,0.05,20,CE,BFO-OPT,BFO
210945797,824007,SENSEX26AUG78300CE,"SENSEX",0,2026-08-27,78300,0.05,20,CE,BFO-OPT,BFO
211390469,825744,SENSEX26AUG78300PE,"SENSEX",0,2026-08-27,78300,0.05,20,PE,BFO-OPT,BFO
212501765,830085,SENSEX26AUG78200CE,"SENSEX",0,2026-08-27,78200,0.05,20,CE,BFO-OPT,BFO
212923909,831734,SENSEX26AUG78200PE,"SENSEX",0,2026-08-27,78200,0.05,20,PE,BFO-OPT,BFO
210812421,823486,SENSEX26AUG78100CE,"SENSEX",0,2026-08-27,78100,0.05,20,CE,BFO-OPT,BFO
211250693,825198,SENSEX26AUG78100PE,"SENSEX",0,2026-08-27,78100,0.05,20,PE,BFO-OPT,BFO
211325445,825490,SENSEX26AUG78000CE,"SENSEX",0,2026-08-27,78000,0.05,20,CE,BFO-OPT,BFO
212800005,831250,SENSEX26AUG78000PE,"SENSEX",0,2026-08-27,78000,0.05,20,PE,BFO-OPT,BFO
211483653,826108,SENSEX26AUG77900PE,"SENSEX",0,2026-08-27,77900,0.05,20,PE,BFO-OPT,BFO
212175877,828812,SENSEX26AUG77900CE,"SENSEX",0,2026-08-27,77900,0.05,20,CE,BFO-OPT,BFO
211549701,826366,SENSEX26AUG77800CE,"SENSEX",0,2026-08-27,77800,0.05,20,CE,BFO-OPT,BFO
211982853,828058,SENSEX26AUG77800PE,"SENSEX",0,2026-08-27,77800,0.05,20,PE,BFO-OPT,BFO
212046597,828307,SENSEX26AUG77700CE,"SENSEX",0,2026-08-27,77700,0.05,20,CE,BFO-OPT,BFO
210872581,823721,SENSEX26AUG76100PE,"SENSEX",0,2026-08-27,76100,0.05,20,PE,BFO-OPT,BFO
212626181,830571,SENSEX26AUG76100CE,"SENSEX",0,2026-08-27,76100,0.05,20,CE,BFO-OPT,BFO
210943749,823999,SENSEX26AUG76000CE,"SENSEX",0,2026-08-27,76000,0.05,20,CE,BFO-OPT,BFO
211388933,825738,SENSEX26AUG76000PE,"SENSEX",0,2026-08-27,76000,0.05,20,PE,BFO-OPT,BFO
211807493,827373,SENSEX26AUG75900CE,"SENSEX",0,2026-08-27,75900,0.05,20,CE,BFO-OPT,BFO
212237573,829053,SENSEX26AUG75900PE,"SENSEX",0,2026-08-27,75900,0.05,20,PE,BFO-OPT,BFO
211607557,826592,SENSEX26AUG75800PE,"SENSEX",0,2026-08-27,75800,0.05,20,PE,BFO-OPT,BFO
212306949,829324,SENSEX26AUG75800CE,"SENSEX",0,2026-08-27,75800,0.05,20,CE,BFO-OPT,BFO
211671301,826841,SENSEX26AUG75700CE,"SENSEX",0,2026-08-27,75700,0.05,20,CE,BFO-OPT,BFO
212109061,828551,SENSEX26AUG75700PE,"SENSEX",0,2026-08-27,75700,0.05,20,PE,BFO-OPT,BFO
211481861,826101,SENSEX26AUG75600PE,"SENSEX",0,2026-08-27,75600,0.05,20,PE,BFO-OPT,BFO
212174853,828808,SENSEX26AUG75600CE,"SENSEX",0,2026-08-27,75600,0.05,20,CE,BFO-OPT,BFO
211548677,826362,SENSEX26AUG75500CE,"SENSEX",0,2026-08-27,75500,0.05,20,CE,BFO-OPT,BFO
211981573,828053,SENSEX26AUG75500PE,"SENSEX",0,2026-08-27,75500,0.05,20,PE,BFO-OPT,BFO
212046085,828305,SENSEX26AUG75400CE,"SENSEX",0,2026-08-27,75400,0.05,20,CE,BFO-OPT,BFO
212613637,830522,SENSEX26AUG75400PE,"SENSEX",0,2026-08-27,75400,0.05,20,PE,BFO-OPT,BFO
211417349,825849,SENSEX26AUG75300CE,"SENSEX",0,2026-08-27,75300,0.05,20,CE,BFO-OPT,BFO
211851013,827543,SENSEX26AUG75300PE,"SENSEX",0,2026-08-27,75300,0.05,20,PE,BFO-OPT,BFO
211922437,827822,SENSEX26AUG75200CE,"SENSEX",0,2026-08-27,75200,0.05,20,CE,BFO-OPT,BFO
212482565,830010,SENSEX26AUG75200PE,"SENSEX",0,2026-08-27,75200,0.05,20,PE,BFO-OPT,BFO
211718405,827025,SENSEX26AUG75100PE,"SENSEX",0,2026-08-27,75100,0.05,20,PE,BFO-OPT,BFO
212558341,830306,SENSEX26AUG75100CE,"SENSEX",0,2026-08-27,75100,0.05,20,CE,BFO-OPT,BFO
211792645,827315,SENSEX26AUG75000CE,"SENSEX",0,2026-08-27,75000,0.05,20,CE,BFO-OPT,BFO
212221701,828991,SENSEX26AUG75000PE,"SENSEX",0,2026-08-27,75000,0.05,20,PE,BFO-OPT,BFO
211024645,824315,SENSEX26AUG74900PE,"SENSEX",0,2026-08-27,74900,0.05,20,PE,BFO-OPT,BFO
212764421,831111,SENSEX26AUG74900CE,"SENSEX",0,2026-08-27,74900,0.05,20,CE,BFO-OPT,BFO
211091973,824578,SENSEX26AUG74800CE,"SENSEX",0,2026-08-27,74800,0.05,20,CE,BFO-OPT,BFO
211534341,826306,SENSEX26AUG74800PE,"SENSEX",0,2026-08-27,74800,0.05,20,PE,BFO-OPT,BFO
210885637,823772,SENSEX26AUG74700PE,"SENSEX",0,2026-08-27,74700,0.05,20,PE,BFO-OPT,BFO
212639237,830622,SENSEX26AUG74700CE,"SENSEX",0,2026-08-27,74700,0.05,20,CE,BFO-OPT,BFO
210962181,824071,SENSEX26AUG74600CE,"SENSEX",0,2026-08-27,74600,0.05,20,CE,BFO-OPT,BFO
211403269,825794,SENSEX26AUG74600PE,"SENSEX",0,2026-08-27,74600,0.05,20,PE,BFO-OPT,BFO
210753797,823257,SENSEX26AUG74500PE,"SENSEX",0,2026-08-27,74500,0.05,20,PE,BFO-OPT,BFO
212515077,830137,SENSEX26AUG74500CE,"SENSEX",0,2026-08-27,74500,0.05,20,CE,BFO-OPT,BFO
210825221,823536,SENSEX26AUG74400CE,"SENSEX",0,2026-08-27,74400,0.05,20,CE,BFO-OPT,BFO
211265029,825254,SENSEX26AUG74400PE,"SENSEX",0,2026-08-27,74400,0.05,20,PE,BFO-OPT,BFO
211340037,825547,SENSEX26AUG74300CE,"SENSEX",0,2026-08-27,74300,0.05,20,CE,BFO-OPT,BFO
212811269,831294,SENSEX26AUG74300PE,"SENSEX",0,2026-08-27,74300,0.05,20,PE,BFO-OPT,BFO
211135749,824749,SENSEX26AUG74200PE,"SENSEX",0,2026-08-27,74200,0.05,20,PE,BFO-OPT,BFO
212875525,831545,SENSEX26AUG74200CE,"SENSEX",0,2026-08-27,74200,0.05,20,CE,BFO-OPT,BFO
211201285,825005,SENSEX26AUG74100CE,"SENSEX",0,2026-08-27,74100,0.05,20,CE,BFO-OPT,BFO
211645189,826739,SENSEX26AUG74100PE,"SENSEX",0,2026-08-27,74100,0.05,20,PE,BFO-OPT,BFO
211010053,824258,SENSEX26AUG74000PE,"SENSEX",0,2026-08-27,74000,0.05,20,PE,BFO-OPT,BFO
212749573,831053,SENSEX26AUG74000CE,"SENSEX",0,2026-08-27,74000,0.05,20,CE,BFO-OPT,BFO
211431685,825905,SENSEX26AUG73900CE,"SENSEX",0,2026-08-27,73900,0.05,20,CE,BFO-OPT,BFO
211864581,827596,SENSEX26AUG73900PE,"SENSEX",0,2026-08-27,73900,0.05,20,PE,BFO-OPT,BFO
211938053,827883,SENSEX26AUG73800CE,"SENSEX",0,2026-08-27,73800,0.05,20,CE,BFO-OPT,BFO
212500229,830079,SENSEX26AUG73800PE,"SENSEX",0,2026-08-27,73800,0.05,20,PE,BFO-OPT,BFO
211299077,825387,SENSEX26AUG73700CE,"SENSEX",0,2026-08-27,73700,0.05,20,CE,BFO-OPT,BFO
211731461,827076,SENSEX26AUG73700PE,"SENSEX",0,2026-08-27,73700,0.05,20,PE,BFO-OPT,BFO
211806469,827369,SENSEX26AUG73600CE,"SENSEX",0,2026-08-27,73600,0.05,20,CE,BFO-OPT,BFO
212236805,829050,SENSEX26AUG73600PE,"SENSEX",0,2026-08-27,73600,0.05,20,PE,BFO-OPT,BFO
211607045,826590,SENSEX26AUG73500PE,"SENSEX",0,2026-08-27,73500,0.05,20,PE,BFO-OPT,BFO
212306437,829322,SENSEX26AUG73500CE,"SENSEX",0,2026-08-27,73500,0.05,20,CE,BFO-OPT,BFO
211669765,826835,SENSEX26AUG73400CE,"SENSEX",0,2026-08-27,73400,0.05,20,CE,BFO-OPT,BFO
212107525,828545,SENSEX26AUG73400PE,"SENSEX",0,2026-08-27,73400,0.05,20,PE,BFO-OPT,BFO
212173317,828802,SENSEX26AUG73300CE,"SENSEX",0,2026-08-27,73300,0.05,20,CE,BFO-OPT,BFO
212740101,831016,SENSEX26AUG73300PE,"SENSEX",0,2026-08-27,73300,0.05,20,PE,BFO-OPT,BFO
211547653,826358,SENSEX26AUG73200CE,"SENSEX",0,2026-08-27,73200,0.05,20,CE,BFO-OPT,BFO
211981317,828052,SENSEX26AUG73200PE,"SENSEX",0,2026-08-27,73200,0.05,20,PE,BFO-OPT,BFO
212045317,828302,SENSEX26AUG73100CE,"SENSEX",0,2026-08-27,73100,0.05,20,CE,BFO-OPT,BFO
212613125,830520,SENSEX26AUG73100PE,"SENSEX",0,2026-08-27,73100,0.05,20,PE,BFO-OPT,BFO
211850501,827541,SENSEX26AUG73000PE,"SENSEX",0,2026-08-27,73000,0.05,20,PE,BFO-OPT,BFO
212683525,830795,SENSEX26AUG73000CE,"SENSEX",0,2026-08-27,73000,0.05,20,CE,BFO-OPT,BFO
212263685,829155,SENSEX26AUG72900CE,"SENSEX",0,2026-08-27,72900,0.05,20,CE,BFO-OPT,BFO
212824325,831345,SENSEX26AUG72900PE,"SENSEX",0,2026-08-27,72900,0.05,20,PE,BFO-OPT,BFO
211150341,824806,SENSEX26AUG72800PE,"SENSEX",0,2026-08-27,72800,0.05,20,PE,BFO-OPT,BFO
212888325,831595,SENSEX26AUG72800CE,"SENSEX",0,2026-08-27,72800,0.05,20,CE,BFO-OPT,BFO
211214597,825057,SENSEX26AUG72700CE,"SENSEX",0,2026-08-27,72700,0.05,20,CE,BFO-OPT,BFO
212701189,830864,SENSEX26AUG72700PE,"SENSEX",0,2026-08-27,72700,0.05,20,PE,BFO-OPT,BFO
211023365,824310,SENSEX26AUG72600PE,"SENSEX",0,2026-08-27,72600,0.05,20,PE,BFO-OPT,BFO
212763653,831108,SENSEX26AUG72600CE,"SENSEX",0,2026-08-27,72600,0.05,20,CE,BFO-OPT,BFO
211090437,824572,SENSEX26AUG72500CE,"SENSEX",0,2026-08-27,72500,0.05,20,CE,BFO-OPT,BFO
211533829,826304,SENSEX26AUG72500PE,"SENSEX",0,2026-08-27,72500,0.05,20,PE,BFO-OPT,BFO
210884613,823768,SENSEX26AUG72400PE,"SENSEX",0,2026-08-27,72400,0.05,20,PE,BFO-OPT,BFO
212637701,830616,SENSEX26AUG72400CE,"SENSEX",0,2026-08-27,72400,0.05,20,CE,BFO-OPT,BFO
210960133,824063,SENSEX26AUG72300CE,"SENSEX",0,2026-08-27,72300,0.05,20,CE,BFO-OPT,BFO
211401989,825789,SENSEX26AUG72300PE,"SENSEX",0,2026-08-27,72300,0.05,20,PE,BFO-OPT,BFO
211474437,826072,SENSEX26AUG72200CE,"SENSEX",0,2026-08-27,72200,0.05,20,CE,BFO-OPT,BFO
212934661,831776,SENSEX26AUG72200PE,"SENSEX",0,2026-08-27,72200,0.05,20,PE,BFO-OPT,BFO
210823941,823531,SENSEX26AUG72100CE,"SENSEX",0,2026-08-27,72100,0.05,20,CE,BFO-OPT,BFO
211263749,825249,SENSEX26AUG72100PE,"SENSEX",0,2026-08-27,72100,0.05,20,PE,BFO-OPT,BFO
211338501,825541,SENSEX26AUG72000CE,"SENSEX",0,2026-08-27,72000,0.05,20,CE,BFO-OPT,BFO
211779845,827265,SENSEX26AUG72000PE,"SENSEX",0,2026-08-27,72000,0.05,20,PE,BFO-OPT,BFO
211495685,826155,SENSEX26AUG71900PE,"SENSEX",0,2026-08-27,71900,0.05,20,PE,BFO-OPT,BFO
212184837,828847,SENSEX26AUG71900CE,"SENSEX",0,2026-08-27,71900,0.05,20,CE,BFO-OPT,BFO
211557893,826398,SENSEX26AUG71800CE,"SENSEX",0,2026-08-27,71800,0.05,20,CE,BFO-OPT,BFO
211992325,828095,SENSEX26AUG71800PE,"SENSEX",0,2026-08-27,71800,0.05,20,PE,BFO-OPT,BFO
212059653,828358,SENSEX26AUG71700CE,"SENSEX",0,2026-08-27,71700,0.05,20,CE,BFO-OPT,BFO
212623877,830562,SENSEX26AUG71700PE,"SENSEX",0,2026-08-27,71700,0.05,20,PE,BFO-OPT,BFO
211430661,825901,SENSEX26AUG71600CE,"SENSEX",0,2026-08-27,71600,0.05,20,CE,BFO-OPT,BFO
211863813,827593,SENSEX26AUG71600PE,"SENSEX",0,2026-08-27,71600,0.05,20,PE,BFO-OPT,BFO
211937029,827879,SENSEX26AUG71500CE,"SENSEX",0,2026-08-27,71500,0.05,20,CE,BFO-OPT,BFO
212498949,830074,SENSEX26AUG71500PE,"SENSEX",0,2026-08-27,71500,0.05,20,PE,BFO-OPT,BFO
211730181,827071,SENSEX26AUG71400PE,"SENSEX",0,2026-08-27,71400,0.05,20,PE,BFO-OPT,BFO
212571397,830357,SENSEX26AUG71400CE,"SENSEX",0,2026-08-27,71400,0.05,20,CE,BFO-OPT,BFO
211805701,827366,SENSEX26AUG71300CE,"SENSEX",0,2026-08-27,71300,0.05,20,CE,BFO-OPT,BFO
212235781,829046,SENSEX26AUG71300PE,"SENSEX",0,2026-08-27,71300,0.05,20,PE,BFO-OPT,BFO
212304901,829316,SENSEX26AUG71200CE,"SENSEX",0,2026-08-27,71200,0.05,20,CE,BFO-OPT,BFO
212864005,831500,SENSEX26AUG71200PE,"SENSEX",0,2026-08-27,71200,0.05,20,PE,BFO-OPT,BFO
211668741,826831,SENSEX26AUG71100CE,"SENSEX",0,2026-08-27,71100,0.05,20,CE,BFO-OPT,BFO
212105733,828538,SENSEX26AUG71100PE,"SENSEX",0,2026-08-27,71100,0.05,20,PE,BFO-OPT,BFO
212172293,828798,SENSEX26AUG71000CE,"SENSEX",0,2026-08-27,71000,0.05,20,CE,BFO-OPT,BFO
212739077,831012,SENSEX26AUG71000PE,"SENSEX",0,2026-08-27,71000,0.05,20,PE,BFO-OPT,BFO
210974213,824118,SENSEX26AUG70900CE,"SENSEX",0,2026-08-27,70900,0.05,20,CE,BFO-OPT,BFO
211415813,825843,SENSEX26AUG70900PE,"SENSEX",0,2026-08-27,70900,0.05,20,PE,BFO-OPT,BFO
210765061,823301,SENSEX26AUG70800PE,"SENSEX",0,2026-08-27,70800,0.05,20,PE,BFO-OPT,BFO
212528389,830189,SENSEX26AUG70800CE,"SENSEX",0,2026-08-27,70800,0.05,20,CE,BFO-OPT,BFO
210837765,823585,SENSEX26AUG70700CE,"SENSEX",0,2026-08-27,70700,0.05,20,CE,BFO-OPT,BFO
211280133,825313,SENSEX26AUG70700PE,"SENSEX",0,2026-08-27,70700,0.05,20,PE,BFO-OPT,BFO
211356165,825610,SENSEX26AUG70600CE,"SENSEX",0,2026-08-27,70600,0.05,20,CE,BFO-OPT,BFO
212823301,831341,SENSEX26AUG70600PE,"SENSEX",0,2026-08-27,70600,0.05,20,PE,BFO-OPT,BFO
211149573,824803,SENSEX26AUG70500PE,"SENSEX",0,2026-08-27,70500,0.05,20,PE,BFO-OPT,BFO
212887045,831590,SENSEX26AUG70500CE,"SENSEX",0,2026-08-27,70500,0.05,20,CE,BFO-OPT,BFO
211213573,825053,SENSEX26AUG70400CE,"SENSEX",0,2026-08-27,70400,0.05,20,CE,BFO-OPT,BFO
211655429,826779,SENSEX26AUG70400PE,"SENSEX",0,2026-08-27,70400,0.05,20,PE,BFO-OPT,BFO
211022341,824306,SENSEX26AUG70300PE,"SENSEX",0,2026-08-27,70300,0.05,20,PE,BFO-OPT,BFO
212762373,831103,SENSEX26AUG70300CE,"SENSEX",0,2026-08-27,70300,0.05,20,CE,BFO-OPT,BFO
211089413,824568,SENSEX26AUG70200CE,"SENSEX",0,2026-08-27,70200,0.05,20,CE,BFO-OPT,BFO
211533317,826302,SENSEX26AUG70200PE,"SENSEX",0,2026-08-27,70200,0.05,20,PE,BFO-OPT,BFO
210883589,823764,SENSEX26AUG70100PE,"SENSEX",0,2026-08-27,70100,0.05,20,PE,BFO-OPT,BFO
211601413,826568,SENSEX26AUG70100CE,"SENSEX",0,2026-08-27,70100,0.05,20,CE,BFO-OPT,BFO
210958853,824058,SENSEX26AUG70000CE,"SENSEX",0,2026-08-27,70000,0.05,20,CE,BFO-OPT,BFO
211401221,825786,SENSEX26AUG70000PE,"SENSEX",0,2026-08-27,70000,0.05,20,PE,BFO-OPT,BFO
211399941,825781,SENSEX26AUG69900CE,"SENSEX",0,2026-08-27,69900,0.05,20,CE,BFO-OPT,BFO
211837701,827491,SENSEX26AUG69900PE,"SENSEX",0,2026-08-27,69900,0.05,20,PE,BFO-OPT,BFO
211189765,824960,SENSEX26AUG69800PE,"SENSEX",0,2026-08-27,69800,0.05,20,PE,BFO-OPT,BFO
211904773,827753,SENSEX26AUG69800CE,"SENSEX",0,2026-08-27,69800,0.05,20,CE,BFO-OPT,BFO
211261445,825240,SENSEX26AUG69700CE,"SENSEX",0,2026-08-27,69700,0.05,20,CE,BFO-OPT,BFO
211698949,826949,SENSEX26AUG69700PE,"SENSEX",0,2026-08-27,69700,0.05,20,PE,BFO-OPT,BFO
211777029,827254,SENSEX26AUG69600CE,"SENSEX",0,2026-08-27,69600,0.05,20,CE,BFO-OPT,BFO
212204805,828925,SENSEX26AUG69600PE,"SENSEX",0,2026-08-27,69600,0.05,20,PE,BFO-OPT,BFO
211131909,824734,SENSEX26AUG69500CE,"SENSEX",0,2026-08-27,69500,0.05,20,CE,BFO-OPT,BFO
211576837,826472,SENSEX26AUG69500PE,"SENSEX",0,2026-08-27,69500,0.05,20,PE,BFO-OPT,BFO
211643653,826733,SENSEX26AUG69400CE,"SENSEX",0,2026-08-27,69400,0.05,20,CE,BFO-OPT,BFO
212076549,828424,SENSEX26AUG69400PE,"SENSEX",0,2026-08-27,69400,0.05,20,PE,BFO-OPT,BFO
211447557,825967,SENSEX26AUG69300PE,"SENSEX",0,2026-08-27,69300,0.05,20,PE,BFO-OPT,BFO
212143365,828685,SENSEX26AUG69300CE,"SENSEX",0,2026-08-27,69300,0.05,20,CE,BFO-OPT,BFO
211520005,826250,SENSEX26AUG69200CE,"SENSEX",0,2026-08-27,69200,0.05,20,CE,BFO-OPT,BFO
211953413,827943,SENSEX26AUG69200PE,"SENSEX",0,2026-08-27,69200,0.05,20,PE,BFO-OPT,BFO
212016901,828191,SENSEX26AUG69100CE,"SENSEX",0,2026-08-27,69100,0.05,20,CE,BFO-OPT,BFO
212588293,830423,SENSEX26AUG69100PE,"SENSEX",0,2026-08-27,69100,0.05,20,PE,BFO-OPT,BFO
211384325,825720,SENSEX26AUG69000CE,"SENSEX",0,2026-08-27,69000,0.05,20,CE,BFO-OPT,BFO
211821573,827428,SENSEX26AUG69000PE,"SENSEX",0,2026-08-27,69000,0.05,20,PE,BFO-OPT,BFO
212233989,829039,SENSEX26AUG68900CE,"SENSEX",0,2026-08-27,68900,0.05,20,CE,BFO-OPT,BFO
212793861,831226,SENSEX26AUG68900PE,"SENSEX",0,2026-08-27,68900,0.05,20,PE,BFO-OPT,BFO
213148677,832612,SENSEX26AUG68800PE,"SENSEX",0,2026-08-27,68800,0.05,20,PE,BFO-OPT,BFO
213337349,833349,SENSEX26AUG68800CE,"SENSEX",0,2026-08-27,68800,0.05,20,CE,BFO-OPT,BFO
213256709,833034,SENSEX26AUG68700CE,"SENSEX",0,2026-08-27,68700,0.05,20,CE,BFO-OPT,BFO
213310981,833246,SENSEX26AUG68700PE,"SENSEX",0,2026-08-27,68700,0.05,20,PE,BFO-OPT,BFO
213132293,832548,SENSEX26AUG68600PE,"SENSEX",0,2026-08-27,68600,0.05,20,PE,BFO-OPT,BFO
213320453,833283,SENSEX26AUG68600CE,"SENSEX",0,2026-08-27,68600,0.05,20,CE,BFO-OPT,BFO
213141253,832583,SENSEX26AUG68500CE,"SENSEX",0,2026-08-27,68500,0.05,20,CE,BFO-OPT,BFO
213294085,833180,SENSEX26AUG68500PE,"SENSEX",0,2026-08-27,68500,0.05,20,PE,BFO-OPT,BFO
213116165,832485,SENSEX26AUG68400PE,"SENSEX",0,2026-08-27,68400,0.05,20,PE,BFO-OPT,BFO
213303301,833216,SENSEX26AUG68400CE,"SENSEX",0,2026-08-27,68400,0.05,20,CE,BFO-OPT,BFO
213125381,832521,SENSEX26AUG68300CE,"SENSEX",0,2026-08-27,68300,0.05,20,CE,BFO-OPT,BFO
213177093,832723,SENSEX26AUG68300PE,"SENSEX",0,2026-08-27,68300,0.05,20,PE,BFO-OPT,BFO
213287429,833154,SENSEX26AUG68200CE,"SENSEX",0,2026-08-27,68200,0.05,20,CE,BFO-OPT,BFO
213343237,833372,SENSEX26AUG68200PE,"SENSEX",0,2026-08-27,68200,0.05,20,PE,BFO-OPT,BFO
213108485,832455,SENSEX26AUG68100CE,"SENSEX",0,2026-08-27,68100,0.05,20,CE,BFO-OPT,BFO
213160709,832659,SENSEX26AUG68100PE,"SENSEX",0,2026-08-27,68100,0.05,20,PE,BFO-OPT,BFO
213271301,833091,SENSEX26AUG68000CE,"SENSEX",0,2026-08-27,68000,0.05,20,CE,BFO-OPT,BFO
213326085,833305,SENSEX26AUG68000PE,"SENSEX",0,2026-08-27,68000,0.05,20,PE,BFO-OPT,BFO
213135621,832561,SENSEX26AUG67900CE,"SENSEX",0,2026-08-27,67900,0.05,20,CE,BFO-OPT,BFO
213187845,832765,SENSEX26AUG67900PE,"SENSEX",0,2026-08-27,67900,0.05,20,PE,BFO-OPT,BFO
213193733,832788,SENSEX26AUG67800CE,"SENSEX",0,2026-08-27,67800,0.05,20,CE,BFO-OPT,BFO
213241093,832973,SENSEX26AUG67800PE,"SENSEX",0,2026-08-27,67800,0.05,20,PE,BFO-OPT,BFO
213426181,833696,SENSEX26AUG67700PE,"SENSEX",0,2026-08-27,67700,0.05,20,PE,BFO-OPT,BFO
213512965,834035,SENSEX26AUG67700CE,"SENSEX",0,2026-08-27,67700,0.05,20,CE,BFO-OPT,BFO
213436421,833736,SENSEX26AUG67600CE,"SENSEX",0,2026-08-27,67600,0.05,20,CE,BFO-OPT,BFO
213486085,833930,SENSEX26AUG67600PE,"SENSEX",0,2026-08-27,67600,0.05,20,PE,BFO-OPT,BFO
213497861,833976,SENSEX26AUG67500CE,"SENSEX",0,2026-08-27,67500,0.05,20,CE,BFO-OPT,BFO
213552645,834190,SENSEX26AUG67500PE,"SENSEX",0,2026-08-27,67500,0.05,20,PE,BFO-OPT,BFO
213417477,833662,SENSEX26AUG67400CE,"SENSEX",0,2026-08-27,67400,0.05,20,CE,BFO-OPT,BFO
213472517,833877,SENSEX26AUG67400PE,"SENSEX",0,2026-08-27,67400,0.05,20,PE,BFO-OPT,BFO
213479173,833903,SENSEX26AUG67300CE,"SENSEX",0,2026-08-27,67300,0.05,20,CE,BFO-OPT,BFO
213531397,834107,SENSEX26AUG67300PE,"SENSEX",0,2026-08-27,67300,0.05,20,PE,BFO-OPT,BFO
213997317,835927,SENSEX26AUG67200CE,"SENSEX",0,2026-08-27,67200,0.05,20,CE,BFO-OPT,BFO
214015749,835999,SENSEX26AUG67200PE,"SENSEX",0,2026-08-27,67200,0.05,20,PE,BFO-OPT,BFO
214141957,836492,SENSEX26AUG67100CE,"SENSEX",0,2026-08-27,67100,0.05,20,CE,BFO-OPT,BFO
214181125,836645,SENSEX26AUG67100PE,"SENSEX",0,2026-08-27,67100,0.05,20,PE,BFO-OPT,BFO
214121733,836413,SENSEX26AUG67000PE,"SENSEX",0,2026-08-27,67000,0.05,20,PE,BFO-OPT,BFO
214185989,836664,SENSEX26AUG67000CE,"SENSEX",0,2026-08-27,67000,0.05,20,CE,BFO-OPT,BFO
214078981,836246,SENSEX26AUG66900CE,"SENSEX",0,2026-08-27,66900,0.05,20,CE,BFO-OPT,BFO
214197509,836709,SENSEX26AUG66900PE,"SENSEX",0,2026-08-27,66900,0.05,20,PE,BFO-OPT,BFO
214202117,836727,SENSEX26AUG66800CE,"SENSEX",0,2026-08-27,66800,0.05,20,CE,BFO-OPT,BFO
214233093,836848,SENSEX26AUG66800PE,"SENSEX",0,2026-08-27,66800,0.05,20,PE,BFO-OPT,BFO
219911941,859031,SENSEX2690376900CE,"SENSEX",0,2026-09-03,76900,0.05,20,CE,BFO-OPT,BFO
219937541,859131,SENSEX2690376900PE,"SENSEX",0,2026-09-03,76900,0.05,20,PE,BFO-OPT,BFO
219889669,858944,SENSEX2690377000PE,"SENSEX",0,2026-09-03,77000,0.05,20,PE,BFO-OPT,BFO
219982853,859308,SENSEX2690377000CE,"SENSEX",0,2026-09-03,77000,0.05,20,CE,BFO-OPT,BFO
219942405,859150,SENSEX2690376800CE,"SENSEX",0,2026-09-03,76800,0.05,20,CE,BFO-OPT,BFO
219969029,859254,SENSEX2690376800PE,"SENSEX",0,2026-09-03,76800,0.05,20,PE,BFO-OPT,BFO
219897861,858976,SENSEX2690377100CE,"SENSEX",0,2026-09-03,77100,0.05,20,CE,BFO-OPT,BFO
219924485,859080,SENSEX2690377100PE,"SENSEX",0,2026-09-03,77100,0.05,20,PE,BFO-OPT,BFO
219929861,859101,SENSEX2690376700PE,"SENSEX",0,2026-09-03,76700,0.05,20,PE,BFO-OPT,BFO
219972613,859268,SENSEX2690376700CE,"SENSEX",0,2026-09-03,76700,0.05,20,CE,BFO-OPT,BFO
219895301,858966,SENSEX2690377200PE,"SENSEX",0,2026-09-03,77200,0.05,20,PE,BFO-OPT,BFO
219991301,859341,SENSEX2690377200CE,"SENSEX",0,2026-09-03,77200,0.05,20,CE,BFO-OPT,BFO
219933445,859115,SENSEX2690376600CE,"SENSEX",0,2026-09-03,76600,0.05,20,CE,BFO-OPT,BFO
219960837,859222,SENSEX2690376600PE,"SENSEX",0,2026-09-03,76600,0.05,20,PE,BFO-OPT,BFO
219903493,858998,SENSEX2690377300CE,"SENSEX",0,2026-09-03,77300,0.05,20,CE,BFO-OPT,BFO
219986181,859321,SENSEX2690377300PE,"SENSEX",0,2026-09-03,77300,0.05,20,PE,BFO-OPT,BFO
219922693,859073,SENSEX2690376500PE,"SENSEX",0,2026-09-03,76500,0.05,20,PE,BFO-OPT,BFO
219964165,859235,SENSEX2690376500CE,"SENSEX",0,2026-09-03,76500,0.05,20,CE,BFO-OPT,BFO
219900421,858986,SENSEX2690377400PE,"SENSEX",0,2026-09-03,77400,0.05,20,PE,BFO-OPT,BFO
220000005,859375,SENSEX2690377400CE,"SENSEX",0,2026-09-03,77400,0.05,20,CE,BFO-OPT,BFO
219926021,859086,SENSEX2690376400CE,"SENSEX",0,2026-09-03,76400,0.05,20,CE,BFO-OPT,BFO
219951877,859187,SENSEX2690376400PE,"SENSEX",0,2026-09-03,76400,0.05,20,PE,BFO-OPT,BFO
219969797,859257,SENSEX2690377500CE,"SENSEX",0,2026-09-03,77500,0.05,20,CE,BFO-OPT,BFO
219996421,859361,SENSEX2690377500PE,"SENSEX",0,2026-09-03,77500,0.05,20,PE,BFO-OPT,BFO
219956741,859206,SENSEX2690376300CE,"SENSEX",0,2026-09-03,76300,0.05,20,CE,BFO-OPT,BFO
219981317,859302,SENSEX2690376300PE,"SENSEX",0,2026-09-03,76300,0.05,20,PE,BFO-OPT,BFO
219886085,858930,SENSEX2690377600CE,"SENSEX",0,2026-09-03,77600,0.05,20,CE,BFO-OPT,BFO
219908869,859019,SENSEX2690377600PE,"SENSEX",0,2026-09-03,77600,0.05,20,PE,BFO-OPT,BFO
219919365,859060,SENSEX2690376200CE,"SENSEX",0,2026-09-03,76200,0.05,20,CE,BFO-OPT,BFO
219944965,859160,SENSEX2690376200PE,"SENSEX",0,2026-09-03,76200,0.05,20,PE,BFO-OPT,BFO
219977221,859286,SENSEX2690377700CE,"SENSEX",0,2026-09-03,77700,0.05,20,CE,BFO-OPT,BFO
219958789,859214,SENSEX2690384000CE,"SENSEX",0,2026-09-03,84000,0.05,20,CE,BFO-OPT,BFO
219983365,859310,SENSEX2690384000PE,"SENSEX",0,2026-09-03,84000,0.05,20,PE,BFO-OPT,BFO
219889157,858942,SENSEX2690383900CE,"SENSEX",0,2026-09-03,83900,0.05,20,CE,BFO-OPT,BFO
219912709,859034,SENSEX2690383900PE,"SENSEX",0,2026-09-03,83900,0.05,20,PE,BFO-OPT,BFO
219916805,859050,SENSEX2690383800CE,"SENSEX",0,2026-09-03,83800,0.05,20,CE,BFO-OPT,BFO
219998469,859369,SENSEX2690383800PE,"SENSEX",0,2026-09-03,83800,0.05,20,PE,BFO-OPT,BFO
219902469,858994,SENSEX2690383700PE,"SENSEX",0,2026-09-03,83700,0.05,20,PE,BFO-OPT,BFO
220002565,859385,SENSEX2690383700CE,"SENSEX",0,2026-09-03,83700,0.05,20,CE,BFO-OPT,BFO
219906309,859009,SENSEX2690383600CE,"SENSEX",0,2026-09-03,83600,0.05,20,CE,BFO-OPT,BFO
219934213,859118,SENSEX2690383600PE,"SENSEX",0,2026-09-03,83600,0.05,20,PE,BFO-OPT,BFO
219897349,858974,SENSEX2690383500PE,"SENSEX",0,2026-09-03,83500,0.05,20,PE,BFO-OPT,BFO
219995397,859357,SENSEX2690383500CE,"SENSEX",0,2026-09-03,83500,0.05,20,CE,BFO-OPT,BFO
219899653,858983,SENSEX2690383400CE,"SENSEX",0,2026-09-03,83400,0.05,20,CE,BFO-OPT,BFO
219926789,859089,SENSEX2690383400PE,"SENSEX",0,2026-09-03,83400,0.05,20,PE,BFO-OPT,BFO
219891461,858951,SENSEX2690383300PE,"SENSEX",0,2026-09-03,83300,0.05,20,PE,BFO-OPT,BFO
219930629,859104,SENSEX2690383300CE,"SENSEX",0,2026-09-03,83300,0.05,20,CE,BFO-OPT,BFO
219894533,858963,SENSEX2690383200CE,"SENSEX",0,2026-09-03,83200,0.05,20,CE,BFO-OPT,BFO
219919877,859062,SENSEX2690383200PE,"SENSEX",0,2026-09-03,83200,0.05,20,PE,BFO-OPT,BFO
219923717,859077,SENSEX2690383100CE,"SENSEX",0,2026-09-03,83100,0.05,20,CE,BFO-OPT,BFO
219949061,859176,SENSEX2690383100PE,"SENSEX",0,2026-09-03,83100,0.05,20,PE,BFO-OPT,BFO
219888133,858938,SENSEX2690383000CE,"SENSEX",0,2026-09-03,83000,0.05,20,CE,BFO-OPT,BFO
219910917,859027,SENSEX2690383000PE,"SENSEX",0,2026-09-03,83000,0.05,20,PE,BFO-OPT,BFO
219935493,859123,SENSEX2690382900CE,"SENSEX",0,2026-09-03,82900,0.05,20,CE,BFO-OPT,BFO
219962885,859230,SENSEX2690382900PE,"SENSEX",0,2026-09-03,82900,0.05,20,PE,BFO-OPT,BFO
219965957,859242,SENSEX2690382800CE,"SENSEX",0,2026-09-03,82800,0.05,20,CE,BFO-OPT,BFO
219993861,859351,SENSEX2690382800PE,"SENSEX",0,2026-09-03,82800,0.05,20,PE,BFO-OPT,BFO
219928325,859095,SENSEX2690382700CE,"SENSEX",0,2026-09-03,82700,0.05,20,CE,BFO-OPT,BFO
219954949,859199,SENSEX2690382700PE,"SENSEX",0,2026-09-03,82700,0.05,20,PE,BFO-OPT,BFO
219959301,859216,SENSEX2690382600CE,"SENSEX",0,2026-09-03,82600,0.05,20,CE,BFO-OPT,BFO
219984645,859315,SENSEX2690382600PE,"SENSEX",0,2026-09-03,82600,0.05,20,PE,BFO-OPT,BFO
219947269,859169,SENSEX2690382500PE,"SENSEX",0,2026-09-03,82500,0.05,20,PE,BFO-OPT,BFO
219988485,859330,SENSEX2690382500CE,"SENSEX",0,2026-09-03,82500,0.05,20,CE,BFO-OPT,BFO
219951109,859184,SENSEX2690382400CE,"SENSEX",0,2026-09-03,82400,0.05,20,CE,BFO-OPT,BFO
219977733,859288,SENSEX2690382400PE,"SENSEX",0,2026-09-03,82400,0.05,20,PE,BFO-OPT,BFO
219886853,858933,SENSEX2690382300PE,"SENSEX",0,2026-09-03,82300,0.05,20,PE,BFO-OPT,BFO
219980293,859298,SENSEX2690382300CE,"SENSEX",0,2026-09-03,82300,0.05,20,CE,BFO-OPT,BFO
219943429,859154,SENSEX2690382200CE,"SENSEX",0,2026-09-03,82200,0.05,20,CE,BFO-OPT,BFO
219970565,859260,SENSEX2690382200PE,"SENSEX",0,2026-09-03,82200,0.05,20,PE,BFO-OPT,BFO
219973125,859270,SENSEX2690382100CE,"SENSEX",0,2026-09-03,82100,0.05,20,CE,BFO-OPT,BFO
220000517,859377,SENSEX2690382100PE,"SENSEX",0,2026-09-03,82100,0.05,20,PE,BFO-OPT,BFO
219882501,858916,SENSEX2690382000CE,"SENSEX",0,2026-09-03,82000,0.05,20,CE,BFO-OPT,BFO
219962373,859228,SENSEX2690382000PE,"SENSEX",0,2026-09-03,82000,0.05,20,PE,BFO-OPT,BFO
219891717,858952,SENSEX2690381900PE,"SENSEX",0,2026-09-03,81900,0.05,20,PE,BFO-OPT,BFO
219985669,859319,SENSEX2690381900CE,"SENSEX",0,2026-09-03,81900,0.05,20,CE,BFO-OPT,BFO
219895045,858965,SENSEX2690381800CE,"SENSEX",0,2026-09-03,81800,0.05,20,CE,BFO-OPT,BFO
219921157,859067,SENSEX2690381800PE,"SENSEX",0,2026-09-03,81800,0.05,20,PE,BFO-OPT,BFO
219883269,858919,SENSEX2690381700PE,"SENSEX",0,2026-09-03,81700,0.05,20,PE,BFO-OPT,BFO
219924229,859079,SENSEX2690381700CE,"SENSEX",0,2026-09-03,81700,0.05,20,CE,BFO-OPT,BFO
219888645,858940,SENSEX2690381600CE,"SENSEX",0,2026-09-03,81600,0.05,20,CE,BFO-OPT,BFO
219912197,859032,SENSEX2690381600PE,"SENSEX",0,2026-09-03,81600,0.05,20,PE,BFO-OPT,BFO
219916549,859049,SENSEX2690381500CE,"SENSEX",0,2026-09-03,81500,0.05,20,CE,BFO-OPT,BFO
219942917,859152,SENSEX2690381500PE,"SENSEX",0,2026-09-03,81500,0.05,20,PE,BFO-OPT,BFO
219902213,858993,SENSEX2690381400PE,"SENSEX",0,2026-09-03,81400,0.05,20,PE,BFO-OPT,BFO
220002053,859383,SENSEX2690381400CE,"SENSEX",0,2026-09-03,81400,0.05,20,CE,BFO-OPT,BFO
219906053,859008,SENSEX2690381300CE,"SENSEX",0,2026-09-03,81300,0.05,20,CE,BFO-OPT,BFO
219933957,859117,SENSEX2690381300PE,"SENSEX",0,2026-09-03,81300,0.05,20,PE,BFO-OPT,BFO
219897093,858973,SENSEX2690381200PE,"SENSEX",0,2026-09-03,81200,0.05,20,PE,BFO-OPT,BFO
219938565,859135,SENSEX2690381200CE,"SENSEX",0,2026-09-03,81200,0.05,20,CE,BFO-OPT,BFO
219899397,858982,SENSEX2690381100CE,"SENSEX",0,2026-09-03,81100,0.05,20,CE,BFO-OPT,BFO
219926533,859088,SENSEX2690381100PE,"SENSEX",0,2026-09-03,81100,0.05,20,PE,BFO-OPT,BFO
219930373,859103,SENSEX2690381000CE,"SENSEX",0,2026-09-03,81000,0.05,20,CE,BFO-OPT,BFO
219957509,859209,SENSEX2690381000PE,"SENSEX",0,2026-09-03,81000,0.05,20,PE,BFO-OPT,BFO
219939077,859137,SENSEX2690380900PE,"SENSEX",0,2026-09-03,80900,0.05,20,PE,BFO-OPT,BFO
219980805,859300,SENSEX2690380900CE,"SENSEX",0,2026-09-03,80900,0.05,20,CE,BFO-OPT,BFO
219944453,859158,SENSEX2690380800CE,"SENSEX",0,2026-09-03,80800,0.05,20,CE,BFO-OPT,BFO
219971333,859263,SENSEX2690380800PE,"SENSEX",0,2026-09-03,80800,0.05,20,PE,BFO-OPT,BFO
219973637,859272,SENSEX2690380700CE,"SENSEX",0,2026-09-03,80700,0.05,20,CE,BFO-OPT,BFO
220001285,859380,SENSEX2690380700PE,"SENSEX",0,2026-09-03,80700,0.05,20,PE,BFO-OPT,BFO
219935237,859122,SENSEX2690380600CE,"SENSEX",0,2026-09-03,80600,0.05,20,CE,BFO-OPT,BFO
219962629,859229,SENSEX2690380600PE,"SENSEX",0,2026-09-03,80600,0.05,20,PE,BFO-OPT,BFO
219965701,859241,SENSEX2690380500CE,"SENSEX",0,2026-09-03,80500,0.05,20,CE,BFO-OPT,BFO
219993605,859350,SENSEX2690380500PE,"SENSEX",0,2026-09-03,80500,0.05,20,PE,BFO-OPT,BFO
219954693,859198,SENSEX2690380400PE,"SENSEX",0,2026-09-03,80400,0.05,20,PE,BFO-OPT,BFO
219998213,859368,SENSEX2690380400CE,"SENSEX",0,2026-09-03,80400,0.05,20,CE,BFO-OPT,BFO
219959045,859215,SENSEX2690380300CE,"SENSEX",0,2026-09-03,80300,0.05,20,CE,BFO-OPT,BFO
219984389,859314,SENSEX2690380300PE,"SENSEX",0,2026-09-03,80300,0.05,20,PE,BFO-OPT,BFO
219893765,858960,SENSEX2690380200PE,"SENSEX",0,2026-09-03,80200,0.05,20,PE,BFO-OPT,BFO
219988229,859329,SENSEX2690380200CE,"SENSEX",0,2026-09-03,80200,0.05,20,CE,BFO-OPT,BFO
219950853,859183,SENSEX2690380100CE,"SENSEX",0,2026-09-03,80100,0.05,20,CE,BFO-OPT,BFO
219977477,859287,SENSEX2690380100PE,"SENSEX",0,2026-09-03,80100,0.05,20,PE,BFO-OPT,BFO
219886597,858932,SENSEX2690380000PE,"SENSEX",0,2026-09-03,80000,0.05,20,PE,BFO-OPT,BFO
219980037,859297,SENSEX2690380000CE,"SENSEX",0,2026-09-03,80000,0.05,20,CE,BFO-OPT,BFO
219886341,858931,SENSEX2690379900CE,"SENSEX",0,2026-09-03,79900,0.05,20,CE,BFO-OPT,BFO
219909125,859020,SENSEX2690379900PE,"SENSEX",0,2026-09-03,79900,0.05,20,PE,BFO-OPT,BFO
219970309,859259,SENSEX2690379800CE,"SENSEX",0,2026-09-03,79800,0.05,20,CE,BFO-OPT,BFO
219996677,859362,SENSEX2690379800PE,"SENSEX",0,2026-09-03,79800,0.05,20,PE,BFO-OPT,BFO
219900677,858987,SENSEX2690379700PE,"SENSEX",0,2026-09-03,79700,0.05,20,PE,BFO-OPT,BFO
220000261,859376,SENSEX2690379700CE,"SENSEX",0,2026-09-03,79700,0.05,20,CE,BFO-OPT,BFO
219903749,858999,SENSEX2690379600CE,"SENSEX",0,2026-09-03,79600,0.05,20,CE,BFO-OPT,BFO
219986437,859322,SENSEX2690379600PE,"SENSEX",0,2026-09-03,79600,0.05,20,PE,BFO-OPT,BFO
219895557,858967,SENSEX2690379500PE,"SENSEX",0,2026-09-03,79500,0.05,20,PE,BFO-OPT,BFO
219991557,859342,SENSEX2690379500CE,"SENSEX",0,2026-09-03,79500,0.05,20,CE,BFO-OPT,BFO
219898117,858977,SENSEX2690379400CE,"SENSEX",0,2026-09-03,79400,0.05,20,CE,BFO-OPT,BFO
219924741,859081,SENSEX2690379400PE,"SENSEX",0,2026-09-03,79400,0.05,20,PE,BFO-OPT,BFO
219889925,858945,SENSEX2690379300PE,"SENSEX",0,2026-09-03,79300,0.05,20,PE,BFO-OPT,BFO
219983109,859309,SENSEX2690379300CE,"SENSEX",0,2026-09-03,79300,0.05,20,CE,BFO-OPT,BFO
219892485,858955,SENSEX2690379200CE,"SENSEX",0,2026-09-03,79200,0.05,20,CE,BFO-OPT,BFO
219917573,859053,SENSEX2690379200PE,"SENSEX",0,2026-09-03,79200,0.05,20,PE,BFO-OPT,BFO
219879941,858906,SENSEX2690379100PE,"SENSEX",0,2026-09-03,79100,0.05,20,PE,BFO-OPT,BFO
219976709,859284,SENSEX2690379100CE,"SENSEX",0,2026-09-03,79100,0.05,20,CE,BFO-OPT,BFO
219885061,858926,SENSEX2690379000CE,"SENSEX",0,2026-09-03,79000,0.05,20,CE,BFO-OPT,BFO
219907845,859015,SENSEX2690379000PE,"SENSEX",0,2026-09-03,79000,0.05,20,PE,BFO-OPT,BFO
219933701,859116,SENSEX2690378900CE,"SENSEX",0,2026-09-03,78900,0.05,20,CE,BFO-OPT,BFO
219961093,859223,SENSEX2690378900PE,"SENSEX",0,2026-09-03,78900,0.05,20,PE,BFO-OPT,BFO
219922949,859074,SENSEX2690378800PE,"SENSEX",0,2026-09-03,78800,0.05,20,PE,BFO-OPT,BFO
219964421,859236,SENSEX2690378800CE,"SENSEX",0,2026-09-03,78800,0.05,20,CE,BFO-OPT,BFO
219926277,859087,SENSEX2690378700CE,"SENSEX",0,2026-09-03,78700,0.05,20,CE,BFO-OPT,BFO
219952133,859188,SENSEX2690378700PE,"SENSEX",0,2026-09-03,78700,0.05,20,PE,BFO-OPT,BFO
219956997,859207,SENSEX2690378600CE,"SENSEX",0,2026-09-03,78600,0.05,20,CE,BFO-OPT,BFO
219981573,859303,SENSEX2690378600PE,"SENSEX",0,2026-09-03,78600,0.05,20,PE,BFO-OPT,BFO
219919621,859061,SENSEX2690378500CE,"SENSEX",0,2026-09-03,78500,0.05,20,CE,BFO-OPT,BFO
219945477,859162,SENSEX2690378500PE,"SENSEX",0,2026-09-03,78500,0.05,20,PE,BFO-OPT,BFO
219948805,859175,SENSEX2690378400CE,"SENSEX",0,2026-09-03,78400,0.05,20,CE,BFO-OPT,BFO
219974917,859277,SENSEX2690378400PE,"SENSEX",0,2026-09-03,78400,0.05,20,PE,BFO-OPT,BFO
219910405,859025,SENSEX2690378300CE,"SENSEX",0,2026-09-03,78300,0.05,20,CE,BFO-OPT,BFO
219936517,859127,SENSEX2690378300PE,"SENSEX",0,2026-09-03,78300,0.05,20,PE,BFO-OPT,BFO
219940613,859143,SENSEX2690378200CE,"SENSEX",0,2026-09-03,78200,0.05,20,CE,BFO-OPT,BFO
219967237,859247,SENSEX2690378200PE,"SENSEX",0,2026-09-03,78200,0.05,20,PE,BFO-OPT,BFO
219929093,859098,SENSEX2690378100PE,"SENSEX",0,2026-09-03,78100,0.05,20,PE,BFO-OPT,BFO
219971845,859265,SENSEX2690378100CE,"SENSEX",0,2026-09-03,78100,0.05,20,CE,BFO-OPT,BFO
219932421,859111,SENSEX2690378000CE,"SENSEX",0,2026-09-03,78000,0.05,20,CE,BFO-OPT,BFO
219959813,859218,SENSEX2690378000PE,"SENSEX",0,2026-09-03,78000,0.05,20,PE,BFO-OPT,BFO
219890949,858949,SENSEX2690377900PE,"SENSEX",0,2026-09-03,77900,0.05,20,PE,BFO-OPT,BFO
219984133,859313,SENSEX2690377900CE,"SENSEX",0,2026-09-03,77900,0.05,20,CE,BFO-OPT,BFO
219893509,858959,SENSEX2690377800CE,"SENSEX",0,2026-09-03,77800,0.05,20,CE,BFO-OPT,BFO
219918597,859057,SENSEX2690377800PE,"SENSEX",0,2026-09-03,77800,0.05,20,PE,BFO-OPT,BFO
219881221,858911,SENSEX2690377700PE,"SENSEX",0,2026-09-03,77700,0.05,20,PE,BFO-OPT,BFO
219948549,859174,SENSEX2690376100CE,"SENSEX",0,2026-09-03,76100,0.05,20,CE,BFO-OPT,BFO
219974661,859276,SENSEX2690376100PE,"SENSEX",0,2026-09-03,76100,0.05,20,PE,BFO-OPT,BFO
219936005,859125,SENSEX2690376000PE,"SENSEX",0,2026-09-03,76000,0.05,20,PE,BFO-OPT,BFO
219979013,859293,SENSEX2690376000CE,"SENSEX",0,2026-09-03,76000,0.05,20,CE,BFO-OPT,BFO
219905285,859005,SENSEX2690375900CE,"SENSEX",0,2026-09-03,75900,0.05,20,CE,BFO-OPT,BFO
219987973,859328,SENSEX2690375900PE,"SENSEX",0,2026-09-03,75900,0.05,20,PE,BFO-OPT,BFO
219896581,858971,SENSEX2690375800PE,"SENSEX",0,2026-09-03,75800,0.05,20,PE,BFO-OPT,BFO
219993349,859349,SENSEX2690375800CE,"SENSEX",0,2026-09-03,75800,0.05,20,CE,BFO-OPT,BFO
219898885,858980,SENSEX2690375700CE,"SENSEX",0,2026-09-03,75700,0.05,20,CE,BFO-OPT,BFO
219925509,859084,SENSEX2690375700PE,"SENSEX",0,2026-09-03,75700,0.05,20,PE,BFO-OPT,BFO
219890693,858948,SENSEX2690375600PE,"SENSEX",0,2026-09-03,75600,0.05,20,PE,BFO-OPT,BFO
219983877,859312,SENSEX2690375600CE,"SENSEX",0,2026-09-03,75600,0.05,20,CE,BFO-OPT,BFO
219893253,858958,SENSEX2690375500CE,"SENSEX",0,2026-09-03,75500,0.05,20,CE,BFO-OPT,BFO
219918341,859056,SENSEX2690375500PE,"SENSEX",0,2026-09-03,75500,0.05,20,PE,BFO-OPT,BFO
219880709,858909,SENSEX2690375400PE,"SENSEX",0,2026-09-03,75400,0.05,20,PE,BFO-OPT,BFO
219976965,859285,SENSEX2690375400CE,"SENSEX",0,2026-09-03,75400,0.05,20,CE,BFO-OPT,BFO
219885829,858929,SENSEX2690375300CE,"SENSEX",0,2026-09-03,75300,0.05,20,CE,BFO-OPT,BFO
219908613,859018,SENSEX2690375300PE,"SENSEX",0,2026-09-03,75300,0.05,20,PE,BFO-OPT,BFO
219914245,859040,SENSEX2690375200CE,"SENSEX",0,2026-09-03,75200,0.05,20,CE,BFO-OPT,BFO
219996165,859360,SENSEX2690375200PE,"SENSEX",0,2026-09-03,75200,0.05,20,PE,BFO-OPT,BFO
219900165,858985,SENSEX2690375100PE,"SENSEX",0,2026-09-03,75100,0.05,20,PE,BFO-OPT,BFO
219999749,859374,SENSEX2690375100CE,"SENSEX",0,2026-09-03,75100,0.05,20,CE,BFO-OPT,BFO
219903237,858997,SENSEX2690375000CE,"SENSEX",0,2026-09-03,75000,0.05,20,CE,BFO-OPT,BFO
219931909,859109,SENSEX2690375000PE,"SENSEX",0,2026-09-03,75000,0.05,20,PE,BFO-OPT,BFO
219958533,859213,SENSEX2690374900CE,"SENSEX",0,2026-09-03,74900,0.05,20,CE,BFO-OPT,BFO
219982597,859307,SENSEX2690374900PE,"SENSEX",0,2026-09-03,74900,0.05,20,PE,BFO-OPT,BFO
219920901,859066,SENSEX2690374800CE,"SENSEX",0,2026-09-03,74800,0.05,20,CE,BFO-OPT,BFO
219946757,859167,SENSEX2690374800PE,"SENSEX",0,2026-09-03,74800,0.05,20,PE,BFO-OPT,BFO
219950341,859181,SENSEX2690374700CE,"SENSEX",0,2026-09-03,74700,0.05,20,CE,BFO-OPT,BFO
219976453,859283,SENSEX2690374700PE,"SENSEX",0,2026-09-03,74700,0.05,20,PE,BFO-OPT,BFO
219911429,859029,SENSEX2690374600CE,"SENSEX",0,2026-09-03,74600,0.05,20,CE,BFO-OPT,BFO
219937285,859130,SENSEX2690374600PE,"SENSEX",0,2026-09-03,74600,0.05,20,PE,BFO-OPT,BFO
219942149,859149,SENSEX2690374500CE,"SENSEX",0,2026-09-03,74500,0.05,20,CE,BFO-OPT,BFO
219968773,859253,SENSEX2690374500PE,"SENSEX",0,2026-09-03,74500,0.05,20,PE,BFO-OPT,BFO
219929605,859100,SENSEX2690374400PE,"SENSEX",0,2026-09-03,74400,0.05,20,PE,BFO-OPT,BFO
219972357,859267,SENSEX2690374400CE,"SENSEX",0,2026-09-03,74400,0.05,20,CE,BFO-OPT,BFO
219933189,859114,SENSEX2690374300CE,"SENSEX",0,2026-09-03,74300,0.05,20,CE,BFO-OPT,BFO
219960581,859221,SENSEX2690374300PE,"SENSEX",0,2026-09-03,74300,0.05,20,PE,BFO-OPT,BFO
219963909,859234,SENSEX2690374200CE,"SENSEX",0,2026-09-03,74200,0.05,20,CE,BFO-OPT,BFO
219990021,859336,SENSEX2690374200PE,"SENSEX",0,2026-09-03,74200,0.05,20,PE,BFO-OPT,BFO
219925765,859085,SENSEX2690374100CE,"SENSEX",0,2026-09-03,74100,0.05,20,CE,BFO-OPT,BFO
219951621,859186,SENSEX2690374100PE,"SENSEX",0,2026-09-03,74100,0.05,20,PE,BFO-OPT,BFO
219956485,859205,SENSEX2690374000CE,"SENSEX",0,2026-09-03,74000,0.05,20,CE,BFO-OPT,BFO
219981061,859301,SENSEX2690374000PE,"SENSEX",0,2026-09-03,74000,0.05,20,PE,BFO-OPT,BFO
219887365,858935,SENSEX2690373900CE,"SENSEX",0,2026-09-03,73900,0.05,20,CE,BFO-OPT,BFO
219909893,859023,SENSEX2690373900PE,"SENSEX",0,2026-09-03,73900,0.05,20,PE,BFO-OPT,BFO
219970821,859261,SENSEX2690373800CE,"SENSEX",0,2026-09-03,73800,0.05,20,CE,BFO-OPT,BFO
219997445,859365,SENSEX2690373800PE,"SENSEX",0,2026-09-03,73800,0.05,20,PE,BFO-OPT,BFO
219901189,858989,SENSEX2690373700PE,"SENSEX",0,2026-09-03,73700,0.05,20,PE,BFO-OPT,BFO
220001029,859379,SENSEX2690373700CE,"SENSEX",0,2026-09-03,73700,0.05,20,CE,BFO-OPT,BFO
219905029,859004,SENSEX2690373600CE,"SENSEX",0,2026-09-03,73600,0.05,20,CE,BFO-OPT,BFO
219987461,859326,SENSEX2690373600PE,"SENSEX",0,2026-09-03,73600,0.05,20,PE,BFO-OPT,BFO
219896325,858970,SENSEX2690373500PE,"SENSEX",0,2026-09-03,73500,0.05,20,PE,BFO-OPT,BFO
219992837,859347,SENSEX2690373500CE,"SENSEX",0,2026-09-03,73500,0.05,20,CE,BFO-OPT,BFO
219898629,858979,SENSEX2690373400CE,"SENSEX",0,2026-09-03,73400,0.05,20,CE,BFO-OPT,BFO
219925253,859083,SENSEX2690373400PE,"SENSEX",0,2026-09-03,73400,0.05,20,PE,BFO-OPT,BFO
219890437,858947,SENSEX2690373300PE,"SENSEX",0,2026-09-03,73300,0.05,20,PE,BFO-OPT,BFO
219983621,859311,SENSEX2690373300CE,"SENSEX",0,2026-09-03,73300,0.05,20,CE,BFO-OPT,BFO
219892997,858957,SENSEX2690373200CE,"SENSEX",0,2026-09-03,73200,0.05,20,CE,BFO-OPT,BFO
219918085,859055,SENSEX2690373200PE,"SENSEX",0,2026-09-03,73200,0.05,20,PE,BFO-OPT,BFO
219880453,858908,SENSEX2690373100PE,"SENSEX",0,2026-09-03,73100,0.05,20,PE,BFO-OPT,BFO
219922437,859072,SENSEX2690373100CE,"SENSEX",0,2026-09-03,73100,0.05,20,CE,BFO-OPT,BFO
219885573,858928,SENSEX2690373000CE,"SENSEX",0,2026-09-03,73000,0.05,20,CE,BFO-OPT,BFO
219908357,859017,SENSEX2690373000PE,"SENSEX",0,2026-09-03,73000,0.05,20,PE,BFO-OPT,BFO
219934725,859120,SENSEX2690372900CE,"SENSEX",0,2026-09-03,72900,0.05,20,CE,BFO-OPT,BFO
219962117,859227,SENSEX2690372900PE,"SENSEX",0,2026-09-03,72900,0.05,20,PE,BFO-OPT,BFO
219923461,859076,SENSEX2690372800PE,"SENSEX",0,2026-09-03,72800,0.05,20,PE,BFO-OPT,BFO
219964933,859238,SENSEX2690372800CE,"SENSEX",0,2026-09-03,72800,0.05,20,CE,BFO-OPT,BFO
219927301,859091,SENSEX2690372700CE,"SENSEX",0,2026-09-03,72700,0.05,20,CE,BFO-OPT,BFO
219953157,859192,SENSEX2690372700PE,"SENSEX",0,2026-09-03,72700,0.05,20,PE,BFO-OPT,BFO
219958277,859212,SENSEX2690372600CE,"SENSEX",0,2026-09-03,72600,0.05,20,CE,BFO-OPT,BFO
219982341,859306,SENSEX2690372600PE,"SENSEX",0,2026-09-03,72600,0.05,20,PE,BFO-OPT,BFO
219920645,859065,SENSEX2690372500CE,"SENSEX",0,2026-09-03,72500,0.05,20,CE,BFO-OPT,BFO
219946501,859166,SENSEX2690372500PE,"SENSEX",0,2026-09-03,72500,0.05,20,PE,BFO-OPT,BFO
219950085,859180,SENSEX2690372400CE,"SENSEX",0,2026-09-03,72400,0.05,20,CE,BFO-OPT,BFO
219976197,859282,SENSEX2690372400PE,"SENSEX",0,2026-09-03,72400,0.05,20,PE,BFO-OPT,BFO
219937029,859129,SENSEX2690372300PE,"SENSEX",0,2026-09-03,72300,0.05,20,PE,BFO-OPT,BFO
219979269,859294,SENSEX2690372300CE,"SENSEX",0,2026-09-03,72300,0.05,20,CE,BFO-OPT,BFO
219941893,859148,SENSEX2690372200CE,"SENSEX",0,2026-09-03,72200,0.05,20,CE,BFO-OPT,BFO
219968261,859251,SENSEX2690372200PE,"SENSEX",0,2026-09-03,72200,0.05,20,PE,BFO-OPT,BFO
219972101,859266,SENSEX2690372100CE,"SENSEX",0,2026-09-03,72100,0.05,20,CE,BFO-OPT,BFO
219999237,859372,SENSEX2690372100PE,"SENSEX",0,2026-09-03,72100,0.05,20,PE,BFO-OPT,BFO
219932677,859112,SENSEX2690372000CE,"SENSEX",0,2026-09-03,72000,0.05,20,CE,BFO-OPT,BFO
219960325,859220,SENSEX2690372000PE,"SENSEX",0,2026-09-03,72000,0.05,20,PE,BFO-OPT,BFO
219891205,858950,SENSEX2690371900PE,"SENSEX",0,2026-09-03,71900,0.05,20,PE,BFO-OPT,BFO
219985157,859317,SENSEX2690371900CE,"SENSEX",0,2026-09-03,71900,0.05,20,CE,BFO-OPT,BFO
219894021,858961,SENSEX2690371800CE,"SENSEX",0,2026-09-03,71800,0.05,20,CE,BFO-OPT,BFO
219919109,859059,SENSEX2690371800PE,"SENSEX",0,2026-09-03,71800,0.05,20,PE,BFO-OPT,BFO
219882245,858915,SENSEX2690371700PE,"SENSEX",0,2026-09-03,71700,0.05,20,PE,BFO-OPT,BFO
219978245,859290,SENSEX2690371700CE,"SENSEX",0,2026-09-03,71700,0.05,20,CE,BFO-OPT,BFO
219887109,858934,SENSEX2690371600CE,"SENSEX",0,2026-09-03,71600,0.05,20,CE,BFO-OPT,BFO
219909637,859022,SENSEX2690371600PE,"SENSEX",0,2026-09-03,71600,0.05,20,PE,BFO-OPT,BFO
219915781,859046,SENSEX2690371500CE,"SENSEX",0,2026-09-03,71500,0.05,20,CE,BFO-OPT,BFO
219997189,859364,SENSEX2690371500PE,"SENSEX",0,2026-09-03,71500,0.05,20,PE,BFO-OPT,BFO
219900933,858988,SENSEX2690371400PE,"SENSEX",0,2026-09-03,71400,0.05,20,PE,BFO-OPT,BFO
220000773,859378,SENSEX2690371400CE,"SENSEX",0,2026-09-03,71400,0.05,20,CE,BFO-OPT,BFO
219904517,859002,SENSEX2690371300CE,"SENSEX",0,2026-09-03,71300,0.05,20,CE,BFO-OPT,BFO
219932165,859110,SENSEX2690371300PE,"SENSEX",0,2026-09-03,71300,0.05,20,PE,BFO-OPT,BFO
219895813,858968,SENSEX2690371200PE,"SENSEX",0,2026-09-03,71200,0.05,20,PE,BFO-OPT,BFO
219992325,859345,SENSEX2690371200CE,"SENSEX",0,2026-09-03,71200,0.05,20,CE,BFO-OPT,BFO
219898373,858978,SENSEX2690371100CE,"SENSEX",0,2026-09-03,71100,0.05,20,CE,BFO-OPT,BFO
219924997,859082,SENSEX2690371100PE,"SENSEX",0,2026-09-03,71100,0.05,20,PE,BFO-OPT,BFO
220222213,860243,SENSEX2691071800PE,"SENSEX",0,2026-09-10,71800,0.05,20,PE,BFO-OPT,BFO
220222469,860244,SENSEX2691076200CE,"SENSEX",0,2026-09-10,76200,0.05,20,CE,BFO-OPT,BFO
220222725,860245,SENSEX2691078500CE,"SENSEX",0,2026-09-10,78500,0.05,20,CE,BFO-OPT,BFO
220222981,860246,SENSEX2691083200PE,"SENSEX",0,2026-09-10,83200,0.05,20,PE,BFO-OPT,BFO
220223749,860249,SENSEX2691072500CE,"SENSEX",0,2026-09-10,72500,0.05,20,CE,BFO-OPT,BFO
220224005,860250,SENSEX2691074800CE,"SENSEX",0,2026-09-10,74800,0.05,20,CE,BFO-OPT,BFO
220224261,860251,SENSEX2691081800PE,"SENSEX",0,2026-09-10,81800,0.05,20,PE,BFO-OPT,BFO
220225029,860254,SENSEX2691082500CE,"SENSEX",0,2026-09-10,82500,0.05,20,CE,BFO-OPT,BFO
220225797,860257,SENSEX2691074200PE,"SENSEX",0,2026-09-10,74200,0.05,20,PE,BFO-OPT,BFO
220226053,860258,SENSEX2691076500PE,"SENSEX",0,2026-09-10,76500,0.05,20,PE,BFO-OPT,BFO
220226309,860259,SENSEX2691078800PE,"SENSEX",0,2026-09-10,78800,0.05,20,PE,BFO-OPT,BFO
220226821,860261,SENSEX2691072800PE,"SENSEX",0,2026-09-10,72800,0.05,20,PE,BFO-OPT,BFO
220227077,860262,SENSEX2691083100CE,"SENSEX",0,2026-09-10,83100,0.05,20,CE,BFO-OPT,BFO
220228869,860269,SENSEX2691077100PE,"SENSEX",0,2026-09-10,77100,0.05,20,PE,BFO-OPT,BFO
220229125,860270,SENSEX2691071100PE,"SENSEX",0,2026-09-10,71100,0.05,20,PE,BFO-OPT,BFO
220229381,860271,SENSEX2691073400PE,"SENSEX",0,2026-09-10,73400,0.05,20,PE,BFO-OPT,BFO
220229893,860273,SENSEX2691074100CE,"SENSEX",0,2026-09-10,74100,0.05,20,CE,BFO-OPT,BFO
220230405,860275,SENSEX2691076400CE,"SENSEX",0,2026-09-10,76400,0.05,20,CE,BFO-OPT,BFO
220230661,860276,SENSEX2691078700CE,"SENSEX",0,2026-09-10,78700,0.05,20,CE,BFO-OPT,BFO
220231173,860278,SENSEX2691081100PE,"SENSEX",0,2026-09-10,81100,0.05,20,PE,BFO-OPT,BFO
220231429,860279,SENSEX2691083400PE,"SENSEX",0,2026-09-10,83400,0.05,20,PE,BFO-OPT,BFO
220231941,860281,SENSEX2691072700CE,"SENSEX",0,2026-09-10,72700,0.05,20,CE,BFO-OPT,BFO
220232453,860283,SENSEX2691080400CE,"SENSEX",0,2026-09-10,80400,0.05,20,CE,BFO-OPT,BFO
220232709,860284,SENSEX2691082700CE,"SENSEX",0,2026-09-10,82700,0.05,20,CE,BFO-OPT,BFO
220233989,860289,SENSEX2691078100PE,"SENSEX",0,2026-09-10,78100,0.05,20,PE,BFO-OPT,BFO
220234501,860291,SENSEX2691072100PE,"SENSEX",0,2026-09-10,72100,0.05,20,PE,BFO-OPT,BFO
220234757,860292,SENSEX2691074400PE,"SENSEX",0,2026-09-10,74400,0.05,20,PE,BFO-OPT,BFO
220235013,860293,SENSEX2691076700PE,"SENSEX",0,2026-09-10,76700,0.05,20,PE,BFO-OPT,BFO
220235525,860295,SENSEX2691081000CE,"SENSEX",0,2026-09-10,81000,0.05,20,CE,BFO-OPT,BFO
220236549,860299,SENSEX2691080700PE,"SENSEX",0,2026-09-10,80700,0.05,20,PE,BFO-OPT,BFO
220237829,860304,SENSEX2691078000CE,"SENSEX",0,2026-09-10,78000,0.05,20,CE,BFO-OPT,BFO
220238597,860307,SENSEX2691072000CE,"SENSEX",0,2026-09-10,72000,0.05,20,CE,BFO-OPT,BFO
220239109,860309,SENSEX2691074300CE,"SENSEX",0,2026-09-10,74300,0.05,20,CE,BFO-OPT,BFO
220239365,860310,SENSEX2691076600CE,"SENSEX",0,2026-09-10,76600,0.05,20,CE,BFO-OPT,BFO
220239621,860311,SENSEX2691078900CE,"SENSEX",0,2026-09-10,78900,0.05,20,CE,BFO-OPT,BFO
220239877,860312,SENSEX2691081300PE,"SENSEX",0,2026-09-10,81300,0.05,20,PE,BFO-OPT,BFO
220240645,860315,SENSEX2691072900CE,"SENSEX",0,2026-09-10,72900,0.05,20,CE,BFO-OPT,BFO
220240901,860316,SENSEX2691082000CE,"SENSEX",0,2026-09-10,82000,0.05,20,CE,BFO-OPT,BFO
220242181,860321,SENSEX2691080600CE,"SENSEX",0,2026-09-10,80600,0.05,20,CE,BFO-OPT,BFO
220242437,860322,SENSEX2691082900CE,"SENSEX",0,2026-09-10,82900,0.05,20,CE,BFO-OPT,BFO
220243461,860326,SENSEX2691076000PE,"SENSEX",0,2026-09-10,76000,0.05,20,PE,BFO-OPT,BFO
220243973,860328,SENSEX2691078300PE,"SENSEX",0,2026-09-10,78300,0.05,20,PE,BFO-OPT,BFO
220244741,860331,SENSEX2691072300PE,"SENSEX",0,2026-09-10,72300,0.05,20,PE,BFO-OPT,BFO
220244997,860332,SENSEX2691074600PE,"SENSEX",0,2026-09-10,74600,0.05,20,PE,BFO-OPT,BFO
220245253,860333,SENSEX2691076900PE,"SENSEX",0,2026-09-10,76900,0.05,20,PE,BFO-OPT,BFO
220246277,860337,SENSEX2691082300PE,"SENSEX",0,2026-09-10,82300,0.05,20,PE,BFO-OPT,BFO
220247045,860340,SENSEX2691080900PE,"SENSEX",0,2026-09-10,80900,0.05,20,PE,BFO-OPT,BFO
220247813,860343,SENSEX2691078200CE,"SENSEX",0,2026-09-10,78200,0.05,20,CE,BFO-OPT,BFO
220248837,860347,SENSEX2691072200CE,"SENSEX",0,2026-09-10,72200,0.05,20,CE,BFO-OPT,BFO
220249093,860348,SENSEX2691074500CE,"SENSEX",0,2026-09-10,74500,0.05,20,CE,BFO-OPT,BFO
220249349,860349,SENSEX2691076800CE,"SENSEX",0,2026-09-10,76800,0.05,20,CE,BFO-OPT,BFO
220250117,860352,SENSEX2691082200CE,"SENSEX",0,2026-09-10,82200,0.05,20,CE,BFO-OPT,BFO
220251141,860356,SENSEX2691080800CE,"SENSEX",0,2026-09-10,80800,0.05,20,CE,BFO-OPT,BFO
220252421,860361,SENSEX2691076200PE,"SENSEX",0,2026-09-10,76200,0.05,20,PE,BFO-OPT,BFO
220252677,860362,SENSEX2691078500PE,"SENSEX",0,2026-09-10,78500,0.05,20,PE,BFO-OPT,BFO
220253189,860364,SENSEX2691072500PE,"SENSEX",0,2026-09-10,72500,0.05,20,PE,BFO-OPT,BFO
220253445,860365,SENSEX2691074800PE,"SENSEX",0,2026-09-10,74800,0.05,20,PE,BFO-OPT,BFO
220253701,860366,SENSEX2691080200PE,"SENSEX",0,2026-09-10,80200,0.05,20,PE,BFO-OPT,BFO
220254213,860368,SENSEX2691082500PE,"SENSEX",0,2026-09-10,82500,0.05,20,PE,BFO-OPT,BFO
220255749,860374,SENSEX2691076100CE,"SENSEX",0,2026-09-10,76100,0.05,20,CE,BFO-OPT,BFO
220256261,860376,SENSEX2691078400CE,"SENSEX",0,2026-09-10,78400,0.05,20,CE,BFO-OPT,BFO
220257029,860379,SENSEX2691072400CE,"SENSEX",0,2026-09-10,72400,0.05,20,CE,BFO-OPT,BFO
220257285,860380,SENSEX2691074700CE,"SENSEX",0,2026-09-10,74700,0.05,20,CE,BFO-OPT,BFO
220257797,860382,SENSEX2691080100CE,"SENSEX",0,2026-09-10,80100,0.05,20,CE,BFO-OPT,BFO
220258053,860383,SENSEX2691082400CE,"SENSEX",0,2026-09-10,82400,0.05,20,CE,BFO-OPT,BFO
220259845,860390,SENSEX2691074100PE,"SENSEX",0,2026-09-10,74100,0.05,20,PE,BFO-OPT,BFO
220260357,860392,SENSEX2691076400PE,"SENSEX",0,2026-09-10,76400,0.05,20,PE,BFO-OPT,BFO
220260613,860393,SENSEX2691078700PE,"SENSEX",0,2026-09-10,78700,0.05,20,PE,BFO-OPT,BFO
220261637,860397,SENSEX2691072700PE,"SENSEX",0,2026-09-10,72700,0.05,20,PE,BFO-OPT,BFO
220262661,860401,SENSEX2691080400PE,"SENSEX",0,2026-09-10,80400,0.05,20,PE,BFO-OPT,BFO
220262917,860402,SENSEX2691082700PE,"SENSEX",0,2026-09-10,82700,0.05,20,PE,BFO-OPT,BFO
220263941,860406,SENSEX2691074000CE,"SENSEX",0,2026-09-10,74000,0.05,20,CE,BFO-OPT,BFO
220264197,860407,SENSEX2691076300CE,"SENSEX",0,2026-09-10,76300,0.05,20,CE,BFO-OPT,BFO
220264453,860408,SENSEX2691078600CE,"SENSEX",0,2026-09-10,78600,0.05,20,CE,BFO-OPT,BFO
220265733,860413,SENSEX2691072600CE,"SENSEX",0,2026-09-10,72600,0.05,20,CE,BFO-OPT,BFO
220265989,860414,SENSEX2691074900CE,"SENSEX",0,2026-09-10,74900,0.05,20,CE,BFO-OPT,BFO
220266757,860417,SENSEX2691080300CE,"SENSEX",0,2026-09-10,80300,0.05,20,CE,BFO-OPT,BFO
220267013,860418,SENSEX2691082600CE,"SENSEX",0,2026-09-10,82600,0.05,20,CE,BFO-OPT,BFO
220268293,860423,SENSEX2691078000PE,"SENSEX",0,2026-09-10,78000,0.05,20,PE,BFO-OPT,BFO
220269317,860427,SENSEX2691072000PE,"SENSEX",0,2026-09-10,72000,0.05,20,PE,BFO-OPT,BFO
220269573,860428,SENSEX2691074300PE,"SENSEX",0,2026-09-10,74300,0.05,20,PE,BFO-OPT,BFO
220270085,860430,SENSEX2691076600PE,"SENSEX",0,2026-09-10,76600,0.05,20,PE,BFO-OPT,BFO
220270341,860431,SENSEX2691078900PE,"SENSEX",0,2026-09-10,78900,0.05,20,PE,BFO-OPT,BFO
220270853,860433,SENSEX2691072900PE,"SENSEX",0,2026-09-10,72900,0.05,20,PE,BFO-OPT,BFO
220271109,860434,SENSEX2691079600CE,"SENSEX",0,2026-09-10,79600,0.05,20,CE,BFO-OPT,BFO
220271365,860435,SENSEX2691082000PE,"SENSEX",0,2026-09-10,82000,0.05,20,PE,BFO-OPT,BFO
220271877,860437,SENSEX2691075900CE,"SENSEX",0,2026-09-10,75900,0.05,20,CE,BFO-OPT,BFO
220272389,860439,SENSEX2691080600PE,"SENSEX",0,2026-09-10,80600,0.05,20,PE,BFO-OPT,BFO
220273157,860442,SENSEX2691082900PE,"SENSEX",0,2026-09-10,82900,0.05,20,PE,BFO-OPT,BFO
220274437,860447,SENSEX2691074200CE,"SENSEX",0,2026-09-10,74200,0.05,20,CE,BFO-OPT,BFO
220274693,860448,SENSEX2691076500CE,"SENSEX",0,2026-09-10,76500,0.05,20,CE,BFO-OPT,BFO
220274949,860449,SENSEX2691079900PE,"SENSEX",0,2026-09-10,79900,0.05,20,PE,BFO-OPT,BFO
220275717,860452,SENSEX2691072800CE,"SENSEX",0,2026-09-10,72800,0.05,20,CE,BFO-OPT,BFO
220276229,860454,SENSEX2691080500CE,"SENSEX",0,2026-09-10,80500,0.05,20,CE,BFO-OPT,BFO
220276485,860455,SENSEX2691082800CE,"SENSEX",0,2026-09-10,82800,0.05,20,CE,BFO-OPT,BFO
220277253,860458,SENSEX2691078200PE,"SENSEX",0,2026-09-10,78200,0.05,20,PE,BFO-OPT,BFO
220277765,860460,SENSEX2691072200PE,"SENSEX",0,2026-09-10,72200,0.05,20,PE,BFO-OPT,BFO
220278021,860461,SENSEX2691074500PE,"SENSEX",0,2026-09-10,74500,0.05,20,PE,BFO-OPT,BFO
220278277,860462,SENSEX2691076800PE,"SENSEX",0,2026-09-10,76800,0.05,20,PE,BFO-OPT,BFO
220278789,860464,SENSEX2691075200CE,"SENSEX",0,2026-09-10,75200,0.05,20,CE,BFO-OPT,BFO
220279045,860465,SENSEX2691077500CE,"SENSEX",0,2026-09-10,77500,0.05,20,CE,BFO-OPT,BFO
220279557,860467,SENSEX2691079800CE,"SENSEX",0,2026-09-10,79800,0.05,20,CE,BFO-OPT,BFO
220279813,860468,SENSEX2691082200PE,"SENSEX",0,2026-09-10,82200,0.05,20,PE,BFO-OPT,BFO
220280325,860470,SENSEX2691071500CE,"SENSEX",0,2026-09-10,71500,0.05,20,CE,BFO-OPT,BFO
220280581,860471,SENSEX2691073800CE,"SENSEX",0,2026-09-10,73800,0.05,20,CE,BFO-OPT,BFO
220280837,860472,SENSEX2691080800PE,"SENSEX",0,2026-09-10,80800,0.05,20,PE,BFO-OPT,BFO
220281605,860475,SENSEX2691078100CE,"SENSEX",0,2026-09-10,78100,0.05,20,CE,BFO-OPT,BFO
220282629,860479,SENSEX2691072100CE,"SENSEX",0,2026-09-10,72100,0.05,20,CE,BFO-OPT,BFO
220282885,860480,SENSEX2691074400CE,"SENSEX",0,2026-09-10,74400,0.05,20,CE,BFO-OPT,BFO
220283397,860482,SENSEX2691077800PE,"SENSEX",0,2026-09-10,77800,0.05,20,PE,BFO-OPT,BFO
220284165,860485,SENSEX2691082100CE,"SENSEX",0,2026-09-10,82100,0.05,20,CE,BFO-OPT,BFO
220284677,860487,SENSEX2691080700CE,"SENSEX",0,2026-09-10,80700,0.05,20,CE,BFO-OPT,BFO
220285957,860492,SENSEX2691076100PE,"SENSEX",0,2026-09-10,76100,0.05,20,PE,BFO-OPT,BFO
220286213,860493,SENSEX2691078400PE,"SENSEX",0,2026-09-10,78400,0.05,20,PE,BFO-OPT,BFO
220287237,860497,SENSEX2691072400PE,"SENSEX",0,2026-09-10,72400,0.05,20,PE,BFO-OPT,BFO
220287493,860498,SENSEX2691074700PE,"SENSEX",0,2026-09-10,74700,0.05,20,PE,BFO-OPT,BFO
220287749,860499,SENSEX2691079100CE,"SENSEX",0,2026-09-10,79100,0.05,20,CE,BFO-OPT,BFO
220288005,860500,SENSEX2691073100CE,"SENSEX",0,2026-09-10,73100,0.05,20,CE,BFO-OPT,BFO
220288261,860501,SENSEX2691075400CE,"SENSEX",0,2026-09-10,75400,0.05,20,CE,BFO-OPT,BFO
220288517,860502,SENSEX2691077700CE,"SENSEX",0,2026-09-10,77700,0.05,20,CE,BFO-OPT,BFO
220288773,860503,SENSEX2691080100PE,"SENSEX",0,2026-09-10,80100,0.05,20,PE,BFO-OPT,BFO
220289029,860504,SENSEX2691082400PE,"SENSEX",0,2026-09-10,82400,0.05,20,PE,BFO-OPT,BFO
220289541,860506,SENSEX2691071700CE,"SENSEX",0,2026-09-10,71700,0.05,20,CE,BFO-OPT,BFO
220290309,860509,SENSEX2691081700CE,"SENSEX",0,2026-09-10,81700,0.05,20,CE,BFO-OPT,BFO
220290821,860511,SENSEX2691079400PE,"SENSEX",0,2026-09-10,79400,0.05,20,PE,BFO-OPT,BFO
220291333,860513,SENSEX2691075700PE,"SENSEX",0,2026-09-10,75700,0.05,20,PE,BFO-OPT,BFO
220291589,860514,SENSEX2691080000CE,"SENSEX",0,2026-09-10,80000,0.05,20,CE,BFO-OPT,BFO
220291845,860515,SENSEX2691082300CE,"SENSEX",0,2026-09-10,82300,0.05,20,CE,BFO-OPT,BFO
220293125,860520,SENSEX2691074000PE,"SENSEX",0,2026-09-10,74000,0.05,20,PE,BFO-OPT,BFO
220293381,860521,SENSEX2691076300PE,"SENSEX",0,2026-09-10,76300,0.05,20,PE,BFO-OPT,BFO
220293893,860523,SENSEX2691072600PE,"SENSEX",0,2026-09-10,72600,0.05,20,PE,BFO-OPT,BFO
220294149,860524,SENSEX2691077000CE,"SENSEX",0,2026-09-10,77000,0.05,20,CE,BFO-OPT,BFO
220294405,860525,SENSEX2691079300CE,"SENSEX",0,2026-09-10,79300,0.05,20,CE,BFO-OPT,BFO
220295429,860529,SENSEX2691073300CE,"SENSEX",0,2026-09-10,73300,0.05,20,CE,BFO-OPT,BFO
220295685,860530,SENSEX2691075600CE,"SENSEX",0,2026-09-10,75600,0.05,20,CE,BFO-OPT,BFO
220295941,860531,SENSEX2691077900CE,"SENSEX",0,2026-09-10,77900,0.05,20,CE,BFO-OPT,BFO
220296197,860532,SENSEX2691080300PE,"SENSEX",0,2026-09-10,80300,0.05,20,PE,BFO-OPT,BFO
220296453,860533,SENSEX2691082600PE,"SENSEX",0,2026-09-10,82600,0.05,20,PE,BFO-OPT,BFO
220296965,860535,SENSEX2691071900CE,"SENSEX",0,2026-09-10,71900,0.05,20,CE,BFO-OPT,BFO
220297221,860536,SENSEX2691083300CE,"SENSEX",0,2026-09-10,83300,0.05,20,CE,BFO-OPT,BFO
220297989,860539,SENSEX2691081900CE,"SENSEX",0,2026-09-10,81900,0.05,20,CE,BFO-OPT,BFO
220298245,860540,SENSEX2691075000PE,"SENSEX",0,2026-09-10,75000,0.05,20,PE,BFO-OPT,BFO
220298501,860541,SENSEX2691077300PE,"SENSEX",0,2026-09-10,77300,0.05,20,PE,BFO-OPT,BFO
220298757,860542,SENSEX2691079600PE,"SENSEX",0,2026-09-10,79600,0.05,20,PE,BFO-OPT,BFO
220299525,860545,SENSEX2691071300PE,"SENSEX",0,2026-09-10,71300,0.05,20,PE,BFO-OPT,BFO
220299781,860546,SENSEX2691073600PE,"SENSEX",0,2026-09-10,73600,0.05,20,PE,BFO-OPT,BFO
220300037,860547,SENSEX2691075900PE,"SENSEX",0,2026-09-10,75900,0.05,20,PE,BFO-OPT,BFO
220300805,860550,SENSEX2691080200CE,"SENSEX",0,2026-09-10,80200,0.05,20,CE,BFO-OPT,BFO
220303109,860559,SENSEX2691077200CE,"SENSEX",0,2026-09-10,77200,0.05,20,CE,BFO-OPT,BFO
220303365,860560,SENSEX2691079500CE,"SENSEX",0,2026-09-10,79500,0.05,20,CE,BFO-OPT,BFO
220304133,860563,SENSEX2691071200CE,"SENSEX",0,2026-09-10,71200,0.05,20,CE,BFO-OPT,BFO
220304389,860564,SENSEX2691073500CE,"SENSEX",0,2026-09-10,73500,0.05,20,CE,BFO-OPT,BFO
220304645,860565,SENSEX2691075800CE,"SENSEX",0,2026-09-10,75800,0.05,20,CE,BFO-OPT,BFO
220305157,860567,SENSEX2691080500PE,"SENSEX",0,2026-09-10,80500,0.05,20,PE,BFO-OPT,BFO
220305669,860569,SENSEX2691082800PE,"SENSEX",0,2026-09-10,82800,0.05,20,PE,BFO-OPT,BFO
220306181,860571,SENSEX2691081200CE,"SENSEX",0,2026-09-10,81200,0.05,20,CE,BFO-OPT,BFO
220307461,860576,SENSEX2691075200PE,"SENSEX",0,2026-09-10,75200,0.05,20,PE,BFO-OPT,BFO
220307717,860577,SENSEX2691077500PE,"SENSEX",0,2026-09-10,77500,0.05,20,PE,BFO-OPT,BFO
220308229,860579,SENSEX2691079800PE,"SENSEX",0,2026-09-10,79800,0.05,20,PE,BFO-OPT,BFO
220308997,860582,SENSEX2691071500PE,"SENSEX",0,2026-09-10,71500,0.05,20,PE,BFO-OPT,BFO
220309253,860583,SENSEX2691073800PE,"SENSEX",0,2026-09-10,73800,0.05,20,PE,BFO-OPT,BFO
220309509,860584,SENSEX2691081500PE,"SENSEX",0,2026-09-10,81500,0.05,20,PE,BFO-OPT,BFO
220310789,860589,SENSEX2691075100CE,"SENSEX",0,2026-09-10,75100,0.05,20,CE,BFO-OPT,BFO
220311045,860590,SENSEX2691077400CE,"SENSEX",0,2026-09-10,77400,0.05,20,CE,BFO-OPT,BFO
220311301,860591,SENSEX2691079700CE,"SENSEX",0,2026-09-10,79700,0.05,20,CE,BFO-OPT,BFO
220311813,860593,SENSEX2691082100PE,"SENSEX",0,2026-09-10,82100,0.05,20,PE,BFO-OPT,BFO
220312581,860596,SENSEX2691071400CE,"SENSEX",0,2026-09-10,71400,0.05,20,CE,BFO-OPT,BFO
220312837,860597,SENSEX2691073700CE,"SENSEX",0,2026-09-10,73700,0.05,20,CE,BFO-OPT,BFO
220314629,860604,SENSEX2691081400CE,"SENSEX",0,2026-09-10,81400,0.05,20,CE,BFO-OPT,BFO
220315397,860607,SENSEX2691079100PE,"SENSEX",0,2026-09-10,79100,0.05,20,PE,BFO-OPT,BFO
220316165,860610,SENSEX2691073100PE,"SENSEX",0,2026-09-10,73100,0.05,20,PE,BFO-OPT,BFO
220316421,860611,SENSEX2691075400PE,"SENSEX",0,2026-09-10,75400,0.05,20,PE,BFO-OPT,BFO
220316933,860613,SENSEX2691077700PE,"SENSEX",0,2026-09-10,77700,0.05,20,PE,BFO-OPT,BFO
220317701,860616,SENSEX2691071700PE,"SENSEX",0,2026-09-10,71700,0.05,20,PE,BFO-OPT,BFO
220318981,860621,SENSEX2691083100PE,"SENSEX",0,2026-09-10,83100,0.05,20,PE,BFO-OPT,BFO
220319237,860622,SENSEX2691081700PE,"SENSEX",0,2026-09-10,81700,0.05,20,PE,BFO-OPT,BFO
220320517,860627,SENSEX2691079000CE,"SENSEX",0,2026-09-10,79000,0.05,20,CE,BFO-OPT,BFO
220321029,860629,SENSEX2691073000CE,"SENSEX",0,2026-09-10,73000,0.05,20,CE,BFO-OPT,BFO
220321285,860630,SENSEX2691075300CE,"SENSEX",0,2026-09-10,75300,0.05,20,CE,BFO-OPT,BFO
220321541,860631,SENSEX2691077600CE,"SENSEX",0,2026-09-10,77600,0.05,20,CE,BFO-OPT,BFO
220321797,860632,SENSEX2691079900CE,"SENSEX",0,2026-09-10,79900,0.05,20,CE,BFO-OPT,BFO
220322053,860633,SENSEX2691080000PE,"SENSEX",0,2026-09-10,80000,0.05,20,PE,BFO-OPT,BFO
220322565,860635,SENSEX2691071600CE,"SENSEX",0,2026-09-10,71600,0.05,20,CE,BFO-OPT,BFO
220322821,860636,SENSEX2691073900CE,"SENSEX",0,2026-09-10,73900,0.05,20,CE,BFO-OPT,BFO
220323333,860638,SENSEX2691083000CE,"SENSEX",0,2026-09-10,83000,0.05,20,CE,BFO-OPT,BFO
220323589,860639,SENSEX2691081600CE,"SENSEX",0,2026-09-10,81600,0.05,20,CE,BFO-OPT,BFO
220324357,860642,SENSEX2691077000PE,"SENSEX",0,2026-09-10,77000,0.05,20,PE,BFO-OPT,BFO
220324613,860643,SENSEX2691079300PE,"SENSEX",0,2026-09-10,79300,0.05,20,PE,BFO-OPT,BFO
220325381,860646,SENSEX2691073300PE,"SENSEX",0,2026-09-10,73300,0.05,20,PE,BFO-OPT,BFO
220325637,860647,SENSEX2691075600PE,"SENSEX",0,2026-09-10,75600,0.05,20,PE,BFO-OPT,BFO
220325893,860648,SENSEX2691077900PE,"SENSEX",0,2026-09-10,77900,0.05,20,PE,BFO-OPT,BFO
220326405,860650,SENSEX2691071900PE,"SENSEX",0,2026-09-10,71900,0.05,20,PE,BFO-OPT,BFO
220326661,860651,SENSEX2691081000PE,"SENSEX",0,2026-09-10,81000,0.05,20,PE,BFO-OPT,BFO
220326917,860652,SENSEX2691083300PE,"SENSEX",0,2026-09-10,83300,0.05,20,PE,BFO-OPT,BFO
220327173,860653,SENSEX2691081900PE,"SENSEX",0,2026-09-10,81900,0.05,20,PE,BFO-OPT,BFO
220328197,860657,SENSEX2691079200CE,"SENSEX",0,2026-09-10,79200,0.05,20,CE,BFO-OPT,BFO
220328453,860658,SENSEX2691073200CE,"SENSEX",0,2026-09-10,73200,0.05,20,CE,BFO-OPT,BFO
220328709,860659,SENSEX2691075500CE,"SENSEX",0,2026-09-10,75500,0.05,20,CE,BFO-OPT,BFO
220328965,860660,SENSEX2691077800CE,"SENSEX",0,2026-09-10,77800,0.05,20,CE,BFO-OPT,BFO
220329221,860661,SENSEX2691071800CE,"SENSEX",0,2026-09-10,71800,0.05,20,CE,BFO-OPT,BFO
220329477,860662,SENSEX2691083200CE,"SENSEX",0,2026-09-10,83200,0.05,20,CE,BFO-OPT,BFO
220330245,860665,SENSEX2691081800CE,"SENSEX",0,2026-09-10,81800,0.05,20,CE,BFO-OPT,BFO
220330757,860667,SENSEX2691077200PE,"SENSEX",0,2026-09-10,77200,0.05,20,PE,BFO-OPT,BFO
220331013,860668,SENSEX2691079500PE,"SENSEX",0,2026-09-10,79500,0.05,20,PE,BFO-OPT,BFO
220332037,860672,SENSEX2691071200PE,"SENSEX",0,2026-09-10,71200,0.05,20,PE,BFO-OPT,BFO
220332293,860673,SENSEX2691073500PE,"SENSEX",0,2026-09-10,73500,0.05,20,PE,BFO-OPT,BFO
220332549,860674,SENSEX2691075800PE,"SENSEX",0,2026-09-10,75800,0.05,20,PE,BFO-OPT,BFO
220333061,860676,SENSEX2691078800CE,"SENSEX",0,2026-09-10,78800,0.05,20,CE,BFO-OPT,BFO
220333317,860677,SENSEX2691081200PE,"SENSEX",0,2026-09-10,81200,0.05,20,PE,BFO-OPT,BFO
220334085,860680,SENSEX2691077100CE,"SENSEX",0,2026-09-10,77100,0.05,20,CE,BFO-OPT,BFO
220334341,860681,SENSEX2691079400CE,"SENSEX",0,2026-09-10,79400,0.05,20,CE,BFO-OPT,BFO
220334597,860682,SENSEX2691071100CE,"SENSEX",0,2026-09-10,71100,0.05,20,CE,BFO-OPT,BFO
220334853,860683,SENSEX2691073400CE,"SENSEX",0,2026-09-10,73400,0.05,20,CE,BFO-OPT,BFO
220335109,860684,SENSEX2691075700CE,"SENSEX",0,2026-09-10,75700,0.05,20,CE,BFO-OPT,BFO
220335877,860687,SENSEX2691081100CE,"SENSEX",0,2026-09-10,81100,0.05,20,CE,BFO-OPT,BFO
220336133,860688,SENSEX2691083400CE,"SENSEX",0,2026-09-10,83400,0.05,20,CE,BFO-OPT,BFO
220336901,860691,SENSEX2691075100PE,"SENSEX",0,2026-09-10,75100,0.05,20,PE,BFO-OPT,BFO
220337157,860692,SENSEX2691077400PE,"SENSEX",0,2026-09-10,77400,0.05,20,PE,BFO-OPT,BFO
220337925,860695,SENSEX2691079700PE,"SENSEX",0,2026-09-10,79700,0.05,20,PE,BFO-OPT,BFO
220338949,860699,SENSEX2691071400PE,"SENSEX",0,2026-09-10,71400,0.05,20,PE,BFO-OPT,BFO
220339205,860700,SENSEX2691073700PE,"SENSEX",0,2026-09-10,73700,0.05,20,PE,BFO-OPT,BFO
220339461,860701,SENSEX2691076700CE,"SENSEX",0,2026-09-10,76700,0.05,20,CE,BFO-OPT,BFO
220339717,860702,SENSEX2691081400PE,"SENSEX",0,2026-09-10,81400,0.05,20,PE,BFO-OPT,BFO
220341765,860710,SENSEX2691075000CE,"SENSEX",0,2026-09-10,75000,0.05,20,CE,BFO-OPT,BFO
220342277,860712,SENSEX2691077300CE,"SENSEX",0,2026-09-10,77300,0.05,20,CE,BFO-OPT,BFO
220343557,860717,SENSEX2691071300CE,"SENSEX",0,2026-09-10,71300,0.05,20,CE,BFO-OPT,BFO
220343813,860718,SENSEX2691073600CE,"SENSEX",0,2026-09-10,73600,0.05,20,CE,BFO-OPT,BFO
220344581,860721,SENSEX2691081300CE,"SENSEX",0,2026-09-10,81300,0.05,20,CE,BFO-OPT,BFO
220345093,860723,SENSEX2691079000PE,"SENSEX",0,2026-09-10,79000,0.05,20,PE,BFO-OPT,BFO
220345349,860724,SENSEX2691073000PE,"SENSEX",0,2026-09-10,73000,0.05,20,PE,BFO-OPT,BFO
220345605,860725,SENSEX2691075300PE,"SENSEX",0,2026-09-10,75300,0.05,20,PE,BFO-OPT,BFO
220345861,860726,SENSEX2691077600PE,"SENSEX",0,2026-09-10,77600,0.05,20,PE,BFO-OPT,BFO
220346373,860728,SENSEX2691071600PE,"SENSEX",0,2026-09-10,71600,0.05,20,PE,BFO-OPT,BFO
220346629,860729,SENSEX2691073900PE,"SENSEX",0,2026-09-10,73900,0.05,20,PE,BFO-OPT,BFO
220346885,860730,SENSEX2691076000CE,"SENSEX",0,2026-09-10,76000,0.05,20,CE,BFO-OPT,BFO
220347141,860731,SENSEX2691078300CE,"SENSEX",0,2026-09-10,78300,0.05,20,CE,BFO-OPT,BFO
220347653,860733,SENSEX2691083000PE,"SENSEX",0,2026-09-10,83000,0.05,20,PE,BFO-OPT,BFO
220347909,860734,SENSEX2691072300CE,"SENSEX",0,2026-09-10,72300,0.05,20,CE,BFO-OPT,BFO
220348165,860735,SENSEX2691074600CE,"SENSEX",0,2026-09-10,74600,0.05,20,CE,BFO-OPT,BFO
220348421,860736,SENSEX2691076900CE,"SENSEX",0,2026-09-10,76900,0.05,20,CE,BFO-OPT,BFO
220348677,860737,SENSEX2691081600PE,"SENSEX",0,2026-09-10,81600,0.05,20,PE,BFO-OPT,BFO
220349701,860741,SENSEX2691080900CE,"SENSEX",0,2026-09-10,80900,0.05,20,CE,BFO-OPT,BFO
220350725,860745,SENSEX2691078600PE,"SENSEX",0,2026-09-10,78600,0.05,20,PE,BFO-OPT,BFO
220350981,860746,SENSEX2691074900PE,"SENSEX",0,2026-09-10,74900,0.05,20,PE,BFO-OPT,BFO
220351749,860749,SENSEX2691081500CE,"SENSEX",0,2026-09-10,81500,0.05,20,CE,BFO-OPT,BFO
220352261,860751,SENSEX2691079200PE,"SENSEX",0,2026-09-10,79200,0.05,20,PE,BFO-OPT,BFO
220352517,860752,SENSEX2691073200PE,"SENSEX",0,2026-09-10,73200,0.05,20,PE,BFO-OPT,BFO
220353029,860754,SENSEX2691075500PE,"SENSEX",0,2026-09-10,75500,0.05,20,PE,BFO-OPT,BFO
220409349,860974,SENSEX2691083600PE,"SENSEX",0,2026-09-10,83600,0.05,20,PE,BFO-OPT,BFO
220410885,860980,SENSEX2691083500CE,"SENSEX",0,2026-09-10,83500,0.05,20,CE,BFO-OPT,BFO
220411653,860983,SENSEX2691083800PE,"SENSEX",0,2026-09-10,83800,0.05,20,PE,BFO-OPT,BFO
220413445,860990,SENSEX2691083700CE,"SENSEX",0,2026-09-10,83700,0.05,20,CE,BFO-OPT,BFO
220423429,861029,SENSEX2691083500PE,"SENSEX",0,2026-09-10,83500,0.05,20,PE,BFO-OPT,BFO
220424965,861035,SENSEX2691083700PE,"SENSEX",0,2026-09-10,83700,0.05,20,PE,BFO-OPT,BFO
220426501,861041,SENSEX2691083600CE,"SENSEX",0,2026-09-10,83600,0.05,20,CE,BFO-OPT,BFO
220430085,861055,SENSEX2691083800CE,"SENSEX",0,2026-09-10,83800,0.05,20,CE,BFO-OPT,BFO
220620293,861798,SENSEX2691084000CE,"SENSEX",0,2026-09-10,84000,0.05,20,CE,BFO-OPT,BFO
220641285,861880,SENSEX2691084000PE,"SENSEX",0,2026-09-10,84000,0.05,20,PE,BFO-OPT,BFO
220657157,861942,SENSEX2691083900CE,"SENSEX",0,2026-09-10,83900,0.05,20,CE,BFO-OPT,BFO
220676613,862018,SENSEX2691083900PE,"SENSEX",0,2026-09-10,83900,0.05,20,PE,BFO-OPT,BFO
220685317,862052,SENSEX2691784000CE,"SENSEX",0,2026-09-17,84000,0.05,20,CE,BFO-OPT,BFO
220700165,862110,SENSEX2691780300CE,"SENSEX",0,2026-09-17,80300,0.05,20,CE,BFO-OPT,BFO
220700677,862112,SENSEX2691782600CE,"SENSEX",0,2026-09-17,82600,0.05,20,CE,BFO-OPT,BFO
220718597,862182,SENSEX2691778000PE,"SENSEX",0,2026-09-17,78000,0.05,20,PE,BFO-OPT,BFO
220731397,862232,SENSEX2691772000PE,"SENSEX",0,2026-09-17,72000,0.05,20,PE,BFO-OPT,BFO
220732677,862237,SENSEX2691774300PE,"SENSEX",0,2026-09-17,74300,0.05,20,PE,BFO-OPT,BFO
220732933,862238,SENSEX2691776600PE,"SENSEX",0,2026-09-17,76600,0.05,20,PE,BFO-OPT,BFO
220743685,862280,SENSEX2691772900PE,"SENSEX",0,2026-09-17,72900,0.05,20,PE,BFO-OPT,BFO
220744965,862285,SENSEX2691777300CE,"SENSEX",0,2026-09-17,77300,0.05,20,CE,BFO-OPT,BFO
220746245,862290,SENSEX2691779600CE,"SENSEX",0,2026-09-17,79600,0.05,20,CE,BFO-OPT,BFO
220748037,862297,SENSEX2691782000PE,"SENSEX",0,2026-09-17,82000,0.05,20,PE,BFO-OPT,BFO
220756997,862332,SENSEX2691773600CE,"SENSEX",0,2026-09-17,73600,0.05,20,CE,BFO-OPT,BFO
220757765,862335,SENSEX2691775900CE,"SENSEX",0,2026-09-17,75900,0.05,20,CE,BFO-OPT,BFO
220761861,862351,SENSEX2691780600PE,"SENSEX",0,2026-09-17,80600,0.05,20,PE,BFO-OPT,BFO
220763909,862359,SENSEX2691782900PE,"SENSEX",0,2026-09-17,82900,0.05,20,PE,BFO-OPT,BFO
220799493,862498,SENSEX2691774200CE,"SENSEX",0,2026-09-17,74200,0.05,20,CE,BFO-OPT,BFO
220805637,862522,SENSEX2691777600PE,"SENSEX",0,2026-09-17,77600,0.05,20,PE,BFO-OPT,BFO
220806405,862525,SENSEX2691779900PE,"SENSEX",0,2026-09-17,79900,0.05,20,PE,BFO-OPT,BFO
220818949,862574,SENSEX2691773900PE,"SENSEX",0,2026-09-17,73900,0.05,20,PE,BFO-OPT,BFO
220833541,862631,SENSEX2691780500CE,"SENSEX",0,2026-09-17,80500,0.05,20,CE,BFO-OPT,BFO
220834565,862635,SENSEX2691782800CE,"SENSEX",0,2026-09-17,82800,0.05,20,CE,BFO-OPT,BFO
220848901,862691,SENSEX2691778200PE,"SENSEX",0,2026-09-17,78200,0.05,20,PE,BFO-OPT,BFO
220861701,862741,SENSEX2691772200PE,"SENSEX",0,2026-09-17,72200,0.05,20,PE,BFO-OPT,BFO
220861957,862742,SENSEX2691774500PE,"SENSEX",0,2026-09-17,74500,0.05,20,PE,BFO-OPT,BFO
220874245,862790,SENSEX2691775200CE,"SENSEX",0,2026-09-17,75200,0.05,20,CE,BFO-OPT,BFO
220875013,862793,SENSEX2691777500CE,"SENSEX",0,2026-09-17,77500,0.05,20,CE,BFO-OPT,BFO
220877061,862801,SENSEX2691779800CE,"SENSEX",0,2026-09-17,79800,0.05,20,CE,BFO-OPT,BFO
220879365,862810,SENSEX2691782200PE,"SENSEX",0,2026-09-17,82200,0.05,20,PE,BFO-OPT,BFO
220887813,862843,SENSEX2691773800CE,"SENSEX",0,2026-09-17,73800,0.05,20,CE,BFO-OPT,BFO
220892933,862863,SENSEX2691780800PE,"SENSEX",0,2026-09-17,80800,0.05,20,PE,BFO-OPT,BFO
220913157,862942,SENSEX2691783800CE,"SENSEX",0,2026-09-17,83800,0.05,20,CE,BFO-OPT,BFO
220932357,863017,SENSEX2691779200PE,"SENSEX",0,2026-09-17,79200,0.05,20,PE,BFO-OPT,BFO
220937989,863039,SENSEX2691772100CE,"SENSEX",0,2026-09-17,72100,0.05,20,CE,BFO-OPT,BFO
220943621,863061,SENSEX2691775500PE,"SENSEX",0,2026-09-17,75500,0.05,20,PE,BFO-OPT,BFO
220945413,863068,SENSEX2691777800PE,"SENSEX",0,2026-09-17,77800,0.05,20,PE,BFO-OPT,BFO
220955141,863106,SENSEX2691782100CE,"SENSEX",0,2026-09-17,82100,0.05,20,CE,BFO-OPT,BFO
220970245,863165,SENSEX2691780700CE,"SENSEX",0,2026-09-17,80700,0.05,20,CE,BFO-OPT,BFO
220987141,863231,SENSEX2691776100PE,"SENSEX",0,2026-09-17,76100,0.05,20,PE,BFO-OPT,BFO
220997637,863272,SENSEX2691772400PE,"SENSEX",0,2026-09-17,72400,0.05,20,PE,BFO-OPT,BFO
220999173,863278,SENSEX2691779100CE,"SENSEX",0,2026-09-17,79100,0.05,20,CE,BFO-OPT,BFO
221008645,863315,SENSEX2691773100CE,"SENSEX",0,2026-09-17,73100,0.05,20,CE,BFO-OPT,BFO
221009669,863319,SENSEX2691775400CE,"SENSEX",0,2026-09-17,75400,0.05,20,CE,BFO-OPT,BFO
221010693,863323,SENSEX2691777700CE,"SENSEX",0,2026-09-17,77700,0.05,20,CE,BFO-OPT,BFO
221012997,863332,SENSEX2691780100PE,"SENSEX",0,2026-09-17,80100,0.05,20,PE,BFO-OPT,BFO
221014533,863338,SENSEX2691782400PE,"SENSEX",0,2026-09-17,82400,0.05,20,PE,BFO-OPT,BFO
221027845,863390,SENSEX2691783100CE,"SENSEX",0,2026-09-17,83100,0.05,20,CE,BFO-OPT,BFO
221042693,863448,SENSEX2691781700CE,"SENSEX",0,2026-09-17,81700,0.05,20,CE,BFO-OPT,BFO
221055237,863497,SENSEX2691777100PE,"SENSEX",0,2026-09-17,77100,0.05,20,PE,BFO-OPT,BFO
221056773,863503,SENSEX2691779400PE,"SENSEX",0,2026-09-17,79400,0.05,20,PE,BFO-OPT,BFO
221070085,863555,SENSEX2691773400PE,"SENSEX",0,2026-09-17,73400,0.05,20,PE,BFO-OPT,BFO
221070853,863558,SENSEX2691775700PE,"SENSEX",0,2026-09-17,75700,0.05,20,PE,BFO-OPT,BFO
221082117,863602,SENSEX2691780000CE,"SENSEX",0,2026-09-17,80000,0.05,20,CE,BFO-OPT,BFO
221115141,863731,SENSEX2691774000PE,"SENSEX",0,2026-09-17,74000,0.05,20,PE,BFO-OPT,BFO
221126917,863777,SENSEX2691777000CE,"SENSEX",0,2026-09-17,77000,0.05,20,CE,BFO-OPT,BFO
221127685,863780,SENSEX2691779300CE,"SENSEX",0,2026-09-17,79300,0.05,20,CE,BFO-OPT,BFO
221130245,863790,SENSEX2691784000PE,"SENSEX",0,2026-09-17,84000,0.05,20,PE,BFO-OPT,BFO
221138437,863822,SENSEX2691773300CE,"SENSEX",0,2026-09-17,73300,0.05,20,CE,BFO-OPT,BFO
221139205,863825,SENSEX2691775600CE,"SENSEX",0,2026-09-17,75600,0.05,20,CE,BFO-OPT,BFO
221141253,863833,SENSEX2691777900CE,"SENSEX",0,2026-09-17,77900,0.05,20,CE,BFO-OPT,BFO
221143301,863841,SENSEX2691780300PE,"SENSEX",0,2026-09-17,80300,0.05,20,PE,BFO-OPT,BFO
221144325,863845,SENSEX2691782600PE,"SENSEX",0,2026-09-17,82600,0.05,20,PE,BFO-OPT,BFO
221151749,863874,SENSEX2691771900CE,"SENSEX",0,2026-09-17,71900,0.05,20,CE,BFO-OPT,BFO
221155077,863887,SENSEX2691781000CE,"SENSEX",0,2026-09-17,81000,0.05,20,CE,BFO-OPT,BFO
221156613,863893,SENSEX2691783300CE,"SENSEX",0,2026-09-17,83300,0.05,20,CE,BFO-OPT,BFO
221170693,863948,SENSEX2691781900CE,"SENSEX",0,2026-09-17,81900,0.05,20,CE,BFO-OPT,BFO
221181445,863990,SENSEX2691775000PE,"SENSEX",0,2026-09-17,75000,0.05,20,PE,BFO-OPT,BFO
221182213,863993,SENSEX2691777300PE,"SENSEX",0,2026-09-17,77300,0.05,20,PE,BFO-OPT,BFO
221183237,863997,SENSEX2691779600PE,"SENSEX",0,2026-09-17,79600,0.05,20,PE,BFO-OPT,BFO
221190917,864027,SENSEX2691773600PE,"SENSEX",0,2026-09-17,73600,0.05,20,PE,BFO-OPT,BFO
221192197,864032,SENSEX2691775900PE,"SENSEX",0,2026-09-17,75900,0.05,20,PE,BFO-OPT,BFO
221208837,864097,SENSEX2691781300PE,"SENSEX",0,2026-09-17,81300,0.05,20,PE,BFO-OPT,BFO
221210629,864104,SENSEX2691783600PE,"SENSEX",0,2026-09-17,83600,0.05,20,PE,BFO-OPT,BFO
221246469,864244,SENSEX2691777200CE,"SENSEX",0,2026-09-17,77200,0.05,20,CE,BFO-OPT,BFO
221247493,864248,SENSEX2691779500CE,"SENSEX",0,2026-09-17,79500,0.05,20,CE,BFO-OPT,BFO
221256453,864283,SENSEX2691773500CE,"SENSEX",0,2026-09-17,73500,0.05,20,CE,BFO-OPT,BFO
221257477,864287,SENSEX2691775800CE,"SENSEX",0,2026-09-17,75800,0.05,20,CE,BFO-OPT,BFO
221260549,864299,SENSEX2691780500PE,"SENSEX",0,2026-09-17,80500,0.05,20,PE,BFO-OPT,BFO
221274373,864353,SENSEX2691781200CE,"SENSEX",0,2026-09-17,81200,0.05,20,CE,BFO-OPT,BFO
221276421,864361,SENSEX2691783500CE,"SENSEX",0,2026-09-17,83500,0.05,20,CE,BFO-OPT,BFO
221301509,864459,SENSEX2691775200PE,"SENSEX",0,2026-09-17,75200,0.05,20,PE,BFO-OPT,BFO
221302789,864464,SENSEX2691777500PE,"SENSEX",0,2026-09-17,77500,0.05,20,PE,BFO-OPT,BFO
221303301,864466,SENSEX2691779800PE,"SENSEX",0,2026-09-17,79800,0.05,20,PE,BFO-OPT,BFO
221314309,864509,SENSEX2691773800PE,"SENSEX",0,2026-09-17,73800,0.05,20,PE,BFO-OPT,BFO
221334021,864586,SENSEX2691781500PE,"SENSEX",0,2026-09-17,81500,0.05,20,PE,BFO-OPT,BFO
221335557,864592,SENSEX2691783800PE,"SENSEX",0,2026-09-17,83800,0.05,20,PE,BFO-OPT,BFO
221379845,864765,SENSEX2691775100CE,"SENSEX",0,2026-09-17,75100,0.05,20,CE,BFO-OPT,BFO
221380357,864767,SENSEX2691777400CE,"SENSEX",0,2026-09-17,77400,0.05,20,CE,BFO-OPT,BFO
221381893,864773,SENSEX2691779700CE,"SENSEX",0,2026-09-17,79700,0.05,20,CE,BFO-OPT,BFO
221393669,864819,SENSEX2691773700CE,"SENSEX",0,2026-09-17,73700,0.05,20,CE,BFO-OPT,BFO
221413125,864895,SENSEX2691781400CE,"SENSEX",0,2026-09-17,81400,0.05,20,CE,BFO-OPT,BFO
221414661,864901,SENSEX2691783700CE,"SENSEX",0,2026-09-17,83700,0.05,20,CE,BFO-OPT,BFO
221429253,864958,SENSEX2691779100PE,"SENSEX",0,2026-09-17,79100,0.05,20,PE,BFO-OPT,BFO
221441285,865005,SENSEX2691773100PE,"SENSEX",0,2026-09-17,73100,0.05,20,PE,BFO-OPT,BFO
221442309,865009,SENSEX2691775400PE,"SENSEX",0,2026-09-17,75400,0.05,20,PE,BFO-OPT,BFO
221443845,865015,SENSEX2691777700PE,"SENSEX",0,2026-09-17,77700,0.05,20,PE,BFO-OPT,BFO
221461253,865083,SENSEX2691783100PE,"SENSEX",0,2026-09-17,83100,0.05,20,PE,BFO-OPT,BFO
221474053,865133,SENSEX2691781700PE,"SENSEX",0,2026-09-17,81700,0.05,20,PE,BFO-OPT,BFO
221501957,865242,SENSEX2691779000CE,"SENSEX",0,2026-09-17,79000,0.05,20,CE,BFO-OPT,BFO
221512453,865283,SENSEX2691773000CE,"SENSEX",0,2026-09-17,73000,0.05,20,CE,BFO-OPT,BFO
221513989,865289,SENSEX2691775300CE,"SENSEX",0,2026-09-17,75300,0.05,20,CE,BFO-OPT,BFO
221516037,865297,SENSEX2691777600CE,"SENSEX",0,2026-09-17,77600,0.05,20,CE,BFO-OPT,BFO
221518341,865306,SENSEX2691779900CE,"SENSEX",0,2026-09-17,79900,0.05,20,CE,BFO-OPT,BFO
221530629,865354,SENSEX2691773900CE,"SENSEX",0,2026-09-17,73900,0.05,20,CE,BFO-OPT,BFO
221534213,865368,SENSEX2691783000CE,"SENSEX",0,2026-09-17,83000,0.05,20,CE,BFO-OPT,BFO
221550853,865433,SENSEX2691781600CE,"SENSEX",0,2026-09-17,81600,0.05,20,CE,BFO-OPT,BFO
221551621,865436,SENSEX2691783900CE,"SENSEX",0,2026-09-17,83900,0.05,20,CE,BFO-OPT,BFO
221567493,865498,SENSEX2691777000PE,"SENSEX",0,2026-09-17,77000,0.05,20,PE,BFO-OPT,BFO
221568773,865503,SENSEX2691779300PE,"SENSEX",0,2026-09-17,79300,0.05,20,PE,BFO-OPT,BFO
221578757,865542,SENSEX2691773300PE,"SENSEX",0,2026-09-17,73300,0.05,20,PE,BFO-OPT,BFO
221579525,865545,SENSEX2691775600PE,"SENSEX",0,2026-09-17,75600,0.05,20,PE,BFO-OPT,BFO
221581317,865552,SENSEX2691777900PE,"SENSEX",0,2026-09-17,77900,0.05,20,PE,BFO-OPT,BFO
221589765,865585,SENSEX2691771900PE,"SENSEX",0,2026-09-17,71900,0.05,20,PE,BFO-OPT,BFO
221592837,865597,SENSEX2691778600CE,"SENSEX",0,2026-09-17,78600,0.05,20,CE,BFO-OPT,BFO
221595397,865607,SENSEX2691781000PE,"SENSEX",0,2026-09-17,81000,0.05,20,PE,BFO-OPT,BFO
221596677,865612,SENSEX2691783300PE,"SENSEX",0,2026-09-17,83300,0.05,20,PE,BFO-OPT,BFO
221606149,865649,SENSEX2691774900CE,"SENSEX",0,2026-09-17,74900,0.05,20,CE,BFO-OPT,BFO
221610245,865665,SENSEX2691781900PE,"SENSEX",0,2026-09-17,81900,0.05,20,PE,BFO-OPT,BFO
221632261,865751,SENSEX2691779200CE,"SENSEX",0,2026-09-17,79200,0.05,20,CE,BFO-OPT,BFO
221643269,865794,SENSEX2691773200CE,"SENSEX",0,2026-09-17,73200,0.05,20,CE,BFO-OPT,BFO
221644037,865797,SENSEX2691775500CE,"SENSEX",0,2026-09-17,75500,0.05,20,CE,BFO-OPT,BFO
221649413,865818,SENSEX2691778900PE,"SENSEX",0,2026-09-17,78900,0.05,20,PE,BFO-OPT,BFO
221659141,865856,SENSEX2691783200CE,"SENSEX",0,2026-09-17,83200,0.05,20,CE,BFO-OPT,BFO
221674501,865916,SENSEX2691781800CE,"SENSEX",0,2026-09-17,81800,0.05,20,CE,BFO-OPT,BFO
221691909,865984,SENSEX2691777200PE,"SENSEX",0,2026-09-17,77200,0.05,20,PE,BFO-OPT,BFO
221692677,865987,SENSEX2691779500PE,"SENSEX",0,2026-09-17,79500,0.05,20,PE,BFO-OPT,BFO
221703429,866029,SENSEX2691773500PE,"SENSEX",0,2026-09-17,73500,0.05,20,PE,BFO-OPT,BFO
221704453,866033,SENSEX2691775800PE,"SENSEX",0,2026-09-17,75800,0.05,20,PE,BFO-OPT,BFO
221715973,866078,SENSEX2691776500CE,"SENSEX",0,2026-09-17,76500,0.05,20,CE,BFO-OPT,BFO
221716485,866080,SENSEX2691778800CE,"SENSEX",0,2026-09-17,78800,0.05,20,CE,BFO-OPT,BFO
221718789,866089,SENSEX2691781200PE,"SENSEX",0,2026-09-17,81200,0.05,20,PE,BFO-OPT,BFO
221720325,866095,SENSEX2691783500PE,"SENSEX",0,2026-09-17,83500,0.05,20,PE,BFO-OPT,BFO
221727749,866124,SENSEX2691772800CE,"SENSEX",0,2026-09-17,72800,0.05,20,CE,BFO-OPT,BFO
221757957,866242,SENSEX2691777100CE,"SENSEX",0,2026-09-17,77100,0.05,20,CE,BFO-OPT,BFO
221771269,866294,SENSEX2691773400CE,"SENSEX",0,2026-09-17,73400,0.05,20,CE,BFO-OPT,BFO
221775621,866311,SENSEX2691776800PE,"SENSEX",0,2026-09-17,76800,0.05,20,PE,BFO-OPT,BFO
221787397,866357,SENSEX2691781100CE,"SENSEX",0,2026-09-17,81100,0.05,20,CE,BFO-OPT,BFO
221789445,866365,SENSEX2691783400CE,"SENSEX",0,2026-09-17,83400,0.05,20,CE,BFO-OPT,BFO
221817861,866476,SENSEX2691775100PE,"SENSEX",0,2026-09-17,75100,0.05,20,PE,BFO-OPT,BFO
221819397,866482,SENSEX2691777400PE,"SENSEX",0,2026-09-17,77400,0.05,20,PE,BFO-OPT,BFO
221829637,866522,SENSEX2691773700PE,"SENSEX",0,2026-09-17,73700,0.05,20,PE,BFO-OPT,BFO
221830661,866526,SENSEX2691778100CE,"SENSEX",0,2026-09-17,78100,0.05,20,CE,BFO-OPT,BFO
221844485,866580,SENSEX2691774400CE,"SENSEX",0,2026-09-17,74400,0.05,20,CE,BFO-OPT,BFO
221846277,866587,SENSEX2691776700CE,"SENSEX",0,2026-09-17,76700,0.05,20,CE,BFO-OPT,BFO
221850373,866603,SENSEX2691781400PE,"SENSEX",0,2026-09-17,81400,0.05,20,PE,BFO-OPT,BFO
221852677,866612,SENSEX2691783700PE,"SENSEX",0,2026-09-17,83700,0.05,20,PE,BFO-OPT,BFO
221897477,866787,SENSEX2691775000CE,"SENSEX",0,2026-09-17,75000,0.05,20,CE,BFO-OPT,BFO
221905157,866817,SENSEX2691778400PE,"SENSEX",0,2026-09-17,78400,0.05,20,PE,BFO-OPT,BFO
221918469,866869,SENSEX2691774700PE,"SENSEX",0,2026-09-17,74700,0.05,20,PE,BFO-OPT,BFO
221934085,866930,SENSEX2691781300CE,"SENSEX",0,2026-09-17,81300,0.05,20,CE,BFO-OPT,BFO
221935621,866936,SENSEX2691783600CE,"SENSEX",0,2026-09-17,83600,0.05,20,CE,BFO-OPT,BFO
221954053,867008,SENSEX2691779000PE,"SENSEX",0,2026-09-17,79000,0.05,20,PE,BFO-OPT,BFO
221966853,867058,SENSEX2691773000PE,"SENSEX",0,2026-09-17,73000,0.05,20,PE,BFO-OPT,BFO
221968133,867063,SENSEX2691775300PE,"SENSEX",0,2026-09-17,75300,0.05,20,PE,BFO-OPT,BFO
221980933,867113,SENSEX2691776000CE,"SENSEX",0,2026-09-17,76000,0.05,20,CE,BFO-OPT,BFO
221982213,867118,SENSEX2691778300CE,"SENSEX",0,2026-09-17,78300,0.05,20,CE,BFO-OPT,BFO
221986565,867135,SENSEX2691783000PE,"SENSEX",0,2026-09-17,83000,0.05,20,PE,BFO-OPT,BFO
221996293,867173,SENSEX2691772300CE,"SENSEX",0,2026-09-17,72300,0.05,20,CE,BFO-OPT,BFO
221997573,867178,SENSEX2691774600CE,"SENSEX",0,2026-09-17,74600,0.05,20,CE,BFO-OPT,BFO
221998597,867182,SENSEX2691776900CE,"SENSEX",0,2026-09-17,76900,0.05,20,CE,BFO-OPT,BFO
222002437,867197,SENSEX2691781600PE,"SENSEX",0,2026-09-17,81600,0.05,20,PE,BFO-OPT,BFO
222003717,867202,SENSEX2691783900PE,"SENSEX",0,2026-09-17,83900,0.05,20,PE,BFO-OPT,BFO
222016773,867253,SENSEX2691782300CE,"SENSEX",0,2026-09-17,82300,0.05,20,CE,BFO-OPT,BFO
222034181,867321,SENSEX2691780900CE,"SENSEX",0,2026-09-17,80900,0.05,20,CE,BFO-OPT,BFO
222052101,867391,SENSEX2691776300PE,"SENSEX",0,2026-09-17,76300,0.05,20,PE,BFO-OPT,BFO
222052613,867393,SENSEX2691778600PE,"SENSEX",0,2026-09-17,78600,0.05,20,PE,BFO-OPT,BFO
222063877,867437,SENSEX2691772600PE,"SENSEX",0,2026-09-17,72600,0.05,20,PE,BFO-OPT,BFO
222064645,867440,SENSEX2691774900PE,"SENSEX",0,2026-09-17,74900,0.05,20,PE,BFO-OPT,BFO
222079237,867497,SENSEX2691781500CE,"SENSEX",0,2026-09-17,81500,0.05,20,CE,BFO-OPT,BFO
222107397,867607,SENSEX2691773200PE,"SENSEX",0,2026-09-17,73200,0.05,20,PE,BFO-OPT,BFO
222119173,867653,SENSEX2691776200CE,"SENSEX",0,2026-09-17,76200,0.05,20,CE,BFO-OPT,BFO
222120197,867657,SENSEX2691778500CE,"SENSEX",0,2026-09-17,78500,0.05,20,CE,BFO-OPT,BFO
222124293,867673,SENSEX2691783200PE,"SENSEX",0,2026-09-17,83200,0.05,20,PE,BFO-OPT,BFO
222129925,867695,SENSEX2691772500CE,"SENSEX",0,2026-09-17,72500,0.05,20,CE,BFO-OPT,BFO
222131973,867703,SENSEX2691774800CE,"SENSEX",0,2026-09-17,74800,0.05,20,CE,BFO-OPT,BFO
222137349,867724,SENSEX2691781800PE,"SENSEX",0,2026-09-17,81800,0.05,20,PE,BFO-OPT,BFO
222151173,867778,SENSEX2691780200CE,"SENSEX",0,2026-09-17,80200,0.05,20,CE,BFO-OPT,BFO
222152453,867783,SENSEX2691782500CE,"SENSEX",0,2026-09-17,82500,0.05,20,CE,BFO-OPT,BFO
222182661,867901,SENSEX2691774200PE,"SENSEX",0,2026-09-17,74200,0.05,20,PE,BFO-OPT,BFO
222183429,867904,SENSEX2691776500PE,"SENSEX",0,2026-09-17,76500,0.05,20,PE,BFO-OPT,BFO
222184453,867908,SENSEX2691778800PE,"SENSEX",0,2026-09-17,78800,0.05,20,PE,BFO-OPT,BFO
222194437,867947,SENSEX2691772800PE,"SENSEX",0,2026-09-17,72800,0.05,20,PE,BFO-OPT,BFO
222224645,868065,SENSEX2691782800PE,"SENSEX",0,2026-09-17,82800,0.05,20,PE,BFO-OPT,BFO
222273029,868254,SENSEX2691774100CE,"SENSEX",0,2026-09-17,74100,0.05,20,CE,BFO-OPT,BFO
222273541,868256,SENSEX2691776400CE,"SENSEX",0,2026-09-17,76400,0.05,20,CE,BFO-OPT,BFO
222274053,868258,SENSEX2691778700CE,"SENSEX",0,2026-09-17,78700,0.05,20,CE,BFO-OPT,BFO
222276869,868269,SENSEX2691781100PE,"SENSEX",0,2026-09-17,81100,0.05,20,PE,BFO-OPT,BFO
222278405,868275,SENSEX2691783400PE,"SENSEX",0,2026-09-17,83400,0.05,20,PE,BFO-OPT,BFO
222285829,868304,SENSEX2691772700CE,"SENSEX",0,2026-09-17,72700,0.05,20,CE,BFO-OPT,BFO
222304005,868375,SENSEX2691780400CE,"SENSEX",0,2026-09-17,80400,0.05,20,CE,BFO-OPT,BFO
222304773,868378,SENSEX2691782700CE,"SENSEX",0,2026-09-17,82700,0.05,20,CE,BFO-OPT,BFO
222320645,868440,SENSEX2691778100PE,"SENSEX",0,2026-09-17,78100,0.05,20,PE,BFO-OPT,BFO
222331141,868481,SENSEX2691772100PE,"SENSEX",0,2026-09-17,72100,0.05,20,PE,BFO-OPT,BFO
222331397,868482,SENSEX2691774400PE,"SENSEX",0,2026-09-17,74400,0.05,20,PE,BFO-OPT,BFO
222331653,868483,SENSEX2691776700PE,"SENSEX",0,2026-09-17,76700,0.05,20,PE,BFO-OPT,BFO
222344709,868534,SENSEX2691782100PE,"SENSEX",0,2026-09-17,82100,0.05,20,PE,BFO-OPT,BFO
222361605,868600,SENSEX2691780700PE,"SENSEX",0,2026-09-17,80700,0.05,20,PE,BFO-OPT,BFO
222490885,869105,SENSEX2691778000CE,"SENSEX",0,2026-09-17,78000,0.05,20,CE,BFO-OPT,BFO
222629893,869648,SENSEX2691772000CE,"SENSEX",0,2026-09-17,72000,0.05,20,CE,BFO-OPT,BFO
222642949,869699,SENSEX2691774300CE,"SENSEX",0,2026-09-17,74300,0.05,20,CE,BFO-OPT,BFO
222665221,869786,SENSEX2691776600CE,"SENSEX",0,2026-09-17,76600,0.05,20,CE,BFO-OPT,BFO
222684677,869862,SENSEX2691778900CE,"SENSEX",0,2026-09-17,78900,0.05,20,CE,BFO-OPT,BFO
222787845,870265,SENSEX2691772900CE,"SENSEX",0,2026-09-17,72900,0.05,20,CE,BFO-OPT,BFO
222838533,870463,SENSEX2691782000CE,"SENSEX",0,2026-09-17,82000,0.05,20,CE,BFO-OPT,BFO
223019013,871168,SENSEX2691780600CE,"SENSEX",0,2026-09-17,80600,0.05,20,CE,BFO-OPT,BFO
223036421,871236,SENSEX2691782900CE,"SENSEX",0,2026-09-17,82900,0.05,20,CE,BFO-OPT,BFO
223193861,871851,SENSEX2691776000PE,"SENSEX",0,2026-09-17,76000,0.05,20,PE,BFO-OPT,BFO
223200517,871877,SENSEX2691778300PE,"SENSEX",0,2026-09-17,78300,0.05,20,PE,BFO-OPT,BFO
223331077,872387,SENSEX2691772300PE,"SENSEX",0,2026-09-17,72300,0.05,20,PE,BFO-OPT,BFO
223339525,872420,SENSEX2691774600PE,"SENSEX",0,2026-09-17,74600,0.05,20,PE,BFO-OPT,BFO
223348485,872455,SENSEX2691776900PE,"SENSEX",0,2026-09-17,76900,0.05,20,PE,BFO-OPT,BFO
223536133,873188,SENSEX2691780000PE,"SENSEX",0,2026-09-17,80000,0.05,20,PE,BFO-OPT,BFO
223549701,873241,SENSEX2691782300PE,"SENSEX",0,2026-09-17,82300,0.05,20,PE,BFO-OPT,BFO
223727365,873935,SENSEX2691780900PE,"SENSEX",0,2026-09-17,80900,0.05,20,PE,BFO-OPT,BFO
224026885,875105,SENSEX2691778200CE,"SENSEX",0,2026-09-17,78200,0.05,20,CE,BFO-OPT,BFO
224193285,875755,SENSEX2691772200CE,"SENSEX",0,2026-09-17,72200,0.05,20,CE,BFO-OPT,BFO
224194053,875758,SENSEX2691774500CE,"SENSEX",0,2026-09-17,74500,0.05,20,CE,BFO-OPT,BFO
224207877,875812,SENSEX2691776800CE,"SENSEX",0,2026-09-17,76800,0.05,20,CE,BFO-OPT,BFO
224348421,876361,SENSEX2691782200CE,"SENSEX",0,2026-09-17,82200,0.05,20,CE,BFO-OPT,BFO
224364293,876423,SENSEX2691780800CE,"SENSEX",0,2026-09-17,80800,0.05,20,CE,BFO-OPT,BFO
224382213,876493,SENSEX2691776200PE,"SENSEX",0,2026-09-17,76200,0.05,20,PE,BFO-OPT,BFO
224382981,876496,SENSEX2691778500PE,"SENSEX",0,2026-09-17,78500,0.05,20,PE,BFO-OPT,BFO
224392965,876535,SENSEX2691772500PE,"SENSEX",0,2026-09-17,72500,0.05,20,PE,BFO-OPT,BFO
224393989,876539,SENSEX2691774800PE,"SENSEX",0,2026-09-17,74800,0.05,20,PE,BFO-OPT,BFO
224408837,876597,SENSEX2691777800CE,"SENSEX",0,2026-09-17,77800,0.05,20,CE,BFO-OPT,BFO
224411141,876606,SENSEX2691780200PE,"SENSEX",0,2026-09-17,80200,0.05,20,PE,BFO-OPT,BFO
224412677,876612,SENSEX2691782500PE,"SENSEX",0,2026-09-17,82500,0.05,20,PE,BFO-OPT,BFO
224449029,876754,SENSEX2691776100CE,"SENSEX",0,2026-09-17,76100,0.05,20,CE,BFO-OPT,BFO
224463877,876812,SENSEX2691778400CE,"SENSEX",0,2026-09-17,78400,0.05,20,CE,BFO-OPT,BFO
224528645,877065,SENSEX2691772400CE,"SENSEX",0,2026-09-17,72400,0.05,20,CE,BFO-OPT,BFO
224531205,877075,SENSEX2691774700CE,"SENSEX",0,2026-09-17,74700,0.05,20,CE,BFO-OPT,BFO
224602885,877355,SENSEX2691780100CE,"SENSEX",0,2026-09-17,80100,0.05,20,CE,BFO-OPT,BFO
224606981,877371,SENSEX2691782400CE,"SENSEX",0,2026-09-17,82400,0.05,20,CE,BFO-OPT,BFO
224730629,877854,SENSEX2691774100PE,"SENSEX",0,2026-09-17,74100,0.05,20,PE,BFO-OPT,BFO
224731397,877857,SENSEX2691776400PE,"SENSEX",0,2026-09-17,76400,0.05,20,PE,BFO-OPT,BFO
224733701,877866,SENSEX2691778700PE,"SENSEX",0,2026-09-17,78700,0.05,20,PE,BFO-OPT,BFO
224759045,877965,SENSEX2691772700PE,"SENSEX",0,2026-09-17,72700,0.05,20,PE,BFO-OPT,BFO
224763909,877984,SENSEX2691779400CE,"SENSEX",0,2026-09-17,79400,0.05,20,CE,BFO-OPT,BFO
224801541,878131,SENSEX2691775700CE,"SENSEX",0,2026-09-17,75700,0.05,20,CE,BFO-OPT,BFO
224810501,878166,SENSEX2691780400PE,"SENSEX",0,2026-09-17,80400,0.05,20,PE,BFO-OPT,BFO
224814853,878183,SENSEX2691782700PE,"SENSEX",0,2026-09-17,82700,0.05,20,PE,BFO-OPT,BFO
224920325,878595,SENSEX2691774000CE,"SENSEX",0,2026-09-17,74000,0.05,20,CE,BFO-OPT,BFO
224922629,878604,SENSEX2691776300CE,"SENSEX",0,2026-09-17,76300,0.05,20,CE,BFO-OPT,BFO
224940549,878674,SENSEX2691779700PE,"SENSEX",0,2026-09-17,79700,0.05,20,PE,BFO-OPT,BFO
224952325,878720,SENSEX2691772600CE,"SENSEX",0,2026-09-17,72600,0.05,20,CE,BFO-OPT,BFO
214857477,839287,SENSEX26SEP76900CE,"SENSEX",0,2026-09-24,76900,0.05,20,CE,BFO-OPT,BFO
214885637,839397,SENSEX26SEP76900PE,"SENSEX",0,2026-09-24,76900,0.05,20,PE,BFO-OPT,BFO
216012037,843797,SENSEX26SEP77000PE,"SENSEX",0,2026-09-24,77000,0.05,20,PE,BFO-OPT,BFO
216281093,844848,SENSEX26SEP77000CE,"SENSEX",0,2026-09-24,77000,0.05,20,CE,BFO-OPT,BFO
214846981,839246,SENSEX26SEP76800PE,"SENSEX",0,2026-09-24,76800,0.05,20,PE,BFO-OPT,BFO
214889733,839413,SENSEX26SEP76800CE,"SENSEX",0,2026-09-24,76800,0.05,20,CE,BFO-OPT,BFO
214900229,839454,SENSEX26SEP77100CE,"SENSEX",0,2026-09-24,77100,0.05,20,CE,BFO-OPT,BFO
214929157,839567,SENSEX26SEP77100PE,"SENSEX",0,2026-09-24,77100,0.05,20,PE,BFO-OPT,BFO
214851333,839263,SENSEX26SEP76700CE,"SENSEX",0,2026-09-24,76700,0.05,20,CE,BFO-OPT,BFO
214876421,839361,SENSEX26SEP76700PE,"SENSEX",0,2026-09-24,76700,0.05,20,PE,BFO-OPT,BFO
214840325,839220,SENSEX26SEP77200PE,"SENSEX",0,2026-09-24,77200,0.05,20,PE,BFO-OPT,BFO
214940421,839611,SENSEX26SEP77200CE,"SENSEX",0,2026-09-24,77200,0.05,20,CE,BFO-OPT,BFO
214837509,839209,SENSEX26SEP76600PE,"SENSEX",0,2026-09-24,76600,0.05,20,PE,BFO-OPT,BFO
214881029,839379,SENSEX26SEP76600CE,"SENSEX",0,2026-09-24,76600,0.05,20,CE,BFO-OPT,BFO
214908933,839488,SENSEX26SEP77300CE,"SENSEX",0,2026-09-24,77300,0.05,20,CE,BFO-OPT,BFO
214937349,839599,SENSEX26SEP77300PE,"SENSEX",0,2026-09-24,77300,0.05,20,PE,BFO-OPT,BFO
214841861,839226,SENSEX26SEP76500CE,"SENSEX",0,2026-09-24,76500,0.05,20,CE,BFO-OPT,BFO
214868229,839329,SENSEX26SEP76500PE,"SENSEX",0,2026-09-24,76500,0.05,20,PE,BFO-OPT,BFO
214819077,839137,SENSEX26SEP77400CE,"SENSEX",0,2026-09-24,77400,0.05,20,CE,BFO-OPT,BFO
214904837,839472,SENSEX26SEP77400PE,"SENSEX",0,2026-09-24,77400,0.05,20,PE,BFO-OPT,BFO
214872325,839345,SENSEX26SEP76400CE,"SENSEX",0,2026-09-24,76400,0.05,20,CE,BFO-OPT,BFO
214899205,839450,SENSEX26SEP76400PE,"SENSEX",0,2026-09-24,76400,0.05,20,PE,BFO-OPT,BFO
214917637,839522,SENSEX26SEP77500CE,"SENSEX",0,2026-09-24,77500,0.05,20,CE,BFO-OPT,BFO
214945797,839632,SENSEX26SEP77500PE,"SENSEX",0,2026-09-24,77500,0.05,20,PE,BFO-OPT,BFO
214832389,839189,SENSEX26SEP76300CE,"SENSEX",0,2026-09-24,76300,0.05,20,CE,BFO-OPT,BFO
214859781,839296,SENSEX26SEP76300PE,"SENSEX",0,2026-09-24,76300,0.05,20,PE,BFO-OPT,BFO
214827269,839169,SENSEX26SEP77600CE,"SENSEX",0,2026-09-24,77600,0.05,20,CE,BFO-OPT,BFO
214914053,839508,SENSEX26SEP77600PE,"SENSEX",0,2026-09-24,77600,0.05,20,PE,BFO-OPT,BFO
214864133,839313,SENSEX26SEP76200CE,"SENSEX",0,2026-09-24,76200,0.05,20,CE,BFO-OPT,BFO
214892037,839422,SENSEX26SEP76200PE,"SENSEX",0,2026-09-24,76200,0.05,20,PE,BFO-OPT,BFO
214926597,839557,SENSEX26SEP77700CE,"SENSEX",0,2026-09-24,77700,0.05,20,CE,BFO-OPT,BFO
214510341,837931,SENSEX26SEP91000PE,"SENSEX",0,2026-09-24,91000,0.05,20,PE,BFO-OPT,BFO
214714629,838729,SENSEX26SEP91000CE,"SENSEX",0,2026-09-24,91000,0.05,20,CE,BFO-OPT,BFO
290443781,1134546,SENSEX26SEP90000PE,"SENSEX",0,2026-09-24,90000,0.05,20,PE,BFO-OPT,BFO
290500101,1134766,SENSEX26SEP90000CE,"SENSEX",0,2026-09-24,90000,0.05,20,CE,BFO-OPT,BFO
290113797,1133257,SENSEX26SEP89000CE,"SENSEX",0,2026-09-24,89000,0.05,20,CE,BFO-OPT,BFO
290136325,1133345,SENSEX26SEP89000PE,"SENSEX",0,2026-09-24,89000,0.05,20,PE,BFO-OPT,BFO
289457925,1130695,SENSEX26SEP88000CE,"SENSEX",0,2026-09-24,88000,0.05,20,CE,BFO-OPT,BFO
289473285,1130755,SENSEX26SEP88000PE,"SENSEX",0,2026-09-24,88000,0.05,20,PE,BFO-OPT,BFO
289129221,1129411,SENSEX26SEP87000PE,"SENSEX",0,2026-09-24,87000,0.05,20,PE,BFO-OPT,BFO
289225221,1129786,SENSEX26SEP87000CE,"SENSEX",0,2026-09-24,87000,0.05,20,CE,BFO-OPT,BFO
283070725,1105745,SENSEX26SEP86000CE,"SENSEX",0,2026-09-24,86000,0.05,20,CE,BFO-OPT,BFO
284464645,1111190,SENSEX26SEP86000PE,"SENSEX",0,2026-09-24,86000,0.05,20,PE,BFO-OPT,BFO
282967813,1105343,SENSEX26SEP85000CE,"SENSEX",0,2026-09-24,85000,0.05,20,CE,BFO-OPT,BFO
285637637,1115772,SENSEX26SEP85000PE,"SENSEX",0,2026-09-24,85000,0.05,20,PE,BFO-OPT,BFO
215105541,840256,SENSEX26SEP84400CE,"SENSEX",0,2026-09-24,84400,0.05,20,CE,BFO-OPT,BFO
215134725,840370,SENSEX26SEP84400PE,"SENSEX",0,2026-09-24,84400,0.05,20,PE,BFO-OPT,BFO
215140101,840391,SENSEX26SEP84300CE,"SENSEX",0,2026-09-24,84300,0.05,20,CE,BFO-OPT,BFO
215174661,840526,SENSEX26SEP84300PE,"SENSEX",0,2026-09-24,84300,0.05,20,PE,BFO-OPT,BFO
214992389,839814,SENSEX26SEP84200PE,"SENSEX",0,2026-09-24,84200,0.05,20,PE,BFO-OPT,BFO
215031813,839968,SENSEX26SEP84200CE,"SENSEX",0,2026-09-24,84200,0.05,20,CE,BFO-OPT,BFO
214996741,839831,SENSEX26SEP84100CE,"SENSEX",0,2026-09-24,84100,0.05,20,CE,BFO-OPT,BFO
215022085,839930,SENSEX26SEP84100PE,"SENSEX",0,2026-09-24,84100,0.05,20,PE,BFO-OPT,BFO
284924933,1112988,SENSEX26SEP84000CE,"SENSEX",0,2026-09-24,84000,0.05,20,CE,BFO-OPT,BFO
285549317,1115427,SENSEX26SEP84000PE,"SENSEX",0,2026-09-24,84000,0.05,20,PE,BFO-OPT,BFO
214958341,839681,SENSEX26SEP83900CE,"SENSEX",0,2026-09-24,83900,0.05,20,CE,BFO-OPT,BFO
215032581,839971,SENSEX26SEP83900PE,"SENSEX",0,2026-09-24,83900,0.05,20,PE,BFO-OPT,BFO
214919685,839530,SENSEX26SEP83800CE,"SENSEX",0,2026-09-24,83800,0.05,20,CE,BFO-OPT,BFO
214947333,839638,SENSEX26SEP83800PE,"SENSEX",0,2026-09-24,83800,0.05,20,PE,BFO-OPT,BFO
214821893,839148,SENSEX26SEP83700CE,"SENSEX",0,2026-09-24,83700,0.05,20,CE,BFO-OPT,BFO
214851845,839265,SENSEX26SEP83700PE,"SENSEX",0,2026-09-24,83700,0.05,20,PE,BFO-OPT,BFO
214911493,839498,SENSEX26SEP83600CE,"SENSEX",0,2026-09-24,83600,0.05,20,CE,BFO-OPT,BFO
214939397,839607,SENSEX26SEP83600PE,"SENSEX",0,2026-09-24,83600,0.05,20,PE,BFO-OPT,BFO
214843141,839231,SENSEX26SEP83500PE,"SENSEX",0,2026-09-24,83500,0.05,20,PE,BFO-OPT,BFO
214944517,839627,SENSEX26SEP83500CE,"SENSEX",0,2026-09-24,83500,0.05,20,CE,BFO-OPT,BFO
214848261,839251,SENSEX26SEP83400CE,"SENSEX",0,2026-09-24,83400,0.05,20,CE,BFO-OPT,BFO
214931205,839575,SENSEX26SEP83400PE,"SENSEX",0,2026-09-24,83400,0.05,20,PE,BFO-OPT,BFO
214832901,839191,SENSEX26SEP83300PE,"SENSEX",0,2026-09-24,83300,0.05,20,PE,BFO-OPT,BFO
214936069,839594,SENSEX26SEP83300CE,"SENSEX",0,2026-09-24,83300,0.05,20,CE,BFO-OPT,BFO
214838533,839213,SENSEX26SEP83200CE,"SENSEX",0,2026-09-24,83200,0.05,20,CE,BFO-OPT,BFO
214864645,839315,SENSEX26SEP83200PE,"SENSEX",0,2026-09-24,83200,0.05,20,PE,BFO-OPT,BFO
214824965,839160,SENSEX26SEP83100PE,"SENSEX",0,2026-09-24,83100,0.05,20,PE,BFO-OPT,BFO
214927877,839562,SENSEX26SEP83100CE,"SENSEX",0,2026-09-24,83100,0.05,20,CE,BFO-OPT,BFO
282297861,1102726,SENSEX26SEP83000CE,"SENSEX",0,2026-09-24,83000,0.05,20,CE,BFO-OPT,BFO
283051525,1105670,SENSEX26SEP83000PE,"SENSEX",0,2026-09-24,83000,0.05,20,PE,BFO-OPT,BFO
214883333,839388,SENSEX26SEP82900CE,"SENSEX",0,2026-09-24,82900,0.05,20,CE,BFO-OPT,BFO
214910981,839496,SENSEX26SEP82900PE,"SENSEX",0,2026-09-24,82900,0.05,20,PE,BFO-OPT,BFO
214845445,839240,SENSEX26SEP82800CE,"SENSEX",0,2026-09-24,82800,0.05,20,CE,BFO-OPT,BFO
214870533,839338,SENSEX26SEP82800PE,"SENSEX",0,2026-09-24,82800,0.05,20,PE,BFO-OPT,BFO
214874885,839355,SENSEX26SEP82700CE,"SENSEX",0,2026-09-24,82700,0.05,20,CE,BFO-OPT,BFO
214902789,839464,SENSEX26SEP82700PE,"SENSEX",0,2026-09-24,82700,0.05,20,PE,BFO-OPT,BFO
214861829,839304,SENSEX26SEP82600PE,"SENSEX",0,2026-09-24,82600,0.05,20,PE,BFO-OPT,BFO
214907141,839481,SENSEX26SEP82600CE,"SENSEX",0,2026-09-24,82600,0.05,20,CE,BFO-OPT,BFO
214866949,839324,SENSEX26SEP82500CE,"SENSEX",0,2026-09-24,82500,0.05,20,CE,BFO-OPT,BFO
214895109,839434,SENSEX26SEP82500PE,"SENSEX",0,2026-09-24,82500,0.05,20,PE,BFO-OPT,BFO
214898437,839447,SENSEX26SEP82400CE,"SENSEX",0,2026-09-24,82400,0.05,20,CE,BFO-OPT,BFO
214927109,839559,SENSEX26SEP82400PE,"SENSEX",0,2026-09-24,82400,0.05,20,PE,BFO-OPT,BFO
214858501,839291,SENSEX26SEP82300CE,"SENSEX",0,2026-09-24,82300,0.05,20,CE,BFO-OPT,BFO
214886917,839402,SENSEX26SEP82300PE,"SENSEX",0,2026-09-24,82300,0.05,20,PE,BFO-OPT,BFO
214890501,839416,SENSEX26SEP82200CE,"SENSEX",0,2026-09-24,82200,0.05,20,CE,BFO-OPT,BFO
214918149,839524,SENSEX26SEP82200PE,"SENSEX",0,2026-09-24,82200,0.05,20,PE,BFO-OPT,BFO
214877957,839367,SENSEX26SEP82100PE,"SENSEX",0,2026-09-24,82100,0.05,20,PE,BFO-OPT,BFO
214922757,839542,SENSEX26SEP82100CE,"SENSEX",0,2026-09-24,82100,0.05,20,CE,BFO-OPT,BFO
284402181,1110946,SENSEX26SEP82000CE,"SENSEX",0,2026-09-24,82000,0.05,20,CE,BFO-OPT,BFO
285030405,1113400,SENSEX26SEP82000PE,"SENSEX",0,2026-09-24,82000,0.05,20,PE,BFO-OPT,BFO
214833925,839195,SENSEX26SEP81900PE,"SENSEX",0,2026-09-24,81900,0.05,20,PE,BFO-OPT,BFO
214936837,839597,SENSEX26SEP81900CE,"SENSEX",0,2026-09-24,81900,0.05,20,CE,BFO-OPT,BFO
214839557,839217,SENSEX26SEP81800CE,"SENSEX",0,2026-09-24,81800,0.05,20,CE,BFO-OPT,BFO
214923269,839544,SENSEX26SEP81800PE,"SENSEX",0,2026-09-24,81800,0.05,20,PE,BFO-OPT,BFO
214825477,839162,SENSEX26SEP81700PE,"SENSEX",0,2026-09-24,81700,0.05,20,PE,BFO-OPT,BFO
214928645,839565,SENSEX26SEP81700CE,"SENSEX",0,2026-09-24,81700,0.05,20,CE,BFO-OPT,BFO
214828549,839174,SENSEX26SEP81600CE,"SENSEX",0,2026-09-24,81600,0.05,20,CE,BFO-OPT,BFO
214857733,839288,SENSEX26SEP81600PE,"SENSEX",0,2026-09-24,81600,0.05,20,PE,BFO-OPT,BFO
214919429,839529,SENSEX26SEP81500CE,"SENSEX",0,2026-09-24,81500,0.05,20,CE,BFO-OPT,BFO
214947077,839637,SENSEX26SEP81500PE,"SENSEX",0,2026-09-24,81500,0.05,20,PE,BFO-OPT,BFO
214821637,839147,SENSEX26SEP81400CE,"SENSEX",0,2026-09-24,81400,0.05,20,CE,BFO-OPT,BFO
214851589,839264,SENSEX26SEP81400PE,"SENSEX",0,2026-09-24,81400,0.05,20,PE,BFO-OPT,BFO
214855941,839281,SENSEX26SEP81300CE,"SENSEX",0,2026-09-24,81300,0.05,20,CE,BFO-OPT,BFO
214939141,839606,SENSEX26SEP81300PE,"SENSEX",0,2026-09-24,81300,0.05,20,PE,BFO-OPT,BFO
214842885,839230,SENSEX26SEP81200PE,"SENSEX",0,2026-09-24,81200,0.05,20,PE,BFO-OPT,BFO
214944261,839626,SENSEX26SEP81200CE,"SENSEX",0,2026-09-24,81200,0.05,20,CE,BFO-OPT,BFO
214848005,839250,SENSEX26SEP81100CE,"SENSEX",0,2026-09-24,81100,0.05,20,CE,BFO-OPT,BFO
214873093,839348,SENSEX26SEP81100PE,"SENSEX",0,2026-09-24,81100,0.05,20,PE,BFO-OPT,BFO
282388741,1103081,SENSEX26SEP81000PE,"SENSEX",0,2026-09-24,81000,0.05,20,PE,BFO-OPT,BFO
285581829,1115554,SENSEX26SEP81000CE,"SENSEX",0,2026-09-24,81000,0.05,20,CE,BFO-OPT,BFO
214859013,839293,SENSEX26SEP80900CE,"SENSEX",0,2026-09-24,80900,0.05,20,CE,BFO-OPT,BFO
214887685,839405,SENSEX26SEP80900PE,"SENSEX",0,2026-09-24,80900,0.05,20,PE,BFO-OPT,BFO
214890757,839417,SENSEX26SEP80800CE,"SENSEX",0,2026-09-24,80800,0.05,20,CE,BFO-OPT,BFO
214918917,839527,SENSEX26SEP80800PE,"SENSEX",0,2026-09-24,80800,0.05,20,PE,BFO-OPT,BFO
214853637,839272,SENSEX26SEP80700CE,"SENSEX",0,2026-09-24,80700,0.05,20,CE,BFO-OPT,BFO
214878981,839371,SENSEX26SEP80700PE,"SENSEX",0,2026-09-24,80700,0.05,20,PE,BFO-OPT,BFO
214883077,839387,SENSEX26SEP80600CE,"SENSEX",0,2026-09-24,80600,0.05,20,CE,BFO-OPT,BFO
214910725,839495,SENSEX26SEP80600PE,"SENSEX",0,2026-09-24,80600,0.05,20,PE,BFO-OPT,BFO
214870277,839337,SENSEX26SEP80500PE,"SENSEX",0,2026-09-24,80500,0.05,20,PE,BFO-OPT,BFO
214915589,839514,SENSEX26SEP80500CE,"SENSEX",0,2026-09-24,80500,0.05,20,CE,BFO-OPT,BFO
214874629,839354,SENSEX26SEP80400CE,"SENSEX",0,2026-09-24,80400,0.05,20,CE,BFO-OPT,BFO
214902533,839463,SENSEX26SEP80400PE,"SENSEX",0,2026-09-24,80400,0.05,20,PE,BFO-OPT,BFO
214906885,839480,SENSEX26SEP80300CE,"SENSEX",0,2026-09-24,80300,0.05,20,CE,BFO-OPT,BFO
214934789,839589,SENSEX26SEP80300PE,"SENSEX",0,2026-09-24,80300,0.05,20,PE,BFO-OPT,BFO
214866437,839322,SENSEX26SEP80200CE,"SENSEX",0,2026-09-24,80200,0.05,20,CE,BFO-OPT,BFO
214894853,839433,SENSEX26SEP80200PE,"SENSEX",0,2026-09-24,80200,0.05,20,PE,BFO-OPT,BFO
214898181,839446,SENSEX26SEP80100CE,"SENSEX",0,2026-09-24,80100,0.05,20,CE,BFO-OPT,BFO
214926853,839558,SENSEX26SEP80100PE,"SENSEX",0,2026-09-24,80100,0.05,20,PE,BFO-OPT,BFO
283084549,1105799,SENSEX26SEP80000CE,"SENSEX",0,2026-09-24,80000,0.05,20,CE,BFO-OPT,BFO
284477701,1111241,SENSEX26SEP80000PE,"SENSEX",0,2026-09-24,80000,0.05,20,PE,BFO-OPT,BFO
214886661,839401,SENSEX26SEP79900CE,"SENSEX",0,2026-09-24,79900,0.05,20,CE,BFO-OPT,BFO
214914565,839510,SENSEX26SEP79900PE,"SENSEX",0,2026-09-24,79900,0.05,20,PE,BFO-OPT,BFO
214917893,839523,SENSEX26SEP79800CE,"SENSEX",0,2026-09-24,79800,0.05,20,CE,BFO-OPT,BFO
214946053,839633,SENSEX26SEP79800PE,"SENSEX",0,2026-09-24,79800,0.05,20,PE,BFO-OPT,BFO
214819333,839138,SENSEX26SEP79700CE,"SENSEX",0,2026-09-24,79700,0.05,20,CE,BFO-OPT,BFO
214905093,839473,SENSEX26SEP79700PE,"SENSEX",0,2026-09-24,79700,0.05,20,PE,BFO-OPT,BFO
214909189,839489,SENSEX26SEP79600CE,"SENSEX",0,2026-09-24,79600,0.05,20,CE,BFO-OPT,BFO
214937605,839600,SENSEX26SEP79600PE,"SENSEX",0,2026-09-24,79600,0.05,20,PE,BFO-OPT,BFO
214840581,839221,SENSEX26SEP79500PE,"SENSEX",0,2026-09-24,79500,0.05,20,PE,BFO-OPT,BFO
214940677,839612,SENSEX26SEP79500CE,"SENSEX",0,2026-09-24,79500,0.05,20,CE,BFO-OPT,BFO
214900485,839455,SENSEX26SEP79400CE,"SENSEX",0,2026-09-24,79400,0.05,20,CE,BFO-OPT,BFO
214929413,839568,SENSEX26SEP79400PE,"SENSEX",0,2026-09-24,79400,0.05,20,PE,BFO-OPT,BFO
214829829,839179,SENSEX26SEP79300PE,"SENSEX",0,2026-09-24,79300,0.05,20,PE,BFO-OPT,BFO
214932997,839582,SENSEX26SEP79300CE,"SENSEX",0,2026-09-24,79300,0.05,20,CE,BFO-OPT,BFO
214893829,839429,SENSEX26SEP79200CE,"SENSEX",0,2026-09-24,79200,0.05,20,CE,BFO-OPT,BFO
214920965,839535,SENSEX26SEP79200PE,"SENSEX",0,2026-09-24,79200,0.05,20,PE,BFO-OPT,BFO
214822405,839150,SENSEX26SEP79100PE,"SENSEX",0,2026-09-24,79100,0.05,20,PE,BFO-OPT,BFO
214925573,839553,SENSEX26SEP79100CE,"SENSEX",0,2026-09-24,79100,0.05,20,CE,BFO-OPT,BFO
215165701,840491,SENSEX26SEP79000CE,"SENSEX",0,2026-09-24,79000,0.05,20,CE,BFO-OPT,BFO
215233541,840756,SENSEX26SEP79000PE,"SENSEX",0,2026-09-24,79000,0.05,20,PE,BFO-OPT,BFO
214837765,839210,SENSEX26SEP78900PE,"SENSEX",0,2026-09-24,78900,0.05,20,PE,BFO-OPT,BFO
214881285,839380,SENSEX26SEP78900CE,"SENSEX",0,2026-09-24,78900,0.05,20,CE,BFO-OPT,BFO
214842117,839227,SENSEX26SEP78800CE,"SENSEX",0,2026-09-24,78800,0.05,20,CE,BFO-OPT,BFO
214868485,839330,SENSEX26SEP78800PE,"SENSEX",0,2026-09-24,78800,0.05,20,PE,BFO-OPT,BFO
214872581,839346,SENSEX26SEP78700CE,"SENSEX",0,2026-09-24,78700,0.05,20,CE,BFO-OPT,BFO
214899461,839451,SENSEX26SEP78700PE,"SENSEX",0,2026-09-24,78700,0.05,20,PE,BFO-OPT,BFO
214832645,839190,SENSEX26SEP78600CE,"SENSEX",0,2026-09-24,78600,0.05,20,CE,BFO-OPT,BFO
214860037,839297,SENSEX26SEP78600PE,"SENSEX",0,2026-09-24,78600,0.05,20,PE,BFO-OPT,BFO
214864389,839314,SENSEX26SEP78500CE,"SENSEX",0,2026-09-24,78500,0.05,20,CE,BFO-OPT,BFO
214892293,839423,SENSEX26SEP78500PE,"SENSEX",0,2026-09-24,78500,0.05,20,PE,BFO-OPT,BFO
214824453,839158,SENSEX26SEP78400CE,"SENSEX",0,2026-09-24,78400,0.05,20,CE,BFO-OPT,BFO
214854661,839276,SENSEX26SEP78400PE,"SENSEX",0,2026-09-24,78400,0.05,20,PE,BFO-OPT,BFO
214856453,839283,SENSEX26SEP78300CE,"SENSEX",0,2026-09-24,78300,0.05,20,CE,BFO-OPT,BFO
214884101,839391,SENSEX26SEP78300PE,"SENSEX",0,2026-09-24,78300,0.05,20,PE,BFO-OPT,BFO
214845957,839242,SENSEX26SEP78200PE,"SENSEX",0,2026-09-24,78200,0.05,20,PE,BFO-OPT,BFO
214888709,839409,SENSEX26SEP78200CE,"SENSEX",0,2026-09-24,78200,0.05,20,CE,BFO-OPT,BFO
214849797,839257,SENSEX26SEP78100CE,"SENSEX",0,2026-09-24,78100,0.05,20,CE,BFO-OPT,BFO
214875397,839357,SENSEX26SEP78100PE,"SENSEX",0,2026-09-24,78100,0.05,20,PE,BFO-OPT,BFO
215648517,842377,SENSEX26SEP78000CE,"SENSEX",0,2026-09-24,78000,0.05,20,CE,BFO-OPT,BFO
215690757,842542,SENSEX26SEP78000PE,"SENSEX",0,2026-09-24,78000,0.05,20,PE,BFO-OPT,BFO
214831621,839186,SENSEX26SEP77900PE,"SENSEX",0,2026-09-24,77900,0.05,20,PE,BFO-OPT,BFO
214934021,839586,SENSEX26SEP77900CE,"SENSEX",0,2026-09-24,77900,0.05,20,CE,BFO-OPT,BFO
214894597,839432,SENSEX26SEP77800CE,"SENSEX",0,2026-09-24,77800,0.05,20,CE,BFO-OPT,BFO
214922245,839540,SENSEX26SEP77800PE,"SENSEX",0,2026-09-24,77800,0.05,20,PE,BFO-OPT,BFO
214823685,839155,SENSEX26SEP77700PE,"SENSEX",0,2026-09-24,77700,0.05,20,PE,BFO-OPT,BFO
214854405,839275,SENSEX26SEP76100PE,"SENSEX",0,2026-09-24,76100,0.05,20,PE,BFO-OPT,BFO
214896645,839440,SENSEX26SEP76100CE,"SENSEX",0,2026-09-24,76100,0.05,20,CE,BFO-OPT,BFO
219766789,858464,SENSEX26SEP76000CE,"SENSEX",0,2026-09-24,76000,0.05,20,CE,BFO-OPT,BFO
219854085,858805,SENSEX26SEP76000PE,"SENSEX",0,2026-09-24,76000,0.05,20,PE,BFO-OPT,BFO
214910469,839494,SENSEX26SEP75900CE,"SENSEX",0,2026-09-24,75900,0.05,20,CE,BFO-OPT,BFO
214938629,839604,SENSEX26SEP75900PE,"SENSEX",0,2026-09-24,75900,0.05,20,PE,BFO-OPT,BFO
214841349,839224,SENSEX26SEP75800PE,"SENSEX",0,2026-09-24,75800,0.05,20,PE,BFO-OPT,BFO
214942469,839619,SENSEX26SEP75800CE,"SENSEX",0,2026-09-24,75800,0.05,20,CE,BFO-OPT,BFO
214902021,839461,SENSEX26SEP75700CE,"SENSEX",0,2026-09-24,75700,0.05,20,CE,BFO-OPT,BFO
214930437,839572,SENSEX26SEP75700PE,"SENSEX",0,2026-09-24,75700,0.05,20,PE,BFO-OPT,BFO
214831365,839185,SENSEX26SEP75600PE,"SENSEX",0,2026-09-24,75600,0.05,20,PE,BFO-OPT,BFO
214933765,839585,SENSEX26SEP75600CE,"SENSEX",0,2026-09-24,75600,0.05,20,CE,BFO-OPT,BFO
214894341,839431,SENSEX26SEP75500CE,"SENSEX",0,2026-09-24,75500,0.05,20,CE,BFO-OPT,BFO
214921989,839539,SENSEX26SEP75500PE,"SENSEX",0,2026-09-24,75500,0.05,20,PE,BFO-OPT,BFO
214823429,839154,SENSEX26SEP75400PE,"SENSEX",0,2026-09-24,75400,0.05,20,PE,BFO-OPT,BFO
214926341,839556,SENSEX26SEP75400CE,"SENSEX",0,2026-09-24,75400,0.05,20,CE,BFO-OPT,BFO
214827013,839168,SENSEX26SEP75300CE,"SENSEX",0,2026-09-24,75300,0.05,20,CE,BFO-OPT,BFO
214913797,839507,SENSEX26SEP75300PE,"SENSEX",0,2026-09-24,75300,0.05,20,PE,BFO-OPT,BFO
214917381,839521,SENSEX26SEP75200CE,"SENSEX",0,2026-09-24,75200,0.05,20,CE,BFO-OPT,BFO
214945541,839631,SENSEX26SEP75200PE,"SENSEX",0,2026-09-24,75200,0.05,20,PE,BFO-OPT,BFO
214818821,839136,SENSEX26SEP75100CE,"SENSEX",0,2026-09-24,75100,0.05,20,CE,BFO-OPT,BFO
214849029,839254,SENSEX26SEP75100PE,"SENSEX",0,2026-09-24,75100,0.05,20,PE,BFO-OPT,BFO
224899333,878513,SENSEX26SEP75000CE,"SENSEX",0,2026-09-24,75000,0.05,20,CE,BFO-OPT,BFO
224965125,878770,SENSEX26SEP75000PE,"SENSEX",0,2026-09-24,75000,0.05,20,PE,BFO-OPT,BFO
214833413,839193,SENSEX26SEP74900CE,"SENSEX",0,2026-09-24,74900,0.05,20,CE,BFO-OPT,BFO
214860805,839300,SENSEX26SEP74900PE,"SENSEX",0,2026-09-24,74900,0.05,20,PE,BFO-OPT,BFO
214865669,839319,SENSEX26SEP74800CE,"SENSEX",0,2026-09-24,74800,0.05,20,CE,BFO-OPT,BFO
214893317,839427,SENSEX26SEP74800PE,"SENSEX",0,2026-09-24,74800,0.05,20,PE,BFO-OPT,BFO
214825221,839161,SENSEX26SEP74700CE,"SENSEX",0,2026-09-24,74700,0.05,20,CE,BFO-OPT,BFO
214855685,839280,SENSEX26SEP74700PE,"SENSEX",0,2026-09-24,74700,0.05,20,PE,BFO-OPT,BFO
214857221,839286,SENSEX26SEP74600CE,"SENSEX",0,2026-09-24,74600,0.05,20,CE,BFO-OPT,BFO
214885381,839396,SENSEX26SEP74600PE,"SENSEX",0,2026-09-24,74600,0.05,20,PE,BFO-OPT,BFO
214846469,839244,SENSEX26SEP74500PE,"SENSEX",0,2026-09-24,74500,0.05,20,PE,BFO-OPT,BFO
214889477,839412,SENSEX26SEP74500CE,"SENSEX",0,2026-09-24,74500,0.05,20,CE,BFO-OPT,BFO
214851077,839262,SENSEX26SEP74400CE,"SENSEX",0,2026-09-24,74400,0.05,20,CE,BFO-OPT,BFO
214876165,839360,SENSEX26SEP74400PE,"SENSEX",0,2026-09-24,74400,0.05,20,PE,BFO-OPT,BFO
214880773,839378,SENSEX26SEP74300CE,"SENSEX",0,2026-09-24,74300,0.05,20,CE,BFO-OPT,BFO
214908421,839486,SENSEX26SEP74300PE,"SENSEX",0,2026-09-24,74300,0.05,20,PE,BFO-OPT,BFO
214841605,839225,SENSEX26SEP74200CE,"SENSEX",0,2026-09-24,74200,0.05,20,CE,BFO-OPT,BFO
214867973,839328,SENSEX26SEP74200PE,"SENSEX",0,2026-09-24,74200,0.05,20,PE,BFO-OPT,BFO
214872069,839344,SENSEX26SEP74100CE,"SENSEX",0,2026-09-24,74100,0.05,20,CE,BFO-OPT,BFO
214898949,839449,SENSEX26SEP74100PE,"SENSEX",0,2026-09-24,74100,0.05,20,PE,BFO-OPT,BFO
225148165,879485,SENSEX26SEP74000PE,"SENSEX",0,2026-09-24,74000,0.05,20,PE,BFO-OPT,BFO
225295365,880060,SENSEX26SEP74000CE,"SENSEX",0,2026-09-24,74000,0.05,20,CE,BFO-OPT,BFO
214887173,839403,SENSEX26SEP73900CE,"SENSEX",0,2026-09-24,73900,0.05,20,CE,BFO-OPT,BFO
214915333,839513,SENSEX26SEP73900PE,"SENSEX",0,2026-09-24,73900,0.05,20,PE,BFO-OPT,BFO
214918661,839526,SENSEX26SEP73800CE,"SENSEX",0,2026-09-24,73800,0.05,20,CE,BFO-OPT,BFO
214946821,839636,SENSEX26SEP73800PE,"SENSEX",0,2026-09-24,73800,0.05,20,PE,BFO-OPT,BFO
214820613,839143,SENSEX26SEP73700CE,"SENSEX",0,2026-09-24,73700,0.05,20,CE,BFO-OPT,BFO
214905861,839476,SENSEX26SEP73700PE,"SENSEX",0,2026-09-24,73700,0.05,20,PE,BFO-OPT,BFO
214909957,839492,SENSEX26SEP73600CE,"SENSEX",0,2026-09-24,73600,0.05,20,CE,BFO-OPT,BFO
214938373,839603,SENSEX26SEP73600PE,"SENSEX",0,2026-09-24,73600,0.05,20,PE,BFO-OPT,BFO
214841093,839223,SENSEX26SEP73500PE,"SENSEX",0,2026-09-24,73500,0.05,20,PE,BFO-OPT,BFO
214942213,839618,SENSEX26SEP73500CE,"SENSEX",0,2026-09-24,73500,0.05,20,CE,BFO-OPT,BFO
214901765,839460,SENSEX26SEP73400CE,"SENSEX",0,2026-09-24,73400,0.05,20,CE,BFO-OPT,BFO
214930181,839571,SENSEX26SEP73400PE,"SENSEX",0,2026-09-24,73400,0.05,20,PE,BFO-OPT,BFO
214830853,839183,SENSEX26SEP73300PE,"SENSEX",0,2026-09-24,73300,0.05,20,PE,BFO-OPT,BFO
214933509,839584,SENSEX26SEP73300CE,"SENSEX",0,2026-09-24,73300,0.05,20,CE,BFO-OPT,BFO
214836741,839206,SENSEX26SEP73200CE,"SENSEX",0,2026-09-24,73200,0.05,20,CE,BFO-OPT,BFO
214921733,839538,SENSEX26SEP73200PE,"SENSEX",0,2026-09-24,73200,0.05,20,PE,BFO-OPT,BFO
214823173,839153,SENSEX26SEP73100PE,"SENSEX",0,2026-09-24,73100,0.05,20,PE,BFO-OPT,BFO
214926085,839555,SENSEX26SEP73100CE,"SENSEX",0,2026-09-24,73100,0.05,20,CE,BFO-OPT,BFO
225757701,881866,SENSEX26SEP73000CE,"SENSEX",0,2026-09-24,73000,0.05,20,CE,BFO-OPT,BFO
225841925,882195,SENSEX26SEP73000PE,"SENSEX",0,2026-09-24,73000,0.05,20,PE,BFO-OPT,BFO
214838277,839212,SENSEX26SEP72900PE,"SENSEX",0,2026-09-24,72900,0.05,20,PE,BFO-OPT,BFO
214881797,839382,SENSEX26SEP72900CE,"SENSEX",0,2026-09-24,72900,0.05,20,CE,BFO-OPT,BFO
214844421,839236,SENSEX26SEP72800CE,"SENSEX",0,2026-09-24,72800,0.05,20,CE,BFO-OPT,BFO
214869253,839333,SENSEX26SEP72800PE,"SENSEX",0,2026-09-24,72800,0.05,20,PE,BFO-OPT,BFO
214873605,839350,SENSEX26SEP72700CE,"SENSEX",0,2026-09-24,72700,0.05,20,CE,BFO-OPT,BFO
214899973,839453,SENSEX26SEP72700PE,"SENSEX",0,2026-09-24,72700,0.05,20,PE,BFO-OPT,BFO
214833157,839192,SENSEX26SEP72600CE,"SENSEX",0,2026-09-24,72600,0.05,20,CE,BFO-OPT,BFO
214860549,839299,SENSEX26SEP72600PE,"SENSEX",0,2026-09-24,72600,0.05,20,PE,BFO-OPT,BFO
214865413,839318,SENSEX26SEP72500CE,"SENSEX",0,2026-09-24,72500,0.05,20,CE,BFO-OPT,BFO
214893061,839426,SENSEX26SEP72500PE,"SENSEX",0,2026-09-24,72500,0.05,20,PE,BFO-OPT,BFO
214855173,839278,SENSEX26SEP72400PE,"SENSEX",0,2026-09-24,72400,0.05,20,PE,BFO-OPT,BFO
214897669,839444,SENSEX26SEP72400CE,"SENSEX",0,2026-09-24,72400,0.05,20,CE,BFO-OPT,BFO
214856965,839285,SENSEX26SEP72300CE,"SENSEX",0,2026-09-24,72300,0.05,20,CE,BFO-OPT,BFO
214884869,839394,SENSEX26SEP72300PE,"SENSEX",0,2026-09-24,72300,0.05,20,PE,BFO-OPT,BFO
214889221,839411,SENSEX26SEP72200CE,"SENSEX",0,2026-09-24,72200,0.05,20,CE,BFO-OPT,BFO
214916613,839518,SENSEX26SEP72200PE,"SENSEX",0,2026-09-24,72200,0.05,20,PE,BFO-OPT,BFO
214850821,839261,SENSEX26SEP72100CE,"SENSEX",0,2026-09-24,72100,0.05,20,CE,BFO-OPT,BFO
214875909,839359,SENSEX26SEP72100PE,"SENSEX",0,2026-09-24,72100,0.05,20,PE,BFO-OPT,BFO
226242309,883759,SENSEX26SEP72000CE,"SENSEX",0,2026-09-24,72000,0.05,20,CE,BFO-OPT,BFO
226278149,883899,SENSEX26SEP72000PE,"SENSEX",0,2026-09-24,72000,0.05,20,PE,BFO-OPT,BFO
214832133,839188,SENSEX26SEP71900PE,"SENSEX",0,2026-09-24,71900,0.05,20,PE,BFO-OPT,BFO
214935557,839592,SENSEX26SEP71900CE,"SENSEX",0,2026-09-24,71900,0.05,20,CE,BFO-OPT,BFO
214895621,839436,SENSEX26SEP71800CE,"SENSEX",0,2026-09-24,71800,0.05,20,CE,BFO-OPT,BFO
214922501,839541,SENSEX26SEP71800PE,"SENSEX",0,2026-09-24,71800,0.05,20,PE,BFO-OPT,BFO
214823941,839156,SENSEX26SEP71700PE,"SENSEX",0,2026-09-24,71700,0.05,20,PE,BFO-OPT,BFO
214927365,839560,SENSEX26SEP71700CE,"SENSEX",0,2026-09-24,71700,0.05,20,CE,BFO-OPT,BFO
214828037,839172,SENSEX26SEP71600CE,"SENSEX",0,2026-09-24,71600,0.05,20,CE,BFO-OPT,BFO
214915077,839512,SENSEX26SEP71600PE,"SENSEX",0,2026-09-24,71600,0.05,20,PE,BFO-OPT,BFO
214918405,839525,SENSEX26SEP71500CE,"SENSEX",0,2026-09-24,71500,0.05,20,CE,BFO-OPT,BFO
214946565,839635,SENSEX26SEP71500PE,"SENSEX",0,2026-09-24,71500,0.05,20,PE,BFO-OPT,BFO
214820357,839142,SENSEX26SEP71400CE,"SENSEX",0,2026-09-24,71400,0.05,20,CE,BFO-OPT,BFO
214849541,839256,SENSEX26SEP71400PE,"SENSEX",0,2026-09-24,71400,0.05,20,PE,BFO-OPT,BFO
214909701,839491,SENSEX26SEP71300CE,"SENSEX",0,2026-09-24,71300,0.05,20,CE,BFO-OPT,BFO
214938117,839602,SENSEX26SEP71300PE,"SENSEX",0,2026-09-24,71300,0.05,20,PE,BFO-OPT,BFO
214840837,839222,SENSEX26SEP71200PE,"SENSEX",0,2026-09-24,71200,0.05,20,PE,BFO-OPT,BFO
214941957,839617,SENSEX26SEP71200CE,"SENSEX",0,2026-09-24,71200,0.05,20,CE,BFO-OPT,BFO
214846213,839243,SENSEX26SEP71100CE,"SENSEX",0,2026-09-24,71100,0.05,20,CE,BFO-OPT,BFO
214929925,839570,SENSEX26SEP71100PE,"SENSEX",0,2026-09-24,71100,0.05,20,PE,BFO-OPT,BFO
226353413,884193,SENSEX26SEP71000PE,"SENSEX",0,2026-09-24,71000,0.05,20,PE,BFO-OPT,BFO
226552581,884971,SENSEX26SEP71000CE,"SENSEX",0,2026-09-24,71000,0.05,20,CE,BFO-OPT,BFO
214857989,839289,SENSEX26SEP70900CE,"SENSEX",0,2026-09-24,70900,0.05,20,CE,BFO-OPT,BFO
214886405,839400,SENSEX26SEP70900PE,"SENSEX",0,2026-09-24,70900,0.05,20,PE,BFO-OPT,BFO
214847749,839249,SENSEX26SEP70800PE,"SENSEX",0,2026-09-24,70800,0.05,20,PE,BFO-OPT,BFO
214890245,839415,SENSEX26SEP70800CE,"SENSEX",0,2026-09-24,70800,0.05,20,CE,BFO-OPT,BFO
214852357,839267,SENSEX26SEP70700CE,"SENSEX",0,2026-09-24,70700,0.05,20,CE,BFO-OPT,BFO
214877701,839366,SENSEX26SEP70700PE,"SENSEX",0,2026-09-24,70700,0.05,20,PE,BFO-OPT,BFO
214881541,839381,SENSEX26SEP70600CE,"SENSEX",0,2026-09-24,70600,0.05,20,CE,BFO-OPT,BFO
214908677,839487,SENSEX26SEP70600PE,"SENSEX",0,2026-09-24,70600,0.05,20,PE,BFO-OPT,BFO
214844165,839235,SENSEX26SEP70500CE,"SENSEX",0,2026-09-24,70500,0.05,20,CE,BFO-OPT,BFO
214868997,839332,SENSEX26SEP70500PE,"SENSEX",0,2026-09-24,70500,0.05,20,PE,BFO-OPT,BFO
214873349,839349,SENSEX26SEP70400CE,"SENSEX",0,2026-09-24,70400,0.05,20,CE,BFO-OPT,BFO
214899717,839452,SENSEX26SEP70400PE,"SENSEX",0,2026-09-24,70400,0.05,20,PE,BFO-OPT,BFO
214860293,839298,SENSEX26SEP70300PE,"SENSEX",0,2026-09-24,70300,0.05,20,PE,BFO-OPT,BFO
214905605,839475,SENSEX26SEP70300CE,"SENSEX",0,2026-09-24,70300,0.05,20,CE,BFO-OPT,BFO
214865157,839317,SENSEX26SEP70200CE,"SENSEX",0,2026-09-24,70200,0.05,20,CE,BFO-OPT,BFO
214892805,839425,SENSEX26SEP70200PE,"SENSEX",0,2026-09-24,70200,0.05,20,PE,BFO-OPT,BFO
214897413,839443,SENSEX26SEP70100CE,"SENSEX",0,2026-09-24,70100,0.05,20,CE,BFO-OPT,BFO
214925317,839552,SENSEX26SEP70100PE,"SENSEX",0,2026-09-24,70100,0.05,20,PE,BFO-OPT,BFO
226706693,885573,SENSEX26SEP70000CE,"SENSEX",0,2026-09-24,70000,0.05,20,CE,BFO-OPT,BFO
226825733,886038,SENSEX26SEP70000PE,"SENSEX",0,2026-09-24,70000,0.05,20,PE,BFO-OPT,BFO
214884613,839393,SENSEX26SEP69900CE,"SENSEX",0,2026-09-24,69900,0.05,20,CE,BFO-OPT,BFO
214912773,839503,SENSEX26SEP69900PE,"SENSEX",0,2026-09-24,69900,0.05,20,PE,BFO-OPT,BFO
214916357,839517,SENSEX26SEP69800CE,"SENSEX",0,2026-09-24,69800,0.05,20,CE,BFO-OPT,BFO
214945285,839630,SENSEX26SEP69800PE,"SENSEX",0,2026-09-24,69800,0.05,20,PE,BFO-OPT,BFO
215360261,841251,SENSEX26SEP69700CE,"SENSEX",0,2026-09-24,69700,0.05,20,CE,BFO-OPT,BFO
215371781,841296,SENSEX26SEP69700PE,"SENSEX",0,2026-09-24,69700,0.05,20,PE,BFO-OPT,BFO
215375365,841310,SENSEX26SEP69600CE,"SENSEX",0,2026-09-24,69600,0.05,20,CE,BFO-OPT,BFO
215387397,841357,SENSEX26SEP69600PE,"SENSEX",0,2026-09-24,69600,0.05,20,PE,BFO-OPT,BFO
215367941,841281,SENSEX26SEP69500PE,"SENSEX",0,2026-09-24,69500,0.05,20,PE,BFO-OPT,BFO
215388677,841362,SENSEX26SEP69500CE,"SENSEX",0,2026-09-24,69500,0.05,20,CE,BFO-OPT,BFO
227508741,888706,SENSEX26SEP69000CE,"SENSEX",0,2026-09-24,69000,0.05,20,CE,BFO-OPT,BFO
227567365,888935,SENSEX26SEP69000PE,"SENSEX",0,2026-09-24,69000,0.05,20,PE,BFO-OPT,BFO
227768325,889720,SENSEX26SEP68000PE,"SENSEX",0,2026-09-24,68000,0.05,20,PE,BFO-OPT,BFO
281720325,1100470,SENSEX26SEP68000CE,"SENSEX",0,2026-09-24,68000,0.05,20,CE,BFO-OPT,BFO
286076677,1117487,SENSEX26SEP67000PE,"SENSEX",0,2026-09-24,67000,0.05,20,PE,BFO-OPT,BFO
286980357,1121017,SENSEX26SEP67000CE,"SENSEX",0,2026-09-24,67000,0.05,20,CE,BFO-OPT,BFO
226930949,886449,SENSEX26O0176200CE,"SENSEX",0,2026-10-01,76200,0.05,20,CE,BFO-OPT,BFO
226932229,886454,SENSEX26O0178500CE,"SENSEX",0,2026-10-01,78500,0.05,20,CE,BFO-OPT,BFO
226934021,886461,SENSEX26O0172500CE,"SENSEX",0,2026-10-01,72500,0.05,20,CE,BFO-OPT,BFO
226934533,886463,SENSEX26O0174800CE,"SENSEX",0,2026-10-01,74800,0.05,20,CE,BFO-OPT,BFO
226935813,886468,SENSEX26O0180200CE,"SENSEX",0,2026-10-01,80200,0.05,20,CE,BFO-OPT,BFO
226936837,886472,SENSEX26O0182500CE,"SENSEX",0,2026-10-01,82500,0.05,20,CE,BFO-OPT,BFO
226939653,886483,SENSEX26O0174200PE,"SENSEX",0,2026-10-01,74200,0.05,20,PE,BFO-OPT,BFO
226940165,886485,SENSEX26O0176500PE,"SENSEX",0,2026-10-01,76500,0.05,20,PE,BFO-OPT,BFO
226940933,886488,SENSEX26O0178800PE,"SENSEX",0,2026-10-01,78800,0.05,20,PE,BFO-OPT,BFO
226942725,886495,SENSEX26O0172800PE,"SENSEX",0,2026-10-01,72800,0.05,20,PE,BFO-OPT,BFO
226942981,886496,SENSEX26O0179500CE,"SENSEX",0,2026-10-01,79500,0.05,20,CE,BFO-OPT,BFO
226944773,886503,SENSEX26O0175800CE,"SENSEX",0,2026-10-01,75800,0.05,20,CE,BFO-OPT,BFO
226945285,886505,SENSEX26O0180500PE,"SENSEX",0,2026-10-01,80500,0.05,20,PE,BFO-OPT,BFO
226945541,886506,SENSEX26O0182800PE,"SENSEX",0,2026-10-01,82800,0.05,20,PE,BFO-OPT,BFO
226948357,886517,SENSEX26O0174100CE,"SENSEX",0,2026-10-01,74100,0.05,20,CE,BFO-OPT,BFO
226948613,886518,SENSEX26O0176400CE,"SENSEX",0,2026-10-01,76400,0.05,20,CE,BFO-OPT,BFO
226949381,886521,SENSEX26O0179800PE,"SENSEX",0,2026-10-01,79800,0.05,20,PE,BFO-OPT,BFO
226951173,886528,SENSEX26O0172700CE,"SENSEX",0,2026-10-01,72700,0.05,20,CE,BFO-OPT,BFO
226952453,886533,SENSEX26O0180400CE,"SENSEX",0,2026-10-01,80400,0.05,20,CE,BFO-OPT,BFO
226952965,886535,SENSEX26O0182700CE,"SENSEX",0,2026-10-01,82700,0.05,20,CE,BFO-OPT,BFO
226953221,886536,SENSEX26O0178100PE,"SENSEX",0,2026-10-01,78100,0.05,20,PE,BFO-OPT,BFO
226954245,886540,SENSEX26O0172100PE,"SENSEX",0,2026-10-01,72100,0.05,20,PE,BFO-OPT,BFO
226954501,886541,SENSEX26O0174400PE,"SENSEX",0,2026-10-01,74400,0.05,20,PE,BFO-OPT,BFO
226954757,886542,SENSEX26O0176700PE,"SENSEX",0,2026-10-01,76700,0.05,20,PE,BFO-OPT,BFO
226956293,886548,SENSEX26O0177400CE,"SENSEX",0,2026-10-01,77400,0.05,20,CE,BFO-OPT,BFO
226957061,886551,SENSEX26O0179700CE,"SENSEX",0,2026-10-01,79700,0.05,20,CE,BFO-OPT,BFO
226957573,886553,SENSEX26O0182100PE,"SENSEX",0,2026-10-01,82100,0.05,20,PE,BFO-OPT,BFO
226962437,886572,SENSEX26O0173700CE,"SENSEX",0,2026-10-01,73700,0.05,20,CE,BFO-OPT,BFO
226963461,886576,SENSEX26O0180700PE,"SENSEX",0,2026-10-01,80700,0.05,20,PE,BFO-OPT,BFO
226965509,886584,SENSEX26O0178000CE,"SENSEX",0,2026-10-01,78000,0.05,20,CE,BFO-OPT,BFO
226966789,886589,SENSEX26O0172000CE,"SENSEX",0,2026-10-01,72000,0.05,20,CE,BFO-OPT,BFO
226967045,886590,SENSEX26O0174300CE,"SENSEX",0,2026-10-01,74300,0.05,20,CE,BFO-OPT,BFO
226967557,886592,SENSEX26O0177700PE,"SENSEX",0,2026-10-01,77700,0.05,20,PE,BFO-OPT,BFO
226968325,886595,SENSEX26O0182000CE,"SENSEX",0,2026-10-01,82000,0.05,20,CE,BFO-OPT,BFO
226969605,886600,SENSEX26O0180600CE,"SENSEX",0,2026-10-01,80600,0.05,20,CE,BFO-OPT,BFO
226970117,886602,SENSEX26O0182900CE,"SENSEX",0,2026-10-01,82900,0.05,20,CE,BFO-OPT,BFO
226973445,886615,SENSEX26O0176000PE,"SENSEX",0,2026-10-01,76000,0.05,20,PE,BFO-OPT,BFO
226973701,886616,SENSEX26O0178300PE,"SENSEX",0,2026-10-01,78300,0.05,20,PE,BFO-OPT,BFO
226974725,886620,SENSEX26O0172300PE,"SENSEX",0,2026-10-01,72300,0.05,20,PE,BFO-OPT,BFO
226975237,886622,SENSEX26O0174600PE,"SENSEX",0,2026-10-01,74600,0.05,20,PE,BFO-OPT,BFO
226975493,886623,SENSEX26O0179000CE,"SENSEX",0,2026-10-01,79000,0.05,20,CE,BFO-OPT,BFO
226976773,886628,SENSEX26O0175300CE,"SENSEX",0,2026-10-01,75300,0.05,20,CE,BFO-OPT,BFO
226977029,886629,SENSEX26O0177600CE,"SENSEX",0,2026-10-01,77600,0.05,20,CE,BFO-OPT,BFO
226977285,886630,SENSEX26O0179900CE,"SENSEX",0,2026-10-01,79900,0.05,20,CE,BFO-OPT,BFO
226977797,886632,SENSEX26O0180000PE,"SENSEX",0,2026-10-01,80000,0.05,20,PE,BFO-OPT,BFO
226978309,886634,SENSEX26O0182300PE,"SENSEX",0,2026-10-01,82300,0.05,20,PE,BFO-OPT,BFO
226979589,886639,SENSEX26O0173900CE,"SENSEX",0,2026-10-01,73900,0.05,20,CE,BFO-OPT,BFO
226980613,886643,SENSEX26O0180900PE,"SENSEX",0,2026-10-01,80900,0.05,20,PE,BFO-OPT,BFO
226983685,886655,SENSEX26O0179300PE,"SENSEX",0,2026-10-01,79300,0.05,20,PE,BFO-OPT,BFO
226984709,886659,SENSEX26O0172200CE,"SENSEX",0,2026-10-01,72200,0.05,20,CE,BFO-OPT,BFO
226984965,886660,SENSEX26O0175600PE,"SENSEX",0,2026-10-01,75600,0.05,20,PE,BFO-OPT,BFO
226985477,886662,SENSEX26O0177900PE,"SENSEX",0,2026-10-01,77900,0.05,20,PE,BFO-OPT,BFO
226987781,886671,SENSEX26O0171900PE,"SENSEX",0,2026-10-01,71900,0.05,20,PE,BFO-OPT,BFO
226988037,886672,SENSEX26O0182200CE,"SENSEX",0,2026-10-01,82200,0.05,20,CE,BFO-OPT,BFO
226989317,886677,SENSEX26O0180800CE,"SENSEX",0,2026-10-01,80800,0.05,20,CE,BFO-OPT,BFO
226990597,886682,SENSEX26O0176200PE,"SENSEX",0,2026-10-01,76200,0.05,20,PE,BFO-OPT,BFO
226991365,886685,SENSEX26O0172500PE,"SENSEX",0,2026-10-01,72500,0.05,20,PE,BFO-OPT,BFO
226991621,886686,SENSEX26O0179200CE,"SENSEX",0,2026-10-01,79200,0.05,20,CE,BFO-OPT,BFO
226993157,886692,SENSEX26O0173200CE,"SENSEX",0,2026-10-01,73200,0.05,20,CE,BFO-OPT,BFO
226993669,886694,SENSEX26O0175500CE,"SENSEX",0,2026-10-01,75500,0.05,20,CE,BFO-OPT,BFO
226993925,886695,SENSEX26O0177800CE,"SENSEX",0,2026-10-01,77800,0.05,20,CE,BFO-OPT,BFO
226994181,886696,SENSEX26O0180200PE,"SENSEX",0,2026-10-01,80200,0.05,20,PE,BFO-OPT,BFO
226994437,886697,SENSEX26O0182500PE,"SENSEX",0,2026-10-01,82500,0.05,20,PE,BFO-OPT,BFO
226998021,886711,SENSEX26O0181800CE,"SENSEX",0,2026-10-01,81800,0.05,20,CE,BFO-OPT,BFO
226998789,886714,SENSEX26O0177200PE,"SENSEX",0,2026-10-01,77200,0.05,20,PE,BFO-OPT,BFO
226999301,886716,SENSEX26O0179500PE,"SENSEX",0,2026-10-01,79500,0.05,20,PE,BFO-OPT,BFO
226999813,886718,SENSEX26O0173500PE,"SENSEX",0,2026-10-01,73500,0.05,20,PE,BFO-OPT,BFO
227000069,886719,SENSEX26O0175800PE,"SENSEX",0,2026-10-01,75800,0.05,20,PE,BFO-OPT,BFO
227001349,886724,SENSEX26O0180100CE,"SENSEX",0,2026-10-01,80100,0.05,20,CE,BFO-OPT,BFO
227001605,886725,SENSEX26O0182400CE,"SENSEX",0,2026-10-01,82400,0.05,20,CE,BFO-OPT,BFO
227002885,886730,SENSEX26O0174100PE,"SENSEX",0,2026-10-01,74100,0.05,20,PE,BFO-OPT,BFO
227005445,886740,SENSEX26O0177100CE,"SENSEX",0,2026-10-01,77100,0.05,20,CE,BFO-OPT,BFO
227005701,886741,SENSEX26O0179400CE,"SENSEX",0,2026-10-01,79400,0.05,20,CE,BFO-OPT,BFO
227007237,886747,SENSEX26O0173400CE,"SENSEX",0,2026-10-01,73400,0.05,20,CE,BFO-OPT,BFO
227007493,886748,SENSEX26O0175700CE,"SENSEX",0,2026-10-01,75700,0.05,20,CE,BFO-OPT,BFO
227007749,886749,SENSEX26O0180400PE,"SENSEX",0,2026-10-01,80400,0.05,20,PE,BFO-OPT,BFO
227008005,886750,SENSEX26O0182700PE,"SENSEX",0,2026-10-01,82700,0.05,20,PE,BFO-OPT,BFO
227009541,886756,SENSEX26O0181100CE,"SENSEX",0,2026-10-01,81100,0.05,20,CE,BFO-OPT,BFO
227011845,886765,SENSEX26O0175100PE,"SENSEX",0,2026-10-01,75100,0.05,20,PE,BFO-OPT,BFO
227012101,886766,SENSEX26O0177400PE,"SENSEX",0,2026-10-01,77400,0.05,20,PE,BFO-OPT,BFO
227012613,886768,SENSEX26O0179700PE,"SENSEX",0,2026-10-01,79700,0.05,20,PE,BFO-OPT,BFO
227014661,886776,SENSEX26O0173700PE,"SENSEX",0,2026-10-01,73700,0.05,20,PE,BFO-OPT,BFO
227018245,886790,SENSEX26O0172000PE,"SENSEX",0,2026-10-01,72000,0.05,20,PE,BFO-OPT,BFO
227019781,886796,SENSEX26O0175000CE,"SENSEX",0,2026-10-01,75000,0.05,20,CE,BFO-OPT,BFO
227020293,886798,SENSEX26O0177300CE,"SENSEX",0,2026-10-01,77300,0.05,20,CE,BFO-OPT,BFO
227020549,886799,SENSEX26O0179600CE,"SENSEX",0,2026-10-01,79600,0.05,20,CE,BFO-OPT,BFO
227020805,886800,SENSEX26O0182000PE,"SENSEX",0,2026-10-01,82000,0.05,20,PE,BFO-OPT,BFO
227022085,886805,SENSEX26O0173600CE,"SENSEX",0,2026-10-01,73600,0.05,20,CE,BFO-OPT,BFO
227022597,886807,SENSEX26O0175900CE,"SENSEX",0,2026-10-01,75900,0.05,20,CE,BFO-OPT,BFO
227022853,886808,SENSEX26O0180600PE,"SENSEX",0,2026-10-01,80600,0.05,20,PE,BFO-OPT,BFO
227024645,886815,SENSEX26O0181300CE,"SENSEX",0,2026-10-01,81300,0.05,20,CE,BFO-OPT,BFO
227025413,886818,SENSEX26O0179000PE,"SENSEX",0,2026-10-01,79000,0.05,20,PE,BFO-OPT,BFO
227025925,886820,SENSEX26O0173000PE,"SENSEX",0,2026-10-01,73000,0.05,20,PE,BFO-OPT,BFO
227026437,886822,SENSEX26O0175300PE,"SENSEX",0,2026-10-01,75300,0.05,20,PE,BFO-OPT,BFO
227026949,886824,SENSEX26O0177600PE,"SENSEX",0,2026-10-01,77600,0.05,20,PE,BFO-OPT,BFO
227027973,886828,SENSEX26O0179900PE,"SENSEX",0,2026-10-01,79900,0.05,20,PE,BFO-OPT,BFO
227028741,886831,SENSEX26O0173900PE,"SENSEX",0,2026-10-01,73900,0.05,20,PE,BFO-OPT,BFO
227029253,886833,SENSEX26O0183000PE,"SENSEX",0,2026-10-01,83000,0.05,20,PE,BFO-OPT,BFO
227029509,886834,SENSEX26O0181600PE,"SENSEX",0,2026-10-01,81600,0.05,20,PE,BFO-OPT,BFO
227031813,886843,SENSEX26O0175200CE,"SENSEX",0,2026-10-01,75200,0.05,20,CE,BFO-OPT,BFO
227032325,886845,SENSEX26O0177500CE,"SENSEX",0,2026-10-01,77500,0.05,20,CE,BFO-OPT,BFO
227032581,886846,SENSEX26O0179800CE,"SENSEX",0,2026-10-01,79800,0.05,20,CE,BFO-OPT,BFO
227033349,886849,SENSEX26O0173800CE,"SENSEX",0,2026-10-01,73800,0.05,20,CE,BFO-OPT,BFO
227035141,886856,SENSEX26O0181500CE,"SENSEX",0,2026-10-01,81500,0.05,20,CE,BFO-OPT,BFO
227037445,886865,SENSEX26O0179200PE,"SENSEX",0,2026-10-01,79200,0.05,20,PE,BFO-OPT,BFO
227039237,886872,SENSEX26O0173200PE,"SENSEX",0,2026-10-01,73200,0.05,20,PE,BFO-OPT,BFO
227039493,886873,SENSEX26O0175500PE,"SENSEX",0,2026-10-01,75500,0.05,20,PE,BFO-OPT,BFO
227039749,886874,SENSEX26O0177800PE,"SENSEX",0,2026-10-01,77800,0.05,20,PE,BFO-OPT,BFO
227041797,886882,SENSEX26O0181800PE,"SENSEX",0,2026-10-01,81800,0.05,20,PE,BFO-OPT,BFO
227044357,886892,SENSEX26O0179100CE,"SENSEX",0,2026-10-01,79100,0.05,20,CE,BFO-OPT,BFO
227045893,886898,SENSEX26O0173100CE,"SENSEX",0,2026-10-01,73100,0.05,20,CE,BFO-OPT,BFO
227046149,886899,SENSEX26O0175400CE,"SENSEX",0,2026-10-01,75400,0.05,20,CE,BFO-OPT,BFO
227046405,886900,SENSEX26O0177700CE,"SENSEX",0,2026-10-01,77700,0.05,20,CE,BFO-OPT,BFO
227048453,886908,SENSEX26O0183100CE,"SENSEX",0,2026-10-01,83100,0.05,20,CE,BFO-OPT,BFO
227049477,886912,SENSEX26O0181700CE,"SENSEX",0,2026-10-01,81700,0.05,20,CE,BFO-OPT,BFO
227050245,886915,SENSEX26O0177100PE,"SENSEX",0,2026-10-01,77100,0.05,20,PE,BFO-OPT,BFO
227051013,886918,SENSEX26O0179400PE,"SENSEX",0,2026-10-01,79400,0.05,20,PE,BFO-OPT,BFO
227052549,886924,SENSEX26O0173400PE,"SENSEX",0,2026-10-01,73400,0.05,20,PE,BFO-OPT,BFO
227053061,886926,SENSEX26O0175700PE,"SENSEX",0,2026-10-01,75700,0.05,20,PE,BFO-OPT,BFO
227053829,886929,SENSEX26O0178700CE,"SENSEX",0,2026-10-01,78700,0.05,20,CE,BFO-OPT,BFO
227054085,886930,SENSEX26O0181100PE,"SENSEX",0,2026-10-01,81100,0.05,20,PE,BFO-OPT,BFO
227058181,886946,SENSEX26O0177000CE,"SENSEX",0,2026-10-01,77000,0.05,20,CE,BFO-OPT,BFO
227058437,886947,SENSEX26O0179300CE,"SENSEX",0,2026-10-01,79300,0.05,20,CE,BFO-OPT,BFO
227059461,886951,SENSEX26O0173300CE,"SENSEX",0,2026-10-01,73300,0.05,20,CE,BFO-OPT,BFO
227059717,886952,SENSEX26O0175600CE,"SENSEX",0,2026-10-01,75600,0.05,20,CE,BFO-OPT,BFO
227062021,886961,SENSEX26O0171900CE,"SENSEX",0,2026-10-01,71900,0.05,20,CE,BFO-OPT,BFO
227063045,886965,SENSEX26O0181000CE,"SENSEX",0,2026-10-01,81000,0.05,20,CE,BFO-OPT,BFO
227063557,886967,SENSEX26O0181900CE,"SENSEX",0,2026-10-01,81900,0.05,20,CE,BFO-OPT,BFO
227065349,886974,SENSEX26O0175000PE,"SENSEX",0,2026-10-01,75000,0.05,20,PE,BFO-OPT,BFO
227065861,886976,SENSEX26O0177300PE,"SENSEX",0,2026-10-01,77300,0.05,20,PE,BFO-OPT,BFO
227066117,886977,SENSEX26O0179600PE,"SENSEX",0,2026-10-01,79600,0.05,20,PE,BFO-OPT,BFO
227067141,886981,SENSEX26O0173600PE,"SENSEX",0,2026-10-01,73600,0.05,20,PE,BFO-OPT,BFO
227067397,886982,SENSEX26O0175900PE,"SENSEX",0,2026-10-01,75900,0.05,20,PE,BFO-OPT,BFO
227069957,886992,SENSEX26O0176600CE,"SENSEX",0,2026-10-01,76600,0.05,20,CE,BFO-OPT,BFO
227070213,886993,SENSEX26O0178900CE,"SENSEX",0,2026-10-01,78900,0.05,20,CE,BFO-OPT,BFO
227070981,886996,SENSEX26O0181300PE,"SENSEX",0,2026-10-01,81300,0.05,20,PE,BFO-OPT,BFO
227072261,887001,SENSEX26O0172900CE,"SENSEX",0,2026-10-01,72900,0.05,20,CE,BFO-OPT,BFO
227074821,887011,SENSEX26O0177200CE,"SENSEX",0,2026-10-01,77200,0.05,20,CE,BFO-OPT,BFO
227076357,887017,SENSEX26O0173500CE,"SENSEX",0,2026-10-01,73500,0.05,20,CE,BFO-OPT,BFO
227076869,887019,SENSEX26O0176900PE,"SENSEX",0,2026-10-01,76900,0.05,20,PE,BFO-OPT,BFO
227078405,887025,SENSEX26O0181200CE,"SENSEX",0,2026-10-01,81200,0.05,20,CE,BFO-OPT,BFO
227080197,887032,SENSEX26O0175200PE,"SENSEX",0,2026-10-01,75200,0.05,20,PE,BFO-OPT,BFO
227080709,887034,SENSEX26O0177500PE,"SENSEX",0,2026-10-01,77500,0.05,20,PE,BFO-OPT,BFO
227081221,887036,SENSEX26O0173800PE,"SENSEX",0,2026-10-01,73800,0.05,20,PE,BFO-OPT,BFO
227081733,887038,SENSEX26O0178200CE,"SENSEX",0,2026-10-01,78200,0.05,20,CE,BFO-OPT,BFO
227082245,887040,SENSEX26O0174500CE,"SENSEX",0,2026-10-01,74500,0.05,20,CE,BFO-OPT,BFO
227082501,887041,SENSEX26O0176800CE,"SENSEX",0,2026-10-01,76800,0.05,20,CE,BFO-OPT,BFO
227082757,887042,SENSEX26O0181500PE,"SENSEX",0,2026-10-01,81500,0.05,20,PE,BFO-OPT,BFO
227084037,887047,SENSEX26O0175100CE,"SENSEX",0,2026-10-01,75100,0.05,20,CE,BFO-OPT,BFO
227085317,887052,SENSEX26O0178500PE,"SENSEX",0,2026-10-01,78500,0.05,20,PE,BFO-OPT,BFO
227086341,887056,SENSEX26O0174800PE,"SENSEX",0,2026-10-01,74800,0.05,20,PE,BFO-OPT,BFO
227087365,887060,SENSEX26O0181400CE,"SENSEX",0,2026-10-01,81400,0.05,20,CE,BFO-OPT,BFO
227088133,887063,SENSEX26O0179100PE,"SENSEX",0,2026-10-01,79100,0.05,20,PE,BFO-OPT,BFO
227088389,887064,SENSEX26O0173100PE,"SENSEX",0,2026-10-01,73100,0.05,20,PE,BFO-OPT,BFO
227089157,887067,SENSEX26O0175400PE,"SENSEX",0,2026-10-01,75400,0.05,20,PE,BFO-OPT,BFO
227090693,887073,SENSEX26O0176100CE,"SENSEX",0,2026-10-01,76100,0.05,20,CE,BFO-OPT,BFO
227091205,887075,SENSEX26O0178400CE,"SENSEX",0,2026-10-01,78400,0.05,20,CE,BFO-OPT,BFO
227091973,887078,SENSEX26O0183100PE,"SENSEX",0,2026-10-01,83100,0.05,20,PE,BFO-OPT,BFO
227092485,887080,SENSEX26O0172400CE,"SENSEX",0,2026-10-01,72400,0.05,20,CE,BFO-OPT,BFO
227092741,887081,SENSEX26O0174700CE,"SENSEX",0,2026-10-01,74700,0.05,20,CE,BFO-OPT,BFO
227094277,887087,SENSEX26O0181700PE,"SENSEX",0,2026-10-01,81700,0.05,20,PE,BFO-OPT,BFO
227095557,887092,SENSEX26O0173000CE,"SENSEX",0,2026-10-01,73000,0.05,20,CE,BFO-OPT,BFO
227096069,887094,SENSEX26O0176400PE,"SENSEX",0,2026-10-01,76400,0.05,20,PE,BFO-OPT,BFO
227097093,887098,SENSEX26O0178700PE,"SENSEX",0,2026-10-01,78700,0.05,20,PE,BFO-OPT,BFO
227097605,887100,SENSEX26O0172700PE,"SENSEX",0,2026-10-01,72700,0.05,20,PE,BFO-OPT,BFO
227097861,887101,SENSEX26O0183000CE,"SENSEX",0,2026-10-01,83000,0.05,20,CE,BFO-OPT,BFO
227100421,887111,SENSEX26O0181600CE,"SENSEX",0,2026-10-01,81600,0.05,20,CE,BFO-OPT,BFO
227101957,887117,SENSEX26O0177000PE,"SENSEX",0,2026-10-01,77000,0.05,20,PE,BFO-OPT,BFO
227103749,887124,SENSEX26O0173300PE,"SENSEX",0,2026-10-01,73300,0.05,20,PE,BFO-OPT,BFO
227104261,887126,SENSEX26O0174000CE,"SENSEX",0,2026-10-01,74000,0.05,20,CE,BFO-OPT,BFO
227104517,887127,SENSEX26O0176300CE,"SENSEX",0,2026-10-01,76300,0.05,20,CE,BFO-OPT,BFO
227104773,887128,SENSEX26O0178600CE,"SENSEX",0,2026-10-01,78600,0.05,20,CE,BFO-OPT,BFO
227105029,887129,SENSEX26O0181000PE,"SENSEX",0,2026-10-01,81000,0.05,20,PE,BFO-OPT,BFO
227106565,887135,SENSEX26O0172600CE,"SENSEX",0,2026-10-01,72600,0.05,20,CE,BFO-OPT,BFO
227107077,887137,SENSEX26O0174900CE,"SENSEX",0,2026-10-01,74900,0.05,20,CE,BFO-OPT,BFO
227107845,887140,SENSEX26O0181900PE,"SENSEX",0,2026-10-01,81900,0.05,20,PE,BFO-OPT,BFO
227109125,887145,SENSEX26O0180300CE,"SENSEX",0,2026-10-01,80300,0.05,20,CE,BFO-OPT,BFO
227109637,887147,SENSEX26O0182600CE,"SENSEX",0,2026-10-01,82600,0.05,20,CE,BFO-OPT,BFO
227111941,887156,SENSEX26O0178000PE,"SENSEX",0,2026-10-01,78000,0.05,20,PE,BFO-OPT,BFO
227112965,887160,SENSEX26O0174300PE,"SENSEX",0,2026-10-01,74300,0.05,20,PE,BFO-OPT,BFO
227113221,887161,SENSEX26O0176600PE,"SENSEX",0,2026-10-01,76600,0.05,20,PE,BFO-OPT,BFO
227113477,887162,SENSEX26O0178900PE,"SENSEX",0,2026-10-01,78900,0.05,20,PE,BFO-OPT,BFO
227115269,887169,SENSEX26O0172900PE,"SENSEX",0,2026-10-01,72900,0.05,20,PE,BFO-OPT,BFO
227117061,887176,SENSEX26O0182900PE,"SENSEX",0,2026-10-01,82900,0.05,20,PE,BFO-OPT,BFO
227120901,887191,SENSEX26O0174200CE,"SENSEX",0,2026-10-01,74200,0.05,20,CE,BFO-OPT,BFO
227121413,887193,SENSEX26O0176500CE,"SENSEX",0,2026-10-01,76500,0.05,20,CE,BFO-OPT,BFO
227121925,887195,SENSEX26O0178800CE,"SENSEX",0,2026-10-01,78800,0.05,20,CE,BFO-OPT,BFO
227122437,887197,SENSEX26O0181200PE,"SENSEX",0,2026-10-01,81200,0.05,20,PE,BFO-OPT,BFO
227123205,887200,SENSEX26O0172800CE,"SENSEX",0,2026-10-01,72800,0.05,20,CE,BFO-OPT,BFO
227124997,887207,SENSEX26O0180500CE,"SENSEX",0,2026-10-01,80500,0.05,20,CE,BFO-OPT,BFO
227125253,887208,SENSEX26O0182800CE,"SENSEX",0,2026-10-01,82800,0.05,20,CE,BFO-OPT,BFO
227126533,887213,SENSEX26O0178200PE,"SENSEX",0,2026-10-01,78200,0.05,20,PE,BFO-OPT,BFO
227127301,887216,SENSEX26O0172200PE,"SENSEX",0,2026-10-01,72200,0.05,20,PE,BFO-OPT,BFO
227127557,887217,SENSEX26O0174500PE,"SENSEX",0,2026-10-01,74500,0.05,20,PE,BFO-OPT,BFO
227128069,887219,SENSEX26O0176800PE,"SENSEX",0,2026-10-01,76800,0.05,20,PE,BFO-OPT,BFO
227130117,887227,SENSEX26O0182200PE,"SENSEX",0,2026-10-01,82200,0.05,20,PE,BFO-OPT,BFO
227131397,887232,SENSEX26O0180800PE,"SENSEX",0,2026-10-01,80800,0.05,20,PE,BFO-OPT,BFO
227132165,887235,SENSEX26O0178100CE,"SENSEX",0,2026-10-01,78100,0.05,20,CE,BFO-OPT,BFO
227136773,887253,SENSEX26O0172100CE,"SENSEX",0,2026-10-01,72100,0.05,20,CE,BFO-OPT,BFO
227137029,887254,SENSEX26O0174400CE,"SENSEX",0,2026-10-01,74400,0.05,20,CE,BFO-OPT,BFO
227138309,887259,SENSEX26O0176700CE,"SENSEX",0,2026-10-01,76700,0.05,20,CE,BFO-OPT,BFO
227138821,887261,SENSEX26O0181400PE,"SENSEX",0,2026-10-01,81400,0.05,20,PE,BFO-OPT,BFO
227139077,887262,SENSEX26O0182100CE,"SENSEX",0,2026-10-01,82100,0.05,20,CE,BFO-OPT,BFO
227140869,887269,SENSEX26O0180700CE,"SENSEX",0,2026-10-01,80700,0.05,20,CE,BFO-OPT,BFO
227142405,887275,SENSEX26O0176100PE,"SENSEX",0,2026-10-01,76100,0.05,20,PE,BFO-OPT,BFO
227142661,887276,SENSEX26O0178400PE,"SENSEX",0,2026-10-01,78400,0.05,20,PE,BFO-OPT,BFO
227143429,887279,SENSEX26O0172400PE,"SENSEX",0,2026-10-01,72400,0.05,20,PE,BFO-OPT,BFO
227143685,887280,SENSEX26O0174700PE,"SENSEX",0,2026-10-01,74700,0.05,20,PE,BFO-OPT,BFO
227145989,887289,SENSEX26O0180100PE,"SENSEX",0,2026-10-01,80100,0.05,20,PE,BFO-OPT,BFO
227146245,887290,SENSEX26O0182400PE,"SENSEX",0,2026-10-01,82400,0.05,20,PE,BFO-OPT,BFO
227149317,887302,SENSEX26O0176000CE,"SENSEX",0,2026-10-01,76000,0.05,20,CE,BFO-OPT,BFO
227149573,887303,SENSEX26O0178300CE,"SENSEX",0,2026-10-01,78300,0.05,20,CE,BFO-OPT,BFO
227150341,887306,SENSEX26O0172300CE,"SENSEX",0,2026-10-01,72300,0.05,20,CE,BFO-OPT,BFO
227151365,887310,SENSEX26O0174600CE,"SENSEX",0,2026-10-01,74600,0.05,20,CE,BFO-OPT,BFO
227152645,887315,SENSEX26O0176900CE,"SENSEX",0,2026-10-01,76900,0.05,20,CE,BFO-OPT,BFO
227153925,887320,SENSEX26O0180000CE,"SENSEX",0,2026-10-01,80000,0.05,20,CE,BFO-OPT,BFO
227154181,887321,SENSEX26O0182300CE,"SENSEX",0,2026-10-01,82300,0.05,20,CE,BFO-OPT,BFO
227157765,887335,SENSEX26O0180900CE,"SENSEX",0,2026-10-01,80900,0.05,20,CE,BFO-OPT,BFO
227160581,887346,SENSEX26O0174000PE,"SENSEX",0,2026-10-01,74000,0.05,20,PE,BFO-OPT,BFO
227161093,887348,SENSEX26O0176300PE,"SENSEX",0,2026-10-01,76300,0.05,20,PE,BFO-OPT,BFO
227161605,887350,SENSEX26O0178600PE,"SENSEX",0,2026-10-01,78600,0.05,20,PE,BFO-OPT,BFO
227162885,887355,SENSEX26O0172600PE,"SENSEX",0,2026-10-01,72600,0.05,20,PE,BFO-OPT,BFO
227163141,887356,SENSEX26O0174900PE,"SENSEX",0,2026-10-01,74900,0.05,20,PE,BFO-OPT,BFO
227165189,887364,SENSEX26O0177900CE,"SENSEX",0,2026-10-01,77900,0.05,20,CE,BFO-OPT,BFO
227165445,887365,SENSEX26O0180300PE,"SENSEX",0,2026-10-01,80300,0.05,20,PE,BFO-OPT,BFO
227165701,887366,SENSEX26O0182600PE,"SENSEX",0,2026-10-01,82600,0.05,20,PE,BFO-OPT,BFO
220686341,862056,SENSEX26OCT77100CE,"SENSEX",0,2026-10-29,77100,0.05,20,CE,BFO-OPT,BFO
220700421,862111,SENSEX26OCT73400CE,"SENSEX",0,2026-10-29,73400,0.05,20,CE,BFO-OPT,BFO
220719109,862184,SENSEX26OCT81100CE,"SENSEX",0,2026-10-29,81100,0.05,20,CE,BFO-OPT,BFO
220720133,862188,SENSEX26OCT83400CE,"SENSEX",0,2026-10-29,83400,0.05,20,CE,BFO-OPT,BFO
220748549,862299,SENSEX26OCT75100PE,"SENSEX",0,2026-10-29,75100,0.05,20,PE,BFO-OPT,BFO
220750085,862305,SENSEX26OCT77400PE,"SENSEX",0,2026-10-29,77400,0.05,20,PE,BFO-OPT,BFO
220751621,862311,SENSEX26OCT79700PE,"SENSEX",0,2026-10-29,79700,0.05,20,PE,BFO-OPT,BFO
220762885,862355,SENSEX26OCT73700PE,"SENSEX",0,2026-10-29,73700,0.05,20,PE,BFO-OPT,BFO
220764933,862363,SENSEX26OCT78100CE,"SENSEX",0,2026-10-29,78100,0.05,20,CE,BFO-OPT,BFO
220779269,862419,SENSEX26OCT74400CE,"SENSEX",0,2026-10-29,74400,0.05,20,CE,BFO-OPT,BFO
220780549,862424,SENSEX26OCT76700CE,"SENSEX",0,2026-10-29,76700,0.05,20,CE,BFO-OPT,BFO
220783621,862436,SENSEX26OCT81400PE,"SENSEX",0,2026-10-29,81400,0.05,20,PE,BFO-OPT,BFO
220784133,862438,SENSEX26OCT83700PE,"SENSEX",0,2026-10-29,83700,0.05,20,PE,BFO-OPT,BFO
220819205,862575,SENSEX26OCT75000CE,"SENSEX",0,2026-10-29,75000,0.05,20,CE,BFO-OPT,BFO
220826117,862602,SENSEX26OCT78400PE,"SENSEX",0,2026-10-29,78400,0.05,20,PE,BFO-OPT,BFO
220837381,862646,SENSEX26OCT74700PE,"SENSEX",0,2026-10-29,74700,0.05,20,PE,BFO-OPT,BFO
220849413,862693,SENSEX26OCT81300CE,"SENSEX",0,2026-10-29,81300,0.05,20,CE,BFO-OPT,BFO
220850437,862697,SENSEX26OCT83600CE,"SENSEX",0,2026-10-29,83600,0.05,20,CE,BFO-OPT,BFO
220867333,862763,SENSEX26OCT79000PE,"SENSEX",0,2026-10-29,79000,0.05,20,PE,BFO-OPT,BFO
220878853,862808,SENSEX26OCT73000PE,"SENSEX",0,2026-10-29,73000,0.05,20,PE,BFO-OPT,BFO
220880133,862813,SENSEX26OCT75300PE,"SENSEX",0,2026-10-29,75300,0.05,20,PE,BFO-OPT,BFO
220895237,862872,SENSEX26OCT76000CE,"SENSEX",0,2026-10-29,76000,0.05,20,CE,BFO-OPT,BFO
220896773,862878,SENSEX26OCT78300CE,"SENSEX",0,2026-10-29,78300,0.05,20,CE,BFO-OPT,BFO
220901637,862897,SENSEX26OCT83000PE,"SENSEX",0,2026-10-29,83000,0.05,20,PE,BFO-OPT,BFO
220911365,862935,SENSEX26OCT72300CE,"SENSEX",0,2026-10-29,72300,0.05,20,CE,BFO-OPT,BFO
220911877,862937,SENSEX26OCT74600CE,"SENSEX",0,2026-10-29,74600,0.05,20,CE,BFO-OPT,BFO
220914181,862946,SENSEX26OCT76900CE,"SENSEX",0,2026-10-29,76900,0.05,20,CE,BFO-OPT,BFO
220917765,862960,SENSEX26OCT81600PE,"SENSEX",0,2026-10-29,81600,0.05,20,PE,BFO-OPT,BFO
220918789,862964,SENSEX26OCT83900PE,"SENSEX",0,2026-10-29,83900,0.05,20,PE,BFO-OPT,BFO
220946181,863071,SENSEX26OCT80900CE,"SENSEX",0,2026-10-29,80900,0.05,20,CE,BFO-OPT,BFO
220962565,863135,SENSEX26OCT76300PE,"SENSEX",0,2026-10-29,76300,0.05,20,PE,BFO-OPT,BFO
220963589,863139,SENSEX26OCT78600PE,"SENSEX",0,2026-10-29,78600,0.05,20,PE,BFO-OPT,BFO
220974341,863181,SENSEX26OCT72600PE,"SENSEX",0,2026-10-29,72600,0.05,20,PE,BFO-OPT,BFO
220976133,863188,SENSEX26OCT74900PE,"SENSEX",0,2026-10-29,74900,0.05,20,PE,BFO-OPT,BFO
220987909,863234,SENSEX26OCT81500CE,"SENSEX",0,2026-10-29,81500,0.05,20,CE,BFO-OPT,BFO
221013509,863334,SENSEX26OCT73200PE,"SENSEX",0,2026-10-29,73200,0.05,20,PE,BFO-OPT,BFO
221028613,863393,SENSEX26OCT76200CE,"SENSEX",0,2026-10-29,76200,0.05,20,CE,BFO-OPT,BFO
221029637,863397,SENSEX26OCT78500CE,"SENSEX",0,2026-10-29,78500,0.05,20,CE,BFO-OPT,BFO
221032197,863407,SENSEX26OCT83200PE,"SENSEX",0,2026-10-29,83200,0.05,20,PE,BFO-OPT,BFO
221041925,863445,SENSEX26OCT72500CE,"SENSEX",0,2026-10-29,72500,0.05,20,CE,BFO-OPT,BFO
221043205,863450,SENSEX26OCT74800CE,"SENSEX",0,2026-10-29,74800,0.05,20,CE,BFO-OPT,BFO
221046277,863462,SENSEX26OCT81800PE,"SENSEX",0,2026-10-29,81800,0.05,20,PE,BFO-OPT,BFO
221058053,863508,SENSEX26OCT82500CE,"SENSEX",0,2026-10-29,82500,0.05,20,CE,BFO-OPT,BFO
221089797,863632,SENSEX26OCT74200PE,"SENSEX",0,2026-10-29,74200,0.05,20,PE,BFO-OPT,BFO
221091077,863637,SENSEX26OCT76500PE,"SENSEX",0,2026-10-29,76500,0.05,20,PE,BFO-OPT,BFO
221092869,863644,SENSEX26OCT78800PE,"SENSEX",0,2026-10-29,78800,0.05,20,PE,BFO-OPT,BFO
221102853,863683,SENSEX26OCT72800PE,"SENSEX",0,2026-10-29,72800,0.05,20,PE,BFO-OPT,BFO
221103621,863686,SENSEX26OCT83100CE,"SENSEX",0,2026-10-29,83100,0.05,20,CE,BFO-OPT,BFO
221121285,863755,SENSEX26OCT82800PE,"SENSEX",0,2026-10-29,82800,0.05,20,PE,BFO-OPT,BFO
221155589,863889,SENSEX26OCT74100CE,"SENSEX",0,2026-10-29,74100,0.05,20,CE,BFO-OPT,BFO
221157381,863896,SENSEX26OCT76400CE,"SENSEX",0,2026-10-29,76400,0.05,20,CE,BFO-OPT,BFO
221158917,863902,SENSEX26OCT78700CE,"SENSEX",0,2026-10-29,78700,0.05,20,CE,BFO-OPT,BFO
221161733,863913,SENSEX26OCT81100PE,"SENSEX",0,2026-10-29,81100,0.05,20,PE,BFO-OPT,BFO
221162245,863915,SENSEX26OCT83400PE,"SENSEX",0,2026-10-29,83400,0.05,20,PE,BFO-OPT,BFO
221169925,863945,SENSEX26OCT72700CE,"SENSEX",0,2026-10-29,72700,0.05,20,CE,BFO-OPT,BFO
221182469,863994,SENSEX26OCT80400CE,"SENSEX",0,2026-10-29,80400,0.05,20,CE,BFO-OPT,BFO
221183493,863998,SENSEX26OCT82700CE,"SENSEX",0,2026-10-29,82700,0.05,20,CE,BFO-OPT,BFO
221198085,864055,SENSEX26OCT78100PE,"SENSEX",0,2026-10-29,78100,0.05,20,PE,BFO-OPT,BFO
221208581,864096,SENSEX26OCT72100PE,"SENSEX",0,2026-10-29,72100,0.05,20,PE,BFO-OPT,BFO
221209605,864100,SENSEX26OCT74400PE,"SENSEX",0,2026-10-29,74400,0.05,20,PE,BFO-OPT,BFO
221211397,864107,SENSEX26OCT76700PE,"SENSEX",0,2026-10-29,76700,0.05,20,PE,BFO-OPT,BFO
221239045,864215,SENSEX26OCT80700PE,"SENSEX",0,2026-10-29,80700,0.05,20,PE,BFO-OPT,BFO
221263109,864309,SENSEX26OCT78000CE,"SENSEX",0,2026-10-29,78000,0.05,20,CE,BFO-OPT,BFO
221273861,864351,SENSEX26OCT72000CE,"SENSEX",0,2026-10-29,72000,0.05,20,CE,BFO-OPT,BFO
221274885,864355,SENSEX26OCT74300CE,"SENSEX",0,2026-10-29,74300,0.05,20,CE,BFO-OPT,BFO
221277189,864364,SENSEX26OCT76600CE,"SENSEX",0,2026-10-29,76600,0.05,20,CE,BFO-OPT,BFO
221277957,864367,SENSEX26OCT78900CE,"SENSEX",0,2026-10-29,78900,0.05,20,CE,BFO-OPT,BFO
221280005,864375,SENSEX26OCT81300PE,"SENSEX",0,2026-10-29,81300,0.05,20,PE,BFO-OPT,BFO
221287429,864404,SENSEX26OCT72900CE,"SENSEX",0,2026-10-29,72900,0.05,20,CE,BFO-OPT,BFO
221290757,864417,SENSEX26OCT82000CE,"SENSEX",0,2026-10-29,82000,0.05,20,CE,BFO-OPT,BFO
221303045,864465,SENSEX26OCT80600CE,"SENSEX",0,2026-10-29,80600,0.05,20,CE,BFO-OPT,BFO
221303813,864468,SENSEX26OCT82900CE,"SENSEX",0,2026-10-29,82900,0.05,20,CE,BFO-OPT,BFO
221319429,864529,SENSEX26OCT76000PE,"SENSEX",0,2026-10-29,76000,0.05,20,PE,BFO-OPT,BFO
221320453,864533,SENSEX26OCT78300PE,"SENSEX",0,2026-10-29,78300,0.05,20,PE,BFO-OPT,BFO
221333509,864584,SENSEX26OCT72300PE,"SENSEX",0,2026-10-29,72300,0.05,20,PE,BFO-OPT,BFO
221334533,864588,SENSEX26OCT74600PE,"SENSEX",0,2026-10-29,74600,0.05,20,PE,BFO-OPT,BFO
221335813,864593,SENSEX26OCT76900PE,"SENSEX",0,2026-10-29,76900,0.05,20,PE,BFO-OPT,BFO
221355269,864669,SENSEX26OCT80000PE,"SENSEX",0,2026-10-29,80000,0.05,20,PE,BFO-OPT,BFO
221357061,864676,SENSEX26OCT82300PE,"SENSEX",0,2026-10-29,82300,0.05,20,PE,BFO-OPT,BFO
221371141,864731,SENSEX26OCT80900PE,"SENSEX",0,2026-10-29,80900,0.05,20,PE,BFO-OPT,BFO
221399557,864842,SENSEX26OCT78200CE,"SENSEX",0,2026-10-29,78200,0.05,20,CE,BFO-OPT,BFO
221412357,864892,SENSEX26OCT72200CE,"SENSEX",0,2026-10-29,72200,0.05,20,CE,BFO-OPT,BFO
221414149,864899,SENSEX26OCT74500CE,"SENSEX",0,2026-10-29,74500,0.05,20,CE,BFO-OPT,BFO
221415173,864903,SENSEX26OCT76800CE,"SENSEX",0,2026-10-29,76800,0.05,20,CE,BFO-OPT,BFO
221429765,864960,SENSEX26OCT82200CE,"SENSEX",0,2026-10-29,82200,0.05,20,CE,BFO-OPT,BFO
221444357,865017,SENSEX26OCT80800CE,"SENSEX",0,2026-10-29,80800,0.05,20,CE,BFO-OPT,BFO
221461765,865085,SENSEX26OCT76200PE,"SENSEX",0,2026-10-29,76200,0.05,20,PE,BFO-OPT,BFO
221463813,865093,SENSEX26OCT78500PE,"SENSEX",0,2026-10-29,78500,0.05,20,PE,BFO-OPT,BFO
221473285,865130,SENSEX26OCT72500PE,"SENSEX",0,2026-10-29,72500,0.05,20,PE,BFO-OPT,BFO
221475077,865137,SENSEX26OCT74800PE,"SENSEX",0,2026-10-29,74800,0.05,20,PE,BFO-OPT,BFO
221492485,865205,SENSEX26OCT80200PE,"SENSEX",0,2026-10-29,80200,0.05,20,PE,BFO-OPT,BFO
221494021,865211,SENSEX26OCT82500PE,"SENSEX",0,2026-10-29,82500,0.05,20,PE,BFO-OPT,BFO
221534981,865371,SENSEX26OCT76100CE,"SENSEX",0,2026-10-29,76100,0.05,20,CE,BFO-OPT,BFO
221536005,865375,SENSEX26OCT78400CE,"SENSEX",0,2026-10-29,78400,0.05,20,CE,BFO-OPT,BFO
221550597,865432,SENSEX26OCT72400CE,"SENSEX",0,2026-10-29,72400,0.05,20,CE,BFO-OPT,BFO
221551365,865435,SENSEX26OCT74700CE,"SENSEX",0,2026-10-29,74700,0.05,20,CE,BFO-OPT,BFO
221568261,865501,SENSEX26OCT80100CE,"SENSEX",0,2026-10-29,80100,0.05,20,CE,BFO-OPT,BFO
221569797,865507,SENSEX26OCT82400CE,"SENSEX",0,2026-10-29,82400,0.05,20,CE,BFO-OPT,BFO
221596165,865610,SENSEX26OCT74100PE,"SENSEX",0,2026-10-29,74100,0.05,20,PE,BFO-OPT,BFO
221597445,865615,SENSEX26OCT76400PE,"SENSEX",0,2026-10-29,76400,0.05,20,PE,BFO-OPT,BFO
221599237,865622,SENSEX26OCT78700PE,"SENSEX",0,2026-10-29,78700,0.05,20,PE,BFO-OPT,BFO
221609221,865661,SENSEX26OCT72700PE,"SENSEX",0,2026-10-29,72700,0.05,20,PE,BFO-OPT,BFO
221611781,865671,SENSEX26OCT79400CE,"SENSEX",0,2026-10-29,79400,0.05,20,CE,BFO-OPT,BFO
221622021,865711,SENSEX26OCT75700CE,"SENSEX",0,2026-10-29,75700,0.05,20,CE,BFO-OPT,BFO
221623557,865717,SENSEX26OCT80400PE,"SENSEX",0,2026-10-29,80400,0.05,20,PE,BFO-OPT,BFO
221624581,865721,SENSEX26OCT82700PE,"SENSEX",0,2026-10-29,82700,0.05,20,PE,BFO-OPT,BFO
221658885,865855,SENSEX26OCT74000CE,"SENSEX",0,2026-10-29,74000,0.05,20,CE,BFO-OPT,BFO
221659909,865859,SENSEX26OCT76300CE,"SENSEX",0,2026-10-29,76300,0.05,20,CE,BFO-OPT,BFO
221673733,865913,SENSEX26OCT72600CE,"SENSEX",0,2026-10-29,72600,0.05,20,CE,BFO-OPT,BFO
221680133,865938,SENSEX26OCT84000CE,"SENSEX",0,2026-10-29,84000,0.05,20,CE,BFO-OPT,BFO
221692165,865985,SENSEX26OCT80300CE,"SENSEX",0,2026-10-29,80300,0.05,20,CE,BFO-OPT,BFO
221693701,865991,SENSEX26OCT82600CE,"SENSEX",0,2026-10-29,82600,0.05,20,CE,BFO-OPT,BFO
221709317,866052,SENSEX26OCT78000PE,"SENSEX",0,2026-10-29,78000,0.05,20,PE,BFO-OPT,BFO
221718533,866088,SENSEX26OCT72000PE,"SENSEX",0,2026-10-29,72000,0.05,20,PE,BFO-OPT,BFO
221719301,866091,SENSEX26OCT74300PE,"SENSEX",0,2026-10-29,74300,0.05,20,PE,BFO-OPT,BFO
221720837,866097,SENSEX26OCT76600PE,"SENSEX",0,2026-10-29,76600,0.05,20,PE,BFO-OPT,BFO
221721093,866098,SENSEX26OCT78900PE,"SENSEX",0,2026-10-29,78900,0.05,20,PE,BFO-OPT,BFO
221734149,866149,SENSEX26OCT72900PE,"SENSEX",0,2026-10-29,72900,0.05,20,PE,BFO-OPT,BFO
221735429,866154,SENSEX26OCT77300CE,"SENSEX",0,2026-10-29,77300,0.05,20,CE,BFO-OPT,BFO
221736965,866160,SENSEX26OCT79600CE,"SENSEX",0,2026-10-29,79600,0.05,20,CE,BFO-OPT,BFO
221739525,866170,SENSEX26OCT82000PE,"SENSEX",0,2026-10-29,82000,0.05,20,PE,BFO-OPT,BFO
221747205,866200,SENSEX26OCT73600CE,"SENSEX",0,2026-10-29,73600,0.05,20,CE,BFO-OPT,BFO
221749253,866208,SENSEX26OCT75900CE,"SENSEX",0,2026-10-29,75900,0.05,20,CE,BFO-OPT,BFO
221751557,866217,SENSEX26OCT80600PE,"SENSEX",0,2026-10-29,80600,0.05,20,PE,BFO-OPT,BFO
221752069,866219,SENSEX26OCT82900PE,"SENSEX",0,2026-10-29,82900,0.05,20,PE,BFO-OPT,BFO
221788677,866362,SENSEX26OCT74200CE,"SENSEX",0,2026-10-29,74200,0.05,20,CE,BFO-OPT,BFO
221795589,866389,SENSEX26OCT77600PE,"SENSEX",0,2026-10-29,77600,0.05,20,PE,BFO-OPT,BFO
221797125,866395,SENSEX26OCT79900PE,"SENSEX",0,2026-10-29,79900,0.05,20,PE,BFO-OPT,BFO
221807621,866436,SENSEX26OCT73900PE,"SENSEX",0,2026-10-29,73900,0.05,20,PE,BFO-OPT,BFO
221819909,866484,SENSEX26OCT80500CE,"SENSEX",0,2026-10-29,80500,0.05,20,CE,BFO-OPT,BFO
221820677,866487,SENSEX26OCT82800CE,"SENSEX",0,2026-10-29,82800,0.05,20,CE,BFO-OPT,BFO
221834245,866540,SENSEX26OCT78200PE,"SENSEX",0,2026-10-29,78200,0.05,20,PE,BFO-OPT,BFO
221850117,866602,SENSEX26OCT72200PE,"SENSEX",0,2026-10-29,72200,0.05,20,PE,BFO-OPT,BFO
221851909,866609,SENSEX26OCT74500PE,"SENSEX",0,2026-10-29,74500,0.05,20,PE,BFO-OPT,BFO
221853189,866614,SENSEX26OCT76800PE,"SENSEX",0,2026-10-29,76800,0.05,20,PE,BFO-OPT,BFO
221868549,866674,SENSEX26OCT75200CE,"SENSEX",0,2026-10-29,75200,0.05,20,CE,BFO-OPT,BFO
221869573,866678,SENSEX26OCT77500CE,"SENSEX",0,2026-10-29,77500,0.05,20,CE,BFO-OPT,BFO
221871365,866685,SENSEX26OCT79800CE,"SENSEX",0,2026-10-29,79800,0.05,20,CE,BFO-OPT,BFO
221873925,866695,SENSEX26OCT82200PE,"SENSEX",0,2026-10-29,82200,0.05,20,PE,BFO-OPT,BFO
221884165,866735,SENSEX26OCT73800CE,"SENSEX",0,2026-10-29,73800,0.05,20,CE,BFO-OPT,BFO
221888005,866750,SENSEX26OCT80800PE,"SENSEX",0,2026-10-29,80800,0.05,20,PE,BFO-OPT,BFO
221906181,866821,SENSEX26OCT83800CE,"SENSEX",0,2026-10-29,83800,0.05,20,CE,BFO-OPT,BFO
221923589,866889,SENSEX26OCT79200PE,"SENSEX",0,2026-10-29,79200,0.05,20,PE,BFO-OPT,BFO
221933317,866927,SENSEX26OCT72100CE,"SENSEX",0,2026-10-29,72100,0.05,20,CE,BFO-OPT,BFO
221941765,866960,SENSEX26OCT75500PE,"SENSEX",0,2026-10-29,75500,0.05,20,PE,BFO-OPT,BFO
221942789,866964,SENSEX26OCT77800PE,"SENSEX",0,2026-10-29,77800,0.05,20,PE,BFO-OPT,BFO
221955333,867013,SENSEX26OCT82100CE,"SENSEX",0,2026-10-29,82100,0.05,20,CE,BFO-OPT,BFO
221969157,867067,SENSEX26OCT80700CE,"SENSEX",0,2026-10-29,80700,0.05,20,CE,BFO-OPT,BFO
221987333,867138,SENSEX26OCT76100PE,"SENSEX",0,2026-10-29,76100,0.05,20,PE,BFO-OPT,BFO
222001925,867195,SENSEX26OCT72400PE,"SENSEX",0,2026-10-29,72400,0.05,20,PE,BFO-OPT,BFO
222003973,867203,SENSEX26OCT79100CE,"SENSEX",0,2026-10-29,79100,0.05,20,CE,BFO-OPT,BFO
222016261,867251,SENSEX26OCT73100CE,"SENSEX",0,2026-10-29,73100,0.05,20,CE,BFO-OPT,BFO
222018821,867261,SENSEX26OCT75400CE,"SENSEX",0,2026-10-29,75400,0.05,20,CE,BFO-OPT,BFO
222020613,867268,SENSEX26OCT77700CE,"SENSEX",0,2026-10-29,77700,0.05,20,CE,BFO-OPT,BFO
222022917,867277,SENSEX26OCT80100PE,"SENSEX",0,2026-10-29,80100,0.05,20,PE,BFO-OPT,BFO
222024709,867284,SENSEX26OCT82400PE,"SENSEX",0,2026-10-29,82400,0.05,20,PE,BFO-OPT,BFO
222052869,867394,SENSEX26OCT81700CE,"SENSEX",0,2026-10-29,81700,0.05,20,CE,BFO-OPT,BFO
222069765,867460,SENSEX26OCT77100PE,"SENSEX",0,2026-10-29,77100,0.05,20,PE,BFO-OPT,BFO
222071301,867466,SENSEX26OCT79400PE,"SENSEX",0,2026-10-29,79400,0.05,20,PE,BFO-OPT,BFO
222085381,867521,SENSEX26OCT73400PE,"SENSEX",0,2026-10-29,73400,0.05,20,PE,BFO-OPT,BFO
222086405,867525,SENSEX26OCT75700PE,"SENSEX",0,2026-10-29,75700,0.05,20,PE,BFO-OPT,BFO
222096901,867566,SENSEX26OCT80000CE,"SENSEX",0,2026-10-29,80000,0.05,20,CE,BFO-OPT,BFO
222098949,867574,SENSEX26OCT82300CE,"SENSEX",0,2026-10-29,82300,0.05,20,CE,BFO-OPT,BFO
222123781,867671,SENSEX26OCT74000PE,"SENSEX",0,2026-10-29,74000,0.05,20,PE,BFO-OPT,BFO
222138629,867729,SENSEX26OCT77000CE,"SENSEX",0,2026-10-29,77000,0.05,20,CE,BFO-OPT,BFO
222139653,867733,SENSEX26OCT79300CE,"SENSEX",0,2026-10-29,79300,0.05,20,CE,BFO-OPT,BFO
222142981,867746,SENSEX26OCT84000PE,"SENSEX",0,2026-10-29,84000,0.05,20,PE,BFO-OPT,BFO
222151941,867781,SENSEX26OCT73300CE,"SENSEX",0,2026-10-29,73300,0.05,20,CE,BFO-OPT,BFO
222153477,867787,SENSEX26OCT75600CE,"SENSEX",0,2026-10-29,75600,0.05,20,CE,BFO-OPT,BFO
222155269,867794,SENSEX26OCT77900CE,"SENSEX",0,2026-10-29,77900,0.05,20,CE,BFO-OPT,BFO
222158341,867806,SENSEX26OCT80300PE,"SENSEX",0,2026-10-29,80300,0.05,20,PE,BFO-OPT,BFO
222159109,867809,SENSEX26OCT82600PE,"SENSEX",0,2026-10-29,82600,0.05,20,PE,BFO-OPT,BFO
222164997,867832,SENSEX26OCT71900CE,"SENSEX",0,2026-10-29,71900,0.05,20,CE,BFO-OPT,BFO
222169093,867848,SENSEX26OCT81000CE,"SENSEX",0,2026-10-29,81000,0.05,20,CE,BFO-OPT,BFO
222170885,867855,SENSEX26OCT83300CE,"SENSEX",0,2026-10-29,83300,0.05,20,CE,BFO-OPT,BFO
222184965,867910,SENSEX26OCT81900CE,"SENSEX",0,2026-10-29,81900,0.05,20,CE,BFO-OPT,BFO
222207749,867999,SENSEX26OCT75000PE,"SENSEX",0,2026-10-29,75000,0.05,20,PE,BFO-OPT,BFO
222208261,868001,SENSEX26OCT77300PE,"SENSEX",0,2026-10-29,77300,0.05,20,PE,BFO-OPT,BFO
222210309,868009,SENSEX26OCT79600PE,"SENSEX",0,2026-10-29,79600,0.05,20,PE,BFO-OPT,BFO
222223877,868062,SENSEX26OCT73600PE,"SENSEX",0,2026-10-29,73600,0.05,20,PE,BFO-OPT,BFO
222225413,868068,SENSEX26OCT75900PE,"SENSEX",0,2026-10-29,75900,0.05,20,PE,BFO-OPT,BFO
222248709,868159,SENSEX26OCT80200CE,"SENSEX",0,2026-10-29,80200,0.05,20,CE,BFO-OPT,BFO
222256901,868191,SENSEX26OCT83600PE,"SENSEX",0,2026-10-29,83600,0.05,20,PE,BFO-OPT,BFO
222292997,868332,SENSEX26OCT77200CE,"SENSEX",0,2026-10-29,77200,0.05,20,CE,BFO-OPT,BFO
222294021,868336,SENSEX26OCT79500CE,"SENSEX",0,2026-10-29,79500,0.05,20,CE,BFO-OPT,BFO
222304261,868376,SENSEX26OCT73500CE,"SENSEX",0,2026-10-29,73500,0.05,20,CE,BFO-OPT,BFO
222305797,868382,SENSEX26OCT75800CE,"SENSEX",0,2026-10-29,75800,0.05,20,CE,BFO-OPT,BFO
222308101,868391,SENSEX26OCT80500PE,"SENSEX",0,2026-10-29,80500,0.05,20,PE,BFO-OPT,BFO
222321413,868443,SENSEX26OCT81200CE,"SENSEX",0,2026-10-29,81200,0.05,20,CE,BFO-OPT,BFO
222322693,868448,SENSEX26OCT83500CE,"SENSEX",0,2026-10-29,83500,0.05,20,CE,BFO-OPT,BFO
222345989,868539,SENSEX26OCT75200PE,"SENSEX",0,2026-10-29,75200,0.05,20,PE,BFO-OPT,BFO
222347525,868545,SENSEX26OCT77500PE,"SENSEX",0,2026-10-29,77500,0.05,20,PE,BFO-OPT,BFO
222349573,868553,SENSEX26OCT79800PE,"SENSEX",0,2026-10-29,79800,0.05,20,PE,BFO-OPT,BFO
222362885,868605,SENSEX26OCT73800PE,"SENSEX",0,2026-10-29,73800,0.05,20,PE,BFO-OPT,BFO
222385157,868692,SENSEX26OCT81500PE,"SENSEX",0,2026-10-29,81500,0.05,20,PE,BFO-OPT,BFO
222388741,868706,SENSEX26OCT83800PE,"SENSEX",0,2026-10-29,83800,0.05,20,PE,BFO-OPT,BFO
222851845,870515,SENSEX26OCT75100CE,"SENSEX",0,2026-10-29,75100,0.05,20,CE,BFO-OPT,BFO
222866181,870571,SENSEX26OCT77400CE,"SENSEX",0,2026-10-29,77400,0.05,20,CE,BFO-OPT,BFO
222885125,870645,SENSEX26OCT79700CE,"SENSEX",0,2026-10-29,79700,0.05,20,CE,BFO-OPT,BFO
222910213,870743,SENSEX26OCT82100PE,"SENSEX",0,2026-10-29,82100,0.05,20,PE,BFO-OPT,BFO
223024645,871190,SENSEX26OCT73700CE,"SENSEX",0,2026-10-29,73700,0.05,20,CE,BFO-OPT,BFO
223206917,871902,SENSEX26OCT81400CE,"SENSEX",0,2026-10-29,81400,0.05,20,CE,BFO-OPT,BFO
223218437,871947,SENSEX26OCT83700CE,"SENSEX",0,2026-10-29,83700,0.05,20,CE,BFO-OPT,BFO
223403269,872669,SENSEX26OCT79100PE,"SENSEX",0,2026-10-29,79100,0.05,20,PE,BFO-OPT,BFO
223538437,873197,SENSEX26OCT73100PE,"SENSEX",0,2026-10-29,73100,0.05,20,PE,BFO-OPT,BFO
223549957,873242,SENSEX26OCT75400PE,"SENSEX",0,2026-10-29,75400,0.05,20,PE,BFO-OPT,BFO
223567877,873312,SENSEX26OCT77700PE,"SENSEX",0,2026-10-29,77700,0.05,20,PE,BFO-OPT,BFO
223800837,874222,SENSEX26OCT83100PE,"SENSEX",0,2026-10-29,83100,0.05,20,PE,BFO-OPT,BFO
223946757,874792,SENSEX26OCT81700PE,"SENSEX",0,2026-10-29,81700,0.05,20,PE,BFO-OPT,BFO
224264197,876032,SENSEX26OCT79000CE,"SENSEX",0,2026-10-29,79000,0.05,20,CE,BFO-OPT,BFO
224347909,876359,SENSEX26OCT73000CE,"SENSEX",0,2026-10-29,73000,0.05,20,CE,BFO-OPT,BFO
224349445,876365,SENSEX26OCT75300CE,"SENSEX",0,2026-10-29,75300,0.05,20,CE,BFO-OPT,BFO
224350469,876369,SENSEX26OCT77600CE,"SENSEX",0,2026-10-29,77600,0.05,20,CE,BFO-OPT,BFO
224352005,876375,SENSEX26OCT79900CE,"SENSEX",0,2026-10-29,79900,0.05,20,CE,BFO-OPT,BFO
224364805,876425,SENSEX26OCT73900CE,"SENSEX",0,2026-10-29,73900,0.05,20,CE,BFO-OPT,BFO
224369157,876442,SENSEX26OCT83000CE,"SENSEX",0,2026-10-29,83000,0.05,20,CE,BFO-OPT,BFO
224383749,876499,SENSEX26OCT81600CE,"SENSEX",0,2026-10-29,81600,0.05,20,CE,BFO-OPT,BFO
224384005,876500,SENSEX26OCT83900CE,"SENSEX",0,2026-10-29,83900,0.05,20,CE,BFO-OPT,BFO
224397829,876554,SENSEX26OCT77000PE,"SENSEX",0,2026-10-29,77000,0.05,20,PE,BFO-OPT,BFO
224398341,876556,SENSEX26OCT79300PE,"SENSEX",0,2026-10-29,79300,0.05,20,PE,BFO-OPT,BFO
224411397,876607,SENSEX26OCT73300PE,"SENSEX",0,2026-10-29,73300,0.05,20,PE,BFO-OPT,BFO
224413189,876614,SENSEX26OCT75600PE,"SENSEX",0,2026-10-29,75600,0.05,20,PE,BFO-OPT,BFO
224414469,876619,SENSEX26OCT77900PE,"SENSEX",0,2026-10-29,77900,0.05,20,PE,BFO-OPT,BFO
224423685,876655,SENSEX26OCT71900PE,"SENSEX",0,2026-10-29,71900,0.05,20,PE,BFO-OPT,BFO
224426501,876666,SENSEX26OCT78600CE,"SENSEX",0,2026-10-29,78600,0.05,20,CE,BFO-OPT,BFO
224428549,876674,SENSEX26OCT81000PE,"SENSEX",0,2026-10-29,81000,0.05,20,PE,BFO-OPT,BFO
224430341,876681,SENSEX26OCT83300PE,"SENSEX",0,2026-10-29,83300,0.05,20,PE,BFO-OPT,BFO
224438021,876711,SENSEX26OCT74900CE,"SENSEX",0,2026-10-29,74900,0.05,20,CE,BFO-OPT,BFO
224442629,876729,SENSEX26OCT81900PE,"SENSEX",0,2026-10-29,81900,0.05,20,PE,BFO-OPT,BFO
224552965,877160,SENSEX26OCT79200CE,"SENSEX",0,2026-10-29,79200,0.05,20,CE,BFO-OPT,BFO
224605957,877367,SENSEX26OCT73200CE,"SENSEX",0,2026-10-29,73200,0.05,20,CE,BFO-OPT,BFO
224613381,877396,SENSEX26OCT75500CE,"SENSEX",0,2026-10-29,75500,0.05,20,CE,BFO-OPT,BFO
224626181,877446,SENSEX26OCT77800CE,"SENSEX",0,2026-10-29,77800,0.05,20,CE,BFO-OPT,BFO
224694789,877714,SENSEX26OCT83200CE,"SENSEX",0,2026-10-29,83200,0.05,20,CE,BFO-OPT,BFO
224734981,877871,SENSEX26OCT81800CE,"SENSEX",0,2026-10-29,81800,0.05,20,CE,BFO-OPT,BFO
224776965,878035,SENSEX26OCT77200PE,"SENSEX",0,2026-10-29,77200,0.05,20,PE,BFO-OPT,BFO
224779013,878043,SENSEX26OCT79500PE,"SENSEX",0,2026-10-29,79500,0.05,20,PE,BFO-OPT,BFO
224814085,878180,SENSEX26OCT73500PE,"SENSEX",0,2026-10-29,73500,0.05,20,PE,BFO-OPT,BFO
224815365,878185,SENSEX26OCT75800PE,"SENSEX",0,2026-10-29,75800,0.05,20,PE,BFO-OPT,BFO
224850437,878322,SENSEX26OCT76500CE,"SENSEX",0,2026-10-29,76500,0.05,20,CE,BFO-OPT,BFO
224852229,878329,SENSEX26OCT78800CE,"SENSEX",0,2026-10-29,78800,0.05,20,CE,BFO-OPT,BFO
224860421,878361,SENSEX26OCT81200PE,"SENSEX",0,2026-10-29,81200,0.05,20,PE,BFO-OPT,BFO
224870405,878400,SENSEX26OCT83500PE,"SENSEX",0,2026-10-29,83500,0.05,20,PE,BFO-OPT,BFO
224891397,878482,SENSEX26OCT72800CE,"SENSEX",0,2026-10-29,72800,0.05,20,CE,BFO-OPT,BFO
215208709,840659,SENSEX26DEC79000CE,"SENSEX",0,2026-12-31,79000,0.05,20,CE,BFO-OPT,BFO
215235845,840765,SENSEX26DEC79000PE,"SENSEX",0,2026-12-31,79000,0.05,20,PE,BFO-OPT,BFO
215581189,842114,SENSEX26DEC78000PE,"SENSEX",0,2026-12-31,78000,0.05,20,PE,BFO-OPT,BFO
215739909,842734,SENSEX26DEC78000CE,"SENSEX",0,2026-12-31,78000,0.05,20,CE,BFO-OPT,BFO
215772933,842863,SENSEX26DEC82000PE,"SENSEX",0,2026-12-31,82000,0.05,20,PE,BFO-OPT,BFO
215795717,842952,SENSEX26DEC81000CE,"SENSEX",0,2026-12-31,81000,0.05,20,CE,BFO-OPT,BFO
215819013,843043,SENSEX26DEC81000PE,"SENSEX",0,2026-12-31,81000,0.05,20,PE,BFO-OPT,BFO
215863045,843215,SENSEX26DEC82000CE,"SENSEX",0,2026-12-31,82000,0.05,20,CE,BFO-OPT,BFO
216180229,844454,SENSEX26DEC77000PE,"SENSEX",0,2026-12-31,77000,0.05,20,PE,BFO-OPT,BFO
216286469,844869,SENSEX26DEC77000CE,"SENSEX",0,2026-12-31,77000,0.05,20,CE,BFO-OPT,BFO
218928133,855188,SENSEX26DEC83000CE,"SENSEX",0,2026-12-31,83000,0.05,20,CE,BFO-OPT,BFO
218981125,855395,SENSEX26DEC83000PE,"SENSEX",0,2026-12-31,83000,0.05,20,PE,BFO-OPT,BFO
219775493,858498,SENSEX26DEC76000CE,"SENSEX",0,2026-12-31,76000,0.05,20,CE,BFO-OPT,BFO
219862789,858839,SENSEX26DEC76000PE,"SENSEX",0,2026-12-31,76000,0.05,20,PE,BFO-OPT,BFO
224904453,878533,SENSEX26DEC75000CE,"SENSEX",0,2026-12-31,75000,0.05,20,CE,BFO-OPT,BFO
224969477,878787,SENSEX26DEC75000PE,"SENSEX",0,2026-12-31,75000,0.05,20,PE,BFO-OPT,BFO
225062405,879150,SENSEX26DEC74000CE,"SENSEX",0,2026-12-31,74000,0.05,20,CE,BFO-OPT,BFO
225154821,879511,SENSEX26DEC74000PE,"SENSEX",0,2026-12-31,74000,0.05,20,PE,BFO-OPT,BFO
225434373,880603,SENSEX26DEC80000CE,"SENSEX",0,2026-12-31,80000,0.05,20,CE,BFO-OPT,BFO
225453829,880679,SENSEX26DEC80000PE,"SENSEX",0,2026-12-31,80000,0.05,20,PE,BFO-OPT,BFO
225664005,881500,SENSEX26DEC84000CE,"SENSEX",0,2026-12-31,84000,0.05,20,CE,BFO-OPT,BFO
225731845,881765,SENSEX26DEC84000PE,"SENSEX",0,2026-12-31,84000,0.05,20,PE,BFO-OPT,BFO
225947141,882606,SENSEX26DEC73000CE,"SENSEX",0,2026-12-31,73000,0.05,20,CE,BFO-OPT,BFO
226034181,882946,SENSEX26DEC73000PE,"SENSEX",0,2026-12-31,73000,0.05,20,PE,BFO-OPT,BFO
226194693,883573,SENSEX26DEC72000PE,"SENSEX",0,2026-12-31,72000,0.05,20,PE,BFO-OPT,BFO
226315525,884045,SENSEX26DEC72000CE,"SENSEX",0,2026-12-31,72000,0.05,20,CE,BFO-OPT,BFO
218837765,854835,SENSEX27MAR83000PE,"SENSEX",0,2027-03-25,83000,0.05,20,PE,BFO-OPT,BFO
219014149,855524,SENSEX27MAR83000CE,"SENSEX",0,2027-03-25,83000,0.05,20,CE,BFO-OPT,BFO
225675013,881543,SENSEX27MAR84000PE,"SENSEX",0,2027-03-25,84000,0.05,20,PE,BFO-OPT,BFO
225779973,881953,SENSEX27MAR84000CE,"SENSEX",0,2027-03-25,84000,0.05,20,CE,BFO-OPT,BFO
282558213,1103743,SENSEX27MAR76000CE,"SENSEX",0,2027-03-25,76000,0.05,20,CE,BFO-OPT,BFO
282593541,1103881,SENSEX27MAR80000CE,"SENSEX",0,2027-03-25,80000,0.05,20,CE,BFO-OPT,BFO
282624261,1104001,SENSEX27MAR74000PE,"SENSEX",0,2027-03-25,74000,0.05,20,PE,BFO-OPT,BFO
283193349,1106224,SENSEX27MAR78000CE,"SENSEX",0,2027-03-25,78000,0.05,20,CE,BFO-OPT,BFO
283205637,1106272,SENSEX27MAR72000CE,"SENSEX",0,2027-03-25,72000,0.05,20,CE,BFO-OPT,BFO
283287045,1106590,SENSEX27MAR76000PE,"SENSEX",0,2027-03-25,76000,0.05,20,PE,BFO-OPT,BFO
283311621,1106686,SENSEX27MAR79000CE,"SENSEX",0,2027-03-25,79000,0.05,20,CE,BFO-OPT,BFO
283340293,1106798,SENSEX27MAR80000PE,"SENSEX",0,2027-03-25,80000,0.05,20,PE,BFO-OPT,BFO
283779589,1108514,SENSEX27MAR72000PE,"SENSEX",0,2027-03-25,72000,0.05,20,PE,BFO-OPT,BFO
283794181,1108571,SENSEX27MAR75000CE,"SENSEX",0,2027-03-25,75000,0.05,20,CE,BFO-OPT,BFO
283835909,1108734,SENSEX27MAR79000PE,"SENSEX",0,2027-03-25,79000,0.05,20,PE,BFO-OPT,BFO
283848453,1108783,SENSEX27MAR73000PE,"SENSEX",0,2027-03-25,73000,0.05,20,PE,BFO-OPT,BFO
284118277,1109837,SENSEX27MAR77000CE,"SENSEX",0,2027-03-25,77000,0.05,20,CE,BFO-OPT,BFO
284166917,1110027,SENSEX27MAR75000PE,"SENSEX",0,2027-03-25,75000,0.05,20,PE,BFO-OPT,BFO
284676357,1112017,SENSEX27MAR73000CE,"SENSEX",0,2027-03-25,73000,0.05,20,CE,BFO-OPT,BFO
284759557,1112342,SENSEX27MAR77000PE,"SENSEX",0,2027-03-25,77000,0.05,20,PE,BFO-OPT,BFO
284816389,1112564,SENSEX27MAR74000CE,"SENSEX",0,2027-03-25,74000,0.05,20,CE,BFO-OPT,BFO
284901125,1112895,SENSEX27MAR78000PE,"SENSEX",0,2027-03-25,78000,0.05,20,PE,BFO-OPT,BFO
287857669,1124444,SENSEX27MAR82000CE,"SENSEX",0,2027-03-25,82000,0.05,20,CE,BFO-OPT,BFO
287950085,1124805,SENSEX27MAR82000PE,"SENSEX",0,2027-03-25,82000,0.05,20,PE,BFO-OPT,BFO
288034309,1125134,SENSEX27MAR81000CE,"SENSEX",0,2027-03-25,81000,0.05,20,CE,BFO-OPT,BFO
288134661,1125526,SENSEX27MAR81000PE,"SENSEX",0,2027-03-25,81000,0.05,20,PE,BFO-OPT,BFO
215183365,840560,SENSEX27JUN79000PE,"SENSEX",0,2027-06-24,79000,0.05,20,PE,BFO-OPT,BFO
215210245,840665,SENSEX27JUN79000CE,"SENSEX",0,2027-06-24,79000,0.05,20,CE,BFO-OPT,BFO
215587845,842140,SENSEX27JUN78000PE,"SENSEX",0,2027-06-24,78000,0.05,20,PE,BFO-OPT,BFO
215746565,842760,SENSEX27JUN78000CE,"SENSEX",0,2027-06-24,78000,0.05,20,CE,BFO-OPT,BFO
215791365,842935,SENSEX27JUN82000PE,"SENSEX",0,2027-06-24,82000,0.05,20,PE,BFO-OPT,BFO
215813637,843022,SENSEX27JUN81000CE,"SENSEX",0,2027-06-24,81000,0.05,20,CE,BFO-OPT,BFO
215836421,843111,SENSEX27JUN81000PE,"SENSEX",0,2027-06-24,81000,0.05,20,PE,BFO-OPT,BFO
215880453,843283,SENSEX27JUN82000CE,"SENSEX",0,2027-06-24,82000,0.05,20,CE,BFO-OPT,BFO
216111621,844186,SENSEX27JUN77000CE,"SENSEX",0,2027-06-24,77000,0.05,20,CE,BFO-OPT,BFO
216193541,844506,SENSEX27JUN77000PE,"SENSEX",0,2027-06-24,77000,0.05,20,PE,BFO-OPT,BFO
218935813,855218,SENSEX27JUN83000CE,"SENSEX",0,2027-06-24,83000,0.05,20,CE,BFO-OPT,BFO
218987269,855419,SENSEX27JUN83000PE,"SENSEX",0,2027-06-24,83000,0.05,20,PE,BFO-OPT,BFO
219650565,858010,SENSEX27JUN76000PE,"SENSEX",0,2027-06-24,76000,0.05,20,PE,BFO-OPT,BFO
219970053,859258,SENSEX27JUN76000CE,"SENSEX",0,2027-06-24,76000,0.05,20,CE,BFO-OPT,BFO
224753669,877944,SENSEX27JUN75000CE,"SENSEX",0,2027-06-24,75000,0.05,20,CE,BFO-OPT,BFO
224811781,878171,SENSEX27JUN75000PE,"SENSEX",0,2027-06-24,75000,0.05,20,PE,BFO-OPT,BFO
225077765,879210,SENSEX27JUN74000CE,"SENSEX",0,2027-06-24,74000,0.05,20,CE,BFO-OPT,BFO
225363461,880326,SENSEX27JUN74000PE,"SENSEX",0,2027-06-24,74000,0.05,20,PE,BFO-OPT,BFO
225379333,880388,SENSEX27JUN80000PE,"SENSEX",0,2027-06-24,80000,0.05,20,PE,BFO-OPT,BFO
225447429,880654,SENSEX27JUN80000CE,"SENSEX",0,2027-06-24,80000,0.05,20,CE,BFO-OPT,BFO
225680645,881565,SENSEX27JUN84000CE,"SENSEX",0,2027-06-24,84000,0.05,20,CE,BFO-OPT,BFO
225747205,881825,SENSEX27JUN84000PE,"SENSEX",0,2027-06-24,84000,0.05,20,PE,BFO-OPT,BFO
225963013,882668,SENSEX27JUN73000CE,"SENSEX",0,2027-06-24,73000,0.05,20,CE,BFO-OPT,BFO
226050053,883008,SENSEX27JUN73000PE,"SENSEX",0,2027-06-24,73000,0.05,20,PE,BFO-OPT,BFO
226198789,883589,SENSEX27JUN72000PE,"SENSEX",0,2027-06-24,72000,0.05,20,PE,BFO-OPT,BFO
226322181,884071,SENSEX27JUN72000CE,"SENSEX",0,2027-06-24,72000,0.05,20,CE,BFO-OPT,BFO
215229957,840742,SENSEX27DEC79000CE,"SENSEX",0,2027-12-30,79000,0.05,20,CE,BFO-OPT,BFO
215255045,840840,SENSEX27DEC79000PE,"SENSEX",0,2027-12-30,79000,0.05,20,PE,BFO-OPT,BFO
215615749,842249,SENSEX27DEC78000PE,"SENSEX",0,2027-12-30,78000,0.05,20,PE,BFO-OPT,BFO
215685381,842521,SENSEX27DEC78000CE,"SENSEX",0,2027-12-30,78000,0.05,20,CE,BFO-OPT,BFO
215779333,842888,SENSEX27DEC81000CE,"SENSEX",0,2027-12-30,81000,0.05,20,CE,BFO-OPT,BFO
215803141,842981,SENSEX27DEC81000PE,"SENSEX",0,2027-12-30,81000,0.05,20,PE,BFO-OPT,BFO
215844869,843144,SENSEX27DEC82000CE,"SENSEX",0,2027-12-30,82000,0.05,20,CE,BFO-OPT,BFO
215872005,843250,SENSEX27DEC82000PE,"SENSEX",0,2027-12-30,82000,0.05,20,PE,BFO-OPT,BFO
216001029,843754,SENSEX27DEC77000CE,"SENSEX",0,2027-12-30,77000,0.05,20,CE,BFO-OPT,BFO
216077317,844052,SENSEX27DEC77000PE,"SENSEX",0,2027-12-30,77000,0.05,20,PE,BFO-OPT,BFO
218869765,854960,SENSEX27DEC83000CE,"SENSEX",0,2027-12-30,83000,0.05,20,CE,BFO-OPT,BFO
219016453,855533,SENSEX27DEC83000PE,"SENSEX",0,2027-12-30,83000,0.05,20,PE,BFO-OPT,BFO
219841029,858754,SENSEX27DEC76000CE,"SENSEX",0,2027-12-30,76000,0.05,20,CE,BFO-OPT,BFO
219931141,859106,SENSEX27DEC76000PE,"SENSEX",0,2027-12-30,76000,0.05,20,PE,BFO-OPT,BFO
224729605,877850,SENSEX27DEC75000PE,"SENSEX",0,2027-12-30,75000,0.05,20,PE,BFO-OPT,BFO
224955653,878733,SENSEX27DEC75000CE,"SENSEX",0,2027-12-30,75000,0.05,20,CE,BFO-OPT,BFO
225134341,879431,SENSEX27DEC74000CE,"SENSEX",0,2027-12-30,74000,0.05,20,CE,BFO-OPT,BFO
225229317,879802,SENSEX27DEC74000PE,"SENSEX",0,2027-12-30,74000,0.05,20,PE,BFO-OPT,BFO
225422597,880557,SENSEX27DEC80000CE,"SENSEX",0,2027-12-30,80000,0.05,20,CE,BFO-OPT,BFO
225440005,880625,SENSEX27DEC80000PE,"SENSEX",0,2027-12-30,80000,0.05,20,PE,BFO-OPT,BFO
225716485,881705,SENSEX27DEC84000CE,"SENSEX",0,2027-12-30,84000,0.05,20,CE,BFO-OPT,BFO
225783813,881968,SENSEX27DEC84000PE,"SENSEX",0,2027-12-30,84000,0.05,20,PE,BFO-OPT,BFO
226015493,882873,SENSEX27DEC73000CE,"SENSEX",0,2027-12-30,73000,0.05,20,CE,BFO-OPT,BFO
226095109,883184,SENSEX27DEC73000PE,"SENSEX",0,2027-12-30,73000,0.05,20,PE,BFO-OPT,BFO
226219525,883670,SENSEX27DEC72000PE,"SENSEX",0,2027-12-30,72000,0.05,20,PE,BFO-OPT,BFO
226273029,883879,SENSEX27DEC72000CE,"SENSEX",0,2027-12-30,72000,0.05,20,CE,BFO-OPT,BFO
215165445,840490,SENSEX28JUN79000PE,"SENSEX",0,2028-06-29,79000,0.05,20,PE,BFO-OPT,BFO
215196677,840612,SENSEX28JUN79000CE,"SENSEX",0,2028-06-29,79000,0.05,20,CE,BFO-OPT,BFO
215554309,842009,SENSEX28JUN78000PE,"SENSEX",0,2028-06-29,78000,0.05,20,PE,BFO-OPT,BFO
215713285,842630,SENSEX28JUN78000CE,"SENSEX",0,2028-06-29,78000,0.05,20,CE,BFO-OPT,BFO
215773701,842866,SENSEX28JUN82000PE,"SENSEX",0,2028-06-29,82000,0.05,20,PE,BFO-OPT,BFO
215796485,842955,SENSEX28JUN81000CE,"SENSEX",0,2028-06-29,81000,0.05,20,CE,BFO-OPT,BFO
215819525,843045,SENSEX28JUN81000PE,"SENSEX",0,2028-06-29,81000,0.05,20,PE,BFO-OPT,BFO
215864325,843220,SENSEX28JUN82000CE,"SENSEX",0,2028-06-29,82000,0.05,20,CE,BFO-OPT,BFO
216057349,843974,SENSEX28JUN77000CE,"SENSEX",0,2028-06-29,77000,0.05,20,CE,BFO-OPT,BFO
216133381,844271,SENSEX28JUN77000PE,"SENSEX",0,2028-06-29,77000,0.05,20,PE,BFO-OPT,BFO
218902533,855088,SENSEX28JUN83000CE,"SENSEX",0,2028-06-29,83000,0.05,20,CE,BFO-OPT,BFO
218951941,855281,SENSEX28JUN83000PE,"SENSEX",0,2028-06-29,83000,0.05,20,PE,BFO-OPT,BFO
219907589,859014,SENSEX28JUN76000CE,"SENSEX",0,2028-06-29,76000,0.05,20,CE,BFO-OPT,BFO
219992581,859346,SENSEX28JUN76000PE,"SENSEX",0,2028-06-29,76000,0.05,20,PE,BFO-OPT,BFO
224713477,877787,SENSEX28JUN75000CE,"SENSEX",0,2028-06-29,75000,0.05,20,CE,BFO-OPT,BFO
224769029,878004,SENSEX28JUN75000PE,"SENSEX",0,2028-06-29,75000,0.05,20,PE,BFO-OPT,BFO
225004805,878925,SENSEX28JUN74000CE,"SENSEX",0,2028-06-29,74000,0.05,20,CE,BFO-OPT,BFO
225294341,880056,SENSEX28JUN74000PE,"SENSEX",0,2028-06-29,74000,0.05,20,PE,BFO-OPT,BFO
225395717,880452,SENSEX28JUN80000CE,"SENSEX",0,2028-06-29,80000,0.05,20,CE,BFO-OPT,BFO
225454597,880682,SENSEX28JUN80000PE,"SENSEX",0,2028-06-29,80000,0.05,20,PE,BFO-OPT,BFO
225629701,881366,SENSEX28JUN84000CE,"SENSEX",0,2028-06-29,84000,0.05,20,CE,BFO-OPT,BFO
225702917,881652,SENSEX28JUN84000PE,"SENSEX",0,2028-06-29,84000,0.05,20,PE,BFO-OPT,BFO
225892869,882394,SENSEX28JUN73000CE,"SENSEX",0,2028-06-29,73000,0.05,20,CE,BFO-OPT,BFO
225986309,882759,SENSEX28JUN73000PE,"SENSEX",0,2028-06-29,73000,0.05,20,PE,BFO-OPT,BFO
226177541,883506,SENSEX28JUN72000PE,"SENSEX",0,2028-06-29,72000,0.05,20,PE,BFO-OPT,BFO
226298373,883978,SENSEX28JUN72000CE,"SENSEX",0,2028-06-29,72000,0.05,20,CE,BFO-OPT,BFO
215166725,840495,SENSEX28DEC79000PE,"SENSEX",0,2028-12-28,79000,0.05,20,PE,BFO-OPT,BFO
215250437,840822,SENSEX28DEC79000CE,"SENSEX",0,2028-12-28,79000,0.05,20,CE,BFO-OPT,BFO
215649285,842380,SENSEX28DEC78000PE,"SENSEX",0,2028-12-28,78000,0.05,20,PE,BFO-OPT,BFO
215713797,842632,SENSEX28DEC78000CE,"SENSEX",0,2028-12-28,78000,0.05,20,CE,BFO-OPT,BFO
215774469,842869,SENSEX28DEC82000PE,"SENSEX",0,2028-12-28,82000,0.05,20,PE,BFO-OPT,BFO
215797509,842959,SENSEX28DEC81000CE,"SENSEX",0,2028-12-28,81000,0.05,20,CE,BFO-OPT,BFO
215820805,843050,SENSEX28DEC81000PE,"SENSEX",0,2028-12-28,81000,0.05,20,PE,BFO-OPT,BFO
215864837,843222,SENSEX28DEC82000CE,"SENSEX",0,2028-12-28,82000,0.05,20,CE,BFO-OPT,BFO
216059397,843982,SENSEX28DEC77000CE,"SENSEX",0,2028-12-28,77000,0.05,20,CE,BFO-OPT,BFO
216137477,844287,SENSEX28DEC77000PE,"SENSEX",0,2028-12-28,77000,0.05,20,PE,BFO-OPT,BFO
218904069,855094,SENSEX28DEC83000CE,"SENSEX",0,2028-12-28,83000,0.05,20,CE,BFO-OPT,BFO
218953477,855287,SENSEX28DEC83000PE,"SENSEX",0,2028-12-28,83000,0.05,20,PE,BFO-OPT,BFO
219909381,859021,SENSEX28DEC76000CE,"SENSEX",0,2028-12-28,76000,0.05,20,CE,BFO-OPT,BFO
219994885,859355,SENSEX28DEC76000PE,"SENSEX",0,2028-12-28,76000,0.05,20,PE,BFO-OPT,BFO
224715269,877794,SENSEX28DEC75000CE,"SENSEX",0,2028-12-28,75000,0.05,20,CE,BFO-OPT,BFO
224771589,878014,SENSEX28DEC75000PE,"SENSEX",0,2028-12-28,75000,0.05,20,PE,BFO-OPT,BFO
225208069,879719,SENSEX28DEC74000CE,"SENSEX",0,2028-12-28,74000,0.05,20,CE,BFO-OPT,BFO
225298181,880071,SENSEX28DEC74000PE,"SENSEX",0,2028-12-28,74000,0.05,20,PE,BFO-OPT,BFO
225435653,880608,SENSEX28DEC80000CE,"SENSEX",0,2028-12-28,80000,0.05,20,CE,BFO-OPT,BFO
225454853,880683,SENSEX28DEC80000PE,"SENSEX",0,2028-12-28,80000,0.05,20,PE,BFO-OPT,BFO
225632261,881376,SENSEX28DEC84000CE,"SENSEX",0,2028-12-28,84000,0.05,20,CE,BFO-OPT,BFO
225759749,881874,SENSEX28DEC73000PE,"SENSEX",0,2028-12-28,73000,0.05,20,PE,BFO-OPT,BFO
225836037,882172,SENSEX28DEC84000PE,"SENSEX",0,2028-12-28,84000,0.05,20,PE,BFO-OPT,BFO
225895941,882406,SENSEX28DEC73000CE,"SENSEX",0,2028-12-28,73000,0.05,20,CE,BFO-OPT,BFO
226178053,883508,SENSEX28DEC72000PE,"SENSEX",0,2028-12-28,72000,0.05,20,PE,BFO-OPT,BFO
226299653,883983,SENSEX28DEC72000CE,"SENSEX",0,2028-12-28,72000,0.05,20,CE,BFO-OPT,BFO
215211013,840668,SENSEX29JUN79000CE,"SENSEX",0,2029-06-28,79000,0.05,20,CE,BFO-OPT,BFO
215241989,840789,SENSEX29JUN79000PE,"SENSEX",0,2029-06-28,79000,0.05,20,PE,BFO-OPT,BFO
215590661,842151,SENSEX29JUN78000PE,"SENSEX",0,2029-06-28,78000,0.05,20,PE,BFO-OPT,BFO
215747845,842765,SENSEX29JUN78000CE,"SENSEX",0,2029-06-28,78000,0.05,20,CE,BFO-OPT,BFO
216115717,844202,SENSEX29JUN77000CE,"SENSEX",0,2029-06-28,77000,0.05,20,CE,BFO-OPT,BFO
216197893,844523,SENSEX29JUN77000PE,"SENSEX",0,2029-06-28,77000,0.05,20,PE,BFO-OPT,BFO
218908933,855113,SENSEX29JUN82000PE,"SENSEX",0,2029-06-28,82000,0.05,20,PE,BFO-OPT,BFO
218937605,855225,SENSEX29JUN83000CE,"SENSEX",0,2029-06-28,83000,0.05,20,CE,BFO-OPT,BFO
218989829,855429,SENSEX29JUN83000PE,"SENSEX",0,2029-06-28,83000,0.05,20,PE,BFO-OPT,BFO
219500037,857422,SENSEX29JUN81000CE,"SENSEX",0,2029-06-28,81000,0.05,20,CE,BFO-OPT,BFO
219655173,858028,SENSEX29JUN76000PE,"SENSEX",0,2029-06-28,76000,0.05,20,PE,BFO-OPT,BFO
219973893,859273,SENSEX29JUN76000CE,"SENSEX",0,2029-06-28,76000,0.05,20,CE,BFO-OPT,BFO
220156421,859986,SENSEX29JUN80000PE,"SENSEX",0,2029-06-28,80000,0.05,20,PE,BFO-OPT,BFO
220223237,860247,SENSEX29JUN82000CE,"SENSEX",0,2029-06-28,82000,0.05,20,CE,BFO-OPT,BFO
220286981,860496,SENSEX29JUN80000CE,"SENSEX",0,2029-06-28,80000,0.05,20,CE,BFO-OPT,BFO
220879621,862811,SENSEX29JUN81000PE,"SENSEX",0,2029-06-28,81000,0.05,20,PE,BFO-OPT,BFO
224814597,878182,SENSEX29JUN75000PE,"SENSEX",0,2029-06-28,75000,0.05,20,PE,BFO-OPT,BFO
224915973,878578,SENSEX29JUN75000CE,"SENSEX",0,2029-06-28,75000,0.05,20,CE,BFO-OPT,BFO
225083909,879234,SENSEX29JUN74000CE,"SENSEX",0,2029-06-28,74000,0.05,20,CE,BFO-OPT,BFO
225174021,879586,SENSEX29JUN74000PE,"SENSEX",0,2029-06-28,74000,0.05,20,PE,BFO-OPT,BFO
225683461,881576,SENSEX29JUN84000CE,"SENSEX",0,2029-06-28,84000,0.05,20,CE,BFO-OPT,BFO
225749509,881834,SENSEX29JUN84000PE,"SENSEX",0,2029-06-28,84000,0.05,20,PE,BFO-OPT,BFO
225967109,882684,SENSEX29JUN73000CE,"SENSEX",0,2029-06-28,73000,0.05,20,CE,BFO-OPT,BFO
226052869,883019,SENSEX29JUN73000PE,"SENSEX",0,2029-06-28,73000,0.05,20,PE,BFO-OPT,BFO
226200837,883597,SENSEX29JUN72000PE,"SENSEX",0,2029-06-28,72000,0.05,20,PE,BFO-OPT,BFO
226323973,884078,SENSEX29JUN72000CE,"SENSEX",0,2029-06-28,72000,0.05,20,CE,BFO-OPT,BFO
215185157,840567,SENSEX29DEC79000PE,"SENSEX",0,2029-12-27,79000,0.05,20,PE,BFO-OPT,BFO
215211781,840671,SENSEX29DEC79000CE,"SENSEX",0,2029-12-27,79000,0.05,20,CE,BFO-OPT,BFO
215488261,841751,SENSEX29DEC82000CE,"SENSEX",0,2029-12-27,82000,0.05,20,CE,BFO-OPT,BFO
215490821,841761,SENSEX29DEC80000PE,"SENSEX",0,2029-12-27,80000,0.05,20,PE,BFO-OPT,BFO
215510021,841836,SENSEX29DEC82000PE,"SENSEX",0,2029-12-27,82000,0.05,20,PE,BFO-OPT,BFO
215526661,841901,SENSEX29DEC80000CE,"SENSEX",0,2029-12-27,80000,0.05,20,CE,BFO-OPT,BFO
215530501,841916,SENSEX29DEC81000CE,"SENSEX",0,2029-12-27,81000,0.05,20,CE,BFO-OPT,BFO
215552261,842001,SENSEX29DEC81000PE,"SENSEX",0,2029-12-27,81000,0.05,20,PE,BFO-OPT,BFO
215591173,842153,SENSEX29DEC78000PE,"SENSEX",0,2029-12-27,78000,0.05,20,PE,BFO-OPT,BFO
215749637,842772,SENSEX29DEC78000CE,"SENSEX",0,2029-12-27,78000,0.05,20,CE,BFO-OPT,BFO
216119045,844215,SENSEX29DEC77000CE,"SENSEX",0,2029-12-27,77000,0.05,20,CE,BFO-OPT,BFO
216199941,844531,SENSEX29DEC77000PE,"SENSEX",0,2029-12-27,77000,0.05,20,PE,BFO-OPT,BFO
218940165,855235,SENSEX29DEC83000CE,"SENSEX",0,2029-12-27,83000,0.05,20,CE,BFO-OPT,BFO
218991621,855436,SENSEX29DEC83000PE,"SENSEX",0,2029-12-27,83000,0.05,20,PE,BFO-OPT,BFO
219657989,858039,SENSEX29DEC76000PE,"SENSEX",0,2029-12-27,76000,0.05,20,PE,BFO-OPT,BFO
219975941,859281,SENSEX29DEC76000CE,"SENSEX",0,2029-12-27,76000,0.05,20,CE,BFO-OPT,BFO
224757509,877959,SENSEX29DEC75000CE,"SENSEX",0,2029-12-27,75000,0.05,20,CE,BFO-OPT,BFO
224816901,878191,SENSEX29DEC75000PE,"SENSEX",0,2029-12-27,75000,0.05,20,PE,BFO-OPT,BFO
225086981,879246,SENSEX29DEC74000CE,"SENSEX",0,2029-12-27,74000,0.05,20,CE,BFO-OPT,BFO
225369861,880351,SENSEX29DEC74000PE,"SENSEX",0,2029-12-27,74000,0.05,20,PE,BFO-OPT,BFO
225685765,881585,SENSEX29DEC84000CE,"SENSEX",0,2029-12-27,84000,0.05,20,CE,BFO-OPT,BFO
225751813,881843,SENSEX29DEC84000PE,"SENSEX",0,2029-12-27,84000,0.05,20,PE,BFO-OPT,BFO
225970181,882696,SENSEX29DEC73000CE,"SENSEX",0,2029-12-27,73000,0.05,20,CE,BFO-OPT,BFO
226055685,883030,SENSEX29DEC73000PE,"SENSEX",0,2029-12-27,73000,0.05,20,PE,BFO-OPT,BFO
226168837,883472,SENSEX29DEC72000CE,"SENSEX",0,2029-12-27,72000,0.05,20,CE,BFO-OPT,BFO
226202117,883602,SENSEX29DEC72000PE,"SENSEX",0,2029-12-27,72000,0.05,20,PE,BFO-OPT,BFO
215180549,840549,SENSEX30JUN79000PE,"SENSEX",0,2030-06-27,79000,0.05,20,PE,BFO-OPT,BFO
215262981,840871,SENSEX30JUN79000CE,"SENSEX",0,2030-06-27,79000,0.05,20,CE,BFO-OPT,BFO
215674373,842478,SENSEX30JUN78000PE,"SENSEX",0,2030-06-27,78000,0.05,20,PE,BFO-OPT,BFO
215740933,842738,SENSEX30JUN78000CE,"SENSEX",0,2030-06-27,78000,0.05,20,CE,BFO-OPT,BFO
216058629,843979,SENSEX30JUN82000PE,"SENSEX",0,2030-06-27,82000,0.05,20,PE,BFO-OPT,BFO
216094469,844119,SENSEX30JUN81000CE,"SENSEX",0,2030-06-27,81000,0.05,20,CE,BFO-OPT,BFO
216099589,844139,SENSEX30JUN77000CE,"SENSEX",0,2030-06-27,77000,0.05,20,CE,BFO-OPT,BFO
216133637,844272,SENSEX30JUN81000PE,"SENSEX",0,2030-06-27,81000,0.05,20,PE,BFO-OPT,BFO
216166405,844400,SENSEX30JUN80000CE,"SENSEX",0,2030-06-27,80000,0.05,20,CE,BFO-OPT,BFO
216181765,844460,SENSEX30JUN77000PE,"SENSEX",0,2030-06-27,77000,0.05,20,PE,BFO-OPT,BFO
216194565,844510,SENSEX30JUN82000CE,"SENSEX",0,2030-06-27,82000,0.05,20,CE,BFO-OPT,BFO
216200197,844532,SENSEX30JUN80000PE,"SENSEX",0,2030-06-27,80000,0.05,20,PE,BFO-OPT,BFO
218854661,854901,SENSEX30JUN83000PE,"SENSEX",0,2030-06-27,83000,0.05,20,PE,BFO-OPT,BFO
218928901,855191,SENSEX30JUN83000CE,"SENSEX",0,2030-06-27,83000,0.05,20,CE,BFO-OPT,BFO
219959557,859217,SENSEX30JUN76000CE,"SENSEX",0,2030-06-27,76000,0.05,20,CE,BFO-OPT,BFO
220040197,859532,SENSEX30JUN76000PE,"SENSEX",0,2030-06-27,76000,0.05,20,PE,BFO-OPT,BFO
224744965,877910,SENSEX30JUN75000CE,"SENSEX",0,2030-06-27,75000,0.05,20,CE,BFO-OPT,BFO
224804101,878141,SENSEX30JUN75000PE,"SENSEX",0,2030-06-27,75000,0.05,20,PE,BFO-OPT,BFO
225258757,879917,SENSEX30JUN74000CE,"SENSEX",0,2030-06-27,74000,0.05,20,CE,BFO-OPT,BFO
225347589,880264,SENSEX30JUN74000PE,"SENSEX",0,2030-06-27,74000,0.05,20,PE,BFO-OPT,BFO
225801221,882036,SENSEX30JUN84000CE,"SENSEX",0,2030-06-27,84000,0.05,20,CE,BFO-OPT,BFO
225805061,882051,SENSEX30JUN73000PE,"SENSEX",0,2030-06-27,73000,0.05,20,PE,BFO-OPT,BFO
225875205,882325,SENSEX30JUN84000PE,"SENSEX",0,2030-06-27,84000,0.05,20,PE,BFO-OPT,BFO
226117381,883271,SENSEX30JUN73000CE,"SENSEX",0,2030-06-27,73000,0.05,20,CE,BFO-OPT,BFO
226260229,883829,SENSEX30JUN72000PE,"SENSEX",0,2030-06-27,72000,0.05,20,PE,BFO-OPT,BFO
226316037,884047,SENSEX30JUN72000CE,"SENSEX",0,2030-06-27,72000,0.05,20,CE,BFO-OPT,BFO
211175429,824904,SENSEX30DEC80000CE,"SENSEX",0,2030-12-26,80000,0.05,20,CE,BFO-OPT,BFO
211507973,826203,SENSEX30DEC82000CE,"SENSEX",0,2030-12-26,82000,0.05,20,CE,BFO-OPT,BFO
211567621,826436,SENSEX30DEC80000PE,"SENSEX",0,2030-12-26,80000,0.05,20,PE,BFO-OPT,BFO
211896837,827722,SENSEX30DEC82000PE,"SENSEX",0,2030-12-26,82000,0.05,20,PE,BFO-OPT,BFO
212260613,829143,SENSEX30DEC81000CE,"SENSEX",0,2030-12-26,81000,0.05,20,CE,BFO-OPT,BFO
212783365,831185,SENSEX30DEC81000PE,"SENSEX",0,2030-12-26,81000,0.05,20,PE,BFO-OPT,BFO
215188741,840581,SENSEX30DEC79000CE,"SENSEX",0,2030-12-26,79000,0.05,20,CE,BFO-OPT,BFO
215207685,840655,SENSEX30DEC79000PE,"SENSEX",0,2030-12-26,79000,0.05,20,PE,BFO-OPT,BFO
215604997,842207,SENSEX30DEC78000CE,"SENSEX",0,2030-12-26,78000,0.05,20,CE,BFO-OPT,BFO
215736069,842719,SENSEX30DEC78000PE,"SENSEX",0,2030-12-26,78000,0.05,20,PE,BFO-OPT,BFO
216221189,844614,SENSEX30DEC77000CE,"SENSEX",0,2030-12-26,77000,0.05,20,CE,BFO-OPT,BFO
216282885,844855,SENSEX30DEC77000PE,"SENSEX",0,2030-12-26,77000,0.05,20,PE,BFO-OPT,BFO
218925573,855178,SENSEX30DEC83000PE,"SENSEX",0,2030-12-26,83000,0.05,20,PE,BFO-OPT,BFO
219004933,855488,SENSEX30DEC83000CE,"SENSEX",0,2030-12-26,83000,0.05,20,CE,BFO-OPT,BFO
219684869,858144,SENSEX30DEC76000CE,"SENSEX",0,2030-12-26,76000,0.05,20,CE,BFO-OPT,BFO
219769349,858474,SENSEX30DEC76000PE,"SENSEX",0,2030-12-26,76000,0.05,20,PE,BFO-OPT,BFO
224835077,878262,SENSEX30DEC75000CE,"SENSEX",0,2030-12-26,75000,0.05,20,CE,BFO-OPT,BFO
224901125,878520,SENSEX30DEC75000PE,"SENSEX",0,2030-12-26,75000,0.05,20,PE,BFO-OPT,BFO
225057029,879129,SENSEX30DEC74000PE,"SENSEX",0,2030-12-26,74000,0.05,20,PE,BFO-OPT,BFO
225406981,880496,SENSEX30DEC74000CE,"SENSEX",0,2030-12-26,74000,0.05,20,CE,BFO-OPT,BFO
225661189,881489,SENSEX30DEC84000PE,"SENSEX",0,2030-12-26,84000,0.05,20,PE,BFO-OPT,BFO
225850629,882229,SENSEX30DEC73000CE,"SENSEX",0,2030-12-26,73000,0.05,20,CE,BFO-OPT,BFO
225909509,882459,SENSEX30DEC84000CE,"SENSEX",0,2030-12-26,84000,0.05,20,CE,BFO-OPT,BFO
225943557,882592,SENSEX30DEC73000PE,"SENSEX",0,2030-12-26,73000,0.05,20,PE,BFO-OPT,BFO
226212357,883642,SENSEX30DEC72000CE,"SENSEX",0,2030-12-26,72000,0.05,20,CE,BFO-OPT,BFO
226313989,884039,SENSEX30DEC72000PE,"SENSEX",0,2030-12-26,72000,0.05,20,PE,BFO-OPT,BFO
215503877,841812,SENSEX31JUN79000CE,"SENSEX",0,2031-06-26,79000,0.05,20,CE,BFO-OPT,BFO
215513349,841849,SENSEX31JUN73000CE,"SENSEX",0,2031-06-26,73000,0.05,20,CE,BFO-OPT,BFO
215556869,842019,SENSEX31JUN77000PE,"SENSEX",0,2031-06-26,77000,0.05,20,PE,BFO-OPT,BFO
215588101,842141,SENSEX31JUN81000PE,"SENSEX",0,2031-06-26,81000,0.05,20,PE,BFO-OPT,BFO
215950341,843556,SENSEX31JUN73000PE,"SENSEX",0,2031-06-26,73000,0.05,20,PE,BFO-OPT,BFO
215961349,843599,SENSEX31JUN76000CE,"SENSEX",0,2031-06-26,76000,0.05,20,CE,BFO-OPT,BFO
216020741,843831,SENSEX31JUN74000PE,"SENSEX",0,2031-06-26,74000,0.05,20,PE,BFO-OPT,BFO
216324357,845017,SENSEX31JUN78000CE,"SENSEX",0,2031-06-26,78000,0.05,20,CE,BFO-OPT,BFO
216335365,845060,SENSEX31JUN72000CE,"SENSEX",0,2031-06-26,72000,0.05,20,CE,BFO-OPT,BFO
216353029,845129,SENSEX31JUN82000CE,"SENSEX",0,2031-06-26,82000,0.05,20,CE,BFO-OPT,BFO
216378629,845229,SENSEX31JUN76000PE,"SENSEX",0,2031-06-26,76000,0.05,20,PE,BFO-OPT,BFO
216408581,845346,SENSEX31JUN80000PE,"SENSEX",0,2031-06-26,80000,0.05,20,PE,BFO-OPT,BFO
216682501,846416,SENSEX31JUN74000CE,"SENSEX",0,2031-06-26,74000,0.05,20,CE,BFO-OPT,BFO
216726021,846586,SENSEX31JUN78000PE,"SENSEX",0,2031-06-26,78000,0.05,20,PE,BFO-OPT,BFO
216733189,846614,SENSEX31JUN72000PE,"SENSEX",0,2031-06-26,72000,0.05,20,PE,BFO-OPT,BFO
216741381,846646,SENSEX31JUN75000CE,"SENSEX",0,2031-06-26,75000,0.05,20,CE,BFO-OPT,BFO
216748037,846672,SENSEX31JUN82000PE,"SENSEX",0,2031-06-26,82000,0.05,20,PE,BFO-OPT,BFO
216795909,846859,SENSEX31JUN79000PE,"SENSEX",0,2031-06-26,79000,0.05,20,PE,BFO-OPT,BFO
217046789,847839,SENSEX31JUN80000CE,"SENSEX",0,2031-06-26,80000,0.05,20,CE,BFO-OPT,BFO
217089029,848004,SENSEX31JUN77000CE,"SENSEX",0,2031-06-26,77000,0.05,20,CE,BFO-OPT,BFO
217116421,848111,SENSEX31JUN81000CE,"SENSEX",0,2031-06-26,81000,0.05,20,CE,BFO-OPT,BFO
217145605,848225,SENSEX31JUN75000PE,"SENSEX",0,2031-06-26,75000,0.05,20,PE,BFO-OPT,BFO
218822917,854777,SENSEX31JUN83000CE,"SENSEX",0,2031-06-26,83000,0.05,20,CE,BFO-OPT,BFO
218863877,854937,SENSEX31JUN83000PE,"SENSEX",0,2031-06-26,83000,0.05,20,PE,BFO-OPT,BFO
225814277,882087,SENSEX31JUN84000CE,"SENSEX",0,2031-06-26,84000,0.05,20,CE,BFO-OPT,BFO
225885189,882364,SENSEX31JUN84000PE,"SENSEX",0,2031-06-26,84000,0.05,20,PE,BFO-OPT,BFO
210757893,823273,SENSEX5026AUG24400CE,"SENSEX50",0,2026-08-27,24400,0.05,75,CE,BFO-OPT,BFO
210788357,823392,SENSEX5026AUG24150CE,"SENSEX50",0,2026-08-27,24150,0.05,75,CE,BFO-OPT,BFO
210820613,823518,SENSEX5026AUG24700PE,"SENSEX50",0,2026-08-27,24700,0.05,75,PE,BFO-OPT,BFO
210850565,823635,SENSEX5026AUG24450PE,"SENSEX50",0,2026-08-27,24450,0.05,75,PE,BFO-OPT,BFO
210876677,823737,SENSEX5026AUG26000CE,"SENSEX50",0,2026-08-27,26000,0.05,75,CE,BFO-OPT,BFO
210889989,823789,SENSEX5026AUG24600CE,"SENSEX50",0,2026-08-27,24600,0.05,75,CE,BFO-OPT,BFO
210920709,823909,SENSEX5026AUG24350CE,"SENSEX50",0,2026-08-27,24350,0.05,75,CE,BFO-OPT,BFO
210937605,823975,SENSEX5026AUG24000PE,"SENSEX50",0,2026-08-27,24000,0.05,75,PE,BFO-OPT,BFO
210955525,824045,SENSEX5026AUG24900PE,"SENSEX50",0,2026-08-27,24900,0.05,75,PE,BFO-OPT,BFO
210988037,824172,SENSEX5026AUG24650PE,"SENSEX50",0,2026-08-27,24650,0.05,75,PE,BFO-OPT,BFO
211002885,824230,SENSEX5026AUG25350CE,"SENSEX50",0,2026-08-27,25350,0.05,75,CE,BFO-OPT,BFO
211027973,824328,SENSEX5026AUG24800CE,"SENSEX50",0,2026-08-27,24800,0.05,75,CE,BFO-OPT,BFO
211060229,824454,SENSEX5026AUG25650PE,"SENSEX50",0,2026-08-27,25650,0.05,75,PE,BFO-OPT,BFO
211071237,824497,SENSEX5026AUG24200PE,"SENSEX50",0,2026-08-27,24200,0.05,75,PE,BFO-OPT,BFO
211100421,824611,SENSEX5026AUG25800CE,"SENSEX50",0,2026-08-27,25800,0.05,75,CE,BFO-OPT,BFO
211126277,824712,SENSEX5026AUG25550CE,"SENSEX50",0,2026-08-27,25550,0.05,75,CE,BFO-OPT,BFO
211138821,824761,SENSEX5026AUG24100CE,"SENSEX50",0,2026-08-27,24100,0.05,75,CE,BFO-OPT,BFO
211185413,824943,SENSEX5026AUG25850PE,"SENSEX50",0,2026-08-27,25850,0.05,75,PE,BFO-OPT,BFO
211196933,824988,SENSEX5026AUG24400PE,"SENSEX50",0,2026-08-27,24400,0.05,75,PE,BFO-OPT,BFO
211225861,825101,SENSEX5026AUG24150PE,"SENSEX50",0,2026-08-27,24150,0.05,75,PE,BFO-OPT,BFO
211254789,825214,SENSEX5026AUG25750CE,"SENSEX50",0,2026-08-27,25750,0.05,75,CE,BFO-OPT,BFO
211269893,825273,SENSEX5026AUG24300CE,"SENSEX50",0,2026-08-27,24300,0.05,75,CE,BFO-OPT,BFO
211307781,825421,SENSEX5026AUG25150PE,"SENSEX50",0,2026-08-27,25150,0.05,75,PE,BFO-OPT,BFO
211320069,825469,SENSEX5026AUG26000PE,"SENSEX50",0,2026-08-27,26000,0.05,75,PE,BFO-OPT,BFO
211334917,825527,SENSEX5026AUG24600PE,"SENSEX50",0,2026-08-27,24600,0.05,75,PE,BFO-OPT,BFO
211351813,825593,SENSEX5026AUG25300CE,"SENSEX50",0,2026-08-27,25300,0.05,75,CE,BFO-OPT,BFO
211379205,825700,SENSEX5026AUG25050CE,"SENSEX50",0,2026-08-27,25050,0.05,75,CE,BFO-OPT,BFO
211395077,825762,SENSEX5026AUG25950CE,"SENSEX50",0,2026-08-27,25950,0.05,75,CE,BFO-OPT,BFO
211412229,825829,SENSEX5026AUG25600PE,"SENSEX50",0,2026-08-27,25600,0.05,75,PE,BFO-OPT,BFO
211443205,825950,SENSEX5026AUG25350PE,"SENSEX50",0,2026-08-27,25350,0.05,75,PE,BFO-OPT,BFO
211486725,826120,SENSEX5026AUG25500CE,"SENSEX50",0,2026-08-27,25500,0.05,75,CE,BFO-OPT,BFO
211514629,826229,SENSEX5026AUG25250CE,"SENSEX50",0,2026-08-27,25250,0.05,75,CE,BFO-OPT,BFO
211543301,826341,SENSEX5026AUG25800PE,"SENSEX50",0,2026-08-27,25800,0.05,75,PE,BFO-OPT,BFO
211570181,826446,SENSEX5026AUG25550PE,"SENSEX50",0,2026-08-27,25550,0.05,75,PE,BFO-OPT,BFO
211585797,826507,SENSEX5026AUG24100PE,"SENSEX50",0,2026-08-27,24100,0.05,75,PE,BFO-OPT,BFO
211611141,826606,SENSEX5026AUG25700CE,"SENSEX50",0,2026-08-27,25700,0.05,75,CE,BFO-OPT,BFO
211638021,826711,SENSEX5026AUG25450CE,"SENSEX50",0,2026-08-27,25450,0.05,75,CE,BFO-OPT,BFO
211651333,826763,SENSEX5026AUG25100PE,"SENSEX50",0,2026-08-27,25100,0.05,75,PE,BFO-OPT,BFO
211694597,826932,SENSEX5026AUG25750PE,"SENSEX50",0,2026-08-27,25750,0.05,75,PE,BFO-OPT,BFO
211723013,827043,SENSEX5026AUG25000CE,"SENSEX50",0,2026-08-27,25000,0.05,75,CE,BFO-OPT,BFO
211736069,827094,SENSEX5026AUG25900CE,"SENSEX50",0,2026-08-27,25900,0.05,75,CE,BFO-OPT,BFO
211768325,827220,SENSEX5026AUG25650CE,"SENSEX50",0,2026-08-27,25650,0.05,75,CE,BFO-OPT,BFO
211788805,827300,SENSEX5026AUG25300PE,"SENSEX50",0,2026-08-27,25300,0.05,75,PE,BFO-OPT,BFO
211816197,827407,SENSEX5026AUG25050PE,"SENSEX50",0,2026-08-27,25050,0.05,75,PE,BFO-OPT,BFO
211833349,827474,SENSEX5026AUG25950PE,"SENSEX50",0,2026-08-27,25950,0.05,75,PE,BFO-OPT,BFO
211856133,827563,SENSEX5026AUG25200CE,"SENSEX50",0,2026-08-27,25200,0.05,75,CE,BFO-OPT,BFO
211916805,827800,SENSEX5026AUG25500PE,"SENSEX50",0,2026-08-27,25500,0.05,75,PE,BFO-OPT,BFO
211947781,827921,SENSEX5026AUG25250PE,"SENSEX50",0,2026-08-27,25250,0.05,75,PE,BFO-OPT,BFO
211974405,828025,SENSEX5026AUG24550CE,"SENSEX50",0,2026-08-27,24550,0.05,75,CE,BFO-OPT,BFO
211985157,828067,SENSEX5026AUG25400CE,"SENSEX50",0,2026-08-27,25400,0.05,75,CE,BFO-OPT,BFO
212010245,828165,SENSEX5026AUG25150CE,"SENSEX50",0,2026-08-27,25150,0.05,75,CE,BFO-OPT,BFO
212029445,828240,SENSEX5026AUG24850PE,"SENSEX50",0,2026-08-27,24850,0.05,75,PE,BFO-OPT,BFO
212042501,828291,SENSEX5026AUG25700PE,"SENSEX50",0,2026-08-27,25700,0.05,75,PE,BFO-OPT,BFO
212071941,828406,SENSEX5026AUG25450PE,"SENSEX50",0,2026-08-27,25450,0.05,75,PE,BFO-OPT,BFO
212098309,828509,SENSEX5026AUG24750CE,"SENSEX50",0,2026-08-27,24750,0.05,75,CE,BFO-OPT,BFO
212111877,828562,SENSEX5026AUG25600CE,"SENSEX50",0,2026-08-27,25600,0.05,75,CE,BFO-OPT,BFO
212154629,828729,SENSEX5026AUG25000PE,"SENSEX50",0,2026-08-27,25000,0.05,75,PE,BFO-OPT,BFO
212168453,828783,SENSEX5026AUG25900PE,"SENSEX50",0,2026-08-27,25900,0.05,75,PE,BFO-OPT,BFO
212210437,828947,SENSEX5026AUG24050CE,"SENSEX50",0,2026-08-27,24050,0.05,75,CE,BFO-OPT,BFO
212227077,829012,SENSEX5026AUG24950CE,"SENSEX50",0,2026-08-27,24950,0.05,75,CE,BFO-OPT,BFO
212272389,829189,SENSEX5026AUG24350PE,"SENSEX50",0,2026-08-27,24350,0.05,75,PE,BFO-OPT,BFO
212284933,829238,SENSEX5026AUG25200PE,"SENSEX50",0,2026-08-27,25200,0.05,75,PE,BFO-OPT,BFO
212315653,829358,SENSEX5026AUG24500CE,"SENSEX50",0,2026-08-27,24500,0.05,75,CE,BFO-OPT,BFO
212344581,829471,SENSEX5026AUG24250CE,"SENSEX50",0,2026-08-27,24250,0.05,75,CE,BFO-OPT,BFO
212489221,830036,SENSEX5026AUG25100CE,"SENSEX50",0,2026-08-27,25100,0.05,75,CE,BFO-OPT,BFO
212509957,830117,SENSEX5026AUG24800PE,"SENSEX50",0,2026-08-27,24800,0.05,75,PE,BFO-OPT,BFO
212540421,830236,SENSEX5026AUG24550PE,"SENSEX50",0,2026-08-27,24550,0.05,75,PE,BFO-OPT,BFO
212552965,830285,SENSEX5026AUG25400PE,"SENSEX50",0,2026-08-27,25400,0.05,75,PE,BFO-OPT,BFO
212580357,830392,SENSEX5026AUG24700CE,"SENSEX50",0,2026-08-27,24700,0.05,75,CE,BFO-OPT,BFO
212605957,830492,SENSEX5026AUG24450CE,"SENSEX50",0,2026-08-27,24450,0.05,75,CE,BFO-OPT,BFO
212665605,830725,SENSEX5026AUG24750PE,"SENSEX50",0,2026-08-27,24750,0.05,75,PE,BFO-OPT,BFO
212692485,830830,SENSEX5026AUG24000CE,"SENSEX50",0,2026-08-27,24000,0.05,75,CE,BFO-OPT,BFO
212705285,830880,SENSEX5026AUG24900CE,"SENSEX50",0,2026-08-27,24900,0.05,75,CE,BFO-OPT,BFO
212734469,830994,SENSEX5026AUG24650CE,"SENSEX50",0,2026-08-27,24650,0.05,75,CE,BFO-OPT,BFO
212746245,831040,SENSEX5026AUG24300PE,"SENSEX50",0,2026-08-27,24300,0.05,75,PE,BFO-OPT,BFO
212774405,831150,SENSEX5026AUG24050PE,"SENSEX50",0,2026-08-27,24050,0.05,75,PE,BFO-OPT,BFO
212787973,831203,SENSEX5026AUG24950PE,"SENSEX50",0,2026-08-27,24950,0.05,75,PE,BFO-OPT,BFO
212814597,831307,SENSEX5026AUG24200CE,"SENSEX50",0,2026-08-27,24200,0.05,75,CE,BFO-OPT,BFO
212857349,831474,SENSEX5026AUG24850CE,"SENSEX50",0,2026-08-27,24850,0.05,75,CE,BFO-OPT,BFO
212871173,831528,SENSEX5026AUG24500PE,"SENSEX50",0,2026-08-27,24500,0.05,75,PE,BFO-OPT,BFO
212899077,831637,SENSEX5026AUG24250PE,"SENSEX50",0,2026-08-27,24250,0.05,75,PE,BFO-OPT,BFO
212926725,831745,SENSEX5026AUG25850CE,"SENSEX50",0,2026-08-27,25850,0.05,75,CE,BFO-OPT,BFO
213119493,832498,SENSEX5026AUG23750CE,"SENSEX50",0,2026-08-27,23750,0.05,75,CE,BFO-OPT,BFO
213134853,832558,SENSEX5026AUG23950CE,"SENSEX50",0,2026-08-27,23950,0.05,75,CE,BFO-OPT,BFO
213158917,832652,SENSEX5026AUG23700CE,"SENSEX50",0,2026-08-27,23700,0.05,75,CE,BFO-OPT,BFO
213171461,832701,SENSEX5026AUG23750PE,"SENSEX50",0,2026-08-27,23750,0.05,75,PE,BFO-OPT,BFO
213176325,832720,SENSEX5026AUG23900CE,"SENSEX50",0,2026-08-27,23900,0.05,75,CE,BFO-OPT,BFO
213180677,832737,SENSEX5026AUG23650CE,"SENSEX50",0,2026-08-27,23650,0.05,75,CE,BFO-OPT,BFO
213187077,832762,SENSEX5026AUG23950PE,"SENSEX50",0,2026-08-27,23950,0.05,75,PE,BFO-OPT,BFO
213192965,832785,SENSEX5026AUG23850CE,"SENSEX50",0,2026-08-27,23850,0.05,75,CE,BFO-OPT,BFO
213208325,832845,SENSEX5026AUG23700PE,"SENSEX50",0,2026-08-27,23700,0.05,75,PE,BFO-OPT,BFO
213221125,832895,SENSEX5026AUG23900PE,"SENSEX50",0,2026-08-27,23900,0.05,75,PE,BFO-OPT,BFO
213224965,832910,SENSEX5026AUG23650PE,"SENSEX50",0,2026-08-27,23650,0.05,75,PE,BFO-OPT,BFO
213230085,832930,SENSEX5026AUG23800CE,"SENSEX50",0,2026-08-27,23800,0.05,75,CE,BFO-OPT,BFO
213240325,832970,SENSEX5026AUG23850PE,"SENSEX50",0,2026-08-27,23850,0.05,75,PE,BFO-OPT,BFO
213281797,833132,SENSEX5026AUG23800PE,"SENSEX50",0,2026-08-27,23800,0.05,75,PE,BFO-OPT,BFO
213408005,833625,SENSEX5026AUG23550PE,"SENSEX50",0,2026-08-27,23550,0.05,75,PE,BFO-OPT,BFO
213416709,833659,SENSEX5026AUG23450CE,"SENSEX50",0,2026-08-27,23450,0.05,75,CE,BFO-OPT,BFO
213456389,833814,SENSEX5026AUG23500PE,"SENSEX50",0,2026-08-27,23500,0.05,75,PE,BFO-OPT,BFO
213472261,833876,SENSEX5026AUG23450PE,"SENSEX50",0,2026-08-27,23450,0.05,75,PE,BFO-OPT,BFO
213476869,833894,SENSEX5026AUG23600CE,"SENSEX50",0,2026-08-27,23600,0.05,75,CE,BFO-OPT,BFO
213496069,833969,SENSEX5026AUG23550CE,"SENSEX50",0,2026-08-27,23550,0.05,75,CE,BFO-OPT,BFO
213526789,834089,SENSEX5026AUG23600PE,"SENSEX50",0,2026-08-27,23600,0.05,75,PE,BFO-OPT,BFO
213535749,834124,SENSEX5026AUG23500CE,"SENSEX50",0,2026-08-27,23500,0.05,75,CE,BFO-OPT,BFO
214096645,836315,SENSEX5026AUG23250CE,"SENSEX50",0,2026-08-27,23250,0.05,75,CE,BFO-OPT,BFO
214125573,836428,SENSEX5026AUG23200CE,"SENSEX50",0,2026-08-27,23200,0.05,75,CE,BFO-OPT,BFO
214132741,836456,SENSEX5026AUG23250PE,"SENSEX50",0,2026-08-27,23250,0.05,75,PE,BFO-OPT,BFO
214137605,836475,SENSEX5026AUG23400CE,"SENSEX50",0,2026-08-27,23400,0.05,75,CE,BFO-OPT,BFO
214154245,836540,SENSEX5026AUG23350CE,"SENSEX50",0,2026-08-27,23350,0.05,75,CE,BFO-OPT,BFO
214164997,836582,SENSEX5026AUG23200PE,"SENSEX50",0,2026-08-27,23200,0.05,75,PE,BFO-OPT,BFO
214176773,836628,SENSEX5026AUG23400PE,"SENSEX50",0,2026-08-27,23400,0.05,75,PE,BFO-OPT,BFO
214183685,836655,SENSEX5026AUG23300CE,"SENSEX50",0,2026-08-27,23300,0.05,75,CE,BFO-OPT,BFO
214190085,836680,SENSEX5026AUG23350PE,"SENSEX50",0,2026-08-27,23350,0.05,75,PE,BFO-OPT,BFO
214216197,836782,SENSEX5026AUG23300PE,"SENSEX50",0,2026-08-27,23300,0.05,75,PE,BFO-OPT,BFO
214821125,839145,SENSEX5026AUG26100PE,"SENSEX50",0,2026-08-27,26100,0.05,75,PE,BFO-OPT,BFO
214829317,839177,SENSEX5026AUG26050PE,"SENSEX50",0,2026-08-27,26050,0.05,75,PE,BFO-OPT,BFO
214923013,839543,SENSEX5026AUG26100CE,"SENSEX50",0,2026-08-27,26100,0.05,75,CE,BFO-OPT,BFO
214932741,839581,SENSEX5026AUG26050CE,"SENSEX50",0,2026-08-27,26050,0.05,75,CE,BFO-OPT,BFO
214962693,839698,SENSEX5026AUG26200CE,"SENSEX50",0,2026-08-27,26200,0.05,75,CE,BFO-OPT,BFO
214984453,839783,SENSEX5026AUG26200PE,"SENSEX50",0,2026-08-27,26200,0.05,75,PE,BFO-OPT,BFO
215020549,839924,SENSEX5026AUG26150CE,"SENSEX50",0,2026-08-27,26150,0.05,75,CE,BFO-OPT,BFO
215043077,840012,SENSEX5026AUG26150PE,"SENSEX50",0,2026-08-27,26150,0.05,75,PE,BFO-OPT,BFO
215081477,840162,SENSEX5026AUG26300PE,"SENSEX50",0,2026-08-27,26300,0.05,75,PE,BFO-OPT,BFO
215091717,840202,SENSEX5026AUG26250PE,"SENSEX50",0,2026-08-27,26250,0.05,75,PE,BFO-OPT,BFO
215204101,840641,SENSEX5026AUG26300CE,"SENSEX50",0,2026-08-27,26300,0.05,75,CE,BFO-OPT,BFO
215217669,840694,SENSEX5026AUG26250CE,"SENSEX50",0,2026-08-27,26250,0.05,75,CE,BFO-OPT,BFO
219065349,855724,SENSEX5026AUG26400CE,"SENSEX50",0,2026-08-27,26400,0.05,75,CE,BFO-OPT,BFO
219140613,856018,SENSEX5026AUG26350CE,"SENSEX50",0,2026-08-27,26350,0.05,75,CE,BFO-OPT,BFO
219161861,856101,SENSEX5026AUG26400PE,"SENSEX50",0,2026-08-27,26400,0.05,75,PE,BFO-OPT,BFO
219172613,856143,SENSEX5026AUG26350PE,"SENSEX50",0,2026-08-27,26350,0.05,75,PE,BFO-OPT,BFO
219190533,856213,SENSEX5026AUG26450CE,"SENSEX50",0,2026-08-27,26450,0.05,75,CE,BFO-OPT,BFO
219214085,856305,SENSEX5026AUG26500PE,"SENSEX50",0,2026-08-27,26500,0.05,75,PE,BFO-OPT,BFO
219294725,856620,SENSEX5026AUG26450PE,"SENSEX50",0,2026-08-27,26450,0.05,75,PE,BFO-OPT,BFO
219298053,856633,SENSEX5026AUG26600CE,"SENSEX50",0,2026-08-27,26600,0.05,75,CE,BFO-OPT,BFO
219310341,856681,SENSEX5026AUG26550CE,"SENSEX50",0,2026-08-27,26550,0.05,75,CE,BFO-OPT,BFO
219332613,856768,SENSEX5026AUG26600PE,"SENSEX50",0,2026-08-27,26600,0.05,75,PE,BFO-OPT,BFO
219337733,856788,SENSEX5026AUG26500CE,"SENSEX50",0,2026-08-27,26500,0.05,75,CE,BFO-OPT,BFO
219344389,856814,SENSEX5026AUG26550PE,"SENSEX50",0,2026-08-27,26550,0.05,75,PE,BFO-OPT,BFO
225619205,881325,SENSEX5026AUG26700CE,"SENSEX50",0,2026-08-27,26700,0.05,75,CE,BFO-OPT,BFO
225635845,881390,SENSEX5026AUG26750PE,"SENSEX50",0,2026-08-27,26750,0.05,75,PE,BFO-OPT,BFO
225696773,881628,SENSEX5026AUG26700PE,"SENSEX50",0,2026-08-27,26700,0.05,75,PE,BFO-OPT,BFO
225784837,881972,SENSEX5026AUG26650CE,"SENSEX50",0,2026-08-27,26650,0.05,75,CE,BFO-OPT,BFO
225853189,882239,SENSEX5026AUG26650PE,"SENSEX50",0,2026-08-27,26650,0.05,75,PE,BFO-OPT,BFO
225881605,882350,SENSEX5026AUG26750CE,"SENSEX50",0,2026-08-27,26750,0.05,75,CE,BFO-OPT,BFO
226217989,883664,SENSEX5026AUG26800CE,"SENSEX50",0,2026-08-27,26800,0.05,75,CE,BFO-OPT,BFO
226242565,883760,SENSEX5026AUG26800PE,"SENSEX50",0,2026-08-27,26800,0.05,75,PE,BFO-OPT,BFO
226261253,883833,SENSEX5026AUG26900CE,"SENSEX50",0,2026-08-27,26900,0.05,75,CE,BFO-OPT,BFO
226356485,884205,SENSEX5026AUG26850CE,"SENSEX50",0,2026-08-27,26850,0.05,75,CE,BFO-OPT,BFO
226379013,884293,SENSEX5026AUG26900PE,"SENSEX50",0,2026-08-27,26900,0.05,75,PE,BFO-OPT,BFO
226390277,884337,SENSEX5026AUG26850PE,"SENSEX50",0,2026-08-27,26850,0.05,75,PE,BFO-OPT,BFO
215471365,841685,SENSEX5026SEP24550PE,"SENSEX50",0,2026-09-24,24550,0.05,75,PE,BFO-OPT,BFO
215482885,841730,SENSEX5026SEP25400PE,"SENSEX50",0,2026-09-24,25400,0.05,75,PE,BFO-OPT,BFO
215506437,841822,SENSEX5026SEP24700CE,"SENSEX50",0,2026-09-24,24700,0.05,75,CE,BFO-OPT,BFO
215508741,841831,SENSEX5026SEP25150PE,"SENSEX50",0,2026-09-24,25150,0.05,75,PE,BFO-OPT,BFO
215533573,841928,SENSEX5026SEP24450CE,"SENSEX50",0,2026-09-24,24450,0.05,75,CE,BFO-OPT,BFO
215545861,841976,SENSEX5026SEP25300CE,"SENSEX50",0,2026-09-24,25300,0.05,75,CE,BFO-OPT,BFO
215576581,842096,SENSEX5026SEP26150PE,"SENSEX50",0,2026-09-24,26150,0.05,75,PE,BFO-OPT,BFO
215594245,842165,SENSEX5026SEP24750PE,"SENSEX50",0,2026-09-24,24750,0.05,75,PE,BFO-OPT,BFO
215606277,842212,SENSEX5026SEP25600PE,"SENSEX50",0,2026-09-24,25600,0.05,75,PE,BFO-OPT,BFO
215633669,842319,SENSEX5026SEP24900CE,"SENSEX50",0,2026-09-24,24900,0.05,75,CE,BFO-OPT,BFO
215646981,842371,SENSEX5026SEP26050CE,"SENSEX50",0,2026-09-24,26050,0.05,75,CE,BFO-OPT,BFO
215661317,842427,SENSEX5026SEP24650CE,"SENSEX50",0,2026-09-24,24650,0.05,75,CE,BFO-OPT,BFO
215722501,842666,SENSEX5026SEP24950PE,"SENSEX50",0,2026-09-24,24950,0.05,75,PE,BFO-OPT,BFO
215753477,842787,SENSEX5026SEP24200CE,"SENSEX50",0,2026-09-24,24200,0.05,75,CE,BFO-OPT,BFO
215796741,842956,SENSEX5026SEP24850CE,"SENSEX50",0,2026-09-24,24850,0.05,75,CE,BFO-OPT,BFO
215815941,843031,SENSEX5026SEP24500PE,"SENSEX50",0,2026-09-24,24500,0.05,75,PE,BFO-OPT,BFO
215837957,843117,SENSEX5026SEP24250PE,"SENSEX50",0,2026-09-24,24250,0.05,75,PE,BFO-OPT,BFO
215847685,843155,SENSEX5026SEP25100PE,"SENSEX50",0,2026-09-24,25100,0.05,75,PE,BFO-OPT,BFO
215882245,843290,SENSEX5026SEP24400CE,"SENSEX50",0,2026-09-24,24400,0.05,75,CE,BFO-OPT,BFO
215931141,843481,SENSEX5026SEP26100PE,"SENSEX50",0,2026-09-24,26100,0.05,75,PE,BFO-OPT,BFO
215942405,843525,SENSEX5026SEP24700PE,"SENSEX50",0,2026-09-24,24700,0.05,75,PE,BFO-OPT,BFO
215967493,843623,SENSEX5026SEP24450PE,"SENSEX50",0,2026-09-24,24450,0.05,75,PE,BFO-OPT,BFO
215996165,843735,SENSEX5026SEP26000CE,"SENSEX50",0,2026-09-24,26000,0.05,75,CE,BFO-OPT,BFO
216008453,843783,SENSEX5026SEP24600CE,"SENSEX50",0,2026-09-24,24600,0.05,75,CE,BFO-OPT,BFO
216034821,843886,SENSEX5026SEP24350CE,"SENSEX50",0,2026-09-24,24350,0.05,75,CE,BFO-OPT,BFO
216070405,844025,SENSEX5026SEP24900PE,"SENSEX50",0,2026-09-24,24900,0.05,75,PE,BFO-OPT,BFO
216082693,844073,SENSEX5026SEP26050PE,"SENSEX50",0,2026-09-24,26050,0.05,75,PE,BFO-OPT,BFO
216092421,844111,SENSEX5026SEP24650PE,"SENSEX50",0,2026-09-24,24650,0.05,75,PE,BFO-OPT,BFO
216118277,844212,SENSEX5026SEP26200CE,"SENSEX50",0,2026-09-24,26200,0.05,75,CE,BFO-OPT,BFO
216130821,844261,SENSEX5026SEP24800CE,"SENSEX50",0,2026-09-24,24800,0.05,75,CE,BFO-OPT,BFO
216158725,844370,SENSEX5026SEP24550CE,"SENSEX50",0,2026-09-24,24550,0.05,75,CE,BFO-OPT,BFO
216176645,844440,SENSEX5026SEP24200PE,"SENSEX50",0,2026-09-24,24200,0.05,75,PE,BFO-OPT,BFO
216226565,844635,SENSEX5026SEP24850PE,"SENSEX50",0,2026-09-24,24850,0.05,75,PE,BFO-OPT,BFO
216240901,844691,SENSEX5026SEP25550CE,"SENSEX50",0,2026-09-24,25550,0.05,75,CE,BFO-OPT,BFO
216279557,844842,SENSEX5026SEP26150CE,"SENSEX50",0,2026-09-24,26150,0.05,75,CE,BFO-OPT,BFO
216295941,844906,SENSEX5026SEP25850PE,"SENSEX50",0,2026-09-24,25850,0.05,75,PE,BFO-OPT,BFO
216303109,844934,SENSEX5026SEP24400PE,"SENSEX50",0,2026-09-24,24400,0.05,75,PE,BFO-OPT,BFO
216356101,845141,SENSEX5026SEP25750CE,"SENSEX50",0,2026-09-24,25750,0.05,75,CE,BFO-OPT,BFO
216365829,845179,SENSEX5026SEP24300CE,"SENSEX50",0,2026-09-24,24300,0.05,75,CE,BFO-OPT,BFO
216412165,845360,SENSEX5026SEP26000PE,"SENSEX50",0,2026-09-24,26000,0.05,75,PE,BFO-OPT,BFO
216423685,845405,SENSEX5026SEP24600PE,"SENSEX50",0,2026-09-24,24600,0.05,75,PE,BFO-OPT,BFO
216450053,845508,SENSEX5026SEP24350PE,"SENSEX50",0,2026-09-24,24350,0.05,75,PE,BFO-OPT,BFO
216461317,845552,SENSEX5026SEP25050CE,"SENSEX50",0,2026-09-24,25050,0.05,75,CE,BFO-OPT,BFO
216475653,845608,SENSEX5026SEP25950CE,"SENSEX50",0,2026-09-24,25950,0.05,75,CE,BFO-OPT,BFO
216485125,845645,SENSEX5026SEP24500CE,"SENSEX50",0,2026-09-24,24500,0.05,75,CE,BFO-OPT,BFO
216515845,845765,SENSEX5026SEP25350PE,"SENSEX50",0,2026-09-24,25350,0.05,75,PE,BFO-OPT,BFO
216528133,845813,SENSEX5026SEP26200PE,"SENSEX50",0,2026-09-24,26200,0.05,75,PE,BFO-OPT,BFO
216541189,845864,SENSEX5026SEP24800PE,"SENSEX50",0,2026-09-24,24800,0.05,75,PE,BFO-OPT,BFO
216552453,845908,SENSEX5026SEP25500CE,"SENSEX50",0,2026-09-24,25500,0.05,75,CE,BFO-OPT,BFO
216574981,845996,SENSEX5026SEP25250CE,"SENSEX50",0,2026-09-24,25250,0.05,75,CE,BFO-OPT,BFO
216587781,846046,SENSEX5026SEP26100CE,"SENSEX50",0,2026-09-24,26100,0.05,75,CE,BFO-OPT,BFO
216602117,846102,SENSEX5026SEP25800PE,"SENSEX50",0,2026-09-24,25800,0.05,75,PE,BFO-OPT,BFO
216631301,846216,SENSEX5026SEP25550PE,"SENSEX50",0,2026-09-24,25550,0.05,75,PE,BFO-OPT,BFO
216672005,846375,SENSEX5026SEP25700CE,"SENSEX50",0,2026-09-24,25700,0.05,75,CE,BFO-OPT,BFO
216698117,846477,SENSEX5026SEP25450CE,"SENSEX50",0,2026-09-24,25450,0.05,75,CE,BFO-OPT,BFO
216751365,846685,SENSEX5026SEP25750PE,"SENSEX50",0,2026-09-24,25750,0.05,75,PE,BFO-OPT,BFO
216764421,846736,SENSEX5026SEP24300PE,"SENSEX50",0,2026-09-24,24300,0.05,75,PE,BFO-OPT,BFO
216780805,846800,SENSEX5026SEP25000CE,"SENSEX50",0,2026-09-24,25000,0.05,75,CE,BFO-OPT,BFO
216794117,846852,SENSEX5026SEP25900CE,"SENSEX50",0,2026-09-24,25900,0.05,75,CE,BFO-OPT,BFO
216820485,846955,SENSEX5026SEP25650CE,"SENSEX50",0,2026-09-24,25650,0.05,75,CE,BFO-OPT,BFO
216838917,847027,SENSEX5026SEP25300PE,"SENSEX50",0,2026-09-24,25300,0.05,75,PE,BFO-OPT,BFO
216865029,847129,SENSEX5026SEP25050PE,"SENSEX50",0,2026-09-24,25050,0.05,75,PE,BFO-OPT,BFO
216873477,847162,SENSEX5026SEP25950PE,"SENSEX50",0,2026-09-24,25950,0.05,75,PE,BFO-OPT,BFO
216899845,847265,SENSEX5026SEP25200CE,"SENSEX50",0,2026-09-24,25200,0.05,75,CE,BFO-OPT,BFO
216939013,847418,SENSEX5026SEP25850CE,"SENSEX50",0,2026-09-24,25850,0.05,75,CE,BFO-OPT,BFO
216958213,847493,SENSEX5026SEP25500PE,"SENSEX50",0,2026-09-24,25500,0.05,75,PE,BFO-OPT,BFO
216979717,847577,SENSEX5026SEP25250PE,"SENSEX50",0,2026-09-24,25250,0.05,75,PE,BFO-OPT,BFO
217012741,847706,SENSEX5026SEP25400CE,"SENSEX50",0,2026-09-24,25400,0.05,75,CE,BFO-OPT,BFO
217039621,847811,SENSEX5026SEP25150CE,"SENSEX50",0,2026-09-24,25150,0.05,75,CE,BFO-OPT,BFO
217069317,847927,SENSEX5026SEP25700PE,"SENSEX50",0,2026-09-24,25700,0.05,75,PE,BFO-OPT,BFO
217094917,848027,SENSEX5026SEP25450PE,"SENSEX50",0,2026-09-24,25450,0.05,75,PE,BFO-OPT,BFO
217119493,848123,SENSEX5026SEP24750CE,"SENSEX50",0,2026-09-24,24750,0.05,75,CE,BFO-OPT,BFO
217130501,848166,SENSEX5026SEP25600CE,"SENSEX50",0,2026-09-24,25600,0.05,75,CE,BFO-OPT,BFO
217157893,848273,SENSEX5026SEP25350CE,"SENSEX50",0,2026-09-24,25350,0.05,75,CE,BFO-OPT,BFO
217171717,848327,SENSEX5026SEP25000PE,"SENSEX50",0,2026-09-24,25000,0.05,75,PE,BFO-OPT,BFO
217184005,848375,SENSEX5026SEP25900PE,"SENSEX50",0,2026-09-24,25900,0.05,75,PE,BFO-OPT,BFO
217215237,848497,SENSEX5026SEP25650PE,"SENSEX50",0,2026-09-24,25650,0.05,75,PE,BFO-OPT,BFO
217244421,848611,SENSEX5026SEP24950CE,"SENSEX50",0,2026-09-24,24950,0.05,75,CE,BFO-OPT,BFO
217257477,848662,SENSEX5026SEP25800CE,"SENSEX50",0,2026-09-24,25800,0.05,75,CE,BFO-OPT,BFO
217300997,848832,SENSEX5026SEP25200PE,"SENSEX50",0,2026-09-24,25200,0.05,75,PE,BFO-OPT,BFO
217351173,849028,SENSEX5026SEP24250CE,"SENSEX50",0,2026-09-24,24250,0.05,75,CE,BFO-OPT,BFO
217363973,849078,SENSEX5026SEP25100CE,"SENSEX50",0,2026-09-24,25100,0.05,75,CE,BFO-OPT,BFO
217565957,849867,SENSEX5026SEP24100PE,"SENSEX50",0,2026-09-24,24100,0.05,75,PE,BFO-OPT,BFO
217594885,849980,SENSEX5026SEP24150CE,"SENSEX50",0,2026-09-24,24150,0.05,75,CE,BFO-OPT,BFO
217671941,850281,SENSEX5026SEP24100CE,"SENSEX50",0,2026-09-24,24100,0.05,75,CE,BFO-OPT,BFO
217701125,850395,SENSEX5026SEP24150PE,"SENSEX50",0,2026-09-24,24150,0.05,75,PE,BFO-OPT,BFO
217726981,850496,SENSEX5026SEP24050PE,"SENSEX50",0,2026-09-24,24050,0.05,75,PE,BFO-OPT,BFO
217736453,850533,SENSEX5026SEP24050CE,"SENSEX50",0,2026-09-24,24050,0.05,75,CE,BFO-OPT,BFO
217994757,851542,SENSEX5026SEP24000PE,"SENSEX50",0,2026-09-24,24000,0.05,75,PE,BFO-OPT,BFO
218269957,852617,SENSEX5026SEP24000CE,"SENSEX50",0,2026-09-24,24000,0.05,75,CE,BFO-OPT,BFO
218829829,854804,SENSEX5026SEP26300CE,"SENSEX50",0,2026-09-24,26300,0.05,75,CE,BFO-OPT,BFO
218843141,854856,SENSEX5026SEP26250CE,"SENSEX50",0,2026-09-24,26250,0.05,75,CE,BFO-OPT,BFO
218874885,854980,SENSEX5026SEP26300PE,"SENSEX50",0,2026-09-24,26300,0.05,75,PE,BFO-OPT,BFO
218888965,855035,SENSEX5026SEP26250PE,"SENSEX50",0,2026-09-24,26250,0.05,75,PE,BFO-OPT,BFO
219054341,855681,SENSEX5026SEP26350PE,"SENSEX50",0,2026-09-24,26350,0.05,75,PE,BFO-OPT,BFO
219097093,855848,SENSEX5026SEP26400CE,"SENSEX50",0,2026-09-24,26400,0.05,75,CE,BFO-OPT,BFO
219127301,855966,SENSEX5026SEP26400PE,"SENSEX50",0,2026-09-24,26400,0.05,75,PE,BFO-OPT,BFO
219171845,856140,SENSEX5026SEP26350CE,"SENSEX50",0,2026-09-24,26350,0.05,75,CE,BFO-OPT,BFO
219206661,856276,SENSEX5026SEP26600PE,"SENSEX50",0,2026-09-24,26600,0.05,75,PE,BFO-OPT,BFO
219213317,856302,SENSEX5026SEP26500CE,"SENSEX50",0,2026-09-24,26500,0.05,75,CE,BFO-OPT,BFO
219220997,856332,SENSEX5026SEP26550PE,"SENSEX50",0,2026-09-24,26550,0.05,75,PE,BFO-OPT,BFO
219227397,856357,SENSEX5026SEP26450CE,"SENSEX50",0,2026-09-24,26450,0.05,75,CE,BFO-OPT,BFO
219249925,856445,SENSEX5026SEP26500PE,"SENSEX50",0,2026-09-24,26500,0.05,75,PE,BFO-OPT,BFO
219258373,856478,SENSEX5026SEP26450PE,"SENSEX50",0,2026-09-24,26450,0.05,75,PE,BFO-OPT,BFO
219262469,856494,SENSEX5026SEP26600CE,"SENSEX50",0,2026-09-24,26600,0.05,75,CE,BFO-OPT,BFO
219343621,856811,SENSEX5026SEP26550CE,"SENSEX50",0,2026-09-24,26550,0.05,75,CE,BFO-OPT,BFO
220365061,860801,SENSEX5026SEP23950CE,"SENSEX50",0,2026-09-24,23950,0.05,75,CE,BFO-OPT,BFO
220370693,860823,SENSEX5026SEP23900CE,"SENSEX50",0,2026-09-24,23900,0.05,75,CE,BFO-OPT,BFO
220372485,860830,SENSEX5026SEP23950PE,"SENSEX50",0,2026-09-24,23950,0.05,75,PE,BFO-OPT,BFO
220379909,860859,SENSEX5026SEP23900PE,"SENSEX50",0,2026-09-24,23900,0.05,75,PE,BFO-OPT,BFO
225634565,881385,SENSEX5026SEP26750CE,"SENSEX50",0,2026-09-24,26750,0.05,75,CE,BFO-OPT,BFO
225694213,881618,SENSEX5026SEP26700CE,"SENSEX50",0,2026-09-24,26700,0.05,75,CE,BFO-OPT,BFO
225705733,881663,SENSEX5026SEP26750PE,"SENSEX50",0,2026-09-24,26750,0.05,75,PE,BFO-OPT,BFO
225712901,881691,SENSEX5026SEP26650CE,"SENSEX50",0,2026-09-24,26650,0.05,75,CE,BFO-OPT,BFO
225755653,881858,SENSEX5026SEP26700PE,"SENSEX50",0,2026-09-24,26700,0.05,75,PE,BFO-OPT,BFO
225917701,882491,SENSEX5026SEP26650PE,"SENSEX50",0,2026-09-24,26650,0.05,75,PE,BFO-OPT,BFO
226128645,883315,SENSEX5026SEP26800PE,"SENSEX50",0,2026-09-24,26800,0.05,75,PE,BFO-OPT,BFO
226240773,883753,SENSEX5026SEP26800CE,"SENSEX50",0,2026-09-24,26800,0.05,75,CE,BFO-OPT,BFO
226250245,883790,SENSEX5026SEP26850PE,"SENSEX50",0,2026-09-24,26850,0.05,75,PE,BFO-OPT,BFO
226298117,883977,SENSEX5026SEP26900CE,"SENSEX50",0,2026-09-24,26900,0.05,75,CE,BFO-OPT,BFO
226340101,884141,SENSEX5026SEP26900PE,"SENSEX50",0,2026-09-24,26900,0.05,75,PE,BFO-OPT,BFO
226389509,884334,SENSEX5026SEP26850CE,"SENSEX50",0,2026-09-24,26850,0.05,75,CE,BFO-OPT,BFO
220738565,862260,SENSEX5026OCT26450CE,"SENSEX50",0,2026-10-29,26450,0.05,75,CE,BFO-OPT,BFO
220752901,862316,SENSEX5026OCT25000CE,"SENSEX50",0,2026-10-29,25000,0.05,75,CE,BFO-OPT,BFO
220774661,862401,SENSEX5026OCT24700PE,"SENSEX50",0,2026-10-29,24700,0.05,75,PE,BFO-OPT,BFO
220813061,862551,SENSEX5026OCT25300PE,"SENSEX50",0,2026-10-29,25300,0.05,75,PE,BFO-OPT,BFO
220830725,862620,SENSEX5026OCT26000CE,"SENSEX50",0,2026-10-29,26000,0.05,75,CE,BFO-OPT,BFO
220840197,862657,SENSEX5026OCT24600CE,"SENSEX50",0,2026-10-29,24600,0.05,75,CE,BFO-OPT,BFO
220888581,862846,SENSEX5026OCT26300PE,"SENSEX50",0,2026-10-29,26300,0.05,75,PE,BFO-OPT,BFO
220907525,862920,SENSEX5026OCT24900PE,"SENSEX50",0,2026-10-29,24900,0.05,75,PE,BFO-OPT,BFO
220925189,862989,SENSEX5026OCT26050PE,"SENSEX50",0,2026-10-29,26050,0.05,75,PE,BFO-OPT,BFO
220939525,863045,SENSEX5026OCT24650PE,"SENSEX50",0,2026-10-29,24650,0.05,75,PE,BFO-OPT,BFO
220967429,863154,SENSEX5026OCT26200CE,"SENSEX50",0,2026-10-29,26200,0.05,75,CE,BFO-OPT,BFO
220979205,863200,SENSEX5026OCT24800CE,"SENSEX50",0,2026-10-29,24800,0.05,75,CE,BFO-OPT,BFO
221003781,863296,SENSEX5026OCT24550CE,"SENSEX50",0,2026-10-29,24550,0.05,75,CE,BFO-OPT,BFO
221023749,863374,SENSEX5026OCT26500PE,"SENSEX50",0,2026-10-29,26500,0.05,75,PE,BFO-OPT,BFO
221051653,863483,SENSEX5026OCT26250PE,"SENSEX50",0,2026-10-29,26250,0.05,75,PE,BFO-OPT,BFO
221066501,863541,SENSEX5026OCT24850PE,"SENSEX50",0,2026-10-29,24850,0.05,75,PE,BFO-OPT,BFO
221095941,863656,SENSEX5026OCT26400CE,"SENSEX50",0,2026-10-29,26400,0.05,75,CE,BFO-OPT,BFO
221122309,863759,SENSEX5026OCT26150CE,"SENSEX50",0,2026-10-29,26150,0.05,75,CE,BFO-OPT,BFO
221133573,863803,SENSEX5026OCT24750CE,"SENSEX50",0,2026-10-29,24750,0.05,75,CE,BFO-OPT,BFO
221178629,863979,SENSEX5026OCT26450PE,"SENSEX50",0,2026-10-29,26450,0.05,75,PE,BFO-OPT,BFO
221201157,864067,SENSEX5026OCT25750CE,"SENSEX50",0,2026-10-29,25750,0.05,75,CE,BFO-OPT,BFO
221242373,864228,SENSEX5026OCT26350CE,"SENSEX50",0,2026-10-29,26350,0.05,75,CE,BFO-OPT,BFO
221257221,864286,SENSEX5026OCT26000PE,"SENSEX50",0,2026-10-29,26000,0.05,75,PE,BFO-OPT,BFO
221269509,864334,SENSEX5026OCT24600PE,"SENSEX50",0,2026-10-29,24600,0.05,75,PE,BFO-OPT,BFO
221325317,864552,SENSEX5026OCT25950CE,"SENSEX50",0,2026-10-29,25950,0.05,75,CE,BFO-OPT,BFO
221339141,864606,SENSEX5026OCT24500CE,"SENSEX50",0,2026-10-29,24500,0.05,75,CE,BFO-OPT,BFO
221394949,864824,SENSEX5026OCT26200PE,"SENSEX50",0,2026-10-29,26200,0.05,75,PE,BFO-OPT,BFO
221408773,864878,SENSEX5026OCT24800PE,"SENSEX50",0,2026-10-29,24800,0.05,75,PE,BFO-OPT,BFO
221438213,864993,SENSEX5026OCT24550PE,"SENSEX50",0,2026-10-29,24550,0.05,75,PE,BFO-OPT,BFO
221451781,865046,SENSEX5026OCT25250CE,"SENSEX50",0,2026-10-29,25250,0.05,75,CE,BFO-OPT,BFO
221466373,865103,SENSEX5026OCT26100CE,"SENSEX50",0,2026-10-29,26100,0.05,75,CE,BFO-OPT,BFO
221477893,865148,SENSEX5026OCT24700CE,"SENSEX50",0,2026-10-29,24700,0.05,75,CE,BFO-OPT,BFO
221514757,865292,SENSEX5026OCT25550PE,"SENSEX50",0,2026-10-29,25550,0.05,75,PE,BFO-OPT,BFO
221531397,865357,SENSEX5026OCT26400PE,"SENSEX50",0,2026-10-29,26400,0.05,75,PE,BFO-OPT,BFO
221560069,865469,SENSEX5026OCT25700CE,"SENSEX50",0,2026-10-29,25700,0.05,75,CE,BFO-OPT,BFO
221562629,865479,SENSEX5026OCT26150PE,"SENSEX50",0,2026-10-29,26150,0.05,75,PE,BFO-OPT,BFO
221587205,865575,SENSEX5026OCT25450CE,"SENSEX50",0,2026-10-29,25450,0.05,75,CE,BFO-OPT,BFO
221601285,865630,SENSEX5026OCT26300CE,"SENSEX50",0,2026-10-29,26300,0.05,75,CE,BFO-OPT,BFO
221644549,865799,SENSEX5026OCT25750PE,"SENSEX50",0,2026-10-29,25750,0.05,75,PE,BFO-OPT,BFO
221684997,865957,SENSEX5026OCT25900CE,"SENSEX50",0,2026-10-29,25900,0.05,75,CE,BFO-OPT,BFO
221712389,866064,SENSEX5026OCT25650CE,"SENSEX50",0,2026-10-29,25650,0.05,75,CE,BFO-OPT,BFO
221757445,866240,SENSEX5026OCT25050PE,"SENSEX50",0,2026-10-29,25050,0.05,75,PE,BFO-OPT,BFO
221772293,866298,SENSEX5026OCT25950PE,"SENSEX50",0,2026-10-29,25950,0.05,75,PE,BFO-OPT,BFO
221782789,866339,SENSEX5026OCT24500PE,"SENSEX50",0,2026-10-29,24500,0.05,75,PE,BFO-OPT,BFO
221798405,866400,SENSEX5026OCT25200CE,"SENSEX50",0,2026-10-29,25200,0.05,75,CE,BFO-OPT,BFO
221838341,866556,SENSEX5026OCT25850CE,"SENSEX50",0,2026-10-29,25850,0.05,75,CE,BFO-OPT,BFO
221860869,866644,SENSEX5026OCT25500PE,"SENSEX50",0,2026-10-29,25500,0.05,75,PE,BFO-OPT,BFO
221898757,866792,SENSEX5026OCT25250PE,"SENSEX50",0,2026-10-29,25250,0.05,75,PE,BFO-OPT,BFO
221913093,866848,SENSEX5026OCT26100PE,"SENSEX50",0,2026-10-29,26100,0.05,75,PE,BFO-OPT,BFO
221945861,866976,SENSEX5026OCT25400CE,"SENSEX50",0,2026-10-29,25400,0.05,75,CE,BFO-OPT,BFO
221974533,867088,SENSEX5026OCT25150CE,"SENSEX50",0,2026-10-29,25150,0.05,75,CE,BFO-OPT,BFO
222011397,867232,SENSEX5026OCT25700PE,"SENSEX50",0,2026-10-29,25700,0.05,75,PE,BFO-OPT,BFO
222047237,867372,SENSEX5026OCT25450PE,"SENSEX50",0,2026-10-29,25450,0.05,75,PE,BFO-OPT,BFO
222089477,867537,SENSEX5026OCT25600CE,"SENSEX50",0,2026-10-29,25600,0.05,75,CE,BFO-OPT,BFO
222114309,867634,SENSEX5026OCT25350CE,"SENSEX50",0,2026-10-29,25350,0.05,75,CE,BFO-OPT,BFO
222131717,867702,SENSEX5026OCT25000PE,"SENSEX50",0,2026-10-29,25000,0.05,75,PE,BFO-OPT,BFO
222147333,867763,SENSEX5026OCT25900PE,"SENSEX50",0,2026-10-29,25900,0.05,75,PE,BFO-OPT,BFO
222177797,867882,SENSEX5026OCT25650PE,"SENSEX50",0,2026-10-29,25650,0.05,75,PE,BFO-OPT,BFO
222213637,868022,SENSEX5026OCT24950CE,"SENSEX50",0,2026-10-29,24950,0.05,75,CE,BFO-OPT,BFO
222234117,868102,SENSEX5026OCT25800CE,"SENSEX50",0,2026-10-29,25800,0.05,75,CE,BFO-OPT,BFO
222269445,868240,SENSEX5026OCT25550CE,"SENSEX50",0,2026-10-29,25550,0.05,75,CE,BFO-OPT,BFO
222287109,868309,SENSEX5026OCT25200PE,"SENSEX50",0,2026-10-29,25200,0.05,75,PE,BFO-OPT,BFO
222328325,868470,SENSEX5026OCT25850PE,"SENSEX50",0,2026-10-29,25850,0.05,75,PE,BFO-OPT,BFO
222351109,868559,SENSEX5026OCT25100CE,"SENSEX50",0,2026-10-29,25100,0.05,75,CE,BFO-OPT,BFO
222797829,870304,SENSEX5026OCT25400PE,"SENSEX50",0,2026-10-29,25400,0.05,75,PE,BFO-OPT,BFO
223162117,871727,SENSEX5026OCT25150PE,"SENSEX50",0,2026-10-29,25150,0.05,75,PE,BFO-OPT,BFO
223588101,873391,SENSEX5026OCT25300CE,"SENSEX50",0,2026-10-29,25300,0.05,75,CE,BFO-OPT,BFO
223954181,874821,SENSEX5026OCT25050CE,"SENSEX50",0,2026-10-29,25050,0.05,75,CE,BFO-OPT,BFO
224207109,875809,SENSEX5026OCT24750PE,"SENSEX50",0,2026-10-29,24750,0.05,75,PE,BFO-OPT,BFO
224330245,876290,SENSEX5026OCT25600PE,"SENSEX50",0,2026-10-29,25600,0.05,75,PE,BFO-OPT,BFO
224374021,876461,SENSEX5026OCT24900CE,"SENSEX50",0,2026-10-29,24900,0.05,75,CE,BFO-OPT,BFO
224378117,876477,SENSEX5026OCT25350PE,"SENSEX50",0,2026-10-29,25350,0.05,75,PE,BFO-OPT,BFO
224388869,876519,SENSEX5026OCT26050CE,"SENSEX50",0,2026-10-29,26050,0.05,75,CE,BFO-OPT,BFO
224401157,876567,SENSEX5026OCT24650CE,"SENSEX50",0,2026-10-29,24650,0.05,75,CE,BFO-OPT,BFO
224416261,876626,SENSEX5026OCT25500CE,"SENSEX50",0,2026-10-29,25500,0.05,75,CE,BFO-OPT,BFO
224450053,876758,SENSEX5026OCT26350PE,"SENSEX50",0,2026-10-29,26350,0.05,75,PE,BFO-OPT,BFO
224532997,877082,SENSEX5026OCT24950PE,"SENSEX50",0,2026-10-29,24950,0.05,75,PE,BFO-OPT,BFO
224589573,877303,SENSEX5026OCT25800PE,"SENSEX50",0,2026-10-29,25800,0.05,75,PE,BFO-OPT,BFO
224667653,877608,SENSEX5026OCT26500CE,"SENSEX50",0,2026-10-29,26500,0.05,75,CE,BFO-OPT,BFO
224749829,877929,SENSEX5026OCT26250CE,"SENSEX50",0,2026-10-29,26250,0.05,75,CE,BFO-OPT,BFO
224786437,878072,SENSEX5026OCT24850CE,"SENSEX50",0,2026-10-29,24850,0.05,75,CE,BFO-OPT,BFO
224956421,878736,SENSEX5026OCT25100PE,"SENSEX50",0,2026-10-29,25100,0.05,75,PE,BFO-OPT,BFO
225435909,880609,SENSEX5026OCT26600CE,"SENSEX50",0,2026-10-29,26600,0.05,75,CE,BFO-OPT,BFO
225491717,880827,SENSEX5026OCT26600PE,"SENSEX50",0,2026-10-29,26600,0.05,75,PE,BFO-OPT,BFO
225551109,881059,SENSEX5026OCT26550CE,"SENSEX50",0,2026-10-29,26550,0.05,75,CE,BFO-OPT,BFO
225596421,881236,SENSEX5026OCT26550PE,"SENSEX50",0,2026-10-29,26550,0.05,75,PE,BFO-OPT,BFO
225623813,881343,SENSEX5026OCT26700CE,"SENSEX50",0,2026-10-29,26700,0.05,75,CE,BFO-OPT,BFO
225637893,881398,SENSEX5026OCT26750PE,"SENSEX50",0,2026-10-29,26750,0.05,75,PE,BFO-OPT,BFO
225646597,881432,SENSEX5026OCT26650CE,"SENSEX50",0,2026-10-29,26650,0.05,75,CE,BFO-OPT,BFO
225699333,881638,SENSEX5026OCT26700PE,"SENSEX50",0,2026-10-29,26700,0.05,75,PE,BFO-OPT,BFO
225716229,881704,SENSEX5026OCT26650PE,"SENSEX50",0,2026-10-29,26650,0.05,75,PE,BFO-OPT,BFO
225884421,882361,SENSEX5026OCT26750CE,"SENSEX50",0,2026-10-29,26750,0.05,75,CE,BFO-OPT,BFO
226151173,883403,SENSEX5026OCT26800CE,"SENSEX50",0,2026-10-29,26800,0.05,75,CE,BFO-OPT,BFO
226244357,883767,SENSEX5026OCT26800PE,"SENSEX50",0,2026-10-29,26800,0.05,75,PE,BFO-OPT,BFO
226263045,883840,SENSEX5026OCT26900CE,"SENSEX50",0,2026-10-29,26900,0.05,75,CE,BFO-OPT,BFO
226275333,883888,SENSEX5026OCT26850CE,"SENSEX50",0,2026-10-29,26850,0.05,75,CE,BFO-OPT,BFO
226301445,883990,SENSEX5026OCT26900PE,"SENSEX50",0,2026-10-29,26900,0.05,75,PE,BFO-OPT,BFO
226392069,884344,SENSEX5026OCT26850PE,"SENSEX50",0,2026-10-29,26850,0.05,75,PE,BFO-OPT,BFO
227401733,888288,SENSEX5026OCT24400CE,"SENSEX50",0,2026-10-29,24400,0.05,75,CE,BFO-OPT,BFO
227406085,888305,SENSEX5026OCT24450PE,"SENSEX50",0,2026-10-29,24450,0.05,75,PE,BFO-OPT,BFO
227420165,888360,SENSEX5026OCT24400PE,"SENSEX50",0,2026-10-29,24400,0.05,75,PE,BFO-OPT,BFO
227476741,888581,SENSEX5026OCT24450CE,"SENSEX50",0,2026-10-29,24450,0.05,75,CE,BFO-OPT,BFO
227502341,888681,SENSEX5026OCT24350CE,"SENSEX50",0,2026-10-29,24350,0.05,75,CE,BFO-OPT,BFO
227513349,888724,SENSEX5026OCT24300CE,"SENSEX50",0,2026-10-29,24300,0.05,75,CE,BFO-OPT,BFO
227514885,888730,SENSEX5026OCT24350PE,"SENSEX50",0,2026-10-29,24350,0.05,75,PE,BFO-OPT,BFO
227524869,888769,SENSEX5026OCT24300PE,"SENSEX50",0,2026-10-29,24300,0.05,75,PE,BFO-OPT,BFO
