ltp,ltt
22898.50,1738042189
22898.35,1738042190
22898.50,1738042190
22898.55,1738042191
22898.45,1738042191
22897.40,1738042192
22897.60,1738042193
22897.65,1738042193
22896.90,1738042194
22896.00,1738042194
22896.45,1738042195
22896.60,1738042195
22896.35,1738042196
22897.20,1738042196
22895.45,1738042197
22897.20,1738042198
22897.95,1738042198
22897.90,1738042199
22897.50,1738042199
22897.15,1738042200
22896.95,1738042200
22899.25,1738042201
22898.50,1738042201
22898.95,1738042202
22899.45,1738042202
22899.10,1738042203
22898.70,1738042203
22898.80,1738042204
22898.50,1738042204
22897.90,1738042205
22898.55,1738042205
22897.30,1738042206
22896.70,1738042206
22896.85,1738042207
22897.50,1738042208
22897.95,1738042208
22896.55,1738042209
22896.90,1738042209
22897.75,1738042210
22897.05,1738042210
22898.15,1738042211
22897.50,1738042211
22897.35,1738042212
22897.10,1738042212
22897.15,1738042213
22896.60,1738042213
22896.80,1738042214
22896.45,1738042214
22897.05,1738042215
22897.00,1738042215
22897.25,1738042216
22897.50,1738042216
22897.45,1738042217
22896.20,1738042217
22895.20,1738042218
22895.60,1738042218
22895.90,1738042219
22896.65,1738042219
22897.10,1738042220
22896.60,1738042220
22896.20,1738042221
22896.85,1738042221
22896.80,1738042222
22895.60,1738042222
22896.65,1738042223
22897.65,1738042223
22897.00,1738042224
22897.90,1738042224
22897.60,1738042225
22895.90,1738042225
22895.35,1738042226
22894.60,1738042226
22895.05,1738042227
22894.50,1738042227
22893.60,1738042228
22892.95,1738042228
22893.90,1738042229
22894.55,1738042229
22893.60,1738042230
22893.90,1738042230
22894.45,1738042231
22894.80,1738042231
22894.75,1738042232
22893.85,1738042232
22893.90,1738042233
22893.10,1738042233
22893.70,1738042234
22895.10,1738042234
22893.95,1738042235
22895.55,1738042235
22894.75,1738042236
22895.40,1738042236
22896.75,1738042237
22897.25,1738042237
22899.30,1738042238
22898.85,1738042238
22899.50,1738042239
22899.90,1738042239
22900.00,1738042240
22900.45,1738042240
22900.90,1738042241
22900.70,1738042241
22901.65,1738042242
22899.70,1738042242
22898.55,1738042243
22899.15,1738042243
22897.90,1738042244
22899.35,1738042244
22898.55,1738042245
22899.65,1738042245
22899.05,1738042246
22898.75,1738042246
22900.35,1738042247
22899.45,1738042247
22900.50,1738042248
22901.45,1738042248
22900.75,1738042249
22899.75,1738042249
22899.30,1738042250
22900.25,1738042250
22900.15,1738042251
22900.20,1738042251
22900.85,1738042252
22899.80,1738042252
22902.05,1738042253
22901.70,1738042253
22902.65,1738042254
22901.40,1738042254
22902.80,1738042255
22901.80,1738042255
22901.55,1738042256
22903.05,1738042256
22902.20,1738042257
22904.35,1738042257
22905.50,1738042258
22908.55,1738042258
22910.55,1738042259
22910.50,1738042259
22909.85,1738042260
22910.85,1738042260
22915.65,1738042261
22917.85,1738042261
22920.35,1738042262
22919.20,1738042262
22918.00,1738042263
22918.45,1738042263
22921.65,1738042264
22922.30,1738042264
22922.60,1738042265
22923.50,1738042265
22925.15,1738042266
22926.50,1738042266
22929.60,1738042267
22931.55,1738042267
22937.35,1738042268
22939.95,1738042268
22938.25,1738042269
22937.75,1738042269
22936.70,1738042270
22939.45,1738042270
22938.45,1738042271
22940.35,1738042271
22937.00,1738042272
22930.80,1738042272
22935.40,1738042273
22936.50,1738042273
22933.65,1738042274
22933.80,1738042274
22931.90,1738042275
22935.25,1738042275
22932.80,1738042276
22935.40,1738042276
22937.05,1738042277
22938.45,1738042277
22936.25,1738042278
22937.85,1738042278
22937.65,1738042279
22938.80,1738042279
22940.30,1738042280
22940.95,1738042280
22942.80,1738042281
22944.40,1738042281
22943.00,1738042282
22945.20,1738042282
22949.90,1738042283
22948.00,1738042283
22949.15,1738042284
22948.80,1738042284
22951.25,1738042285
22950.45,1738042285
22951.70,1738042286
22950.40,1738042286
22951.45,1738042287
22948.05,1738042287
22947.80,1738042288
22947.35,1738042288
22947.95,1738042289
22946.35,1738042289
22947.70,1738042290
22950.10,1738042290
22947.85,1738042291
22950.30,1738042291
22954.90,1738042292
22955.25,1738042292
22960.25,1738042293
22961.00,1738042293
22962.90,1738042294
22962.85,1738042294
22962.95,1738042295
22967.10,1738042295
22966.75,1738042296
22966.55,1738042296
22966.20,1738042297
22969.25,1738042297
22970.95,1738042298
22970.55,1738042298
22969.30,1738042299
22965.85,1738042299
22965.00,1738042300
22966.40,1738042300
22965.70,1738042301
22965.10,1738042301
22964.75,1738042302
22963.95,1738042302
22965.35,1738042303
22966.90,1738042303
22965.05,1738042304
22963.25,1738042304
22963.40,1738042305
22962.95,1738042305
22962.50,1738042306
22961.00,1738042306
22958.90,1738042307
22959.90,1738042307
22958.90,1738042308
22957.85,1738042308
22957.35,1738042309
22957.05,1738042309
22958.65,1738042310
22958.45,1738042310
22959.75,1738042311
22961.70,1738042311
22964.35,1738042312
22965.75,1738042312
22971.10,1738042313
22971.65,1738042313
22968.95,1738042314
22967.60,1738042314
22968.60,1738042315
22969.80,1738042315
22967.30,1738042316
22968.55,1738042316
22967.15,1738042317
22962.35,1738042317
22964.20,1738042318
22964.00,1738042318
22962.25,1738042319
22964.35,1738042319
22963.20,1738042320
22963.60,1738042320
22964.90,1738042321
22966.00,1738042321
22966.65,1738042322
22968.20,1738042322
22970.75,1738042323
22970.70,1738042323
22967.60,1738042324
22968.70,1738042324
22967.85,1738042325
22968.40,1738042325
22968.05,1738042326
22968.55,1738042326
22967.00,1738042327
22968.85,1738042327
22971.20,1738042328
22972.65,1738042328
22972.50,1738042329
22970.70,1738042329
22969.95,1738042330
22970.20,1738042330
22968.20,1738042331
22970.20,1738042331
22969.65,1738042332
22967.95,1738042332
22970.55,1738042333
22968.90,1738042333
22969.95,1738042334
22970.45,1738042334
22969.80,1738042335
22968.15,1738042335
22969.35,1738042336
22967.80,1738042336
22966.90,1738042337
22966.50,1738042337
22965.25,1738042338
22965.95,1738042338
22965.40,1738042339
22966.10,1738042340
22965.80,1738042340
22965.90,1738042341
22967.35,1738042341
22967.10,1738042342
22966.70,1738042342
22966.75,1738042343
22969.65,1738042343
22969.50,1738042344
22970.15,1738042344
22971.50,1738042345
22970.15,1738042345
22969.70,1738042346
22970.00,1738042346
22970.25,1738042347
22970.30,1738042347
22970.60,1738042348
22971.15,1738042348
22972.10,1738042349
22972.55,1738042349
22973.45,1738042350
22972.95,1738042350
22974.75,1738042351
22974.75,1738042351
22973.80,1738042352
22973.35,1738042352
22973.80,1738042353
22974.35,1738042353
22973.80,1738042354
22974.35,1738042354
22974.90,1738042355
22974.75,1738042355
22975.95,1738042356
22976.30,1738042356
22977.30,1738042357
22978.50,1738042357
22979.60,1738042358
22984.30,1738042358
22985.75,1738042359
22985.95,1738042359
22984.90,1738042360
22982.60,1738042360
22982.10,1738042361
22983.50,1738042361
22983.10,1738042362
22984.10,1738042362
22984.30,1738042363
22983.05,1738042363
22983.30,1738042364
22983.45,1738042364
22979.30,1738042365
22980.10,1738042365
22979.90,1738042366
22978.65,1738042366
22976.35,1738042367
22977.50,1738042367
22975.65,1738042368
22975.95,1738042368
22975.75,1738042369
22973.85,1738042369
22974.65,1738042370
22974.15,1738042370
22973.75,1738042371
22975.80,1738042371
22974.50,1738042372
22974.10,1738042372
22974.00,1738042373
22973.45,1738042373
22973.65,1738042374
22974.45,1738042374
22974.60,1738042375
22976.45,1738042375
22976.40,1738042376
22977.75,1738042376
22976.15,1738042377
22976.45,1738042377
22977.10,1738042378
22975.30,1738042378
22974.60,1738042379
22974.90,1738042379
22975.25,1738042380
22974.55,1738042380
22975.75,1738042381
22974.05,1738042381
22973.65,1738042382
22973.70,1738042382
22971.80,1738042383
22971.85,1738042384
22972.85,1738042384
22972.60,1738042385
22972.10,1738042385
22972.50,1738042386
22972.75,1738042386
22971.65,1738042387
22972.40,1738042387
22971.25,1738042388
22971.30,1738042388
22971.85,1738042389
22973.20,1738042389
22972.30,1738042390
22972.80,1738042390
22972.10,1738042391
22973.55,1738042391
22973.35,1738042392
22973.70,1738042392
22974.35,1738042393
22973.65,1738042393
22974.35,1738042394
22972.20,1738042394
22971.45,1738042395
22969.60,1738042395
22972.65,1738042396
22971.70,1738042396
22971.10,1738042397
22970.05,1738042397
22971.95,1738042398
22971.40,1738042398
22970.60,1738042399
22971.10,1738042399
22971.05,1738042400
22971.95,1738042400
22971.50,1738042401
22970.65,1738042401
22971.00,1738042402
22969.85,1738042402
22972.65,1738042403
22971.40,1738042403
22969.95,1738042404
22971.00,1738042404
22970.30,1738042405
22970.90,1738042405
22969.45,1738042406
22972.05,1738042406
22969.90,1738042407
22972.65,1738042407
22970.35,1738042408
22968.80,1738042408
22967.30,1738042409
22965.20,1738042409
22966.00,1738042410
22965.45,1738042410
22964.75,1738042411
22965.10,1738042411
22964.80,1738042412
22964.95,1738042412
22964.85,1738042413
22964.50,1738042413
22963.75,1738042414
22963.10,1738042414
22962.50,1738042415
22964.05,1738042415
22962.30,1738042416
22963.45,1738042416
22962.85,1738042417
22963.55,1738042417
22962.65,1738042418
22962.25,1738042419
22965.50,1738042419
22964.50,1738042420
22965.15,1738042420
22963.85,1738042421
22963.40,1738042421
22964.15,1738042422
22964.30,1738042422
22963.50,1738042423
22964.45,1738042423
22963.35,1738042424
22962.95,1738042424
22961.70,1738042425
22961.75,1738042425
22961.50,1738042426
22960.35,1738042426
22960.95,1738042427
22964.25,1738042427
22963.25,1738042428
22965.45,1738042428
22963.40,1738042429
22962.95,1738042429
22962.15,1738042430
22963.20,1738042430
22961.05,1738042431
22961.50,1738042431
22961.00,1738042432
22960.70,1738042432
22962.05,1738042433
22962.90,1738042434
22965.35,1738042434
22965.20,1738042435
22966.65,1738042435
22966.40,1738042436
22965.20,1738042436
22964.65,1738042437
22965.35,1738042437
22965.90,1738042438
22966.45,1738042439
22966.20,1738042439
22965.10,1738042440
22968.15,1738042440
22965.80,1738042441
22967.90,1738042441
22968.30,1738042442
22966.95,1738042442
22967.55,1738042443
22967.90,1738042443
22966.95,1738042444
22968.05,1738042444
22966.85,1738042445
22965.95,1738042445
22966.95,1738042446
22965.80,1738042446
22963.75,1738042447
22964.20,1738042447
22964.70,1738042448
22963.95,1738042448
22963.20,1738042449
22963.05,1738042449
22962.15,1738042450
22959.80,1738042450
22959.75,1738042451
22958.95,1738042451
22958.00,1738042452
22957.50,1738042452
22957.40,1738042453
22958.00,1738042453
22956.80,1738042454
22958.30,1738042454
22958.70,1738042455
22959.20,1738042455
22959.25,1738042456
22959.80,1738042456
22959.30,1738042457
22959.40,1738042457
22958.95,1738042458
22958.50,1738042458
22959.20,1738042459
22958.15,1738042460
22957.35,1738042460
22958.30,1738042461
22956.00,1738042461
22955.45,1738042462
22956.20,1738042462
22955.35,1738042463
22953.25,1738042463
22952.30,1738042464
22954.40,1738042464
22954.25,1738042465
22955.70,1738042465
22953.40,1738042466
22953.30,1738042466
22953.70,1738042467
22953.95,1738042467
22956.30,1738042468
22955.15,1738042468
22957.25,1738042469
22957.10,1738042469
22954.60,1738042470
22958.15,1738042471
22955.85,1738042471
22955.70,1738042472
22954.85,1738042472
22954.70,1738042473
22955.35,1738042473
22956.15,1738042474
22958.65,1738042474
22959.25,1738042475
22963.05,1738042475
22961.80,1738042476
22963.90,1738042476
22964.60,1738042477
22965.15,1738042477
22963.70,1738042478
22964.50,1738042478
22963.95,1738042479
22963.50,1738042479
22964.35,1738042480
22964.60,1738042480
22967.10,1738042481
22966.85,1738042481
22968.10,1738042482
22969.05,1738042482
22967.60,1738042483
22967.05,1738042483
22967.75,1738042484
22966.00,1738042484
22965.70,1738042485
22967.95,1738042485
22969.90,1738042486
22967.00,1738042486
22967.90,1738042487
22968.25,1738042487
22967.55,1738042488
22968.65,1738042488
22969.20,1738042489
22968.65,1738042489
22966.95,1738042490
22966.75,1738042490
22968.95,1738042491
22969.50,1738042491
22969.95,1738042492
22968.55,1738042492
22969.55,1738042493
22969.75,1738042493
22970.30,1738042494
22971.05,1738042494
22972.30,1738042495
22973.45,1738042496
22971.85,1738042496
22973.15,1738042497
22972.35,1738042497
22971.55,1738042498
22972.25,1738042498
22971.40,1738042499
22972.70,1738042499
22973.30,1738042500
22975.15,1738042500
22972.15,1738042501
22973.55,1738042501
22974.65,1738042502
22975.50,1738042502
22975.10,1738042503
22975.05,1738042503
22975.45,1738042504
22976.50,1738042504
22976.30,1738042505
22975.85,1738042505
22978.30,1738042506
22978.95,1738042506
22979.50,1738042507
22977.30,1738042507
22977.95,1738042508
22976.75,1738042508
22977.90,1738042509
22977.20,1738042509
22977.25,1738042510
22976.25,1738042510
22977.35,1738042511
22979.40,1738042511
22979.45,1738042512
22977.80,1738042512
22980.35,1738042513
22981.05,1738042513
22980.10,1738042514
22981.10,1738042514
22980.30,1738042515
22978.15,1738042515
22977.45,1738042516
22978.35,1738042516
22977.70,1738042517
22975.55,1738042517
22975.45,1738042518
22974.70,1738042518
22974.80,1738042519
22974.20,1738042519
22974.45,1738042520
22974.50,1738042520
22973.55,1738042521
22973.65,1738042521
22973.10,1738042522
22972.75,1738042522
22971.50,1738042523
22971.05,1738042523
22971.90,1738042524
22971.55,1738042524
22972.65,1738042525
22971.55,1738042525
22971.50,1738042526
22971.10,1738042526
22970.60,1738042527
22971.25,1738042527
22970.95,1738042528
22970.15,1738042528
22970.50,1738042529
22969.35,1738042529
22968.65,1738042530
22968.70,1738042530
22968.90,1738042531
22968.50,1738042531
22968.40,1738042532
22968.80,1738042532
22968.65,1738042533
22968.55,1738042533
22969.25,1738042534
22968.80,1738042534
22968.45,1738042535
22969.95,1738042535
22969.45,1738042536
22971.15,1738042536
22970.40,1738042537
22971.85,1738042537
22971.00,1738042538
22972.35,1738042538
22971.55,1738042539
22972.95,1738042539
22971.90,1738042540
22971.65,1738042540
22972.10,1738042541
22970.55,1738042541
22971.30,1738042542
22970.50,1738042543
22971.50,1738042544
22971.70,1738042544
22972.30,1738042545
22972.15,1738042545
22971.65,1738042546
22970.30,1738042546
22971.35,1738042547
22970.90,1738042547
22970.85,1738042548
22970.40,1738042548
22971.25,1738042549
22970.85,1738042549
22970.50,1738042550
22970.35,1738042550
22971.75,1738042551
22970.90,1738042551
22972.00,1738042552
22971.40,1738042552
22971.20,1738042553
22971.45,1738042553
22971.60,1738042554
22970.10,1738042554
22969.70,1738042555
22973.65,1738042555
22973.40,1738042556
22973.35,1738042556
22973.55,1738042557
22972.20,1738042557
22971.00,1738042558
22972.90,1738042559
22973.35,1738042559
22976.05,1738042560
22974.00,1738042560
22973.95,1738042561
22973.30,1738042561
22972.45,1738042562
22971.50,1738042562
22972.55,1738042563
22971.85,1738042563
22971.60,1738042564
22971.25,1738042564
22971.20,1738042565
22970.90,1738042565
22971.00,1738042566
22971.25,1738042566
22970.40,1738042567
22969.65,1738042567
22970.70,1738042568
22969.40,1738042568
22970.35,1738042569
22971.30,1738042569
22971.65,1738042570
22971.60,1738042570
22971.00,1738042571
22971.15,1738042571
22969.35,1738042572
22970.25,1738042572
22970.30,1738042573
22970.35,1738042573
22969.00,1738042574
22968.95,1738042574
22969.70,1738042575
22968.40,1738042575
22969.05,1738042576
22969.50,1738042576
22969.45,1738042577
22969.65,1738042577
22971.65,1738042578
22971.10,1738042578
22973.10,1738042579
22972.55,1738042579
22971.95,1738042580
22971.80,1738042580
22970.55,1738042581
22971.20,1738042581
22970.50,1738042582
22971.20,1738042582
22971.50,1738042583
22971.05,1738042583
22969.60,1738042584
22969.90,1738042584
22969.15,1738042585
22970.90,1738042585
22969.70,1738042586
22969.95,1738042586
22969.70,1738042587
22969.25,1738042587
22969.90,1738042588
22969.00,1738042588
22970.45,1738042589
22970.25,1738042589
22970.40,1738042590
22970.00,1738042590
22971.25,1738042591
22971.05,1738042591
22971.95,1738042592
22971.05,1738042592
22971.20,1738042593
22969.45,1738042593
22971.05,1738042594
22970.70,1738042594
22970.85,1738042595
22969.40,1738042595
22968.90,1738042596
22968.70,1738042596
22968.90,1738042597
22968.35,1738042597
22966.15,1738042598
22967.55,1738042598
22968.30,1738042599
22968.10,1738042599
22968.15,1738042600
22969.15,1738042600
22968.40,1738042601
22968.55,1738042601
22969.10,1738042602
22968.55,1738042602
22969.05,1738042603
22969.65,1738042603
22968.95,1738042604
22969.65,1738042604
22968.70,1738042605
22967.70,1738042605
22967.10,1738042606
22967.25,1738042606
22966.70,1738042607
22967.25,1738042607
22966.05,1738042608
22965.80,1738042608
22966.25,1738042609
22967.00,1738042609
22966.65,1738042610
22966.30,1738042610
22965.05,1738042611
22964.20,1738042611
22964.40,1738042612
22963.40,1738042612
22963.85,1738042613
22964.45,1738042613
22964.10,1738042614
22963.20,1738042614
22962.80,1738042615
22964.60,1738042615
22964.55,1738042616
22963.70,1738042616
22964.00,1738042617
22965.00,1738042617
22963.90,1738042618
22963.95,1738042618
22965.55,1738042619
22962.85,1738042619
22964.55,1738042620
22965.30,1738042620
22966.05,1738042621
22965.70,1738042621
22965.20,1738042622
22964.80,1738042622
22965.55,1738042623
22964.85,1738042623
22964.50,1738042624
22963.95,1738042624
22964.65,1738042625
22962.65,1738042626
22964.65,1738042626
22960.20,1738042627
22963.15,1738042627
22962.45,1738042628
22962.20,1738042628
22962.00,1738042629
22962.10,1738042629
22961.80,1738042630
22960.25,1738042630
22959.75,1738042631
22962.25,1738042631
22963.10,1738042632
22963.30,1738042632
22961.95,1738042633
22961.85,1738042633
22960.95,1738042634
22962.20,1738042634
22961.30,1738042635
22960.00,1738042635
22961.10,1738042636
22961.75,1738042636
22960.95,1738042637
22962.15,1738042637
22961.90,1738042638
22963.20,1738042638
22962.00,1738042639
22961.55,1738042639
22961.95,1738042640
22963.10,1738042640
22962.25,1738042641
22963.70,1738042641
22964.00,1738042642
22964.15,1738042642
22963.60,1738042643
22962.75,1738042643
22962.15,1738042644
22961.40,1738042645
22962.75,1738042645
22961.55,1738042646
22961.60,1738042646
22961.40,1738042647
22961.35,1738042647
22961.55,1738042648
22960.85,1738042648
22961.15,1738042649
22959.65,1738042649
22959.90,1738042650
22959.70,1738042650
22959.95,1738042651
22959.75,1738042651
22959.80,1738042652
22960.15,1738042652
22959.65,1738042653
22960.50,1738042653
22962.00,1738042654
22962.60,1738042654
22962.35,1738042655
22962.65,1738042655
22962.20,1738042656
22962.70,1738042656
22962.90,1738042657
22962.20,1738042657
22962.25,1738042658
22961.35,1738042658
22960.70,1738042659
22957.60,1738042659
22957.10,1738042660
22958.20,1738042660
22957.55,1738042661
22957.65,1738042661
22957.95,1738042662
22958.50,1738042662
22959.15,1738042663
22958.75,1738042663
22958.80,1738042664
22958.45,1738042664
22958.65,1738042665
22958.05,1738042665
22959.20,1738042666
22959.15,1738042666
22958.85,1738042667
22960.00,1738042667
22959.85,1738042668
22959.75,1738042668
22958.15,1738042669
22959.00,1738042669
22958.30,1738042670
22958.65,1738042670
22957.60,1738042671
22959.40,1738042671
22958.70,1738042672
22958.75,1738042672
22959.75,1738042673
22958.40,1738042673
22959.50,1738042674
22959.40,1738042674
22959.25,1738042675
22958.95,1738042675
22959.55,1738042676
22959.80,1738042676
22961.15,1738042677
22960.65,1738042677
22960.80,1738042678
22960.20,1738042678
22961.15,1738042679
22959.55,1738042679
22959.95,1738042680
22959.90,1738042680
22958.55,1738042681
22958.25,1738042681
22959.05,1738042682
22963.15,1738042682
22962.70,1738042683
22962.40,1738042683
22962.55,1738042684
22961.55,1738042684
22961.00,1738042685
22961.60,1738042685
22960.25,1738042686
22963.10,1738042686
22963.00,1738042687
22963.80,1738042687
22962.50,1738042688
22961.40,1738042688
22960.95,1738042689
22960.60,1738042689
22962.80,1738042690
22961.25,1738042690
22962.20,1738042691
22962.30,1738042691
22961.10,1738042692
22962.40,1738042692
22961.55,1738042693
22961.95,1738042693
22962.20,1738042694
22961.70,1738042694
22960.70,1738042695
22961.00,1738042695
22959.90,1738042696
22960.50,1738042696
22960.20,1738042697
22961.25,1738042697
22961.10,1738042698
22961.25,1738042698
22962.15,1738042699
22960.55,1738042699
22961.75,1738042700
22960.50,1738042700
22960.00,1738042701
22960.15,1738042701
22958.85,1738042702
22957.85,1738042702
22957.95,1738042703
22957.05,1738042703
22957.30,1738042704
22957.20,1738042704
22957.95,1738042705
22959.10,1738042705
22959.15,1738042706
22959.85,1738042706
22959.50,1738042707
22957.45,1738042707
22958.40,1738042708
22957.05,1738042708
22956.40,1738042709
22956.20,1738042709
22956.70,1738042710
22956.65,1738042710
22956.90,1738042711
22958.85,1738042711
22958.95,1738042712
22959.55,1738042713
22957.50,1738042713
22958.70,1738042714
22958.50,1738042714
22959.25,1738042715
22959.45,1738042715
22957.10,1738042716
22958.50,1738042716
22956.05,1738042717
22958.15,1738042717
22959.65,1738042718
22958.95,1738042718
22959.10,1738042719
22958.75,1738042719
22958.95,1738042720
22958.35,1738042720
22958.75,1738042721
22959.55,1738042721
22959.65,1738042722
22960.05,1738042722
22959.90,1738042723
22959.40,1738042723
22959.55,1738042724
22958.05,1738042724
22958.90,1738042725
22959.80,1738042725
22958.80,1738042726
22959.55,1738042726
22959.20,1738042727
22958.40,1738042727
22958.30,1738042728
22960.30,1738042728
22960.00,1738042729
22959.95,1738042729
22959.45,1738042730
22959.85,1738042730
22959.80,1738042731
22960.20,1738042731
22959.25,1738042732
22960.85,1738042732
22960.40,1738042733
22960.05,1738042733
22960.85,1738042734
22962.40,1738042734
22961.90,1738042735
22961.75,1738042735
22960.75,1738042736
22960.40,1738042736
22959.85,1738042737
22959.30,1738042737
22959.45,1738042738
22958.90,1738042738
22960.25,1738042739
22960.40,1738042739
22959.70,1738042740
22959.10,1738042740
22960.75,1738042741
22959.85,1738042741
22959.90,1738042742
22960.25,1738042742
22960.45,1738042743
22958.85,1738042743
22960.10,1738042744
22956.80,1738042744
22958.30,1738042745
22958.25,1738042745
22958.30,1738042746
22959.20,1738042746
22958.50,1738042747
22958.75,1738042747
22958.65,1738042748
22958.55,1738042748
22957.65,1738042749
22956.15,1738042749
22955.05,1738042750
22954.05,1738042750
22954.70,1738042751
22955.35,1738042751
22955.25,1738042752
22954.90,1738042752
22954.85,1738042753
22954.55,1738042753
22955.10,1738042754
22954.05,1738042754
22954.35,1738042755
22954.55,1738042755
22953.35,1738042756
22954.85,1738042756
22954.80,1738042757
22953.65,1738042757
22952.50,1738042758
22953.05,1738042758
22954.00,1738042759
22952.00,1738042759
22951.25,1738042760
22952.45,1738042760
22952.75,1738042761
22952.80,1738042761
22951.75,1738042762
22952.95,1738042762
22952.15,1738042763
22951.75,1738042763
22951.80,1738042764
22952.35,1738042764
22952.50,1738042765
22952.70,1738042765
22952.00,1738042766
22951.30,1738042766
22952.70,1738042767
22951.60,1738042767
22951.40,1738042768
22951.70,1738042768
22952.15,1738042769
22952.20,1738042769
22952.95,1738042770
22952.90,1738042770
22952.55,1738042771
22954.80,1738042771
22954.65,1738042772
22954.35,1738042772
22955.75,1738042773
22955.80,1738042773
22956.10,1738042774
22955.45,1738042774
22955.65,1738042775
22955.60,1738042775
22955.00,1738042776
22955.95,1738042776
22955.25,1738042777
22954.95,1738042777
22954.90,1738042778
22955.10,1738042779
22954.80,1738042779
22954.60,1738042780
22955.70,1738042780
22955.10,1738042781
22955.80,1738042781
22954.65,1738042782
22954.85,1738042782
22954.10,1738042783
22953.45,1738042783
22953.70,1738042784
22953.90,1738042784
22954.00,1738042785
22953.65,1738042785
22952.70,1738042786
22951.90,1738042786
22948.35,1738042787
22948.90,1738042787
22950.15,1738042788
22950.75,1738042788
22949.90,1738042789
22950.70,1738042789
22949.15,1738042790
22949.30,1738042790
22949.20,1738042791
22949.30,1738042791
22949.20,1738042792
22948.10,1738042792
22947.65,1738042793
22947.35,1738042793
22945.90,1738042794
22947.60,1738042794
22945.40,1738042795
22946.05,1738042795
22945.70,1738042796
22944.95,1738042796
22945.55,1738042797
22945.85,1738042797
22947.00,1738042798
22946.65,1738042798
22946.00,1738042799
22947.30,1738042799
22946.80,1738042800
22945.70,1738042800
22945.10,1738042801
22947.15,1738042801
22948.10,1738042802
22947.75,1738042802
22948.20,1738042803
22947.70,1738042803
22947.65,1738042804
22947.10,1738042804
22946.70,1738042805
22946.65,1738042805
22946.25,1738042806
22947.50,1738042806
22946.55,1738042807
22947.05,1738042807
22947.40,1738042808
22947.10,1738042808
22947.20,1738042809
22947.75,1738042809
22949.45,1738042810
22948.30,1738042810
22948.80,1738042811
22949.75,1738042811
22949.25,1738042812
22949.45,1738042812
22949.80,1738042813
22950.10,1738042813
22949.80,1738042814
22950.15,1738042814
22950.75,1738042815
22949.75,1738042815
22949.45,1738042816
22950.30,1738042817
22949.90,1738042817
22949.95,1738042818
22950.80,1738042818
22951.40,1738042819
22951.60,1738042819
22952.30,1738042820
22952.25,1738042820
22952.30,1738042821
22952.15,1738042821
22952.20,1738042822
22952.35,1738042822
22951.75,1738042823
22952.50,1738042823
22952.80,1738042824
22952.30,1738042825
22953.00,1738042825
22952.95,1738042826
22951.60,1738042827
22950.75,1738042827
22951.55,1738042828
22950.85,1738042828
22951.50,1738042829
22951.60,1738042829
22950.50,1738042830
22949.70,1738042830
22949.45,1738042831
22948.15,1738042831
22948.90,1738042832
22947.55,1738042832
22947.25,1738042833
22947.40,1738042833
22947.75,1738042834
22947.40,1738042834
22947.95,1738042835
22946.95,1738042835
22945.90,1738042836
22946.45,1738042836
22946.25,1738042837
22946.70,1738042837
22947.40,1738042838
22946.70,1738042839
22946.65,1738042839
22948.70,1738042840
22947.50,1738042840
22949.10,1738042841
22948.15,1738042841
22948.50,1738042842
22948.45,1738042842
22948.40,1738042843
22949.25,1738042843
22948.40,1738042844
22947.60,1738042844
22947.85,1738042845
22948.35,1738042845
22948.55,1738042846
22946.45,1738042846
22948.55,1738042847
22948.10,1738042847
22948.20,1738042848
22947.80,1738042848
22948.05,1738042849
22945.70,1738042849
22945.40,1738042850
22945.20,1738042850
22945.05,1738042851
22946.15,1738042851
22946.90,1738042852
22945.35,1738042852
22946.90,1738042853
22948.40,1738042853
22948.00,1738042854
22947.75,1738042854
22947.80,1738042855
22947.90,1738042855
22948.70,1738042856
22947.65,1738042856
22947.10,1738042857
22948.75,1738042857
22946.95,1738042858
22947.55,1738042859
22946.80,1738042859
22947.35,1738042860
22948.10,1738042860
22948.25,1738042861
22947.30,1738042861
22947.55,1738042862
22947.45,1738042862
22947.40,1738042863
22947.00,1738042863
22945.95,1738042864
22946.50,1738042864
22947.15,1738042865
22947.45,1738042865
22946.65,1738042866
22946.40,1738042866
22946.00,1738042867
22945.40,1738042867
22944.25,1738042868
22943.70,1738042868
22944.75,1738042869
22944.65,1738042869
22945.30,1738042870
22945.25,1738042870
22944.60,1738042871
22944.65,1738042871
22944.90,1738042872
22944.40,1738042872
22943.90,1738042873
22944.55,1738042873
22945.10,1738042874
22943.30,1738042874
22943.60,1738042875
22944.30,1738042875
22943.85,1738042876
22946.00,1738042876
22945.95,1738042877
22944.95,1738042877
22945.00,1738042878
22945.50,1738042878
22945.80,1738042879
22945.90,1738042879
22944.55,1738042880
22946.30,1738042880
22945.30,1738042881
22945.15,1738042881
22945.10,1738042882
22946.60,1738042882
22945.30,1738042883
22944.10,1738042883
22943.85,1738042884
22942.75,1738042884
22943.25,1738042885
22944.25,1738042885
22943.25,1738042886
22943.00,1738042886
22943.40,1738042887
22942.85,1738042888
22942.65,1738042888
22942.10,1738042889
22942.40,1738042889
22941.35,1738042890
22944.00,1738042890
22942.45,1738042891
22942.85,1738042891
22943.20,1738042892
22943.35,1738042892
22942.35,1738042893
22942.85,1738042893
22942.25,1738042894
22941.75,1738042894
22942.30,1738042895
22942.35,1738042895
22942.60,1738042896
22942.15,1738042896
22942.60,1738042897
22944.65,1738042897
22945.15,1738042898
22944.55,1738042898
22943.30,1738042899
22943.55,1738042899
22943.45,1738042900
22943.05,1738042900
22943.60,1738042901
22946.85,1738042901
22946.05,1738042902
22945.20,1738042902
22944.55,1738042903
22944.80,1738042903
22945.90,1738042904
22945.15,1738042904
22946.75,1738042905
22946.40,1738042905
22945.40,1738042906
22945.90,1738042906
22944.15,1738042907
22943.65,1738042907
22943.95,1738042908
22943.80,1738042909
22943.25,1738042909
22944.80,1738042910
22944.40,1738042910
22945.05,1738042911
22942.45,1738042911
22944.00,1738042912
22945.50,1738042912
22943.85,1738042913
22943.80,1738042913
22943.40,1738042914
22944.00,1738042914
22943.05,1738042915
22942.35,1738042915
22944.85,1738042916
22945.25,1738042916
22946.50,1738042917
22947.70,1738042917
22945.70,1738042918
22945.10,1738042919
22944.60,1738042919
22948.30,1738042920
22948.95,1738042920
22949.85,1738042921
22948.60,1738042921
22949.05,1738042922
22949.80,1738042922
22949.65,1738042923
22949.20,1738042923
22946.40,1738042924
22947.85,1738042924
22947.15,1738042925
22947.05,1738042925
22946.55,1738042926
22947.65,1738042926
22947.90,1738042927
22947.50,1738042927
22947.10,1738042928
22947.60,1738042928
22948.90,1738042929
22947.90,1738042930
22949.70,1738042930
22949.55,1738042931
22948.75,1738042931
22948.70,1738042932
22949.10,1738042932
22948.40,1738042933
22947.70,1738042933
22947.60,1738042934
22947.65,1738042934
22948.10,1738042935
22947.30,1738042935
22947.05,1738042936
22946.40,1738042936
22946.15,1738042937
22947.20,1738042937
22946.50,1738042938
22946.45,1738042938
22948.40,1738042939
22948.60,1738042939
22947.75,1738042940
22947.00,1738042940
22947.15,1738042941
22947.40,1738042941
22947.20,1738042942
22948.70,1738042942
22949.45,1738042943
22949.00,1738042943
22948.75,1738042944
22949.55,1738042944
22949.05,1738042945
22948.30,1738042946
22948.80,1738042946
22947.95,1738042947
22947.40,1738042947
22947.30,1738042948
22946.85,1738042948
22947.90,1738042949
22947.85,1738042949
22948.95,1738042950
22950.10,1738042950
22949.90,1738042951
22952.25,1738042951
22951.40,1738042952
22951.30,1738042952
22949.45,1738042953
22951.00,1738042953
22950.90,1738042954
22950.25,1738042954
22951.30,1738042955
22950.30,1738042955
22950.10,1738042956
22949.55,1738042956
22948.60,1738042957
22950.10,1738042957
22947.80,1738042958
22946.75,1738042959
22946.60,1738042960
22948.05,1738042960
22947.95,1738042961
22948.75,1738042961
22948.30,1738042962
22948.15,1738042962
22947.10,1738042963
22946.85,1738042963
22947.35,1738042964
22947.60,1738042964
22948.00,1738042965
22944.90,1738042965
22945.85,1738042966
22945.75,1738042966
22945.55,1738042967
22945.10,1738042967
22943.45,1738042968
22944.45,1738042968
22943.85,1738042969
22944.20,1738042969
22944.25,1738042970
22944.65,1738042970
22944.25,1738042971
22944.65,1738042971
22944.85,1738042972
22944.90,1738042972
22943.40,1738042973
22943.15,1738042973
22944.10,1738042974
22944.15,1738042974
22943.90,1738042975
22943.55,1738042975
22943.60,1738042976
22943.40,1738042976
22944.30,1738042977
22943.10,1738042977
22944.35,1738042978
22943.65,1738042978
22943.80,1738042979
22943.70,1738042979
22942.55,1738042980
22943.75,1738042980
22944.00,1738042981
22944.25,1738042981
22945.05,1738042982
22946.05,1738042982
22945.30,1738042983
22944.80,1738042983
22945.85,1738042984
22947.30,1738042984
22950.05,1738042985
22948.95,1738042985
22948.65,1738042986
22947.75,1738042986
22948.00,1738042987
22947.55,1738042987
22946.95,1738042988
22946.05,1738042988
22944.25,1738042989
22944.30,1738042989
22943.55,1738042990
22943.80,1738042990
22944.15,1738042991
22943.90,1738042991
22943.00,1738042992
22942.90,1738042992
22943.15,1738042993
22943.00,1738042993
22942.35,1738042994
22942.50,1738042994
22942.70,1738042995
22942.05,1738042995
22942.00,1738042996
22943.30,1738042996
22942.50,1738042997
22941.75,1738042997
22941.55,1738042998
22941.20,1738042998
22941.70,1738042999
22941.95,1738042999
22942.20,1738043000
22941.45,1738043000
22941.25,1738043001
22941.45,1738043001
22941.25,1738043002
22941.00,1738043002
22941.35,1738043003
22940.80,1738043003
22940.95,1738043004
22940.75,1738043004
22940.60,1738043005
22941.30,1738043005
22941.00,1738043006
22940.00,1738043006
22940.55,1738043007
22941.70,1738043007
22941.55,1738043008
22942.00,1738043008
22941.15,1738043009
22941.65,1738043009
22941.70,1738043010
22943.10,1738043010
22942.90,1738043011
22942.70,1738043011
22942.40,1738043012
22942.70,1738043012
22942.50,1738043013
22942.15,1738043013
22940.75,1738043014
22942.55,1738043014
22942.95,1738043015
22942.80,1738043015
22941.50,1738043016
22942.70,1738043016
22943.05,1738043017
22943.45,1738043017
22943.10,1738043018
22943.50,1738043019
22943.35,1738043019
22943.75,1738043020
22944.05,1738043020
22944.30,1738043021
22945.15,1738043021
22944.50,1738043022
22944.95,1738043022
22945.25,1738043023
22945.65,1738043023
22945.70,1738043024
22946.30,1738043024
22945.80,1738043025
22945.50,1738043025
22945.55,1738043026
22945.75,1738043026
22946.10,1738043027
22946.70,1738043027
22946.85,1738043028
22947.40,1738043028
22947.05,1738043029
22946.85,1738043029
22947.75,1738043030
22947.25,1738043030
22948.00,1738043031
22947.70,1738043031
22948.70,1738043032
22947.90,1738043032
22947.60,1738043033
22946.90,1738043033
22948.50,1738043034
22947.85,1738043034
22947.45,1738043035
22947.60,1738043035
22946.70,1738043036
22948.50,1738043036
22948.35,1738043037
22947.65,1738043037
22946.30,1738043038
22946.85,1738043038
22948.55,1738043039
22947.95,1738043039
22946.35,1738043040
22947.85,1738043040
22947.40,1738043041
22947.70,1738043041
22947.60,1738043042
22948.00,1738043042
22947.50,1738043043
22948.30,1738043043
22947.35,1738043044
22948.20,1738043044
22948.75,1738043045
22949.40,1738043045
22948.85,1738043046
22950.65,1738043046
22952.20,1738043047
22952.35,1738043047
22959.55,1738043048
22962.20,1738043048
22961.60,1738043049
22961.15,1738043049
22959.65,1738043050
22959.90,1738043050
22959.05,1738043051
22960.75,1738043051
22959.60,1738043052
22960.95,1738043052
22959.85,1738043053
22960.80,1738043053
22956.90,1738043054
22955.60,1738043054
22957.35,1738043055
22956.80,1738043055
22956.25,1738043056
22955.30,1738043056
22955.60,1738043057
22955.20,1738043057
22953.55,1738043058
22954.30,1738043058
22954.15,1738043059
22952.10,1738043059
22951.80,1738043060
22952.10,1738043060
22950.65,1738043061
22951.05,1738043061
22951.15,1738043062
22951.70,1738043062
22952.15,1738043063
22951.35,1738043063
22951.95,1738043064
22951.80,1738043064
22951.75,1738043065
22951.95,1738043066
22952.10,1738043066
22951.95,1738043067
22952.25,1738043067
22952.35,1738043068
22951.80,1738043068
22951.10,1738043069
22952.20,1738043069
22951.85,1738043070
22953.50,1738043070
22955.65,1738043071
22955.35,1738043071
22954.95,1738043072
22956.40,1738043072
22957.85,1738043073
22957.15,1738043073
22957.85,1738043074
22957.10,1738043074
22957.25,1738043075
22956.85,1738043075
22956.65,1738043076
22956.75,1738043076
22956.25,1738043077
22957.05,1738043078
22956.70,1738043078
22956.35,1738043079
22957.90,1738043079
22957.25,1738043080
22957.50,1738043080
22956.55,1738043081
22957.05,1738043081
22956.75,1738043082
22956.95,1738043082
22957.05,1738043083
22956.10,1738043083
22956.60,1738043084
22955.80,1738043084
22956.20,1738043085
22955.90,1738043085
22956.25,1738043086
22956.40,1738043086
22955.85,1738043087
22955.50,1738043087
22954.40,1738043088
22955.70,1738043088
22956.10,1738043089
22955.05,1738043089
22955.35,1738043090
22955.45,1738043090
22955.95,1738043091
22956.55,1738043091
22958.30,1738043092
22957.90,1738043092
22957.60,1738043093
22958.45,1738043093
22957.35,1738043094
22957.55,1738043094
22957.85,1738043095
22958.15,1738043095
22958.85,1738043096
22959.30,1738043096
22959.35,1738043097
22959.25,1738043097
22958.25,1738043098
22958.15,1738043098
22958.80,1738043099
22959.60,1738043099
22958.55,1738043100
22958.60,1738043100
22960.20,1738043101
22959.55,1738043101
22960.20,1738043102
22959.90,1738043102
22959.55,1738043103
22959.10,1738043103
22960.35,1738043104
22959.10,1738043104
22960.45,1738043105
22960.25,1738043105
22959.70,1738043106
22959.60,1738043106
22959.15,1738043107
22958.80,1738043107
22960.95,1738043108
22960.55,1738043108
22960.65,1738043109
22963.00,1738043109
22963.55,1738043110
22963.50,1738043111
22964.20,1738043111
22965.00,1738043112
22965.85,1738043113
22964.05,1738043113
22966.10,1738043114
22965.55,1738043114
22966.30,1738043115
22966.05,1738043115
22966.35,1738043116
22966.05,1738043116
22965.60,1738043117
22966.05,1738043117
22965.70,1738043118
22965.50,1738043118
22964.30,1738043119
22962.80,1738043119
22962.05,1738043120
22959.80,1738043120
22959.05,1738043121
22957.05,1738043121
22956.75,1738043122
22956.55,1738043122
22959.55,1738043123
22960.10,1738043123
22959.45,1738043124
22959.95,1738043124
22960.00,1738043125
22958.50,1738043125
22959.50,1738043126
22958.60,1738043126
22958.65,1738043127
22958.45,1738043127
22959.75,1738043128
22958.15,1738043128
22959.10,1738043129
22957.65,1738043129
22958.75,1738043130
22958.00,1738043131
22958.45,1738043131
22957.70,1738043132
22959.15,1738043132
22959.30,1738043133
22959.65,1738043133
22959.20,1738043134
22959.25,1738043134
22959.85,1738043135
22959.90,1738043135
22960.00,1738043136
22959.15,1738043136
22959.05,1738043137
22958.20,1738043137
22958.10,1738043138
22958.25,1738043138
22958.65,1738043139
22957.60,1738043139
22958.40,1738043140
22958.55,1738043140
22958.20,1738043141
22958.25,1738043141
22957.35,1738043142
22957.60,1738043142
22958.00,1738043143
22957.55,1738043143
22956.55,1738043144
22957.10,1738043144
22957.85,1738043145
22957.15,1738043145
22956.95,1738043146
22956.90,1738043146
22957.30,1738043147
22956.45,1738043147
22956.60,1738043148
22957.25,1738043148
22957.40,1738043149
22957.35,1738043149
22956.90,1738043150
22957.50,1738043150
22957.75,1738043151
22957.60,1738043151
22956.25,1738043152
22957.20,1738043152
22956.55,1738043153
22958.05,1738043153
22955.90,1738043154
22956.85,1738043154
22958.15,1738043155
22957.40,1738043155
22957.90,1738043156
22957.50,1738043156
22957.85,1738043157
22956.55,1738043157
22956.65,1738043158
22955.70,1738043158
22955.25,1738043159
22956.25,1738043159
22955.80,1738043160
22955.75,1738043160
22956.10,1738043161
22955.80,1738043161
22955.40,1738043162
22955.60,1738043162
22956.45,1738043163
22955.10,1738043163
22954.50,1738043164
22956.15,1738043164
22955.75,1738043165
22955.35,1738043165
22956.40,1738043166
22955.25,1738043166
22954.80,1738043167
22955.15,1738043167
22955.60,1738043168
22955.50,1738043168
22954.85,1738043169
22954.25,1738043169
22955.40,1738043170
22955.05,1738043171
22955.95,1738043171
22955.70,1738043172
22954.10,1738043172
22954.05,1738043173
22953.35,1738043173
22953.90,1738043174
22952.00,1738043174
22953.90,1738043175
22952.25,1738043175
22952.70,1738043176
22952.40,1738043176
22952.90,1738043177
22953.50,1738043177
22951.85,1738043178
22951.75,1738043178
22951.70,1738043179
22951.55,1738043179
22951.80,1738043180
22951.75,1738043180
22953.00,1738043181
22953.10,1738043181
22952.65,1738043182
22951.40,1738043182
22951.00,1738043183
22952.80,1738043183
22951.60,1738043184
22952.10,1738043184
22953.45,1738043185
22952.30,1738043185
22953.75,1738043186
22952.40,1738043186
22951.30,1738043187
22952.00,1738043187
22952.95,1738043188
22953.85,1738043188
22953.70,1738043189
22952.90,1738043189
22954.00,1738043190
22952.35,1738043190
22952.75,1738043191
22952.80,1738043192
22951.50,1738043192
22953.25,1738043193
22953.00,1738043193
22952.65,1738043194
22951.80,1738043194
22953.45,1738043195
22952.75,1738043195
22953.35,1738043196
22953.20,1738043196
22952.20,1738043197
22953.10,1738043197
22952.50,1738043198
22952.95,1738043198
22951.70,1738043199
22951.15,1738043199
22952.45,1738043200
22952.25,1738043200
22950.70,1738043201
22951.35,1738043201
22951.85,1738043202
22951.50,1738043202
22952.60,1738043203
22953.40,1738043203
22953.80,1738043204
22954.30,1738043204
22953.85,1738043205
22953.25,1738043205
22952.85,1738043206
22953.65,1738043206
22953.40,1738043207
22952.45,1738043208
22952.55,1738043208
22953.20,1738043209
22953.70,1738043209
22952.10,1738043210
22952.65,1738043210
22953.65,1738043211
22954.45,1738043211
22953.80,1738043212
22953.05,1738043212
22953.95,1738043213
22954.45,1738043213
22952.75,1738043214
22953.55,1738043214
22954.05,1738043215
22953.65,1738043215
22953.40,1738043216
22953.50,1738043216
22953.10,1738043217
22954.60,1738043217
22953.15,1738043218
22954.20,1738043218
22954.00,1738043219
22954.65,1738043219
22954.10,1738043220
22953.70,1738043220
22954.35,1738043221
22954.90,1738043221
22954.80,1738043222
22953.65,1738043222
22954.50,1738043223
22954.80,1738043223
22955.40,1738043224
22954.95,1738043224
22955.25,1738043225
22955.10,1738043225
22955.75,1738043226
22955.05,1738043226
22954.55,1738043227
22954.00,1738043227
22954.70,1738043228
22955.60,1738043228
22956.20,1738043229
22954.50,1738043229
22956.10,1738043230
22955.25,1738043230
22955.10,1738043231
22955.65,1738043231
22955.75,1738043232
22956.30,1738043232
22956.10,1738043233
22956.35,1738043233
22956.30,1738043234
22955.25,1738043234
22956.05,1738043235
22955.05,1738043235
22954.55,1738043236
22955.15,1738043236
22954.85,1738043237
22955.50,1738043237
22954.50,1738043238
22955.20,1738043238
22955.50,1738043239
22955.70,1738043239
22955.50,1738043240
22955.80,1738043240
22956.90,1738043241
22956.15,1738043241
22956.00,1738043242
22954.90,1738043242
22956.65,1738043243
22955.75,1738043244
22955.80,1738043244
22956.70,1738043245
22956.50,1738043245
22956.60,1738043246
22955.65,1738043246
22956.45,1738043247
22955.40,1738043247
22954.50,1738043248
22955.40,1738043248
22955.15,1738043249
22955.60,1738043249
22955.00,1738043250
22955.60,1738043250
22955.35,1738043251
22955.65,1738043251
22956.50,1738043252
22956.30,1738043252
22954.40,1738043253
22955.10,1738043253
22954.65,1738043254
22955.05,1738043254
22955.40,1738043255
22954.95,1738043255
22955.25,1738043256
22955.10,1738043256
22954.70,1738043257
22953.60,1738043257
22953.45,1738043258
22953.15,1738043258
22953.40,1738043259
22953.75,1738043260
22953.20,1738043260
22953.05,1738043261
22953.00,1738043261
22951.25,1738043262
22951.85,1738043262
22951.80,1738043263
22952.10,1738043263
22952.80,1738043264
22952.15,1738043264
22953.05,1738043265
22952.05,1738043265
22952.15,1738043266
22950.75,1738043266
22952.20,1738043267
22952.45,1738043267
22952.15,1738043268
22952.55,1738043268
22952.35,1738043269
22952.90,1738043269
22952.55,1738043270
22951.90,1738043270
22952.25,1738043271
22952.00,1738043271
22952.35,1738043272
22952.90,1738043272
22952.25,1738043273
22950.50,1738043273
22951.55,1738043274
22951.05,1738043274
22951.30,1738043275
22951.00,1738043275
22950.45,1738043276
22950.05,1738043276
22950.85,1738043277
22951.05,1738043277
22951.10,1738043278
22950.60,1738043278
22951.55,1738043279
22950.95,1738043279
22950.90,1738043280
22951.60,1738043280
22951.55,1738043281
22951.00,1738043281
22950.55,1738043282
22950.65,1738043282
22949.45,1738043283
22948.55,1738043284
22948.35,1738043285
22949.30,1738043285
22947.45,1738043286
22948.20,1738043286
22948.45,1738043287
22948.15,1738043287
22948.10,1738043288
22948.15,1738043288
22947.90,1738043289
22947.50,1738043289
22947.80,1738043290
22948.85,1738043290
22949.00,1738043291
22948.80,1738043291
22948.45,1738043292
22948.60,1738043292
22948.05,1738043293
22948.40,1738043293
22948.15,1738043294
22949.65,1738043294
22949.30,1738043295
22949.35,1738043295
22948.25,1738043296
22949.40,1738043296
22948.75,1738043297
22948.55,1738043297
22948.15,1738043298
22948.75,1738043298
22949.95,1738043299
22947.75,1738043299
22948.15,1738043300
22948.70,1738043300
22947.25,1738043301
22947.55,1738043301
22948.35,1738043302
22948.45,1738043302
22948.30,1738043303
22948.35,1738043303
22948.80,1738043304
22948.45,1738043304
22948.30,1738043305
22948.35,1738043305
22948.95,1738043306
22948.55,1738043306
22948.30,1738043307
22948.60,1738043307
22948.50,1738043308
22948.90,1738043308
22948.20,1738043309
22947.05,1738043309
22947.15,1738043310
22948.25,1738043310
22946.60,1738043311
22945.70,1738043311
22946.35,1738043312
22947.15,1738043312
22946.55,1738043313
22946.95,1738043313
22947.85,1738043314
22947.20,1738043314
22949.95,1738043315
22948.25,1738043315
22951.80,1738043316
22952.00,1738043316
22951.25,1738043317
22950.85,1738043317
22950.65,1738043318
22951.15,1738043318
22950.50,1738043319
22950.00,1738043319
22950.25,1738043320
22951.35,1738043320
22951.05,1738043321
22950.20,1738043321
22951.40,1738043322
22949.70,1738043322
22949.05,1738043323
22948.90,1738043323
22948.50,1738043324
22949.55,1738043324
22950.05,1738043325
22949.50,1738043325
22949.40,1738043326
22950.40,1738043326
22950.50,1738043327
22948.80,1738043327
22949.60,1738043328
22950.05,1738043328
22949.40,1738043329
22947.90,1738043329
22948.30,1738043330
22948.85,1738043330
22949.25,1738043331
22949.20,1738043332
22949.85,1738043332
22950.35,1738043333
22949.95,1738043333
22951.55,1738043334
22950.00,1738043335
22950.10,1738043335
22949.85,1738043336
22948.55,1738043336
22948.35,1738043337
22948.50,1738043337
22949.90,1738043338
22950.65,1738043338
22950.20,1738043339
22949.70,1738043339
22950.30,1738043340
22949.20,1738043340
22949.10,1738043341
22949.40,1738043342
22949.75,1738043342
22947.95,1738043343
22947.90,1738043343
22948.75,1738043344
22948.05,1738043344
22948.55,1738043345
22948.90,1738043345
22947.30,1738043346
22947.55,1738043346
22948.15,1738043347
22947.15,1738043347
22947.60,1738043348
22947.65,1738043348
22946.35,1738043349
22948.00,1738043349
22948.10,1738043350
22948.15,1738043350
22949.55,1738043351
22949.75,1738043351
22949.15,1738043352
22949.90,1738043352
22950.10,1738043353
22949.95,1738043353
22948.80,1738043354
22949.40,1738043354
22949.30,1738043355
22948.65,1738043355
22948.00,1738043356
22947.75,1738043356
22946.95,1738043357
22946.75,1738043357
22947.80,1738043358
22947.65,1738043358
22947.45,1738043359
22947.70,1738043359
22947.75,1738043360
22947.50,1738043360
22948.10,1738043361
22948.70,1738043361
22947.90,1738043362
22948.55,1738043362
22947.95,1738043363
22948.40,1738043363
22947.90,1738043364
22946.80,1738043364
22944.30,1738043365
22947.90,1738043365
22946.75,1738043366
22946.95,1738043366
22946.05,1738043367
22947.65,1738043367
22947.05,1738043368
22947.70,1738043368
22948.15,1738043369
22947.30,1738043369
22946.25,1738043370
22947.15,1738043370
22946.10,1738043371
22946.95,1738043371
22946.10,1738043372
22946.55,1738043372
22948.35,1738043373
22947.50,1738043373
22947.65,1738043374
22947.85,1738043374
22947.35,1738043375
22947.15,1738043375
22949.80,1738043376
22949.95,1738043376
22949.40,1738043377
22948.70,1738043377
22948.05,1738043378
22948.15,1738043378
22947.65,1738043379
22948.15,1738043379
22949.05,1738043380
22948.10,1738043380
22948.20,1738043381
22948.55,1738043381
22950.90,1738043382
22950.05,1738043383
22952.15,1738043383
22951.35,1738043384
22952.85,1738043384
22952.50,1738043385
22953.55,1738043385
22953.35,1738043386
22953.05,1738043387
22952.40,1738043387
22951.70,1738043388
22953.05,1738043388
22952.90,1738043389
22952.05,1738043389
22952.15,1738043390
22951.90,1738043390
22950.45,1738043391
22951.40,1738043391
22951.20,1738043392
22951.35,1738043392
22951.20,1738043393
22950.45,1738043393
22950.80,1738043394
22951.05,1738043395
22950.80,1738043395
22951.25,1738043396
22952.85,1738043396
22953.25,1738043397
22953.50,1738043397
22953.40,1738043398
22952.65,1738043398
22953.55,1738043399
22956.45,1738043399
22955.90,1738043400
22957.05,1738043400
22956.15,1738043401
22957.65,1738043401
22957.25,1738043402
22955.85,1738043402
22956.25,1738043403
22956.10,1738043403
22956.55,1738043404
22955.80,1738043404
22956.50,1738043405
22956.70,1738043405
22956.10,1738043406
22956.25,1738043406
22956.35,1738043407
22955.40,1738043407
22956.75,1738043408
22957.75,1738043408
22956.50,1738043409
22957.00,1738043409
22956.20,1738043410
22956.50,1738043410
22955.25,1738043411
22955.75,1738043411
22955.40,1738043412
22956.15,1738043412
22955.90,1738043413
22954.00,1738043413
22954.35,1738043414
22954.90,1738043414
22955.05,1738043415
22954.90,1738043415
22957.40,1738043416
22958.10,1738043416
22957.90,1738043417
22956.35,1738043417
22956.45,1738043418
22956.40,1738043418
22956.75,1738043419
22957.50,1738043419
22958.90,1738043420
22957.10,1738043420
22956.60,1738043421
22957.30,1738043421
22957.55,1738043422
22957.35,1738043423
22957.75,1738043423
22956.35,1738043424
22956.55,1738043424
22956.45,1738043425
22956.85,1738043425
22956.80,1738043426
22957.10,1738043427
22956.55,1738043427
22956.65,1738043428
22956.10,1738043428
22957.30,1738043429
22957.35,1738043429
22956.50,1738043430
22956.70,1738043430
22956.65,1738043431
22957.65,1738043431
22958.15,1738043432
22957.65,1738043432
22957.70,1738043433
22958.10,1738043433
22958.65,1738043434
22958.20,1738043434
22957.45,1738043435
22956.70,1738043435
22956.45,1738043436
22955.60,1738043436
22956.20,1738043437
22956.95,1738043437
22957.10,1738043438
22957.35,1738043438
22956.90,1738043439
22956.50,1738043439
22957.55,1738043440
22956.90,1738043440
22957.40,1738043441
22957.70,1738043441
22957.00,1738043442
22957.70,1738043442
22955.85,1738043443
22955.15,1738043443
22955.40,1738043444
22956.15,1738043444
22956.55,1738043445
22956.00,1738043445
22957.65,1738043446
22958.55,1738043446
22957.75,1738043447
22957.45,1738043447
22957.70,1738043448
22957.45,1738043448
22956.90,1738043449
22957.35,1738043449
22956.45,1738043450
22957.70,1738043450
22957.85,1738043451
22957.45,1738043452
22957.35,1738043452
22957.55,1738043453
22958.20,1738043453
22957.45,1738043454
22957.75,1738043454
22959.15,1738043455
22959.25,1738043455
22958.70,1738043456
22959.30,1738043456
22959.80,1738043457
22959.20,1738043457
22959.60,1738043458
22959.20,1738043458
22958.65,1738043459
22958.30,1738043459
22959.00,1738043460
22958.65,1738043460
22958.80,1738043461
22959.00,1738043461
22958.65,1738043462
22958.95,1738043462
22958.55,1738043463
22958.75,1738043463
22958.10,1738043464
22959.20,1738043464
22960.35,1738043465
22961.35,1738043465
22962.60,1738043466
22961.15,1738043466
22961.90,1738043467
22961.85,1738043467
22961.75,1738043468
22962.50,1738043468
22963.20,1738043469
22963.60,1738043470
22962.95,1738043470
22963.40,1738043471
22963.20,1738043471
22962.90,1738043472
22962.80,1738043472
22963.50,1738043473
22963.55,1738043473
22963.85,1738043474
22964.15,1738043474
22963.75,1738043475
22964.05,1738043475
22965.40,1738043476
22965.35,1738043477
22966.10,1738043477
22965.40,1738043478
22965.70,1738043478
22965.80,1738043479
22965.20,1738043479
22966.00,1738043480
22965.00,1738043480
22964.55,1738043481
22964.75,1738043481
22965.15,1738043482
22964.35,1738043482
22965.05,1738043483
22965.75,1738043483
22965.05,1738043484
22964.75,1738043484
22965.85,1738043485
22966.00,1738043485
22966.35,1738043486
22967.70,1738043486
22965.60,1738043487
22967.40,1738043487
22965.65,1738043488
22964.90,1738043488
22965.50,1738043489
22966.25,1738043489
22965.80,1738043490
22966.25,1738043490
22965.85,1738043491
22964.70,1738043491
22962.70,1738043492
22961.30,1738043492
22960.50,1738043493
22959.65,1738043493
22959.75,1738043494
22960.40,1738043494
22959.60,1738043495
22960.00,1738043495
22959.00,1738043496
22958.90,1738043496
22957.05,1738043497
22956.60,1738043497
22957.10,1738043498
22956.60,1738043498
22957.90,1738043499
22957.85,1738043499
22957.60,1738043500
22958.45,1738043500
22958.30,1738043501
22958.45,1738043501
22955.55,1738043502
22954.55,1738043502
22955.25,1738043503
22954.75,1738043503
22955.20,1738043504
22954.25,1738043504
22954.15,1738043505
22953.65,1738043506
22953.80,1738043507
22953.35,1738043507
22953.15,1738043508
22953.45,1738043509
22953.70,1738043509
22953.15,1738043510
22955.50,1738043510
22955.75,1738043511
22954.90,1738043511
22956.30,1738043512
22954.95,1738043512
22955.60,1738043513
22954.85,1738043513
22955.45,1738043514
22956.65,1738043515
22954.55,1738043515
22955.30,1738043516
22955.20,1738043516
22954.50,1738043517
22955.35,1738043518
22954.20,1738043518
22954.65,1738043519
22954.10,1738043519
22955.10,1738043520
22954.35,1738043520
22954.70,1738043521
22954.55,1738043521
22955.80,1738043522
22955.95,1738043522
22955.80,1738043523
22955.50,1738043523
22955.15,1738043524
22954.80,1738043524
22955.65,1738043525
22955.75,1738043525
22957.00,1738043526
22956.90,1738043526
22956.95,1738043527
22957.35,1738043527
22958.00,1738043528
22956.90,1738043528
22957.30,1738043529
22957.25,1738043529
22956.95,1738043530
22957.15,1738043530
22956.40,1738043531
22957.55,1738043531
22958.05,1738043532
22958.70,1738043533
22959.00,1738043533
22958.65,1738043534
22958.85,1738043534
22958.80,1738043535
22958.90,1738043535
22958.20,1738043536
22957.10,1738043536
22957.40,1738043537
22957.35,1738043537
22957.10,1738043538
22957.45,1738043538
22957.55,1738043539
22958.05,1738043540
22956.95,1738043540
22957.60,1738043541
22957.25,1738043541
22955.90,1738043542
22957.00,1738043542
22956.30,1738043543
22957.15,1738043543
22956.70,1738043544
22957.20,1738043544
22956.00,1738043545
22956.55,1738043545
22956.15,1738043546
22956.00,1738043546
22956.35,1738043547
22956.25,1738043547
22956.90,1738043548
22957.05,1738043548
22956.05,1738043549
22957.90,1738043549
22957.60,1738043550
22956.50,1738043550
22956.40,1738043551
22957.70,1738043551
22956.30,1738043552
22956.20,1738043552
22956.50,1738043553
22958.10,1738043553
22958.05,1738043554
22958.35,1738043554
22958.15,1738043555
22958.25,1738043555
22958.15,1738043556
22958.30,1738043556
22956.80,1738043557
22958.45,1738043557
22957.45,1738043558
22958.30,1738043558
22957.00,1738043559
22957.40,1738043559
22956.50,1738043560
22956.70,1738043560
22956.15,1738043561
22957.30,1738043561
22957.00,1738043562
22955.60,1738043562
22956.85,1738043563
22957.15,1738043563
22957.30,1738043564
22953.70,1738043565
22955.30,1738043565
22955.15,1738043566
22954.25,1738043566
22954.60,1738043567
22954.35,1738043567
22955.05,1738043568
22953.20,1738043568
22952.75,1738043569
22953.20,1738043569
22952.70,1738043570
22951.50,1738043570
22951.25,1738043571
22950.90,1738043571
22952.45,1738043572
22952.30,1738043573
22952.50,1738043573
22952.05,1738043574
22951.15,1738043574
22951.80,1738043575
22949.30,1738043575
22949.10,1738043576
22951.05,1738043576
22950.50,1738043577
22951.00,1738043577
22952.20,1738043578
22951.25,1738043578
22951.85,1738043579
22950.20,1738043579
22951.85,1738043580
22952.45,1738043581
22952.10,1738043581
22951.25,1738043582
22951.10,1738043582
22951.30,1738043583
22952.45,1738043583
22951.45,1738043584
22950.85,1738043584
22951.60,1738043585
22951.65,1738043585
22950.60,1738043586
22950.35,1738043586
22952.00,1738043587
22950.75,1738043587
22951.30,1738043588
22952.45,1738043588
22952.65,1738043589
22952.85,1738043589
22952.80,1738043590
22952.90,1738043590
22953.50,1738043591
22954.15,1738043591
22953.75,1738043592
22954.85,1738043592
22954.70,1738043593
22954.90,1738043593
22953.60,1738043594
22955.40,1738043594
22954.65,1738043595
22955.15,1738043595
22956.45,1738043596
22958.40,1738043596
22959.50,1738043597
22958.05,1738043598
22958.75,1738043598
22959.15,1738043599
22957.40,1738043599
22959.00,1738043600
22959.30,1738043600
22958.80,1738043601
22959.35,1738043601
22959.90,1738043602
22960.75,1738043602
22961.20,1738043603
22961.30,1738043603
22961.60,1738043604
22961.65,1738043604
22961.50,1738043605
22962.90,1738043605
22961.85,1738043606
22963.35,1738043606
22962.45,1738043607
22963.80,1738043607
22963.55,1738043608
22963.05,1738043608
22962.00,1738043609
22961.35,1738043609
22960.95,1738043610
22960.75,1738043610
22960.85,1738043611
22960.65,1738043611
22960.05,1738043612
22958.60,1738043612
22960.40,1738043613
22959.90,1738043613
22958.85,1738043614
22960.10,1738043614
22958.50,1738043615
22958.00,1738043615
22957.80,1738043616
22957.65,1738043616
22957.45,1738043617
22957.90,1738043618
22956.85,1738043618
22956.30,1738043619
22955.25,1738043619
22956.40,1738043620
22955.60,1738043620
22956.25,1738043621
22956.15,1738043621
22954.30,1738043622
22955.40,1738043622
22955.70,1738043623
22956.55,1738043623
22956.25,1738043624
22955.85,1738043624
22955.30,1738043625
22954.70,1738043625
22954.50,1738043626
22953.10,1738043626
22953.25,1738043627
22953.80,1738043628
22953.40,1738043628
22954.50,1738043629
22954.10,1738043629
22954.50,1738043630
22952.70,1738043630
22954.50,1738043631
22954.45,1738043631
22954.75,1738043632
22952.75,1738043632
22954.10,1738043633
22953.70,1738043633
22952.70,1738043634
22953.95,1738043634
22952.60,1738043635
22954.20,1738043635
22954.10,1738043636
22954.40,1738043636
22954.45,1738043637
22953.20,1738043637
22955.20,1738043638
22953.95,1738043638
22954.05,1738043639
22954.65,1738043639
22955.00,1738043640
22954.80,1738043640
22954.20,1738043641
22955.40,1738043641
22955.15,1738043642
22955.30,1738043642
22955.65,1738043643
22956.55,1738043643
22955.15,1738043644
22956.20,1738043644
22956.00,1738043645
22955.50,1738043645
22955.15,1738043646
22956.20,1738043646
22955.95,1738043647
22956.45,1738043647
22957.20,1738043648
22956.60,1738043648
22957.15,1738043649
22956.80,1738043649
22956.60,1738043650
22957.30,1738043650
22957.50,1738043651
22956.80,1738043651
22957.00,1738043652
22956.95,1738043652
22956.70,1738043653
22957.45,1738043654
22957.90,1738043654
22957.45,1738043655
22957.20,1738043655
22958.25,1738043656
22956.90,1738043656
22958.00,1738043657
22956.80,1738043657
22956.40,1738043658
22957.90,1738043658
22956.55,1738043659
22957.15,1738043659
22956.60,1738043660
22957.25,1738043660
22957.15,1738043661
22957.90,1738043661
22958.60,1738043662
22957.50,1738043662
22958.20,1738043663
22957.85,1738043663
22958.80,1738043664
22958.25,1738043664
22958.95,1738043665
22958.45,1738043665
22958.40,1738043666
22957.60,1738043666
22958.50,1738043667
22957.85,1738043667
22957.70,1738043668
22957.00,1738043668
22957.50,1738043669
22957.25,1738043669
22957.35,1738043670
22956.85,1738043670
22956.80,1738043671
22958.10,1738043671
22957.70,1738043672
22956.95,1738043672
22957.70,1738043673
22956.70,1738043673
22957.05,1738043674
22956.45,1738043674
22956.70,1738043675
22956.05,1738043675
22956.85,1738043676
22956.25,1738043676
22956.05,1738043677
22956.10,1738043677
22955.95,1738043678
22956.50,1738043678
22957.05,1738043679
22956.95,1738043679
22957.20,1738043680
22957.55,1738043680
22957.95,1738043681
22958.25,1738043681
22957.30,1738043682
22957.00,1738043682
22958.25,1738043683
22958.20,1738043683
22959.05,1738043684
22959.00,1738043684
22959.15,1738043685
22959.95,1738043685
22960.00,1738043686
22960.10,1738043686
22959.95,1738043687
22960.75,1738043687
22960.80,1738043688
22961.25,1738043688
22961.30,1738043689
22962.00,1738043689
22962.10,1738043690
22961.85,1738043690
22962.95,1738043691
22964.10,1738043691
22964.30,1738043692
22963.10,1738043692
22962.80,1738043693
22963.40,1738043693
22963.05,1738043694
22963.55,1738043694
22964.70,1738043695
22964.35,1738043695
22963.45,1738043696
22964.10,1738043696
22963.95,1738043697
22961.75,1738043697
22961.70,1738043698
22962.15,1738043698
22962.00,1738043699
22961.90,1738043699
22962.75,1738043700
22961.65,1738043700
22962.05,1738043701
22961.05,1738043701
22961.85,1738043702
22962.15,1738043702
22961.80,1738043703
22961.90,1738043703
22961.40,1738043704
22961.90,1738043704
22960.55,1738043705
22960.65,1738043705
22960.80,1738043706
22961.25,1738043706
22959.60,1738043707
22960.45,1738043707
22959.10,1738043708
22959.80,1738043708
22960.10,1738043709
22958.70,1738043709
22960.40,1738043710
22959.85,1738043710
22960.65,1738043711
22959.60,1738043711
22960.10,1738043712
22960.45,1738043712
22961.55,1738043713
22961.15,1738043713
22961.45,1738043714
22961.70,1738043714
22962.00,1738043715
22961.95,1738043715
22960.75,1738043716
22962.20,1738043716
22962.30,1738043717
22962.00,1738043717
22960.20,1738043718
22962.15,1738043718
22962.65,1738043719
22960.50,1738043719
22961.05,1738043720
22961.60,1738043720
22961.70,1738043721
22962.20,1738043721
22961.95,1738043722
22962.20,1738043722
22962.70,1738043723
22962.10,1738043723
22963.80,1738043724
22964.75,1738043724
22963.70,1738043725
22964.55,1738043725
22962.15,1738043726
22961.35,1738043726
22963.20,1738043727
22962.75,1738043727
22962.25,1738043728
22962.50,1738043728
22962.15,1738043729
22961.95,1738043729
22960.90,1738043730
22960.25,1738043730
22961.45,1738043731
22960.85,1738043731
22960.90,1738043732
22960.10,1738043732
22960.60,1738043733
22960.75,1738043733
22960.10,1738043734
22960.50,1738043734
22959.80,1738043735
22960.15,1738043735
22961.05,1738043736
22960.20,1738043736
22960.10,1738043737
22961.05,1738043737
22960.40,1738043738
22960.15,1738043738
22960.95,1738043739
22959.95,1738043739
22959.60,1738043740
22960.35,1738043740
22959.30,1738043741
22959.95,1738043741
22960.00,1738043742
22959.20,1738043742
22959.30,1738043743
22959.15,1738043743
22958.55,1738043744
22959.25,1738043744
22959.15,1738043745
22958.75,1738043745
22960.05,1738043746
22959.50,1738043746
22960.30,1738043747
22959.95,1738043747
22959.25,1738043748
22959.65,1738043748
22959.70,1738043749
22960.70,1738043749
22960.10,1738043750
22960.80,1738043750
22961.15,1738043751
22960.95,1738043751
22960.60,1738043752
22961.00,1738043752
22959.80,1738043753
22959.35,1738043753
22959.05,1738043754
22958.45,1738043754
22959.65,1738043755
22959.20,1738043755
22959.60,1738043756
22959.10,1738043756
22959.75,1738043757
22959.55,1738043757
22959.45,1738043758
22959.85,1738043758
22959.75,1738043759
22960.60,1738043759
22960.95,1738043760
22961.30,1738043760
22961.20,1738043761
22961.75,1738043761
22961.35,1738043762
22961.75,1738043762
22962.00,1738043763
22962.95,1738043763
22963.25,1738043764
22963.40,1738043764
22963.00,1738043765
22962.75,1738043766
22962.60,1738043767
22962.45,1738043767
22962.30,1738043768
22962.10,1738043768
22962.75,1738043769
22961.75,1738043769
22962.05,1738043770
22962.00,1738043770
22962.10,1738043771
22962.15,1738043771
22961.85,1738043772
22961.50,1738043772
22961.95,1738043773
22961.65,1738043773
22962.55,1738043774
22962.80,1738043774
22963.25,1738043775
22961.35,1738043775
22961.90,1738043776
22963.15,1738043776
22962.50,1738043777
22963.10,1738043777
22962.45,1738043778
22962.50,1738043778
22963.00,1738043779
22962.10,1738043779
22963.00,1738043780
22962.85,1738043780
22963.55,1738043781
22962.85,1738043781
22961.80,1738043782
22960.30,1738043782
22960.10,1738043783
22961.55,1738043783
22959.95,1738043784
22960.80,1738043784
22960.55,1738043785
22961.10,1738043785
22960.00,1738043786
22961.20,1738043786
22961.30,1738043787
22960.70,1738043787
22960.00,1738043788
22958.90,1738043788
22959.55,1738043789
22958.25,1738043789
22959.10,1738043790
22959.20,1738043790
22958.00,1738043791
22958.70,1738043791
22958.75,1738043792
23004.45,1738045662
23003.90,1738045662
23003.30,1738045663
23005.95,1738045663
23005.40,1738045664
23005.30,1738045664
23005.20,1738045665
23005.15,1738045666
23005.25,1738045666
23006.10,1738045667
23005.85,1738045667
23006.10,1738045668
23006.15,1738045668
23006.95,1738045669
23006.65,1738045669
23007.25,1738045670
23007.40,1738045670
23008.70,1738045671
23008.15,1738045671
23007.80,1738045672
23009.20,1738045672
23009.95,1738045673
23010.00,1738045673
23009.50,1738045674
23009.45,1738045674
23010.35,1738045675
23011.20,1738045676
23010.20,1738045676
23010.30,1738045677
23011.65,1738045677
23011.00,1738045678
23011.25,1738045678
23012.05,1738045679
23011.50,1738045679
23011.55,1738045680
23012.35,1738045680
23011.80,1738045681
23012.10,1738045681
23011.40,1738045682
23012.40,1738045682
23012.25,1738045683
23012.45,1738045683
23012.90,1738045684
23013.30,1738045684
23012.75,1738045685
23013.65,1738045685
23013.25,1738045686
23013.35,1738045686
23013.10,1738045687
23013.80,1738045687
23011.35,1738045688
23012.25,1738045688
23012.10,1738045689
23011.90,1738045689
23012.75,1738045690
23011.05,1738045690
23010.80,1738045691
23011.10,1738045691
23010.10,1738045692
23009.50,1738045692
23009.00,1738045693
23009.65,1738045693
23009.45,1738045694
23009.95,1738045694
23009.30,1738045695
23009.00,1738045695
23009.35,1738045696
23008.55,1738045696
23009.40,1738045697
23009.55,1738045697
23009.85,1738045699
23010.60,1738045699
23010.45,1738045700
23009.70,1738045700
23010.20,1738045701
23010.35,1738045702
23010.95,1738045702
23010.65,1738045703
23010.55,1738045703
23010.60,1738045704
23009.15,1738045704
23009.95,1738045705
23009.55,1738045705
23009.85,1738045706
23009.70,1738045706
23010.35,1738045707
23011.30,1738045708
23010.40,1738045708
23009.95,1738045709
23009.80,1738045709
23010.20,1738045710
23009.85,1738045710
23009.80,1738045711
23010.05,1738045711
23009.45,1738045712
23010.45,1738045712
23010.35,1738045713
23010.70,1738045713
23009.70,1738045714
23009.15,1738045714
23010.85,1738045715
23008.60,1738045715
23008.45,1738045716
23008.75,1738045716
23007.80,1738045717
23010.35,1738045717
23012.30,1738045718
23010.90,1738045718
23011.45,1738045719
23010.90,1738045719
23010.45,1738045720
23010.10,1738045720
23010.20,1738045721
23010.05,1738045721
23010.30,1738045722
23010.50,1738045722
23011.30,1738045723
23009.20,1738045723
23009.25,1738045724
23010.30,1738045725
23009.90,1738045725
23009.95,1738045726
23009.85,1738045726
23009.60,1738045727
23009.50,1738045727
23009.00,1738045728
23009.35,1738045728
23009.15,1738045729
23009.00,1738045729
23009.35,1738045730
23009.40,1738045730
23009.35,1738045731
23008.80,1738045731
23008.30,1738045732
23008.15,1738045732
23008.10,1738045733
23008.25,1738045733
23010.30,1738045734
23008.75,1738045734
23008.60,1738045735
23008.00,1738045735
23008.75,1738045736
23008.30,1738045736
23008.60,1738045737
23009.05,1738045737
23009.20,1738045738
23009.30,1738045738
23009.05,1738045739
23007.70,1738045739
23007.65,1738045740
23007.55,1738045740
23008.05,1738045741
23007.10,1738045741
23007.15,1738045742
23006.85,1738045742
23007.05,1738045743
23006.60,1738045743
23006.70,1738045744
23007.25,1738045744
23006.80,1738045745
23006.70,1738045745
23007.45,1738045746
23006.55,1738045746
23006.20,1738045747
23007.45,1738045747
23008.40,1738045748
23008.10,1738045748
23007.85,1738045749
23006.35,1738045750
23010.05,1738045750
23009.25,1738045751
23010.15,1738045751
23010.25,1738045752
23009.20,1738045752
23009.50,1738045753
23007.95,1738045753
23007.75,1738045754
23008.80,1738045754
23008.95,1738045755
23007.85,1738045755
23007.75,1738045756
23007.85,1738045756
23008.50,1738045757
23007.30,1738045757
23006.75,1738045758
23008.10,1738045759
23008.00,1738045759
23007.45,1738045760
23007.05,1738045760
23006.75,1738045761
23006.85,1738045762
23006.70,1738045762
23006.50,1738045763
23006.55,1738045763
23006.10,1738045764
23006.75,1738045764
23004.40,1738045765
23004.20,1738045765
23003.10,1738045766
23003.45,1738045767
23002.80,1738045767
23002.30,1738045768
23002.35,1738045768
23002.55,1738045769
23001.80,1738045769
23002.20,1738045770
23003.00,1738045770
23003.65,1738045771
23002.65,1738045771
23003.30,1738045772
23003.05,1738045772
23003.00,1738045773
23003.05,1738045773
23003.65,1738045774
23002.90,1738045774
23003.40,1738045775
23002.75,1738045775
23002.55,1738045776
23002.00,1738045776
23001.60,1738045777
23002.10,1738045777
23002.15,1738045778
23001.75,1738045778
23001.50,1738045779
23001.80,1738045779
23001.85,1738045780
23002.25,1738045780
23002.35,1738045781
23001.80,1738045781
23002.50,1738045782
23002.00,1738045782
23001.20,1738045783
23001.65,1738045783
23002.25,1738045784
23001.30,1738045784
23001.20,1738045785
23001.30,1738045785
23002.05,1738045786
23001.30,1738045786
23000.30,1738045787
23000.25,1738045787
22996.30,1738045788
22999.20,1738045788
22998.55,1738045789
22998.05,1738045789
22998.40,1738045790
22998.50,1738045790
22998.00,1738045791
22997.10,1738045791
22996.05,1738045792
22995.10,1738045792
22997.40,1738045793
22997.85,1738045793
22997.30,1738045794
22996.95,1738045794
22997.10,1738045795
22995.70,1738045795
22996.90,1738045796
22995.50,1738045796
22995.30,1738045797
22995.60,1738045798
22994.95,1738045798
22995.35,1738045799
22995.15,1738045799
22994.90,1738045800
22997.40,1738045800
22997.10,1738045801
22996.70,1738045801
22998.70,1738045802
22998.60,1738045802
22998.35,1738045803
22998.60,1738045803
22999.10,1738045804
22998.15,1738045804
23000.05,1738045805
22998.75,1738045806
22999.20,1738045806
22999.50,1738045807
22998.40,1738045807
22998.80,1738045808
22999.00,1738045808
22999.80,1738045809
22999.90,1738045809
23000.65,1738045810
23001.75,1738045810
23001.30,1738045811
23001.05,1738045811
23001.35,1738045812
23001.30,1738045812
23001.60,1738045813
23001.85,1738045813
23002.15,1738045814
23001.90,1738045814
23002.60,1738045815
23002.40,1738045815
23002.10,1738045816
23002.35,1738045816
23002.20,1738045817
23001.95,1738045817
23000.50,1738045818
23000.75,1738045818
23000.25,1738045819
22999.80,1738045819
22999.40,1738045820
22999.45,1738045821
22998.90,1738045821
22999.60,1738045822
22999.30,1738045822
22998.70,1738045823
22999.20,1738045823
22999.25,1738045824
22999.15,1738045824
22999.35,1738045825
22998.90,1738045825
22998.70,1738045826
22998.75,1738045826
22998.40,1738045827
22997.00,1738045827
22997.85,1738045828
22996.65,1738045828
22997.70,1738045829
22997.45,1738045829
22997.50,1738045830
22997.40,1738045830
22997.20,1738045831
22996.85,1738045831
22997.10,1738045832
22996.90,1738045832
22996.60,1738045833
22996.65,1738045833
22997.15,1738045834
22997.00,1738045834
22996.95,1738045835
22994.30,1738045835
22993.55,1738045836
22994.00,1738045836
22993.05,1738045837
22993.30,1738045837
22993.35,1738045838
22993.55,1738045838
22993.45,1738045839
22993.85,1738045839
22993.75,1738045840
22994.65,1738045840
22993.50,1738045841
22993.90,1738045842
22993.80,1738045842
22994.35,1738045843
22993.30,1738045843
22993.80,1738045844
22994.05,1738045844
22994.00,1738045845
22992.70,1738045845
22993.45,1738045846
22993.95,1738045846
22993.80,1738045847
22994.05,1738045847
22993.00,1738045848
22994.65,1738045848
22993.15,1738045849
22993.10,1738045850
22993.90,1738045850
22993.70,1738045851
22993.60,1738045851
22992.30,1738045852
22992.85,1738045852
22992.30,1738045853
22992.45,1738045854
22992.15,1738045854
22991.95,1738045855
22990.15,1738045855
22990.95,1738045856
22991.55,1738045856
22991.25,1738045857
22990.20,1738045857
22989.35,1738045858
22989.30,1738045858
22989.65,1738045859
22988.40,1738045859
22989.65,1738045860
22990.10,1738045860
22990.85,1738045861
22990.10,1738045861
22990.05,1738045862
22991.20,1738045862
22990.30,1738045863
22990.90,1738045863
22990.80,1738045864
22990.45,1738045864
22991.25,1738045865
22991.40,1738045865
22991.20,1738045866
22991.05,1738045866
22991.45,1738045867
22991.05,1738045867
22992.75,1738045868
22993.00,1738045868
22990.95,1738045869
22991.95,1738045869
22990.95,1738045870
22993.25,1738045870
22992.20,1738045871
22993.25,1738045871
22992.70,1738045872
22992.80,1738045872
22992.05,1738045873
22991.70,1738045873
22991.55,1738045874
22991.25,1738045874
22990.95,1738045875
22989.60,1738045875
22990.20,1738045876
22990.85,1738045876
22990.90,1738045877
22989.80,1738045877
22990.35,1738045878
22991.40,1738045878
22990.80,1738045879
22990.10,1738045879
22990.45,1738045880
22990.40,1738045880
22990.65,1738045881
22990.60,1738045882
22991.45,1738045882
22991.80,1738045883
22991.25,1738045883
22991.45,1738045884
22993.55,1738045885
22993.95,1738045885
22993.00,1738045886
22993.95,1738045887
22994.45,1738045887
22995.75,1738045888
22996.40,1738045888
22995.60,1738045889
22996.60,1738045889
22995.95,1738045890
22996.15,1738045890
22996.60,1738045891
22996.05,1738045891
22996.80,1738045892
22997.45,1738045892
22997.75,1738045893
22997.95,1738045893
22997.10,1738045894
22997.75,1738045894
22998.90,1738045895
22997.90,1738045895
22999.65,1738045896
22998.65,1738045896
22999.25,1738045897
23001.05,1738045897
23002.05,1738045898
23002.55,1738045898
23002.80,1738045899
23003.35,1738045899
23003.60,1738045900
23003.90,1738045900
23003.75,1738045901
23005.95,1738045902
23005.40,1738045902
23004.40,1738045903
23004.60,1738045903
23004.45,1738045904
23005.10,1738045904
23005.95,1738045905
23005.85,1738045905
23005.30,1738045906
23005.50,1738045906
23006.00,1738045907
23005.90,1738045907
23005.30,1738045908
23005.90,1738045908
23005.60,1738045909
23004.85,1738045909
23005.25,1738045910
23005.90,1738045911
23004.85,1738045911
23006.55,1738045912
23007.15,1738045912
23008.45,1738045913
23007.55,1738045914
23008.20,1738045914
23007.40,1738045915
23007.05,1738045915
23006.25,1738045916
23006.15,1738045916
23006.10,1738045917
23004.15,1738045917
23005.70,1738045918
23005.30,1738045918
23005.80,1738045919
23005.40,1738045919
23004.40,1738045920
23004.65,1738045920
23003.70,1738045921
23003.35,1738045921
23003.75,1738045922
23003.50,1738045922
23004.55,1738045923
23004.45,1738045924
23005.75,1738045924
23006.00,1738045925
23008.85,1738045925
23008.75,1738045926
23008.95,1738045926
23009.15,1738045927
23009.60,1738045927
23011.35,1738045928
23011.10,1738045928
23009.90,1738045929
23010.05,1738045929
23010.70,1738045930
23010.40,1738045930
23010.95,1738045931
23012.30,1738045931
23011.25,1738045932
23011.60,1738045932
23011.35,1738045933
23011.30,1738045933
23011.80,1738045934
23011.95,1738045934
23012.10,1738045935
23011.95,1738045935
23012.40,1738045936
23012.55,1738045936
23012.95,1738045937
23012.40,1738045937
23011.80,1738045938
23011.65,1738045938
23011.90,1738045939
23011.95,1738045940
23011.20,1738045941
23009.75,1738045941
23009.80,1738045942
23009.35,1738045942
23009.65,1738045943
23009.75,1738045943
23008.55,1738045944
23008.25,1738045944
23008.55,1738045945
23009.10,1738045946
23009.35,1738045946
23009.30,1738045947
23008.15,1738045947
23009.65,1738045948
23008.55,1738045948
23009.65,1738045949
23009.40,1738045949
23010.10,1738045950
23010.05,1738045950
23010.25,1738045951
23010.85,1738045951
23012.50,1738045952
23012.70,1738045952
23012.75,1738045953
23013.30,1738045953
23013.45,1738045954
23013.25,1738045954
23013.50,1738045955
23013.45,1738045955
23014.05,1738045956
23013.80,1738045956
23014.80,1738045957
23014.10,1738045957
23014.65,1738045958
23015.40,1738045958
23015.55,1738045959
23014.75,1738045959
23014.60,1738045960
23015.45,1738045960
23015.50,1738045961
23014.70,1738045961
23015.20,1738045962
23015.30,1738045962
23015.05,1738045963
23014.95,1738045963
23015.00,1738045964
23014.90,1738045964
23014.10,1738045965
23014.70,1738045965
23014.25,1738045966
23014.45,1738045966
23014.35,1738045967
23014.15,1738045968
23014.05,1738045968
23014.35,1738045969
23014.55,1738045970
23014.40,1738045970
23013.60,1738045971
23013.80,1738045971
23013.50,1738045972
23014.80,1738045972
23014.90,1738045973
23014.80,1738045973
23014.70,1738045974
23015.00,1738045974
23015.15,1738045975
23014.85,1738045975
23014.60,1738045976
23013.95,1738045976
23014.50,1738045977
23013.80,1738045977
23015.00,1738045978
23014.90,1738045978
23015.65,1738045979
23014.75,1738045979
23014.80,1738045980
23015.40,1738045980
23016.30,1738045981
23015.55,1738045981
23015.85,1738045982
23016.00,1738045982
23016.30,1738045983
23016.20,1738045983
23016.55,1738045984
23017.05,1738045984
23016.60,1738045985
23016.15,1738045985
23013.80,1738045986
23015.40,1738045986
23014.35,1738045987
23015.45,1738045987
23016.20,1738045988
23015.65,1738045988
23017.25,1738045989
23016.45,1738045989
23016.65,1738045990
23016.35,1738045990
23015.55,1738045991
23016.50,1738045991
23016.55,1738045992
23016.70,1738045993
23016.35,1738045993
23016.30,1738045994
23016.75,1738045994
23017.75,1738045995
23017.80,1738045995
23018.20,1738045996
23019.70,1738045996
23019.55,1738045997
23019.75,1738045997
23020.00,1738045998
23020.45,1738045998
23021.60,1738045999
23022.20,1738045999
23021.95,1738046000
23022.35,1738046000
23022.45,1738046001
23022.90,1738046001
23022.95,1738046002
23023.15,1738046002
23023.95,1738046003
23023.85,1738046003
23023.90,1738046004
23024.05,1738046004
23023.30,1738046005
23022.95,1738046005
23023.65,1738046006
23023.50,1738046006
23022.85,1738046007
23022.45,1738046007
23023.50,1738046008
23022.60,1738046008
23023.10,1738046009
23023.40,1738046009
23023.10,1738046010
23023.80,1738046010
23024.40,1738046011
23023.95,1738046011
23024.50,1738046012
23024.60,1738046012
23024.65,1738046013
23025.35,1738046013
23024.25,1738046014
23024.45,1738046014
23025.25,1738046015
23025.75,1738046015
23024.45,1738046016
23025.05,1738046016
23024.95,1738046017
23026.00,1738046017
23025.95,1738046018
23026.20,1738046018
23026.90,1738046019
23026.15,1738046019
23026.60,1738046020
23026.80,1738046020
23027.05,1738046021
23027.25,1738046021
23027.15,1738046022
23027.70,1738046022
23027.15,1738046023
23027.55,1738046023
23026.30,1738046024
23026.75,1738046024
23026.40,1738046025
23025.60,1738046025
23026.25,1738046026
23026.95,1738046026
23027.15,1738046027
23026.85,1738046027
23026.65,1738046028
23025.75,1738046028
23026.25,1738046029
23026.00,1738046029
23026.95,1738046030
23026.30,1738046030
23026.50,1738046031
23026.15,1738046031
23026.90,1738046032
23025.55,1738046032
23026.15,1738046033
23026.60,1738046033
23026.65,1738046034
23025.25,1738046034
23026.35,1738046035
23027.40,1738046035
23027.15,1738046036
23027.95,1738046036
23028.95,1738046037
23029.60,1738046037
23031.15,1738046038
23029.65,1738046038
23031.65,1738046039
23031.00,1738046039
23030.35,1738046040
23031.80,1738046040
23031.75,1738046041
23031.95,1738046041
23031.45,1738046042
23032.15,1738046042
23032.10,1738046043
23032.20,1738046043
23032.00,1738046044
23031.45,1738046044
23030.60,1738046045
23031.10,1738046045
23030.25,1738046046
23030.30,1738046046
23031.15,1738046047
23031.30,1738046047
23030.65,1738046048
23030.05,1738046048
23028.95,1738046049
23028.75,1738046049
23028.80,1738046050
23029.50,1738046050
23030.60,1738046051
23031.05,1738046051
23031.20,1738046052
23031.10,1738046052
23030.70,1738046053
23030.50,1738046053
23031.50,1738046054
23030.85,1738046054
23031.35,1738046055
23030.75,1738046055
23030.45,1738046056
23030.50,1738046056
23031.15,1738046057
23030.70,1738046057
23030.45,1738046058
23029.50,1738046058
23029.05,1738046059
23028.90,1738046059
23028.65,1738046060
23028.55,1738046060
23028.70,1738046061
23027.60,1738046062
23028.00,1738046062
23027.65,1738046063
23027.90,1738046063
23028.25,1738046064
23027.15,1738046064
23027.75,1738046065
23027.95,1738046065
23027.60,1738046066
23026.90,1738046066
23028.10,1738046067
23027.10,1738046067
23027.25,1738046068
23028.35,1738046068
23027.65,1738046069
23027.25,1738046069
23026.70,1738046070
23026.95,1738046070
23027.60,1738046071
23026.75,1738046071
23026.95,1738046072
23027.50,1738046072
23027.60,1738046073
23027.65,1738046073
23026.90,1738046074
23027.60,1738046074
23028.10,1738046075
23026.50,1738046075
23026.95,1738046076
23026.25,1738046076
23026.45,1738046077
23026.85,1738046077
23027.10,1738046078
23027.20,1738046078
23026.85,1738046079
23026.90,1738046079
23026.70,1738046080
23027.90,1738046080
23027.35,1738046081
23028.00,1738046082
23028.25,1738046082
23027.75,1738046083
23027.65,1738046084
23027.70,1738046084
23027.45,1738046085
23027.85,1738046085
23028.05,1738046086
23028.75,1738046086
23028.30,1738046087
23028.15,1738046087
23028.20,1738046088
23027.70,1738046088
23028.20,1738046089
23027.35,1738046089
23028.50,1738046090
23029.95,1738046090
23030.15,1738046091
23030.00,1738046092
23030.15,1738046092
23030.55,1738046093
23030.45,1738046093
23030.95,1738046094
23030.60,1738046094
23030.85,1738046095
23030.35,1738046095
23030.60,1738046096
23030.95,1738046097
23031.35,1738046097
23031.45,1738046098
23031.70,1738046098
23031.60,1738046099
23031.90,1738046099
23031.60,1738046100
23031.20,1738046100
23030.55,1738046101
23030.60,1738046101
23032.20,1738046102
23031.80,1738046102
23031.45,1738046103
23031.40,1738046103
23030.65,1738046104
23031.55,1738046104
23032.30,1738046105
23031.05,1738046105
23031.60,1738046106
23032.25,1738046107
23031.75,1738046107
23031.40,1738046108
23031.45,1738046108
23030.85,1738046109
23030.95,1738046109
23031.85,1738046110
23031.55,1738046110
23032.00,1738046111
23031.05,1738046111
23032.10,1738046112
23032.30,1738046112
23032.95,1738046113
23033.40,1738046113
23033.75,1738046114
23034.90,1738046114
23035.30,1738046115
23035.55,1738046116
23035.20,1738046116
23035.60,1738046117
23035.75,1738046117
23035.05,1738046118
23035.15,1738046118
23034.35,1738046119
23035.30,1738046119
23034.40,1738046120
23033.95,1738046120
23033.85,1738046121
23033.80,1738046121
23033.95,1738046122
23034.15,1738046122
23034.10,1738046123
23034.00,1738046123
23033.50,1738046124
23033.70,1738046124
23034.20,1738046125
23034.70,1738046125
23035.10,1738046126
23033.95,1738046126
23034.35,1738046127
23034.05,1738046127
23034.25,1738046128
23033.85,1738046128
23034.50,1738046129
23033.65,1738046129
23033.60,1738046130
23034.20,1738046130
23034.15,1738046131
23034.45,1738046131
23033.10,1738046132
23032.80,1738046132
23033.20,1738046133
23033.25,1738046133
23033.70,1738046134
23032.65,1738046134
23033.50,1738046135
23033.35,1738046135
23032.90,1738046136
23033.05,1738046136
23032.90,1738046137
23032.60,1738046137
23033.95,1738046138
23034.70,1738046138
23033.80,1738046139
23034.25,1738046139
23034.55,1738046140
23035.00,1738046140
23036.75,1738046141
23036.40,1738046141
23035.65,1738046142
23037.60,1738046142
23039.05,1738046143
23039.85,1738046143
23040.35,1738046144
23039.65,1738046144
23039.30,1738046145
23038.50,1738046145
23038.90,1738046146
23038.80,1738046146
23038.65,1738046147
23038.95,1738046147
23038.65,1738046148
23038.50,1738046148
23038.30,1738046149
23037.75,1738046149
23038.35,1738046150
23038.80,1738046150
23038.85,1738046151
23038.90,1738046151
23038.25,1738046152
23038.30,1738046152
23038.95,1738046153
23039.00,1738046153
23037.80,1738046154
23038.55,1738046154
23038.30,1738046155
23039.50,1738046155
23040.65,1738046156
23039.45,1738046156
23039.50,1738046157
23038.35,1738046157
23039.30,1738046158
23039.15,1738046158
23039.65,1738046159
23038.60,1738046159
23037.55,1738046160
23038.05,1738046160
23037.65,1738046161
23036.35,1738046161
23037.00,1738046162
23036.80,1738046162
23036.70,1738046163
23036.10,1738046163
23035.35,1738046164
23034.55,1738046164
23035.65,1738046165
23034.75,1738046165
23034.00,1738046166
23034.20,1738046166
23034.80,1738046167
23034.00,1738046167
23033.85,1738046168
23033.60,1738046168
23034.45,1738046169
23034.15,1738046169
23033.20,1738046170
23033.15,1738046170
23033.00,1738046171
23032.95,1738046171
23033.70,1738046172
23033.35,1738046172
23034.20,1738046173
23033.95,1738046173
23034.95,1738046174
23034.25,1738046174
23033.35,1738046175
23033.60,1738046175
23034.40,1738046176
23034.50,1738046176
23034.10,1738046177
23034.95,1738046177
23032.90,1738046178
23032.65,1738046178
23032.70,1738046179
23031.70,1738046179
23032.45,1738046180
23032.25,1738046180
23031.50,1738046181
23031.60,1738046181
23030.80,1738046182
23030.60,1738046182
23031.40,1738046183
23031.10,1738046183
23030.20,1738046184
23030.65,1738046184
23030.60,1738046185
23030.85,1738046185
23030.90,1738046186
23031.05,1738046186
23030.55,1738046187
23031.20,1738046187
23030.35,1738046188
23029.85,1738046188
23029.40,1738046189
23028.75,1738046189
23027.90,1738046190
23028.65,1738046190
23027.85,1738046191
23027.80,1738046191
23029.05,1738046192
23028.60,1738046192
23028.35,1738046193
23028.90,1738046193
23028.05,1738046194
23027.50,1738046194
23028.55,1738046195
23028.10,1738046195
23027.55,1738046196
23027.50,1738046196
23028.30,1738046197
23027.40,1738046197
23027.50,1738046198
23027.70,1738046198
23028.15,1738046199
23029.85,1738046199
23029.35,1738046200
23029.65,1738046200
23029.75,1738046201
23030.10,1738046201
23031.15,1738046202
23030.80,1738046202
23030.30,1738046203
23029.80,1738046203
23030.30,1738046204
23029.05,1738046204
23029.20,1738046205
23029.55,1738046205
23028.95,1738046206
23029.30,1738046206
23029.85,1738046207
23030.10,1738046207
23029.65,1738046208
23029.00,1738046208
23028.40,1738046209
23029.45,1738046209
23029.15,1738046210
23028.60,1738046210
23029.20,1738046211
23028.75,1738046211
23028.85,1738046212
23029.00,1738046212
23028.45,1738046213
23029.05,1738046213
23028.35,1738046214
23028.45,1738046215
23029.30,1738046215
23028.95,1738046216
23029.05,1738046216
23027.50,1738046217
23027.40,1738046217
23028.30,1738046218
23028.45,1738046218
23028.05,1738046219
23028.80,1738046219
23028.05,1738046220
23026.80,1738046220
23027.75,1738046221
23026.95,1738046221
23027.80,1738046222
23027.70,1738046222
23027.65,1738046223
23026.95,1738046223
23027.00,1738046224
23026.20,1738046224
23025.65,1738046225
23025.90,1738046225
23026.50,1738046226
23026.80,1738046226
23027.45,1738046227
23025.90,1738046227
23025.80,1738046228
23026.30,1738046228
23025.50,1738046229
23026.00,1738046229
23025.55,1738046230
23027.30,1738046230
23027.55,1738046231
23027.20,1738046231
23026.65,1738046232
23026.75,1738046232
23028.15,1738046233
23027.45,1738046233
23026.80,1738046234
23027.60,1738046235
23026.70,1738046236
23027.35,1738046236
23027.40,1738046237
23027.35,1738046237
23027.70,1738046238
23027.80,1738046238
23027.10,1738046239
23027.85,1738046239
23028.65,1738046240
23028.40,1738046241
23029.10,1738046241
23029.35,1738046242
23029.30,1738046242
23029.15,1738046243
23028.65,1738046243
23028.20,1738046244
23029.45,1738046244
23028.95,1738046245
23028.60,1738046245
23028.95,1738046246
23028.55,1738046246
23028.35,1738046247
23027.85,1738046247
23028.45,1738046248
23028.15,1738046248
23029.00,1738046249
23029.20,1738046249
23028.10,1738046250
23027.75,1738046250
23027.70,1738046251
23026.45,1738046251
23026.65,1738046252
23026.50,1738046252
23026.45,1738046253
23026.85,1738046253
23026.65,1738046254
23026.90,1738046254
23027.25,1738046255
23026.65,1738046255
23026.10,1738046256
23025.55,1738046256
23026.10,1738046257
23026.40,1738046257
23026.80,1738046258
23027.40,1738046258
23026.55,1738046259
23025.10,1738046259
23026.20,1738046260
23025.90,1738046260
23027.80,1738046261
23028.10,1738046261
23028.35,1738046262
23028.30,1738046262
23028.05,1738046263
23027.50,1738046263
23028.85,1738046264
23027.95,1738046264
23028.85,1738046265
23028.10,1738046265
23028.55,1738046266
23028.30,1738046266
23028.55,1738046267
23030.00,1738046267
23029.40,1738046268
23030.45,1738046268
23029.70,1738046269
23030.25,1738046269
23030.00,1738046270
23030.30,1738046270
23030.85,1738046271
23030.75,1738046272
23030.40,1738046272
23030.55,1738046273
23030.60,1738046273
23029.65,1738046274
23028.95,1738046274
23028.35,1738046275
23028.70,1738046276
23029.90,1738046276
23030.00,1738046277
23029.10,1738046278
23029.45,1738046278
23029.10,1738046279
23029.80,1738046279
23029.55,1738046280
23029.40,1738046280
23030.00,1738046281
23029.45,1738046281
23029.95,1738046282
23029.60,1738046282
23029.85,1738046283
23029.35,1738046283
23029.80,1738046284
23029.35,1738046284
23029.45,1738046285
23029.05,1738046285
23029.25,1738046286
23029.45,1738046286
23029.75,1738046287
23030.10,1738046288
23028.90,1738046288
23029.90,1738046289
23030.35,1738046289
23029.35,1738046290
23029.15,1738046290
23029.50,1738046291
23026.40,1738046291
23028.20,1738046292
23027.10,1738046292
23027.30,1738046293
23026.65,1738046293
23027.20,1738046294
23027.40,1738046294
23027.50,1738046295
23028.60,1738046295
23027.90,1738046296
23028.45,1738046296
23028.50,1738046297
23028.65,1738046297
23027.45,1738046298
23027.60,1738046298
23028.20,1738046299
23027.60,1738046299
23027.55,1738046300
23028.65,1738046300
23027.55,1738046301
23028.40,1738046301
23028.65,1738046302
23030.50,1738046302
23028.20,1738046303
23028.45,1738046303
23028.90,1738046304
23028.80,1738046304
23029.75,1738046305
23029.55,1738046305
23029.95,1738046306
23029.10,1738046306
23030.10,1738046307
23029.20,1738046307
23028.95,1738046308
23029.25,1738046308
23029.50,1738046309
23029.35,1738046309
23029.30,1738046310
23029.35,1738046310
23028.70,1738046311
23029.25,1738046311
23028.90,1738046312
23029.05,1738046312
23028.60,1738046313
23028.85,1738046313
23028.20,1738046314
23027.85,1738046314
23027.45,1738046315
23027.35,1738046315
23026.65,1738046316
23027.65,1738046317
23027.35,1738046317
23027.75,1738046318
23027.05,1738046318
23026.75,1738046319
23026.70,1738046320
23027.40,1738046320
23027.45,1738046321
23027.55,1738046321
23027.30,1738046322
23026.70,1738046322
23025.85,1738046323
23026.85,1738046323
23026.70,1738046324
23027.10,1738046324
23027.00,1738046325
23026.15,1738046325
23027.50,1738046326
23026.65,1738046326
23027.75,1738046327
23027.80,1738046327
23028.15,1738046328
23027.55,1738046328
23028.30,1738046329
23027.30,1738046329
23026.90,1738046330
23026.40,1738046330
23026.75,1738046331
23027.20,1738046331
23026.80,1738046332
23027.05,1738046332
23026.50,1738046333
23025.65,1738046333
23025.10,1738046334
23025.40,1738046334
23025.85,1738046335
23025.05,1738046335
23025.15,1738046336
23025.90,1738046336
23024.75,1738046337
23023.25,1738046337
23024.30,1738046338
23024.00,1738046338
23025.10,1738046339
23024.40,1738046339
23024.75,1738046340
23025.05,1738046340
23024.10,1738046341
23025.15,1738046342
23024.30,1738046342
23024.50,1738046343
23025.10,1738046343
23024.80,1738046344
23025.55,1738046344
23025.65,1738046345
23024.70,1738046345
23025.35,1738046346
23024.55,1738046346
23024.90,1738046347
23024.00,1738046347
23025.25,1738046348
23024.85,1738046348
23024.90,1738046349
23025.30,1738046349
23025.45,1738046350
23026.05,1738046350
23026.40,1738046351
23026.45,1738046351
23026.30,1738046352
23026.00,1738046352
23026.70,1738046353
23027.20,1738046353
23027.30,1738046354
23028.00,1738046354
23028.15,1738046355
23027.15,1738046355
23027.85,1738046356
23027.65,1738046356
23028.60,1738046357
23027.80,1738046357
23027.85,1738046358
23027.20,1738046358
23027.45,1738046359
23027.50,1738046359
23026.60,1738046360
23025.85,1738046360
23026.30,1738046361
23025.75,1738046361
23025.35,1738046362
23023.85,1738046363
23024.80,1738046363
23024.15,1738046364
23024.50,1738046364
23024.85,1738046365
23024.70,1738046366
23023.50,1738046366
23024.20,1738046367
23023.70,1738046367
23024.50,1738046368
23022.65,1738046368
23023.40,1738046369
23021.75,1738046369
23022.65,1738046370
23021.05,1738046370
23022.55,1738046371
23022.15,1738046372
23021.80,1738046372
23022.70,1738046373
23021.80,1738046373
23020.95,1738046374
23021.50,1738046374
23022.25,1738046375
23021.95,1738046376
23021.80,1738046376
23021.40,1738046377
23021.70,1738046377
23021.75,1738046378
23022.70,1738046378
23024.50,1738046379
23023.25,1738046379
23023.30,1738046380
23023.75,1738046380
23024.70,1738046381
23023.85,1738046381
23023.25,1738046382
23023.60,1738046382
23023.70,1738046383
23023.60,1738046383
23022.65,1738046384
23023.05,1738046385
23023.30,1738046386
23022.05,1738046386
23023.05,1738046387
23022.85,1738046387
23022.65,1738046388
23023.30,1738046388
23023.15,1738046389
23022.30,1738046390
23022.20,1738046390
23022.80,1738046391
23022.65,1738046391
23022.75,1738046392
23019.95,1738046392
23021.15,1738046393
23019.90,1738046393
23021.30,1738046394
23021.95,1738046394
23021.75,1738046395
23022.60,1738046395
23022.00,1738046396
23021.95,1738046396
23021.35,1738046397
23020.55,1738046397
23020.60,1738046398
23021.00,1738046398
23022.05,1738046399
23020.95,1738046399
23020.45,1738046400
23020.85,1738046401
23020.25,1738046401
23020.15,1738046402
23020.25,1738046402
23021.25,1738046403
23021.50,1738046403
23022.40,1738046404
23022.00,1738046404
23021.40,1738046405
23021.30,1738046405
23020.75,1738046406
23021.05,1738046406
23022.10,1738046407
23021.95,1738046407
23021.25,1738046408
23020.90,1738046408
23021.35,1738046409
23020.35,1738046409
23021.65,1738046410
23022.00,1738046410
23021.85,1738046411
23021.65,1738046411
23022.90,1738046412
23024.20,1738046412
23024.45,1738046413
23023.55,1738046413
23023.40,1738046414
23022.50,1738046414
23023.40,1738046415
23022.40,1738046415
23022.35,1738046416
23022.20,1738046416
23023.00,1738046417
23022.05,1738046417
23023.45,1738046418
23022.05,1738046418
23023.00,1738046419
23022.25,1738046419
23022.55,1738046420
23022.25,1738046420
23023.50,1738046421
23022.40,1738046421
23021.25,1738046422
23021.20,1738046422
23022.20,1738046423
23022.05,1738046423
23021.90,1738046424
23021.30,1738046424
23021.40,1738046425
23021.90,1738046425
23022.60,1738046426
23022.20,1738046426
23021.20,1738046427
23020.75,1738046427
23021.10,1738046428
23021.95,1738046428
23021.60,1738046429
23021.25,1738046429
23021.65,1738046430
23021.20,1738046430
23021.60,1738046431
23022.30,1738046431
23021.60,1738046432
23021.70,1738046432
23021.95,1738046433
23021.60,1738046433
23022.25,1738046434
23023.20,1738046434
23021.85,1738046435
23022.75,1738046435
23023.20,1738046436
23022.95,1738046436
23022.70,1738046437
23024.60,1738046437
23023.35,1738046438
23023.30,1738046438
23023.40,1738046439
23022.95,1738046439
23023.10,1738046440
23023.55,1738046440
23023.20,1738046441
23023.90,1738046441
23024.00,1738046442
23024.20,1738046443
23023.80,1738046443
23024.30,1738046444
23024.05,1738046444
23024.15,1738046445
23026.20,1738046445
23025.40,1738046446
23023.70,1738046446
23024.90,1738046447
23024.80,1738046447
23024.50,1738046448
23024.20,1738046448
23024.35,1738046449
23024.20,1738046450
23024.10,1738046451
23022.80,1738046451
23022.70,1738046452
23023.00,1738046453
23023.80,1738046454
23022.55,1738046454
23023.50,1738046455
23022.55,1738046455
23023.50,1738046456
23022.00,1738046456
23023.00,1738046457
23021.95,1738046457
23024.00,1738046458
23024.90,1738046458
23025.55,1738046459
23024.80,1738046459
23024.55,1738046460
23024.05,1738046460
23025.00,1738046461
23024.70,1738046461
23024.45,1738046462
23024.55,1738046462
23025.00,1738046463
23024.80,1738046463
23024.55,1738046464
23024.35,1738046464
23024.95,1738046465
23024.90,1738046465
23024.15,1738046466
23022.65,1738046466
23024.20,1738046467
23023.85,1738046467
23024.80,1738046468
23023.75,1738046468
23023.70,1738046469
23023.85,1738046469
23023.90,1738046470
23024.30,1738046470
23024.65,1738046471
23023.55,1738046471
23023.80,1738046472
23023.95,1738046472
23024.20,1738046473
23024.05,1738046473
23023.45,1738046474
23022.90,1738046474
23022.65,1738046475
23022.60,1738046475
23022.70,1738046476
23022.50,1738046476
23022.80,1738046477
23022.40,1738046477
23022.25,1738046478
23022.90,1738046478
23022.30,1738046479
23022.10,1738046479
23022.85,1738046480
23022.35,1738046480
23024.00,1738046481
23024.15,1738046481
23024.55,1738046482
23024.00,1738046482
23024.50,1738046483
23024.80,1738046484
23025.20,1738046484
23025.75,1738046485
23025.10,1738046485
23026.15,1738046486
23027.15,1738046486
23027.80,1738046487
23025.95,1738046487
23026.05,1738046488
23025.40,1738046488
23025.55,1738046489
23025.30,1738046489
23025.50,1738046490
23024.80,1738046490
23025.85,1738046491
23025.40,1738046491
23025.60,1738046492
23025.45,1738046492
23025.70,1738046493
23025.85,1738046493
23024.85,1738046494
23024.55,1738046494
23026.00,1738046495
23026.45,1738046495
23025.65,1738046496
23024.05,1738046496
23025.00,1738046497
23023.60,1738046498
23024.20,1738046498
23023.60,1738046499
23022.90,1738046499
23022.45,1738046500
23023.65,1738046500
23024.75,1738046501
23024.90,1738046501
23024.80,1738046502
23024.85,1738046502
23024.75,1738046503
23024.20,1738046503
23025.25,1738046504
23023.95,1738046504
23023.65,1738046505
23023.90,1738046505
23024.00,1738046506
23024.30,1738046506
23024.80,1738046507
23025.75,1738046507
23025.40,1738046508
23024.55,1738046508
23025.70,1738046509
23025.85,1738046509
23024.25,1738046510
23024.45,1738046510
23024.50,1738046511
23025.05,1738046511
23024.85,1738046512
23025.05,1738046512
23024.40,1738046513
23024.65,1738046513
23024.50,1738046514
23024.70,1738046514
23025.25,1738046515
23024.15,1738046515
23024.20,1738046516
23024.35,1738046516
23025.10,1738046517
23025.00,1738046517
23025.35,1738046518
23024.55,1738046518
23025.25,1738046519
23024.40,1738046519
23024.45,1738046520
23024.50,1738046520
23024.25,1738046521
23024.30,1738046521
23023.90,1738046522
23024.85,1738046522
23024.40,1738046523
23024.90,1738046523
23024.85,1738046524
23025.15,1738046525
23024.60,1738046525
23024.90,1738046526
23024.25,1738046526
23025.40,1738046527
23024.95,1738046527
23025.55,1738046528
23025.10,1738046529
23025.25,1738046529
23025.60,1738046530
23025.75,1738046530
23026.45,1738046531
23026.70,1738046531
23026.30,1738046532
23027.70,1738046532
23027.85,1738046533
23028.00,1738046533
23028.20,1738046534
23027.30,1738046534
23027.45,1738046535
23028.10,1738046535
23028.35,1738046536
23028.10,1738046536
23028.30,1738046537
23027.70,1738046537
23027.80,1738046538
23028.35,1738046538
23028.95,1738046539
23028.65,1738046539
23028.70,1738046540
23029.00,1738046540
23028.90,1738046541
23028.65,1738046541
23028.75,1738046542
23029.25,1738046543
23028.55,1738046543
23028.90,1738046544
23029.00,1738046544
23029.65,1738046545
23029.45,1738046545
23030.00,1738046546
23029.95,1738046546
23030.40,1738046547
23027.85,1738046547
23028.75,1738046548
23029.45,1738046548
23028.20,1738046549
23028.30,1738046550
23028.10,1738046551
23028.15,1738046551
23028.05,1738046552
23028.45,1738046552
23028.55,1738046553
23027.60,1738046553
23028.40,1738046554
23027.55,1738046554
23028.85,1738046555
23028.90,1738046555
23029.05,1738046556
23030.15,1738046556
23030.35,1738046557
23030.00,1738046557
23030.60,1738046558
23030.90,1738046558
23030.55,1738046559
23030.90,1738046559
23031.05,1738046560
23031.35,1738046560
23030.80,1738046561
23030.90,1738046562
23031.55,1738046562
23030.25,1738046563
23031.35,1738046563
23031.15,1738046564
23030.85,1738046564
23031.00,1738046565
23031.15,1738046565
23030.25,1738046566
23030.30,1738046566
23030.60,1738046567
23030.95,1738046567
23030.50,1738046568
23028.20,1738046568
23029.80,1738046569
23028.80,1738046569
23029.10,1738046570
23028.15,1738046570
23029.60,1738046571
23027.85,1738046571
23028.70,1738046572
23029.35,1738046572
23028.85,1738046573
23029.70,1738046574
23029.50,1738046574
23030.35,1738046575
23030.40,1738046575
23030.75,1738046576
23030.00,1738046577
23030.55,1738046577
23030.35,1738046578
23031.05,1738046578
23031.35,1738046579
23031.10,1738046579
23031.45,1738046581
23031.75,1738046581
23031.30,1738046582
23031.35,1738046582
23031.85,1738046583
23032.05,1738046583
23030.25,1738046584
23030.40,1738046584
23031.30,1738046585
23030.70,1738046585
23030.75,1738046586
23030.80,1738046586
23030.60,1738046587
23030.00,1738046587
23031.65,1738046588
23031.60,1738046588
23031.05,1738046589
23031.10,1738046589
23031.60,1738046590
23031.85,1738046590
23032.00,1738046591
23031.55,1738046591
23031.35,1738046592
23036.05,1738046800
23036.45,1738046800
23036.85,1738046801
23036.70,1738046801
23037.65,1738046802
23037.40,1738046802
23036.25,1738046803
23036.55,1738046803
23036.35,1738046804
23036.40,1738046804
23036.85,1738046805
23037.35,1738046805
23036.80,1738046806
23036.55,1738046806
23038.25,1738046807
23038.10,1738046807
23035.50,1738046833
23035.35,1738046834
23035.90,1738046834
23036.05,1738046835
23035.40,1738046835
23036.35,1738046836
23035.70,1738046836
23035.75,1738046837
23035.25,1738046837
23034.15,1738046838
23035.25,1738046838
23035.55,1738046839
23036.45,1738046839
23036.10,1738046840
23036.40,1738046840
23036.10,1738046841
23036.55,1738046841
23036.00,1738046842
23036.10,1738046842
23037.95,1738046843
23038.05,1738046843
23038.40,1738046844
23038.05,1738046844
23037.65,1738046845
23037.40,1738046845
23037.85,1738046846
23038.25,1738046846
23039.15,1738046847
23038.05,1738046847
23038.20,1738046848
23037.85,1738046848
23038.65,1738046849
23037.70,1738046849
23037.60,1738046850
23037.00,1738046850
23036.90,1738046851
23037.25,1738046851
23037.75,1738046852
23037.90,1738046852
23038.30,1738046853
23038.40,1738046853
23038.30,1738046854
23038.40,1738046854
23037.40,1738046855
23037.70,1738046856
23037.40,1738046856
23037.50,1738046857
23039.00,1738046857
23037.55,1738046858
23045.05,1738047059
23042.75,1738047060
23042.40,1738047060
23042.60,1738047061
23042.05,1738047061
23042.55,1738047062
23043.35,1738047062
23042.60,1738047063
23043.30,1738047063
23009.35,1738047613
23009.60,1738047613
23009.45,1738047614
23008.85,1738047614
23009.50,1738047615
23006.95,1738047615
23008.95,1738047616
23008.30,1738047616
23008.35,1738047617
23007.90,1738047617
23007.95,1738047618
23008.00,1738047618
23008.95,1738047619
23008.65,1738047619
23007.70,1738047620
23009.10,1738047620
23007.85,1738047621
23008.60,1738047621
23009.10,1738047622
23008.25,1738047622
23009.50,1738047623
23008.65,1738047624
23008.75,1738047624
23008.90,1738047625
23006.90,1738047625
23007.85,1738047626
23007.70,1738047626
23006.80,1738047627
23007.80,1738047627
23011.20,1738047628
23008.85,1738047628
23009.30,1738047629
23008.90,1738047629
23008.10,1738047630
23009.00,1738047630
23008.85,1738047631
23008.55,1738047631
23008.95,1738047632
23009.20,1738047632
23010.05,1738047633
23008.50,1738047633
23009.15,1738047634
23008.60,1738047634
23008.70,1738047635
23006.65,1738047635
23006.70,1738047636
23006.55,1738047636
23007.15,1738047637
23006.60,1738047637
23006.90,1738047638
23007.25,1738047638
23007.40,1738047639
23007.10,1738047639
23007.20,1738047640
23006.45,1738047640
23008.35,1738047641
23007.35,1738047641
23007.75,1738047642
23006.90,1738047642
23007.25,1738047643
23007.70,1738047643
23007.10,1738047644
23006.10,1738047644
23006.85,1738047645
23005.25,1738047645
23007.25,1738047646
23007.10,1738047646
23007.60,1738047647
23006.45,1738047647
23007.10,1738047648
23007.20,1738047648
23007.70,1738047649
23006.05,1738047649
23006.60,1738047650
23007.45,1738047650
23006.75,1738047651
23007.60,1738047651
23007.40,1738047652
23007.30,1738047652
23007.25,1738047653
23007.45,1738047653
23007.30,1738047654
23006.60,1738047654
23006.65,1738047655
23004.15,1738047655
23004.95,1738047656
23004.60,1738047656
23005.05,1738047657
23005.00,1738047657
23005.60,1738047658
23003.85,1738047658
23003.75,1738047659
23003.85,1738047659
23002.90,1738047660
23003.10,1738047660
23003.20,1738047661
23003.55,1738047661
23001.65,1738047662
23002.55,1738047662
23000.80,1738047663
23002.25,1738047663
23002.45,1738047664
23001.65,1738047664
23001.50,1738047665
23001.80,1738047665
23001.85,1738047666
23001.90,1738047666
23002.95,1738047667
23001.35,1738047667
23003.30,1738047668
23000.95,1738047668
23002.30,1738047669
23002.70,1738047669
23002.15,1738047670
23001.50,1738047670
23002.30,1738047671
23002.20,1738047671
23000.90,1738047672
23003.10,1738047672
23003.35,1738047673
23002.55,1738047673
23001.15,1738047674
23002.60,1738047674
23001.90,1738047675
22999.10,1738047675
23001.85,1738047676
22999.80,1738047676
23002.35,1738047677
23002.65,1738047677
23002.60,1738047678
23002.15,1738047678
23001.75,1738047679
23001.45,1738047679
23002.20,1738047680
23002.30,1738047680
23000.85,1738047681
23002.90,1738047681
23002.70,1738047682
23001.35,1738047682
23002.40,1738047683
23004.25,1738047683
23003.25,1738047684
23002.55,1738047684
23003.60,1738047685
23000.95,1738047685
23004.40,1738047686
23003.05,1738047686
23003.80,1738047687
23003.20,1738047687
23004.90,1738047688
23002.70,1738047688
23003.50,1738047689
23004.15,1738047689
23033.50,1738051005
23032.80,1738051005
23034.95,1738051006
23035.30,1738051006
23037.40,1738051007
23035.55,1738051007
23035.45,1738051008
23035.55,1738051008
23034.60,1738051009
23034.40,1738051009
23034.75,1738051010
23033.40,1738051010
23034.00,1738051011
23034.80,1738051011
23035.00,1738051012
23035.85,1738051012
23034.55,1738051013
23035.15,1738051013
23035.25,1738051014
23033.80,1738051014
23034.35,1738051015
23030.20,1738051015
23030.90,1738051016
23030.75,1738051016
23031.50,1738051017
23030.10,1738051017
23030.25,1738051018
23030.45,1738051019
23030.70,1738051019
23030.95,1738051020
23031.25,1738051020
23031.20,1738051021
23030.80,1738051021
23032.90,1738051022
23030.75,1738051022
23032.35,1738051023
23034.55,1738051023
23034.40,1738051024
23033.70,1738051024
23034.30,1738051025
23033.10,1738051025
23034.10,1738051026
23034.65,1738051026
23034.85,1738051027
23034.95,1738051027
23035.45,1738051028
23035.15,1738051029
23034.70,1738051029
23035.00,1738051030
23034.90,1738051030
23034.75,1738051031
23034.35,1738051031
23034.15,1738051032
23035.85,1738051032
23036.55,1738051033
23035.85,1738051033
23036.00,1738051034
23034.70,1738051034
23034.45,1738051035
23032.80,1738051035
23033.35,1738051036
23033.65,1738051036
23033.30,1738051037
23032.45,1738051037
23033.40,1738051038
23033.70,1738051038
23033.30,1738051039
23033.70,1738051039
23033.05,1738051040
23032.25,1738051040
23032.45,1738051041
23032.10,1738051041
23032.45,1738051042
23033.15,1738051042
23032.00,1738051043
23032.85,1738051043
23033.55,1738051044
23032.10,1738051044
23031.80,1738051045
23030.25,1738051045
23030.50,1738051046
23032.60,1738051046
23032.95,1738051047
23032.25,1738051047
23033.10,1738051048
23032.70,1738051048
23032.20,1738051049
23031.15,1738051049
23031.70,1738051050
23032.40,1738051050
23035.30,1738051051
23035.55,1738051051
23035.85,1738051052
23034.55,1738051052
23034.25,1738051053
23035.65,1738051053
23036.40,1738051054
23034.75,1738051054
23034.15,1738051055
23031.65,1738051055
23032.50,1738051056
23032.75,1738051056
23032.95,1738051057
23032.15,1738051057
23032.20,1738051058
23033.50,1738051058
23033.15,1738051059
23032.35,1738051059
23032.40,1738051060
23032.05,1738051060
23032.35,1738051061
23033.40,1738051061
23034.40,1738051062
23033.30,1738051062
23033.80,1738051063
23034.80,1738051063
23035.25,1738051064
23034.05,1738051064
23033.35,1738051065
23030.95,1738051065
23032.65,1738051066
23032.10,1738051066
23032.75,1738051067
23032.70,1738051067
23033.85,1738051068
23034.30,1738051068
23033.75,1738051069
23033.20,1738051069
23033.60,1738051070
23033.85,1738051070
23034.85,1738051071
23034.00,1738051071
23034.10,1738051072
23035.15,1738051072
23034.50,1738051073
23035.00,1738051073
23035.35,1738051074
23034.55,1738051074
23034.05,1738051075
23032.30,1738051075
23034.30,1738051076
23034.15,1738051076
23034.55,1738051077
23034.40,1738051077
23034.30,1738051078
23034.50,1738051078
23034.40,1738051079
23033.45,1738051079
23033.65,1738051080
23033.45,1738051080
23034.05,1738051081
23033.95,1738051081
23034.30,1738051082
23035.50,1738051082
23035.20,1738051083
23036.40,1738051083
23035.65,1738051084
23035.80,1738051084
23035.20,1738051085
23031.85,1738051085
23033.00,1738051086
23033.05,1738051086
23032.80,1738051087
23032.15,1738051087
23032.55,1738051088
23032.95,1738051088
23032.40,1738051089
23032.90,1738051089
23033.40,1738051090
23032.50,1738051090
23031.60,1738051091
23032.45,1738051091
23031.65,1738051092
23034.20,1738051092
23033.50,1738051093
23033.10,1738051093
23033.90,1738051094
23032.60,1738051094
23032.80,1738051095
23030.60,1738051095
23032.20,1738051096
23032.50,1738051096
23032.30,1738051097
23032.90,1738051098
23032.45,1738051098
23032.90,1738051099
23032.45,1738051099
23032.70,1738051100
23032.80,1738051100
23033.15,1738051101
23033.60,1738051101
23033.30,1738051102
23035.30,1738051102
23033.80,1738051103
23034.20,1738051103
23034.90,1738051104
23033.40,1738051104
23032.95,1738051105
23031.25,1738051105
23033.15,1738051106
23032.55,1738051106
23033.55,1738051107
23033.05,1738051107
23033.85,1738051108
23034.60,1738051108
23034.35,1738051109
23032.80,1738051109
23033.05,1738051110
23033.35,1738051110
23033.00,1738051111
23033.55,1738051111
23033.75,1738051112
23036.00,1738051112
23034.75,1738051113
23035.80,1738051113
23036.55,1738051114
23035.25,1738051114
23035.55,1738051115
23032.80,1738051115
23033.95,1738051116
23033.45,1738051116
23035.00,1738051117
23034.45,1738051117
23035.25,1738051118
23033.95,1738051118
23034.15,1738051119
23033.60,1738051119
23034.45,1738051120
23035.35,1738051120
23036.20,1738051121
23034.80,1738051121
23034.50,1738051122
23035.70,1738051122
23037.15,1738051123
23036.00,1738051123
23036.15,1738051124
23035.95,1738051124
23036.95,1738051125
23032.70,1738051125
23034.70,1738051126
23034.40,1738051126
23034.45,1738051127
23035.05,1738051127
23036.85,1738051128
23036.50,1738051128
23037.00,1738051129
23035.45,1738051129
23036.95,1738051130
23036.05,1738051130
23035.60,1738051131
23036.25,1738051131
23037.45,1738051132
23037.35,1738051132
23036.55,1738051133
23036.10,1738051133
23038.10,1738051134
23036.85,1738051134
23036.60,1738051135
23033.55,1738051135
23035.45,1738051136
23035.95,1738051136
23037.85,1738051137
23037.20,1738051137
23038.30,1738051138
23038.10,1738051138
23037.25,1738051139
23036.15,1738051139
23036.40,1738051140
23036.35,1738051140
23034.55,1738051141
23035.25,1738051141
23035.75,1738051142
23034.35,1738051142
23034.75,1738051143
23035.95,1738051143
23037.10,1738051144
23035.05,1738051144
23035.75,1738051145
23032.60,1738051145
23033.50,1738051146
23033.70,1738051146
23034.40,1738051147
23034.55,1738051147
23035.75,1738051148
23034.15,1738051148
23034.85,1738051149
23033.85,1738051149
23034.65,1738051150
23034.40,1738051150
23035.85,1738051151
23035.50,1738051151
23035.45,1738051152
23037.00,1738051152
23037.40,1738051153
23037.85,1738051153
23037.60,1738051154
23037.75,1738051154
23034.05,1738051155
23036.40,1738051156
23037.30,1738051156
23037.45,1738051157
23035.95,1738051157
23035.75,1738051158
23036.15,1738051158
23035.95,1738051159
23036.70,1738051159
23036.25,1738051160
23035.05,1738051160
23034.90,1738051161
23035.75,1738051161
23035.15,1738051162
23037.80,1738051162
23035.90,1738051163
23035.65,1738051163
23037.50,1738051164
23036.25,1738051164
23035.55,1738051165
23031.65,1738051165
23033.10,1738051166
23034.25,1738051166
23034.00,1738051167
23033.85,1738051167
23035.80,1738051168
23034.85,1738051168
23034.45,1738051169
23036.85,1738051169
23035.20,1738051170
23035.40,1738051170
23034.40,1738051171
23035.10,1738051171
23036.85,1738051172
23035.65,1738051172
23037.25,1738051173
23037.70,1738051173
23037.60,1738051174
23036.25,1738051174
23032.70,1738051175
23032.80,1738051176
23033.30,1738051176
23032.40,1738051177
23032.00,1738051177
23032.25,1738051178
23033.30,1738051178
23033.75,1738051179
23032.95,1738051179
23033.75,1738051180
23033.70,1738051180
23033.65,1738051181
23033.10,1738051181
23033.50,1738051182
23033.90,1738051182
23033.25,1738051183
23034.05,1738051183
23035.15,1738051184
23033.50,1738051184
23034.10,1738051185
23031.10,1738051185
23033.25,1738051186
23033.55,1738051186
23034.00,1738051187
23032.45,1738051187
23031.65,1738051188
23031.95,1738051188
23032.15,1738051189
23032.35,1738051189
23031.05,1738051190
23031.95,1738051190
23031.80,1738051191
23032.20,1738051191
23032.80,1738051192
23032.55,1738051193
23031.90,1738051193
23033.40,1738051194
23031.60,1738051194
23031.25,1738051195
23028.20,1738051195
23029.20,1738051196
23027.50,1738051196
23028.05,1738051197
23027.90,1738051197
23028.50,1738051198
23028.05,1738051198
23027.00,1738051199
23026.15,1738051199
23026.65,1738051200
23026.30,1738051200
23026.90,1738051201
23025.65,1738051201
23025.40,1738051202
23024.50,1738051202
23026.05,1738051203
23026.70,1738051203
23026.80,1738051204
23023.80,1738051204
23023.60,1738051205
23021.75,1738051205
23023.05,1738051206
23024.25,1738051206
23023.40,1738051207
23022.90,1738051207
23023.95,1738051208
23024.90,1738051208
23024.55,1738051209
23023.80,1738051209
23023.75,1738051210
23024.30,1738051210
23026.00,1738051211
23025.00,1738051211
23024.50,1738051212
23025.05,1738051212
23024.10,1738051213
23025.55,1738051213
23026.20,1738051214
23026.40,1738051214
23026.60,1738051215
23023.90,1738051215
23025.35,1738051216
23026.10,1738051216
23025.40,1738051217
23024.90,1738051217
23025.45,1738051218
23024.85,1738051218
23025.25,1738051219
23026.00,1738051219
23026.30,1738051220
23026.85,1738051220
23027.00,1738051221
23026.35,1738051221
23026.55,1738051222
23027.20,1738051222
23026.75,1738051223
23028.95,1738051223
23028.65,1738051224
23027.45,1738051224
23026.80,1738051225
23024.05,1738051225
23025.10,1738051226
23025.95,1738051226
23026.70,1738051227
23025.45,1738051227
23027.35,1738051228
23026.45,1738051228
23026.75,1738051229
23026.85,1738051229
23026.95,1738051230
23026.75,1738051230
23026.90,1738051231
23026.95,1738051231
23026.20,1738051232
23027.20,1738051232
23028.05,1738051233
23030.10,1738051233
23029.80,1738051234
23028.75,1738051234
23028.90,1738051235
23025.50,1738051235
23027.45,1738051236
23027.55,1738051236
23028.15,1738051237
23027.90,1738051237
23028.65,1738051238
23029.25,1738051238
23029.70,1738051239
23028.75,1738051239
23029.55,1738051240
23029.00,1738051240
23029.45,1738051241
23028.55,1738051241
23029.30,1738051242
23027.85,1738051242
23028.90,1738051243
23031.40,1738051243
23031.45,1738051244
23029.80,1738051244
23030.25,1738051245
23027.90,1738051245
23029.00,1738051246
23030.10,1738051246
23030.00,1738051247
23029.05,1738051247
23029.65,1738051248
23030.80,1738051249
23031.10,1738051249
23030.60,1738051250
23032.00,1738051250
23033.35,1738051251
23031.35,1738051251
23031.85,1738051252
23032.20,1738051252
23031.35,1738051253
23033.75,1738051253
23033.65,1738051254
23032.30,1738051254
23032.75,1738051255
23030.05,1738051255
23031.20,1738051256
23030.85,1738051256
23030.00,1738051257
23029.95,1738051257
23031.45,1738051258
23030.50,1738051258
23030.20,1738051259
23030.10,1738051259
23029.05,1738051260
23029.45,1738051260
23030.75,1738051261
23030.20,1738051261
23029.40,1738051262
23029.00,1738051263
23031.55,1738051263
23029.70,1738051264
23029.85,1738051265
23027.80,1738051265
23029.00,1738051266
23029.05,1738051266
23031.05,1738051267
23030.40,1738051267
23029.45,1738051268
23030.10,1738051268
23029.85,1738051269
23032.10,1738051269
23031.70,1738051270
23032.35,1738051270
23032.30,1738051271
23033.10,1738051272
23032.65,1738051273
23034.40,1738051273
23034.50,1738051274
23034.00,1738051275
23031.00,1738051275
23032.80,1738051276
23033.05,1738051276
23033.30,1738051277
23032.80,1738051277
23032.70,1738051278
23033.15,1738051278
23032.85,1738051279
23033.80,1738051279
23034.25,1738051280
23033.45,1738051280
23033.95,1738051281
23034.15,1738051281
23034.00,1738051282
23034.30,1738051282
23033.95,1738051283
23035.00,1738051283
23035.55,1738051284
23033.45,1738051284
23034.40,1738051285
23031.20,1738051285
23032.40,1738051286
23032.70,1738051286
23033.15,1738051287
23032.05,1738051287
23033.25,1738051288
23032.25,1738051289
23031.80,1738051289
23032.45,1738051290
23032.85,1738051290
23032.20,1738051291
23032.65,1738051291
23032.45,1738051292
23031.55,1738051292
23032.30,1738051293
23034.85,1738051293
23034.30,1738051294
23033.80,1738051294
23032.70,1738051295
23029.80,1738051295
23031.05,1738051296
23031.15,1738051296
23031.00,1738051297
23030.80,1738051297
23030.50,1738051298
23030.70,1738051298
23031.05,1738051299
23029.60,1738051299
23030.20,1738051300
23029.90,1738051300
23030.85,1738051301
23030.00,1738051301
23031.20,1738051302
23030.90,1738051302
23031.75,1738051303
23031.80,1738051303
23033.05,1738051304
23031.30,1738051304
23031.05,1738051305
23029.05,1738051305
23030.60,1738051306
23030.25,1738051306
23029.80,1738051307
23029.15,1738051307
23029.00,1738051308
23028.75,1738051308
23029.60,1738051309
23029.10,1738051309
23029.20,1738051310
23028.55,1738051310
23029.65,1738051311
23030.00,1738051312
23029.10,1738051312
23029.80,1738051313
23030.65,1738051313
23031.15,1738051314
23029.30,1738051314
23030.35,1738051315
23027.55,1738051315
23028.30,1738051316
23027.50,1738051316
23027.70,1738051317
23027.95,1738051317
23028.50,1738051318
23028.60,1738051319
23029.35,1738051319
23029.65,1738051320
23027.95,1738051320
23028.20,1738051321
23027.70,1738051321
23028.00,1738051322
23026.10,1738051322
23027.00,1738051323
23026.90,1738051323
23027.00,1738051324
23025.55,1738051324
23028.10,1738051325
23022.85,1738051325
23025.80,1738051326
23025.55,1738051326
23025.60,1738051327
23024.90,1738051327
23023.15,1738051328
23026.00,1738051328
23027.35,1738051329
23027.95,1738051329
23027.45,1738051330
23026.80,1738051330
23026.65,1738051331
23025.30,1738051331
23025.35,1738051332
23025.95,1738051332
23027.95,1738051333
23028.60,1738051333
23027.60,1738051334
23027.25,1738051334
23024.70,1738051335
23025.50,1738051336
23025.70,1738051336
23025.55,1738051337
23026.55,1738051337
23025.90,1738051338
23025.60,1738051339
23025.55,1738051339
23025.80,1738051340
23025.70,1738051340
23025.75,1738051341
23026.35,1738051341
23027.95,1738051342
23027.40,1738051342
23027.50,1738051343
23027.70,1738051343
23028.90,1738051344
23026.40,1738051344
23026.90,1738051345
23026.85,1738051345
23028.40,1738051346
23027.70,1738051346
23027.60,1738051347
23026.70,1738051347
23026.80,1738051348
23026.70,1738051348
23028.05,1738051349
23026.75,1738051349
23027.20,1738051350
23027.15,1738051350
23026.85,1738051351
23028.65,1738051351
23027.90,1738051352
23027.15,1738051352
23028.00,1738051353
23030.75,1738051353
23030.85,1738051354
23029.80,1738051354
23030.25,1738051355
23028.10,1738051355
23028.85,1738051356
23028.80,1738051356
23028.75,1738051357
23028.60,1738051357
23030.20,1738051358
23029.80,1738051358
23029.60,1738051359
23028.15,1738051359
23029.35,1738051360
23029.70,1738051360
23029.60,1738051361
23029.10,1738051361
23030.15,1738051362
23030.20,1738051362
23030.50,1738051363
23030.30,1738051363
23031.60,1738051364
23029.70,1738051364
23029.45,1738051365
23027.75,1738051365
23028.50,1738051366
23028.80,1738051366
23028.60,1738051367
23028.70,1738051367
23028.95,1738051368
23029.05,1738051368
23030.20,1738051369
23030.10,1738051369
23029.60,1738051370
23029.25,1738051370
23032.05,1738051371
23031.75,1738051371
23031.90,1738051372
23031.00,1738051372
23030.70,1738051373
23031.85,1738051373
23032.85,1738051374
23031.60,1738051374
23031.55,1738051375
23028.65,1738051375
23029.75,1738051376
23029.70,1738051376
23029.90,1738051377
23029.55,1738051377
23029.85,1738051378
23030.20,1738051378
23030.00,1738051379
23029.75,1738051379
23030.05,1738051380
23030.70,1738051381
23030.20,1738051381
23030.45,1738051382
23030.05,1738051382
23031.95,1738051383
23033.65,1738051383
23033.00,1738051384
23031.70,1738051384
23031.00,1738051385
23029.20,1738051385
23032.50,1738051386
23031.90,1738051386
23033.50,1738051387
23032.90,1738051387
23032.30,1738051388
23031.40,1738051388
23030.75,1738051389
23030.40,1738051389
23030.75,1738051390
23031.80,1738051390
23032.35,1738051391
23031.75,1738051391
23032.45,1738051392
23032.95,1738051392
23033.30,1738051393
23035.30,1738051393
23034.75,1738051394
23035.20,1738051394
23034.65,1738051395
23031.70,1738051395
23032.95,1738051396
23032.80,1738051396
23032.75,1738051397
23031.45,1738051397
23034.05,1738051398
23033.80,1738051398
23034.20,1738051399
23033.95,1738051399
23034.15,1738051400
23033.75,1738051400
23034.30,1738051401
23032.90,1738051401
23032.55,1738051402
23033.05,1738051402
23032.05,1738051403
23035.40,1738051403
23034.25,1738051404
23033.25,1738051404
23033.75,1738051405
23032.85,1738051405
23031.80,1738051406
23034.10,1738051406
23033.05,1738051407
23033.65,1738051407
23035.00,1738051408
23035.25,1738051408
23035.40,1738051409
23036.15,1738051409
23035.00,1738051410
23034.90,1738051410
23034.10,1738051411
23034.50,1738051411
23034.70,1738051412
23035.20,1738051412
23035.85,1738051413
23039.10,1738051413
23039.60,1738051414
23038.60,1738051414
23038.75,1738051415
23035.05,1738051415
23035.60,1738051416
23037.05,1738051416
23038.80,1738051417
23037.70,1738051417
23037.10,1738051418
23038.45,1738051418
23038.50,1738051419
23038.60,1738051420
23039.65,1738051420
23039.30,1738051421
23038.55,1738051421
23038.90,1738051422
23039.50,1738051422
23040.35,1738051423
23042.00,1738051423
23042.30,1738051424
23041.45,1738051424
23040.15,1738051425
23038.15,1738051425
23038.25,1738051426
23039.05,1738051426
23039.70,1738051427
23039.20,1738051427
23039.00,1738051428
23039.70,1738051428
23039.65,1738051429
23039.10,1738051429
23039.45,1738051430
23039.50,1738051430
23040.35,1738051431
23040.50,1738051431
23040.10,1738051432
23040.40,1738051432
23040.90,1738051433
23041.65,1738051433
23044.45,1738051434
23042.40,1738051434
23042.30,1738051435
23040.10,1738051435
23040.80,1738051436
23041.05,1738051436
23040.70,1738051437
23041.45,1738051437
23042.30,1738051438
23041.80,1738051438
23041.30,1738051439
23041.90,1738051439
23041.85,1738051440
23041.95,1738051440
23042.00,1738051441
23041.75,1738051441
23041.95,1738051442
23042.60,1738051443
23045.65,1738051443
23047.15,1738051444
23047.35,1738051444
23049.05,1738051445
23045.45,1738051445
23046.40,1738051446
23047.80,1738051446
23048.15,1738051447
23047.00,1738051447
23047.75,1738051448
23048.50,1738051448
23048.80,1738051449
23047.85,1738051449
23047.95,1738051450
23051.80,1738051450
23050.70,1738051451
23050.35,1738051451
23049.95,1738051452
23052.15,1738051452
23053.20,1738051453
23053.50,1738051454
23052.65,1738051454
23052.60,1738051455
23050.35,1738051455
23050.65,1738051456
23050.75,1738051456
23051.10,1738051457
23050.45,1738051457
23051.00,1738051458
23050.45,1738051458
23049.95,1738051459
23051.25,1738051459
23051.40,1738051460
23050.30,1738051460
23051.10,1738051461
23050.10,1738051461
23050.05,1738051462
23050.35,1738051463
23051.10,1738051463
23049.75,1738051464
23049.45,1738051464
23049.10,1738051465
23047.05,1738051465
23049.40,1738051466
23050.10,1738051466
23049.25,1738051467
23050.50,1738051467
23050.35,1738051468
23051.10,1738051468
23050.30,1738051469
23049.00,1738051469
23049.35,1738051470
23049.55,1738051470
23050.15,1738051471
23049.50,1738051471
23049.60,1738051472
23048.55,1738051472
23049.65,1738051473
23050.90,1738051473
23051.60,1738051474
23049.80,1738051474
23048.95,1738051475
23046.85,1738051475
23047.15,1738051476
23047.70,1738051476
23047.35,1738051477
23046.80,1738051477
23046.85,1738051478
23047.45,1738051478
23046.55,1738051479
23046.50,1738051479
23046.35,1738051480
23046.70,1738051480
23046.00,1738051481
23045.85,1738051481
23046.10,1738051482
23046.25,1738051482
23046.70,1738051483
23047.45,1738051483
23047.40,1738051484
23046.95,1738051484
23046.90,1738051485
23044.85,1738051485
23044.80,1738051486
23045.15,1738051486
23045.80,1738051487
23045.85,1738051488
23045.60,1738051488
23045.40,1738051489
23045.30,1738051489
23046.00,1738051490
23046.90,1738051490
23045.85,1738051491
23046.90,1738051491
23045.95,1738051492
23045.70,1738051492
23046.80,1738051493
23047.40,1738051493
23048.40,1738051494
23048.45,1738051494
23046.40,1738051495
23044.70,1738051495
23044.60,1738051496
23044.70,1738051496
23045.45,1738051497
23045.05,1738051497
23045.00,1738051498
23045.80,1738051498
23046.00,1738051499
23045.80,1738051499
23045.70,1738051500
23044.75,1738051500
23045.05,1738051501
23044.95,1738051501
23044.25,1738051502
23044.60,1738051502
23044.45,1738051503
23045.20,1738051503
23045.10,1738051504
23044.30,1738051504
23044.25,1738051505
23041.45,1738051505
23042.05,1738051506
23041.95,1738051506
23042.85,1738051507
23042.35,1738051507
23042.60,1738051508
23041.65,1738051508
23041.85,1738051509
23041.30,1738051510
23042.70,1738051510
23041.70,1738051511
23041.25,1738051511
23040.70,1738051512
23041.00,1738051512
23041.25,1738051513
23042.25,1738051513
23042.55,1738051514
23041.65,1738051514
23041.05,1738051515
23038.80,1738051515
23040.30,1738051516
23040.55,1738051516
23041.20,1738051517
23040.00,1738051517
23039.55,1738051518
23039.00,1738051518
23039.70,1738051519
23039.00,1738051519
23039.70,1738051520
23038.10,1738051520
23039.00,1738051521
23038.75,1738051521
23038.00,1738051522
23038.10,1738051522
23038.85,1738051523
23039.70,1738051523
23040.35,1738051524
23039.20,1738051524
23039.00,1738051525
23036.30,1738051525
23037.75,1738051526
23037.40,1738051526
23037.55,1738051527
23038.10,1738051527
23038.50,1738051528
23039.25,1738051528
23038.60,1738051529
23038.50,1738051529
23037.70,1738051530
23037.65,1738051530
23039.10,1738051531
23039.50,1738051531
23039.55,1738051532
23039.10,1738051532
23038.30,1738051533
23040.05,1738051533
23040.75,1738051534
23038.75,1738051534
23038.95,1738051535
23036.55,1738051535
23037.55,1738051536
23038.25,1738051536
23037.65,1738051537
23037.50,1738051537
23037.95,1738051538
23038.40,1738051538
23037.75,1738051539
23037.65,1738051539
23037.50,1738051540
23037.40,1738051541
23037.10,1738051541
23037.70,1738051542
23037.35,1738051542
23037.20,1738051543
23038.65,1738051543
23039.40,1738051544
23037.70,1738051544
23036.15,1738051545
23036.80,1738051546
23036.50,1738051546
23036.45,1738051547
23035.75,1738051548
23036.15,1738051548
23035.00,1738051549
23034.25,1738051549
23034.15,1738051550
23034.20,1738051550
23034.60,1738051551
23033.75,1738051551
23033.45,1738051552
23033.65,1738051552
23033.55,1738051553
23034.55,1738051553
23034.45,1738051554
23032.90,1738051554
23032.80,1738051555
23030.80,1738051555
23031.05,1738051556
23030.40,1738051556
23031.00,1738051557
23031.60,1738051557
23032.60,1738051558
23032.40,1738051558
23032.25,1738051559
23031.70,1738051559
23032.15,1738051560
23031.05,1738051560
23031.35,1738051561
23031.80,1738051561
23031.40,1738051562
23031.35,1738051562
23031.70,1738051563
23033.75,1738051563
23033.65,1738051564
23031.50,1738051564
23031.60,1738051565
23030.20,1738051565
23030.25,1738051566
23031.05,1738051566
23030.35,1738051567
23035.10,1738051567
23034.10,1738051568
23033.60,1738051568
23033.50,1738051569
23032.40,1738051569
23032.15,1738051570
23034.05,1738051570
23034.20,1738051571
23033.95,1738051571
23034.10,1738051572
23034.60,1738051572
23034.80,1738051573
23035.70,1738051573
23035.65,1738051574
23035.15,1738051574
23034.95,1738051575
23032.65,1738051575
23033.20,1738051576
23033.45,1738051576
23033.20,1738051577
23033.50,1738051578
23033.80,1738051578
23033.20,1738051579
23033.35,1738051579
23034.30,1738051580
23034.65,1738051580
23035.05,1738051581
23034.75,1738051581
23034.90,1738051582
23034.60,1738051582
23035.25,1738051583
23037.25,1738051583
23037.05,1738051584
23035.65,1738051584
23034.85,1738051585
23033.95,1738051585
23034.85,1738051586
23035.35,1738051586
23034.90,1738051587
23034.45,1738051587
23035.25,1738051588
23035.90,1738051588
23035.80,1738051589
23035.50,1738051589
23035.20,1738051590
23034.95,1738051590
23034.90,1738051591
23033.90,1738051591
23033.75,1738051592
23034.90,1738051592
23037.05,1738051593
23035.65,1738051594
23035.00,1738051594
23035.10,1738051595
23033.20,1738051595
23032.90,1738051596
23033.60,1738051596
23033.25,1738051597
23034.15,1738051597
23033.75,1738051598
23034.30,1738051598
23033.75,1738051599
23032.85,1738051599
23033.80,1738051600
23033.25,1738051600
23033.70,1738051601
23033.20,1738051601
23033.50,1738051602
23033.35,1738051602
23032.75,1738051603
23034.95,1738051603
23034.90,1738051604
23032.85,1738051604
23030.65,1738051605
23032.40,1738051606
23032.20,1738051606
23032.70,1738051607
23033.15,1738051607
23032.95,1738051608
23033.40,1738051608
23032.60,1738051609
23032.35,1738051609
23032.50,1738051610
23032.85,1738051610
23033.35,1738051611
23033.85,1738051611
23033.50,1738051612
23034.20,1738051612
23034.15,1738051613
23035.35,1738051613
23034.80,1738051614
23035.05,1738051614
23033.35,1738051615
23031.10,1738051615
23031.95,1738051616
23032.35,1738051616
23032.65,1738051617
23032.50,1738051617
23032.95,1738051618
23032.70,1738051618
23033.60,1738051619
23032.90,1738051619
23032.80,1738051620
23032.65,1738051621
23034.15,1738051621
23034.55,1738051622
23034.35,1738051622
23033.90,1738051623
23037.55,1738051623
23036.90,1738051624
23035.80,1738051624
23036.00,1738051625
23033.40,1738051625
23033.80,1738051626
23034.10,1738051626
23034.35,1738051627
23035.45,1738051627
23035.60,1738051628
23035.80,1738051628
23034.40,1738051629
23034.55,1738051630
23035.30,1738051630
23035.05,1738051631
23036.40,1738051631
23035.40,1738051632
23036.80,1738051632
23036.05,1738051633
23037.10,1738051633
23037.80,1738051634
23036.10,1738051634
23035.75,1738051635
23033.85,1738051635
23034.15,1738051636
23034.10,1738051636
23034.30,1738051637
23034.55,1738051637
23034.85,1738051638
23034.70,1738051638
23034.85,1738051639
23035.30,1738051639
23035.80,1738051640
23035.75,1738051640
23035.35,1738051641
23034.95,1738051642
23034.50,1738051642
23036.05,1738051643
23036.45,1738051643
23036.10,1738051644
23035.35,1738051644
23035.25,1738051645
23033.70,1738051645
23034.45,1738051646
23034.05,1738051646
23033.75,1738051647
23034.05,1738051647
23034.70,1738051648
23035.60,1738051648
23035.20,1738051649
23035.00,1738051649
23034.25,1738051650
23034.75,1738051650
23035.45,1738051651
23035.65,1738051651
23035.60,1738051652
23035.30,1738051652
23036.00,1738051653
23038.50,1738051653
23038.25,1738051654
23037.45,1738051654
23036.55,1738051655
23034.45,1738051655
23035.05,1738051656
23035.15,1738051656
23035.10,1738051657
23035.25,1738051657
23035.20,1738051658
23035.70,1738051658
23035.95,1738051659
23036.00,1738051659
23035.55,1738051660
23036.10,1738051660
23036.00,1738051661
23036.10,1738051661
23036.55,1738051662
23037.45,1738051662
23037.30,1738051663
23037.95,1738051663
23039.05,1738051664
23037.55,1738051664
23038.45,1738051665
23037.05,1738051665
23037.75,1738051666
23038.00,1738051666
23038.75,1738051667
23038.35,1738051667
23037.60,1738051668
23037.70,1738051668
23037.55,1738051669
23038.05,1738051670
23038.30,1738051670
23038.85,1738051671
23038.30,1738051671
23038.20,1738051672
23038.35,1738051672
23037.75,1738051673
23039.95,1738051673
23039.35,1738051674
23038.25,1738051674
23037.70,1738051675
23035.15,1738051675
23035.50,1738051676
23036.25,1738051676
23036.55,1738051677
23036.30,1738051677
23036.35,1738051678
23037.20,1738051678
23037.15,1738051679
23036.65,1738051679
23037.00,1738051680
23036.85,1738051680
23036.15,1738051681
23036.25,1738051681
23036.45,1738051682
23037.70,1738051682
23036.05,1738051683
23039.55,1738051683
23039.45,1738051684
23038.05,1738051684
23037.70,1738051685
23035.15,1738051685
23036.25,1738051686
23037.85,1738051686
23036.65,1738051687
23037.80,1738051687
23038.15,1738051688
23038.05,1738051688
23037.50,1738051689
23036.55,1738051689
23036.20,1738051690
23037.05,1738051690
23037.00,1738051691
23037.10,1738051691
23037.45,1738051692
23038.30,1738051693
23039.95,1738051693
23040.20,1738051694
23039.65,1738051694
23037.60,1738051695
23035.30,1738051695
23035.75,1738051696
23035.95,1738051696
23036.10,1738051697
23036.45,1738051697
23036.95,1738051698
23036.80,1738051699
23037.45,1738051699
23038.10,1738051700
23037.75,1738051700
23038.35,1738051701
23039.05,1738051701
23039.25,1738051702
23039.90,1738051702
23040.05,1738051703
23042.25,1738051703
23042.45,1738051704
23041.35,1738051704
23041.60,1738051705
23040.05,1738051705
23042.30,1738051706
23041.60,1738051706
23041.05,1738051707
23041.95,1738051707
23042.15,1738051708
23043.35,1738051708
23042.50,1738051709
23042.35,1738051709
23042.10,1738051710
23042.60,1738051710
23041.20,1738051711
23041.05,1738051711
23041.90,1738051712
23041.25,1738051712
23042.60,1738051713
23043.35,1738051713
23044.05,1738051714
23042.95,1738051714
23043.05,1738051715
23039.95,1738051715
23039.55,1738051716
23039.90,1738051716
23039.85,1738051717
23040.10,1738051717
23040.00,1738051718
23039.90,1738051718
23039.20,1738051719
23039.25,1738051719
23038.95,1738051720
23040.05,1738051720
23039.75,1738051721
23039.35,1738051721
23038.70,1738051722
23038.85,1738051722
23038.95,1738051723
23039.60,1738051723
23039.45,1738051724
23039.25,1738051724
23039.45,1738051725
23037.55,1738051725
23038.25,1738051726
23043.35,1738051960
23043.05,1738051961
23043.15,1738051961
23043.45,1738051962
23043.35,1738051962
23044.05,1738051963
23044.85,1738051963
23044.65,1738051964
23043.95,1738051964
23043.60,1738051965
23041.90,1738051965
23042.55,1738051966
23042.60,1738051966
23043.50,1738051967
23043.25,1738051967
23043.55,1738051968
23043.95,1738051968
23044.25,1738051969
23044.50,1738051970
23045.10,1738051970
23044.70,1738051971
23044.95,1738051971
23045.50,1738051972
23044.90,1738051972
23045.25,1738051973
23045.80,1738051973
23045.75,1738051974
23044.85,1738051974
23043.80,1738051975
23042.30,1738051975
23043.35,1738051976
23044.15,1738051976
23044.25,1738051977
23043.45,1738051977
23044.50,1738051978
23044.45,1738051978
23044.10,1738051979
23044.45,1738051979
23044.30,1738051980
23042.75,1738051980
23042.70,1738051981
23043.15,1738051981
23042.55,1738051982
23042.40,1738051982
23041.50,1738051983
23043.00,1738051983
23042.85,1738051984
23042.75,1738051984
23042.45,1738051985
23039.45,1738051985
23039.80,1738051986
23040.45,1738051986
23041.25,1738051987
23041.60,1738051988
23041.65,1738051988
23041.80,1738051989
23041.35,1738051989
23041.20,1738051990
23041.45,1738051990
23040.60,1738051991
23040.40,1738051991
23040.20,1738051992
23040.75,1738051992
23041.10,1738051993
23042.40,1738051993
23041.65,1738051994
23040.85,1738051994
23040.90,1738051995
23038.30,1738051995
23039.90,1738051996
23039.55,1738051996
23040.45,1738051997
23040.35,1738051997
23040.40,1738051998
23040.30,1738051998
23040.40,1738051999
23040.70,1738051999
23040.65,1738052000
23040.00,1738052000
23040.75,1738052001
23041.50,1738052001
23040.55,1738052002
23040.65,1738052002
23041.30,1738052003
23042.75,1738052003
23042.00,1738052004
23042.15,1738052004
23041.50,1738052005
23038.90,1738052005
23040.25,1738052006
23040.45,1738052006
23040.35,1738052007
23040.45,1738052007
23041.45,1738052008
23041.60,1738052008
23041.65,1738052009
23041.25,1738052009
23041.20,1738052010
23041.35,1738052010
23040.75,1738052011
23041.50,1738052011
23041.60,1738052012
23042.15,1738052012
23043.10,1738052013
23043.80,1738052014
23043.15,1738052014
23043.70,1738052015
23040.50,1738052015
23041.00,1738052016
23041.85,1738052016
23041.60,1738052017
23041.25,1738052017
23041.90,1738052018
23042.45,1738052018
23042.30,1738052019
23042.60,1738052019
23042.75,1738052020
23043.55,1738052020
23043.45,1738052021
23042.40,1738052021
23042.25,1738052022
23042.75,1738052022
23042.60,1738052023
23044.10,1738052023
23042.95,1738052024
23043.50,1738052025
23040.60,1738052025
23041.85,1738052026
23041.95,1738052026
23041.90,1738052027
23042.20,1738052027
23042.50,1738052028
23042.20,1738052028
23042.25,1738052029
23041.95,1738052029
23042.40,1738052030
23041.30,1738052031
23041.70,1738052031
23041.35,1738052032
23041.85,1738052032
23041.80,1738052033
23042.20,1738052033
23042.25,1738052034
23041.00,1738052034
23041.45,1738052035
23039.15,1738052035
23039.30,1738052036
23039.10,1738052036
23039.40,1738052037
23039.30,1738052037
23039.60,1738052038
23039.55,1738052038
23039.40,1738052039
23039.65,1738052039
23039.80,1738052040
23039.05,1738052041
23039.55,1738052041
23039.15,1738052042
23039.75,1738052042
23039.05,1738052043
23040.25,1738052043
23039.60,1738052044
23038.95,1738052044
23037.95,1738052045
23036.55,1738052045
23037.00,1738052046
23036.40,1738052046
23035.80,1738052047
23035.35,1738052047
23035.75,1738052048
23036.30,1738052048
23035.55,1738052049
23034.85,1738052049
23034.65,1738052050
23036.25,1738052050
23035.75,1738052051
23036.25,1738052052
23035.80,1738052052
23036.15,1738052053
23037.90,1738052053
23038.45,1738052054
23037.55,1738052054
23036.90,1738052055
23035.30,1738052055
23036.40,1738052056
23036.75,1738052056
23036.20,1738052057
23036.40,1738052057
23035.90,1738052058
23037.05,1738052058
23037.35,1738052059
23037.00,1738052059
23038.20,1738052060
23038.40,1738052060
23038.00,1738052061
23038.50,1738052061
23037.45,1738052062
23038.10,1738052062
23038.65,1738052063
23038.50,1738052063
23039.05,1738052064
23038.05,1738052064
23039.30,1738052065
23036.50,1738052065
23037.60,1738052066
23038.80,1738052066
23037.55,1738052067
23038.15,1738052067
23037.75,1738052068
23037.45,1738052068
23037.90,1738052069
23037.35,1738052069
23038.20,1738052070
23037.95,1738052070
23037.75,1738052071
23037.45,1738052071
23038.15,1738052072
23037.50,1738052072
23037.30,1738052073
23038.65,1738052073
23039.25,1738052074
23038.30,1738052074
23037.45,1738052075
23035.60,1738052075
23035.95,1738052076
23035.85,1738052076
23036.20,1738052077
23035.40,1738052077
23035.95,1738052078
23036.10,1738052078
23036.20,1738052079
23035.25,1738052079
23035.50,1738052080
23035.95,1738052080
23036.90,1738052081
23036.45,1738052081
23036.55,1738052082
23036.80,1738052082
23037.35,1738052083
23038.35,1738052083
23038.50,1738052084
23038.35,1738052085
23037.30,1738052085
23037.85,1738052086
23038.10,1738052086
23038.05,1738052087
23038.30,1738052087
23038.20,1738052088
23037.30,1738052088
23037.90,1738052089
23038.15,1738052090
23038.10,1738052090
23038.15,1738052091
23038.45,1738052091
23038.70,1738052092
23039.25,1738052092
23039.40,1738052093
23040.20,1738052093
23040.15,1738052094
23039.75,1738052094
23039.15,1738052095
23036.70,1738052095
23037.15,1738052096
23037.30,1738052096
23037.65,1738052097
23037.85,1738052097
23036.85,1738052098
23037.75,1738052098
23037.70,1738052099
23037.90,1738052099
23035.85,1738052100
23036.40,1738052101
23036.00,1738052101
23035.50,1738052102
23035.85,1738052102
23035.50,1738052103
23038.50,1738052103
23038.60,1738052104
23037.65,1738052104
23037.20,1738052105
23035.10,1738052105
23035.35,1738052106
23035.45,1738052106
23035.15,1738052107
23035.65,1738052107
23036.10,1738052108
23036.60,1738052108
23036.70,1738052109
23036.25,1738052109
23036.50,1738052110
23036.85,1738052110
23036.45,1738052111
23036.90,1738052111
23036.20,1738052112
23036.10,1738052112
23036.30,1738052113
23037.00,1738052113
23037.40,1738052114
23036.55,1738052114
23036.15,1738052115
23034.75,1738052115
23035.05,1738052116
23035.60,1738052116
23035.75,1738052117
23036.00,1738052117
23035.95,1738052118
23036.10,1738052118
23036.30,1738052119
23036.60,1738052119
23037.05,1738052120
23037.20,1738052120
23037.75,1738052121
23038.75,1738052121
23036.95,1738052122
23037.10,1738052122
23036.50,1738052123
23037.45,1738052123
23037.75,1738052124
23036.50,1738052124
23037.25,1738052125
23035.50,1738052125
23035.75,1738052126
23037.10,1738052126
23036.80,1738052127
23037.00,1738052127
23037.15,1738052128
23035.90,1738052128
23037.00,1738052129
23037.80,1738052129
23037.20,1738052130
23037.45,1738052130
23038.00,1738052131
23038.10,1738052131
23038.00,1738052132
23038.25,1738052132
23037.90,1738052133
23039.90,1738052133
23039.95,1738052134
23039.00,1738052134
23039.30,1738052135
23037.05,1738052135
23036.95,1738052136
23037.70,1738052136
23038.35,1738052137
23036.80,1738052137
23037.25,1738052138
23037.35,1738052138
23037.25,1738052139
23036.85,1738052139
23037.30,1738052140
23037.65,1738052140
23038.60,1738052141
23038.15,1738052141
23038.35,1738052142
23037.35,1738052143
23039.85,1738052143
23040.40,1738052144
23038.45,1738052144
23038.55,1738052145
23036.45,1738052145
23036.85,1738052146
23037.80,1738052146
23038.45,1738052147
23038.35,1738052147
23037.15,1738052148
23037.70,1738052148
23038.15,1738052149
23037.90,1738052149
23038.85,1738052150
23039.20,1738052150
23038.25,1738052151
23038.95,1738052151
23038.80,1738052152
23038.75,1738052152
23038.90,1738052153
23039.65,1738052153
23039.60,1738052154
23038.60,1738052154
23038.15,1738052155
23036.90,1738052155
23037.40,1738052156
23038.70,1738052156
23038.40,1738052157
23038.80,1738052158
23038.50,1738052158
23039.35,1738052159
23039.05,1738052159
23040.00,1738052160
23039.20,1738052160
23039.65,1738052161
23039.60,1738052162
23039.85,1738052162
23042.20,1738052163
23041.50,1738052164
23041.65,1738052164
23041.35,1738052165
23039.20,1738052165
23038.90,1738052166
23038.75,1738052166
23039.05,1738052167
23039.40,1738052167
23039.10,1738052168
23039.55,1738052168
23039.05,1738052169
23040.75,1738052169
23040.15,1738052170
23040.10,1738052170
23039.65,1738052171
23039.40,1738052171
23039.50,1738052172
23040.35,1738052172
23040.90,1738052173
23040.80,1738052173
23042.30,1738052174
23041.20,1738052174
23041.60,1738052175
23039.30,1738052175
23040.30,1738052176
23041.20,1738052176
23040.40,1738052177
23040.45,1738052177
23040.35,1738052178
23041.30,1738052178
23041.00,1738052179
23041.70,1738052179
23043.30,1738052180
23043.10,1738052180
23043.20,1738052181
23043.60,1738052181
23043.20,1738052182
23043.75,1738052182
23043.60,1738052183
23045.90,1738052183
23045.05,1738052184
23044.20,1738052184
23043.70,1738052185
23042.50,1738052185
23042.80,1738052186
23043.45,1738052186
23043.35,1738052187
23042.10,1738052187
23043.05,1738052188
23043.65,1738052188
23043.25,1738052189
23042.65,1738052189
23043.15,1738052190
23043.90,1738052190
23043.60,1738052191
23043.85,1738052191
23043.90,1738052192
23043.10,1738052192
23043.55,1738052193
23046.05,1738052193
23046.00,1738052194
23044.95,1738052194
23044.70,1738052195
23042.55,1738052195
23042.45,1738052196
23042.35,1738052196
23042.85,1738052197
23042.65,1738052197
23043.75,1738052198
23044.80,1738052198
23044.70,1738052199
23045.05,1738052199
23045.90,1738052200
23045.95,1738052201
23045.65,1738052201
23045.85,1738052202
23046.10,1738052202
23045.40,1738052203
23047.35,1738052203
23047.70,1738052204
23047.10,1738052204
23047.35,1738052205
23045.10,1738052205
23045.75,1738052206
23046.40,1738052206
23046.60,1738052207
23046.65,1738052208
23045.95,1738052208
23045.90,1738052209
23045.95,1738052209
23046.50,1738052210
23046.75,1738052210
23046.85,1738052211
23046.95,1738052211
23046.90,1738052212
23047.00,1738052213
23048.45,1738052213
23048.15,1738052214
23047.70,1738052214
23046.85,1738052215
23045.35,1738052215
23045.90,1738052216
23045.60,1738052216
23045.80,1738052217
23045.60,1738052217
23046.70,1738052218
23046.55,1738052218
23046.65,1738052219
23046.40,1738052219
23046.65,1738052220
23046.40,1738052220
23046.35,1738052221
23046.45,1738052221
23046.35,1738052222
23046.90,1738052223
23048.15,1738052223
23047.50,1738052224
23046.75,1738052224
23046.45,1738052225
23044.30,1738052225
23043.55,1738052226
23043.45,1738052226
23043.55,1738052227
23043.65,1738052227
23043.70,1738052228
23044.00,1738052228
23043.55,1738052229
23043.75,1738052229
23044.00,1738052230
23044.80,1738052230
23044.65,1738052231
23045.15,1738052231
23045.70,1738052232
23045.75,1738052232
23045.25,1738052233
23046.50,1738052233
23046.65,1738052234
23046.45,1738052234
23045.80,1738052235
23044.70,1738052235
23047.05,1738052236
23046.45,1738052236
23046.05,1738052237
23045.55,1738052237
23045.20,1738052238
23045.60,1738052238
23045.85,1738052239
23046.15,1738052239
23045.75,1738052240
23046.85,1738052241
23048.35,1738052241
23047.80,1738052242
23047.95,1738052242
23048.85,1738052243
23050.35,1738052243
23049.20,1738052244
23048.50,1738052244
23048.95,1738052245
23046.30,1738052245
23047.70,1738052246
23047.05,1738052246
23046.85,1738052247
23047.45,1738052248
23047.95,1738052248
23047.80,1738052249
23047.40,1738052249
23047.75,1738052250
23048.70,1738052250
23048.40,1738052251
23047.50,1738052251
23047.20,1738052252
23047.75,1738052253
23049.25,1738052253
23049.15,1738052254
23048.40,1738052254
23048.90,1738052255
23046.30,1738052255
23046.95,1738052256
23046.45,1738052257
23046.85,1738052257
23047.05,1738052258
23047.20,1738052258
23047.15,1738052259
23047.35,1738052259
23046.80,1738052260
23046.90,1738052260
23047.40,1738052261
23047.75,1738052261
23048.75,1738052262
23049.95,1738052262
23049.55,1738052263
23050.60,1738052263
23051.00,1738052264
23050.00,1738052264
23049.75,1738052265
23047.80,1738052265
23048.65,1738052266
23048.90,1738052266
23048.75,1738052267
23049.05,1738052267
23049.45,1738052268
23048.75,1738052269
23048.95,1738052269
23048.90,1738052270
23048.45,1738052270
23048.75,1738052271
23048.05,1738052271
23047.80,1738052272
23048.55,1738052272
23048.60,1738052273
23050.20,1738052273
23050.65,1738052274
23049.80,1738052274
23049.55,1738052275
23047.60,1738052275
23048.15,1738052276
23048.25,1738052276
23048.30,1738052277
23048.75,1738052277
23049.90,1738052278
23049.85,1738052278
23049.95,1738052279
23048.90,1738052279
23049.65,1738052280
23048.95,1738052280
23049.45,1738052281
23050.40,1738052281
23051.45,1738052282
23050.25,1738052282
23050.45,1738052283
23052.55,1738052283
23050.25,1738052284
23050.40,1738052284
23049.20,1738052285
23047.40,1738052285
23048.75,1738052286
23048.90,1738052286
23049.20,1738052287
23050.20,1738052287
23049.30,1738052288
23049.90,1738052288
23049.45,1738052289
23050.50,1738052289
23049.65,1738052290
23051.00,1738052290
23049.30,1738052291
23049.95,1738052291
23049.55,1738052292
23049.95,1738052292
23049.30,1738052293
23050.50,1738052293
23049.85,1738052294
23048.60,1738052294
23048.30,1738052295
23046.50,1738052295
23047.00,1738052296
23047.05,1738052296
23046.65,1738052297
23046.70,1738052297
23045.25,1738052298
23045.45,1738052298
23045.30,1738052299
23046.00,1738052299
23045.30,1738052300
23046.00,1738052300
23045.40,1738052301
23044.55,1738052301
23045.00,1738052302
23044.80,1738052302
23044.70,1738052303
23045.65,1738052303
23046.00,1738052304
23044.00,1738052304
23043.80,1738052305
23042.65,1738052305
23043.75,1738052306
23045.20,1738052306
23043.80,1738052307
23044.00,1738052307
23044.10,1738052309
23044.65,1738052310
23044.60,1738052310
23044.70,1738052311
23045.45,1738052311
23046.05,1738052312
23045.65,1738052312
23046.05,1738052313
23048.50,1738052313
23048.90,1738052314
23048.15,1738052314
23047.65,1738052315
23045.25,1738052315
23044.95,1738052316
23046.05,1738052316
23046.15,1738052317
23046.35,1738052317
23046.10,1738052318
23047.00,1738052318
23046.60,1738052319
23046.35,1738052319
23045.95,1738052320
23045.80,1738052320
23045.50,1738052321
23045.05,1738052322
23045.90,1738052322
23046.15,1738052323
23046.70,1738052323
23046.65,1738052324
23045.70,1738052324
23046.40,1738052325
23044.35,1738052325
23045.05,1738052326
23045.20,1738052326
23044.70,1738052327
23044.60,1738052327
23044.25,1738052328
23044.80,1738052328
23045.30,1738052329
23045.25,1738052329
23045.20,1738052330
23045.75,1738052330
23046.20,1738052331
23046.10,1738052331
23045.20,1738052332
23045.10,1738052332
23045.35,1738052333
23047.05,1738052333
23046.55,1738052334
23046.60,1738052334
23045.85,1738052335
23042.80,1738052335
23043.60,1738052336
23043.80,1738052336
23043.95,1738052337
23044.25,1738052338
23044.40,1738052338
23043.95,1738052339
23044.15,1738052339
23043.95,1738052340
23044.45,1738052340
23044.10,1738052341
23043.85,1738052341
23044.30,1738052342
23043.45,1738052342
23043.10,1738052343
23045.25,1738052343
23044.50,1738052344
23043.15,1738052344
23042.80,1738052345
23041.05,1738052345
23041.60,1738052346
23042.30,1738052346
23041.60,1738052347
23041.30,1738052347
23040.55,1738052348
23040.65,1738052348
23041.70,1738052349
23040.90,1738052349
23040.95,1738052350
23041.60,1738052350
23042.25,1738052351
23041.15,1738052351
23041.55,1738052352
23041.85,1738052352
23041.35,1738052353
23043.90,1738052353
23043.05,1738052354
23041.85,1738052355
23040.15,1738052355
23040.25,1738052356
23041.65,1738052356
23041.20,1738052357
23041.60,1738052357
23041.35,1738052358
23041.65,1738052358
23041.30,1738052359
23041.50,1738052359
23041.95,1738052360
23041.65,1738052360
23042.35,1738052361
23042.45,1738052362
23043.35,1738052362
23044.05,1738052363
23045.45,1738052363
23044.95,1738052364
23043.95,1738052364
23043.25,1738052365
23041.65,1738052365
23042.00,1738052366
23041.95,1738052366
23042.50,1738052367
23041.95,1738052367
23042.75,1738052368
23042.40,1738052368
23042.35,1738052369
23042.00,1738052370
23043.25,1738052370
23043.55,1738052371
23042.65,1738052371
23042.95,1738052372
23043.00,1738052372
23044.40,1738052373
23043.45,1738052374
23042.40,1738052374
23041.90,1738052375
23039.90,1738052375
23041.30,1738052376
23040.30,1738052376
23040.60,1738052377
23039.90,1738052377
23040.95,1738052378
23041.10,1738052378
23040.30,1738052379
23040.10,1738052380
23040.55,1738052380
23040.50,1738052381
23041.05,1738052381
23040.55,1738052382
23041.05,1738052382
23041.75,1738052383
23043.00,1738052383
23043.05,1738052384
23041.50,1738052384
23041.65,1738052385
23038.80,1738052385
23039.35,1738052386
23039.55,1738052386
23040.65,1738052387
23040.35,1738052387
23040.25,1738052388
23040.50,1738052388
23040.95,1738052389
23040.80,1738052389
23042.05,1738052390
23042.15,1738052390
23042.10,1738052391
23042.60,1738052391
23042.50,1738052392
23042.55,1738052392
23043.65,1738052393
23044.20,1738052393
23044.70,1738052394
23043.10,1738052394
23042.85,1738052395
23041.20,1738052395
23041.70,1738052396
23041.65,1738052396
23041.60,1738052397
23041.90,1738052397
23042.85,1738052398
23042.80,1738052398
23043.15,1738052399
23043.00,1738052399
23042.15,1738052400
23042.20,1738052400
23042.75,1738052401
23042.80,1738052401
23043.00,1738052402
23042.60,1738052402
23042.85,1738052403
23044.60,1738052403
23044.30,1738052404
23043.45,1738052404
23041.55,1738052405
23041.65,1738052406
23041.60,1738052406
23042.50,1738052407
23042.20,1738052407
23043.15,1738052408
23042.70,1738052409
23043.55,1738052409
23043.00,1738052410
23044.05,1738052410
23042.75,1738052411
23042.65,1738052411
23042.25,1738052412
23042.40,1738052412
23042.50,1738052413
23043.90,1738052413
23044.60,1738052414
23043.65,1738052414
23042.45,1738052415
23041.00,1738052415
23040.95,1738052416
23041.05,1738052416
23041.20,1738052417
23041.45,1738052417
23040.70,1738052418
23041.20,1738052418
23041.60,1738052419
23042.00,1738052419
23042.45,1738052420
23042.60,1738052420
23042.45,1738052421
23042.20,1738052421
23041.35,1738052422
23041.70,1738052422
23042.25,1738052423
23043.30,1738052423
23044.00,1738052424
23043.80,1738052424
23047.30,1738052425
23042.30,1738052425
23043.45,1738052426
23043.25,1738052426
23042.90,1738052427
23042.85,1738052427
23043.35,1738052428
23043.70,1738052428
23043.85,1738052429
23043.60,1738052429
23042.80,1738052430
23043.00,1738052430
23043.15,1738052431
23043.30,1738052431
23043.20,1738052432
23043.05,1738052432
23043.75,1738052433
23045.95,1738052433
23045.45,1738052434
23044.10,1738052434
23043.35,1738052435
23040.65,1738052435
23041.10,1738052436
23040.95,1738052436
23039.40,1738052437
23039.25,1738052437
23038.90,1738052438
23039.10,1738052438
23039.65,1738052439
23039.25,1738052439
23039.35,1738052440
23039.60,1738052440
23039.35,1738052441
23039.60,1738052441
23039.70,1738052442
23040.55,1738052442
23038.30,1738052443
23041.10,1738052443
23041.60,1738052444
23039.95,1738052444
23039.50,1738052445
23038.45,1738052445
23039.05,1738052446
23040.40,1738052446
23040.95,1738052447
23041.85,1738052447
23041.35,1738052448
23041.95,1738052448
23041.70,1738052449
23042.00,1738052449
23043.10,1738052450
23042.75,1738052450
23042.85,1738052451
23043.40,1738052451
23042.05,1738052452
23043.10,1738052452
23042.90,1738052453
23043.85,1738052453
23042.70,1738052454
23041.65,1738052454
23042.35,1738052455
23042.50,1738052455
23043.15,1738052456
23043.95,1738052456
23043.60,1738052457
23043.90,1738052457
23043.85,1738052458
23044.35,1738052458
23044.20,1738052459
23044.45,1738052459
23044.30,1738052460
23043.35,1738052460
23043.05,1738052461
23042.10,1738052461
23042.60,1738052462
23042.85,1738052462
23042.45,1738052463
23044.30,1738052463
23044.15,1738052464
23043.95,1738052464
23043.25,1738052465
23040.80,1738052465
23041.00,1738052466
23039.80,1738052466
23041.30,1738052467
23041.35,1738052467
23040.30,1738052468
23040.60,1738052468
23041.55,1738052469
23041.20,1738052469
23041.40,1738052470
23042.10,1738052470
23041.10,1738052471
23041.70,1738052471
23041.50,1738052472
23041.80,1738052472
23041.55,1738052473
23043.05,1738052473
23043.35,1738052474
23041.40,1738052474
23040.70,1738052475
23038.60,1738052475
23039.85,1738052476
23040.10,1738052476
23040.30,1738052477
23040.90,1738052477
23041.25,1738052478
23041.15,1738052478
23041.10,1738052479
23041.25,1738052479
23041.60,1738052480
23041.75,1738052480
23042.10,1738052481
23042.95,1738052481
23043.05,1738052482
23042.85,1738052482
23042.15,1738052483
23043.35,1738052483
23043.30,1738052484
23041.70,1738052484
23041.75,1738052485
23039.65,1738052485
23041.35,1738052486
23039.85,1738052486
23040.60,1738052487
23040.30,1738052487
23041.20,1738052488
23041.55,1738052488
23041.05,1738052489
23039.85,1738052489
23039.65,1738052490
23040.70,1738052490
23040.90,1738052491
23040.30,1738052491
23040.25,1738052492
23039.50,1738052492
23039.05,1738052493
23042.00,1738052493
23040.60,1738052494
23039.85,1738052494
23039.75,1738052495
23037.70,1738052495
23038.35,1738052496
23039.10,1738052496
23038.60,1738052497
23038.15,1738052497
23038.80,1738052498
23039.55,1738052498
23039.15,1738052499
23039.40,1738052499
23039.30,1738052500
23039.05,1738052500
23038.95,1738052501
23037.95,1738052501
23037.80,1738052502
23038.45,1738052502
23038.00,1738052503
23039.40,1738052503
23039.50,1738052504
23038.35,1738052504
23037.85,1738052505
23036.00,1738052505
23036.70,1738052506
23038.95,1738052506
23037.80,1738052507
23038.10,1738052507
23037.75,1738052508
23038.45,1738052508
23038.25,1738052509
23037.75,1738052509
23038.60,1738052510
23038.40,1738052510
23039.55,1738052511
23038.80,1738052512
23038.55,1738052512
23038.30,1738052513
23039.80,1738052513
23039.55,1738052514
23039.10,1738052514
23038.65,1738052515
23037.40,1738052515
23038.15,1738052516
23038.10,1738052516
23038.80,1738052517
23039.05,1738052517
23039.45,1738052518
23039.50,1738052518
23039.30,1738052519
23039.05,1738052519
23039.70,1738052520
23039.30,1738052520
23039.85,1738052521
23039.35,1738052521
23039.90,1738052522
23040.00,1738052522
23039.75,1738052523
23041.00,1738052523
23040.90,1738052524
23039.80,1738052524
23039.65,1738052525
23037.55,1738052525
23038.20,1738052526
23039.10,1738052526
23038.15,1738052527
23038.00,1738052527
23037.75,1738052528
23038.15,1738052528
23038.00,1738052529
23037.75,1738052529
23037.50,1738052530
23038.55,1738052530
23037.90,1738052531
23038.00,1738052531
23037.60,1738052532
23037.80,1738052532
23037.20,1738052533
23038.05,1738052533
23039.15,1738052534
23038.00,1738052534
23038.70,1738052535
23036.40,1738052535
23037.60,1738052536
23038.05,1738052536
23038.60,1738052537
23038.40,1738052537
23037.60,1738052538
23037.40,1738052538
23038.00,1738052539
23037.15,1738052539
23037.45,1738052540
23038.25,1738052540
23038.60,1738052541
23038.45,1738052541
23038.15,1738052542
23039.05,1738052542
23038.65,1738052543
23040.60,1738052543
23040.50,1738052544
23040.00,1738052544
23040.20,1738052545
23037.95,1738052545
23038.90,1738052546
23039.65,1738052546
23039.75,1738052547
23039.25,1738052547
23039.40,1738052548
23040.45,1738052548
23039.50,1738052549
23040.50,1738052550
23039.95,1738052550
23039.80,1738052551
23039.60,1738052551
23040.00,1738052552
23040.15,1738052552
23040.95,1738052553
23040.50,1738052553
23041.30,1738052554
23041.15,1738052554
23040.95,1738052555
23038.35,1738052555
23038.65,1738052556
23039.20,1738052556
23039.00,1738052557
23041.40,1738052557
23040.45,1738052558
23040.35,1738052558
23040.15,1738052559
23040.40,1738052559
23041.15,1738052560
23041.85,1738052560
23041.35,1738052561
23041.25,1738052561
23040.80,1738052562
23041.65,1738052562
23042.25,1738052563
23044.25,1738052563
23044.50,1738052564
23044.05,1738052564
23043.80,1738052565
23041.85,1738052565
23042.25,1738052566
23043.15,1738052566
23043.90,1738052567
23043.55,1738052567
23043.65,1738052568
23042.40,1738052568
23042.70,1738052569
23042.55,1738052569
23043.30,1738052570
23043.60,1738052570
23043.15,1738052571
23042.65,1738052572
23043.75,1738052573
23045.05,1738052573
23044.25,1738052574
23044.70,1738052575
23043.30,1738052575
23043.35,1738052576
23044.45,1738052577
23044.60,1738052577
23045.05,1738052578
23044.15,1738052578
23044.30,1738052579
23044.60,1738052579
23044.10,1738052580
23044.75,1738052580
23045.15,1738052581
23045.10,1738052581
23045.65,1738052582
23045.05,1738052582
23043.35,1738052583
23045.20,1738052583
23045.45,1738052584
23044.65,1738052584
23044.90,1738052585
23042.30,1738052585
23043.30,1738052586
23044.10,1738052586
23043.60,1738052587
23043.80,1738052587
23045.50,1738052588
23048.15,1738052588
23048.25,1738052589
23049.25,1738052589
23049.85,1738052590
23051.25,1738052590
23050.20,1738052591
23051.35,1738052591
23050.55,1738052592
23051.00,1738052592
23053.30,1738052593
23053.60,1738052593
23053.70,1738052594
23052.75,1738052594
23049.90,1738052595
23051.15,1738052596
23051.65,1738052596
23052.20,1738052597
23052.80,1738052597
23052.50,1738052598
23052.70,1738052598
23052.60,1738052599
23051.40,1738052599
23051.25,1738052600
23050.95,1738052600
23051.60,1738052601
23051.30,1738052601
23051.10,1738052602
23052.45,1738052602
23052.90,1738052603
23054.60,1738052603
23055.50,1738052604
23054.40,1738052604
23052.90,1738052605
23054.25,1738052606
23052.75,1738052606
23053.50,1738052607
23055.00,1738052607
23054.60,1738052608
23055.15,1738052608
23055.20,1738052609
23054.20,1738052609
23053.95,1738052610
23054.05,1738052610
23055.75,1738052611
23054.70,1738052611
23053.90,1738052612
23054.70,1738052612
23054.85,1738052613
23056.80,1738052613
23055.65,1738052614
23055.45,1738052614
23055.05,1738052615
23053.55,1738052615
23054.80,1738052616
23054.40,1738052616
23054.95,1738052617
23055.20,1738052618
23055.65,1738052618
23055.80,1738052619
23055.05,1738052619
23055.50,1738052620
23056.70,1738052620
23055.70,1738052621
23054.80,1738052621
23055.30,1738052622
23055.95,1738052622
23056.05,1738052623
23057.15,1738052623
23056.90,1738052624
23056.00,1738052624
23056.10,1738052625
23053.90,1738052625
23055.05,1738052626
23055.15,1738052626
23054.60,1738052627
23054.90,1738052627
23055.25,1738052628
23055.45,1738052628
23055.75,1738052629
23055.50,1738052629
23055.55,1738052630
23055.85,1738052630
23055.80,1738052631
23054.70,1738052632
23055.20,1738052632
23055.10,1738052633
23057.50,1738052633
23057.40,1738052634
23056.65,1738052634
23056.95,1738052635
23055.05,1738052635
23055.70,1738052636
23056.25,1738052636
23056.80,1738052637
23056.30,1738052637
23056.70,1738052638
23058.00,1738052638
23057.65,1738052639
23057.50,1738052639
23057.55,1738052640
23057.85,1738052640
23059.15,1738052641
23059.25,1738052641
23058.80,1738052642
23058.45,1738052642
23059.10,1738052643
23061.35,1738052643
23061.40,1738052644
23061.00,1738052644
23060.30,1738052645
23059.25,1738052645
23059.20,1738052646
23061.05,1738052646
23060.40,1738052647
23061.25,1738052647
23061.80,1738052648
23061.25,1738052648
23061.20,1738052649
23061.40,1738052649
23062.20,1738052650
23061.70,1738052650
23061.75,1738052651
23062.00,1738052651
23061.80,1738052652
23061.90,1738052652
23062.90,1738052653
23063.15,1738052654
23060.65,1738052654
23058.80,1738052655
23057.10,1738052655
23057.50,1738052656
23057.20,1738052656
23057.30,1738052657
23057.45,1738052657
23057.65,1738052658
23057.15,1738052658
23057.75,1738052659
23057.45,1738052659
23058.00,1738052660
23057.30,1738052660
23057.90,1738052661
23059.00,1738052661
23058.40,1738052662
23058.20,1738052662
23058.70,1738052663
23059.65,1738052663
23059.80,1738052664
23060.10,1738052664
23059.25,1738052665
23056.65,1738052665
23058.35,1738052666
23058.00,1738052666
23058.55,1738052667
23058.40,1738052667
23058.80,1738052668
23058.50,1738052668
23057.90,1738052669
23056.90,1738052669
23057.25,1738052670
23058.40,1738052670
23059.40,1738052671
23059.30,1738052671
23059.20,1738052672
23058.90,1738052672
23059.40,1738052673
23060.60,1738052673
23060.45,1738052674
23059.65,1738052674
23059.35,1738052675
23057.95,1738052675
23058.55,1738052676
23059.25,1738052676
23059.40,1738052677
23060.50,1738052677
23061.25,1738052678
23060.30,1738052679
23060.70,1738052679
23060.95,1738052680
23060.50,1738052680
23059.95,1738052681
23060.85,1738052681
23060.70,1738052682
23061.20,1738052682
23060.80,1738052683
23061.30,1738052683
23061.45,1738052684
23060.30,1738052684
23061.40,1738052685
23057.95,1738052685
23058.85,1738052686
23059.30,1738052686
23059.00,1738052687
23059.35,1738052687
23059.05,1738052688
23058.85,1738052688
23059.60,1738052689
23060.00,1738052690
23060.45,1738052690
23059.90,1738052691
23059.30,1738052691
23059.25,1738052692
23058.75,1738052692
23059.00,1738052693
23060.00,1738052693
23060.20,1738052694
23059.70,1738052694
23060.10,1738052695
23057.45,1738052695
23057.80,1738052696
23058.50,1738052696
23058.80,1738052697
23059.00,1738052697
23060.50,1738052698
23060.75,1738052698
23060.30,1738052699
23060.00,1738052699
23059.35,1738052700
23060.30,1738052700
23060.05,1738052701
23060.65,1738052701
23059.80,1738052702
23060.40,1738052702
23060.45,1738052703
23062.45,1738052703
23062.70,1738052704
23062.15,1738052704
23061.00,1738052705
23059.90,1738052705
23059.85,1738052706
23060.25,1738052706
23060.35,1738052707
23059.70,1738052707
23059.75,1738052708
23062.50,1738052708
23060.90,1738052709
23061.25,1738052709
23061.10,1738052710
23060.25,1738052711
23060.15,1738052711
23060.05,1738052712
23060.60,1738052712
23060.05,1738052713
23060.85,1738052713
23061.65,1738052714
23060.90,1738052714
23060.35,1738052715
23057.40,1738052715
23059.25,1738052716
23059.65,1738052716
23059.75,1738052717
23059.65,1738052717
23059.90,1738052718
23061.00,1738052718
23061.40,1738052719
23061.85,1738052719
23061.80,1738052720
23061.75,1738052720
23061.15,1738052721
23061.30,1738052721
23062.15,1738052722
23062.25,1738052722
23061.70,1738052723
23062.75,1738052723
23062.30,1738052724
23062.10,1738052724
23061.80,1738052725
23060.25,1738052725
23060.95,1738052726
23062.15,1738052726
23061.10,1738052727
23061.75,1738052728
23060.95,1738052728
23061.80,1738052729
23062.15,1738052729
23065.00,1738052730
23064.10,1738052730
23063.20,1738052731
23063.90,1738052731
23064.25,1738052732
23063.60,1738052732
23062.95,1738052733
23064.90,1738052733
23064.85,1738052734
23063.40,1738052734
23062.80,1738052735
23060.05,1738052735
23060.25,1738052736
23064.70,1738052736
23063.15,1738052737
23062.75,1738052737
23060.95,1738052738
23061.20,1738052738
23060.50,1738052739
23061.15,1738052739
23061.50,1738052740
23062.75,1738052740
23062.20,1738052741
23062.70,1738052741
23061.35,1738052742
23061.80,1738052742
23061.55,1738052743
23062.40,1738052743
23062.55,1738052744
23061.35,1738052744
23060.70,1738052745
23058.20,1738052745
23059.70,1738052746
23060.55,1738052746
23061.10,1738052747
23060.70,1738052748
23060.15,1738052748
23060.55,1738052749
23060.05,1738052749
23060.75,1738052750
23061.45,1738052750
23060.75,1738052751
23060.65,1738052751
23059.85,1738052752
23060.60,1738052753
23060.40,1738052753
23061.20,1738052754
23059.70,1738052754
23059.25,1738052755
23056.60,1738052755
23056.40,1738052756
23056.75,1738052756
23057.00,1738052757
23058.25,1738052758
23057.20,1738052758
23057.15,1738052759
23057.05,1738052759
23056.95,1738052760
23057.15,1738052760
23056.65,1738052761
23056.85,1738052761
23057.20,1738052762
23057.40,1738052763
23059.10,1738052763
23058.55,1738052764
23057.35,1738052764
23057.10,1738052765
23055.80,1738052765
23056.15,1738052766
23056.00,1738052766
23055.75,1738052767
23055.95,1738052767
23055.65,1738052768
23056.00,1738052768
23055.75,1738052769
23055.15,1738052769
23054.80,1738052770
23055.65,1738052770
23054.60,1738052771
23055.00,1738052771
23054.90,1738052772
23054.95,1738052772
23056.20,1738052773
23056.00,1738052774
23054.55,1738052774
23053.90,1738052775
23052.75,1738052775
23052.50,1738052776
23053.00,1738052776
23053.15,1738052777
23052.95,1738052777
23053.25,1738052778
23054.30,1738052778
23053.60,1738052779
23054.55,1738052779
23053.75,1738052780
23053.80,1738052780
23055.20,1738052781
23054.90,1738052781
23055.15,1738052782
23054.80,1738052782
23054.85,1738052783
23056.85,1738052783
23056.90,1738052784
23055.35,1738052784
23055.65,1738052785
23053.45,1738052785
23054.55,1738052787
23054.80,1738052787
23055.50,1738052788
23056.25,1738052788
23055.65,1738052789
23055.30,1738052789
23055.15,1738052790
23055.40,1738052790
23055.05,1738052791
23054.95,1738052791
23054.75,1738052792
23055.15,1738052792
23055.45,1738052793
23056.40,1738052793
23055.25,1738052794
23055.00,1738052794
23054.75,1738052795
23052.25,1738052795
23052.85,1738052796
23053.25,1738052796
23052.90,1738052797
23052.15,1738052797
23052.50,1738052798
23052.35,1738052798
23051.80,1738052799
23052.10,1738052799
23051.65,1738052800
23051.80,1738052800
23050.45,1738052801
23050.80,1738052801
23050.65,1738052802
23050.15,1738052802
23050.30,1738052803
23051.00,1738052803
23051.75,1738052804
23050.40,1738052804
23050.80,1738052805
23049.00,1738052805
23050.75,1738052806
23051.80,1738052806
23052.25,1738052807
23050.80,1738052807
23050.35,1738052808
23050.50,1738052808
23051.45,1738052809
23050.85,1738052809
23050.65,1738052810
23051.40,1738052810
23051.60,1738052811
23051.70,1738052811
23051.10,1738052812
23052.05,1738052812
23051.10,1738052813
23053.50,1738052813
23052.55,1738052814
23051.80,1738052814
23051.45,1738052815
23049.25,1738052815
23051.30,1738052816
23050.90,1738052816
23051.05,1738052817
23051.65,1738052817
23051.20,1738052818
23051.90,1738052818
23051.60,1738052819
23051.15,1738052819
23050.75,1738052820
23050.90,1738052820
23050.25,1738052821
23049.65,1738052821
23048.95,1738052822
23048.80,1738052822
23049.05,1738052823
23051.20,1738052823
23050.60,1738052824
23049.85,1738052824
23049.55,1738052825
23047.05,1738052825
23047.45,1738052826
23048.70,1738052826
23048.75,1738052827
23048.95,1738052827
23048.75,1738052828
23048.00,1738052828
23048.80,1738052829
23048.75,1738052830
23048.40,1738052830
23047.70,1738052831
23048.35,1738052831
23048.20,1738052832
23048.85,1738052832
23049.30,1738052833
23049.65,1738052833
23049.10,1738052834
23049.45,1738052834
23049.50,1738052835
23047.45,1738052835
23047.70,1738052836
23048.45,1738052836
23048.70,1738052837
23048.95,1738052837
23048.25,1738052838
23047.50,1738052838
23047.40,1738052839
23047.45,1738052839
23047.95,1738052840
23047.50,1738052840
23048.50,1738052841
23049.15,1738052841
23049.05,1738052842
23049.65,1738052842
23050.45,1738052843
23052.25,1738052843
23051.35,1738052844
23049.85,1738052844
23050.70,1738052845
23047.95,1738052845
23048.40,1738052846
23049.00,1738052846
23049.55,1738052847
23048.50,1738052847
23048.90,1738052848
23048.85,1738052848
23048.80,1738052849
23050.00,1738052849
23049.75,1738052850
23049.55,1738052850
23049.85,1738052851
23049.80,1738052851
23050.05,1738052852
23051.30,1738052852
23051.90,1738052853
23053.80,1738052853
23054.05,1738052854
23059.30,1738052973
23058.75,1738052974
23058.55,1738052974
23059.10,1738052975
23056.45,1738052975
23057.25,1738052976
23058.00,1738052976
23057.25,1738052977
23057.00,1738052977
23058.05,1738052978
23058.25,1738052978
23057.05,1738052979
23056.15,1738052979
23057.50,1738052980
23057.00,1738052980
23057.10,1738052981
23056.50,1738052981
23055.20,1738052982
23055.45,1738052982
23056.05,1738052983
23056.70,1738052983
23058.00,1738052984
23057.05,1738052984
23057.30,1738052985
23055.10,1738052985
23055.80,1738052986
23055.65,1738052986
23056.00,1738052987
23056.65,1738052987
23055.35,1738052988
23055.75,1738052988
23055.90,1738052989
23055.95,1738052989
23055.30,1738052991
23057.40,1738052991
23057.25,1738052992
23057.40,1738052992
23057.80,1738052993
23059.20,1738052993
23058.60,1738052994
23058.70,1738052994
23058.60,1738052995
23056.45,1738052995
23056.50,1738052996
23056.55,1738052996
23057.10,1738052997
23057.25,1738052997
23058.10,1738052998
23058.40,1738052998
23059.30,1738052999
23057.65,1738052999
23057.35,1738053000
23058.30,1738053000
23059.50,1738053001
23057.95,1738053001
23059.55,1738053002
23058.10,1738053002
23057.55,1738053003
23060.10,1738053003
23058.85,1738053004
23058.45,1738053004
23055.50,1738053005
23056.60,1738053006
23056.25,1738053006
23055.60,1738053007
23056.55,1738053007
23056.65,1738053008
23056.95,1738053008
23057.75,1738053009
23058.35,1738053009
23058.15,1738053010
23058.25,1738053010
23058.35,1738053011
23058.25,1738053011
23058.15,1738053012
23058.35,1738053012
23057.80,1738053013
23058.00,1738053013
23059.00,1738053014
23058.00,1738053014
23057.35,1738053015
23055.15,1738053015
23056.40,1738053016
23056.75,1738053016
23057.05,1738053017
23056.60,1738053017
23055.80,1738053018
23056.20,1738053018
23056.75,1738053019
23056.60,1738053019
23057.20,1738053020
23057.35,1738053020
23056.75,1738053021
23057.40,1738053021
23057.45,1738053022
23057.15,1738053022
23057.60,1738053023
23058.80,1738053023
23059.65,1738053024
23058.70,1738053024
23058.35,1738053025
23056.70,1738053025
23060.35,1738053026
23059.70,1738053026
23060.00,1738053027
23059.45,1738053027
23059.75,1738053028
23060.25,1738053028
23060.15,1738053029
23063.85,1738053029
23061.35,1738053030
23062.60,1738053030
23061.55,1738053031
23060.65,1738053031
23061.10,1738053032
23061.40,1738053032
23061.65,1738053033
23063.20,1738053033
23063.50,1738053034
23062.65,1738053034
23061.55,1738053035
23059.95,1738053035
23060.25,1738053036
23060.90,1738053036
23060.85,1738053037
23061.15,1738053037
23061.35,1738053038
23061.80,1738053038
23062.60,1738053039
23063.00,1738053040
23062.55,1738053040
23063.50,1738053041
23064.15,1738053042
23064.60,1738053042
23064.35,1738053043
23065.60,1738053043
23066.60,1738053044
23066.20,1738053044
23065.45,1738053045
23064.30,1738053045
23065.40,1738053046
23066.15,1738053046
23066.20,1738053047
23066.50,1738053047
23066.85,1738053048
23066.55,1738053048
23066.20,1738053049
23066.85,1738053049
23066.90,1738053050
23066.95,1738053050
23066.85,1738053051
23066.30,1738053051
23065.50,1738053052
23066.80,1738053052
23066.75,1738053053
23068.85,1738053053
23067.70,1738053054
23066.85,1738053054
23067.35,1738053055
23064.35,1738053055
23065.65,1738053056
23065.70,1738053056
23066.00,1738053057
23066.65,1738053057
23066.70,1738053058
23067.60,1738053058
23067.00,1738053059
23066.45,1738053059
23066.35,1738053060
23066.25,1738053060
23065.95,1738053061
23066.50,1738053061
23067.35,1738053062
23067.45,1738053062
23067.25,1738053063
23069.40,1738053063
23069.10,1738053064
23070.40,1738053064
23069.15,1738053065
23067.75,1738053065
23069.25,1738053066
23069.65,1738053066
23070.40,1738053067
23071.50,1738053067
23071.35,1738053068
23072.00,1738053068
23070.95,1738053069
23073.50,1738053070
23072.25,1738053070
23071.80,1738053071
23071.75,1738053071
23072.25,1738053072
23074.75,1738053072
23073.90,1738053073
23073.85,1738053073
23073.75,1738053074
23073.05,1738053074
23074.15,1738053075
23071.00,1738053075
23071.30,1738053076
23071.60,1738053076
23073.15,1738053077
23073.05,1738053077
23073.65,1738053078
23073.10,1738053078
23072.80,1738053079
23072.95,1738053079
23072.75,1738053080
23072.90,1738053080
23075.05,1738053081
23073.35,1738053081
23073.85,1738053082
23073.20,1738053082
23074.30,1738053083
23074.30,1738053083
23075.55,1738053084
23074.40,1738053084
23073.70,1738053085
23072.00,1738053085
23073.35,1738053086
23073.25,1738053086
23074.65,1738053087
23072.65,1738053087
23072.35,1738053088
23070.95,1738053088
23071.30,1738053089
23069.65,1738053089
23068.25,1738053090
23068.55,1738053090
23067.35,1738053091
23066.80,1738053091
23067.00,1738053092
23065.55,1738053092
23065.95,1738053093
23067.80,1738053093
23068.70,1738053094
23067.40,1738053094
23067.05,1738053095
23064.55,1738053095
23065.30,1738053096
23066.00,1738053096
23066.70,1738053097
23066.35,1738053097
23066.50,1738053098
23065.35,1738053098
23066.30,1738053099
23067.10,1738053099
23066.45,1738053100
23065.65,1738053100
23065.25,1738053101
23065.65,1738053101
23064.90,1738053102
23067.15,1738053102
23067.95,1738053103
23067.55,1738053103
23068.10,1738053104
23067.50,1738053104
23067.00,1738053105
23065.00,1738053105
23066.25,1738053106
23067.40,1738053106
23067.10,1738053107
23065.40,1738053107
23064.25,1738053108
23064.35,1738053108
23064.60,1738053109
23063.55,1738053109
23063.50,1738053110
23063.55,1738053110
23062.60,1738053111
23062.70,1738053111
23061.90,1738053112
23061.75,1738053112
23061.90,1738053113
23064.30,1738053113
23063.50,1738053114
23062.75,1738053114
23062.40,1738053115
23059.95,1738053115
23060.30,1738053116
23060.35,1738053116
23060.05,1738053117
23060.45,1738053117
23061.70,1738053118
23061.35,1738053118
23060.95,1738053119
23060.70,1738053119
23061.10,1738053120
23062.10,1738053120
23060.90,1738053121
23061.05,1738053121
23062.40,1738053122
23061.55,1738053123
23064.25,1738053123
23065.10,1738053124
23064.45,1738053124
23064.60,1738053125
23061.80,1738053125
23061.50,1738053126
23061.90,1738053126
23062.20,1738053127
23062.15,1738053127
23061.95,1738053128
23062.00,1738053128
23062.55,1738053129
23062.10,1738053129
23062.70,1738053130
23063.60,1738053130
23063.10,1738053131
23063.30,1738053131
23062.85,1738053132
23063.15,1738053132
23062.45,1738053133
23063.95,1738053133
23064.40,1738053134
23063.45,1738053134
23063.60,1738053135
23061.60,1738053135
23062.00,1738053136
23063.05,1738053136
23063.55,1738053137
23064.20,1738053137
23063.35,1738053138
23063.70,1738053138
23064.10,1738053139
23064.40,1738053139
23064.95,1738053140
23064.85,1738053141
23064.95,1738053141
23065.30,1738053142
23066.25,1738053143
23066.95,1738053143
23066.80,1738053144
23066.85,1738053144
23066.30,1738053145
23064.65,1738053145
23065.60,1738053146
23065.95,1738053146
23066.85,1738053147
23065.80,1738053147
23067.20,1738053148
23068.15,1738053148
23066.65,1738053149
23067.25,1738053149
23067.00,1738053150
23065.80,1738053150
23066.40,1738053151
23066.30,1738053151
23066.65,1738053152
23066.40,1738053152
23066.90,1738053153
23068.25,1738053153
23068.30,1738053154
23067.90,1738053154
23067.65,1738053155
23066.05,1738053155
23066.50,1738053156
23067.20,1738053156
23067.10,1738053157
23066.40,1738053157
23066.85,1738053158
23067.70,1738053159
23068.15,1738053159
23068.35,1738053160
23069.20,1738053160
23069.55,1738053161
23069.60,1738053161
23069.85,1738053162
23070.15,1738053162
23070.80,1738053163
23071.45,1738053163
23071.80,1738053164
23071.30,1738053164
23072.65,1738053165
23071.20,1738053165
23071.05,1738053166
23071.60,1738053166
23071.55,1738053167
23071.90,1738053167
23071.55,1738053168
23071.70,1738053168
23071.65,1738053169
23071.40,1738053169
23071.50,1738053170
23071.95,1738053170
23072.20,1738053171
23072.05,1738053171
23071.35,1738053172
23071.30,1738053172
23070.60,1738053173
23070.65,1738053173
23070.55,1738053174
23069.90,1738053174
23069.60,1738053175
23067.35,1738053175
23068.00,1738053176
23067.95,1738053176
23068.45,1738053177
23068.75,1738053177
23071.70,1738053178
23071.10,1738053178
23070.95,1738053179
23070.35,1738053179
23069.45,1738053180
23069.40,1738053180
23070.30,1738053181
23069.70,1738053181
23069.60,1738053182
23070.10,1738053182
23070.45,1738053183
23071.25,1738053183
23071.45,1738053184
23070.75,1738053184
23071.30,1738053185
23068.35,1738053185
23068.85,1738053186
23068.60,1738053186
23068.40,1738053187
23068.25,1738053187
23068.50,1738053188
23068.00,1738053189
23069.10,1738053189
23069.40,1738053190
23069.45,1738053190
23069.50,1738053191
23069.45,1738053191
23069.25,1738053192
23068.15,1738053192
23068.20,1738053193
23069.30,1738053193
23069.90,1738053194
23069.55,1738053194
23068.85,1738053195
23066.30,1738053195
23066.95,1738053196
23067.00,1738053196
23067.15,1738053197
23067.50,1738053197
23067.75,1738053198
23068.05,1738053198
23067.90,1738053199
23067.85,1738053199
23068.40,1738053200
23068.80,1738053201
23068.15,1738053201
23067.80,1738053202
23067.70,1738053202
23067.45,1738053203
23069.25,1738053203
23068.75,1738053204
23068.00,1738053204
23067.90,1738053205
23066.00,1738053205
23066.65,1738053206
23066.50,1738053206
23066.80,1738053207
23066.95,1738053207
23067.25,1738053208
23067.60,1738053208
23067.65,1738053209
23067.90,1738053209
23067.60,1738053210
23068.15,1738053210
23068.25,1738053211
23068.55,1738053212
23068.70,1738053212
23069.15,1738053213
23070.30,1738053213
23070.50,1738053214
23069.70,1738053214
23070.05,1738053215
23067.55,1738053215
23067.40,1738053216
23067.45,1738053216
23067.25,1738053217
23068.00,1738053217
23067.30,1738053218
23067.40,1738053218
23066.35,1738053219
23066.50,1738053219
23066.90,1738053220
23067.35,1738053220
23067.25,1738053221
23066.95,1738053221
23066.75,1738053222
23066.35,1738053222
23065.80,1738053223
23066.90,1738053223
23067.20,1738053224
23066.70,1738053224
23066.20,1738053225
23065.00,1738053225
23065.15,1738053226
23065.50,1738053226
23065.70,1738053227
23065.55,1738053227
23065.05,1738053228
23065.50,1738053228
23065.55,1738053229
23064.05,1738053229
23064.55,1738053230
23064.60,1738053230
23065.00,1738053231
23065.75,1738053231
23064.80,1738053232
23065.15,1738053232
23065.50,1738053233
23067.55,1738053233
23067.20,1738053234
23066.40,1738053234
23064.40,1738053235
23065.90,1738053236
23065.25,1738053236
23065.20,1738053237
23065.40,1738053237
23066.05,1738053238
23065.35,1738053238
23065.25,1738053239
23065.70,1738053239
23064.85,1738053240
23065.20,1738053240
23064.85,1738053241
23064.30,1738053241
23064.35,1738053242
23064.10,1738053242
23063.35,1738053243
23065.50,1738053243
23065.45,1738053244
23064.10,1738053244
23064.95,1738053245
23063.50,1738053245
23064.05,1738053246
23064.00,1738053246
23064.45,1738053247
23064.20,1738053247
23064.05,1738053248
23064.25,1738053248
23064.65,1738053249
23064.50,1738053249
23063.75,1738053250
23064.10,1738053250
23063.85,1738053251
23063.80,1738053251
23063.95,1738053252
23064.60,1738053252
23064.20,1738053253
23065.05,1738053253
23065.60,1738053254
23065.10,1738053254
23064.55,1738053255
23062.75,1738053255
23063.15,1738053256
23063.25,1738053257
23063.55,1738053257
23063.30,1738053258
23064.75,1738053258
23065.10,1738053259
23064.50,1738053259
23065.95,1738053260
23064.45,1738053260
23065.10,1738053261
23065.50,1738053261
23065.05,1738053262
23064.75,1738053262
23064.55,1738053263
23065.60,1738053263
23065.80,1738053264
23065.10,1738053264
23064.55,1738053265
23062.40,1738053265
23063.45,1738053266
23063.70,1738053266
23063.15,1738053267
23063.35,1738053267
23064.15,1738053268
23064.10,1738053268
23063.45,1738053269
23063.35,1738053270
23066.95,1738053271
23064.20,1738053271
23063.85,1738053272
23063.40,1738053272
23063.60,1738053273
23066.65,1738053273
23066.15,1738053274
23064.55,1738053274
23064.30,1738053275
23061.50,1738053275
23061.95,1738053276
23062.15,1738053276
23061.95,1738053277
23061.70,1738053277
23061.45,1738053278
23061.55,1738053278
23062.45,1738053279
23061.85,1738053280
23061.55,1738053280
23062.00,1738053281
23061.60,1738053281
23060.35,1738053282
23060.75,1738053282
23060.85,1738053283
23062.25,1738053283
23062.65,1738053284
23062.00,1738053284
23060.60,1738053285
23061.40,1738053286
23061.35,1738053286
23061.30,1738053287
23061.50,1738053287
23059.65,1738053288
23059.85,1738053288
23059.80,1738053289
23059.60,1738053289
23059.25,1738053290
23058.80,1738053290
23058.85,1738053291
23058.45,1738053291
23059.20,1738053292
23058.75,1738053292
23058.30,1738053293
23060.30,1738053293
23060.00,1738053294
23059.50,1738053294
23060.20,1738053295
23057.30,1738053295
23059.15,1738053296
23058.20,1738053296
23057.95,1738053297
23059.25,1738053297
23059.10,1738053298
23059.05,1738053298
23059.30,1738053299
23058.30,1738053299
23057.90,1738053300
23058.15,1738053300
23058.35,1738053301
23058.60,1738053301
23059.00,1738053302
23059.90,1738053302
23058.90,1738053303
23061.70,1738053303
23062.05,1738053304
23061.20,1738053304
23060.65,1738053305
23059.45,1738053305
23060.05,1738053306
23059.75,1738053306
23060.60,1738053307
23060.35,1738053307
23059.15,1738053308
23058.60,1738053308
23058.80,1738053309
23059.45,1738053309
23058.25,1738053310
23059.60,1738053310
23058.30,1738053311
23058.40,1738053311
23057.20,1738053312
23057.65,1738053312
23057.35,1738053313
23057.85,1738053313
23058.85,1738053314
23057.80,1738053314
23057.60,1738053315
23057.95,1738053315
23056.95,1738053316
23057.55,1738053316
23057.40,1738053317
23057.45,1738053317
23057.55,1738053318
23058.10,1738053318
23058.45,1738053319
23058.90,1738053319
23059.55,1738053320
23059.50,1738053320
23060.40,1738053321
23060.15,1738053322
23060.75,1738053322
23061.35,1738053323
23062.80,1738053323
23061.75,1738053324
23061.55,1738053325
23059.70,1738053325
23060.35,1738053326
23060.85,1738053326
23061.00,1738053327
23060.80,1738053327
23061.50,1738053328
23061.40,1738053329
23061.50,1738053329
23061.20,1738053330
23061.15,1738053331
23060.45,1738053331
23060.40,1738053332
23060.60,1738053333
23061.15,1738053333
23060.85,1738053334
23060.25,1738053334
23059.70,1738053335
23057.30,1738053335
23057.65,1738053336
23058.00,1738053336
23057.75,1738053337
23057.45,1738053338
23058.40,1738053338
23058.95,1738053339
23058.65,1738053339
23060.05,1738053340
23060.20,1738053340
23059.45,1738053341
23059.35,1738053341
23058.20,1738053342
23058.25,1738053342
23058.40,1738053343
23059.35,1738053343
23059.90,1738053344
23059.50,1738053344
23059.35,1738053345
23057.50,1738053345
23058.15,1738053346
23058.50,1738053346
23059.40,1738053347
23058.35,1738053347
23058.85,1738053348
23059.25,1738053348
23059.05,1738053349
23058.95,1738053349
23058.80,1738053350
23058.75,1738053350
23058.90,1738053351
23058.40,1738053351
23057.95,1738053352
23057.70,1738053352
23057.55,1738053353
23058.30,1738053353
23058.90,1738053354
23057.75,1738053354
23056.90,1738053355
23055.20,1738053355
23056.45,1738053356
23056.80,1738053356
23056.65,1738053357
23056.90,1738053357
23057.20,1738053358
23057.55,1738053358
23057.25,1738053359
23057.55,1738053359
23058.05,1738053360
23059.35,1738053360
23058.60,1738053361
23058.75,1738053361
23058.85,1738053362
23057.40,1738053362
23057.65,1738053363
23059.80,1738053363
23059.10,1738053364
23058.75,1738053364
23058.20,1738053365
23056.55,1738053365
23056.95,1738053366
23057.05,1738053366
23056.70,1738053367
23056.75,1738053367
23059.00,1738053368
23058.40,1738053368
23058.35,1738053369
23056.95,1738053369
23057.75,1738053370
23057.30,1738053370
23057.10,1738053371
23057.20,1738053371
23057.10,1738053372
23056.90,1738053372
23056.55,1738053373
23058.65,1738053373
23058.45,1738053374
23056.60,1738053374
23056.65,1738053375
23054.45,1738053375
23055.05,1738053376
23055.50,1738053376
23055.30,1738053377
23055.60,1738053377
23055.75,1738053378
23056.00,1738053378
23056.35,1738053379
23057.05,1738053380
23057.30,1738053380
23057.50,1738053381
23058.25,1738053381
23057.40,1738053382
23058.00,1738053382
23057.70,1738053383
23058.45,1738053383
23058.05,1738053384
23057.05,1738053384
23056.45,1738053385
23054.30,1738053385
23055.15,1738053386
23057.00,1738053386
23057.75,1738053387
23056.60,1738053387
23056.85,1738053388
23056.05,1738053388
23056.35,1738053389
23056.75,1738053389
23056.70,1738053390
23056.15,1738053390
23056.05,1738053391
23057.70,1738053392
23057.00,1738053392
23056.55,1738053393
23058.40,1738053393
23058.70,1738053394
23056.95,1738053394
23056.60,1738053395
23055.15,1738053395
23055.95,1738053396
23056.85,1738053396
23055.70,1738053397
23056.25,1738053397
23058.60,1738053398
23058.10,1738053398
23055.85,1738053399
23055.75,1738053399
23055.95,1738053400
23056.25,1738053400
23056.50,1738053401
23056.20,1738053401
23056.00,1738053402
23056.25,1738053402
23056.10,1738053403
23057.20,1738053403
23057.80,1738053404
23055.25,1738053404
23054.90,1738053405
23053.35,1738053405
23053.20,1738053406
23053.45,1738053406
23053.80,1738053407
23053.30,1738053408
23053.35,1738053408
23052.75,1738053409
23052.65,1738053409
23052.75,1738053410
23052.80,1738053410
23051.80,1738053411
23052.20,1738053412
23051.45,1738053412
23053.00,1738053413
23053.65,1738053414
23051.30,1738053414
23051.20,1738053415
23049.75,1738053415
23050.85,1738053416
23051.45,1738053416
23051.15,1738053417
23050.35,1738053417
23050.85,1738053418
23050.25,1738053418
23049.85,1738053419
23050.45,1738053419
23050.40,1738053420
23050.55,1738053420
23050.30,1738053421
23050.15,1738053421
23051.15,1738053422
23051.10,1738053423
23052.80,1738053423
23052.40,1738053424
23050.90,1738053424
23049.45,1738053425
23049.30,1738053426
23050.40,1738053426
23049.45,1738053427
23049.50,1738053427
23050.40,1738053428
23050.25,1738053428
23050.65,1738053429
23050.75,1738053429
23049.45,1738053430
23050.25,1738053430
23049.80,1738053431
23049.55,1738053431
23049.00,1738053432
23050.50,1738053432
23050.20,1738053433
23050.15,1738053433
23050.20,1738053434
23049.60,1738053434
23048.65,1738053435
23046.70,1738053435
23047.65,1738053436
23048.20,1738053436
23047.80,1738053437
23048.60,1738053437
23048.40,1738053438
23048.80,1738053438
23048.70,1738053439
23048.40,1738053439
23049.05,1738053440
23049.15,1738053440
23049.25,1738053441
23049.30,1738053441
23048.55,1738053442
23048.60,1738053442
23048.45,1738053443
23049.25,1738053443
23049.60,1738053444
23049.15,1738053444
23048.75,1738053445
23045.80,1738053445
23049.35,1738053446
23048.15,1738053446
23047.45,1738053447
23048.15,1738053447
23048.35,1738053448
23047.55,1738053448
23046.95,1738053449
23046.80,1738053449
23047.45,1738053450
23046.75,1738053450
23048.00,1738053451
23047.90,1738053451
23048.30,1738053452
23048.55,1738053452
23048.05,1738053453
23050.30,1738053453
23050.70,1738053454
23049.20,1738053454
23048.60,1738053455
23047.45,1738053455
23047.65,1738053456
23048.15,1738053456
23048.20,1738053457
23048.40,1738053458
23049.25,1738053458
23048.55,1738053459
23049.15,1738053459
23049.80,1738053460
23048.75,1738053460
23049.00,1738053461
23048.60,1738053461
23048.30,1738053462
23049.65,1738053462
23048.95,1738053463
23049.75,1738053463
23050.30,1738053464
23050.50,1738053464
23050.45,1738053465
23049.15,1738053465
23049.70,1738053466
23050.50,1738053466
23050.30,1738053467
23050.60,1738053467
23050.15,1738053468
23051.25,1738053468
23051.55,1738053469
23052.45,1738053469
23052.10,1738053470
23051.95,1738053470
23052.10,1738053471
23051.65,1738053471
23052.80,1738053472
23052.70,1738053472
23053.20,1738053473
23053.85,1738053473
23054.50,1738053474
23053.15,1738053474
23053.90,1738053475
23050.90,1738053475
23050.80,1738053476
23050.65,1738053476
23051.20,1738053477
23051.30,1738053477
23051.55,1738053478
23051.35,1738053478
23051.80,1738053479
23051.05,1738053479
23050.75,1738053480
23050.95,1738053480
23051.05,1738053481
23051.10,1738053481
23050.85,1738053482
23050.50,1738053482
23050.90,1738053483
23053.80,1738053483
23053.95,1738053484
23052.55,1738053484
23051.20,1738053485
23052.05,1738053486
23052.20,1738053486
23052.60,1738053487
23052.70,1738053487
23053.40,1738053488
23052.75,1738053488
23051.60,1738053489
23050.90,1738053489
23051.95,1738053490
23051.60,1738053490
23051.65,1738053491
23051.20,1738053491
23051.25,1738053492
23051.45,1738053492
23051.30,1738053493
23052.45,1738053493
23052.65,1738053494
23053.10,1738053494
23051.70,1738053495
23049.35,1738053495
23051.85,1738053496
23051.70,1738053496
23051.80,1738053497
23051.90,1738053497
23050.65,1738053498
23051.50,1738053498
23050.85,1738053499
23051.50,1738053499
23051.40,1738053500
23050.20,1738053500
23051.25,1738053501
23050.45,1738053501
23050.30,1738053502
23049.60,1738053502
23049.55,1738053503
23050.60,1738053503
23051.80,1738053504
23050.50,1738053504
23051.10,1738053505
23049.45,1738053505
23050.95,1738053506
23050.85,1738053506
23050.80,1738053507
23051.30,1738053507
23051.25,1738053508
23051.00,1738053508
23050.15,1738053509
23051.15,1738053509
23050.45,1738053510
23050.95,1738053510
23050.85,1738053511
23050.80,1738053511
23050.35,1738053512
23050.45,1738053512
23050.85,1738053513
23054.45,1738053513
23054.35,1738053514
23053.55,1738053514
23052.45,1738053515
23050.60,1738053515
23050.75,1738053516
23051.00,1738053516
23050.40,1738053517
23052.35,1738053517
23051.25,1738053518
23052.20,1738053518
23052.10,1738053519
23052.05,1738053519
23052.20,1738053520
23052.30,1738053520
23050.80,1738053521
23050.95,1738053521
23051.80,1738053522
23052.35,1738053522
23051.65,1738053523
23052.25,1738053523
23053.50,1738053524
23052.85,1738053524
23050.60,1738053525
23049.55,1738053525
23050.05,1738053526
23049.35,1738053526
23051.05,1738053527
23049.85,1738053527
23049.40,1738053528
23050.80,1738053528
23049.40,1738053529
23049.55,1738053529
23050.90,1738053530
23050.60,1738053530
23050.70,1738053531
23050.05,1738053532
23050.00,1738053532
23050.50,1738053533
23051.50,1738053533
23052.20,1738053534
23050.00,1738053534
23050.40,1738053535
23048.85,1738053535
23050.20,1738053536
23049.15,1738053536
23050.50,1738053537
23050.45,1738053537
23050.85,1738053538
23050.60,1738053538
23049.95,1738053539
23049.80,1738053539
23051.20,1738053540
23050.50,1738053540
23050.30,1738053541
23049.10,1738053541
23050.05,1738053542
23051.10,1738053542
23051.45,1738053543
23052.75,1738053543
23052.60,1738053544
23052.35,1738053544
23051.70,1738053545
23050.30,1738053545
23049.45,1738053546
23049.80,1738053546
23050.00,1738053547
23049.80,1738053547
23050.10,1738053548
23049.35,1738053548
23050.90,1738053549
23049.85,1738053549
23051.80,1738053550
23050.55,1738053550
23050.30,1738053551
23050.85,1738053551
23050.65,1738053552
23052.35,1738053552
23052.10,1738053553
23052.75,1738053553
23051.50,1738053554
23051.70,1738053555
23048.80,1738053555
23050.10,1738053556
23050.55,1738053556
23050.45,1738053557
23051.45,1738053557
23050.10,1738053558
23050.20,1738053558
23051.10,1738053559
23050.80,1738053559
23050.55,1738053560
23051.60,1738053560
23052.25,1738053561
23052.40,1738053561
23052.10,1738053562
23053.05,1738053562
23051.90,1738053563
23054.50,1738053563
23053.20,1738053564
23053.55,1738053565
23050.30,1738053565
23051.70,1738053566
23051.60,1738053566
23052.10,1738053567
23051.95,1738053567
23052.95,1738053568
23054.60,1738053568
23054.10,1738053569
23052.10,1738053569
23052.35,1738053570
23051.10,1738053570
23051.65,1738053571
23051.15,1738053571
23051.20,1738053572
23052.85,1738053572
23053.05,1738053573
23054.60,1738053573
23053.40,1738053574
23053.60,1738053574
23053.80,1738053575
23050.35,1738053575
23051.35,1738053576
23051.65,1738053577
23052.00,1738053577
23051.60,1738053578
23051.85,1738053578
23052.60,1738053579
23054.30,1738053579
23054.20,1738053580
23055.00,1738053580
23052.75,1738053581
23052.90,1738053581
23055.60,1738053582
23053.60,1738053582
23053.90,1738053583
23054.75,1738053583
23055.20,1738053584
23053.90,1738053584
23053.70,1738053585
23051.35,1738053585
23052.80,1738053586
23053.45,1738053586
23053.10,1738053587
23052.45,1738053587
23051.95,1738053588
23052.15,1738053588
23052.20,1738053589
23052.40,1738053589
23052.15,1738053590
23052.90,1738053590
23052.45,1738053591
23052.50,1738053591
23052.45,1738053592
23053.00,1738053592
23054.45,1738053593
23054.35,1738053593
23056.00,1738053594
23054.55,1738053594
23055.00,1738053595
23052.10,1738053595
23053.75,1738053596
23053.85,1738053596
23054.55,1738053597
23053.55,1738053597
23053.85,1738053598
23054.70,1738053598
23055.60,1738053599
23054.80,1738053599
23054.10,1738053600
23053.10,1738053600
23053.50,1738053601
23053.45,1738053601
23054.55,1738053602
23054.30,1738053602
23053.95,1738053603
23054.70,1738053603
23054.00,1738053604
23055.50,1738053604
23054.65,1738053605
23051.45,1738053605
23052.60,1738053606
23052.10,1738053606
23052.05,1738053607
23051.40,1738053607
23051.60,1738053608
23051.40,1738053608
23051.05,1738053609
23050.70,1738053609
23051.45,1738053610
23051.25,1738053611
23050.55,1738053611
23050.10,1738053612
23051.45,1738053613
23050.90,1738053613
23052.65,1738053614
23051.20,1738053614
23051.65,1738053615
23049.80,1738053615
23050.15,1738053616
23050.35,1738053616
23051.45,1738053617
23051.65,1738053617
23052.15,1738053618
23051.60,1738053618
23051.75,1738053619
23051.85,1738053619
23052.50,1738053620
23051.75,1738053620
23051.55,1738053621
23051.75,1738053621
23052.30,1738053622
23051.65,1738053622
23052.00,1738053623
23052.10,1738053623
23053.85,1738053624
23052.70,1738053624
23051.75,1738053625
23050.10,1738053625
23054.40,1738053626
23052.15,1738053626
23052.60,1738053627
23051.55,1738053627
23052.55,1738053628
23051.35,1738053628
23051.50,1738053629
23051.25,1738053629
23050.90,1738053630
23051.25,1738053630
23051.65,1738053631
23052.05,1738053631
23052.35,1738053632
23054.65,1738053632
23053.95,1738053633
23055.85,1738053633
23056.25,1738053634
23054.45,1738053634
23054.20,1738053635
23051.10,1738053635
23051.15,1738053636
23051.00,1738053636
23051.50,1738053637
23051.35,1738053637
23052.60,1738053638
23052.10,1738053638
23052.20,1738053639
23051.20,1738053639
23051.95,1738053640
23052.50,1738053640
23054.00,1738053641
23054.10,1738053641
23052.95,1738053642
23053.55,1738053642
23052.70,1738053643
23052.85,1738053643
23053.70,1738053644
23050.25,1738053645
23051.60,1738053646
23051.25,1738053646
23051.15,1738053647
23050.60,1738053647
23050.45,1738053648
23051.25,1738053648
23050.55,1738053649
23050.95,1738053649
23051.70,1738053650
23051.05,1738053650
23051.30,1738053651
23050.95,1738053651
23051.00,1738053652
23050.85,1738053652
23051.20,1738053653
23051.60,1738053653
23052.25,1738053654
23052.00,1738053654
23052.05,1738053655
23049.30,1738053655
23049.55,1738053656
23049.70,1738053656
23049.55,1738053657
23049.60,1738053657
23050.05,1738053658
23049.95,1738053658
23050.00,1738053659
23049.85,1738053659
23051.15,1738053660
23050.70,1738053660
23049.95,1738053661
23050.80,1738053662
23050.50,1738053662
23050.25,1738053663
23052.95,1738053663
23052.90,1738053664
23053.45,1738053664
23053.65,1738053665
23051.75,1738053665
23052.40,1738053666
23054.55,1738053666
23054.15,1738053667
23053.25,1738053667
23052.45,1738053668
23052.35,1738053668
23051.65,1738053669
23053.85,1738053669
23052.45,1738053670
23052.35,1738053670
23051.10,1738053671
23052.05,1738053671
23051.90,1738053672
23051.25,1738053673
23051.20,1738053673
23052.15,1738053674
23052.55,1738053674
23052.20,1738053675
23048.95,1738053675
23049.70,1738053676
23052.30,1738053676
23051.55,1738053677
23051.30,1738053677
23050.65,1738053678
23051.25,1738053678
23052.90,1738053679
23051.00,1738053679
23050.50,1738053680
23050.05,1738053680
23050.10,1738053681
23048.95,1738053681
23049.90,1738053682
23052.00,1738053682
23051.45,1738053683
23051.00,1738053683
23052.85,1738053684
23051.85,1738053684
23053.85,1738053685
23049.15,1738053685
23050.15,1738053686
23049.35,1738053686
23050.70,1738053687
23051.15,1738053687
23052.95,1738053688
23052.10,1738053688
23051.10,1738053689
23051.30,1738053689
23051.80,1738053690
23051.50,1738053690
23051.05,1738053691
23051.60,1738053691
23052.50,1738053692
23053.45,1738053692
23054.90,1738053693
23054.80,1738053694
23053.30,1738053694
23052.20,1738053695
23050.55,1738053695
23051.65,1738053696
23052.75,1738053696
23054.00,1738053697
23053.60,1738053697
23052.85,1738053698
23052.15,1738053698
23052.95,1738053699
23050.90,1738053699
23051.50,1738053700
23050.55,1738053700
23050.65,1738053701
23052.05,1738053701
23052.50,1738053702
23050.90,1738053702
23052.10,1738053703
23051.15,1738053703
23051.45,1738053704
23051.25,1738053704
23050.60,1738053705
23048.50,1738053705
23050.25,1738053706
23050.20,1738053706
23051.00,1738053707
23051.20,1738053707
23051.05,1738053708
23050.45,1738053708
23050.25,1738053709
23049.10,1738053709
23048.95,1738053710
23049.05,1738053711
23047.25,1738053711
23047.10,1738053712
23046.60,1738053712
23046.35,1738053713
23046.15,1738053713
23046.95,1738053714
23047.55,1738053714
23046.50,1738053715
23044.05,1738053715
23048.05,1738053716
23047.45,1738053716
23048.30,1738053717
23047.65,1738053717
23047.90,1738053718
23048.00,1738053718
23047.00,1738053719
23046.25,1738053719
23047.85,1738053720
23046.60,1738053720
23045.60,1738053721
23045.00,1738053721
23045.45,1738053722
23045.95,1738053722
23045.45,1738053723
23048.05,1738053723
23047.65,1738053724
23048.30,1738053724
23046.85,1738053725
23044.30,1738053725
23045.00,1738053726
23045.80,1738053726
23045.25,1738053727
23045.75,1738053727
23045.35,1738053728
23045.45,1738053728
23045.65,1738053729
23045.25,1738053729
23045.60,1738053730
23045.45,1738053730
23046.90,1738053731
23046.15,1738053732
23045.20,1738053732
23045.25,1738053733
23045.55,1738053733
23046.80,1738053734
23045.95,1738053734
23046.30,1738053735
23043.45,1738053735
23043.65,1738053736
23043.80,1738053736
23044.55,1738053737
23044.10,1738053737
23043.65,1738053738
23043.90,1738053738
23043.55,1738053739
23044.10,1738053739
23045.05,1738053740
23044.35,1738053740
23044.65,1738053741
23044.30,1738053741
23044.50,1738053742
23044.05,1738053743
23044.25,1738053743
23046.35,1738053744
23045.15,1738053744
23045.10,1738053745
23043.20,1738053745
23043.80,1738053746
23043.60,1738053746
23044.30,1738053747
23043.75,1738053747
23044.05,1738053748
23043.20,1738053748
23043.65,1738053749
23043.90,1738053749
23044.85,1738053750
23045.60,1738053750
23045.55,1738053751
23045.90,1738053751
23046.90,1738053752
23046.70,1738053753
23048.60,1738053753
23048.05,1738053754
23047.80,1738053754
23046.90,1738053755
23044.85,1738053755
23046.05,1738053756
23046.50,1738053756
23047.85,1738053757
23046.35,1738053757
23046.95,1738053758
23047.40,1738053758
23047.55,1738053759
23046.70,1738053759
23047.40,1738053760
23047.85,1738053760
23048.30,1738053761
23048.75,1738053761
23047.15,1738053762
23047.85,1738053762
23046.20,1738053763
23046.85,1738053763
23048.15,1738053764
23048.20,1738053764
23048.15,1738053765
23045.45,1738053765
23047.60,1738053766
23045.95,1738053766
23046.55,1738053767
23046.60,1738053767
23046.05,1738053768
23046.65,1738053768
23047.20,1738053769
23047.65,1738053769
23048.95,1738053770
23048.20,1738053770
23048.55,1738053771
23048.40,1738053771
23048.60,1738053772
23049.20,1738053772
23049.00,1738053773
23048.35,1738053773
23049.25,1738053774
23048.55,1738053774
23047.65,1738053775
23046.65,1738053775
23046.15,1738053776
23045.75,1738053776
23047.25,1738053777
23046.35,1738053777
23046.90,1738053778
23046.55,1738053778
23045.30,1738053779
23045.50,1738053779
23047.95,1738053780
23047.85,1738053780
23046.65,1738053781
23047.25,1738053781
23046.40,1738053782
23046.65,1738053782
23046.10,1738053783
23049.15,1738053783
23047.65,1738053784
23048.55,1738053784
23047.35,1738053785
23045.05,1738053785
23046.70,1738053786
23045.40,1738053786
23046.90,1738053787
23045.20,1738053787
23047.10,1738053788
23046.90,1738053788
23047.70,1738053789
23046.80,1738053789
23046.30,1738053790
23046.05,1738053790
23046.30,1738053791
23046.55,1738053791
23046.20,1738053792
23046.40,1738053792
23046.50,1738053793
23047.45,1738053793
23046.85,1738053795
23044.90,1738053795
23045.55,1738053796
23046.20,1738053796
23046.30,1738053797
23047.20,1738053797
23046.55,1738053798
23046.20,1738053798
23046.45,1738053799
23046.15,1738053799
23046.00,1738053800
23045.90,1738053800
23047.35,1738053801
23047.45,1738053801
23046.65,1738053802
23047.45,1738053802
23046.80,1738053803
23046.90,1738053803
23048.60,1738053804
23048.45,1738053804
23048.25,1738053805
23045.65,1738053805
23045.95,1738053806
23045.85,1738053806
23045.40,1738053807
23046.00,1738053807
23046.95,1738053808
23046.30,1738053808
23046.95,1738053809
23046.35,1738053809
23047.25,1738053810
23045.80,1738053810
23046.05,1738053811
23046.15,1738053811
23046.80,1738053812
23047.40,1738053813
23049.20,1738053813
23049.10,1738053814
23048.75,1738053814
23048.85,1738053815
23046.65,1738053815
23047.60,1738053816
23046.30,1738053816
23047.80,1738053817
23047.75,1738053817
23047.65,1738053818
23047.70,1738053818
23047.80,1738053819
23047.85,1738053819
23048.15,1738053820
23048.30,1738053820
23047.95,1738053821
23049.05,1738053821
23048.65,1738053822
23049.05,1738053822
23049.55,1738053823
23049.75,1738053823
23050.65,1738053824
23050.05,1738053825
23048.15,1738053825
23049.40,1738053826
23050.00,1738053826
23049.90,1738053827
23050.50,1738053827
23050.45,1738053828
23050.75,1738053828
23050.90,1738053829
23050.45,1738053829
23052.30,1738053830
23052.10,1738053830
23053.00,1738053831
23051.70,1738053831
23052.15,1738053832
23052.55,1738053832
23052.70,1738053833
23052.95,1738053833
23053.65,1738053834
23052.20,1738053834
23052.30,1738053835
23050.25,1738053835
23050.75,1738053836
23050.80,1738053836
23051.20,1738053837
23051.60,1738053837
23052.05,1738053838
23052.80,1738053838
23052.90,1738053839
23052.20,1738053839
23054.05,1738053840
23052.90,1738053840
23052.50,1738053841
23052.60,1738053841
23054.65,1738053842
23053.20,1738053842
23052.95,1738053843
23054.65,1738053843
23054.95,1738053844
23055.15,1738053844
23054.45,1738053845
23052.00,1738053845
23052.75,1738053846
23052.85,1738053846
23053.25,1738053847
23053.40,1738053847
23053.00,1738053848
23053.30,1738053848
23053.75,1738053849
23053.30,1738053849
23053.75,1738053850
23054.00,1738053850
23053.35,1738053851
23053.20,1738053851
23053.80,1738053852
23054.15,1738053852
23054.00,1738053853
23054.15,1738053853
23054.40,1738053854
23054.25,1738053854
23053.70,1738053855
23051.60,1738053855
23051.50,1738053856
23052.85,1738053856
23052.90,1738053857
23052.65,1738053857
23052.75,1738053858
23052.90,1738053858
23053.70,1738053859
23053.60,1738053859
23053.05,1738053860
23052.55,1738053860
23052.85,1738053861
23052.60,1738053861
23052.70,1738053862
23053.65,1738053862
23053.05,1738053863
23052.90,1738053863
23053.80,1738053864
23052.85,1738053864
23052.80,1738053865
23050.00,1738053865
23050.50,1738053866
23051.25,1738053866
23052.05,1738053867
23051.75,1738053867
23052.20,1738053868
23052.75,1738053868
23052.85,1738053869
23053.00,1738053869
23051.30,1738053870
23051.55,1738053870
23050.00,1738053871
23050.95,1738053871
23051.25,1738053872
23050.75,1738053872
23051.15,1738053873
23052.80,1738053873
23051.95,1738053874
23051.55,1738053874
23051.25,1738053875
23049.05,1738053875
23049.95,1738053876
23049.30,1738053876
23049.50,1738053877
23049.45,1738053877
23049.30,1738053878
23048.85,1738053878
23049.25,1738053879
23049.60,1738053879
23050.35,1738053880
23049.50,1738053880
23049.60,1738053881
23049.70,1738053881
23050.95,1738053882
23050.40,1738053882
23050.45,1738053883
23050.00,1738053883
23053.55,1738053884
23051.35,1738053884
23051.45,1738053885
23049.05,1738053885
23050.15,1738053886
23050.65,1738053886
23050.95,1738053887
23050.85,1738053887
23050.75,1738053888
23051.85,1738053888
23051.40,1738053889
23051.80,1738053889
23052.50,1738053890
23051.30,1738053890
23051.15,1738053891
23052.50,1738053891
23052.55,1738053892
23053.55,1738053892
23053.50,1738053893
23053.70,1738053893
23055.25,1738053894
23053.55,1738053894
23053.80,1738053895
23051.80,1738053895
23051.60,1738053896
23051.25,1738053896
23051.10,1738053897
23051.35,1738053897
23051.20,1738053898
23051.05,1738053898
23051.30,1738053899
23051.75,1738053899
23051.95,1738053900
23052.10,1738053900
23052.05,1738053901
23052.25,1738053901
23052.20,1738053902
23052.40,1738053902
23052.25,1738053903
23053.45,1738053903
23053.95,1738053904
23052.50,1738053904
23052.55,1738053905
23050.45,1738053905
23050.90,1738053906
23051.75,1738053906
23052.20,1738053907
23052.25,1738053907
23053.05,1738053908
23052.45,1738053908
23052.15,1738053909
23051.45,1738053909
23052.80,1738053910
23053.65,1738053910
23053.60,1738053911
23052.60,1738053911
23052.65,1738053912
23054.00,1738053912
23053.40,1738053913
23052.80,1738053913
23055.25,1738053914
23055.35,1738053914
23054.80,1738053915
23051.70,1738053915
23052.05,1738053916
23052.55,1738053916
23053.95,1738053917
23053.35,1738053917
23053.75,1738053918
23052.80,1738053918
23053.35,1738053919
23053.00,1738053919
23053.60,1738053920
23053.05,1738053920
23053.00,1738053921
23052.15,1738053921
23052.20,1738053922
23052.10,1738053923
23052.60,1738053923
23053.80,1738053924
23052.70,1738053924
23053.70,1738053925
23051.40,1738053925
23052.15,1738053926
23052.95,1738053926
23052.85,1738053927
23053.30,1738053927
23053.50,1738053928
23053.10,1738053928
23053.20,1738053929
23052.70,1738053929
23053.40,1738053930
23053.05,1738053930
23052.85,1738053931
23053.10,1738053931
23053.70,1738053932
23053.35,1738053932
23052.80,1738053933
23053.45,1738053933
23053.80,1738053934
23053.10,1738053934
23052.40,1738053935
23051.05,1738053935
23051.35,1738053936
23050.50,1738053936
23050.75,1738053937
23050.35,1738053937
23051.00,1738053938
23051.10,1738053938
23051.05,1738053939
23050.50,1738053939
23051.30,1738053940
23050.95,1738053940
23051.25,1738053941
23051.10,1738053941
23050.95,1738053942
23051.25,1738053942
23051.15,1738053943
23051.50,1738053943
23051.20,1738053944
23051.85,1738053944
23051.55,1738053945
23048.55,1738053945
23049.50,1738053946
23049.40,1738053946
23049.70,1738053947
23050.00,1738053947
23050.10,1738053948
23050.30,1738053948
23049.75,1738053949
23049.10,1738053949
23050.80,1738053950
23050.95,1738053950
23050.65,1738053951
23050.40,1738053951
23050.30,1738053952
23050.70,1738053952
23050.60,1738053953
23050.55,1738053953
23052.10,1738053954
23051.60,1738053954
23051.05,1738053955
23048.15,1738053955
23049.40,1738053956
23048.60,1738053956
23049.10,1738053957
23049.15,1738053957
23049.65,1738053958
23050.35,1738053958
23050.10,1738053959
23050.80,1738053959
23050.45,1738053960
23050.75,1738053960
23050.35,1738053961
23051.00,1738053962
23050.95,1738053962
23050.90,1738053963
23052.90,1738053963
23052.20,1738053964
23051.55,1738053964
23049.70,1738053965
23050.30,1738053966
23050.65,1738053966
23051.35,1738053967
23052.30,1738053967
23052.10,1738053968
23052.70,1738053968
23052.05,1738053969
23051.60,1738053969
23051.70,1738053970
23052.80,1738053970
23052.20,1738053971
23052.55,1738053971
23053.25,1738053972
23053.30,1738053973
23053.05,1738053973
23053.85,1738053974
23053.45,1738053974
23052.65,1738053975
23051.05,1738053975
23051.40,1738053976
23051.45,1738053976
23051.85,1738053977
23051.45,1738053977
23051.50,1738053978
23052.75,1738053978
23052.20,1738053979
23052.95,1738053979
23053.10,1738053980
23053.00,1738053980
23053.05,1738053981
23052.55,1738053981
23052.70,1738053982
23053.10,1738053982
23053.95,1738053983
23053.85,1738053983
23055.65,1738053984
23055.50,1738053984
23055.95,1738053985
23053.25,1738053985
23054.45,1738053986
23054.10,1738053986
23054.55,1738053987
23054.40,1738053987
23055.00,1738053988
23055.35,1738053988
23054.90,1738053989
23055.70,1738053989
23055.95,1738053990
23055.70,1738053990
23055.35,1738053991
23054.75,1738053991
23054.55,1738053992
23054.05,1738053992
23054.70,1738053993
23055.55,1738053993
23055.25,1738053994
23054.85,1738053994
23054.40,1738053995
23052.40,1738053995
23054.45,1738053996
23053.80,1738053996
23053.30,1738053997
23053.35,1738053997
23054.00,1738053998
23054.20,1738053998
23053.50,1738053999
23054.45,1738053999
23054.30,1738054000
23053.00,1738054000
23053.75,1738054001
23054.25,1738054001
23054.95,1738054002
23055.40,1738054002
23055.75,1738054003
23054.95,1738054003
23056.95,1738054004
23057.15,1738054004
23056.65,1738054005
23055.60,1738054005
23057.20,1738054006
23056.80,1738054006
23056.95,1738054007
23057.25,1738054007
23057.35,1738054008
23057.60,1738054008
23058.05,1738054009
23058.50,1738054009
23058.70,1738054010
23058.00,1738054010
23058.30,1738054011
23058.15,1738054011
23058.55,1738054012
23058.15,1738054012
23058.20,1738054013
23058.65,1738054013
23059.95,1738054014
23060.00,1738054014
23059.55,1738054015
23057.80,1738054015
23057.95,1738054016
23058.60,1738054016
23058.25,1738054017
23057.40,1738054017
23058.40,1738054018
23057.80,1738054018
23057.85,1738054019
23058.75,1738054019
23058.95,1738054020
23058.75,1738054020
23058.60,1738054021
23058.55,1738054021
23059.40,1738054022
23059.00,1738054022
23058.25,1738054023
23061.60,1738054023
23061.10,1738054024
23060.70,1738054025
23058.75,1738054025
23058.95,1738054026
23059.10,1738054026
23059.30,1738054027
23059.00,1738054027
23059.20,1738054028
23058.30,1738054028
23058.60,1738054029
23058.35,1738054029
23059.20,1738054030
23058.80,1738054030
23059.10,1738054031
23059.55,1738054031
23059.05,1738054032
23058.80,1738054032
23058.75,1738054033
23058.85,1738054033
23059.90,1738054034
23058.80,1738054034
23058.95,1738054035
23057.20,1738054035
23057.85,1738054036
23058.15,1738054037
23057.40,1738054037
23057.55,1738054038
23056.85,1738054038
23056.80,1738054039
23056.75,1738054039
23056.70,1738054040
23056.40,1738054040
23058.25,1738054041
23057.65,1738054041
23057.50,1738054042
23057.90,1738054042
23058.60,1738054043
23059.40,1738054044
23058.85,1738054044
23058.35,1738054045
23056.65,1738054045
23058.25,1738054046
23058.05,1738054046
23058.25,1738054047
23059.80,1738054047
23059.55,1738054048
23059.15,1738054049
23060.25,1738054049
23060.75,1738054050
23059.80,1738054050
23059.40,1738054051
23058.60,1738054051
23060.05,1738054052
23059.45,1738054052
23059.55,1738054053
23061.10,1738054053
23061.30,1738054054
23060.50,1738054054
23059.20,1738054055
23058.05,1738054055
23059.50,1738054056
23059.45,1738054056
23059.95,1738054057
23059.65,1738054057
23060.40,1738054058
23059.80,1738054058
23059.70,1738054059
23059.50,1738054059
23060.45,1738054060
23060.50,1738054060
23060.35,1738054061
23061.15,1738054061
23060.50,1738054062
23060.70,1738054062
23060.40,1738054063
23061.00,1738054063
23062.15,1738054064
23060.85,1738054064
23060.45,1738054065
23058.25,1738054065
23059.25,1738054066
23058.65,1738054066
23059.10,1738054067
23058.70,1738054067
23058.45,1738054068
23058.85,1738054069
23059.50,1738054069
23058.75,1738054070
23059.45,1738054070
23061.10,1738054071
23060.90,1738054071
23060.05,1738054072
23059.55,1738054072
23059.65,1738054073
23059.70,1738054073
23062.20,1738054074
23061.80,1738054074
23060.35,1738054075
23058.10,1738054075
23058.60,1738054076
23059.25,1738054076
23059.80,1738054077
23060.40,1738054077
23061.10,1738054078
23060.80,1738054078
23059.90,1738054079
23059.60,1738054080
23060.50,1738054080
23060.70,1738054081
23059.85,1738054081
23060.25,1738054082
23060.60,1738054082
23060.05,1738054083
23061.40,1738054083
23060.40,1738054084
23060.85,1738054084
23060.20,1738054085
23056.75,1738054085
23058.30,1738054086
23057.15,1738054086
23057.45,1738054087
23057.40,1738054087
23057.25,1738054088
23057.10,1738054088
23057.00,1738054089
23056.75,1738054089
23057.25,1738054090
23056.85,1738054090
23057.00,1738054091
23056.80,1738054091
23057.25,1738054092
23057.70,1738054092
23058.20,1738054093
23057.40,1738054093
23058.45,1738054094
23058.05,1738054094
23057.65,1738054095
23055.95,1738054095
23056.35,1738054096
23056.40,1738054096
23056.45,1738054097
23056.65,1738054098
23056.85,1738054098
23057.00,1738054099
23056.15,1738054099
23056.00,1738054100
23056.35,1738054100
23056.40,1738054101
23055.70,1738054101
23056.90,1738054102
23057.30,1738054102
23057.40,1738054103
23056.60,1738054103
23057.95,1738054104
23058.15,1738054104
23057.60,1738054105
23055.95,1738054105
23056.50,1738054106
23057.40,1738054106
23057.60,1738054107
23058.00,1738054107
23058.60,1738054108
23058.40,1738054108
23058.90,1738054109
23058.95,1738054109
23060.15,1738054110
23059.15,1738054110
23060.55,1738054111
23060.25,1738054111
23060.05,1738054112
23060.65,1738054112
23060.50,1738054113
23062.20,1738054113
23061.55,1738054114
23061.45,1738054114
23060.25,1738054115
23058.00,1738054115
23058.75,1738054116
23058.20,1738054116
23058.90,1738054117
23059.15,1738054117
23058.85,1738054118
23059.25,1738054118
23059.75,1738054119
23059.55,1738054119
23059.85,1738054120
23059.90,1738054120
23059.60,1738054121
23059.90,1738054121
23059.45,1738054122
23060.30,1738054122
23059.50,1738054123
23060.10,1738054123
23060.75,1738054124
23061.10,1738054124
23061.00,1738054125
23058.50,1738054125
23059.45,1738054126
23059.15,1738054126
23058.50,1738054127
23058.75,1738054127
23058.55,1738054128
23058.40,1738054128
23059.35,1738054129
23059.30,1738054129
23059.10,1738054130
23059.20,1738054130
23058.80,1738054131
23058.60,1738054131
23058.55,1738054132
23059.60,1738054132
23059.20,1738054133
23060.10,1738054133
23061.15,1738054134
23061.35,1738054134
23060.90,1738054135
23058.10,1738054135
23059.65,1738054136
23059.15,1738054136
23059.35,1738054137
23059.20,1738054137
23059.35,1738054138
23059.40,1738054139
23059.75,1738054139
23060.25,1738054140
23060.35,1738054140
23059.75,1738054141
23059.20,1738054141
23058.50,1738054142
23059.10,1738054142
23059.40,1738054143
23061.10,1738054143
23061.30,1738054144
23060.75,1738054144
23060.70,1738054145
23059.10,1738054145
23059.15,1738054146
23060.65,1738054146
23060.85,1738054147
23061.25,1738054147
23061.50,1738054148
23061.95,1738054148
23060.40,1738054149
23060.45,1738054149
23061.75,1738054150
23062.45,1738054150
23062.15,1738054151
23061.80,1738054151
23061.70,1738054152
23062.00,1738054153
23061.55,1738054153
23062.00,1738054154
23061.75,1738054154
23059.30,1738054155
23059.60,1738054156
23060.10,1738054156
23061.00,1738054157
23061.30,1738054157
23060.00,1738054158
23061.45,1738054158
23061.05,1738054159
23061.10,1738054159
23061.25,1738054160
23060.85,1738054160
23060.75,1738054161
23060.10,1738054161
23060.20,1738054162
23061.30,1738054162
23062.25,1738054163
23060.95,1738054163
23062.95,1738054164
23063.60,1738054164
23063.75,1738054165
23061.00,1738054165
23062.65,1738054166
23063.55,1738054166
23062.90,1738054167
23063.95,1738054167
23065.15,1738054168
23063.75,1738054168
23063.90,1738054169
23063.40,1738054169
23062.50,1738054170
23064.85,1738054170
23063.70,1738054171
23063.20,1738054171
23063.85,1738054172
23063.35,1738054172
23065.00,1738054173
23065.85,1738054173
23065.55,1738054174
23064.80,1738054174
23064.35,1738054175
23061.40,1738054175
23062.75,1738054176
23062.90,1738054177
23062.95,1738054177
23063.10,1738054178
23061.80,1738054178
23063.30,1738054179
23062.65,1738054179
23062.25,1738054180
23063.40,1738054180
23063.50,1738054181
23064.00,1738054181
23062.50,1738054182
23063.25,1738054182
23062.70,1738054183
23062.40,1738054183
23063.05,1738054184
23062.90,1738054184
23063.55,1738054185
23060.70,1738054185
23060.20,1738054186
23060.80,1738054186
23062.35,1738054187
23062.45,1738054187
23062.00,1738054188
23061.50,1738054188
23061.15,1738054189
23063.25,1738054189
23061.70,1738054190
23062.20,1738054190
23061.40,1738054191
23060.85,1738054191
23061.25,1738054192
23061.15,1738054192
23061.30,1738054193
23061.40,1738054193
23061.90,1738054194
23061.45,1738054194
23061.60,1738054195
23058.35,1738054195
23059.35,1738054196
23059.60,1738054196
23059.85,1738054197
23060.15,1738054197
23060.30,1738054198
23060.45,1738054198
23060.90,1738054199
23062.00,1738054199
23061.35,1738054200
23061.75,1738054200
23062.10,1738054201
23061.80,1738054201
23063.00,1738054202
23062.75,1738054202
23062.50,1738054203
23063.70,1738054203
23063.55,1738054204
23063.25,1738054204
23063.00,1738054205
23060.00,1738054205
23060.60,1738054206
23059.90,1738054206
23061.20,1738054207
23060.95,1738054207
23060.75,1738054208
23061.05,1738054208
23061.55,1738054209
23061.95,1738054209
23061.90,1738054210
23061.95,1738054210
23060.45,1738054211
23060.50,1738054211
23060.20,1738054212
23061.05,1738054212
23061.55,1738054213
23061.40,1738054213
23062.15,1738054214
23061.85,1738054214
23061.75,1738054215
23059.45,1738054215
23060.40,1738054216
23060.15,1738054216
23060.45,1738054217
23059.65,1738054217
23059.85,1738054218
23059.55,1738054219
23059.60,1738054219
23060.00,1738054220
23058.50,1738054220
23059.05,1738054221
23058.20,1738054221
23058.30,1738054222
23058.45,1738054222
23058.25,1738054223
23058.45,1738054223
23058.90,1738054224
23058.05,1738054224
23058.00,1738054225
23055.45,1738054225
23057.20,1738054226
23057.15,1738054226
23056.25,1738054227
23056.65,1738054227
23057.35,1738054228
23058.10,1738054228
23058.25,1738054229
23057.80,1738054229
23057.75,1738054230
23057.50,1738054230
23057.45,1738054231
23058.05,1738054231
23057.15,1738054232
23057.75,1738054232
23058.40,1738054233
23059.75,1738054233
23059.40,1738054234
23058.30,1738054234
23058.60,1738054235
23055.70,1738054235
23057.55,1738054236
23057.15,1738054236
23057.30,1738054237
23057.65,1738054237
23057.10,1738054238
23058.10,1738054238
23057.70,1738054239
23057.15,1738054239
23057.80,1738054240
23057.60,1738054240
23057.30,1738054241
23057.40,1738054241
23057.30,1738054242
23058.45,1738054242
23058.70,1738054243
23057.95,1738054243
23058.80,1738054244
23057.95,1738054244
23058.10,1738054245
23056.00,1738054245
23056.45,1738054246
23057.10,1738054246
23058.10,1738054247
23057.80,1738054247
23058.05,1738054248
23057.65,1738054249
23057.60,1738054249
23058.45,1738054250
23058.80,1738054250
23057.40,1738054251
23057.55,1738054251
23058.90,1738054252
23057.95,1738054252
23058.65,1738054253
23058.75,1738054253
23059.05,1738054254
23059.00,1738054254
23058.00,1738054255
23055.55,1738054255
23056.25,1738054256
23056.10,1738054256
23057.85,1738054257
23057.05,1738054257
23057.50,1738054258
23057.65,1738054258
23057.25,1738054259
23057.00,1738054259
23058.40,1738054260
23058.80,1738054261
23060.60,1738054261
23060.90,1738054262
23060.65,1738054262
23060.90,1738054263
23063.25,1738054263
23063.05,1738054264
23062.45,1738054264
23062.20,1738054265
23058.90,1738054265
23059.65,1738054266
23060.75,1738054267
23060.90,1738054267
23061.00,1738054268
23061.45,1738054268
23061.30,1738054269
23061.75,1738054269
23061.55,1738054270
23061.70,1738054270
23061.65,1738054271
23062.85,1738054271
23062.55,1738054272
23063.65,1738054272
23063.55,1738054273
23063.25,1738054273
23063.95,1738054274
23063.15,1738054274
23063.80,1738054275
23060.40,1738054275
23060.95,1738054276
23062.30,1738054276
23062.45,1738054277
23061.65,1738054277
23061.60,1738054278
23061.80,1738054278
23061.25,1738054279
23061.50,1738054279
23061.85,1738054280
23062.20,1738054280
23062.10,1738054281
23062.25,1738054281
23061.90,1738054282
23061.85,1738054282
23062.20,1738054283
23062.80,1738054283
23063.80,1738054284
23062.80,1738054284
23062.75,1738054285
23061.15,1738054285
23060.75,1738054286
23060.70,1738054286
23061.35,1738054287
23062.10,1738054287
23062.50,1738054288
23062.00,1738054288
23062.10,1738054289
23061.15,1738054289
23063.15,1738054290
23063.25,1738054290
23062.50,1738054291
23062.30,1738054291
23063.25,1738054292
23063.15,1738054292
23063.55,1738054293
23064.30,1738054293
23064.80,1738054294
23065.55,1738054294
23064.20,1738054295
23062.10,1738054295
23061.85,1738054296
23061.60,1738054296
23062.90,1738054297
23062.35,1738054297
23062.45,1738054298
23062.15,1738054298
23063.45,1738054299
23063.85,1738054299
23064.50,1738054300
23063.85,1738054300
23064.50,1738054301
23064.80,1738054301
23065.05,1738054302
23065.25,1738054302
23065.65,1738054303
23066.60,1738054303
23066.15,1738054304
23067.40,1738054304
23066.55,1738054305
23064.05,1738054305
23063.60,1738054306
23064.10,1738054306
23064.20,1738054307
23063.85,1738054307
23063.55,1738054308
23063.65,1738054308
23063.25,1738054309
23064.15,1738054309
23064.25,1738054310
23064.15,1738054310
23063.35,1738054311
23063.70,1738054312
23064.60,1738054312
23063.80,1738054313
23063.40,1738054313
23065.70,1738054314
23064.95,1738054314
23062.55,1738054315
23063.85,1738054316
23062.30,1738054316
23062.95,1738054317
23063.25,1738054317
23062.50,1738054318
23063.00,1738054318
23063.40,1738054319
23063.50,1738054319
23063.60,1738054320
23063.35,1738054320
23063.40,1738054321
23062.80,1738054321
23063.00,1738054322
23062.75,1738054323
23064.15,1738054323
23063.90,1738054324
23062.95,1738054324
23061.10,1738054325
23061.45,1738054326
23060.80,1738054326
23061.05,1738054327
23061.15,1738054327
23061.05,1738054328
23061.10,1738054328
23061.05,1738054329
23061.10,1738054330
23062.15,1738054330
23062.55,1738054331
23061.45,1738054331
23062.70,1738054332
23063.35,1738054332
23063.30,1738054333
23061.65,1738054333
23064.20,1738054334
23063.40,1738054334
23063.50,1738054335
23061.25,1738054335
23062.20,1738054336
23062.55,1738054336
23062.70,1738054337
23062.85,1738054337
23063.95,1738054338
23063.35,1738054339
23063.00,1738054340
23064.20,1738054340
23064.05,1738054341
23063.20,1738054341
23063.65,1738054342
23064.20,1738054342
23064.10,1738054343
23063.85,1738054344
23064.15,1738054344
23062.95,1738054345
23060.90,1738054345
23062.50,1738054346
23062.90,1738054346
23063.35,1738054347
23061.80,1738054347
23062.20,1738054348
23063.00,1738054348
23062.70,1738054349
23063.50,1738054349
23064.05,1738054350
23063.50,1738054350
23063.15,1738054351
23063.30,1738054351
23063.75,1738054352
23063.50,1738054352
23063.75,1738054353
23065.55,1738054353
23065.60,1738054354
23065.50,1738054354
23064.80,1738054355
23062.20,1738054355
23063.20,1738054356
23064.30,1738054356
23064.10,1738054357
23064.05,1738054357
23063.65,1738054358
23064.85,1738054358
23064.60,1738054359
23064.95,1738054359
23064.45,1738054360
23066.95,1738054360
23066.15,1738054361
23064.80,1738054361
23065.95,1738054362
23065.75,1738054363
23066.20,1738054364
23065.25,1738054364
23065.60,1738054365
23062.80,1738054365
23064.50,1738054366
23063.75,1738054366
23064.45,1738054367
23064.70,1738054367
23065.20,1738054368
23064.70,1738054368
23065.35,1738054369
23065.20,1738054369
23065.15,1738054370
23064.50,1738054371
23064.75,1738054371
23064.40,1738054372
23064.00,1738054372
23064.75,1738054373
23064.10,1738054373
23065.20,1738054374
23065.15,1738054374
23064.65,1738054375
23062.30,1738054375
23062.90,1738054376
23063.05,1738054376
23063.75,1738054377
23064.15,1738054377
23063.85,1738054378
23063.65,1738054378
23064.25,1738054379
23063.85,1738054379
23064.60,1738054380
23064.40,1738054380
23064.00,1738054381
23062.85,1738054381
23063.05,1738054382
23062.30,1738054382
23062.55,1738054383
23063.60,1738054383
23063.75,1738054384
23063.85,1738054384
23062.80,1738054385
23060.15,1738054385
23061.70,1738054386
23060.85,1738054386
23061.60,1738054387
23063.50,1738054387
23063.30,1738054388
23063.70,1738054388
23063.35,1738054389
23063.60,1738054389
23063.45,1738054390
23064.55,1738054390
23063.65,1738054391
23064.00,1738054391
23064.20,1738054392
23064.60,1738054392
23064.00,1738054393
23064.95,1738054393
23066.35,1738054394
23065.55,1738054394
23065.10,1738054395
23062.60,1738054395
23063.60,1738054396
23063.45,1738054396
23063.85,1738054397
23063.55,1738054397
23064.55,1738054398
23064.65,1738054399
23064.90,1738054399
23065.25,1738054400
23065.05,1738054400
23065.20,1738054401
23065.05,1738054401
23064.60,1738054402
23064.90,1738054402
23065.65,1738054403
23065.05,1738054403
23066.85,1738054404
23066.15,1738054404
23062.80,1738054405
23063.85,1738054406
23064.30,1738054406
23064.80,1738054407
23064.60,1738054407
23065.00,1738054408
23064.40,1738054408
23064.35,1738054409
23064.40,1738054409
23064.50,1738054410
23064.95,1738054410
23063.60,1738054411
23063.30,1738054411
23062.05,1738054412
23063.00,1738054412
23063.15,1738054413
23064.25,1738054413
23064.05,1738054414
23063.15,1738054414
23063.55,1738054415
23061.40,1738054415
23062.60,1738054416
23061.90,1738054416
23063.35,1738054417
23063.20,1738054417
23062.05,1738054418
23062.50,1738054418
23062.80,1738054419
23063.15,1738054419
23062.10,1738054420
23062.65,1738054420
23062.60,1738054421
23062.40,1738054422
23063.20,1738054422
23062.85,1738054423
23063.40,1738054423
23063.90,1738054424
23062.30,1738054424
23063.10,1738054425
23060.60,1738054425
23060.90,1738054426
23061.95,1738054426
23063.15,1738054427
23062.75,1738054427
23063.40,1738054428
23062.90,1738054428
23064.10,1738054429
23063.75,1738054429
23063.50,1738054430
23062.90,1738054430
23063.05,1738054431
23063.25,1738054431
23063.30,1738054432
23063.85,1738054432
23063.95,1738054433
23064.40,1738054433
23064.90,1738054434
23064.35,1738054434
23064.20,1738054435
23062.05,1738054435
23062.55,1738054436
23063.00,1738054436
23062.35,1738054437
23062.55,1738054437
23062.90,1738054438
23063.15,1738054438
23061.95,1738054439
23062.85,1738054439
23062.75,1738054440
23063.00,1738054440
23062.55,1738054441
23062.60,1738054441
23063.70,1738054442
23063.85,1738054442
23064.40,1738054443
23065.40,1738054443
23065.50,1738054444
23064.65,1738054444
23064.35,1738054445
23061.95,1738054445
23062.60,1738054446
23062.80,1738054446
23063.00,1738054447
23062.65,1738054447
23063.15,1738054448
23061.90,1738054448
23062.80,1738054449
23062.40,1738054449
23062.80,1738054450
23062.30,1738054450
23061.85,1738054451
23061.90,1738054451
23061.60,1738054452
23062.10,1738054452
23060.95,1738054453
23061.30,1738054453
23062.30,1738054454
23061.50,1738054454
23060.75,1738054455
23059.40,1738054455
23059.70,1738054456
23060.05,1738054456
23060.20,1738054457
23060.35,1738054458
23060.65,1738054458
23059.85,1738054459
23060.65,1738054459
23060.20,1738054460
23060.15,1738054460
23059.90,1738054461
23060.00,1738054461
23059.25,1738054462
23059.90,1738054462
23060.15,1738054463
23060.45,1738054463
23060.50,1738054464
23060.15,1738054464
23061.05,1738054465
23057.85,1738054465
23058.60,1738054466
23059.90,1738054466
23060.05,1738054467
23059.60,1738054467
23059.25,1738054468
23059.50,1738054468
23059.70,1738054469
23059.90,1738054469
23059.80,1738054470
23060.10,1738054470
23059.65,1738054471
23060.00,1738054471
23060.90,1738054472
23060.50,1738054472
23061.65,1738054473
23062.10,1738054474
23061.55,1738054474
23061.35,1738054475
23058.75,1738054475
23059.25,1738054476
23059.55,1738054476
23060.25,1738054477
23059.85,1738054477
23059.55,1738054478
23059.45,1738054478
23058.95,1738054479
23058.10,1738054479
23058.30,1738054480
23058.45,1738054480
23057.40,1738054481
23058.65,1738054481
23058.10,1738054482
23058.85,1738054482
23057.20,1738054483
23056.55,1738054483
23058.50,1738054484
23057.75,1738054484
23058.05,1738054485
23055.85,1738054485
23056.40,1738054486
23057.15,1738054486
23057.20,1738054487
23058.70,1738054487
23057.80,1738054488
23058.05,1738054488
23058.25,1738054489
23057.70,1738054489
23058.95,1738054490
23056.75,1738054490
23057.80,1738054491
23057.60,1738054491
23057.70,1738054492
23058.05,1738054492
23058.25,1738054493
23059.70,1738054493
23060.35,1738054494
23060.40,1738054494
23059.45,1738054495
23057.40,1738054495
23057.50,1738054496
23057.90,1738054496
23058.45,1738054497
23058.20,1738054497
23059.00,1738054498
23059.45,1738054498
23059.60,1738054499
23059.50,1738054499
23060.25,1738054500
23060.35,1738054500
23060.25,1738054501
23059.20,1738054501
23060.05,1738054502
23060.85,1738054503
23061.15,1738054504
23060.80,1738054504
23060.90,1738054505
23058.60,1738054505
23059.15,1738054506
23058.90,1738054506
23059.60,1738054507
23059.45,1738054507
23060.20,1738054508
23059.00,1738054508
23058.65,1738054509
23058.45,1738054509
23058.85,1738054510
23059.20,1738054510
23058.55,1738054511
23059.40,1738054511
23058.95,1738054512
23058.90,1738054512
23058.95,1738054513
23059.45,1738054513
23059.85,1738054514
23058.75,1738054514
23058.45,1738054515
23057.60,1738054515
23057.80,1738054516
23058.50,1738054516
23062.25,1738054517
23061.70,1738054517
23061.65,1738054518
23062.95,1738054518
23062.80,1738054519
23062.85,1738054519
23062.40,1738054520
23062.20,1738054520
23062.75,1738054521
23062.15,1738054521
23063.50,1738054522
23064.30,1738054522
23064.05,1738054523
23064.80,1738054524
23065.00,1738054524
23064.60,1738054525
23061.10,1738054525
23062.10,1738054526
23067.25,1738054526
23074.05,1738054527
23081.55,1738054527
23081.65,1738054528
23079.95,1738054528
23076.60,1738054529
23077.45,1738054529
23076.35,1738054530
23077.45,1738054530
23077.40,1738054531
23077.35,1738054531
23077.45,1738054532
23078.10,1738054532
23078.00,1738054533
23078.70,1738054533
23078.85,1738054534
23076.50,1738054534
23076.15,1738054535
23073.10,1738054535
23073.15,1738054536
23073.75,1738054536
23074.50,1738054537
23075.70,1738054537
23075.40,1738054538
23075.85,1738054538
23075.00,1738054539
23075.65,1738054539
23076.45,1738054540
23076.75,1738054540
23075.55,1738054541
23076.05,1738054541
23077.00,1738054542
23079.00,1738054542
23077.70,1738054543
23077.50,1738054543
23077.20,1738054544
23075.95,1738054544
23075.60,1738054545
23073.40,1738054545
23074.15,1738054546
23074.40,1738054546
23074.65,1738054547
23074.10,1738054547
23074.95,1738054548
23073.60,1738054549
23073.55,1738054549
23073.75,1738054550
23075.15,1738054550
23074.65,1738054551
23074.10,1738054551
23074.25,1738054552
23074.90,1738054553
23075.10,1738054553
23075.55,1738054554
23074.45,1738054554
23075.65,1738054555
23073.65,1738054555
23075.00,1738054556
23075.50,1738054557
23076.55,1738054557
23076.70,1738054558
23076.95,1738054558
23077.20,1738054559
23077.15,1738054559
23077.50,1738054560
23078.55,1738054560
23078.65,1738054561
23078.40,1738054561
23078.75,1738054562
23079.75,1738054562
23080.55,1738054563
23083.25,1738054563
23085.10,1738054564
23086.20,1738054564
23087.00,1738054565
23084.60,1738054565
23084.35,1738054566
23084.15,1738054566
23084.50,1738054567
23085.55,1738054567
23085.80,1738054568
23085.60,1738054568
23084.00,1738054569
23085.00,1738054569
23084.65,1738054570
23086.40,1738054570
23087.25,1738054571
23086.00,1738054571
23085.70,1738054572
23087.70,1738054572
23088.15,1738054573
23088.40,1738054573
23088.35,1738054574
23088.20,1738054574
23087.95,1738054575
23086.00,1738054575
23086.55,1738054576
23087.20,1738054576
23088.00,1738054577
23087.30,1738054577
23087.45,1738054578
23086.90,1738054578
23086.05,1738054579
23086.90,1738054579
23087.80,1738054580
23088.00,1738054580
23088.45,1738054581
23087.90,1738054581
23088.20,1738054582
23088.30,1738054582
23088.85,1738054583
23088.65,1738054583
23089.30,1738054584
23089.55,1738054584
23089.85,1738054585
23087.35,1738054585
23088.75,1738054586
23090.95,1738054586
23091.95,1738054587
23092.40,1738054587
23092.65,1738054588
23093.80,1738054588
23093.85,1738054589
23094.15,1738054590
23093.30,1738054590
23093.00,1738054591
23093.35,1738054591
23093.90,1738054592
23093.75,1738054592
23093.55,1738054593
23095.05,1738054593
23094.35,1738054594
23093.95,1738054594
23094.15,1738054595
23092.95,1738054595
23093.95,1738054596
23093.40,1738054596
23094.65,1738054597
23094.25,1738054597
23093.75,1738054598
23094.50,1738054599
23094.30,1738054599
23097.65,1738054600
23096.95,1738054600
23097.20,1738054601
23099.85,1738054601
23103.80,1738054602
23105.45,1738054602
23105.90,1738054603
23106.10,1738054603
23107.95,1738054604
23106.95,1738054604
23106.50,1738054605
23103.65,1738054605
23104.45,1738054606
23105.55,1738054606
23106.45,1738054607
23107.05,1738054607
23107.35,1738054608
23106.60,1738054608
23106.70,1738054609
23106.60,1738054609
23107.15,1738054610
23106.75,1738054610
23106.50,1738054611
23107.10,1738054611
23106.70,1738054612
23107.80,1738054612
23109.35,1738054613
23109.45,1738054613
23109.35,1738054614
23108.10,1738054614
23107.15,1738054615
23105.10,1738054615
23108.50,1738054616
23109.55,1738054616
23109.95,1738054617
23109.80,1738054617
23110.10,1738054618
23109.85,1738054618
23111.30,1738054619
23111.15,1738054619
23111.20,1738054620
23112.70,1738054620
23113.15,1738054621
23112.75,1738054621
23113.25,1738054622
23112.75,1738054622
23113.20,1738054623
23114.55,1738054623
23115.60,1738054624
23117.35,1738054624
23117.65,1738054625
23116.10,1738054625
23116.55,1738054626
23117.15,1738054626
23116.90,1738054627
23117.10,1738054627
23117.85,1738054628
23117.65,1738054628
23117.90,1738054629
23117.65,1738054629
23118.65,1738054630
23119.20,1738054630
23118.65,1738054631
23118.70,1738054631
23119.05,1738054632
23118.95,1738054632
23118.80,1738054633
23119.05,1738054633
23121.45,1738054634
23121.05,1738054634
23121.25,1738054635
23119.25,1738054635
23120.50,1738054636
23120.95,1738054636
23121.05,1738054637
23121.30,1738054638
23120.95,1738054638
23120.75,1738054639
23121.35,1738054639
23120.40,1738054640
23120.75,1738054640
23121.45,1738054641
23120.55,1738054641
23121.05,1738054642
23120.50,1738054642
23121.00,1738054643
23122.75,1738054644
23122.35,1738054644
23122.50,1738054645
23121.30,1738054645
23122.00,1738054646
23119.35,1738054646
23119.95,1738054647
23120.65,1738054647
23119.60,1738054648
23119.30,1738054648
23118.95,1738054649
23117.40,1738054649
23118.70,1738054650
23117.50,1738054650
23116.15,1738054651
23116.55,1738054651
23117.90,1738054652
23119.20,1738054652
23120.85,1738054653
23120.65,1738054653
23121.00,1738054654
23123.15,1738054654
23121.20,1738054655
23120.00,1738054655
23120.25,1738054656
23118.50,1738054656
23119.45,1738054657
23120.20,1738054657
23120.55,1738054658
23120.70,1738054658
23120.25,1738054659
23120.50,1738054659
23120.75,1738054660
23120.85,1738054660
23119.35,1738054661
23121.10,1738054661
23119.85,1738054662
23120.65,1738054662
23119.15,1738054663
23118.80,1738054663
23117.90,1738054664
23117.95,1738054664
23117.60,1738054665
23116.05,1738054665
23117.90,1738054666
23119.20,1738054666
23119.30,1738054667
23119.20,1738054667
23118.55,1738054668
23116.60,1738054668
23116.75,1738054669
23116.70,1738054670
23115.65,1738054670
23114.65,1738054671
23113.55,1738054671
23114.60,1738054672
23114.10,1738054672
23112.45,1738054673
23113.90,1738054673
23113.95,1738054674
23115.00,1738054674
23113.70,1738054675
23112.70,1738054675
23113.80,1738054676
23114.45,1738054676
23115.70,1738054677
23115.80,1738054677
23115.95,1738054678
23117.70,1738054678
23118.25,1738054679
23117.70,1738054679
23116.20,1738054680
23117.30,1738054680
23116.60,1738054681
23116.65,1738054682
23116.70,1738054682
23116.60,1738054683
23117.55,1738054683
23117.05,1738054684
23117.10,1738054684
23115.85,1738054685
23112.90,1738054685
23113.50,1738054686
23114.10,1738054686
23114.15,1738054687
23114.10,1738054687
23114.70,1738054688
23114.30,1738054688
23113.70,1738054689
23111.80,1738054689
23111.90,1738054690
23112.55,1738054690
23111.30,1738054691
23112.15,1738054691
23112.40,1738054692
23113.20,1738054692
23116.25,1738054693
23115.00,1738054693
23115.55,1738054694
23115.30,1738054694
23114.55,1738054695
23111.85,1738054695
23113.20,1738054696
23113.80,1738054696
23113.55,1738054697
23113.70,1738054697
23113.00,1738054698
23114.15,1738054698
23113.25,1738054699
23114.10,1738054699
23114.00,1738054700
23113.90,1738054700
23111.00,1738054701
23110.70,1738054701
23109.95,1738054702
23110.40,1738054702
23112.80,1738054703
23112.85,1738054703
23113.20,1738054704
23112.55,1738054704
23112.95,1738054705
23110.15,1738054705
23111.80,1738054706
23111.35,1738054706
23111.60,1738054707
23112.30,1738054707
23112.50,1738054708
23112.80,1738054708
23112.65,1738054709
23112.95,1738054709
23114.45,1738054710
23113.30,1738054710
23116.70,1738054711
23118.60,1738054711
23118.95,1738054712
23118.75,1738054712
23120.25,1738054713
23120.40,1738054714
23121.00,1738054714
23120.40,1738054715
23118.35,1738054715
23119.95,1738054716
23119.05,1738054716
23119.20,1738054717
23117.65,1738054717
23117.10,1738054718
23117.30,1738054718
23117.65,1738054719
23116.80,1738054719
23117.70,1738054720
23117.40,1738054721
23116.75,1738054721
23116.15,1738054722
23116.60,1738054722
23116.80,1738054723
23117.40,1738054723
23117.95,1738054724
23117.20,1738054724
23116.75,1738054725
23115.15,1738054725
23117.00,1738054726
23116.60,1738054726
23118.00,1738054727
23118.40,1738054727
23118.60,1738054728
23117.70,1738054728
23116.55,1738054729
23117.40,1738054729
23118.10,1738054730
23118.05,1738054730
23117.40,1738054731
23116.65,1738054732
23117.10,1738054732
23116.55,1738054733
23117.90,1738054733
23119.60,1738054734
23119.80,1738054734
23120.15,1738054735
23117.00,1738054735
23117.35,1738054736
23116.80,1738054736
23117.25,1738054737
23115.95,1738054737
23116.55,1738054738
23118.55,1738054738
23118.25,1738054739
23117.10,1738054739
23116.95,1738054740
23117.95,1738054740
23115.85,1738054741
23114.95,1738054741
23115.65,1738054742
23116.35,1738054742
23116.45,1738054743
23118.25,1738054743
23118.30,1738054744
23117.50,1738054744
23115.85,1738054745
23113.70,1738054745
23115.00,1738054746
23115.50,1738054746
23115.90,1738054747
23115.40,1738054747
23115.45,1738054748
23115.05,1738054748
23114.05,1738054749
23114.70,1738054749
23114.65,1738054750
23115.80,1738054750
23114.30,1738054751
23115.10,1738054751
23114.70,1738054752
23114.95,1738054752
23114.40,1738054753
23114.80,1738054753
23115.95,1738054754
23116.95,1738054754
23116.20,1738054755
23113.70,1738054755
23114.55,1738054756
23115.60,1738054756
23115.80,1738054757
23115.05,1738054757
23114.00,1738054758
23114.30,1738054758
23114.85,1738054759
23115.50,1738054759
23116.20,1738054760
23116.35,1738054760
23116.85,1738054761
23117.65,1738054761
23117.60,1738054762
23117.80,1738054762
23118.55,1738054763
23118.45,1738054763
23119.75,1738054764
23119.25,1738054764
23119.15,1738054765
23115.55,1738054765
23116.55,1738054766
23115.70,1738054766
23116.05,1738054767
23115.60,1738054767
23116.00,1738054768
23116.20,1738054768
23116.25,1738054769
23116.95,1738054769
23116.40,1738054770
23116.70,1738054770
23116.20,1738054771
23115.60,1738054771
23115.95,1738054772
23115.40,1738054772
23115.50,1738054773
23116.50,1738054773
23116.85,1738054774
23115.85,1738054774
23115.35,1738054775
23111.85,1738054775
23112.90,1738054776
23112.80,1738054776
23113.45,1738054777
23112.75,1738054777
23112.45,1738054778
23111.05,1738054778
23111.55,1738054779
23112.75,1738054779
23113.80,1738054780
23112.70,1738054780
23112.45,1738054781
23111.60,1738054781
23111.95,1738054782
23112.95,1738054782
23112.10,1738054783
23112.15,1738054783
23113.40,1738054784
23112.75,1738054784
23112.80,1738054785
23110.25,1738054785
23112.15,1738054786
23112.75,1738054786
23112.90,1738054787
23112.50,1738054787
23113.45,1738054788
23113.05,1738054788
23113.20,1738054789
23112.70,1738054789
23113.35,1738054790
23111.90,1738054790
23114.45,1738054791
23114.40,1738054791
23114.60,1738054792
23114.90,1738054792
23115.45,1738054793
23114.20,1738054793
23115.30,1738054794
23115.20,1738054794
23115.05,1738054795
23112.80,1738054795
23114.65,1738054796
23115.15,1738054796
23115.80,1738054797
23116.35,1738054797
23117.00,1738054798
23116.60,1738054798
23117.00,1738054799
23116.50,1738054799
23116.00,1738054800
23116.30,1738054800
23116.15,1738054801
23115.55,1738054801
23115.05,1738054802
23115.50,1738054802
23116.00,1738054803
23118.55,1738054803
23119.55,1738054804
23118.75,1738054804
23118.70,1738054805
23115.85,1738054805
23117.00,1738054806
23117.90,1738054806
23118.05,1738054807
23118.60,1738054807
23118.50,1738054808
23117.90,1738054808
23116.75,1738054809
23117.00,1738054809
23117.45,1738054810
23117.90,1738054810
23117.00,1738054811
23116.85,1738054811
23116.00,1738054812
23116.35,1738054812
23116.30,1738054813
23116.20,1738054813
23116.15,1738054814
23116.25,1738054815
23113.15,1738054815
23114.60,1738054816
23114.65,1738054816
23115.55,1738054817
23114.65,1738054817
23115.25,1738054818
23115.35,1738054818
23114.90,1738054819
23115.45,1738054819
23114.55,1738054820
23114.40,1738054820
23114.65,1738054821
23114.85,1738054821
23115.20,1738054822
23114.30,1738054822
23113.80,1738054823
23114.75,1738054823
23114.90,1738054824
23114.60,1738054824
23113.85,1738054825
23111.40,1738054825
23111.10,1738054826
23111.80,1738054826
23112.80,1738054827
23112.35,1738054827
23113.20,1738054828
23112.95,1738054828
23112.40,1738054829
23113.60,1738054829
23112.65,1738054830
23112.30,1738054830
23113.00,1738054831
23113.45,1738054831
23113.20,1738054832
23113.00,1738054832
23112.70,1738054833
23115.40,1738054833
23115.10,1738054834
23113.95,1738054834
23114.55,1738054835
23110.30,1738054835
23112.00,1738054836
23112.10,1738054836
23112.60,1738054837
23112.10,1738054838
23112.65,1738054838
23113.00,1738054839
23112.60,1738054839
23112.45,1738054840
23112.85,1738054840
23111.85,1738054841
23112.45,1738054842
23112.75,1738054842
23113.00,1738054843
23113.60,1738054844
23112.25,1738054844
23112.45,1738054845
23110.10,1738054845
23110.85,1738054846
23111.45,1738054846
23111.60,1738054847
23111.65,1738054847
23112.25,1738054848
23111.70,1738054848
23111.10,1738054849
23111.30,1738054849
23111.20,1738054850
23110.65,1738054850
23110.00,1738054851
23110.50,1738054851
23110.35,1738054852
23109.35,1738054852
23109.45,1738054853
23109.75,1738054853
23109.55,1738054854
23109.25,1738054854
23109.70,1738054855
23107.05,1738054855
23108.95,1738054856
23107.85,1738054856
23108.70,1738054857
23108.00,1738054857
23107.90,1738054858
23107.50,1738054858
23106.95,1738054859
23107.70,1738054860
23107.80,1738054860
23106.85,1738054861
23106.40,1738054861
23105.70,1738054862
23106.55,1738054862
23106.30,1738054863
23108.95,1738054863
23109.20,1738054864
23108.30,1738054864
23108.45,1738054865
23105.85,1738054865
23107.00,1738054866
23104.45,1738054866
23104.30,1738054867
23105.15,1738054867
23104.40,1738054868
23105.35,1738054868
23104.50,1738054869
23104.60,1738054869
23105.90,1738054870
23104.65,1738054870
23104.00,1738054871
23104.45,1738054871
23104.20,1738054872
23104.30,1738054872
23104.60,1738054873
23104.65,1738054873
23106.65,1738054874
23105.95,1738054874
23105.05,1738054875
23103.35,1738054875
23106.10,1738054876
23106.50,1738054876
23107.10,1738054877
23107.35,1738054877
23107.75,1738054878
23107.60,1738054878
23106.95,1738054879
23107.70,1738054879
23107.25,1738054880
23107.85,1738054880
23108.55,1738054881
23108.50,1738054881
23108.30,1738054882
23108.65,1738054882
23109.35,1738054883
23109.20,1738054883
23110.80,1738054884
23111.00,1738054884
23110.05,1738054885
23107.20,1738054885
23108.15,1738054886
23108.05,1738054886
23108.15,1738054887
23107.90,1738054887
23108.60,1738054888
23109.10,1738054888
23109.45,1738054889
23108.70,1738054889
23109.90,1738054890
23109.05,1738054890
23109.35,1738054891
23109.45,1738054891
23109.90,1738054892
23110.45,1738054892
23110.05,1738054893
23111.15,1738054893
23110.70,1738054894
23110.35,1738054894
23108.95,1738054895
23107.05,1738054895
23107.15,1738054896
23107.40,1738054896
23108.00,1738054897
23106.95,1738054897
23107.05,1738054898
23107.45,1738054898
23106.00,1738054899
23105.60,1738054899
23107.15,1738054900
23106.60,1738054900
23105.00,1738054901
23105.45,1738054901
23105.85,1738054902
23107.30,1738054902
23106.60,1738054903
23106.00,1738054903
23107.80,1738054904
23107.30,1738054904
23106.10,1738054905
23105.80,1738054905
23108.30,1738054906
23108.55,1738054907
23108.20,1738054907
23108.10,1738054908
23107.40,1738054908
23107.65,1738054909
23108.05,1738054909
23109.05,1738054910
23110.80,1738054910
23110.35,1738054911
23109.35,1738054911
23109.45,1738054912
23109.00,1738054913
23108.55,1738054913
23110.40,1738054914
23109.50,1738054915
23107.60,1738054915
23108.60,1738054916
23108.65,1738054916
23109.70,1738054917
23110.60,1738054917
23111.95,1738054918
23112.50,1738054918
23113.75,1738054919
23114.05,1738054919
23114.10,1738054920
23115.95,1738054920
23114.35,1738054921
23115.70,1738054921
23116.10,1738054922
23113.50,1738054922
23114.10,1738054923
23115.85,1738054923
23116.10,1738054924
23116.35,1738054924
23116.10,1738054925
23113.05,1738054925
23113.20,1738054926
23114.00,1738054926
23114.20,1738054927
23113.25,1738054927
23113.40,1738054928
23114.25,1738054928
23115.45,1738054929
23114.05,1738054929
23114.25,1738054930
23115.10,1738054930
23113.80,1738054931
23113.85,1738054931
23112.65,1738054932
23113.20,1738054932
23113.60,1738054933
23114.55,1738054933
23116.25,1738054934
23115.45,1738054934
23114.80,1738054935
23112.35,1738054935
23114.05,1738054936
23114.40,1738054936
23115.70,1738054937
23116.30,1738054937
23116.50,1738054938
23117.00,1738054938
23116.65,1738054939
23116.50,1738054939
23116.55,1738054940
23115.55,1738054940
23115.85,1738054941
23115.20,1738054941
23115.50,1738054942
23115.35,1738054942
23115.50,1738054943
23115.70,1738054943
23116.15,1738054944
23115.55,1738054944
23115.45,1738054945
23113.95,1738054945
23114.95,1738054946
23115.10,1738054946
23115.85,1738054947
23115.50,1738054947
23115.60,1738054948
23115.75,1738054948
23116.10,1738054949
23116.20,1738054949
23117.30,1738054950
23116.20,1738054950
23116.40,1738054951
23115.75,1738054951
23116.50,1738054952
23116.80,1738054952
23116.15,1738054953
23117.75,1738054953
23118.35,1738054954
23117.50,1738054954
23116.50,1738054955
23115.20,1738054955
23115.65,1738054956
23115.75,1738054956
23115.90,1738054957
23116.10,1738054957
23115.60,1738054958
23116.15,1738054958
23116.45,1738054959
23116.00,1738054959
23116.20,1738054960
23116.05,1738054960
23115.75,1738054961
23115.35,1738054961
23115.70,1738054962
23115.40,1738054962
23116.35,1738054963
23115.65,1738054963
23117.70,1738054964
23116.85,1738054964
23115.25,1738054965
23114.15,1738054965
23115.20,1738054966
23116.95,1738054966
23115.85,1738054967
23117.15,1738054967
23116.15,1738054968
23117.00,1738054968
23115.65,1738054969
23115.40,1738054969
23118.45,1738054970
23118.25,1738054970
23119.55,1738054971
23118.00,1738054971
23117.40,1738054972
23117.15,1738054972
23117.70,1738054973
23117.25,1738054973
23117.50,1738054974
23117.55,1738054974
23118.60,1738054975
23114.85,1738054975
23117.15,1738054976
23116.40,1738054976
23115.95,1738054977
23115.75,1738054977
23115.00,1738054978
23118.65,1738054978
23117.20,1738054979
23117.90,1738054979
23118.70,1738054980
23117.30,1738054980
23119.85,1738054981
23123.70,1738054981
23124.70,1738054982
23125.60,1738054982
23125.80,1738054983
23127.10,1738054983
23126.75,1738054984
23127.80,1738054984
23127.15,1738054985
23125.30,1738054985
23125.55,1738054986
23126.50,1738054986
23127.40,1738054987
23128.10,1738054987
23127.55,1738054988
23128.40,1738054988
23127.70,1738054989
23127.85,1738054989
23128.10,1738054990
23127.30,1738054990
23126.45,1738054991
23126.60,1738054991
23126.00,1738054992
23127.00,1738054992
23126.70,1738054993
23126.45,1738054993
23127.20,1738054994
23126.50,1738054994
23125.40,1738054995
23122.70,1738054995
23123.70,1738054996
23124.20,1738054996
23123.45,1738054997
23123.25,1738054997
23123.75,1738054998
23123.25,1738054998
23122.85,1738054999
23123.45,1738054999
23123.30,1738055000
23122.55,1738055000
23122.15,1738055001
23131.40,1738055419
23131.85,1738055420
23130.90,1738055421
23131.90,1738055421
23130.80,1738055422
23131.00,1738055422
23131.70,1738055423
23131.40,1738055423
23132.45,1738055424
23132.20,1738055424
23131.20,1738055425
23128.80,1738055425
23129.15,1738055426
23130.65,1738055426
23129.90,1738055427
23129.95,1738055427
23130.45,1738055428
23130.95,1738055428
23129.65,1738055429
23130.20,1738055429
23131.20,1738055430
23130.80,1738055430
23131.75,1738055431
23129.90,1738055431
23130.35,1738055432
23129.15,1738055433
23131.65,1738055433
23131.15,1738055434
23130.65,1738055434
23129.40,1738055435
23126.45,1738055435
23127.15,1738055436
23128.10,1738055436
23127.35,1738055437
23127.55,1738055437
23127.60,1738055438
23127.55,1738055438
23128.40,1738055439
23129.10,1738055439
23128.55,1738055440
23128.85,1738055440
23129.50,1738055441
23129.40,1738055441
23128.95,1738055442
23129.95,1738055442
23130.05,1738055443
23130.10,1738055443
23131.60,1738055444
23131.20,1738055444
23130.10,1738055445
23128.80,1738055445
23129.15,1738055446
23129.75,1738055446
23129.10,1738055447
23128.65,1738055447
23129.05,1738055448
23128.30,1738055448
23130.10,1738055449
23128.60,1738055449
23128.65,1738055450
23128.10,1738055450
23128.00,1738055451
23129.00,1738055451
23128.55,1738055452
23128.85,1738055452
23129.35,1738055453
23129.45,1738055453
23130.75,1738055454
23130.45,1738055454
23129.60,1738055455
23127.65,1738055455
23127.50,1738055456
23128.15,1738055456
23129.35,1738055457
23129.45,1738055458
23129.30,1738055458
23128.80,1738055459
23129.60,1738055459
23126.00,1738055460
23126.95,1738055460
23124.25,1738055461
23125.85,1738055461
23125.00,1738055462
23125.05,1738055462
23125.85,1738055463
23128.05,1738055463
23127.05,1738055464
23127.30,1738055464
23126.70,1738055465
23123.65,1738055465
23123.75,1738055466
23124.50,1738055466
23124.55,1738055467
23124.25,1738055467
23123.70,1738055468
23124.45,1738055468
23124.20,1738055469
23124.65,1738055469
23124.70,1738055470
23126.00,1738055470
23126.55,1738055471
23125.90,1738055472
23126.40,1738055473
23126.85,1738055473
23129.05,1738055474
23128.30,1738055474
23126.65,1738055475
23124.85,1738055475
23124.65,1738055476
23125.35,1738055476
23127.50,1738055477
23127.25,1738055477
23126.50,1738055478
23126.95,1738055478
23126.55,1738055479
23125.90,1738055479
23126.85,1738055480
23126.10,1738055480
23126.30,1738055481
23125.60,1738055481
23125.30,1738055482
23126.10,1738055482
23125.60,1738055483
23126.75,1738055483
23126.45,1738055484
23127.50,1738055484
23127.10,1738055485
23124.05,1738055485
23123.25,1738055486
23123.50,1738055486
23122.35,1738055487
23123.30,1738055487
23122.20,1738055488
23123.60,1738055488
23121.75,1738055489
23122.35,1738055489
23121.65,1738055490
23120.85,1738055490
23121.10,1738055491
23121.25,1738055491
23121.50,1738055492
23121.45,1738055492
23121.75,1738055493
23123.90,1738055493
23120.05,1738055494
23121.70,1738055494
23121.25,1738055495
23119.20,1738055495
23120.90,1738055496
23121.80,1738055496
23122.25,1738055497
23121.80,1738055497
23122.65,1738055498
23122.95,1738055498
23122.15,1738055499
23124.20,1738055499
23123.95,1738055500
23124.15,1738055500
23124.05,1738055501
23124.45,1738055501
23123.80,1738055502
23122.95,1738055502
23124.70,1738055503
23123.10,1738055503
23125.45,1738055504
23125.85,1738055504
23123.45,1738055505
23122.35,1738055505
23122.70,1738055506
23126.40,1738055506
23125.00,1738055507
23125.70,1738055507
23125.50,1738055508
23124.95,1738055508
23125.70,1738055509
23126.10,1738055509
23124.95,1738055510
23125.05,1738055510
23125.40,1738055511
23125.05,1738055511
23124.30,1738055512
23124.45,1738055512
23126.35,1738055513
23126.40,1738055513
23127.15,1738055514
23126.60,1738055514
23125.95,1738055515
23123.40,1738055515
23122.70,1738055516
23123.65,1738055516
23122.95,1738055517
23124.00,1738055517
23124.25,1738055518
23124.20,1738055518
23123.55,1738055519
23124.60,1738055519
23123.15,1738055520
23123.30,1738055520
23121.65,1738055521
23121.55,1738055521
23121.80,1738055522
23121.65,1738055522
23122.80,1738055523
23125.55,1738055523
23126.50,1738055524
23125.10,1738055524
23126.00,1738055525
23121.80,1738055525
23122.75,1738055526
23124.65,1738055526
23124.80,1738055527
23126.10,1738055527
23125.80,1738055528
23125.90,1738055528
23125.80,1738055529
23125.85,1738055529
23123.80,1738055530
23122.95,1738055530
23123.50,1738055531
23123.45,1738055531
23124.45,1738055532
23125.20,1738055532
23125.25,1738055533
23125.30,1738055533
23123.40,1738055534
23125.60,1738055534
23123.50,1738055535
23122.10,1738055535
23121.70,1738055536
23123.25,1738055536
23123.45,1738055537
23125.10,1738055538
23124.35,1738055538
23123.60,1738055539
23123.80,1738055539
23123.05,1738055540
23124.60,1738055540
23123.60,1738055541
23125.60,1738055541
23124.25,1738055542
23126.50,1738055542
23126.45,1738055543
23126.50,1738055543
23125.55,1738055544
23126.25,1738055544
23126.60,1738055545
23122.85,1738055545
23124.30,1738055546
23123.55,1738055546
23124.75,1738055547
23125.15,1738055547
23126.10,1738055548
23125.45,1738055548
23124.55,1738055549
23124.35,1738055549
23123.45,1738055550
23124.45,1738055550
23122.40,1738055551
23124.30,1738055551
23122.95,1738055552
23124.40,1738055552
23125.25,1738055553
23126.60,1738055553
23125.60,1738055554
23126.10,1738055554
23124.80,1738055555
23121.90,1738055555
23121.50,1738055556
23124.30,1738055556
23123.00,1738055557
23123.10,1738055557
23123.65,1738055558
23124.00,1738055558
23123.10,1738055559
23123.40,1738055559
23124.05,1738055560
23125.80,1738055560
23124.05,1738055561
23123.70,1738055561
23124.00,1738055562
23124.80,1738055562
23124.70,1738055563
23125.25,1738055563
23125.90,1738055564
23127.60,1738055564
23125.90,1738055565
23123.65,1738055565
23123.80,1738055566
23124.10,1738055566
23125.10,1738055567
23125.05,1738055568
23126.00,1738055568
23125.70,1738055569
23125.15,1738055569
23124.65,1738055570
23125.65,1738055570
23124.35,1738055571
23125.30,1738055571
23125.25,1738055572
23124.50,1738055572
23125.45,1738055573
23125.50,1738055573
23125.80,1738055574
23125.15,1738055574
23123.55,1738055575
23122.00,1738055575
23122.35,1738055576
23124.40,1738055576
23124.50,1738055577
23124.70,1738055577
23124.85,1738055578
23126.15,1738055578
23125.15,1738055579
23126.15,1738055579
23125.75,1738055580
23125.05,1738055580
23124.55,1738055581
23125.20,1738055581
23125.85,1738055582
23126.00,1738055582
23125.95,1738055583
23126.85,1738055583
23124.95,1738055584
23125.55,1738055584
23123.10,1738055585
23122.95,1738055585
23123.00,1738055586
23124.40,1738055586
23123.30,1738055587
23123.60,1738055587
23123.15,1738055588
23123.40,1738055588
23122.75,1738055589
23124.15,1738055589
23120.45,1738055590
23121.60,1738055590
23120.20,1738055591
23120.70,1738055592
23121.35,1738055592
23121.65,1738055593
23120.85,1738055593
23122.85,1738055594
23122.40,1738055594
23122.20,1738055595
23119.40,1738055595
23120.90,1738055596
23122.95,1738055596
23120.55,1738055597
23121.95,1738055597
23121.30,1738055598
23124.50,1738055598
23121.60,1738055599
23122.20,1738055599
23121.70,1738055600
23122.70,1738055600
23123.35,1738055601
23123.25,1738055601
23122.00,1738055602
23122.55,1738055602
23122.25,1738055603
23122.70,1738055603
23124.80,1738055604
23124.25,1738055604
23124.90,1738055605
23122.35,1738055605
23123.55,1738055606
23123.65,1738055606
23120.75,1738055607
23124.15,1738055607
23120.65,1738055608
23121.70,1738055608
23120.80,1738055609
23121.15,1738055609
23119.95,1738055610
23120.55,1738055610
23119.75,1738055611
23120.75,1738055611
23120.85,1738055612
23120.75,1738055612
23120.95,1738055613
23124.60,1738055613
23120.00,1738055614
23123.55,1738055614
23124.25,1738055615
23121.40,1738055615
23122.15,1738055616
23121.75,1738055616
23122.30,1738055617
23120.75,1738055617
23120.95,1738055618
23120.45,1738055618
23121.20,1738055619
23120.45,1738055619
23121.80,1738055620
23121.20,1738055620
23121.65,1738055621
23120.15,1738055621
23121.45,1738055622
23121.70,1738055622
23122.30,1738055623
23120.70,1738055623
23121.90,1738055624
23119.30,1738055624
23119.50,1738055625
23118.30,1738055625
23118.90,1738055626
23119.40,1738055626
23118.70,1738055627
23119.35,1738055627
23119.85,1738055628
23119.70,1738055628
23120.20,1738055629
23118.50,1738055629
23119.70,1738055630
23119.95,1738055630
23119.55,1738055631
23118.60,1738055632
23119.25,1738055632
23119.75,1738055633
23120.70,1738055633
23121.35,1738055634
23120.55,1738055634
23120.20,1738055635
23118.05,1738055635
23118.55,1738055636
23118.75,1738055636
23118.65,1738055637
23120.30,1738055637
23120.05,1738055638
23120.35,1738055638
23120.15,1738055639
23120.25,1738055639
23121.05,1738055640
23121.45,1738055640
23121.80,1738055641
23120.90,1738055641
23120.80,1738055642
23121.15,1738055642
23123.55,1738055643
23125.25,1738055643
23125.65,1738055644
23123.80,1738055644
23124.30,1738055645
23121.45,1738055645
23121.40,1738055646
23122.00,1738055646
23123.10,1738055647
23122.20,1738055647
23122.15,1738055648
23121.85,1738055648
23122.20,1738055649
23123.95,1738055649
23124.50,1738055650
23125.20,1738055650
23123.90,1738055651
23123.85,1738055651
23123.10,1738055652
23124.35,1738055652
23123.95,1738055653
23124.15,1738055653
23125.00,1738055654
23125.45,1738055654
23125.55,1738055655
23122.90,1738055655
23123.80,1738055656
23124.55,1738055656
23124.90,1738055657
23124.50,1738055657
23124.60,1738055658
23124.65,1738055658
23124.30,1738055659
23126.00,1738055659
23126.75,1738055660
23127.50,1738055660
23128.70,1738055661
23128.40,1738055661
23129.00,1738055662
23128.80,1738055662
23129.15,1738055663
23128.75,1738055663
23130.05,1738055664
23130.10,1738055664
23128.65,1738055665
23128.45,1738055666
23128.65,1738055666
23128.95,1738055667
23130.05,1738055667
23130.50,1738055668
23130.70,1738055668
23130.10,1738055669
23130.55,1738055669
23130.90,1738055670
23131.65,1738055670
23129.95,1738055671
23130.20,1738055671
23130.50,1738055672
23130.05,1738055672
23130.55,1738055673
23131.90,1738055673
23131.70,1738055674
23130.80,1738055674
23130.75,1738055675
23127.70,1738055675
23127.85,1738055676
23128.20,1738055676
23128.45,1738055677
23129.90,1738055677
23130.05,1738055678
23129.75,1738055678
23129.30,1738055679
23129.20,1738055679
23129.65,1738055680
23130.40,1738055680
23129.45,1738055681
23129.60,1738055681
23130.35,1738055682
23129.10,1738055682
23130.45,1738055683
23130.05,1738055683
23131.40,1738055684
23128.15,1738055684
23130.40,1738055685
23128.50,1738055685
23127.50,1738055686
23127.60,1738055686
23128.60,1738055687
23129.40,1738055687
23129.65,1738055688
23129.55,1738055688
23129.40,1738055689
23129.50,1738055689
23129.20,1738055690
23129.65,1738055690
23129.80,1738055691
23129.55,1738055691
23129.00,1738055692
23128.95,1738055692
23127.95,1738055693
23127.75,1738055693
23126.80,1738055694
23128.70,1738055694
23127.55,1738055695
23125.70,1738055695
23126.95,1738055696
23127.10,1738055696
23127.95,1738055697
23128.45,1738055697
23128.65,1738055698
23129.10,1738055698
23129.20,1738055699
23129.35,1738055699
23129.85,1738055700
23130.15,1738055700
23129.35,1738055701
23130.40,1738055701
23130.95,1738055702
23130.70,1738055702
23131.30,1738055703
23132.35,1738055703
23131.45,1738055704
23131.65,1738055704
23130.00,1738055705
23127.50,1738055705
23127.90,1738055706
23129.10,1738055706
23129.35,1738055707
23128.45,1738055707
23128.85,1738055708
23128.10,1738055708
23127.25,1738055709
23128.25,1738055709
23128.05,1738055710
23128.65,1738055710
23128.50,1738055711
23129.10,1738055711
23129.05,1738055712
23129.35,1738055712
23129.15,1738055713
23130.35,1738055713
23130.65,1738055714
23130.50,1738055714
23130.05,1738055715
23128.80,1738055715
23129.10,1738055716
23130.35,1738055716
23129.75,1738055717
23129.70,1738055717
23129.65,1738055718
23131.00,1738055718
23129.15,1738055719
23130.60,1738055719
23130.80,1738055720
23130.85,1738055720
23131.15,1738055721
23130.70,1738055721
23130.55,1738055722
23130.70,1738055722
23130.95,1738055723
23131.50,1738055723
23132.40,1738055724
23131.10,1738055724
23130.55,1738055725
23129.60,1738055725
23129.20,1738055726
23130.10,1738055726
23130.40,1738055727
23130.85,1738055727
23130.40,1738055728
23128.80,1738055728
23129.00,1738055729
23129.65,1738055729
23130.20,1738055730
23131.15,1738055730
23130.05,1738055731
23130.10,1738055731
23128.80,1738055732
23129.40,1738055732
23130.20,1738055733
23131.65,1738055733
23131.80,1738055734
23131.90,1738055734
23131.40,1738055735
23128.75,1738055735
23129.20,1738055736
23130.20,1738055736
23129.30,1738055737
23128.70,1738055737
23125.95,1738055738
23126.85,1738055738
23126.50,1738055739
23127.30,1738055739
23128.15,1738055740
23127.45,1738055740
23127.50,1738055741
23127.75,1738055741
23127.20,1738055742
23128.20,1738055742
23127.50,1738055743
23127.35,1738055743
23128.20,1738055744
23127.55,1738055744
23127.05,1738055745
23125.80,1738055745
23127.00,1738055746
23128.15,1738055746
23128.65,1738055747
23128.30,1738055747
23128.00,1738055748
23126.50,1738055748
23125.90,1738055749
23126.55,1738055749
23125.95,1738055750
23126.00,1738055750
23125.95,1738055751
23126.15,1738055751
23126.05,1738055752
23126.20,1738055752
23126.50,1738055753
23127.05,1738055753
23128.70,1738055754
23127.70,1738055754
23127.40,1738055755
23125.60,1738055755
23125.75,1738055756
23126.30,1738055756
23125.35,1738055757
23126.50,1738055757
23127.25,1738055758
23127.65,1738055758
23127.55,1738055759
23127.65,1738055759
23127.15,1738055760
23126.65,1738055760
23126.25,1738055761
23127.25,1738055761
23126.15,1738055762
23126.40,1738055762
23127.10,1738055763
23129.15,1738055763
23125.35,1738055764
23125.55,1738055764
23124.55,1738055765
23123.60,1738055765
23121.20,1738055766
23120.80,1738055766
23121.05,1738055767
23121.60,1738055767
23120.05,1738055768
23116.45,1738055768
23114.45,1738055769
23109.20,1738055769
23109.85,1738055770
23112.55,1738055770
23112.05,1738055771
23115.05,1738055771
23114.45,1738055772
23115.60,1738055772
23113.70,1738055773
23114.15,1738055773
23114.05,1738055774
23114.15,1738055774
23112.65,1738055775
23112.20,1738055775
23111.55,1738055776
23111.70,1738055776
23111.65,1738055777
23110.80,1738055777
23113.05,1738055778
23110.90,1738055778
23108.95,1738055779
23107.20,1738055779
23104.55,1738055780
23100.80,1738055780
23100.60,1738055781
23100.70,1738055781
23099.55,1738055782
23096.05,1738055782
23092.35,1738055783
23092.15,1738055783
23094.15,1738055784
23089.05,1738055784
23091.60,1738055785
23089.65,1738055785
23092.50,1738055786
23093.30,1738055786
23096.50,1738055787
23094.65,1738055787
23095.70,1738055788
23096.35,1738055788
23093.00,1738055789
23090.05,1738055789
23091.35,1738055790
23091.40,1738055790
23087.95,1738055791
23090.25,1738055791
23088.80,1738055792
23088.55,1738055792
23086.05,1738055793
23090.75,1738055793
23089.25,1738055794
23088.00,1738055794
23085.05,1738055795
23083.80,1738055795
23084.40,1738055796
23081.75,1738055796
23083.00,1738055797
23088.65,1738055797
23084.90,1738055798
23084.30,1738055798
23082.85,1738055799
23083.70,1738055799
23082.65,1738055800
23083.05,1738055800
23085.40,1738055801
23083.40,1738055801
23083.50,1738055802
23081.15,1738055802
23081.25,1738055803
23081.65,1738055803
23082.75,1738055804
23081.25,1738055804
23083.25,1738055805
23082.75,1738055805
23086.35,1738055806
23088.85,1738055806
23086.30,1738055807
23087.15,1738055807
23087.20,1738055808
23089.15,1738055808
23088.75,1738055809
23088.25,1738055809
23091.05,1738055810
23088.85,1738055810
23090.55,1738055811
23087.80,1738055811
23087.25,1738055812
23085.05,1738055812
23084.55,1738055813
23081.75,1738055813
23081.65,1738055814
23077.45,1738055814
23077.65,1738055815
23074.10,1738055815
23074.15,1738055816
23072.30,1738055816
23072.55,1738055817
23072.25,1738055817
23072.80,1738055818
23071.00,1738055818
23071.80,1738055819
23071.30,1738055819
23070.70,1738055820
23072.30,1738055821
23069.85,1738055821
23066.00,1738055822
23065.65,1738055822
23063.30,1738055823
23065.90,1738055823
23063.85,1738055824
23060.15,1738055824
23059.20,1738055825
23057.85,1738055825
23060.50,1738055826
23057.00,1738055826
23060.55,1738055827
23060.15,1738055827
23057.05,1738055828
23058.45,1738055828
23055.35,1738055829
23054.50,1738055829
23052.85,1738055830
23048.20,1738055830
23047.40,1738055831
23043.30,1738055831
23045.15,1738055832
23044.90,1738055832
23040.95,1738055833
23039.75,1738055833
23036.65,1738055834
23037.25,1738055834
23033.10,1738055835
23035.95,1738055835
23036.45,1738055836
23040.40,1738055836
23035.00,1738055837
23032.00,1738055837
23032.70,1738055838
23028.95,1738055838
23023.85,1738055839
23023.50,1738055839
23021.40,1738055840
23020.10,1738055840
23023.25,1738055841
23026.20,1738055841
23023.25,1738055842
23022.45,1738055842
23023.75,1738055843
23023.80,1738055843
23026.50,1738055844
23025.05,1738055844
23027.45,1738055845
23027.35,1738055845
23026.90,1738055846
23027.15,1738055846
23029.45,1738055847
23032.80,1738055847
23037.40,1738055848
23039.05,1738055848
23040.25,1738055849
23040.60,1738055849
23043.70,1738055850
23044.70,1738055850
23042.05,1738055851
23041.85,1738055851
23040.05,1738055852
23042.30,1738055852
23044.25,1738055853
23046.00,1738055853
23047.25,1738055854
23046.60,1738055854
23047.25,1738055855
23045.75,1738055855
23045.70,1738055856
23045.15,1738055856
23046.10,1738055857
23047.70,1738055857
23049.30,1738055858
23053.05,1738055858
23052.00,1738055859
23052.40,1738055859
23051.45,1738055860
23050.65,1738055860
23051.10,1738055861
23049.75,1738055861
23047.65,1738055862
23049.15,1738055862
23047.15,1738055863
23047.00,1738055863
23047.10,1738055864
23045.60,1738055864
23044.25,1738055865
23042.90,1738055865
23044.30,1738055866
23044.85,1738055866
23045.50,1738055867
23045.70,1738055867
23045.75,1738055868
23047.30,1738055868
23046.25,1738055869
23050.80,1738055869
23044.30,1738055870
23048.55,1738055870
23047.95,1738055871
23048.60,1738055871
23048.15,1738055872
23045.45,1738055873
23045.00,1738055873
23045.60,1738055874
23044.20,1738055874
23043.15,1738055875
23040.50,1738055875
23039.60,1738055876
23040.50,1738055876
23041.10,1738055877
23043.40,1738055877
23041.80,1738055878
23042.70,1738055878
23042.65,1738055879
23042.90,1738055879
23043.70,1738055880
23042.80,1738055880
23041.05,1738055881
23043.20,1738055881
23045.80,1738055882
23045.90,1738055882
23044.90,1738055883
23048.25,1738055883
23048.00,1738055884
23045.90,1738055884
23047.05,1738055885
23044.00,1738055885
23044.60,1738055886
23044.20,1738055886
23044.70,1738055887
23044.15,1738055887
23046.65,1738055888
23044.20,1738055888
23043.65,1738055889
23042.80,1738055889
23043.60,1738055890
23043.10,1738055890
23041.85,1738055891
23041.50,1738055891
23040.55,1738055892
23041.40,1738055892
23040.95,1738055893
23042.80,1738055893
23043.25,1738055894
23042.20,1738055894
23040.90,1738055895
23040.80,1738055895
23042.10,1738055896
23042.95,1738055896
23043.40,1738055897
23045.70,1738055897
23044.85,1738055898
23046.15,1738055898
23045.85,1738055899
23045.25,1738055899
23043.75,1738055900
23043.25,1738055900
23044.90,1738055901
23045.50,1738055901
23045.20,1738055902
23046.30,1738055902
23047.10,1738055903
23050.75,1738055903
23050.60,1738055904
23054.70,1738055904
23053.10,1738055905
23054.25,1738055905
23055.15,1738055906
23055.40,1738055906
23056.30,1738055907
23058.45,1738055907
23057.55,1738055908
23056.80,1738055908
23056.00,1738055909
23056.15,1738055909
23052.65,1738055910
23048.75,1738055910
23046.45,1738055911
23045.45,1738055911
23045.05,1738055912
23045.20,1738055912
23043.75,1738055913
23046.45,1738055913
23046.65,1738055914
23044.60,1738055914
23044.80,1738055915
23043.70,1738055916
23043.00,1738055916
23042.25,1738055917
23042.45,1738055918
23042.70,1738055918
23043.25,1738055919
23043.15,1738055920
23044.00,1738055920
23043.40,1738055921
23043.80,1738055921
23042.90,1738055922
23045.75,1738055922
23047.05,1738055923
23050.05,1738055923
23047.55,1738055924
23046.60,1738055924
23046.05,1738055925
23043.30,1738055925
23044.35,1738055926
23042.40,1738055926
23041.50,1738055927
23041.80,1738055927
23043.60,1738055928
23041.20,1738055928
23041.75,1738055929
23040.70,1738055929
23042.95,1738055930
23040.10,1738055930
23038.30,1738055931
23039.85,1738055932
23038.60,1738055932
23041.10,1738055933
23038.30,1738055933
23040.75,1738055934
23041.55,1738055934
23038.35,1738055935
23036.85,1738055935
23038.25,1738055936
23038.15,1738055936
23038.45,1738055937
23039.85,1738055937
23040.10,1738055938
23037.70,1738055938
23037.45,1738055939
23037.05,1738055939
23036.75,1738055940
23036.65,1738055940
23035.60,1738055941
23036.90,1738055941
23036.10,1738055942
23036.70,1738055942
23035.45,1738055943
23039.20,1738055943
23035.80,1738055944
23036.70,1738055944
23035.90,1738055945
23035.10,1738055945
23035.85,1738055946
23035.25,1738055946
23035.15,1738055947
23035.50,1738055947
23034.60,1738055948
23034.55,1738055948
23034.40,1738055949
23034.05,1738055949
23034.50,1738055950
23035.30,1738055950
23035.00,1738055951
23036.60,1738055951
23035.00,1738055952
23034.40,1738055952
23034.70,1738055953
23033.05,1738055953
23033.35,1738055954
23029.35,1738055954
23026.15,1738055955
23023.65,1738055955
23023.55,1738055956
23022.45,1738055956
23024.50,1738055957
23023.50,1738055957
23024.85,1738055958
23023.85,1738055958
23023.75,1738055959
23024.20,1738055959
23023.85,1738055960
23026.65,1738055960
23027.25,1738055961
23028.30,1738055961
23029.10,1738055962
23029.45,1738055962
23029.20,1738055963
23030.85,1738055963
23031.10,1738055964
23032.70,1738055964
23032.20,1738055965
23031.25,1738055965
23031.10,1738055966
23030.75,1738055966
23031.60,1738055967
23031.90,1738055967
23032.05,1738055968
23030.35,1738055968
23031.75,1738055969
23030.00,1738055969
23029.35,1738055970
23028.05,1738055970
23027.10,1738055971
23028.15,1738055971
23030.45,1738055972
23031.00,1738055972
23030.45,1738055973
23033.05,1738055973
23033.25,1738055974
23031.70,1738055974
23030.95,1738055975
23027.70,1738055975
23028.50,1738055976
23028.20,1738055976
23029.20,1738055977
23028.10,1738055977
23028.00,1738055978
23026.80,1738055978
23026.25,1738055979
23026.35,1738055979
23026.50,1738055980
23027.25,1738055980
23027.70,1738055981
23028.10,1738055981
23027.95,1738055982
23027.15,1738055982
23025.95,1738055983
23026.75,1738055983
23028.85,1738055984
23026.95,1738055984
23027.15,1738055985
23026.50,1738055985
23026.90,1738055986
23027.35,1738055986
23026.80,1738055987
23026.40,1738055987
23026.15,1738055988
23026.05,1738055988
23027.20,1738055989
23028.60,1738055990
23027.50,1738055990
23026.10,1738055991
23026.80,1738055991
23026.65,1738055992
23027.15,1738055992
23026.50,1738055993
23025.30,1738055993
23026.80,1738055994
23025.35,1738055994
23024.35,1738055995
23025.35,1738055996
23026.65,1738055996
23027.00,1738055997
23026.85,1738055997
23025.90,1738055998
23026.50,1738055998
23026.80,1738055999
23026.75,1738055999
23025.90,1738056000
23025.15,1738056000
23024.00,1738056001
23024.95,1738056001
23025.35,1738056002
23027.40,1738056002
23028.55,1738056003
23031.20,1738056003
23029.20,1738056004
23028.00,1738056004
23026.70,1738056005
23025.55,1738056005
23025.00,1738056006
23025.25,1738056006
23025.60,1738056007
23024.85,1738056007
23024.65,1738056008
23024.10,1738056008
23024.50,1738056009
23025.30,1738056009
23025.40,1738056010
23025.85,1738056010
23023.25,1738056011
23021.65,1738056011
23019.00,1738056012
23018.70,1738056012
23014.90,1738056013
23016.35,1738056013
23017.90,1738056014
23016.00,1738056014
23015.05,1738056015
23015.50,1738056016
23016.05,1738056016
23014.70,1738056017
23015.30,1738056017
23014.30,1738056018
23013.80,1738056018
23013.20,1738056019
23011.70,1738056019
23010.15,1738056020
23010.60,1738056020
23009.10,1738056021
23005.65,1738056021
23003.05,1738056022
23000.40,1738056022
22999.00,1738056023
23002.10,1738056023
23003.20,1738056024
23001.35,1738056024
23003.70,1738056025
23002.75,1738056025
23004.80,1738056026
23006.70,1738056026
23005.80,1738056027
23008.85,1738056027
23009.75,1738056028
23008.10,1738056028
23008.25,1738056029
23008.20,1738056029
23007.80,1738056030
23008.45,1738056030
23007.65,1738056031
23009.70,1738056031
23008.80,1738056032
23008.65,1738056032
23007.85,1738056033
23011.75,1738056033
23011.20,1738056034
23009.95,1738056034
23009.75,1738056035
23009.05,1738056035
23756.70,1738736241
23757.85,1738736242
23758.10,1738736242
23757.70,1738736243
23758.05,1738736243
23757.95,1738736244
23758.10,1738736244
23757.80,1738736245
23758.60,1738736245
23757.80,1738736246
23757.70,1738736246
23757.90,1738736247
23757.25,1738736247
23758.10,1738736248
23758.20,1738736248
23757.75,1738736249
23758.20,1738736249
23757.80,1738736250
23757.65,1738736251
23757.90,1738736251
23757.25,1738736252
23757.45,1738736252
23757.60,1738736253
23757.90,1738736253
23757.85,1738736254
23757.90,1738736254
23757.70,1738736255
23758.25,1738736255
23757.75,1738736256
23757.70,1738736256
23757.40,1738736257
23757.60,1738736257
23757.30,1738736258
23756.40,1738736258
23756.25,1738736259
23756.40,1738736259
23756.15,1738736260
23756.05,1738736260
23756.30,1738736261
23756.75,1738736261
23756.20,1738736262
23756.05,1738736262
23755.75,1738736263
23755.80,1738736263
23755.90,1738736264
23756.00,1738736264
23755.50,1738736265
23755.55,1738736265
23755.90,1738736266
23754.55,1738736266
23754.35,1738736267
23754.60,1738736267
23754.70,1738736268
23754.80,1738736268
23754.20,1738736269
23754.50,1738736269
23754.40,1738736270
23754.35,1738736270
23754.75,1738736271
23754.50,1738736271
23754.60,1738736272
23754.35,1738736272
23753.55,1738736273
23753.80,1738736273
23753.20,1738736274
23753.30,1738736275
23753.85,1738736275
23753.75,1738736276
23753.40,1738736276
23753.30,1738736277
23753.40,1738736277
23753.15,1738736278
23752.50,1738736279
23751.90,1738736280
23752.25,1738736280
23752.10,1738736281
23751.25,1738736281
23751.30,1738736282
23752.15,1738736282
23752.75,1738736283
23753.20,1738736283
23753.25,1738736284
23752.00,1738736284
23751.80,1738736285
23752.15,1738736285
23752.10,1738736286
23752.95,1738736286
23753.10,1738736287
23752.80,1738736287
23753.00,1738736288
23752.40,1738736288
23752.30,1738736289
23752.55,1738736289
23752.80,1738736290
23752.35,1738736290
23752.30,1738736291
23752.80,1738736291
23752.85,1738736292
23752.25,1738736292
23752.45,1738736293
23752.65,1738736293
23752.60,1738736294
23753.15,1738736294
23753.05,1738736295
23753.15,1738736295
23753.35,1738736296
23753.65,1738736297
23753.70,1738736297
23753.75,1738736298
23754.80,1738736298
23754.30,1738736299
23754.25,1738736299
23754.00,1738736300
23754.25,1738736301
23754.60,1738736301
23754.45,1738736302
23754.80,1738736303
23755.05,1738736303
23754.75,1738736304
23754.80,1738736304
23754.55,1738736305
23755.25,1738736305
23755.60,1738736306
23755.65,1738736306
23755.75,1738736307
23755.85,1738736307
23755.65,1738736308
23755.60,1738736308
23755.75,1738736309
23755.55,1738736309
23755.50,1738736310
23756.00,1738736310
23755.85,1738736311
23755.70,1738736311
23755.05,1738736312
23755.40,1738736312
23755.75,1738736313
23755.85,1738736313
23754.95,1738736314
23755.15,1738736314
23754.60,1738736315
23755.30,1738736315
23755.65,1738736316
23755.80,1738736316
23756.25,1738736317
23756.20,1738736317
23756.50,1738736318
23756.35,1738736318
23756.25,1738736319
23756.75,1738736319
23756.65,1738736320
23756.15,1738736321
23756.80,1738736321
23756.75,1738736322
23757.15,1738736322
23757.20,1738736323
23757.70,1738736323
23756.80,1738736324
23756.55,1738736324
23757.40,1738736325
23757.55,1738736325
23757.05,1738736326
23757.25,1738736326
23757.55,1738736327
23757.90,1738736327
23757.65,1738736328
23758.00,1738736328
23757.35,1738736329
23757.20,1738736329
23758.30,1738736330
23758.50,1738736330
23758.30,1738736331
23759.00,1738736331
23758.85,1738736332
23758.45,1738736332
23758.20,1738736333
23758.80,1738736333
23758.35,1738736334
23758.85,1738736334
23758.70,1738736335
23758.80,1738736335
23758.55,1738736336
23758.00,1738736336
23757.80,1738736337
23758.25,1738736337
23758.00,1738736338
23757.85,1738736338
23757.20,1738736339
23757.80,1738736339
23756.40,1738736340
23757.40,1738736340
23756.80,1738736341
23756.95,1738736341
23755.90,1738736342
23756.60,1738736342
23756.40,1738736344
23756.30,1738736344
23756.20,1738736345
23756.35,1738736345
23756.85,1738736346
23757.10,1738736346
23756.65,1738736347
23756.15,1738736347
23755.65,1738736348
23755.60,1738736348
23752.75,1738736349
23753.60,1738736349
23752.50,1738736350
23753.15,1738736350
23753.45,1738736351
23753.65,1738736351
23754.25,1738736352
23755.10,1738736352
23754.95,1738736353
23755.95,1738736353
23755.35,1738736354
23755.10,1738736354
23754.85,1738736356
23754.35,1738736356
23754.65,1738736357
23754.80,1738736358
23755.30,1738736358
23755.45,1738736359
23755.20,1738736359
23755.00,1738736360
23755.45,1738736360
23755.55,1738736361
23755.75,1738736361
23755.50,1738736362
23755.45,1738736362
23755.60,1738736363
23755.70,1738736363
23756.25,1738736364
23755.75,1738736364
23756.20,1738736365
23756.30,1738736365
23756.25,1738736366
23756.60,1738736366
23756.05,1738736367
23756.00,1738736367
23756.60,1738736368
23756.40,1738736369
23755.80,1738736369
23754.95,1738736370
23754.50,1738736371
23754.90,1738736371
23754.05,1738736372
23754.80,1738736372
23754.95,1738736373
23755.30,1738736373
23755.45,1738736374
23755.10,1738736374
23753.25,1738736375
23753.80,1738736375
23753.60,1738736376
23753.75,1738736376
23753.85,1738736377
23754.20,1738736377
23754.25,1738736378
23754.00,1738736379
23753.55,1738736379
23753.60,1738736380
23753.40,1738736380
23754.00,1738736381
23753.90,1738736381
23754.05,1738736382
23753.95,1738736382
23753.65,1738736383
23754.05,1738736383
23753.85,1738736384
23753.75,1738736384
23752.10,1738736385
23752.35,1738736385
23752.75,1738736386
23752.60,1738736386
23752.70,1738736387
23752.20,1738736387
23752.60,1738736388
23753.30,1738736388
23753.20,1738736389
23753.00,1738736389
23752.70,1738736390
23752.55,1738736390
23752.15,1738736391
23752.95,1738736391
23752.20,1738736392
23751.85,1738736392
23752.45,1738736393
23751.85,1738736393
23752.00,1738736394
23751.00,1738736394
23750.40,1738736395
23751.40,1738736395
23750.45,1738736396
23750.75,1738736396
23750.65,1738736397
23751.10,1738736397
23750.70,1738736398
23751.05,1738736398
23750.55,1738736399
23750.35,1738736399
23749.65,1738736400
23750.45,1738736400
23750.80,1738736401
23751.25,1738736401
23750.70,1738736402
23750.15,1738736402
23750.50,1738736403
23750.35,1738736403
23750.10,1738736404
23750.30,1738736404
23748.65,1738736405
23748.20,1738736405
23749.05,1738736406
23748.60,1738736406
23748.90,1738736407
23749.05,1738736407
23748.40,1738736408
23748.25,1738736408
23748.35,1738736409
23748.25,1738736409
23747.95,1738736410
23748.40,1738736411
23748.45,1738736411
23748.15,1738736412
23747.35,1738736412
23747.15,1738736413
23747.60,1738736413
23747.50,1738736414
23747.55,1738736414
23746.95,1738736415
23747.10,1738736415
23747.15,1738736416
23746.95,1738736416
23747.25,1738736417
23747.65,1738736417
23747.35,1738736418
23747.60,1738736418
23747.50,1738736419
23747.30,1738736420
23747.35,1738736420
23747.25,1738736421
23746.95,1738736421
23747.20,1738736422
23746.95,1738736422
23747.05,1738736423
23748.60,1738736424
23746.65,1738736425
23747.45,1738736425
23747.05,1738736426
23747.25,1738736426
23747.05,1738736427
23746.80,1738736427
23746.45,1738736428
23746.55,1738736428
23746.10,1738736429
23746.70,1738736429
23746.20,1738736430
23745.70,1738736430
23746.00,1738736431
23746.25,1738736431
23745.50,1738736432
23745.25,1738736432
23745.10,1738736433
23744.95,1738736433
23744.90,1738736434
23744.50,1738736434
23743.85,1738736435
23744.05,1738736435
23744.85,1738736436
23745.15,1738736436
23744.30,1738736437
23743.45,1738736438
23743.80,1738736438
23744.35,1738736439
23744.80,1738736440
23744.45,1738736440
23744.75,1738736441
23744.60,1738736441
23745.20,1738736442
23745.00,1738736442
23745.55,1738736443
23744.80,1738736444
23745.65,1738736444
23744.45,1738736445
23745.00,1738736445
23745.35,1738736446
23744.25,1738736446
23745.20,1738736447
23745.95,1738736447
23746.15,1738736448
23746.75,1738736448
23746.70,1738736449
23747.10,1738736449
23746.45,1738736450
23746.85,1738736450
23747.00,1738736451
23747.10,1738736451
23747.00,1738736452
23747.20,1738736452
23747.50,1738736453
23747.45,1738736454
23747.05,1738736454
23745.95,1738736455
23746.00,1738736455
23747.40,1738736456
23747.55,1738736456
23747.25,1738736457
23746.70,1738736457
23747.70,1738736458
23748.00,1738736458
23747.05,1738736459
23746.35,1738736459
23746.70,1738736460
23746.95,1738736461
23747.45,1738736461
23746.90,1738736462
23747.40,1738736462
23746.60,1738736463
23746.65,1738736463
23749.95,1738736464
23749.65,1738736464
23748.70,1738736465
23748.75,1738736465
23748.95,1738736466
23748.55,1738736466
23749.40,1738736467
23749.05,1738736467
23749.70,1738736468
23749.60,1738736468
23749.95,1738736469
23749.75,1738736469
23749.95,1738736470
23749.40,1738736470
23749.25,1738736471
23749.50,1738736471
23749.25,1738736472
23749.05,1738736472
23749.25,1738736473
23749.35,1738736473
23748.85,1738736474
23749.30,1738736474
23747.75,1738736475
23747.50,1738736475
23748.20,1738736476
23748.10,1738736477
23748.05,1738736477
23748.30,1738736478
23748.50,1738736478
23748.00,1738736479
23748.25,1738736479
23747.95,1738736480
23747.80,1738736480
23747.60,1738736481
23748.00,1738736481
23748.15,1738736482
23748.20,1738736483
23747.45,1738736483
23747.50,1738736484
23747.35,1738736484
23746.95,1738736485
23746.85,1738736485
23746.80,1738736486
23746.50,1738736486
23746.55,1738736487
23746.70,1738736487
23747.55,1738736488
23747.15,1738736489
23747.60,1738736489
23747.05,1738736490
23747.45,1738736490
23746.90,1738736491
23745.90,1738736491
23746.45,1738736492
23746.80,1738736492
23746.15,1738736493
23746.40,1738736493
23746.65,1738736494
23746.80,1738736494
23745.10,1738736495
23745.30,1738736495
23745.95,1738736496
23746.55,1738736496
23746.20,1738736497
23746.30,1738736498
23746.00,1738736498
23745.65,1738736499
23746.15,1738736499
23746.45,1738736500
23746.25,1738736500
23746.40,1738736501
23746.55,1738736501
23745.50,1738736502
23745.15,1738736502
23744.75,1738736503
23745.20,1738736503
23745.30,1738736504
23745.10,1738736504
23743.45,1738736505
23743.70,1738736505
23744.00,1738736506
23744.25,1738736506
23743.90,1738736507
23744.55,1738736507
23744.65,1738736508
23744.55,1738736509
23745.00,1738736509
23744.65,1738736510
23745.35,1738736510
23744.80,1738736511
23744.65,1738736511
23745.00,1738736512
23744.55,1738736512
23744.30,1738736513
23744.20,1738736513
23744.65,1738736514
23744.75,1738736514
23743.60,1738736515
23744.35,1738736515
23745.20,1738736516
23745.05,1738736516
23742.65,1738736517
23742.75,1738736517
23743.95,1738736518
23744.25,1738736518
23743.90,1738736519
23744.55,1738736519
23744.40,1738736520
23743.70,1738736520
23743.60,1738736521
23743.00,1738736521
23742.55,1738736522
23742.30,1738736522
23741.65,1738736523
23741.00,1738736523
23741.15,1738736524
23740.90,1738736524
23741.80,1738736525
23741.45,1738736526
23740.70,1738736526
23741.55,1738736527
23741.90,1738736527
23741.00,1738736528
23740.00,1738736528
23739.95,1738736529
23739.90,1738736529
23741.20,1738736530
23740.75,1738736530
23740.35,1738736531
23739.60,1738736531
23739.20,1738736532
23739.30,1738736532
23738.50,1738736533
23739.10,1738736533
23738.35,1738736534
23738.95,1738736534
23740.15,1738736535
23739.95,1738736535
23739.55,1738736536
23739.40,1738736536
23739.60,1738736537
23739.50,1738736537
23739.90,1738736538
23740.25,1738736538
23739.90,1738736539
23739.50,1738736539
23740.95,1738736540
23739.95,1738736540
23740.15,1738736541
23740.60,1738736541
23741.05,1738736542
23740.45,1738736542
23740.35,1738736543
23740.65,1738736544
23740.90,1738736545
23740.80,1738736545
23740.70,1738736546
23740.50,1738736546
23741.15,1738736547
23740.80,1738736547
23740.25,1738736548
23740.65,1738736548
23740.50,1738736549
23741.60,1738736549
23741.80,1738736550
23741.00,1738736550
23740.80,1738736551
23740.35,1738736551
23739.45,1738736552
23739.25,1738736552
23739.55,1738736553
23739.75,1738736553
23739.35,1738736554
23739.85,1738736554
23740.25,1738736555
23740.10,1738736555
23740.90,1738736556
23740.15,1738736556
23739.85,1738736557
23739.75,1738736557
23740.40,1738736558
23739.90,1738736558
23739.40,1738736559
23739.55,1738736559
23739.85,1738736560
23739.80,1738736560
23738.85,1738736561
23739.40,1738736561
23739.20,1738736562
23739.05,1738736562
23740.00,1738736563
23739.45,1738736564
23739.15,1738736564
23739.80,1738736565
23739.15,1738736565
23739.30,1738736566
23739.55,1738736566
23740.15,1738736567
23740.35,1738736567
23740.55,1738736568
23739.75,1738736569
23739.95,1738736569
23740.70,1738736570
23740.50,1738736570
23740.05,1738736571
23739.60,1738736571
23739.85,1738736572
23739.90,1738736572
23739.80,1738736573
23740.40,1738736573
23740.05,1738736574
23740.25,1738736574
23740.30,1738736575
23739.40,1738736575
23739.55,1738736576
23739.80,1738736576
23739.25,1738736577
23739.45,1738736578
23739.90,1738736578
23740.35,1738736579
23740.75,1738736580
23740.90,1738736580
23740.75,1738736581
23740.90,1738736581
23740.25,1738736582
23740.55,1738736582
23740.45,1738736583
23740.20,1738736583
23740.15,1738736584
23740.30,1738736584
23740.70,1738736585
23740.85,1738736585
23741.50,1738736586
23741.70,1738736586
23741.10,1738736587
23741.80,1738736587
23741.60,1738736588
23741.15,1738736589
23741.70,1738736589
23742.10,1738736590
23741.95,1738736590
23741.45,1738736591
23741.25,1738736591
23741.40,1738736592
23741.60,1738736592
23740.75,1738736593
23741.15,1738736593
23740.85,1738736594
23741.00,1738736594
23742.05,1738736595
23741.65,1738736595
23741.75,1738736596
23741.30,1738736596
23741.10,1738736597
23741.15,1738736598
23740.85,1738736598
23740.80,1738736599
23741.85,1738736599
23742.20,1738736600
23741.35,1738736601
23741.25,1738736601
23741.35,1738736602
23741.00,1738736602
23741.30,1738736603
23741.80,1738736603
23741.60,1738736604
23740.95,1738736604
23741.10,1738736605
23741.05,1738736605
23741.10,1738736606
23740.25,1738736606
23740.55,1738736607
23740.95,1738736607
23741.90,1738736608
23741.35,1738736608
23741.65,1738736609
23741.10,1738736609
23742.55,1738736610
23742.80,1738736610
23743.20,1738736611
23742.50,1738736611
23742.80,1738736612
23743.00,1738736612
23743.15,1738736613
23743.00,1738736614
23743.80,1738736614
23743.10,1738736615
23743.40,1738736615
23742.70,1738736616
23743.30,1738736616
23743.70,1738736617
23743.80,1738736617
23743.75,1738736618
23743.95,1738736618
23744.10,1738736619
23742.20,1738736619
23743.00,1738736620
23742.70,1738736620
23743.05,1738736621
23742.50,1738736621
23742.70,1738736622
23742.60,1738736622
23742.40,1738736623
23743.50,1738736623
23743.10,1738736624
23743.65,1738736624
23743.50,1738736625
23743.35,1738736625
23743.40,1738736626
23743.90,1738736626
23743.50,1738736627
23743.10,1738736627
23744.00,1738736628
23744.50,1738736628
23744.45,1738736629
23743.80,1738736629
23744.55,1738736630
23744.35,1738736630
23743.55,1738736631
23742.20,1738736631
23742.25,1738736632
23742.55,1738736632
23742.85,1738736633
23742.70,1738736633
23742.45,1738736634
23743.05,1738736634
23742.10,1738736635
23742.40,1738736635
23742.10,1738736636
23742.50,1738736636
23742.85,1738736637
23742.60,1738736637
23742.15,1738736638
23742.35,1738736638
23742.80,1738736639
23743.20,1738736639
23743.90,1738736640
23743.55,1738736640
23744.00,1738736641
23743.20,1738736641
23742.95,1738736642
23742.15,1738736642
23741.90,1738736643
23742.55,1738736643
23742.30,1738736644
23742.05,1738736644
23742.80,1738736645
23742.70,1738736645
23742.50,1738736646
23742.55,1738736646
23742.40,1738736647
23742.95,1738736647
23743.00,1738736648
23743.30,1738736648
23743.75,1738736649
23743.35,1738736649
23744.00,1738736650
23743.85,1738736651
23743.65,1738736651
23742.65,1738736652
23742.30,1738736653
23743.90,1738736653
23743.70,1738736654
23743.55,1738736654
23744.55,1738736655
23744.60,1738736655
23744.40,1738736656
23744.45,1738736656
23744.10,1738736657
23744.55,1738736657
23744.75,1738736658
23745.10,1738736658
23745.60,1738736659
23746.15,1738736660
23746.25,1738736661
23746.40,1738736661
23745.80,1738736662
23745.70,1738736662
23745.95,1738736663
23746.10,1738736663
23747.05,1738736664
23746.80,1738736664
23746.50,1738736665
23745.90,1738736666
23745.60,1738736667
23745.65,1738736667
23745.95,1738736668
23746.40,1738736668
23746.45,1738736669
23746.40,1738736669
23746.90,1738736670
23746.45,1738736670
23747.15,1738736671
23746.30,1738736671
23745.60,1738736672
23747.05,1738736672
23747.25,1738736673
23747.40,1738736673
23747.80,1738736674
23747.15,1738736674
23748.05,1738736675
23747.50,1738736675
23747.25,1738736676
23747.45,1738736676
23746.85,1738736677
23747.05,1738736677
23746.80,1738736678
23746.05,1738736678
23745.70,1738736679
23746.30,1738736680
23745.95,1738736680
23745.50,1738736681
23745.00,1738736681
23745.05,1738736682
23744.55,1738736682
23744.00,1738736684
23743.70,1738736684
23743.50,1738736685
23743.70,1738736685
23743.95,1738736686
23744.00,1738736686
23744.20,1738736687
23744.75,1738736688
23744.10,1738736688
23744.25,1738736689
23744.55,1738736689
23744.60,1738736690
23744.35,1738736690
23744.15,1738736691
23744.00,1738736691
23743.90,1738736692
23743.80,1738736692
23744.05,1738736693
23744.20,1738736693
23743.90,1738736694
23743.00,1738736694
23743.05,1738736695
23743.15,1738736695
23742.85,1738736696
23743.35,1738736696
23743.15,1738736697
23743.40,1738736697
23743.15,1738736698
23743.60,1738736698
23743.65,1738736699
23743.25,1738736699
23744.70,1738736700
23744.35,1738736700
23745.25,1738736701
23744.70,1738736701
23744.15,1738736702
23744.25,1738736702
23743.50,1738736703
23746.55,1738736703
23746.25,1738736704
23745.85,1738736704
23745.20,1738736705
23745.90,1738736705
23745.60,1738736706
23746.20,1738736706
23746.25,1738736707
23746.10,1738736707
23746.20,1738736708
23746.10,1738736708
23746.40,1738736709
23746.55,1738736709
23747.25,1738736710
23747.15,1738736710
23746.10,1738736711
23745.80,1738736712
23746.70,1738736712
23746.55,1738736713
23746.85,1738736713
23746.70,1738736714
23746.95,1738736714
23747.35,1738736715
23747.50,1738736715
23747.45,1738736716
23747.30,1738736716
23747.80,1738736717
23747.85,1738736718
23748.70,1738736718
23748.45,1738736719
23748.25,1738736719
23748.40,1738736720
23748.25,1738736720
23748.05,1738736721
23747.60,1738736721
23747.90,1738736722
23747.60,1738736722
23748.05,1738736723
23748.15,1738736723
23748.65,1738736724
23748.15,1738736724
23748.30,1738736725
23747.95,1738736725
23747.80,1738736726
23747.70,1738736726
23747.55,1738736727
23747.50,1738736727
23747.20,1738736728
23747.80,1738736728
23748.05,1738736729
23748.35,1738736729
23748.25,1738736730
23747.90,1738736730
23748.15,1738736731
23747.45,1738736731
23747.15,1738736732
23746.15,1738736733
23746.25,1738736733
23746.40,1738736734
23745.90,1738736734
23744.90,1738736735
23745.25,1738736735
23744.65,1738736736
23744.85,1738736736
23744.45,1738736737
23744.55,1738736737
23744.70,1738736738
23744.35,1738736738
23743.85,1738736739
23744.00,1738736739
23744.40,1738736740
23744.45,1738736740
23743.60,1738736741
23744.00,1738736741
23743.60,1738736742
23743.40,1738736742
23742.80,1738736743
23743.00,1738736743
23742.90,1738736744
23743.25,1738736744
23743.70,1738736745
23743.90,1738736745
23743.70,1738736746
23743.05,1738736746
23743.35,1738736747
23743.10,1738736747
23742.80,1738736748
23742.95,1738736748
23742.90,1738736749
23742.30,1738736750
23741.95,1738736750
23742.00,1738736751
23741.95,1738736752
23741.90,1738736752
23741.85,1738736753
23742.05,1738736754
23742.60,1738736754
23742.95,1738736755
23743.20,1738736755
23743.10,1738736756
23742.80,1738736757
23742.75,1738736757
23742.90,1738736758
23743.15,1738736759
23745.50,1738736759
23745.35,1738736760
23746.25,1738736760
23746.65,1738736761
23745.55,1738736761
23745.30,1738736762
23745.15,1738736762
23744.70,1738736763
23744.90,1738736763
23744.75,1738736764
23744.70,1738736764
23744.85,1738736766
23744.90,1738736767
23744.50,1738736767
23744.35,1738736768
23744.40,1738736769
23744.10,1738736769
23745.00,1738736770
23745.65,1738736770
23745.15,1738736771
23744.90,1738736771
23744.80,1738736772
23744.30,1738736772
23743.80,1738736773
23744.40,1738736773
23745.10,1738736774
23744.65,1738736774
23745.15,1738736775
23745.05,1738736775
23745.25,1738736776
23746.30,1738736776
23745.65,1738736777
23746.10,1738736777
23746.55,1738736778
23746.45,1738736779
23746.15,1738736779
23746.45,1738736780
23746.25,1738736780
23745.45,1738736781
23746.15,1738736781
23745.80,1738736782
23745.10,1738736782
23745.25,1738736783
23746.35,1738736783
23745.65,1738736784
23744.70,1738736784
23744.30,1738736785
23744.40,1738736785
23745.80,1738736786
23745.35,1738736786
23744.70,1738736787
23744.25,1738736787
23743.85,1738736788
23744.10,1738736788
23744.05,1738736789
23744.15,1738736789
23743.90,1738736790
23744.20,1738736790
23744.25,1738736791
23743.90,1738736791
23743.40,1738736792
23744.10,1738736792
23743.35,1738736793
23743.65,1738736793
23743.50,1738736794
23742.90,1738736794
23742.70,1738736795
23742.50,1738736795
23743.00,1738736796
23743.05,1738736796
23742.85,1738736797
23742.65,1738736797
23741.75,1738736798
23742.20,1738736799
23742.00,1738736799
23743.25,1738736800
23742.10,1738736800
23741.50,1738736801
23741.90,1738736801
23741.15,1738736802
23741.20,1738736802
23740.95,1738736803
23741.65,1738736803
23741.35,1738736804
23741.25,1738736804
23741.70,1738736805
23740.80,1738736805
23742.00,1738736806
23741.45,1738736806
23741.35,1738736807
23740.75,1738736808
23741.85,1738736808
23741.20,1738736809
23741.05,1738736809
23741.55,1738736810
23741.05,1738736810
23740.45,1738736811
23740.10,1738736811
23739.70,1738736812
23739.95,1738736812
23740.10,1738736813
23739.90,1738736813
23740.15,1738736814
23739.80,1738736814
23739.60,1738736815
23739.75,1738736815
23739.40,1738736816
23739.35,1738736816
23739.65,1738736817
23738.95,1738736817
23739.65,1738736818
23739.35,1738736818
23739.40,1738736819
23739.75,1738736819
23740.70,1738736820
23740.20,1738736820
23740.90,1738736821
23740.35,1738736821
23739.95,1738736822
23739.70,1738736823
23739.75,1738736823
23739.90,1738736824
23740.00,1738736824
23740.75,1738736825
23740.20,1738736825
23740.15,1738736826
23740.40,1738736826
23739.65,1738736827
23740.80,1738736827
23740.00,1738736828
23740.55,1738736828
23739.95,1738736829
23740.45,1738736829
23741.75,1738736830
23741.00,1738736830
23740.65,1738736831
23740.25,1738736831
23740.20,1738736832
23740.85,1738736832
23741.30,1738736833
23741.40,1738736833
23741.00,1738736834
23740.70,1738736834
23741.95,1738736835
23741.10,1738736835
23740.90,1738736836
23740.65,1738736836
23741.00,1738736837
23740.60,1738736837
23740.05,1738736838
23741.90,1738736838
23741.55,1738736839
23741.45,1738736839
23742.15,1738736840
23742.05,1738736840
23741.35,1738736841
23741.45,1738736841
23695.90,1738749120
23696.75,1738749120
23696.55,1738749121
23696.50,1738749121
23696.75,1738749122
23697.85,1738749122
23698.60,1738749123
23697.75,1738749123
23697.60,1738749124
23697.25,1738749124
23698.40,1738749125
23698.35,1738749125
23697.70,1738749126
23697.75,1738749126
23697.95,1738749127
23696.95,1738749127
23697.70,1738749128
23697.65,1738749128
23697.80,1738749129
23697.60,1738749130
23698.15,1738749130
23697.75,1738749131
23697.65,1738749131
23697.40,1738749132
23697.20,1738749133
23697.80,1738749133
23697.10,1738749134
23697.25,1738749134
23697.10,1738749135
23697.40,1738749135
23697.45,1738749136
23697.55,1738749136
23697.40,1738749137
23697.05,1738749137
23697.10,1738749138
23697.25,1738749138
23697.20,1738749139
23696.95,1738749140
23697.60,1738749140
23697.75,1738749141
23698.20,1738749141
23698.50,1738749142
23698.85,1738749142
23698.45,1738749143
23698.65,1738749143
23698.05,1738749144
23698.50,1738749144
23698.55,1738749145
23698.40,1738749145
23698.55,1738749146
23699.35,1738749146
23698.90,1738749147
23699.00,1738749147
23698.85,1738749148
23699.10,1738749148
23698.30,1738749149
23698.70,1738749149
23698.20,1738749150
23698.45,1738749150
23698.60,1738749151
23698.70,1738749151
23698.55,1738749152
23698.60,1738749152
23699.05,1738749153
23698.25,1738749154
23698.15,1738749154
23698.10,1738749155
23698.40,1738749155
23698.75,1738749156
23698.70,1738749156
23698.65,1738749157
23698.50,1738749157
23698.25,1738749158
23698.10,1738749158
23698.15,1738749159
23698.25,1738749160
23698.65,1738749160
23698.40,1738749161
23698.65,1738749161
23698.50,1738749162
23698.35,1738749162
23697.70,1738749163
23698.30,1738749163
23697.80,1738749164
23698.20,1738749164
23698.50,1738749165
23698.55,1738749166
23698.40,1738749166
23698.25,1738749167
23698.70,1738749168
23698.40,1738749170
23698.30,1738749170
23698.45,1738749171
23698.25,1738749171
23698.65,1738749172
23698.85,1738749172
23699.10,1738749173
23698.95,1738749173
23699.05,1738749174
23698.75,1738749174
23698.25,1738749175
23698.55,1738749175
23698.85,1738749176
23698.80,1738749176
23698.60,1738749177
23699.35,1738749178
23699.05,1738749178
23698.95,1738749179
23699.65,1738749180
23699.50,1738749180
23699.25,1738749181
23699.45,1738749181
23699.35,1738749182
23700.15,1738749182
23699.70,1738749183
23699.25,1738749183
23699.05,1738749184
23698.40,1738749184
23698.95,1738749185
23698.80,1738749185
23698.75,1738749186
23698.80,1738749186
23698.25,1738749187
23698.55,1738749187
23698.10,1738749188
23698.00,1738749188
23698.20,1738749189
23698.40,1738749189
23697.70,1738749190
23698.45,1738749190
23698.70,1738749191
23698.30,1738749192
23697.70,1738749192
23697.90,1738749193
23698.45,1738749193
23698.20,1738749194
23698.35,1738749194
23698.40,1738749195
23698.45,1738749195
23698.40,1738749196
23698.65,1738749196
23698.90,1738749197
23698.85,1738749197
23698.90,1738749198
23698.55,1738749198
23698.45,1738749199
23698.20,1738749199
23698.45,1738749200
23698.95,1738749200
23699.00,1738749201
23699.70,1738749201
23699.05,1738749202
23699.00,1738749203
23699.10,1738749204
23699.30,1738749204
23698.95,1738749205
23699.35,1738749205
23699.30,1738749206
23699.35,1738749206
23698.75,1738749207
23699.05,1738749207
23699.25,1738749208
23699.05,1738749208
23699.10,1738749209
23699.00,1738749209
23698.10,1738749210
23698.50,1738749210
23698.15,1738749211
23698.50,1738749211
23698.30,1738749212
23696.75,1738749212
23697.10,1738749213
23696.50,1738749214
23695.85,1738749214
23696.65,1738749215
23697.30,1738749215
23697.00,1738749216
23697.75,1738749216
23697.15,1738749217
23697.50,1738749217
23697.00,1738749218
23697.40,1738749218
23696.95,1738749219
23697.15,1738749219
23696.80,1738749220
23697.25,1738749220
23697.00,1738749221
23697.05,1738749221
23697.15,1738749222
23696.95,1738749222
23696.65,1738749223
23696.70,1738749223
23697.00,1738749224
23696.85,1738749224
23696.95,1738749225
23697.80,1738749225
23698.45,1738749226
23698.20,1738749226
23697.80,1738749227
23698.20,1738749227
23697.90,1738749228
23697.95,1738749228
23698.30,1738749229
23698.50,1738749229
23698.35,1738749230
23698.20,1738749230
23698.05,1738749231
23698.35,1738749231
23698.30,1738749232
23698.70,1738749232
23698.10,1738749233
23697.45,1738749233
23697.75,1738749234
23697.65,1738749234
23697.60,1738749235
23697.90,1738749235
23698.00,1738749236
23698.15,1738749236
23697.85,1738749237
23698.15,1738749237
23698.00,1738749238
23698.10,1738749238
23697.95,1738749239
23698.10,1738749239
23698.40,1738749240
23698.30,1738749240
23698.50,1738749241
23698.05,1738749241
23698.45,1738749242
23698.25,1738749242
23698.55,1738749243
23698.35,1738749243
23698.50,1738749244
23698.20,1738749244
23697.80,1738749245
23698.00,1738749246
23697.95,1738749246
23698.65,1738749247
23697.95,1738749247
23698.35,1738749248
23697.30,1738749248
23697.90,1738749249
23697.70,1738749249
23697.30,1738749250
23698.25,1738749250
23697.90,1738749251
23698.30,1738749251
23698.15,1738749252
23697.10,1738749252
23697.60,1738749253
23697.25,1738749253
23697.45,1738749254
23696.75,1738749254
23697.05,1738749255
23697.65,1738749255
23697.80,1738749256
23697.95,1738749256
23697.80,1738749257
23697.50,1738749257
23697.75,1738749258
23697.00,1738749258
23696.70,1738749259
23696.65,1738749259
23697.00,1738749260
23697.10,1738749260
23697.15,1738749261
23697.45,1738749262
23697.15,1738749262
23696.85,1738749263
23696.25,1738749263
23696.90,1738749264
23696.05,1738749264
23696.55,1738749265
23697.20,1738749265
23696.75,1738749266
23697.40,1738749266
23697.20,1738749267
23696.90,1738749267
23696.95,1738749268
23697.45,1738749268
23697.40,1738749269
23696.90,1738749269
23696.65,1738749270
23697.40,1738749270
23697.25,1738749271
23697.05,1738749271
23697.40,1738749272
23697.35,1738749272
23697.60,1738749273
23697.40,1738749273
23696.70,1738749274
23696.95,1738749274
23696.70,1738749275
23697.05,1738749275
23697.10,1738749276
23697.30,1738749276
23696.95,1738749277
23697.00,1738749277
23697.15,1738749278
23696.75,1738749278
23696.25,1738749279
23696.85,1738749279
23696.20,1738749280
23696.90,1738749280
23696.40,1738749281
23696.50,1738749281
23696.30,1738749282
23696.70,1738749282
23696.30,1738749283
23697.10,1738749283
23696.85,1738749284
23696.35,1738749284
23696.65,1738749285
23696.80,1738749285
23697.15,1738749286
23696.70,1738749287
23697.70,1738749287
23697.20,1738749288
23696.90,1738749288
23697.25,1738749289
23696.55,1738749289
23697.20,1738749290
23697.55,1738749290
23697.25,1738749291
23697.60,1738749291
23697.85,1738749292
23697.40,1738749293
23697.30,1738749293
23697.45,1738749294
23697.50,1738749294
23697.15,1738749295
23697.90,1738749295
23697.30,1738749296
23697.90,1738749296
23698.10,1738749297
23697.70,1738749297
23697.45,1738749298
23698.10,1738749298
23697.40,1738749299
23697.60,1738749299
23698.25,1738749300
23698.60,1738749300
23698.75,1738749301
23698.85,1738749301
23698.45,1738749302
23697.60,1738749302
23698.85,1738749303
23698.50,1738749303
23697.75,1738749304
23698.00,1738749304
23697.40,1738749305
23697.55,1738749305
23697.20,1738749306
23697.80,1738749306
23697.60,1738749307
23697.50,1738749307
23697.25,1738749308
23697.30,1738749309
23697.85,1738749309
23696.60,1738749310
23697.60,1738749310
23696.95,1738749311
23697.05,1738749311
23696.40,1738749312
23697.20,1738749312
23696.90,1738749313
23696.60,1738749314
23697.20,1738749314
23696.35,1738749315
23696.80,1738749315
23696.05,1738749316
23696.85,1738749316
23696.55,1738749317
23697.10,1738749317
23697.30,1738749318
23697.05,1738749318
23697.00,1738749319
23697.05,1738749319
23696.85,1738749320
23697.45,1738749320
23696.85,1738749321
23697.05,1738749321
23697.15,1738749322
23697.25,1738749322
23697.35,1738749323
23696.80,1738749323
23696.35,1738749324
23696.80,1738749324
23696.55,1738749325
23696.60,1738749325
23697.05,1738749326
23697.50,1738749326
23696.65,1738749327
23696.75,1738749327
23696.55,1738749328
23696.80,1738749328
23696.85,1738749329
23696.95,1738749329
23696.75,1738749330
23696.85,1738749331
23696.75,1738749331
23697.05,1738749332
23696.75,1738749332
23696.85,1738749333
23696.55,1738749334
23696.50,1738749334
23696.90,1738749335
23696.45,1738749335
23696.80,1738749336
23696.75,1738749337
23696.70,1738749337
23696.65,1738749338
23696.45,1738749338
23696.70,1738749339
23696.85,1738749339
23696.20,1738749340
23696.45,1738749340
23696.50,1738749341
23696.15,1738749342
23695.95,1738749342
23695.85,1738749343
23696.20,1738749343
23695.95,1738749344
23696.60,1738749344
23697.00,1738749345
23696.55,1738749345
23697.00,1738749346
23696.95,1738749346
23696.70,1738749347
23696.55,1738749347
23696.70,1738749348
23696.95,1738749348
23696.40,1738749349
23696.70,1738749349
23696.20,1738749350
23696.65,1738749350
23696.50,1738749351
23696.65,1738749351
23696.75,1738749352
23696.70,1738749353
23696.50,1738749353
23696.30,1738749354
23695.85,1738749354
23695.70,1738749355
23695.50,1738749355
23695.70,1738749356
23696.05,1738749356
23695.75,1738749357
23695.40,1738749357
23695.45,1738749358
23695.30,1738749358
23695.00,1738749359
23694.65,1738749359
23695.10,1738749360
23695.00,1738749361
23694.55,1738749361
23694.20,1738749362
23694.10,1738749362
23694.35,1738749363
23694.15,1738749363
23693.90,1738749364
23693.70,1738749364
23693.80,1738749365
23693.30,1738749366
23693.15,1738749366
23693.70,1738749367
23693.50,1738749367
23693.65,1738749368
23693.55,1738749368
23693.30,1738749369
23693.25,1738749369
23692.75,1738749370
23692.90,1738749370
23692.70,1738749371
23693.10,1738749371
23692.85,1738749372
23692.70,1738749372
23692.60,1738749373
23692.50,1738749373
23692.35,1738749374
23692.45,1738749374
23692.05,1738749375
23691.75,1738749395
23691.90,1738749396
23691.95,1738749396
23692.20,1738749397
23692.25,1738749397
23692.45,1738749398
23692.65,1738749398
23692.45,1738749399
23692.65,1738749399
23691.50,1738749400
23692.45,1738749400
23691.90,1738749401
23692.80,1738749401
23691.35,1738749402
23691.75,1738749402
23691.50,1738749403
23691.10,1738749403
23691.30,1738749404
23691.45,1738749404
23690.75,1738749405
23691.70,1738749405
23690.95,1738749406
23692.00,1738749406
23691.60,1738749407
23691.80,1738749407
23691.25,1738749408
23691.30,1738749408
23691.70,1738749409
23692.10,1738749409
23691.50,1738749410
23692.30,1738749410
23691.70,1738749411
23691.85,1738749411
23691.60,1738749412
23691.70,1738749412
23692.05,1738749413
23690.90,1738749413
23691.15,1738749414
23691.45,1738749414
23691.35,1738749415
23691.60,1738749415
23691.10,1738749416
23691.95,1738749416
23691.25,1738749417
23691.75,1738749417
23691.30,1738749418
23691.15,1738749418
23691.10,1738749419
23691.35,1738749419
23691.50,1738749420
23691.85,1738749420
23692.45,1738749421
23692.20,1738749421
23693.15,1738749422
23693.05,1738749422
23693.55,1738749423
23693.90,1738749423
23693.10,1738749424
23693.55,1738749424
23693.60,1738749425
23693.40,1738749425
23693.70,1738749426
23693.25,1738749426
23692.60,1738749427
23693.20,1738749427
23693.35,1738749428
23693.25,1738749428
23692.25,1738749438
23692.95,1738749439
23692.70,1738749439
23692.35,1738749440
23693.05,1738749440
23692.20,1738749441
23692.50,1738749441
23692.05,1738749442
23691.90,1738749442
23691.20,1738749443
23691.65,1738749444
23691.25,1738749444
23691.90,1738749445
23691.50,1738749445
23692.15,1738749446
23692.00,1738749447
23691.80,1738749447
23691.55,1738749448
23691.40,1738749449
23692.15,1738749449
23691.55,1738749450
23692.35,1738749450
23691.75,1738749451
23691.65,1738749451
23691.95,1738749452
23691.75,1738749452
23691.85,1738749453
23691.15,1738749453
23691.05,1738749454
23691.35,1738749454
23691.20,1738749455
23691.30,1738749455
23691.50,1738749456
23691.45,1738749456
23691.50,1738749457
23691.35,1738749457
23691.20,1738749458
23690.95,1738749458
23690.85,1738749459
23691.65,1738749459
23691.00,1738749460
23691.85,1738749460
23690.85,1738749461
23691.05,1738749462
23691.40,1738749462
23691.60,1738749463
23691.70,1738749463
23691.35,1738749464
23691.05,1738749464
23691.50,1738749465
23691.75,1738749466
23692.10,1738749466
23691.45,1738749467
23692.15,1738749467
23691.50,1738749468
23691.30,1738749468
23691.90,1738749469
23691.60,1738749469
23691.10,1738749470
23692.40,1738749470
23691.50,1738749471
23691.70,1738749471
23691.10,1738749472
23691.55,1738749472
23691.50,1738749473
23691.20,1738749473
23691.50,1738749474
23691.20,1738749474
23691.40,1738749475
23691.15,1738749475
23690.70,1738749476
23692.75,1738749476
23691.30,1738749477
23691.20,1738749477
23691.25,1738749478
23691.35,1738749478
23691.60,1738749479
23691.20,1738749479
23690.60,1738749480
23690.95,1738749480
23690.60,1738749481
23691.30,1738749482
23690.70,1738749482
23688.45,1738749483
23689.55,1738749483
23688.50,1738749484
23689.55,1738749484
23688.80,1738749485
23689.40,1738749485
23688.65,1738749486
23689.15,1738749486
23689.70,1738749487
23689.65,1738749487
23689.45,1738749488
23689.70,1738749488
23689.95,1738749489
23690.00,1738749489
23690.15,1738749490
23690.40,1738749490
23689.60,1738749491
23689.00,1738749491
23688.85,1738749492
23689.50,1738749492
23688.80,1738749493
23688.85,1738749493
23690.05,1738749494
23690.20,1738749494
23688.25,1738749495
23689.05,1738749495
23688.45,1738749496
23689.40,1738749496
23690.35,1738749497
23689.45,1738749497
23689.60,1738749498
23689.40,1738749498
23689.60,1738749499
23689.05,1738749499
23689.10,1738749500
23689.60,1738749500
23689.05,1738749501
23688.60,1738749502
23687.95,1738749502
23687.85,1738749503
23687.60,1738749503
23687.95,1738749504
23688.30,1738749504
23689.00,1738749505
23689.40,1738749505
23688.85,1738749506
23689.20,1738749506
23689.00,1738749507
23689.10,1738749507
23689.15,1738749508
23688.15,1738749508
23688.85,1738749509
23687.60,1738749509
23688.35,1738749510
23689.35,1738749510
23688.45,1738749511
23688.60,1738749511
23687.35,1738749512
23687.25,1738749512
23686.75,1738749513
23686.65,1738749513
23687.50,1738749514
23687.00,1738749514
23686.55,1738749515
23685.55,1738749515
23687.85,1738749516
23688.65,1738749516
23685.75,1738749517
23685.85,1738749517
23686.65,1738749518
23687.20,1738749518
23687.05,1738749519
23688.20,1738749519
23687.20,1738749520
23689.70,1738749520
23690.75,1738749521
23691.20,1738749521
23690.40,1738749522
23690.85,1738749522
23690.00,1738749523
23689.25,1738749523
23690.20,1738749524
23688.45,1738749524
23690.35,1738749525
23689.45,1738749525
23689.30,1738749526
23690.20,1738749526
23688.55,1738749527
23689.85,1738749527
23689.05,1738749528
23689.35,1738749528
23688.20,1738749529
23689.10,1738749529
23688.85,1738749530
23688.30,1738749530
23688.95,1738749531
23690.00,1738749531
23689.15,1738749532
23688.80,1738749532
23688.95,1738749533
23689.35,1738749533
23687.85,1738749534
23688.30,1738749534
23687.60,1738749535
23686.25,1738749535
23688.30,1738749536
23688.85,1738749536
23686.80,1738749537
23687.35,1738749537
23688.20,1738749538
23688.90,1738749538
23688.10,1738749539
23688.25,1738749539
23689.00,1738749540
23687.30,1738749540
23689.25,1738749541
23689.30,1738749541
23689.80,1738749542
23693.60,1738749542
23687.30,1738749543
23687.95,1738749543
23688.95,1738749544
23688.50,1738749544
23689.45,1738749545
23688.05,1738749545
23690.00,1738749546
23690.20,1738749546
23691.30,1738749547
23691.75,1738749547
23690.90,1738749548
23690.20,1738749549
23689.35,1738749549
23688.70,1738749550
23688.30,1738749550
23690.40,1738749551
23690.75,1738749551
23689.85,1738749552
23690.05,1738749552
23690.90,1738749553
23690.40,1738749553
23690.50,1738749554
23691.55,1738749554
23689.65,1738749555
23688.80,1738749555
23687.45,1738749556
23688.65,1738749556
23689.35,1738749557
23690.75,1738749557
23692.25,1738749558
23692.20,1738749558
