token,ltp,ltt
NIFTY,25333.7,1755833401
NIFTY,25538,1755833401
NIFTY,25516.25,1755833402
NIFTY,25576.8,1755833402
NIFTY,25540.75,1755833403
NIFTY,25470.25,1755833403
NIFTY,25499.95,1755833404
NIFTY,25493.65,1755833404
NIFTY,25365.5,1755833405
NIFTY,25364.95,1755833405
NIFTY,25358.05,1755833406
NIFTY,25365.05,1755833406
NIFTY,25356.55,1755833407
NIFTY,25345.15,1755833407
NIFTY,25376.35,1755833408
NIFTY,25442.95,1755833408
NIFTY,25433.6,1755833409
NIFTY,25431.25,1755833409
NIFTY,25320.1,1755833410
NIFTY,25320.15,1755833410
NIFTY,25318.2,1755833411
NIFTY,25301,1755833411
NIFTY,25300.55,1755833412
NIFTY,25288.8,1755833412
NIFTY,25290,1755833413
NIFTY,25289.5,1755833413
NIFTY,25280,1755833414
NIFTY,25280.7,1755833414
NIFTY,25280.25,1755833415
NIFTY,25279.9,1755833415
NIFTY,25287,1755833416
NIFTY,25284.25,1755833416
NIFTY,25283,1755833417
NIFTY,25278.6,1755833417
NIFTY,25278.7,1755833418
NIFTY,25274.4,1755833418
NIFTY,25272.35,1755833419
NIFTY,25271.4,1755833419
NIFTY,25271,1755833420
NIFTY,25266.85,1755833420
NIFTY,25263.15,1755833421
NIFTY,25260.05,1755833421
NIFTY,25261.45,1755833422
NIFTY,25259.4,1755833422
NIFTY,25259.8,1755833423
NIFTY,25256.35,1755833424
NIFTY,25242.15,1755833424
NIFTY,25244.3,1755833425
NIFTY,25260.6,1755833425
NIFTY,25243.55,1755833426
NIFTY,25242.1,1755833426
NIFTY,25242.45,1755833427
NIFTY,25236.45,1755833427
NIFTY,25234.75,1755833428
NIFTY,25233.5,1755833428
NIFTY,25233.15,1755833429
NIFTY,25233.1,1755833429
NIFTY,25232.4,1755833430
NIFTY,25233.6,1755833430
NIFTY,25226.25,1755833431
NIFTY,25218.45,1755833431
NIFTY,25203,1755833432
NIFTY,25201,1755833432
NIFTY,25199.3,1755833433
NIFTY,25197.3,1755833434
NIFTY,25189.7,1755833435
NIFTY,25175.6,1755833435
NIFTY,25176.6,1755833436
NIFTY,25175.5,1755833436
NIFTY,25172.95,1755833437
NIFTY,25173.6,1755833437
NIFTY,25172.8,1755833438
NIFTY,25171.45,1755833438
NIFTY,25169.35,1755833439
NIFTY,25168.95,1755833440
NIFTY,25166.2,1755833441
NIFTY,25166.65,1755833441
NIFTY,25166.2,1755833442
NIFTY,25163.6,1755833443
NIFTY,25161.2,1755833443
NIFTY,25160.35,1755833444
NIFTY,25170.45,1755833444
NIFTY,25168.2,1755833445
NIFTY,25167.1,1755833445
NIFTY,25168.85,1755833446
NIFTY,25168.7,1755833446
NIFTY,25168.25,1755833447
NIFTY,25150.65,1755833448
NIFTY,25150.45,1755833449
NIFTY,25148.1,1755833450
NIFTY,25145.65,1755833450
NIFTY,25145.85,1755833451
NIFTY,25147.5,1755833451
NIFTY,25148.45,1755833452
NIFTY,25143.1,1755833452
NIFTY,25142.35,1755833453
NIFTY,25142.3,1755833453
NIFTY,25139,1755833454
NIFTY,25137.9,1755833454
NIFTY,25138.3,1755833455
NIFTY,25135.55,1755833455
NIFTY,25131.2,1755833456
NIFTY,25129.55,1755833457
NIFTY,25138.2,1755833457
NIFTY,25138.05,1755833458
NIFTY,25135.1,1755833458
NIFTY,25134.7,1755833459
NIFTY,25132.45,1755833459
NIFTY,25129.9,1755833460
NIFTY,25130.1,1755833461
NIFTY,25130.35,1755833462
NIFTY,25134.2,1755833462
NIFTY,25129.7,1755833463
NIFTY,25131.3,1755833463
NIFTY,25130.2,1755833464
NIFTY,25125.7,1755833465
NIFTY,25127.35,1755833465
NIFTY,25128.4,1755833466
NIFTY,25121.05,1755833466
NIFTY,25122.55,1755833467
NIFTY,25123.45,1755833467
NIFTY,25123.15,1755833468
NIFTY,25107.95,1755833468
NIFTY,25106.85,1755833469
NIFTY,25103.35,1755833469
NIFTY,25108.5,1755833470
NIFTY,25105.7,1755833470
NIFTY,25101.7,1755833471
NIFTY,25117.55,1755833471
NIFTY,25120.55,1755833472
NIFTY,25121.95,1755833473
NIFTY,25117.6,1755833473
NIFTY,25120.2,1755833474
NIFTY,25121,1755833474
NIFTY,25125,1755833475
NIFTY,25126.15,1755833475
NIFTY,25125.8,1755833476
NIFTY,25125.65,1755833476
NIFTY,25100.45,1755833479
NIFTY,25099.9,1755833480
NIFTY,25100.3,1755833480
NIFTY,25100.4,1755833481
NIFTY,25101.6,1755833482
NIFTY,25101.45,1755833482
NIFTY,25101.15,1755833483
NIFTY,25102.75,1755833483
NIFTY,25102.55,1755833484
NIFTY,25102.85,1755833484
NIFTY,25100.7,1755833485
NIFTY,25100.4,1755833486
NIFTY,25100.45,1755833487
NIFTY,25100.15,1755833487
NIFTY,25102.4,1755833488
NIFTY,25104.15,1755833488
NIFTY,25104.9,1755833489
NIFTY,25108.35,1755833489
NIFTY,25108.2,1755833490
NIFTY,25107.9,1755833491
NIFTY,25107.65,1755833493
NIFTY,25102.85,1755833493
NIFTY,25101.5,1755833494
NIFTY,25098.9,1755833494
NIFTY,25098.85,1755833495
NIFTY,25098.25,1755833497
NIFTY,25098.85,1755833497
NIFTY,25099.3,1755833498
NIFTY,25096.85,1755833498
NIFTY,25098.5,1755833499
NIFTY,25098.8,1755833500
NIFTY,25098.75,1755833500
NIFTY,25098.8,1755833501
NIFTY,25099.45,1755833502
NIFTY,25099.65,1755833502
NIFTY,25101.3,1755833503
NIFTY,25102.6,1755833503
NIFTY,25102.1,1755833504
NIFTY,25101.85,1755833505
NIFTY,25102.25,1755833507
NIFTY,25100.15,1755833507
NIFTY,25099.75,1755833509
NIFTY,25099.7,1755833509
NIFTY,25100.15,1755833510
NIFTY,25100.6,1755833511
NIFTY,25100.55,1755833511
NIFTY,25101.15,1755833513
NIFTY,25100.95,1755833514
NIFTY,25100.45,1755833515
NIFTY,25100.35,1755833516
NIFTY,25100.8,1755833518
NIFTY,25101.6,1755833519
NIFTY,25102.1,1755833519
NIFTY,25103.3,1755833520
NIFTY,25110.8,1755833520
NIFTY,25111.2,1755833521
NIFTY,25110.55,1755833521
NIFTY,25114.45,1755833522
NIFTY,25114.1,1755833522
NIFTY,25115.1,1755833523
NIFTY,25112.6,1755833524
NIFTY,25112.3,1755833525
NIFTY,25112.4,1755833525
NIFTY,25112.9,1755833526
NIFTY,25111,1755833526
NIFTY,25108.5,1755833527
NIFTY,25106.35,1755833527
NIFTY,25104,1755833529
NIFTY,25102.35,1755833529
NIFTY,25101.9,1755833530
NIFTY,25101.45,1755833530
NIFTY,25101.1,1755833531
NIFTY,25101.25,1755833531
NIFTY,25101.05,1755833532
NIFTY,25100.95,1755833533
NIFTY,25100.9,1755833534
NIFTY,25101,1755833536
NIFTY,25102.95,1755833538
NIFTY,25103.05,1755833539
NIFTY,25103.4,1755833540
NIFTY,25103.3,1755833541
NIFTY,25103.2,1755833541
NIFTY,25103.5,1755833543
NIFTY,25102.25,1755833544
NIFTY,25100.95,1755833544
NIFTY,25100.45,1755833545
NIFTY,25101.35,1755833545
NIFTY,25101.15,1755833546
NIFTY,25100.5,1755833546
NIFTY,25100.85,1755833547
NIFTY,25101.15,1755833548
NIFTY,25100.25,1755833549
NIFTY,25099.25,1755833549
NIFTY,25099.85,1755833550
NIFTY,25100.15,1755833551
NIFTY,25101,1755833551
NIFTY,25101.35,1755833552
NIFTY,25101.5,1755833552
NIFTY,25099.9,1755833553
NIFTY,25098.6,1755833553
NIFTY,25100.25,1755833554
NIFTY,25099.2,1755833554
NIFTY,25096.8,1755833556
NIFTY,25096.4,1755833555
NIFTY,25096.9,1755833556
NIFTY,25096.35,1755833557
NIFTY,25096.4,1755833557
NIFTY,25096.85,1755833558
NIFTY,25097.2,1755833558
NIFTY,25097.5,1755833559
NIFTY,25097.05,1755833559
NIFTY,25095.35,1755833560
NIFTY,25095.7,1755833561
NIFTY,25095.5,1755833561
NIFTY,25095.35,1755833562
NIFTY,25094.65,1755833562
NIFTY,25094.6,1755833563
NIFTY,25095.45,1755833564
NIFTY,25093.55,1755833565
NIFTY,25093.6,1755833565
NIFTY,25095.1,1755833568
NIFTY,25094.6,1755833569
NIFTY,25094.1,1755833570
NIFTY,25091.75,1755833573
NIFTY,25091.9,1755833573
NIFTY,25093.1,1755833574
NIFTY,25093.05,1755833574
NIFTY,25092.85,1755833575
NIFTY,25092.65,1755833575
NIFTY,25092.85,1755833576
NIFTY,25092.2,1755833576
NIFTY,25108.75,1755833577
NIFTY,25108.7,1755833578
NIFTY,25109.5,1755833579
NIFTY,25110.1,1755833579
NIFTY,25109.95,1755833580
NIFTY,25110.4,1755833580
NIFTY,25110.35,1755833581
NIFTY,25110.05,1755833581
NIFTY,25110.4,1755833582
NIFTY,25110.2,1755833582
NIFTY,25111,1755833583
NIFTY,25111.35,1755833583
NIFTY,25112.25,1755833584
NIFTY,25112.95,1755833585
NIFTY,25113.65,1755833585
NIFTY,25113.75,1755833586
NIFTY,25112.6,1755833587
NIFTY,25112.5,1755833591
NIFTY,25112.15,1755833591
NIFTY,25112.35,1755833593
NIFTY,25108.15,1755833594
NIFTY,25108.95,1755833594
NIFTY,25107.8,1755833595
NIFTY,25108.7,1755833597
NIFTY,25108.4,1755833599
NIFTY,25108.7,1755833599
NIFTY,25108.3,1755833601
NIFTY,25109.4,1755833602
NIFTY,25110.05,1755833603
NIFTY,25110.35,1755833604
NIFTY,25109.9,1755833604
NIFTY,25110.15,1755833605
NIFTY,25109.5,1755833606
NIFTY,25109.75,1755833606
NIFTY,25109.95,1755833607
NIFTY,25110.15,1755833607
NIFTY,25109.25,1755833608
NIFTY,25109.45,1755833609
NIFTY,25107.5,1755833609
NIFTY,25109.7,1755833610
NIFTY,25109.75,1755833611
NIFTY,25109.1,1755833612
NIFTY,25105.6,1755833613
NIFTY,25104.75,1755833614
NIFTY,25103.05,1755833615
NIFTY,25103.1,1755833616
NIFTY,25103.55,1755833618
NIFTY,25103.6,1755833618
NIFTY,25104.3,1755833619
NIFTY,25101.45,1755833619
NIFTY,25101.6,1755833620
NIFTY,25099.2,1755833620
NIFTY,25100.15,1755833621
NIFTY,25098.7,1755833621
NIFTY,25098.55,1755833622
NIFTY,25094.7,1755833622
NIFTY,25089.7,1755833623
NIFTY,25089.8,1755833623
NIFTY,25088.35,1755833624
NIFTY,25088.15,1755833624
NIFTY,25085.4,1755833625
NIFTY,25085.75,1755833625
NIFTY,25087.2,1755833626
NIFTY,25087.25,1755833626
NIFTY,25087.35,1755833627
NIFTY,25087.45,1755833627
NIFTY,25087.55,1755833628
NIFTY,25088.1,1755833628
NIFTY,25088,1755833629
NIFTY,25091.7,1755833629
NIFTY,25091.5,1755833630
NIFTY,25091.75,1755833631
NIFTY,25090,1755833631
NIFTY,25090.7,1755833633
NIFTY,25091.4,1755833633
NIFTY,25091.55,1755833634
NIFTY,25091.4,1755833635
NIFTY,25091.65,1755833636
NIFTY,25092.5,1755833637
NIFTY,25092.75,1755833638
NIFTY,25093.1,1755833639
NIFTY,25094.55,1755833640
NIFTY,25094.4,1755833640
NIFTY,25093.9,1755833641
NIFTY,25094.2,1755833641
NIFTY,25094.75,1755833642
NIFTY,25092.8,1755833643
NIFTY,25094.55,1755833644
NIFTY,25092.6,1755833644
NIFTY,25092,1755833645
NIFTY,25091.7,1755833645
NIFTY,25092.35,1755833646
NIFTY,25092.65,1755833646
NIFTY,25090.35,1755833647
NIFTY,25091.9,1755833648
NIFTY,25090.85,1755833648
NIFTY,25090.55,1755833649
NIFTY,25090.85,1755833649
NIFTY,25091.2,1755833650
NIFTY,25091.85,1755833651
NIFTY,25091.7,1755833651
NIFTY,25092,1755833652
NIFTY,25092.7,1755833653
NIFTY,25093,1755833654
NIFTY,25093.35,1755833655
NIFTY,25091.85,1755833656
NIFTY,25091.8,1755833656
NIFTY,25089.6,1755833657
NIFTY,25088.25,1755833658
NIFTY,25086.55,1755833659
NIFTY,25086.05,1755833660
NIFTY,25085.95,1755833662
NIFTY,25074.5,1755833663
NIFTY,25074.25,1755833664
NIFTY,25074.45,1755833668
NIFTY,25074.65,1755833669
NIFTY,25074.5,1755833671
NIFTY,25075.4,1755833672
NIFTY,25075.35,1755833673
NIFTY,25074.7,1755833674
NIFTY,25074.5,1755833675
NIFTY,25074.4,1755833677
NIFTY,25074.3,1755833678
NIFTY,25074.15,1755833678
NIFTY,25073.95,1755833679
NIFTY,25073.75,1755833682
NIFTY,25073.45,1755833682
NIFTY,25073.55,1755833683
NIFTY,25072.1,1755833683
NIFTY,25072.25,1755833684
NIFTY,25070.65,1755833686
NIFTY,25070.9,1755833687
NIFTY,25071.45,1755833687
NIFTY,25071.25,1755833688
NIFTY,25070.9,1755833690
NIFTY,25070.4,1755833691
NIFTY,25070.15,1755833691
NIFTY,25069.85,1755833692
NIFTY,25069.95,1755833693
NIFTY,25069.8,1755833695
NIFTY,25069.7,1755833699
NIFTY,25070,1755833702
NIFTY,25069.95,1755833703
NIFTY,25070.25,1755833705
NIFTY,25064.55,1755833705
NIFTY,25064.9,1755833706
NIFTY,25067.7,1755833706
NIFTY,25067.6,1755833707
NIFTY,25068.25,1755833707
NIFTY,25069.7,1755833708
NIFTY,25069.4,1755833708
NIFTY,25069.9,1755833709
NIFTY,25069.45,1755833709
NIFTY,25070.3,1755833710
NIFTY,25070.2,1755833711
NIFTY,25071.7,1755833711
NIFTY,25071.3,1755833712
NIFTY,25071.9,1755833713
NIFTY,25071.5,1755833714
NIFTY,25071.9,1755833715
NIFTY,25069.95,1755833715
NIFTY,25071.4,1755833716
NIFTY,25070.1,1755833716
NIFTY,25068.25,1755833717
NIFTY,25065.8,1755833717
NIFTY,25066.5,1755833718
NIFTY,25070.8,1755833718
NIFTY,25063.8,1755833719
NIFTY,25064.85,1755833719
NIFTY,25065.2,1755833720
NIFTY,25058.65,1755833720
NIFTY,25060.2,1755833721
NIFTY,25059.05,1755833721
NIFTY,25058.5,1755833722
NIFTY,25059.55,1755833722
NIFTY,25056.75,1755833723
NIFTY,25054.95,1755833723
NIFTY,25057.3,1755833724
NIFTY,25055.15,1755833724
NIFTY,25057.1,1755833725
NIFTY,25058.65,1755833725
NIFTY,25059.3,1755833726
NIFTY,25059.65,1755833726
NIFTY,25059.4,1755833727
NIFTY,25059.75,1755833727
NIFTY,25057,1755833728
NIFTY,25057.6,1755833728
NIFTY,25058.1,1755833729
NIFTY,25057.85,1755833729
NIFTY,25058.3,1755833730
NIFTY,25058.4,1755833731
NIFTY,25059.05,1755833732
NIFTY,25058.1,1755833732
NIFTY,25058.7,1755833733
NIFTY,25058.1,1755833733
NIFTY,25058.7,1755833734
NIFTY,25057.7,1755833734
NIFTY,25058.5,1755833736
NIFTY,25057.95,1755833736
NIFTY,25058,1755833737
NIFTY,25058.3,1755833737
NIFTY,25058.35,1755833738
NIFTY,25057.9,1755833738
NIFTY,25057.7,1755833739
NIFTY,25058.15,1755833741
NIFTY,25058.1,1755833741
NIFTY,25057.9,1755833742
NIFTY,25057.7,1755833743
NIFTY,25058.25,1755833743
NIFTY,25059,1755833744
NIFTY,25058.95,1755833745
NIFTY,25058.65,1755833748
NIFTY,25058.75,1755833748
NIFTY,25058.85,1755833749
NIFTY,25061.15,1755833754
NIFTY,25060.05,1755833755
NIFTY,25060,1755833756
NIFTY,25058.8,1755833757
NIFTY,25058.4,1755833758
NIFTY,25060.1,1755833758
NIFTY,25058.65,1755833759
NIFTY,25058.8,1755833759
NIFTY,25057,1755833760
NIFTY,25059.45,1755833761
NIFTY,25059.25,1755833761
NIFTY,25059.4,1755833763
NIFTY,25060.1,1755833764
NIFTY,25060.4,1755833764
NIFTY,25060.25,1755833765
NIFTY,25060.2,1755833765
NIFTY,25059.7,1755833766
NIFTY,25060.1,1755833766
NIFTY,25057.25,1755833767
NIFTY,25057.35,1755833767
NIFTY,25057.1,1755833768
NIFTY,25056.8,1755833768
NIFTY,25056.1,1755833769
NIFTY,25057.25,1755833769
NIFTY,25059.05,1755833770
NIFTY,25060.35,1755833770
NIFTY,25060.15,1755833771
NIFTY,25060.3,1755833771
NIFTY,25061.45,1755833772
NIFTY,25060.25,1755833773
NIFTY,25060.2,1755833773
NIFTY,25061.3,1755833774
NIFTY,25061.4,1755833775
NIFTY,25061.6,1755833776
NIFTY,25061.45,1755833776
NIFTY,25061.65,1755833777
NIFTY,25061.5,1755833778
NIFTY,25061.55,1755833778
NIFTY,25061.4,1755833779
NIFTY,25061.55,1755833780
NIFTY,25061.85,1755833781
NIFTY,25062.1,1755833781
NIFTY,25062.45,1755833782
NIFTY,25062.25,1755833783
NIFTY,25062.65,1755833784
NIFTY,25062.7,1755833784
NIFTY,25062.9,1755833785
NIFTY,25063,1755833786
NIFTY,25063.6,1755833788
NIFTY,25063.75,1755833789
NIFTY,25066.4,1755833792
NIFTY,25067.6,1755833792
NIFTY,25067.85,1755833793
NIFTY,25068.35,1755833793
NIFTY,25067.55,1755833794
NIFTY,25067.5,1755833794
NIFTY,25063.35,1755833796
NIFTY,25063.9,1755833797
NIFTY,25076.5,1755833797
NIFTY,25077.05,1755833798
NIFTY,25077.15,1755833798
NIFTY,25077,1755833799
NIFTY,25061.9,1755833799
NIFTY,25063.35,1755833801
NIFTY,25063.4,1755833801
NIFTY,25063.3,1755833802
NIFTY,25063.2,1755833803
NIFTY,25063.1,1755833803
NIFTY,25063.6,1755833804
NIFTY,25063.55,1755833804
NIFTY,25063.5,1755833805
NIFTY,25063.85,1755833805
NIFTY,25064.3,1755833806
NIFTY,25063.95,1755833806
NIFTY,25063.85,1755833807
NIFTY,25063.75,1755833808
NIFTY,25064.35,1755833808
NIFTY,25064.75,1755833809
NIFTY,25064.65,1755833809
NIFTY,25064.45,1755833811
NIFTY,25075.05,1755833811
NIFTY,25075.75,1755833812
NIFTY,25075.7,1755833812
NIFTY,25077.25,1755833813
NIFTY,25077.35,1755833813
NIFTY,25076.35,1755833814
NIFTY,25075.2,1755833814
NIFTY,25074.8,1755833815
NIFTY,25074.85,1755833815
NIFTY,25075.3,1755833816
NIFTY,25076.1,1755833816
NIFTY,25075.1,1755833817
NIFTY,25074.9,1755833817
NIFTY,25072.75,1755833818
NIFTY,25069.8,1755833818
NIFTY,25069.25,1755833819
NIFTY,25069.55,1755833819
NIFTY,25068.9,1755833820
NIFTY,25070.95,1755833820
NIFTY,25069.4,1755833821
NIFTY,25064.05,1755833821
NIFTY,25065.3,1755833822
NIFTY,25065.95,1755833822
NIFTY,25060.25,1755833823
NIFTY,25065.85,1755833823
NIFTY,25067.4,1755833824
NIFTY,25064.05,1755833824
NIFTY,25065.55,1755833825
NIFTY,25067.35,1755833825
NIFTY,25067.6,1755833826
NIFTY,25065.1,1755833826
NIFTY,25066.05,1755833827
NIFTY,25066.9,1755833827
NIFTY,25067.4,1755833828
NIFTY,25066.15,1755833829
NIFTY,25067.55,1755833829
NIFTY,25063.75,1755833830
NIFTY,25064.35,1755833830
NIFTY,25062.2,1755833831
NIFTY,25060.85,1755833832
NIFTY,25061.25,1755833832
NIFTY,25060.55,1755833833
NIFTY,25059.3,1755833833
NIFTY,25057.1,1755833834
NIFTY,25057.4,1755833834
NIFTY,25057,1755833835
NIFTY,25052.05,1755833835
NIFTY,25051.6,1755833836
NIFTY,25058.45,1755833836
NIFTY,25060.95,1755833837
NIFTY,25062.4,1755833837
NIFTY,25062.2,1755833838
NIFTY,25062.4,1755833838
NIFTY,25061.8,1755833839
NIFTY,25062.65,1755833839
NIFTY,25063.7,1755833840
NIFTY,25062.45,1755833840
NIFTY,25062.8,1755833841
NIFTY,25062.65,1755833841
NIFTY,25066.05,1755833842
NIFTY,25065.7,1755833842
NIFTY,25062.2,1755833843
NIFTY,25062.6,1755833843
NIFTY,25062.55,1755833844
NIFTY,25063.5,1755833844
NIFTY,25062.4,1755833845
NIFTY,25062.75,1755833845
NIFTY,25062.1,1755833846
NIFTY,25062.8,1755833847
NIFTY,25062.55,1755833847
NIFTY,25063.3,1755833848
NIFTY,25062.8,1755833848
NIFTY,25064.6,1755833849
NIFTY,25064.4,1755833849
NIFTY,25064.6,1755833850
NIFTY,25064.25,1755833850
NIFTY,25064.15,1755833851
NIFTY,25070.65,1755834300
NIFTY,25078.25,1755834300
NIFTY,25077.4,1755834301
NIFTY,25079.55,1755834301
NIFTY,25069.15,1755834302
NIFTY,25071.9,1755834302
NIFTY,25068.2,1755834303
NIFTY,25069.1,1755834303
NIFTY,25066.95,1755834304
NIFTY,25064.45,1755834304
NIFTY,25068.4,1755834305
NIFTY,25066.15,1755834305
NIFTY,25058.15,1755834306
NIFTY,25056.1,1755834306
NIFTY,25055.15,1755834307
NIFTY,25056.5,1755834307
NIFTY,25055.45,1755834308
NIFTY,25054.15,1755834308
NIFTY,25056.4,1755834309
NIFTY,25060.3,1755834309
NIFTY,25054.25,1755834310
NIFTY,25060.65,1755834310
NIFTY,25058.9,1755834311
NIFTY,25059.15,1755834311
NIFTY,25060,1755834312
NIFTY,25058.75,1755834312
NIFTY,25056.1,1755834313
NIFTY,25056.2,1755834313
NIFTY,25056.85,1755834314
NIFTY,25053.55,1755834314
NIFTY,25053.6,1755834315
NIFTY,25054.3,1755834315
NIFTY,25055,1755834316
NIFTY,25051.75,1755834316
NIFTY,25055.1,1755834317
NIFTY,25054.3,1755834317
NIFTY,25051.6,1755834318
NIFTY,25053.65,1755834318
NIFTY,25054.75,1755834319
NIFTY,25056.9,1755834319
NIFTY,25051.35,1755834320
NIFTY,25053.7,1755834320
NIFTY,25055.9,1755834321
NIFTY,25052.4,1755834321
NIFTY,25051.15,1755834322
NIFTY,25054.45,1755834322
NIFTY,25052.3,1755834323
NIFTY,25050.45,1755834323
NIFTY,25051.2,1755834324
NIFTY,25051.45,1755834324
NIFTY,25049.9,1755834325
NIFTY,25049.6,1755834325
NIFTY,25049.85,1755834326
NIFTY,25050.45,1755834326
NIFTY,25052.75,1755834327
NIFTY,25052.1,1755834327
NIFTY,25051.3,1755834328
NIFTY,25050.65,1755834328
NIFTY,25048.55,1755834329
NIFTY,25048,1755834329
NIFTY,25049.4,1755834330
NIFTY,25046.55,1755834330
NIFTY,25047.8,1755834331
NIFTY,25048.3,1755834331
NIFTY,25046.5,1755834332
NIFTY,25050.3,1755834332
NIFTY,25051.1,1755834333
NIFTY,25052.9,1755834333
NIFTY,25054.55,1755834334
NIFTY,25051.85,1755834334
NIFTY,25053.25,1755834335
NIFTY,25052.3,1755834335
NIFTY,25051.35,1755834336
NIFTY,25050,1755834336
NIFTY,25052.25,1755834337
NIFTY,25051.25,1755834337
NIFTY,25050.7,1755834338
NIFTY,25051,1755834338
NIFTY,25050.65,1755834339
NIFTY,25050.8,1755834339
NIFTY,25049.65,1755834340
NIFTY,25049.2,1755834341
NIFTY,25050.85,1755834341
NIFTY,25051.25,1755834342
NIFTY,25054.7,1755834342
NIFTY,25054.4,1755834343
NIFTY,25050.35,1755834343
NIFTY,25052.05,1755834344
NIFTY,25053.3,1755834344
NIFTY,25053.8,1755834345
NIFTY,25050.6,1755834345
NIFTY,25052,1755834346
NIFTY,25052.95,1755834346
NIFTY,25052.75,1755834347
NIFTY,25054.9,1755834347
NIFTY,25055.65,1755834348
NIFTY,25054.2,1755834348
NIFTY,25054.5,1755834349
NIFTY,25053.9,1755834349
NIFTY,25053.05,1755834350
NIFTY,25052.5,1755834350
NIFTY,25053.75,1755834351
NIFTY,25055.5,1755834351
NIFTY,25054.25,1755834352
NIFTY,25056.25,1755834352
NIFTY,25053.55,1755834353
NIFTY,25051.3,1755834353
NIFTY,25051.85,1755834354
NIFTY,25052.2,1755834354
NIFTY,25052.65,1755834355
NIFTY,25052.7,1755834355
NIFTY,25054.05,1755834356
NIFTY,25050.85,1755834356
NIFTY,25052.8,1755834357
NIFTY,25051.45,1755834357
NIFTY,25051.15,1755834358
NIFTY,25053.9,1755834358
NIFTY,25052.65,1755834359
NIFTY,25052.2,1755834359
NIFTY,25048.85,1755834360
NIFTY,25051.5,1755834361
NIFTY,25049.2,1755834361
NIFTY,25049.7,1755834362
NIFTY,25048.25,1755834362
NIFTY,25050.3,1755834363
NIFTY,25051.95,1755834363
NIFTY,25052.6,1755834364
NIFTY,25051.6,1755834364
NIFTY,25052.05,1755834365
NIFTY,25052.65,1755834365
NIFTY,25049.55,1755834366
NIFTY,25049.9,1755834366
NIFTY,25048.6,1755834367
NIFTY,25049.9,1755834367
NIFTY,25048,1755834368
NIFTY,25047.9,1755834369
NIFTY,25048.2,1755834369
NIFTY,25047.2,1755834370
NIFTY,25046.95,1755834370
NIFTY,25049.2,1755834371
NIFTY,25049.45,1755834371
NIFTY,25051.45,1755834372
NIFTY,25051.2,1755834372
NIFTY,25052.1,1755834373
NIFTY,25051,1755834373
NIFTY,25051.55,1755834374
NIFTY,25051.7,1755834374
NIFTY,25051.95,1755834375
NIFTY,25051.45,1755834375
NIFTY,25050.85,1755834376
NIFTY,25050.15,1755834376
NIFTY,25049.15,1755834377
NIFTY,25047.95,1755834377
NIFTY,25049.85,1755834378
NIFTY,25048.4,1755834378
NIFTY,25048.45,1755834379
NIFTY,25048.4,1755834379
NIFTY,25049.2,1755834380
NIFTY,25049.85,1755834380
NIFTY,25049.8,1755834381
NIFTY,25050.55,1755834381
NIFTY,25052.05,1755834382
NIFTY,25053.45,1755834382
NIFTY,25051.45,1755834383
NIFTY,25051.55,1755834383
NIFTY,25051.85,1755834384
NIFTY,25052.15,1755834385
NIFTY,25050.7,1755834385
NIFTY,25051.95,1755834386
NIFTY,25051.6,1755834386
NIFTY,25049.95,1755834387
NIFTY,25048.65,1755834388
NIFTY,25049.2,1755834388
NIFTY,25049.65,1755834389
NIFTY,25049.7,1755834389
NIFTY,25047,1755834390
NIFTY,25047.6,1755834390
NIFTY,25048,1755834391
NIFTY,25048.45,1755834391
NIFTY,25048.25,1755834392
NIFTY,25049,1755834392
NIFTY,25046.4,1755834393
NIFTY,25047.35,1755834393
NIFTY,25048.2,1755834394
NIFTY,25049.45,1755834394
NIFTY,25049.1,1755834395
NIFTY,25049.9,1755834395
NIFTY,25049.05,1755834396
NIFTY,25048.7,1755834396
NIFTY,25047.25,1755834397
NIFTY,25048.25,1755834397
NIFTY,25049.35,1755834398
NIFTY,25050.35,1755834398
NIFTY,25050,1755834399
NIFTY,25049.15,1755834399
NIFTY,25049.45,1755834400
NIFTY,25048.95,1755834400
NIFTY,25049.3,1755834401
NIFTY,25048.7,1755834401
NIFTY,25048.85,1755834402
NIFTY,25049.6,1755834402
NIFTY,25049.55,1755834403
NIFTY,25048.85,1755834403
NIFTY,25048.05,1755834404
NIFTY,25048.2,1755834404
NIFTY,25047.7,1755834405
NIFTY,25046.7,1755834405
NIFTY,25047.25,1755834406
NIFTY,25049.15,1755834406
NIFTY,25048.45,1755834407
NIFTY,25047.75,1755834407
NIFTY,25046.95,1755834408
NIFTY,25044.8,1755834408
NIFTY,25045.95,1755834409
NIFTY,25046.45,1755834409
NIFTY,25045.4,1755834410
NIFTY,25045.3,1755834410
NIFTY,25044.85,1755834411
NIFTY,25046.85,1755834411
NIFTY,25046.1,1755834412
NIFTY,25045.55,1755834412
NIFTY,25046.2,1755834413
NIFTY,25045.45,1755834413
NIFTY,25044.2,1755834414
NIFTY,25045.4,1755834414
NIFTY,25045.65,1755834415
NIFTY,25044.85,1755834415
NIFTY,25044.25,1755834416
NIFTY,25044,1755834416
NIFTY,25043.6,1755834417
NIFTY,25045.9,1755834417
NIFTY,25046.8,1755834418
NIFTY,25044.8,1755834418
NIFTY,25045.55,1755834419
NIFTY,25044.8,1755834419
NIFTY,25044,1755834420
NIFTY,25041.8,1755834420
NIFTY,25040,1755834421
NIFTY,25039,1755834421
NIFTY,25040.55,1755834422
NIFTY,25040.25,1755834422
NIFTY,25040.2,1755834423
NIFTY,25038.55,1755834423
NIFTY,25039.55,1755834424
NIFTY,25041.1,1755834424
NIFTY,25040.35,1755834425
NIFTY,25039.1,1755834425
NIFTY,25039.5,1755834426
NIFTY,25039.7,1755834426
NIFTY,25039.25,1755834427
NIFTY,25040,1755834427
NIFTY,25039.8,1755834428
NIFTY,25040.5,1755834428
NIFTY,25041.25,1755834429
NIFTY,25038.7,1755834430
NIFTY,25039.1,1755834430
NIFTY,25037.55,1755834431
NIFTY,25037.6,1755834431
NIFTY,25038.4,1755834432
NIFTY,25039.9,1755834432
NIFTY,25038.65,1755834433
NIFTY,25038.5,1755834433
NIFTY,25036.75,1755834434
NIFTY,25035.8,1755834434
NIFTY,25037.15,1755834435
NIFTY,25035.65,1755834435
NIFTY,25033.4,1755834436
NIFTY,25033.55,1755834436
NIFTY,25034.95,1755834437
NIFTY,25032.45,1755834437
NIFTY,25031.95,1755834438
NIFTY,25033.45,1755834438
NIFTY,25032.55,1755834439
NIFTY,25032.6,1755834439
NIFTY,25031.75,1755834440
NIFTY,25033.15,1755834440
NIFTY,25033.5,1755834441
NIFTY,25033.65,1755834441
NIFTY,25034.55,1755834442
NIFTY,25033.85,1755834442
NIFTY,25032.3,1755834443
NIFTY,25031.4,1755834443
NIFTY,25032.3,1755834444
NIFTY,25032.15,1755834444
NIFTY,25030.95,1755834445
NIFTY,25032.5,1755834445
NIFTY,25033.15,1755834446
NIFTY,25030.05,1755834446
NIFTY,25032.65,1755834447
NIFTY,25031.1,1755834447
NIFTY,25031.45,1755834448
NIFTY,25033.55,1755834448
NIFTY,25033.05,1755834449
NIFTY,25034.8,1755834449
NIFTY,25033.3,1755834450
NIFTY,25031.65,1755834450
NIFTY,25033.55,1755834451
NIFTY,25032.7,1755834451
NIFTY,25033,1755834452
NIFTY,25032.05,1755834452
NIFTY,25033.75,1755834453
NIFTY,25034.25,1755834453
NIFTY,25035.55,1755834454
NIFTY,25035.2,1755834454
NIFTY,25035.1,1755834455
NIFTY,25035.8,1755834455
NIFTY,25036.15,1755834456
NIFTY,25035.8,1755834456
NIFTY,25035.55,1755834457
NIFTY,25036.65,1755834457
NIFTY,25035.7,1755834458
NIFTY,25036.35,1755834458
NIFTY,25036.15,1755834459
NIFTY,25036.2,1755834459
NIFTY,25036.8,1755834460
NIFTY,25036.95,1755834460
NIFTY,25036.25,1755834461
NIFTY,25035.65,1755834461
NIFTY,25036.95,1755834462
NIFTY,25036.9,1755834462
NIFTY,25037.35,1755834463
NIFTY,25037.2,1755834463
NIFTY,25035.35,1755834464
NIFTY,25035.25,1755834464
NIFTY,25037.3,1755834465
NIFTY,25036.5,1755834465
NIFTY,25037.2,1755834466
NIFTY,25035.7,1755834466
NIFTY,25035.35,1755834467
NIFTY,25035.55,1755834467
NIFTY,25036.25,1755834468
NIFTY,25035.4,1755834468
NIFTY,25036.4,1755834469
NIFTY,25036.65,1755834469
NIFTY,25038.15,1755834470
NIFTY,25037.95,1755834470
NIFTY,25037.1,1755834471
NIFTY,25037.15,1755834471
NIFTY,25035.8,1755834472
NIFTY,25039.4,1755834472
NIFTY,25038,1755834473
NIFTY,25038.15,1755834473
NIFTY,25038.1,1755834474
NIFTY,25038.35,1755834474
NIFTY,25038.2,1755834475
NIFTY,25037.85,1755834476
NIFTY,25037.25,1755834476
NIFTY,25038.05,1755834477
NIFTY,25037.45,1755834477
NIFTY,25037.2,1755834478
NIFTY,25038.1,1755834478
NIFTY,25037.55,1755834479
NIFTY,25037.75,1755834480
NIFTY,25038.45,1755834480
NIFTY,25037.5,1755834481
NIFTY,25037.75,1755834481
NIFTY,25038.15,1755834482
NIFTY,25038.8,1755834482
NIFTY,25038.9,1755834483
NIFTY,25039.3,1755834483
NIFTY,25040,1755834484
NIFTY,25042.1,1755834484
NIFTY,25041.1,1755834485
NIFTY,25040.4,1755834485
NIFTY,25038.2,1755834486
NIFTY,25037.65,1755834486
NIFTY,25038.15,1755834487
NIFTY,25038.2,1755834487
NIFTY,25038.35,1755834488
NIFTY,25038.1,1755834488
NIFTY,25038.25,1755834489
NIFTY,25039.1,1755834489
NIFTY,25039.05,1755834490
NIFTY,25038.65,1755834490
NIFTY,25037.15,1755834491
NIFTY,25036.65,1755834491
NIFTY,25036.2,1755834492
NIFTY,25037.35,1755834492
NIFTY,25036.75,1755834493
NIFTY,25037.3,1755834493
NIFTY,25037.65,1755834494
NIFTY,25037.85,1755834494
NIFTY,25037,1755834495
NIFTY,25037.1,1755834495
NIFTY,25037.5,1755834496
NIFTY,25038.5,1755834496
NIFTY,25037.95,1755834497
NIFTY,25038.3,1755834497
NIFTY,25038.35,1755834498
NIFTY,25038.75,1755834498
NIFTY,25039,1755834499
NIFTY,25038.85,1755834499
NIFTY,25038.25,1755834500
NIFTY,25038.85,1755834500
NIFTY,25039.5,1755834501
NIFTY,25038.45,1755834501
NIFTY,25038.25,1755834502
NIFTY,25038.45,1755834502
NIFTY,25038.6,1755834503
NIFTY,25036.95,1755834503
NIFTY,25038.65,1755834504
NIFTY,25037.45,1755834504
NIFTY,25037.5,1755834505
NIFTY,25036.7,1755834505
NIFTY,25037.3,1755834506
NIFTY,25035.4,1755834506
NIFTY,25034.95,1755834507
NIFTY,25035.15,1755834507
NIFTY,25034.6,1755834508
NIFTY,25035.1,1755834508
NIFTY,25035.3,1755834509
NIFTY,25035.7,1755834509
NIFTY,25036.05,1755834510
NIFTY,25035.65,1755834510
NIFTY,25035.75,1755834511
NIFTY,25035.5,1755834511
NIFTY,25035.65,1755834512
NIFTY,25035.7,1755834513
NIFTY,25034.05,1755834513
NIFTY,25034.15,1755834514
NIFTY,25033.9,1755834514
NIFTY,25033.85,1755834515
NIFTY,25031.8,1755834515
NIFTY,25032.3,1755834516
NIFTY,25032.5,1755834516
NIFTY,25032.4,1755834517
NIFTY,25032.75,1755834517
NIFTY,25032.4,1755834518
NIFTY,25032.7,1755834518
NIFTY,25032.35,1755834519
NIFTY,25031.85,1755834519
NIFTY,25033.65,1755834520
NIFTY,25033.6,1755834520
NIFTY,25033.3,1755834521
NIFTY,25032.35,1755834521
NIFTY,25031.9,1755834522
NIFTY,25032,1755834522
NIFTY,25032.15,1755834523
NIFTY,25033.05,1755834524
NIFTY,25032.35,1755834524
NIFTY,25033,1755834525
NIFTY,25030.55,1755834525
NIFTY,25031.35,1755834526
NIFTY,25030.6,1755834526
NIFTY,25031.5,1755834527
NIFTY,25031.8,1755834527
NIFTY,25031.95,1755834528
NIFTY,25030.3,1755834528
NIFTY,25030.8,1755834529
NIFTY,25030.25,1755834529
NIFTY,25031.15,1755834530
NIFTY,25030.4,1755834530
NIFTY,25030.2,1755834531
NIFTY,25030.2,1755834532
NIFTY,25030.1,1755834532
NIFTY,25031.4,1755834533
NIFTY,25031.8,1755834533
NIFTY,25031.2,1755834534
NIFTY,25031.5,1755834534
NIFTY,25032,1755834535
NIFTY,25030.6,1755834535
NIFTY,25030.4,1755834536
NIFTY,25030.7,1755834536
NIFTY,25031.65,1755834537
NIFTY,25030.7,1755834537
NIFTY,25031.15,1755834538
NIFTY,25031.45,1755834538
NIFTY,25029.4,1755834539
NIFTY,25030.65,1755834539
NIFTY,25031.4,1755834540
NIFTY,25029.3,1755834540
NIFTY,25030.25,1755834541
NIFTY,25028.55,1755834541
NIFTY,25028.4,1755834542
NIFTY,25027.95,1755834542
NIFTY,25029.2,1755834543
NIFTY,25028.15,1755834543
NIFTY,25028.6,1755834544
NIFTY,25028.9,1755834544
NIFTY,25029.65,1755834545
NIFTY,25027.8,1755834545
NIFTY,25028.9,1755834546
NIFTY,25027.95,1755834546
NIFTY,25026.9,1755834547
NIFTY,25028.5,1755834547
NIFTY,25027,1755834548
NIFTY,25026.15,1755834548
NIFTY,25026.2,1755834549
NIFTY,25026.15,1755834549
NIFTY,25027,1755834550
NIFTY,25027.05,1755834550
NIFTY,25028.85,1755834551
NIFTY,25028.45,1755834551
NIFTY,25027.15,1755834552
NIFTY,25027.3,1755834552
NIFTY,25027.65,1755834553
NIFTY,25026.55,1755834553
NIFTY,25026.9,1755834554
NIFTY,25026.95,1755834554
NIFTY,25027.8,1755834555
NIFTY,25028.2,1755834555
NIFTY,25027.65,1755834556
NIFTY,25028.6,1755834556
NIFTY,25028.35,1755834557
NIFTY,25027.85,1755834557
NIFTY,25028.55,1755834558
NIFTY,25027.65,1755834558
NIFTY,25028.2,1755834559
NIFTY,25028.75,1755834560
NIFTY,25027.05,1755834560
NIFTY,25026.75,1755834561
NIFTY,25026.85,1755834562
NIFTY,25026.65,1755834562
NIFTY,25025.7,1755834563
NIFTY,25026.75,1755834563
NIFTY,25026.05,1755834564
NIFTY,25027.2,1755834564
NIFTY,25027.7,1755834565
NIFTY,25026.65,1755834565
NIFTY,25027.2,1755834566
NIFTY,25026.65,1755834566
NIFTY,25026.4,1755834567
NIFTY,25026,1755834568
NIFTY,25025.9,1755834568
NIFTY,25026,1755834569
NIFTY,25025.7,1755834569
NIFTY,25026.15,1755834570
NIFTY,25026.3,1755834570
NIFTY,25026.55,1755834571
NIFTY,25027.15,1755834571
NIFTY,25027.55,1755834572
NIFTY,25028.9,1755834572
NIFTY,25028,1755834573
NIFTY,25028.25,1755834573
NIFTY,25027.15,1755834574
NIFTY,25028.7,1755834574
NIFTY,25027.2,1755834575
NIFTY,25028.45,1755834575
NIFTY,25027.15,1755834576
NIFTY,25027.05,1755834576
NIFTY,25026.8,1755834577
NIFTY,25027.3,1755834577
NIFTY,25027.45,1755834578
NIFTY,25027.25,1755834578
NIFTY,25027.9,1755834579
NIFTY,25027.45,1755834579
NIFTY,25026.3,1755834580
NIFTY,25027.05,1755834580
NIFTY,25027.6,1755834581
NIFTY,25027.65,1755834581
NIFTY,25028.4,1755834582
NIFTY,25028.6,1755834582
NIFTY,25028.35,1755834583
NIFTY,25027.8,1755834583
NIFTY,25028.25,1755834584
NIFTY,25027.35,1755834584
NIFTY,25026.75,1755834585
NIFTY,25027.8,1755834585
NIFTY,25025.25,1755834586
NIFTY,25023.1,1755834586
NIFTY,25022.4,1755834587
NIFTY,25023.15,1755834587
NIFTY,25023,1755834588
NIFTY,25023.15,1755834588
NIFTY,25022.8,1755834589
NIFTY,25023,1755834589
NIFTY,25023.5,1755834590
NIFTY,25024.5,1755834590
NIFTY,25024.85,1755834591
NIFTY,25024.8,1755834591
NIFTY,25025.25,1755834592
NIFTY,25025.4,1755834593
NIFTY,25025.65,1755834593
NIFTY,25025.35,1755834594
NIFTY,25025.55,1755834594
NIFTY,25026.2,1755834595
NIFTY,25026.15,1755834595
NIFTY,25024.2,1755834596
NIFTY,25022.95,1755834596
NIFTY,25022.45,1755834597
NIFTY,25021.8,1755834597
NIFTY,25021.35,1755834598
NIFTY,25022.2,1755834598
NIFTY,25022,1755834599
NIFTY,25022.5,1755834599
NIFTY,25022.25,1755834600
NIFTY,25022.95,1755834600
NIFTY,25022.85,1755834601
NIFTY,25021.7,1755834601
NIFTY,25023,1755834602
NIFTY,25023.1,1755834602
NIFTY,25019.8,1755834603
NIFTY,25020.1,1755834603
NIFTY,25019.6,1755834604
NIFTY,25018.85,1755834604
NIFTY,25019.35,1755834605
NIFTY,25019.05,1755834605
NIFTY,25019.85,1755834606
NIFTY,25019.1,1755834606
NIFTY,25018.9,1755834607
NIFTY,25019.45,1755834607
NIFTY,25019.25,1755834608
NIFTY,25018.35,1755834608
NIFTY,25017.25,1755834609
NIFTY,25016.9,1755834609
NIFTY,25016.5,1755834610
NIFTY,25018.15,1755834610
NIFTY,25017.7,1755834611
NIFTY,25015.3,1755834611
NIFTY,25016.05,1755834612
NIFTY,25015.75,1755834612
NIFTY,25015.05,1755834613
NIFTY,25015.1,1755834613
NIFTY,25011.5,1755834614
NIFTY,25012.5,1755834614
NIFTY,25012.7,1755834615
NIFTY,25012.4,1755834615
NIFTY,25011.4,1755834616
NIFTY,25011.7,1755834616
NIFTY,25011.1,1755834617
NIFTY,25011.85,1755834617
NIFTY,25011.25,1755834618
NIFTY,25013.1,1755834618
NIFTY,25011.9,1755834619
NIFTY,25013,1755834619
NIFTY,25013.1,1755834620
NIFTY,25012.5,1755834620
NIFTY,25011.95,1755834621
NIFTY,25012,1755834621
NIFTY,25012.7,1755834622
NIFTY,25011.1,1755834622
NIFTY,25011.3,1755834623
NIFTY,25010.75,1755834623
NIFTY,25011.6,1755834624
NIFTY,25010.95,1755834624
NIFTY,25012.75,1755834625
NIFTY,25011.95,1755834625
NIFTY,25010.85,1755834626
NIFTY,25010.65,1755834626
NIFTY,25010.25,1755834627
NIFTY,25009.6,1755834627
NIFTY,25009.25,1755834628
NIFTY,25008.8,1755834628
NIFTY,25011,1755834629
NIFTY,25009.9,1755834629
NIFTY,25009.6,1755834630
NIFTY,25009.35,1755834630
NIFTY,25010.15,1755834631
NIFTY,25010.35,1755834631
NIFTY,25009.65,1755834632
NIFTY,25009.5,1755834632
NIFTY,25008.5,1755834633
NIFTY,25008.8,1755834633
NIFTY,25009.75,1755834634
NIFTY,25009.05,1755834634
NIFTY,25008.05,1755834635
NIFTY,25007.7,1755834635
NIFTY,25007.45,1755834636
NIFTY,25006.6,1755834636
NIFTY,25006.4,1755834637
NIFTY,25008.05,1755834637
NIFTY,25007.6,1755834638
NIFTY,25006,1755834638
NIFTY,25005.7,1755834639
NIFTY,25005.45,1755834639
NIFTY,25005,1755834640
NIFTY,25006.2,1755834640
NIFTY,25007.75,1755834641
NIFTY,25007.15,1755834641
NIFTY,25006.35,1755834642
NIFTY,25006.5,1755834642
NIFTY,25006,1755834643
NIFTY,25007.65,1755834643
NIFTY,25007.55,1755834644
NIFTY,25007.1,1755834644
NIFTY,25008.4,1755834645
NIFTY,25007.35,1755834645
NIFTY,25007.9,1755834646
NIFTY,25007.55,1755834646
NIFTY,25008.2,1755834647
NIFTY,25008.55,1755834647
NIFTY,25008.85,1755834648
NIFTY,25009.45,1755834648
NIFTY,25010.5,1755834649
NIFTY,25011.25,1755834649
NIFTY,25010.85,1755834650
NIFTY,25009.7,1755834650
NIFTY,25010.05,1755834651
NIFTY,25009,1755834651
NIFTY,25009.65,1755834652
NIFTY,25009.05,1755834652
NIFTY,25009.2,1755834653
NIFTY,25008.6,1755834653
NIFTY,25008.3,1755834654
NIFTY,25009.4,1755834654
NIFTY,25009.2,1755834655
NIFTY,25009.65,1755834655
NIFTY,25010.55,1755834656
NIFTY,25009.55,1755834657
NIFTY,25010.6,1755834657
NIFTY,25010.65,1755834658
NIFTY,25009.95,1755834658
NIFTY,25009.45,1755834659
NIFTY,25009.6,1755834659
NIFTY,25010.35,1755834660
NIFTY,25011.55,1755834660
NIFTY,25010.7,1755834661
NIFTY,25011.05,1755834661
NIFTY,25012.05,1755834662
NIFTY,25011.7,1755834663
NIFTY,25011.5,1755834663
NIFTY,25011.4,1755834664
NIFTY,25011.55,1755834664
NIFTY,25011.45,1755834665
NIFTY,25011.4,1755834665
NIFTY,25010.5,1755834666
NIFTY,25010,1755834666
NIFTY,25011.1,1755834667
NIFTY,25011.5,1755834667
NIFTY,25011.2,1755834668
NIFTY,25010.85,1755834668
NIFTY,25010.7,1755834669
NIFTY,25010.25,1755834669
NIFTY,25011.05,1755834670
NIFTY,25011.55,1755834670
NIFTY,25011.3,1755834671
NIFTY,25010.35,1755834671
NIFTY,25009.95,1755834672
NIFTY,25010.85,1755834672
NIFTY,25011.6,1755834673
NIFTY,25011.65,1755834673
NIFTY,25011.15,1755834674
NIFTY,25010,1755834674
NIFTY,25010.25,1755834675
NIFTY,25010.45,1755834675
NIFTY,25011,1755834676
NIFTY,25010,1755834676
NIFTY,25009.95,1755834677
NIFTY,25009.9,1755834677
NIFTY,25010.65,1755834678
NIFTY,25011.3,1755834678
NIFTY,25010.95,1755834679
NIFTY,25011.2,1755834679
NIFTY,25012.6,1755834680
NIFTY,25013.15,1755834680
NIFTY,25012.85,1755834681
NIFTY,25012.65,1755834681
NIFTY,25012.6,1755834682
NIFTY,25008.55,1755834682
NIFTY,25007.35,1755834683
NIFTY,25007.15,1755834683
NIFTY,25006.1,1755834684
NIFTY,25007.4,1755834684
NIFTY,25006.9,1755834685
NIFTY,25006.8,1755834685
NIFTY,25006.35,1755834686
NIFTY,25007.2,1755834686
NIFTY,25005.6,1755834687
NIFTY,25005.35,1755834687
NIFTY,25004.95,1755834688
NIFTY,25004.7,1755834688
NIFTY,25004.25,1755834689
NIFTY,25004.25,1755834689
NIFTY,25004,1755834690
NIFTY,25003.85,1755834690
NIFTY,25003.3,1755834691
NIFTY,25004.6,1755834691
NIFTY,25004.1,1755834692
NIFTY,25005.1,1755834692
NIFTY,25005.2,1755834693
NIFTY,25005,1755834693
NIFTY,25004.2,1755834694
NIFTY,25003.9,1755834694
NIFTY,25003.2,1755834695
NIFTY,25002.8,1755834695
NIFTY,25004.2,1755834696
NIFTY,25004.35,1755834696
NIFTY,25003.4,1755834697
NIFTY,25003.55,1755834697
NIFTY,25004.65,1755834698
NIFTY,25004.3,1755834698
NIFTY,25003.95,1755834699
NIFTY,25003.3,1755834699
NIFTY,25003.6,1755834700
NIFTY,25004.4,1755834700
NIFTY,25003.45,1755834701
NIFTY,25004.3,1755834701
NIFTY,25005.55,1755834702
NIFTY,25005.8,1755834702
NIFTY,25005.75,1755834703
NIFTY,25004.65,1755834703
NIFTY,25005.3,1755834704
NIFTY,25005.95,1755834704
NIFTY,25005.55,1755834705
NIFTY,25005.9,1755834705
NIFTY,25005.85,1755834706
NIFTY,25006.75,1755834706
NIFTY,25006.9,1755834707
NIFTY,25006.55,1755834707
NIFTY,25005.2,1755834708
NIFTY,25004.55,1755834708
NIFTY,25005.9,1755834709
NIFTY,25007.45,1755834709
NIFTY,25006.75,1755834710
NIFTY,25005.75,1755834710
NIFTY,25005.45,1755834711
NIFTY,25005.8,1755834711
NIFTY,25006.85,1755834712
NIFTY,25006.95,1755834712
NIFTY,25006.6,1755834713
NIFTY,25006.45,1755834713
NIFTY,25006.75,1755834714
NIFTY,25006.95,1755834714
NIFTY,25005.3,1755834715
NIFTY,25006.45,1755834715
NIFTY,25005.1,1755834716
NIFTY,25005.55,1755834717
NIFTY,25004.95,1755834717
NIFTY,25005.8,1755834718
NIFTY,25005.1,1755834718
NIFTY,25006.05,1755834719
NIFTY,25004.6,1755834719
NIFTY,25006.45,1755834720
NIFTY,25006.2,1755834720
NIFTY,25005.6,1755834721
NIFTY,25006.3,1755834721
NIFTY,25005.5,1755834722
NIFTY,25005.15,1755834722
NIFTY,25005.4,1755834723
NIFTY,25006.15,1755834723
NIFTY,25005.35,1755834725
NIFTY,25005.75,1755834725
NIFTY,25005.15,1755834726
NIFTY,25005.4,1755834726
NIFTY,25006.25,1755834727
NIFTY,25004.85,1755834727
NIFTY,25005.4,1755834728
NIFTY,25006.45,1755834728
NIFTY,25006.95,1755834729
NIFTY,25006.85,1755834730
NIFTY,25006.95,1755834730
NIFTY,25008.1,1755834731
NIFTY,25008.5,1755834731
NIFTY,25007.65,1755834732
NIFTY,25008.7,1755834732
NIFTY,25008.25,1755834733
NIFTY,25007.8,1755834733
NIFTY,25009.5,1755834734
NIFTY,25008.5,1755834734
NIFTY,25008.15,1755834735
NIFTY,25008.55,1755834735
NIFTY,25008.3,1755834736
NIFTY,25008.85,1755834736
NIFTY,25008.65,1755834737
NIFTY,25009.25,1755834737
NIFTY,25009.4,1755834738
NIFTY,25009.05,1755834738
NIFTY,25007.4,1755834739
NIFTY,25008.1,1755834739
NIFTY,25007.65,1755834740
NIFTY,25007.85,1755834740
NIFTY,25008.7,1755834741
NIFTY,25009.1,1755834741
NIFTY,25009.6,1755834742
NIFTY,25010.1,1755834742
NIFTY,25011.05,1755834743
NIFTY,25010.6,1755834743
NIFTY,25010.55,1755834744
NIFTY,25009.35,1755834744
NIFTY,25010.55,1755834745
NIFTY,25008.8,1755834745
NIFTY,25010.1,1755834746
NIFTY,25010,1755834746
NIFTY,25008.85,1755834747
NIFTY,25008.7,1755834747
NIFTY,25009.9,1755834748
NIFTY,25009.25,1755834748
NIFTY,25009.2,1755834749
NIFTY,25010.15,1755834749
NIFTY,25009.95,1755834750
NIFTY,25009.55,1755834750
NIFTY,25009.1,1755834751
NIFTY,25009.75,1755834751
NIFTY,25010.45,1755834752
NIFTY,25010.4,1755834752
NIFTY,25010.05,1755834753
NIFTY,25010.85,1755834753
NIFTY,25011.1,1755834754
NIFTY,25010.8,1755834754
NIFTY,25011,1755834755
NIFTY,25010.2,1755834755
NIFTY,25011.75,1755834756
NIFTY,25011.85,1755834756
NIFTY,25012.55,1755834757
NIFTY,25012.65,1755834757
NIFTY,25011.1,1755834758
NIFTY,25011.55,1755834758
NIFTY,25012.6,1755834759
NIFTY,25012.55,1755834759
NIFTY,25012.9,1755834760
NIFTY,25012.7,1755834760
NIFTY,25012.9,1755834761
NIFTY,25013,1755834761
NIFTY,25013.4,1755834762
NIFTY,25013.35,1755834762
NIFTY,25013.15,1755834763
NIFTY,25013.45,1755834763
NIFTY,25013.95,1755834764
NIFTY,25014.75,1755834765
NIFTY,25015.3,1755834765
NIFTY,25015.25,1755834766
NIFTY,25015.15,1755834766
NIFTY,25014.4,1755834767
NIFTY,25013.55,1755834767
NIFTY,25013.35,1755834768
NIFTY,25013.55,1755834768
NIFTY,25012.55,1755834769
NIFTY,25014.2,1755834769
NIFTY,25014.5,1755834770
NIFTY,25014.4,1755834770
NIFTY,25014.75,1755834771
NIFTY,25014,1755834771
NIFTY,25014.8,1755834772
NIFTY,25014.95,1755834772
NIFTY,25014.65,1755834773
NIFTY,25015.2,1755834773
NIFTY,25015.35,1755834774
NIFTY,25016.5,1755834775
NIFTY,25015.65,1755834775
NIFTY,25014.75,1755834776
NIFTY,25014.95,1755834776
NIFTY,25013.8,1755834777
NIFTY,25014.75,1755834777
NIFTY,25014.6,1755834778
NIFTY,25014.75,1755834778
NIFTY,25015.9,1755834779
NIFTY,25014.95,1755834779
NIFTY,25015.45,1755834780
NIFTY,25016.7,1755834780
NIFTY,25016.3,1755834781
NIFTY,25016.7,1755834781
NIFTY,25017.3,1755834782
NIFTY,25017.2,1755834782
NIFTY,25016.2,1755834783
NIFTY,25016.45,1755834784
NIFTY,25016.8,1755834784
NIFTY,25017.1,1755834785
NIFTY,25016.8,1755834785
NIFTY,25017.8,1755834786
NIFTY,25017.55,1755834786
NIFTY,25018.2,1755834787
NIFTY,25017.65,1755834787
NIFTY,25017.55,1755834788
NIFTY,25018.55,1755834788
NIFTY,25018.4,1755834789
NIFTY,25018.05,1755834789
NIFTY,25018.45,1755834790
NIFTY,25017.5,1755834790
NIFTY,25017.4,1755834791
NIFTY,25017.2,1755834791
NIFTY,25017.05,1755834792
NIFTY,25016.3,1755834792
NIFTY,25016.95,1755834793
NIFTY,25017.15,1755834793
NIFTY,25016.95,1755834794
NIFTY,25017.1,1755834794
NIFTY,25016.55,1755834795
NIFTY,25017.2,1755834795
NIFTY,25017.1,1755834796
NIFTY,25017.65,1755834796
NIFTY,25017.25,1755834797
NIFTY,25017.6,1755834797
NIFTY,25017.05,1755834798
NIFTY,25017.25,1755834798
NIFTY,25018,1755834799
NIFTY,25017.9,1755834799
NIFTY,25018.05,1755834800
NIFTY,25017.85,1755834801
NIFTY,25016.25,1755834801
NIFTY,25015.55,1755834802
NIFTY,25016,1755834802
NIFTY,25014.55,1755834803
NIFTY,25015.65,1755834803
NIFTY,25015.9,1755834804
NIFTY,25015.1,1755834804
NIFTY,25015.85,1755834805
NIFTY,25015.8,1755834805
NIFTY,25015.75,1755834806
NIFTY,25015.45,1755834806
NIFTY,25016.25,1755834807
NIFTY,25015.85,1755834807
NIFTY,25016.1,1755834808
NIFTY,25015.35,1755834808
NIFTY,25015.5,1755834809
NIFTY,25015.7,1755834809
NIFTY,25015.1,1755834810
NIFTY,25014.7,1755834810
NIFTY,25014.3,1755834811
NIFTY,25014.25,1755834811
NIFTY,25013.8,1755834812
NIFTY,25013.25,1755834812
NIFTY,25012.9,1755834813
NIFTY,25012.15,1755834813
NIFTY,25012.45,1755834814
NIFTY,25013.15,1755834814
NIFTY,25013.5,1755834815
NIFTY,25013.4,1755834815
NIFTY,25013.5,1755834816
NIFTY,25013.7,1755834816
NIFTY,25013.6,1755834817
NIFTY,25013,1755834817
NIFTY,25012.05,1755834818
NIFTY,25012.75,1755834819
NIFTY,25012.65,1755834819
NIFTY,25011.75,1755834820
NIFTY,25013.15,1755834820
NIFTY,25012.8,1755834821
NIFTY,25013.85,1755834821
NIFTY,25013.15,1755834822
NIFTY,25013.45,1755834822
NIFTY,25013.5,1755834823
NIFTY,25013.6,1755834823
NIFTY,25012.95,1755834824
NIFTY,25013.1,1755834824
NIFTY,25012.35,1755834825
NIFTY,25012.6,1755834825
NIFTY,25011.75,1755834826
NIFTY,25011.85,1755834826
NIFTY,25012.5,1755834827
NIFTY,25013.3,1755834827
NIFTY,25012.5,1755834828
NIFTY,25013.2,1755834828
NIFTY,25014.1,1755834829
NIFTY,25013.9,1755834829
NIFTY,25013.8,1755834830
NIFTY,25012.85,1755834830
NIFTY,25012.35,1755834831
NIFTY,25012.05,1755834831
NIFTY,25011.25,1755834832
NIFTY,25011.5,1755834832
NIFTY,25010.95,1755834833
NIFTY,25011.55,1755834833
NIFTY,25011,1755834834
NIFTY,25011.5,1755834834
NIFTY,25011.45,1755834835
NIFTY,25011.65,1755834835
NIFTY,25011.15,1755834836
NIFTY,25011.35,1755834836
NIFTY,25011.8,1755834837
NIFTY,25012.2,1755834837
NIFTY,25010.65,1755834838
NIFTY,25010.8,1755834838
NIFTY,25009.95,1755834839
NIFTY,25010.25,1755834839
NIFTY,25010.35,1755834840
NIFTY,25010.5,1755834840
NIFTY,25010.1,1755834841
NIFTY,25009.75,1755834841
NIFTY,25008.7,1755834842
NIFTY,25008.45,1755834842
NIFTY,25009.55,1755834843
NIFTY,25010.3,1755834843
NIFTY,25009.35,1755834844
NIFTY,25010.7,1755834844
NIFTY,25010.55,1755834845
NIFTY,25008.95,1755834845
NIFTY,25008.5,1755834846
NIFTY,25007.5,1755834846
NIFTY,25008.2,1755834847
NIFTY,25008.25,1755834847
NIFTY,25008.3,1755834848
NIFTY,25006.15,1755834848
NIFTY,25005.85,1755834849
NIFTY,25005.65,1755834849
NIFTY,25005.7,1755834850
NIFTY,25005.45,1755834850
NIFTY,25006.2,1755834851
NIFTY,25006.5,1755834851
NIFTY,25005.95,1755834852
NIFTY,25004.9,1755834852
NIFTY,25005.15,1755834853
NIFTY,25005.95,1755834853
NIFTY,25006.3,1755834854
NIFTY,25004.9,1755834854
NIFTY,25006,1755834855
NIFTY,25006.45,1755834855
NIFTY,25005.4,1755834856
NIFTY,25005.55,1755834856
NIFTY,25003.95,1755834857
NIFTY,25004.9,1755834857
NIFTY,25005.6,1755834858
NIFTY,25004.9,1755834859
NIFTY,25005.3,1755834859
NIFTY,25005.45,1755834860
NIFTY,25005.3,1755834860
NIFTY,25004.7,1755834861
NIFTY,25005.05,1755834861
NIFTY,25004.9,1755834862
NIFTY,25005.9,1755834862
NIFTY,25005.35,1755834863
NIFTY,25004.95,1755834863
NIFTY,25005.5,1755834864
NIFTY,25005.6,1755834864
NIFTY,25004.95,1755834865
NIFTY,25005.7,1755834865
NIFTY,25005.45,1755834866
NIFTY,25005.3,1755834866
NIFTY,25005.95,1755834867
NIFTY,25005.8,1755834867
NIFTY,25006.6,1755834868
NIFTY,25006.95,1755834868
NIFTY,25006.35,1755834869
NIFTY,25007.45,1755834869
NIFTY,25007.5,1755834870
NIFTY,25006.15,1755834870
NIFTY,25006.5,1755834871
NIFTY,25005.8,1755834871
NIFTY,25006.35,1755834872
NIFTY,25005.85,1755834872
NIFTY,25005.3,1755834873
NIFTY,25005.7,1755834873
NIFTY,25005.75,1755834874
NIFTY,25005.8,1755834874
NIFTY,25006.45,1755834875
NIFTY,25005.1,1755834875
NIFTY,25004.75,1755834876
NIFTY,25004.65,1755834876
NIFTY,25004,1755834877
NIFTY,25004.3,1755834877
NIFTY,25005.35,1755834878
NIFTY,25004.6,1755834879
NIFTY,25004.5,1755834879
NIFTY,25003.6,1755834880
NIFTY,25003.5,1755834880
NIFTY,25002.85,1755834881
NIFTY,25003.25,1755834881
NIFTY,25003.95,1755834882
NIFTY,25004.1,1755834882
NIFTY,25003.1,1755834883
NIFTY,25004.6,1755834883
NIFTY,25005.15,1755834884
NIFTY,25004.4,1755834884
NIFTY,25002.9,1755834885
NIFTY,25000.75,1755834885
NIFTY,25002.35,1755834886
NIFTY,25002.15,1755834886
NIFTY,25000.65,1755834887
NIFTY,25000.6,1755834887
NIFTY,24999.85,1755834888
NIFTY,25000.6,1755834888
NIFTY,25000.2,1755834889
NIFTY,24998.8,1755834889
NIFTY,24999.9,1755834890
NIFTY,24998.5,1755834890
NIFTY,24998.35,1755834891
NIFTY,24998.1,1755834891
NIFTY,24999.2,1755834892
NIFTY,24998.8,1755834892
NIFTY,24997.95,1755834893
NIFTY,24998,1755834893
NIFTY,24998.75,1755834894
NIFTY,25000.55,1755834894
NIFTY,24999.25,1755834895
NIFTY,24998.45,1755834895
NIFTY,24999,1755834896
NIFTY,24999.15,1755834896
NIFTY,24998.1,1755834897
NIFTY,24996.95,1755834897
NIFTY,24998,1755834898
NIFTY,24997.3,1755834898
NIFTY,24997.9,1755834899
NIFTY,24996.9,1755834899
NIFTY,24996.85,1755834900
NIFTY,24996.95,1755834900
NIFTY,24997.2,1755834901
NIFTY,24997.35,1755834901
NIFTY,24997.1,1755834902
NIFTY,24996.85,1755834902
NIFTY,24997.1,1755834903
NIFTY,24996.3,1755834903
NIFTY,24996.55,1755834904
NIFTY,24995.35,1755834904
NIFTY,24995.85,1755834905
NIFTY,24995.1,1755834905
NIFTY,24993.7,1755834906
NIFTY,24994.7,1755834906
NIFTY,24995.2,1755834907
NIFTY,24995.3,1755834907
NIFTY,24994.85,1755834908
NIFTY,24994.55,1755834908
NIFTY,24994.75,1755834909
NIFTY,24995.25,1755834909
NIFTY,24995.5,1755834910
NIFTY,24996.2,1755834910
NIFTY,24996.1,1755834911
NIFTY,24995.75,1755834912
NIFTY,24995.7,1755834912
NIFTY,24995.35,1755834913
NIFTY,24995.65,1755834913
NIFTY,24996,1755834914
NIFTY,24995.8,1755834914
NIFTY,24996.7,1755834915
NIFTY,24997.8,1755834915
NIFTY,24997.4,1755834916
NIFTY,24997.25,1755834916
NIFTY,24998.65,1755834917
NIFTY,24997.6,1755834917
NIFTY,24997.05,1755834918
NIFTY,24996.85,1755834918
NIFTY,24997.25,1755834919
NIFTY,24998.2,1755834919
NIFTY,24998.1,1755834920
NIFTY,24998.65,1755834920
NIFTY,24999.95,1755834921
NIFTY,24998.6,1755834921
NIFTY,24999.35,1755834922
NIFTY,24999.15,1755834922
NIFTY,24999.05,1755834923
NIFTY,24999.95,1755834923
NIFTY,24998.8,1755834924
NIFTY,24999,1755834924
NIFTY,24999.9,1755834925
NIFTY,25000.2,1755834925
NIFTY,24999.75,1755834926
NIFTY,24999.65,1755834926
NIFTY,24999.5,1755834927
NIFTY,24999.55,1755834927
NIFTY,24999.45,1755834928
NIFTY,24999.05,1755834928
NIFTY,24998.45,1755834929
NIFTY,24998.8,1755834929
NIFTY,24999.1,1755834930
NIFTY,24999.35,1755834930
NIFTY,24999.6,1755834931
NIFTY,24999.75,1755834931
NIFTY,25000,1755834932
NIFTY,25000.15,1755834932
NIFTY,25000.05,1755834933
NIFTY,24999.25,1755834933
NIFTY,24999.85,1755834934
NIFTY,24999.6,1755834934
NIFTY,24999.8,1755834935
NIFTY,24999.65,1755834935
NIFTY,25000.1,1755834936
NIFTY,25000,1755834936
NIFTY,24999,1755834937
NIFTY,24999.35,1755834937
NIFTY,24999.65,1755834938
NIFTY,25000,1755834938
NIFTY,24999.2,1755834939
NIFTY,24999,1755834940
NIFTY,24997,1755834940
NIFTY,24997.2,1755834941
NIFTY,24997.4,1755834941
NIFTY,24997.85,1755834942
NIFTY,24997.2,1755834942
NIFTY,24997.1,1755834943
NIFTY,24996.75,1755834943
NIFTY,24997.1,1755834944
NIFTY,24997.2,1755834944
NIFTY,24996.75,1755834945
NIFTY,24996.55,1755834945
NIFTY,24995.65,1755834946
NIFTY,24996.3,1755834946
NIFTY,24996.55,1755834947
NIFTY,24995.7,1755834947
NIFTY,24995.45,1755834948
NIFTY,24995.3,1755834948
NIFTY,24994.6,1755834949
NIFTY,24995.1,1755834949
NIFTY,24994.75,1755834950
NIFTY,24994.35,1755834950
NIFTY,24995.6,1755834951
NIFTY,24995.55,1755834951
NIFTY,24995.4,1755834952
NIFTY,24995.8,1755834953
NIFTY,24995.65,1755834953
NIFTY,24995.95,1755834954
NIFTY,24994.8,1755834954
NIFTY,24995.1,1755834955
NIFTY,24994.15,1755834955
NIFTY,24995.2,1755834956
NIFTY,24994.2,1755834956
NIFTY,24994.15,1755834957
NIFTY,24994.85,1755834958
NIFTY,24994.7,1755834958
NIFTY,24994.5,1755834959
NIFTY,24995.55,1755834959
NIFTY,24995.6,1755834960
NIFTY,24995.9,1755834960
NIFTY,24996.25,1755834961
NIFTY,24996.1,1755834961
NIFTY,24996,1755834962
NIFTY,24996.05,1755834962
NIFTY,24995.65,1755834963
NIFTY,24994.9,1755834963
NIFTY,24995.3,1755834964
NIFTY,24995.4,1755834965
NIFTY,24995.6,1755834965
NIFTY,24995.35,1755834966
NIFTY,24995.4,1755834966
NIFTY,24995.35,1755834967
NIFTY,24995.15,1755834967
NIFTY,24995.35,1755834968
NIFTY,24995.1,1755834968
NIFTY,24993.8,1755834969
NIFTY,24994.1,1755834969
NIFTY,24994.5,1755834970
NIFTY,24993.8,1755834970
NIFTY,24994.4,1755834971
NIFTY,24994.5,1755834971
NIFTY,24994.25,1755834972
NIFTY,24994.3,1755834972
NIFTY,24993.9,1755834973
NIFTY,24993.15,1755834973
NIFTY,24993.35,1755834974
NIFTY,24993.9,1755834974
NIFTY,24993.2,1755834975
NIFTY,24993.7,1755834975
NIFTY,24993.35,1755834976
NIFTY,24993.3,1755834976
NIFTY,24993.5,1755834977
NIFTY,24993.05,1755834977
NIFTY,24993.55,1755834978
NIFTY,24993.05,1755834978
NIFTY,24993.15,1755834979
NIFTY,24992.75,1755834979
NIFTY,24992.6,1755834980
NIFTY,24992.65,1755834980
NIFTY,24993.2,1755834981
NIFTY,24992.95,1755834981
NIFTY,24992.3,1755834982
NIFTY,24992.55,1755834982
NIFTY,24992.15,1755834983
NIFTY,24991.85,1755834983
NIFTY,24992.5,1755834984
NIFTY,24993.15,1755834984
NIFTY,24992.65,1755834985
NIFTY,24991.5,1755834985
NIFTY,24991.6,1755834986
NIFTY,24991.7,1755834986
NIFTY,24992.35,1755834987
NIFTY,24991.95,1755834987
NIFTY,24992.1,1755834988
NIFTY,24993,1755834988
NIFTY,24993.5,1755834989
NIFTY,24993.05,1755834989
NIFTY,24993.25,1755834990
NIFTY,24993.3,1755834990
NIFTY,24993.45,1755834991
NIFTY,24992.4,1755834991
NIFTY,24991.75,1755834992
NIFTY,24992.5,1755834992
NIFTY,24992.9,1755834993
NIFTY,24992.5,1755834993
NIFTY,24992.8,1755834994
NIFTY,24991.75,1755834995
NIFTY,24992.15,1755834995
NIFTY,24992,1755834996
NIFTY,24991.8,1755834996
NIFTY,24990.95,1755834997
NIFTY,24990.9,1755834997
NIFTY,24991.1,1755834998
NIFTY,24991.35,1755834998
NIFTY,24991.4,1755834999
NIFTY,24991.75,1755834999
NIFTY,24991,1755835000
NIFTY,24990.95,1755835000
NIFTY,24990.7,1755835001
NIFTY,24990.3,1755835001
NIFTY,24990.35,1755835002
NIFTY,24990.05,1755835002
NIFTY,24989.9,1755835003
NIFTY,24990.65,1755835003
NIFTY,24990.4,1755835004
NIFTY,24990.15,1755835004
NIFTY,24989.55,1755835005
NIFTY,24989.8,1755835005
NIFTY,24989.6,1755835006
NIFTY,24989.75,1755835006
NIFTY,24989.4,1755835007
NIFTY,24989.15,1755835007
NIFTY,24989.4,1755835008
NIFTY,24988.95,1755835008
NIFTY,24989.35,1755835009
NIFTY,24989.4,1755835009
NIFTY,24989.55,1755835010
NIFTY,24989.5,1755835010
NIFTY,24989.25,1755835011
NIFTY,24989.35,1755835011
NIFTY,24989.45,1755835012
NIFTY,24988.85,1755835012
NIFTY,24988.8,1755835013
NIFTY,24990.15,1755835013
NIFTY,24990.25,1755835014
NIFTY,24990.95,1755835014
NIFTY,24990.25,1755835015
NIFTY,24990.95,1755835015
NIFTY,24990.8,1755835016
NIFTY,24990.75,1755835016
NIFTY,24991.4,1755835017
NIFTY,24991.5,1755835017
NIFTY,24992.3,1755835018
NIFTY,24991.7,1755835018
NIFTY,24991.15,1755835019
NIFTY,24992,1755835019
NIFTY,24992.75,1755835020
NIFTY,24992.1,1755835020
NIFTY,24992.5,1755835021
NIFTY,24991.65,1755835021
NIFTY,24991.95,1755835022
NIFTY,24991.65,1755835022
NIFTY,24992.1,1755835023
NIFTY,24992.25,1755835023
NIFTY,24992.5,1755835024
NIFTY,24992.85,1755835024
NIFTY,24992.65,1755835025
NIFTY,24992.75,1755835025
NIFTY,24992.1,1755835026
NIFTY,24991.95,1755835026
NIFTY,24991.4,1755835027
NIFTY,24992.05,1755835027
NIFTY,24991.5,1755835028
NIFTY,24992.4,1755835028
NIFTY,24991.35,1755835029
NIFTY,24992.05,1755835029
NIFTY,24991.85,1755835030
NIFTY,24992.2,1755835030
NIFTY,24992,1755835031
NIFTY,24992.6,1755835031
NIFTY,24991.65,1755835032
NIFTY,24992.15,1755835032
NIFTY,24991.35,1755835033
NIFTY,24992.15,1755835033
NIFTY,24992.85,1755835034
NIFTY,24992.65,1755835034
NIFTY,24993.65,1755835035
NIFTY,24993.85,1755835035
NIFTY,24993.9,1755835036
NIFTY,24993.55,1755835036
NIFTY,24993.15,1755835037
NIFTY,24994.7,1755835037
NIFTY,24994.65,1755835038
NIFTY,24995.2,1755835038
NIFTY,24995.25,1755835039
NIFTY,24996,1755835039
NIFTY,24995.95,1755835040
NIFTY,24995.05,1755835040
NIFTY,24995.15,1755835041
NIFTY,24995.65,1755835041
NIFTY,24995.45,1755835042
NIFTY,24995.55,1755835043
NIFTY,24995.2,1755835043
NIFTY,24995.35,1755835044
NIFTY,24995.1,1755835045
NIFTY,24994.7,1755835045
NIFTY,24995.05,1755835046
NIFTY,24995.25,1755835046
NIFTY,24995.5,1755835047
NIFTY,24995.8,1755835048
NIFTY,24995.95,1755835048
NIFTY,24995.85,1755835049
NIFTY,24995.6,1755835049
NIFTY,24995.2,1755835050
NIFTY,24995.55,1755835050
NIFTY,24995.6,1755835051
NIFTY,24995.05,1755835052
NIFTY,24995.15,1755835052
NIFTY,24995.2,1755835053
NIFTY,24995.05,1755835053
NIFTY,24995.85,1755835054
NIFTY,24995.9,1755835054
NIFTY,24995.65,1755835055
NIFTY,24996.1,1755835055
NIFTY,24995.85,1755835056
NIFTY,24995.75,1755835056
NIFTY,24996.05,1755835057
NIFTY,24995.6,1755835057
NIFTY,24995.95,1755835058
NIFTY,24996.05,1755835058
NIFTY,24996.4,1755835059
NIFTY,24996.55,1755835059
NIFTY,24997.35,1755835060
NIFTY,24997.3,1755835060
NIFTY,24997.15,1755835061
NIFTY,24997.55,1755835061
NIFTY,24997.2,1755835062
NIFTY,24997.85,1755835062
NIFTY,24997.7,1755835063
NIFTY,24997.55,1755835063
NIFTY,24998.35,1755835064
NIFTY,24997.8,1755835064
NIFTY,24997.95,1755835065
NIFTY,24997.45,1755835065
NIFTY,24997.65,1755835066
NIFTY,24998,1755835066
NIFTY,24997.95,1755835067
NIFTY,24998.4,1755835067
NIFTY,24997.95,1755835068
NIFTY,24998.35,1755835068
NIFTY,24998.4,1755835069
NIFTY,24998.25,1755835069
NIFTY,24998.3,1755835070
NIFTY,24998.6,1755835070
NIFTY,24998.7,1755835071
NIFTY,24998.75,1755835071
NIFTY,24999.1,1755835072
NIFTY,24999,1755835072
NIFTY,24998.75,1755835073
NIFTY,24998.3,1755835073
NIFTY,24998.8,1755835074
NIFTY,24998.7,1755835074
NIFTY,24998.55,1755835075
NIFTY,24999.1,1755835075
NIFTY,24998.65,1755835076
NIFTY,24999.9,1755835076
NIFTY,25000.1,1755835077
NIFTY,25000.2,1755835077
NIFTY,25000.45,1755835078
NIFTY,25000.5,1755835078
NIFTY,24999.75,1755835079
NIFTY,25000.8,1755835079
NIFTY,25000.85,1755835080
NIFTY,25000.5,1755835080
NIFTY,25000.8,1755835081
NIFTY,25000.45,1755835081
NIFTY,25000.3,1755835082
NIFTY,25000.4,1755835082
NIFTY,25000.7,1755835083
NIFTY,25000.4,1755835083
NIFTY,25000.3,1755835084
NIFTY,25000.6,1755835084
NIFTY,24999.55,1755835085
NIFTY,24999.2,1755835085
NIFTY,24998.9,1755835086
NIFTY,24998.7,1755835086
NIFTY,24998.75,1755835087
NIFTY,24999,1755835087
NIFTY,24998.65,1755835088
NIFTY,24998.2,1755835088
NIFTY,24997.9,1755835089
NIFTY,24998.5,1755835089
NIFTY,24998.35,1755835090
NIFTY,24997.65,1755835090
NIFTY,24997.3,1755835091
NIFTY,24997.65,1755835091
NIFTY,24997.35,1755835092
NIFTY,24997.65,1755835092
NIFTY,24997.35,1755835093
NIFTY,24997.45,1755835093
NIFTY,24997.7,1755835094
NIFTY,24997.9,1755835095
NIFTY,24997.5,1755835095
NIFTY,24997.35,1755835096
NIFTY,24997.9,1755835096
NIFTY,24997.55,1755835097
NIFTY,24997.85,1755835097
NIFTY,24997.4,1755835098
NIFTY,24998,1755835098
NIFTY,24998.05,1755835099
NIFTY,24998.5,1755835099
NIFTY,24998.25,1755835100
NIFTY,24997.9,1755835100
NIFTY,24996.4,1755835101
NIFTY,24996.15,1755835101
NIFTY,24996,1755835102
NIFTY,24995.35,1755835102
NIFTY,24994.25,1755835103
NIFTY,24994.75,1755835103
NIFTY,24994.65,1755835104
NIFTY,24995.9,1755835104
NIFTY,24995.25,1755835105
NIFTY,24995,1755835105
NIFTY,24994.35,1755835106
NIFTY,24994.8,1755835106
NIFTY,24995,1755835107
NIFTY,24994.55,1755835107
NIFTY,24994.45,1755835108
NIFTY,24995.5,1755835108
NIFTY,24995.4,1755835109
NIFTY,24995.9,1755835109
NIFTY,24995.65,1755835110
NIFTY,24995.55,1755835110
NIFTY,24995.5,1755835111
NIFTY,24995.8,1755835111
NIFTY,24995.2,1755835112
NIFTY,24994.35,1755835112
NIFTY,24994.45,1755835113
NIFTY,24995,1755835113
NIFTY,24995.6,1755835114
NIFTY,24995.65,1755835114
NIFTY,24995.75,1755835115
NIFTY,24996.15,1755835115
NIFTY,24995.35,1755835116
NIFTY,24995,1755835116
NIFTY,24995.35,1755835117
NIFTY,24995.05,1755835117
NIFTY,24994.7,1755835118
NIFTY,24995.1,1755835118
NIFTY,24995.8,1755835119
NIFTY,24995.35,1755835119
NIFTY,24995.05,1755835120
NIFTY,24995.1,1755835120
NIFTY,24995.4,1755835121
NIFTY,24996,1755835121
NIFTY,24995.35,1755835122
NIFTY,24995,1755835122
NIFTY,24995.2,1755835123
NIFTY,24994.85,1755835123
NIFTY,24993.8,1755835124
NIFTY,24994.35,1755835124
NIFTY,24994.65,1755835125
NIFTY,24995.4,1755835125
NIFTY,24995.5,1755835126
NIFTY,24995.65,1755835126
NIFTY,24994.95,1755835127
NIFTY,24995.45,1755835127
NIFTY,24995.15,1755835128
NIFTY,24994.85,1755835129
NIFTY,24995.55,1755835129
NIFTY,24995.35,1755835130
NIFTY,24995.6,1755835130
NIFTY,24996.3,1755835131
NIFTY,24996.2,1755835131
NIFTY,24996.3,1755835132
NIFTY,24996.25,1755835132
NIFTY,24996.15,1755835133
NIFTY,24996.35,1755835133
NIFTY,24995.95,1755835134
NIFTY,24995.7,1755835134
NIFTY,24995.75,1755835135
NIFTY,24995.6,1755835135
NIFTY,24996.55,1755835136
NIFTY,24996.35,1755835136
NIFTY,24995.55,1755835137
NIFTY,24995.25,1755835137
NIFTY,24996,1755835138
NIFTY,24995.75,1755835138
NIFTY,24995.8,1755835139
NIFTY,24995.45,1755835139
NIFTY,24994.95,1755835140
NIFTY,24995,1755835140
NIFTY,24995.35,1755835141
NIFTY,24995.95,1755835141
NIFTY,24995.4,1755835142
NIFTY,24996.1,1755835142
NIFTY,24995.35,1755835143
NIFTY,24995.3,1755835143
NIFTY,24995.25,1755835144
NIFTY,24995.3,1755835144
NIFTY,24994.95,1755835145
NIFTY,24995.55,1755835145
NIFTY,24996.1,1755835146
NIFTY,24995.45,1755835146
NIFTY,24995.55,1755835147
NIFTY,24995.7,1755835147
NIFTY,24995.3,1755835148
NIFTY,24994.85,1755835148
NIFTY,24995.1,1755835149
NIFTY,24995.2,1755835149
NIFTY,24995.1,1755835150
NIFTY,24996.65,1755835150
NIFTY,24995.05,1755835151
NIFTY,24994.35,1755835151
NIFTY,24995.05,1755835152
NIFTY,24994.55,1755835152
NIFTY,24994.25,1755835153
NIFTY,24995.65,1755835154
NIFTY,24995.9,1755835154
NIFTY,24995.5,1755835155
NIFTY,24995.2,1755835155
NIFTY,24994.7,1755835156
NIFTY,24994.95,1755835156
NIFTY,24994.85,1755835157
NIFTY,24995.85,1755835157
NIFTY,24995.9,1755835158
NIFTY,24994.5,1755835158
NIFTY,24994.05,1755835159
NIFTY,24993.05,1755835159
NIFTY,24993.1,1755835160
NIFTY,24993.3,1755835160
NIFTY,24992.85,1755835161
NIFTY,24993.55,1755835162
NIFTY,24993.9,1755835162
NIFTY,24993.4,1755835163
NIFTY,24993.8,1755835163
NIFTY,24993.3,1755835164
NIFTY,24993.8,1755835164
NIFTY,24993.95,1755835165
NIFTY,24993.1,1755835165
NIFTY,24994.3,1755835166
NIFTY,24994.2,1755835166
NIFTY,24994.25,1755835167
NIFTY,24994.95,1755835167
NIFTY,24993.6,1755835168
NIFTY,24994.1,1755835168
NIFTY,24994.45,1755835169
NIFTY,24994.5,1755835169
NIFTY,24995.1,1755835170
NIFTY,24995.85,1755835170
NIFTY,24994.3,1755835171
NIFTY,24995.15,1755835171
NIFTY,24995.55,1755835172
NIFTY,24995.5,1755835172
NIFTY,24996.6,1755835173
NIFTY,24996.85,1755835173
NIFTY,24996.1,1755835174
NIFTY,24995.75,1755835174
NIFTY,24995.45,1755835175
NIFTY,24995.25,1755835175
NIFTY,24994.9,1755835176
NIFTY,24994.45,1755835176
NIFTY,24995.4,1755835177
NIFTY,24995.3,1755835177
NIFTY,24995.5,1755835178
NIFTY,24995.45,1755835178
NIFTY,24994.5,1755835179
NIFTY,24993.75,1755835179
NIFTY,24994.3,1755835180
NIFTY,24993.85,1755835180
NIFTY,24993.9,1755835181
NIFTY,24994,1755835181
NIFTY,24993.65,1755835182
NIFTY,24994,1755835182
NIFTY,24993.55,1755835183
NIFTY,24995,1755835183
NIFTY,24994.4,1755835184
NIFTY,24994.3,1755835184
NIFTY,24995.3,1755835185
NIFTY,24992.55,1755835185
NIFTY,24991.3,1755835186
NIFTY,24991.45,1755835186
NIFTY,24992,1755835187
NIFTY,24991.9,1755835187
NIFTY,24991.7,1755835188
NIFTY,24991.35,1755835188
NIFTY,24991.6,1755835189
NIFTY,24991.55,1755835189
NIFTY,24991.1,1755835190
NIFTY,24990.7,1755835190
NIFTY,24990.5,1755835191
NIFTY,24990.15,1755835191
NIFTY,24990.1,1755835192
NIFTY,24989.9,1755835192
NIFTY,24990.15,1755835193
NIFTY,24988.4,1755835193
NIFTY,24988.2,1755835194
NIFTY,24988.15,1755835194
NIFTY,24987.8,1755835195
NIFTY,24987.65,1755835195
NIFTY,24986.7,1755835196
NIFTY,24987,1755835196
NIFTY,24986.15,1755835197
NIFTY,24985.6,1755835197
NIFTY,24986.2,1755835198
NIFTY,24986.65,1755835198
NIFTY,24986.55,1755835199
NIFTY,24986.8,1755835199
NIFTY,24986.9,1755835200
NIFTY,24986.75,1755835200
NIFTY,24986.35,1755835201
NIFTY,24986.25,1755835201
NIFTY,24986.5,1755835202
NIFTY,24985.65,1755835203
NIFTY,24984.8,1755835203
NIFTY,24984.4,1755835204
NIFTY,24984.9,1755835204
NIFTY,24985.05,1755835205
NIFTY,24985.1,1755835205
NIFTY,24985.45,1755835206
NIFTY,24983.6,1755835206
NIFTY,24984,1755835207
NIFTY,24984.25,1755835207
NIFTY,24984.2,1755835208
NIFTY,24983.4,1755835208
NIFTY,24985,1755835209
NIFTY,24984.35,1755835209
NIFTY,24984.45,1755835210
NIFTY,24983.95,1755835210
NIFTY,24984.1,1755835211
NIFTY,24983.75,1755835211
NIFTY,24984,1755835212
NIFTY,24983.45,1755835212
NIFTY,24983.3,1755835213
NIFTY,24983.35,1755835213
NIFTY,24983.4,1755835214
NIFTY,24983.1,1755835214
NIFTY,24982.45,1755835215
NIFTY,24983.2,1755835215
NIFTY,24982.4,1755835216
NIFTY,24981.65,1755835216
NIFTY,24981.55,1755835217
NIFTY,24980.5,1755835217
NIFTY,24980.55,1755835218
NIFTY,24980.3,1755835218
NIFTY,24980.1,1755835219
NIFTY,24980.4,1755835219
NIFTY,24980.65,1755835220
NIFTY,24980.55,1755835220
NIFTY,24980.4,1755835221
NIFTY,24980.25,1755835221
NIFTY,24980.9,1755835222
NIFTY,24980.75,1755835222
NIFTY,24980.65,1755835223
NIFTY,24980.2,1755835223
NIFTY,24979.5,1755835224
NIFTY,24979.05,1755835224
NIFTY,24979.1,1755835225
NIFTY,24979.75,1755835225
NIFTY,24979.7,1755835226
NIFTY,24980.3,1755835227
NIFTY,24979.6,1755835227
NIFTY,24979.2,1755835228
NIFTY,24980.1,1755835228
NIFTY,24980.6,1755835229
NIFTY,24981.05,1755835229
NIFTY,24981.25,1755835230
NIFTY,24981.3,1755835230
NIFTY,24981.6,1755835231
NIFTY,24980.6,1755835231
NIFTY,24981.1,1755835232
NIFTY,24982.35,1755835232
NIFTY,24982.4,1755835233
NIFTY,24982.75,1755835234
NIFTY,24982.1,1755835234
NIFTY,24981.95,1755835235
NIFTY,24982.05,1755835235
NIFTY,24981.35,1755835236
NIFTY,24981.3,1755835236
NIFTY,24981.85,1755835237
NIFTY,24980.95,1755835237
NIFTY,24981.3,1755835238
NIFTY,24981.25,1755835238
NIFTY,24981.05,1755835239
NIFTY,24981.35,1755835240
NIFTY,24981.55,1755835240
NIFTY,24981.05,1755835241
NIFTY,24980.4,1755835241
NIFTY,24980.15,1755835242
NIFTY,24980.2,1755835242
NIFTY,24980.3,1755835243
NIFTY,24980.45,1755835243
NIFTY,24980.85,1755835244
NIFTY,24980.3,1755835244
NIFTY,24980.5,1755835245
NIFTY,24980.15,1755835245
NIFTY,24980.3,1755835246
NIFTY,24980.5,1755835246
NIFTY,24980.6,1755835247
NIFTY,24981.75,1755835248
NIFTY,24981.8,1755835249
NIFTY,24981.9,1755835249
NIFTY,24982.45,1755835250
NIFTY,24982.7,1755835250
NIFTY,24982.65,1755835251
NIFTY,24982.55,1755835251
NIFTY,24982.65,1755835252
NIFTY,24981.45,1755835252
NIFTY,24981.9,1755835253
NIFTY,24981.55,1755835253
NIFTY,24981.1,1755835254
NIFTY,24981.3,1755835254
NIFTY,24981.15,1755835255
NIFTY,24981.5,1755835255
NIFTY,24981.95,1755835256
NIFTY,24982.1,1755835256
NIFTY,24981.45,1755835257
NIFTY,24981.8,1755835257
NIFTY,24980.95,1755835258
NIFTY,24981.6,1755835258
NIFTY,24980.75,1755835259
NIFTY,24978.2,1755835260
NIFTY,24977.4,1755835260
NIFTY,24977.65,1755835261
NIFTY,24976.85,1755835261
NIFTY,24976.8,1755835262
NIFTY,24976.05,1755835262
NIFTY,24975.7,1755835263
NIFTY,24971.15,1755835263
NIFTY,24972.15,1755835264
NIFTY,24972.75,1755835264
NIFTY,24972.2,1755835265
NIFTY,24973.05,1755835265
NIFTY,24972.3,1755835266
NIFTY,24972.15,1755835266
NIFTY,24972.05,1755835267
NIFTY,24971.9,1755835267
NIFTY,24970.65,1755835268
NIFTY,24969.15,1755835268
NIFTY,24968.45,1755835269
NIFTY,24967.55,1755835269
NIFTY,24967.05,1755835270
NIFTY,24966.8,1755835270
NIFTY,24967.05,1755835271
NIFTY,24966.5,1755835271
NIFTY,24966.3,1755835272
NIFTY,24966.45,1755835272
NIFTY,24966.25,1755835273
NIFTY,24966.35,1755835273
NIFTY,24965.45,1755835274
NIFTY,24965.35,1755835274
NIFTY,24965.6,1755835275
NIFTY,24966.15,1755835275
NIFTY,24965.4,1755835276
NIFTY,24965.15,1755835276
NIFTY,24965.75,1755835277
NIFTY,24966.4,1755835277
NIFTY,24965.65,1755835278
NIFTY,24965.8,1755835278
NIFTY,24966.25,1755835279
NIFTY,24965.05,1755835279
NIFTY,24964.65,1755835280
NIFTY,24966,1755835280
NIFTY,24964.75,1755835281
NIFTY,24965.5,1755835281
NIFTY,24965.6,1755835282
NIFTY,24965.05,1755835282
NIFTY,24964.9,1755835283
NIFTY,24964.75,1755835283
NIFTY,24964.45,1755835284
NIFTY,24964.7,1755835284
NIFTY,24960.15,1755835285
NIFTY,24961.65,1755835285
NIFTY,24962.95,1755835286
NIFTY,24962.55,1755835286
NIFTY,24962.5,1755835287
NIFTY,24962.2,1755835287
NIFTY,24963.3,1755835288
NIFTY,24963.9,1755835288
NIFTY,24964.1,1755835289
NIFTY,24963.9,1755835289
NIFTY,24962.85,1755835290
NIFTY,24961.6,1755835290
NIFTY,24961.8,1755835291
NIFTY,24962.7,1755835291
NIFTY,24962.9,1755835292
NIFTY,24962.4,1755835292
NIFTY,24962.55,1755835293
NIFTY,24961.7,1755835293
NIFTY,24960.05,1755835294
NIFTY,24960.15,1755835294
NIFTY,24960.35,1755835295
NIFTY,24960.55,1755835295
NIFTY,24961.45,1755835296
NIFTY,24960.6,1755835296
NIFTY,24960.4,1755835297
NIFTY,24960.8,1755835298
NIFTY,24961.35,1755835298
NIFTY,24961.05,1755835299
NIFTY,24960.85,1755835299
NIFTY,24960.6,1755835300
NIFTY,24961.85,1755835301
NIFTY,24961.35,1755835302
NIFTY,24960.55,1755835302
NIFTY,24960.6,1755835303
NIFTY,24961.75,1755835303
NIFTY,24961.35,1755835304
NIFTY,24961.5,1755835304
NIFTY,24962.35,1755835305
NIFTY,24962.9,1755835305
NIFTY,24963.7,1755835306
NIFTY,24963.25,1755835306
NIFTY,24962.15,1755835307
NIFTY,24961.95,1755835307
NIFTY,24962.6,1755835308
NIFTY,24962.25,1755835308
NIFTY,24962.35,1755835309
NIFTY,24961.75,1755835309
NIFTY,24962.45,1755835310
NIFTY,24963.15,1755835310
NIFTY,24963.6,1755835311
NIFTY,24963.45,1755835311
NIFTY,24963.25,1755835312
NIFTY,24963.5,1755835312
NIFTY,24962.7,1755835313
NIFTY,24962.95,1755835313
NIFTY,24962.55,1755835314
NIFTY,24962.35,1755835315
NIFTY,24962.8,1755835315
NIFTY,24961.85,1755835316
NIFTY,24962,1755835317
NIFTY,24961.7,1755835317
NIFTY,24961.35,1755835318
NIFTY,24960.55,1755835318
NIFTY,24961.1,1755835319
NIFTY,24960.65,1755835319
NIFTY,24955.9,1755835320
NIFTY,24955.5,1755835320
NIFTY,24953.5,1755835321
NIFTY,24953.75,1755835321
NIFTY,24955.25,1755835322
NIFTY,24955.5,1755835322
NIFTY,24956.3,1755835323
NIFTY,24956.05,1755835323
NIFTY,24956.25,1755835324
NIFTY,24956.45,1755835324
NIFTY,24955.95,1755835325
NIFTY,24956.4,1755835325
NIFTY,24957.3,1755835326
NIFTY,24957.4,1755835326
NIFTY,24957.15,1755835327
NIFTY,24957,1755835327
NIFTY,24954.65,1755835328
NIFTY,24954.05,1755835328
NIFTY,24954.55,1755835329
NIFTY,24955.3,1755835329
NIFTY,24955.1,1755835330
NIFTY,24955.35,1755835330
NIFTY,24955.9,1755835331
NIFTY,24956.4,1755835331
NIFTY,24956.15,1755835332
NIFTY,24955.95,1755835332
NIFTY,24956.75,1755835333
NIFTY,24957,1755835333
NIFTY,24957.15,1755835334
NIFTY,24956.95,1755835334
NIFTY,24956.9,1755835335
NIFTY,24956.5,1755835335
NIFTY,24956.15,1755835336
NIFTY,24955.7,1755835336
NIFTY,24956.9,1755835337
NIFTY,24956.4,1755835337
NIFTY,24956.3,1755835338
NIFTY,24956.85,1755835338
NIFTY,24957.25,1755835339
NIFTY,24957.2,1755835339
NIFTY,24956.7,1755835340
NIFTY,24957.2,1755835340
NIFTY,24957.8,1755835341
NIFTY,24957.95,1755835341
NIFTY,24956.85,1755835342
NIFTY,24956.35,1755835342
NIFTY,24955.95,1755835343
NIFTY,24956.55,1755835343
NIFTY,24956.1,1755835344
NIFTY,24956.2,1755835344
NIFTY,24956.4,1755835345
NIFTY,24956.95,1755835345
NIFTY,24955.95,1755835346
NIFTY,24954.9,1755835346
NIFTY,24955.8,1755835347
NIFTY,24955.6,1755835347
NIFTY,24955.75,1755835348
NIFTY,24956.15,1755835348
NIFTY,24956.3,1755835349
NIFTY,24955.4,1755835349
NIFTY,24955.2,1755835350
NIFTY,24954.3,1755835350
NIFTY,24954.9,1755835351
NIFTY,24954.25,1755835351
NIFTY,24955.75,1755835352
NIFTY,24955,1755835352
NIFTY,24953.45,1755835353
NIFTY,24953.1,1755835353
NIFTY,24953.05,1755835354
NIFTY,24952.6,1755835354
NIFTY,24953.45,1755835355
NIFTY,24952.3,1755835355
NIFTY,24952.6,1755835356
NIFTY,24953.2,1755835356
NIFTY,24953.35,1755835357
NIFTY,24953.8,1755835357
NIFTY,24953.55,1755835358
NIFTY,24954.1,1755835358
NIFTY,24954.5,1755835359
NIFTY,24955.2,1755835359
NIFTY,24955.1,1755835360
NIFTY,24955.25,1755835360
NIFTY,24954.8,1755835361
NIFTY,24955.05,1755835361
NIFTY,24955.2,1755835362
NIFTY,24955.95,1755835362
NIFTY,24955.85,1755835363
NIFTY,24955.8,1755835363
NIFTY,24955.5,1755835364
NIFTY,24955.7,1755835365
NIFTY,24955.9,1755835365
NIFTY,24956,1755835366
NIFTY,24956.85,1755835366
NIFTY,24957.95,1755835367
NIFTY,24956.75,1755835367
NIFTY,24957.15,1755835368
NIFTY,24957.75,1755835369
NIFTY,24958.15,1755835369
NIFTY,24959.25,1755835370
NIFTY,24958.85,1755835370
NIFTY,24958.7,1755835371
NIFTY,24957.9,1755835371
NIFTY,24957.85,1755835372
NIFTY,24957.35,1755835372
NIFTY,24957.7,1755835373
NIFTY,24957.85,1755835373
NIFTY,24957.95,1755835374
NIFTY,24958.05,1755835374
NIFTY,24958.2,1755835375
NIFTY,24957.45,1755835375
NIFTY,24957.1,1755835376
NIFTY,24957.3,1755835377
NIFTY,24957.55,1755835377
NIFTY,24957.6,1755835378
NIFTY,24957.9,1755835378
NIFTY,24957,1755835379
NIFTY,24956.85,1755835379
NIFTY,24957.45,1755835380
NIFTY,24958.25,1755835380
NIFTY,24957.65,1755835381
NIFTY,24958.25,1755835382
NIFTY,24957.4,1755835382
NIFTY,24957.15,1755835383
NIFTY,24958.45,1755835383
NIFTY,24957.45,1755835384
NIFTY,24957.9,1755835384
NIFTY,24957.65,1755835385
NIFTY,24958.1,1755835385
NIFTY,24957.75,1755835386
NIFTY,24958.25,1755835386
NIFTY,24958.4,1755835387
NIFTY,24957.25,1755835387
NIFTY,24958,1755835388
NIFTY,24957.35,1755835388
NIFTY,24956.9,1755835389
NIFTY,24956.35,1755835389
NIFTY,24955.5,1755835390
NIFTY,24955.35,1755835390
NIFTY,24954.95,1755835391
NIFTY,24954.8,1755835391
NIFTY,24954.85,1755835392
NIFTY,24955.2,1755835392
NIFTY,24955.5,1755835393
NIFTY,24955.8,1755835393
NIFTY,24956.2,1755835394
NIFTY,24956.45,1755835394
NIFTY,24955.75,1755835395
NIFTY,24956.3,1755835395
NIFTY,24956.55,1755835396
NIFTY,24956.1,1755835396
NIFTY,24956.35,1755835397
NIFTY,24957,1755835397
NIFTY,24957.05,1755835398
NIFTY,24956.65,1755835398
NIFTY,24956.1,1755835399
NIFTY,24956.55,1755835399
NIFTY,24956.45,1755835400
NIFTY,24956.3,1755835400
NIFTY,24957.2,1755835401
NIFTY,24957.1,1755835401
NIFTY,24957.55,1755835402
NIFTY,24957.4,1755835402
NIFTY,24958.25,1755835403
NIFTY,24958.4,1755835403
NIFTY,24958.3,1755835404
NIFTY,24957.35,1755835404
NIFTY,24958.05,1755835405
NIFTY,24957.25,1755835406
NIFTY,24957.05,1755835406
NIFTY,24957.8,1755835407
NIFTY,24957.1,1755835407
NIFTY,24956.8,1755835408
NIFTY,24955.9,1755835408
NIFTY,24956.6,1755835409
NIFTY,24956.65,1755835409
NIFTY,24956.1,1755835410
NIFTY,24955.65,1755835410
NIFTY,24956.15,1755835411
NIFTY,24954.95,1755835411
NIFTY,24954.85,1755835412
NIFTY,24954.95,1755835412
NIFTY,24955.55,1755835413
NIFTY,24957.6,1755835413
NIFTY,24956.4,1755835414
NIFTY,24954.6,1755835414
NIFTY,24955.25,1755835415
NIFTY,24955.4,1755835415
NIFTY,24955.25,1755835416
NIFTY,24955.45,1755835416
NIFTY,24956.1,1755835417
NIFTY,24955.3,1755835417
NIFTY,24955.65,1755835418
NIFTY,24956.8,1755835418
NIFTY,24957.1,1755835419
NIFTY,24956.25,1755835419
NIFTY,24956.05,1755835420
NIFTY,24955.9,1755835420
NIFTY,24955.3,1755835421
NIFTY,24954.8,1755835422
NIFTY,24955.65,1755835422
NIFTY,24954.2,1755835423
NIFTY,24955.1,1755835423
NIFTY,24953.9,1755835424
NIFTY,24954.25,1755835424
NIFTY,24953.75,1755835425
NIFTY,24952.7,1755835425
NIFTY,24953,1755835426
NIFTY,24953.15,1755835426
NIFTY,24952.8,1755835427
NIFTY,24952.7,1755835427
NIFTY,24953.1,1755835428
NIFTY,24953.4,1755835428
NIFTY,24953.35,1755835429
NIFTY,24953.2,1755835429
NIFTY,24953.25,1755835430
NIFTY,24953.75,1755835430
NIFTY,24953.35,1755835431
NIFTY,24953.15,1755835431
NIFTY,24953.75,1755835432
NIFTY,24953.45,1755835432
NIFTY,24952.1,1755835433
NIFTY,24951.85,1755835433
NIFTY,24952.8,1755835434
NIFTY,24951.85,1755835434
NIFTY,24954.1,1755835435
NIFTY,24955.05,1755835435
NIFTY,24954.7,1755835436
NIFTY,24954.75,1755835436
NIFTY,24953.25,1755835437
NIFTY,24952.25,1755835437
NIFTY,24952.4,1755835438
NIFTY,24952.5,1755835438
NIFTY,24954.3,1755835439
NIFTY,24954,1755835440
NIFTY,24953.55,1755835440
NIFTY,24952.65,1755835441
NIFTY,24953.8,1755835441
NIFTY,24953.4,1755835442
NIFTY,24953.45,1755835442
NIFTY,24952.85,1755835443
NIFTY,24952.75,1755835444
NIFTY,24953.55,1755835444
NIFTY,24954.15,1755835445
NIFTY,24953.9,1755835445
NIFTY,24954.2,1755835446
NIFTY,24952.85,1755835446
NIFTY,24953.6,1755835447
NIFTY,24953.55,1755835447
NIFTY,24953.95,1755835448
NIFTY,24952.55,1755835448
NIFTY,24952.85,1755835449
NIFTY,24952.25,1755835449
NIFTY,24952.2,1755835450
NIFTY,24951.7,1755835450
NIFTY,24951,1755835451
NIFTY,24951.5,1755835451
NIFTY,24951,1755835452
NIFTY,24952.4,1755835452
NIFTY,24952.5,1755835453
NIFTY,24951.95,1755835453
NIFTY,24951.2,1755835454
NIFTY,24951.65,1755835454
NIFTY,24951.85,1755835455
NIFTY,24952.05,1755835455
NIFTY,24952.7,1755835456
NIFTY,24953.5,1755835456
NIFTY,24953.4,1755835457
NIFTY,24955.15,1755835457
NIFTY,24955.55,1755835458
NIFTY,24954.35,1755835458
NIFTY,24953.45,1755835459
NIFTY,24954.1,1755835459
NIFTY,24954.45,1755835460
NIFTY,24955.4,1755835460
NIFTY,24955.95,1755835461
NIFTY,24955.45,1755835462
NIFTY,24954.5,1755835462
NIFTY,24955.3,1755835463
NIFTY,24955.55,1755835463
NIFTY,24956.4,1755835464
NIFTY,24954.9,1755835464
NIFTY,24954.7,1755835465
NIFTY,24955.3,1755835465
NIFTY,24954.5,1755835466
NIFTY,24955.3,1755835466
NIFTY,24955.45,1755835467
NIFTY,24954.65,1755835467
NIFTY,24955.55,1755835468
NIFTY,24955.85,1755835468
NIFTY,24957.05,1755835469
NIFTY,24956.45,1755835469
NIFTY,24956.55,1755835470
NIFTY,24956.8,1755835470
NIFTY,24957.05,1755835471
NIFTY,24957.75,1755835471
NIFTY,24957.8,1755835472
NIFTY,24958.3,1755835472
NIFTY,24957.9,1755835473
NIFTY,24957.75,1755835473
NIFTY,24957.85,1755835474
NIFTY,24957.95,1755835474
NIFTY,24958,1755835475
NIFTY,24957.9,1755835475
NIFTY,24957.5,1755835476
NIFTY,24957.25,1755835476
NIFTY,24957,1755835477
NIFTY,24956.85,1755835477
NIFTY,24956.8,1755835478
NIFTY,24957.15,1755835478
NIFTY,24957.65,1755835479
NIFTY,24957.4,1755835479
NIFTY,24958.65,1755835480
NIFTY,24958.75,1755835480
NIFTY,24960.1,1755835481
NIFTY,24960.3,1755835481
NIFTY,24960,1755835482
NIFTY,24959.85,1755835482
NIFTY,24959.5,1755835483
NIFTY,24959.75,1755835483
NIFTY,24959.95,1755835484
NIFTY,24960.35,1755835484
NIFTY,24960.6,1755835485
NIFTY,24960.8,1755835485
NIFTY,24960.85,1755835486
NIFTY,24960.8,1755835486
NIFTY,24960.95,1755835487
NIFTY,24961.2,1755835487
NIFTY,24961.65,1755835488
NIFTY,24962,1755835488
NIFTY,24962.2,1755835489
NIFTY,24962.7,1755835489
NIFTY,24962.8,1755835490
NIFTY,24962.55,1755835490
NIFTY,24963.1,1755835491
NIFTY,24963,1755835491
NIFTY,24962.65,1755835492
NIFTY,24964,1755835492
NIFTY,24964.45,1755835493
NIFTY,24963.75,1755835493
NIFTY,24964.05,1755835494
NIFTY,24964,1755835494
NIFTY,24964.65,1755835495
NIFTY,24964.9,1755835495
NIFTY,24965.2,1755835496
NIFTY,24965.05,1755835496
NIFTY,24964.55,1755835497
NIFTY,24964.1,1755835497
NIFTY,24964.85,1755835498
NIFTY,24964.3,1755835498
NIFTY,24964.9,1755835499
NIFTY,24964.5,1755835499
NIFTY,24965.05,1755835500
NIFTY,24965.25,1755835501
NIFTY,24964.4,1755835501
NIFTY,24963.9,1755835502
NIFTY,24964.85,1755835502
NIFTY,24963.5,1755835503
NIFTY,24963.1,1755835503
NIFTY,24962.8,1755835504
NIFTY,24963.15,1755835505
NIFTY,24963.05,1755835505
NIFTY,24962.85,1755835506
NIFTY,24962.35,1755835506
NIFTY,24962.55,1755835507
NIFTY,24962.95,1755835508
NIFTY,24962,1755835508
NIFTY,24963.2,1755835509
NIFTY,24962.85,1755835509
NIFTY,24963.15,1755835510
NIFTY,24963.4,1755835510
NIFTY,24963.75,1755835511
NIFTY,24964.25,1755835511
NIFTY,24963.45,1755835512
NIFTY,24963.6,1755835512
NIFTY,24964.45,1755835513
NIFTY,24964.85,1755835513
NIFTY,24965.1,1755835514
NIFTY,24965.3,1755835514
NIFTY,24965,1755835515
NIFTY,24965.15,1755835515
NIFTY,24964.85,1755835516
NIFTY,24964.8,1755835516
NIFTY,24965.65,1755835517
NIFTY,24966.95,1755835517
NIFTY,24966.6,1755835518
NIFTY,24965.15,1755835518
NIFTY,24965.05,1755835519
NIFTY,24965.45,1755835519
NIFTY,24965.6,1755835520
NIFTY,24965.9,1755835520
NIFTY,24966.15,1755835521
NIFTY,24966.25,1755835521
NIFTY,24966.65,1755835522
NIFTY,24965.95,1755835522
NIFTY,24965.3,1755835523
NIFTY,24966.55,1755835523
NIFTY,24967.3,1755835524
NIFTY,24967.15,1755835524
NIFTY,24967.75,1755835525
NIFTY,24967.55,1755835525
NIFTY,24967.35,1755835526
NIFTY,24967.8,1755835526
NIFTY,24967.75,1755835527
NIFTY,24967.6,1755835527
NIFTY,24967.95,1755835528
NIFTY,24967.45,1755835528
NIFTY,24967.9,1755835529
NIFTY,24968.35,1755835529
NIFTY,24967.35,1755835530
NIFTY,24967.15,1755835530
NIFTY,24967.45,1755835531
NIFTY,24967.3,1755835531
NIFTY,24967.25,1755835532
NIFTY,24967.9,1755835532
NIFTY,24967.5,1755835533
NIFTY,24967.7,1755835533
NIFTY,24967.25,1755835534
NIFTY,24967.2,1755835534
NIFTY,24966.85,1755835535
NIFTY,24966.65,1755835535
NIFTY,24966.85,1755835536
NIFTY,24967,1755835536
NIFTY,24966.75,1755835537
NIFTY,24967,1755835537
NIFTY,24967.3,1755835538
NIFTY,24967.4,1755835538
NIFTY,24967.3,1755835539
NIFTY,24967,1755835539
NIFTY,24967.2,1755835540
NIFTY,24966.95,1755835540
NIFTY,24967.1,1755835541
NIFTY,24966.55,1755835541
NIFTY,24966.1,1755835542
NIFTY,24966,1755835542
NIFTY,24966.2,1755835543
NIFTY,24965.2,1755835543
NIFTY,24966.05,1755835544
NIFTY,24966.3,1755835544
NIFTY,24965.9,1755835545
NIFTY,24966.1,1755835545
NIFTY,24966.65,1755835546
NIFTY,24966.15,1755835547
NIFTY,24966.2,1755835548
NIFTY,24966.3,1755835548
NIFTY,24966.4,1755835549
NIFTY,24966.25,1755835549
NIFTY,24966.15,1755835550
NIFTY,24966.95,1755835550
NIFTY,24967.15,1755835551
NIFTY,24966.6,1755835552
NIFTY,24966.95,1755835552
NIFTY,24967,1755835553
NIFTY,24967.15,1755835553
NIFTY,24966.8,1755835554
NIFTY,24966.6,1755835554
NIFTY,24967.25,1755835555
NIFTY,24968.2,1755835555
NIFTY,24967.05,1755835556
NIFTY,24966,1755835556
NIFTY,24966.4,1755835557
NIFTY,24966.05,1755835557
NIFTY,24966,1755835558
NIFTY,24966.2,1755835558
NIFTY,24967.7,1755835559
NIFTY,24967.65,1755835559
NIFTY,24966.75,1755835560
NIFTY,24967.3,1755835560
NIFTY,24968,1755835561
NIFTY,24968.05,1755835561
NIFTY,24967.55,1755835562
NIFTY,24966.75,1755835562
NIFTY,24965.6,1755835563
NIFTY,24963.95,1755835563
NIFTY,24962.25,1755835564
NIFTY,24962.1,1755835564
NIFTY,24961.35,1755835565
NIFTY,24961.3,1755835565
NIFTY,24960.3,1755835566
NIFTY,24959.6,1755835566
NIFTY,24959.55,1755835567
NIFTY,24959.3,1755835568
NIFTY,24960,1755835568
NIFTY,24960.3,1755835569
NIFTY,24959,1755835569
NIFTY,24959.95,1755835570
NIFTY,24960.25,1755835570
NIFTY,24959.2,1755835571
NIFTY,24959.35,1755835571
NIFTY,24960.4,1755835572
NIFTY,24958.95,1755835572
NIFTY,24958.9,1755835573
NIFTY,24956.75,1755835573
NIFTY,24957.65,1755835574
NIFTY,24956.15,1755835574
NIFTY,24956.25,1755835575
NIFTY,24956.7,1755835575
NIFTY,24957.05,1755835576
NIFTY,24957.7,1755835576
NIFTY,24959.05,1755835577
NIFTY,24958.65,1755835577
NIFTY,24958.8,1755835578
NIFTY,24958.95,1755835578
NIFTY,24959.15,1755835579
NIFTY,24958.35,1755835579
NIFTY,24958.8,1755835580
NIFTY,24959.15,1755835580
NIFTY,24958.8,1755835581
NIFTY,24959.45,1755835581
NIFTY,24958.65,1755835582
NIFTY,24958.7,1755835582
NIFTY,24958.95,1755835583
NIFTY,24959.1,1755835583
NIFTY,24959.9,1755835584
NIFTY,24959.6,1755835584
NIFTY,24959.85,1755835585
NIFTY,24959.95,1755835585
NIFTY,24959.9,1755835586
NIFTY,24959.85,1755835586
NIFTY,24960.7,1755835587
NIFTY,24960.2,1755835587
NIFTY,24960.75,1755835588
NIFTY,24960.5,1755835588
NIFTY,24961.45,1755835589
NIFTY,24961.5,1755835589
NIFTY,24961.8,1755835590
NIFTY,24962.05,1755835590
NIFTY,24961.35,1755835591
NIFTY,24961.45,1755835591
NIFTY,24962.25,1755835592
NIFTY,24962.45,1755835592
NIFTY,24962.55,1755835593
NIFTY,24961.9,1755835593
NIFTY,24962.05,1755835594
NIFTY,24961.8,1755835595
NIFTY,24961.45,1755835595
NIFTY,24961.5,1755835596
NIFTY,24961.95,1755835596
NIFTY,24962.3,1755835597
NIFTY,24962.1,1755835597
NIFTY,24961.6,1755835598
NIFTY,24960.7,1755835599
NIFTY,24961.1,1755835599
NIFTY,24960.7,1755835600
NIFTY,24960,1755835600
NIFTY,24960.7,1755835601
NIFTY,24961.2,1755835601
NIFTY,24961.3,1755835602
NIFTY,24961.85,1755835602
NIFTY,24962.3,1755835603
NIFTY,24962.65,1755835603
NIFTY,24963.6,1755835604
NIFTY,24965.55,1755835604
NIFTY,24965.6,1755835605
NIFTY,24965.65,1755835605
NIFTY,24964.65,1755835606
NIFTY,24964.8,1755835606
NIFTY,24965.6,1755835607
NIFTY,24965.8,1755835607
NIFTY,24964.1,1755835608
NIFTY,24964.15,1755835608
NIFTY,24964.55,1755835609
NIFTY,24964.5,1755835610
NIFTY,24964.4,1755835610
NIFTY,24965.2,1755835611
NIFTY,24966.1,1755835611
NIFTY,24965.8,1755835612
NIFTY,24966.05,1755835612
NIFTY,24966.55,1755835613
NIFTY,24966.8,1755835613
NIFTY,24966.2,1755835614
NIFTY,24965.9,1755835614
NIFTY,24965.8,1755835615
NIFTY,24966,1755835615
NIFTY,24966.65,1755835616
NIFTY,24966.75,1755835616
NIFTY,24966.6,1755835617
NIFTY,24967.15,1755835617
NIFTY,24967.6,1755835618
NIFTY,24967.3,1755835618
NIFTY,24968,1755835619
NIFTY,24967,1755835619
NIFTY,24967.05,1755835620
NIFTY,24967.3,1755835620
NIFTY,24966.9,1755835621
NIFTY,24967.8,1755835622
NIFTY,24967.45,1755835622
NIFTY,24966.95,1755835623
NIFTY,24966.15,1755835623
NIFTY,24966.2,1755835624
NIFTY,24967.65,1755835624
NIFTY,24966.8,1755835625
NIFTY,24967.1,1755835625
NIFTY,24967.3,1755835626
NIFTY,24966.75,1755835626
NIFTY,24966.65,1755835627
NIFTY,24966.5,1755835627
NIFTY,24966.75,1755835628
NIFTY,24967.05,1755835628
NIFTY,24967.15,1755835629
NIFTY,24967.4,1755835629
NIFTY,24967.25,1755835630
NIFTY,24967.1,1755835630
NIFTY,24967,1755835631
NIFTY,24967.2,1755835631
NIFTY,24967.25,1755835632
NIFTY,24967.5,1755835632
NIFTY,24966.8,1755835633
NIFTY,24966.4,1755835633
NIFTY,24965.75,1755835634
NIFTY,24965.65,1755835634
NIFTY,24964.75,1755835635
NIFTY,24965.8,1755835635
NIFTY,24965.7,1755835636
NIFTY,24965.3,1755835636
NIFTY,24964.9,1755835637
NIFTY,24963.65,1755835637
NIFTY,24965.5,1755835638
NIFTY,24964.65,1755835638
NIFTY,24965.2,1755835639
NIFTY,24965.45,1755835639
NIFTY,24964.7,1755835640
NIFTY,24964.95,1755835640
NIFTY,24965.5,1755835641
NIFTY,24966.1,1755835641
NIFTY,24964.9,1755835642
NIFTY,24965.75,1755835642
NIFTY,24965.65,1755835643
NIFTY,24965.6,1755835643
NIFTY,24964.8,1755835644
NIFTY,24963.65,1755835644
NIFTY,24963.75,1755835645
NIFTY,24964.1,1755835645
NIFTY,24964.95,1755835646
NIFTY,24964,1755835647
NIFTY,24963.9,1755835647
NIFTY,24963.95,1755835648
NIFTY,24964.45,1755835649
NIFTY,24963.45,1755835649
NIFTY,24963.65,1755835650
NIFTY,24964.55,1755835650
NIFTY,24964.75,1755835651
NIFTY,24965.3,1755835651
NIFTY,24964.85,1755835652
NIFTY,24964.55,1755835652
NIFTY,24964.8,1755835653
NIFTY,24964.65,1755835654
NIFTY,24965.25,1755835655
NIFTY,24965.6,1755835655
NIFTY,24964.45,1755835656
NIFTY,24966.1,1755835656
NIFTY,24964.5,1755835657
NIFTY,24964.4,1755835658
NIFTY,24964.75,1755835658
NIFTY,24966.35,1755835659
NIFTY,24966.3,1755835659
NIFTY,24966,1755835660
NIFTY,24967,1755835660
NIFTY,24966.8,1755835661
NIFTY,24966.55,1755835661
NIFTY,24966.2,1755835662
NIFTY,24966.8,1755835662
NIFTY,24966.7,1755835663
NIFTY,24966.35,1755835663
NIFTY,24966.5,1755835664
NIFTY,24966.4,1755835664
NIFTY,24964.95,1755835665
NIFTY,24965.8,1755835665
NIFTY,24964.95,1755835666
NIFTY,24964.6,1755835666
NIFTY,24965.05,1755835667
NIFTY,24965.55,1755835667
NIFTY,24964.65,1755835668
NIFTY,24964.1,1755835668
NIFTY,24963.95,1755835669
NIFTY,24964.35,1755835669
NIFTY,24965.2,1755835670
NIFTY,24964.95,1755835670
NIFTY,24965.55,1755835671
NIFTY,24965.25,1755835671
NIFTY,24964.95,1755835672
NIFTY,24965.2,1755835672
NIFTY,24963.8,1755835673
NIFTY,24964.1,1755835673
NIFTY,24963.25,1755835674
NIFTY,24963.05,1755835674
NIFTY,24962.75,1755835675
NIFTY,24962.7,1755835675
NIFTY,24962.95,1755835676
NIFTY,24962.05,1755835676
NIFTY,24963.4,1755835677
NIFTY,24963.85,1755835677
NIFTY,24963.7,1755835678
NIFTY,24963.35,1755835678
NIFTY,24963.4,1755835679
NIFTY,24963.05,1755835679
NIFTY,24962.1,1755835680
NIFTY,24963.25,1755835680
NIFTY,24963.5,1755835681
NIFTY,24963.65,1755835681
NIFTY,24963.9,1755835682
NIFTY,24963.1,1755835682
NIFTY,24962.6,1755835683
NIFTY,24962.25,1755835684
NIFTY,24963.5,1755835684
NIFTY,24963.4,1755835685
NIFTY,24963.15,1755835685
NIFTY,24962.9,1755835686
NIFTY,24963.15,1755835686
NIFTY,24963.35,1755835687
NIFTY,24963.25,1755835687
NIFTY,24963.15,1755835688
NIFTY,24964.1,1755835688
NIFTY,24964.5,1755835689
NIFTY,24964.9,1755835689
NIFTY,24966.6,1755835690
NIFTY,24966.5,1755835690
NIFTY,24966.6,1755835691
NIFTY,24966.35,1755835691
NIFTY,24965.25,1755835692
NIFTY,24966.15,1755835692
NIFTY,24965.2,1755835693
NIFTY,24965.8,1755835693
NIFTY,24966.1,1755835694
NIFTY,24966,1755835694
NIFTY,24965.85,1755835695
NIFTY,24965.5,1755835695
NIFTY,24965.3,1755835696
NIFTY,24965.5,1755835696
NIFTY,24965.85,1755835697
NIFTY,24966.7,1755835697
NIFTY,24966.25,1755835698
NIFTY,24966.4,1755835699
NIFTY,24966.35,1755835699
NIFTY,24966.25,1755835700
NIFTY,24966.6,1755835700
NIFTY,24966.1,1755835701
NIFTY,24966.15,1755835701
NIFTY,24965.65,1755835702
NIFTY,24965.75,1755835702
NIFTY,24965.8,1755835703
NIFTY,24966,1755835703
NIFTY,24965.9,1755835704
NIFTY,24966,1755835704
NIFTY,24966.05,1755835705
NIFTY,24965.95,1755835705
NIFTY,24966.35,1755835706
NIFTY,24966.45,1755835706
NIFTY,24965.95,1755835707
NIFTY,24965.75,1755835707
NIFTY,24965.05,1755835708
NIFTY,24964.45,1755835708
NIFTY,24965,1755835709
NIFTY,24964.9,1755835709
NIFTY,24965.45,1755835710
NIFTY,24966.65,1755835710
NIFTY,24965.45,1755835711
NIFTY,24965.15,1755835711
NIFTY,24965.95,1755835712
NIFTY,24965.8,1755835712
NIFTY,24965.25,1755835713
NIFTY,24963.75,1755835713
NIFTY,24963.7,1755835714
NIFTY,24965,1755835714
NIFTY,24964.05,1755835715
NIFTY,24963.8,1755835715
NIFTY,24963.1,1755835716
NIFTY,24963.3,1755835716
NIFTY,24963.65,1755835717
NIFTY,24963.8,1755835717
NIFTY,24963.25,1755835718
NIFTY,24964.15,1755835718
NIFTY,24964.2,1755835719
NIFTY,24963.8,1755835719
NIFTY,24963.45,1755835720
NIFTY,24963.6,1755835720
NIFTY,24964.4,1755835721
NIFTY,24964.75,1755835721
NIFTY,24964.85,1755835722
NIFTY,24964.45,1755835722
NIFTY,24965.2,1755835723
NIFTY,24964.7,1755835724
NIFTY,24964.95,1755835725
NIFTY,24964.55,1755835725
NIFTY,24964.3,1755835726
NIFTY,24964.1,1755835726
NIFTY,24964.4,1755835727
NIFTY,24964.55,1755835727
NIFTY,24964.8,1755835728
NIFTY,24964.35,1755835728
NIFTY,24964.4,1755835729
NIFTY,24964.9,1755835729
NIFTY,24965.05,1755835730
NIFTY,24964.95,1755835730
NIFTY,24964.65,1755835731
NIFTY,24964.05,1755835731
NIFTY,24964.3,1755835732
NIFTY,24964.1,1755835732
NIFTY,24964.65,1755835733
NIFTY,24964.3,1755835733
NIFTY,24963,1755835734
NIFTY,24963.25,1755835734
NIFTY,24963.4,1755835735
NIFTY,24964.5,1755835735
NIFTY,24964.45,1755835736
NIFTY,24963.65,1755835736
NIFTY,24960.15,1755835737
NIFTY,24960.7,1755835737
NIFTY,24961.45,1755835738
NIFTY,24959.7,1755835738
NIFTY,24960.25,1755835739
NIFTY,24960.1,1755835739
NIFTY,24959.75,1755835740
NIFTY,24961.5,1755835740
NIFTY,24960.9,1755835741
NIFTY,24961.7,1755835741
NIFTY,24962.6,1755835742
NIFTY,24961.95,1755835742
NIFTY,24961.2,1755835743
NIFTY,24963.45,1755835743
NIFTY,24963.75,1755835744
NIFTY,24964.75,1755835745
NIFTY,24964.3,1755835745
NIFTY,24964.25,1755835746
NIFTY,24965.35,1755835746
NIFTY,24964.95,1755835747
NIFTY,24965.75,1755835747
NIFTY,24966.05,1755835748
NIFTY,24966.9,1755835748
NIFTY,24966.05,1755835749
NIFTY,24966.4,1755835750
NIFTY,24967.5,1755835750
NIFTY,24966,1755835751
NIFTY,24966.05,1755835751
NIFTY,24965.5,1755835752
NIFTY,24965.8,1755835752
NIFTY,24966.75,1755835753
NIFTY,24966,1755835753
NIFTY,24967.4,1755835754
NIFTY,24966.65,1755835755
NIFTY,24966.25,1755835755
NIFTY,24966.1,1755835756
NIFTY,24966.25,1755835756
NIFTY,24965.65,1755835757
NIFTY,24966.1,1755835757
NIFTY,24967.2,1755835758
NIFTY,24967.3,1755835758
NIFTY,24966.6,1755835759
NIFTY,24967.9,1755835759
NIFTY,24967.3,1755835760
NIFTY,24967.25,1755835760
NIFTY,24965,1755835761
NIFTY,24966.3,1755835761
NIFTY,24966.1,1755835762
NIFTY,24965.6,1755835762
NIFTY,24966.2,1755835763
NIFTY,24966.05,1755835763
NIFTY,24966.1,1755835764
NIFTY,24965.25,1755835764
NIFTY,24965.2,1755835765
NIFTY,24964.65,1755835766
NIFTY,24965.75,1755835766
NIFTY,24965.9,1755835767
NIFTY,24965.65,1755835767
NIFTY,24966.55,1755835768
NIFTY,24966.15,1755835768
NIFTY,24965.95,1755835769
NIFTY,24965.65,1755835769
NIFTY,24965.85,1755835770
NIFTY,24965.9,1755835770
NIFTY,24966,1755835771
NIFTY,24965.75,1755835771
NIFTY,24965.4,1755835773
NIFTY,24961.75,1755835773
NIFTY,24963,1755835774
NIFTY,24962.7,1755835774
NIFTY,24962.65,1755835775
NIFTY,24961.45,1755835775
NIFTY,24962.35,1755835776
NIFTY,24962.1,1755835776
NIFTY,24962.4,1755835777
NIFTY,24962.5,1755835777
NIFTY,24962.55,1755835778
NIFTY,24962.35,1755835778
NIFTY,24962.1,1755835779
NIFTY,24961.6,1755835779
NIFTY,24962,1755835780
NIFTY,24961.7,1755835780
NIFTY,24962.5,1755835781
NIFTY,24962.2,1755835781
NIFTY,24962.9,1755835782
NIFTY,24963.05,1755835782
NIFTY,24963.2,1755835783
NIFTY,24962.85,1755835783
NIFTY,24963.35,1755835784
NIFTY,24962.8,1755835784
NIFTY,24962.75,1755835785
NIFTY,24963.4,1755835785
NIFTY,24963.25,1755835786
NIFTY,24962.85,1755835786
NIFTY,24963.35,1755835787
NIFTY,24963.15,1755835787
NIFTY,24963.25,1755835788
NIFTY,24963.55,1755835788
NIFTY,24963.3,1755835789
NIFTY,24963.15,1755835789
NIFTY,24963.05,1755835790
NIFTY,24963.75,1755835790
NIFTY,24963.6,1755835791
NIFTY,24964.5,1755835791
NIFTY,24963.7,1755835792
NIFTY,24964.25,1755835792
NIFTY,24964.6,1755835793
NIFTY,24964.35,1755835793
NIFTY,24964.55,1755835794
NIFTY,24964.2,1755835794
NIFTY,24964.05,1755835795
NIFTY,24964.45,1755835795
NIFTY,24963.85,1755835796
NIFTY,24963.65,1755835796
NIFTY,24963.95,1755835797
NIFTY,24963.2,1755835797
NIFTY,24962.9,1755835798
NIFTY,24962.5,1755835798
NIFTY,24963.25,1755835799
NIFTY,24964.05,1755835799
NIFTY,24963.75,1755835800
NIFTY,24963,1755835800
NIFTY,24963.6,1755835801
NIFTY,24963.4,1755835801
NIFTY,24961.45,1755835802
NIFTY,24961.25,1755835802
NIFTY,24960.95,1755835803
NIFTY,24960.75,1755835803
NIFTY,24960.05,1755835804
NIFTY,24960.55,1755835804
NIFTY,24960.6,1755835805
NIFTY,24960.7,1755835805
NIFTY,24961.75,1755835806
NIFTY,24961.2,1755835806
NIFTY,24960.6,1755835807
NIFTY,24960.15,1755835807
NIFTY,24959,1755835808
NIFTY,24958.8,1755835808
NIFTY,24959.1,1755835809
NIFTY,24959.35,1755835809
NIFTY,24958.65,1755835810
NIFTY,24959,1755835810
NIFTY,24959.05,1755835811
NIFTY,24959.35,1755835811
NIFTY,24959.4,1755835812
NIFTY,24959.8,1755835812
NIFTY,24959.9,1755835813
NIFTY,24959.05,1755835813
NIFTY,24959.25,1755835814
NIFTY,24959.8,1755835814
NIFTY,24960.15,1755835815
NIFTY,24960.35,1755835815
NIFTY,24960.2,1755835816
NIFTY,24960.35,1755835816
NIFTY,24959.8,1755835817
NIFTY,24959.35,1755835817
NIFTY,24959.2,1755835818
NIFTY,24959.7,1755835818
NIFTY,24960.05,1755835819
NIFTY,24960.35,1755835819
NIFTY,24960.7,1755835820
NIFTY,24960.75,1755835820
NIFTY,24960.95,1755835821
NIFTY,24960.7,1755835821
NIFTY,24961.25,1755835822
NIFTY,24961.45,1755835822
NIFTY,24961.25,1755835823
NIFTY,24960.8,1755835823
NIFTY,24961.1,1755835824
NIFTY,24962.65,1755835824
NIFTY,24962.95,1755835825
NIFTY,24961.15,1755835825
NIFTY,24961.9,1755835826
NIFTY,24962.25,1755835826
NIFTY,24962.55,1755835827
NIFTY,24962.4,1755835827
NIFTY,24962.5,1755835828
NIFTY,24962.2,1755835828
NIFTY,24962,1755835829
NIFTY,24962.3,1755835830
NIFTY,24962.25,1755835830
NIFTY,24962.75,1755835831
NIFTY,24962.65,1755835831
NIFTY,24963.05,1755835832
NIFTY,24962.2,1755835832
NIFTY,24962.25,1755835833
NIFTY,24963,1755835833
NIFTY,24962.9,1755835834
NIFTY,24963.05,1755835834
NIFTY,24963.25,1755835835
NIFTY,24963.8,1755835835
NIFTY,24964.45,1755835836
NIFTY,24964.65,1755835836
NIFTY,24964.25,1755835837
NIFTY,24964.6,1755835837
NIFTY,24965.1,1755835838
NIFTY,24964.5,1755835838
NIFTY,24965.25,1755835839
NIFTY,24965,1755835839
NIFTY,24965.6,1755835840
NIFTY,24965.7,1755835840
NIFTY,24964.95,1755835841
NIFTY,24965.1,1755835841
NIFTY,24965.4,1755835842
NIFTY,24965.5,1755835842
NIFTY,24965.65,1755835843
NIFTY,24965.3,1755835843
NIFTY,24965.4,1755835844
NIFTY,24964.95,1755835844
NIFTY,24965.95,1755835845
NIFTY,24965.55,1755835845
NIFTY,24965.2,1755835846
NIFTY,24966.3,1755835846
NIFTY,24965.3,1755835847
NIFTY,24965.05,1755835847
NIFTY,24964.6,1755835848
NIFTY,24964.7,1755835848
NIFTY,24964.35,1755835849
NIFTY,24964,1755835849
NIFTY,24964.2,1755835850
NIFTY,24964.75,1755835850
NIFTY,24966.2,1755835851
NIFTY,24966.1,1755835851
NIFTY,24966.7,1755835852
NIFTY,24966.85,1755835853
NIFTY,24967.1,1755835853
NIFTY,24967.15,1755835854
NIFTY,24967.45,1755835854
NIFTY,24967.4,1755835855
NIFTY,24968.1,1755835855
NIFTY,24966.9,1755835856
NIFTY,24966.95,1755835856
NIFTY,24966.35,1755835857
NIFTY,24967.7,1755835857
NIFTY,24967.6,1755835858
NIFTY,24967.45,1755835858
NIFTY,24967.3,1755835859
NIFTY,24967.4,1755835859
NIFTY,24967.35,1755835860
NIFTY,24967.5,1755835860
NIFTY,24966.55,1755835861
NIFTY,24966.85,1755835861
NIFTY,24966.55,1755835862
NIFTY,24967.25,1755835862
NIFTY,24967,1755835863
NIFTY,24967.35,1755835863
NIFTY,24967.95,1755835864
NIFTY,24967.8,1755835865
NIFTY,24967.85,1755835865
NIFTY,24967.15,1755835866
NIFTY,24967.55,1755835866
NIFTY,24967.4,1755835867
NIFTY,24967.6,1755835867
NIFTY,24967.7,1755835868
NIFTY,24966.95,1755835868
NIFTY,24967.2,1755835869
NIFTY,24967.85,1755835869
NIFTY,24968.1,1755835870
NIFTY,24968.2,1755835870
NIFTY,24968.1,1755835871
NIFTY,24968.15,1755835871
NIFTY,24968.25,1755835872
NIFTY,24968.4,1755835872
NIFTY,24968.45,1755835873
NIFTY,24968,1755835873
NIFTY,24967.75,1755835874
NIFTY,24967.65,1755835874
NIFTY,24967.7,1755835875
NIFTY,24967.35,1755835875
NIFTY,24967.15,1755835876
NIFTY,24967.45,1755835876
NIFTY,24967.55,1755835878
NIFTY,24967.65,1755835878
NIFTY,24967.85,1755835879
NIFTY,24967.75,1755835879
NIFTY,24967.65,1755835880
NIFTY,24967.8,1755835880
NIFTY,24968.35,1755835881
NIFTY,24968,1755835881
NIFTY,24968.25,1755835882
NIFTY,24968.3,1755835882
NIFTY,24968.95,1755835883
NIFTY,24968.8,1755835883
NIFTY,24969.15,1755835884
NIFTY,24969.05,1755835884
NIFTY,24968.95,1755835885
NIFTY,24969.45,1755835885
NIFTY,24969.95,1755835886
NIFTY,24970.3,1755835886
NIFTY,24970.6,1755835887
NIFTY,24970.45,1755835887
NIFTY,24970.55,1755835888
NIFTY,24969.95,1755835888
NIFTY,24969.8,1755835889
NIFTY,24969.45,1755835889
NIFTY,24971.4,1755835890
NIFTY,24970.8,1755835890
NIFTY,24971.7,1755835891
NIFTY,24971.15,1755835891
NIFTY,24971.35,1755835892
NIFTY,24971.55,1755835892
NIFTY,24971.85,1755835893
NIFTY,24972.35,1755835893
NIFTY,24972.05,1755835894
NIFTY,24971.8,1755835894
NIFTY,24972.4,1755835895
NIFTY,24972.1,1755835895
NIFTY,24971.9,1755835896
NIFTY,24973.5,1755835896
NIFTY,24972.9,1755835897
NIFTY,24973.55,1755835897
NIFTY,24973.4,1755835898
NIFTY,24973,1755835898
NIFTY,24973.25,1755835899
NIFTY,24972.75,1755835899
NIFTY,24972.6,1755835900
NIFTY,24973.6,1755835901
NIFTY,24972.8,1755835901
NIFTY,24972.3,1755835902
NIFTY,24972.85,1755835902
NIFTY,24972.4,1755835903
NIFTY,24972.35,1755835903
NIFTY,24972.55,1755835904
NIFTY,24972.9,1755835904
NIFTY,24973.5,1755835905
NIFTY,24973.9,1755835905
NIFTY,24974.25,1755835906
NIFTY,24973.35,1755835906
NIFTY,24973.5,1755835907
NIFTY,24974.2,1755835907
NIFTY,24974.5,1755835908
NIFTY,24973.7,1755835908
NIFTY,24973.2,1755835909
NIFTY,24972.95,1755835909
NIFTY,24973.15,1755835910
NIFTY,24973.55,1755835910
NIFTY,24973.8,1755835911
NIFTY,24973.7,1755835911
NIFTY,24973.6,1755835912
NIFTY,24973.65,1755835913
NIFTY,24973.35,1755835913
NIFTY,24973.75,1755835914
NIFTY,24973,1755835914
NIFTY,24973.3,1755835915
NIFTY,24973.35,1755835916
NIFTY,24973.7,1755835916
NIFTY,24973.75,1755835917
NIFTY,24973.6,1755835917
NIFTY,24973.8,1755835918
NIFTY,24973.6,1755835919
NIFTY,24973.1,1755835919
NIFTY,24973.05,1755835920
NIFTY,24973.35,1755835920
NIFTY,24973.5,1755835921
NIFTY,24973.7,1755835921
NIFTY,24974.15,1755835922
NIFTY,24974.7,1755835922
NIFTY,24974.5,1755835923
NIFTY,24975.7,1755835923
NIFTY,24974.45,1755835924
NIFTY,24974.8,1755835924
NIFTY,24974.7,1755835925
NIFTY,24974.25,1755835926
NIFTY,24974.7,1755835926
NIFTY,24974.4,1755835927
NIFTY,24973.85,1755835927
NIFTY,24974.3,1755835928
NIFTY,24974.7,1755835928
NIFTY,24974.65,1755835929
NIFTY,24974.75,1755835929
NIFTY,24974.5,1755835930
NIFTY,24974.6,1755835930
NIFTY,24973.3,1755835931
NIFTY,24973.9,1755835931
NIFTY,24974.3,1755835932
NIFTY,24974.4,1755835932
NIFTY,24974,1755835933
NIFTY,24974.05,1755835933
NIFTY,24974.45,1755835934
NIFTY,24974.7,1755835935
NIFTY,24973.65,1755835936
NIFTY,24974.2,1755835936
NIFTY,24974.25,1755835937
NIFTY,24974.4,1755835938
NIFTY,24974.1,1755835939
NIFTY,24973.45,1755835939
NIFTY,24973.5,1755835940
NIFTY,24973.2,1755835940
NIFTY,24973.25,1755835941
NIFTY,24973.1,1755835941
NIFTY,24972.8,1755835942
NIFTY,24973.2,1755835942
NIFTY,24973.3,1755835943
NIFTY,24973.35,1755835943
NIFTY,24972.5,1755835944
NIFTY,24972.6,1755835944
NIFTY,24972.75,1755835945
NIFTY,24972.85,1755835945
NIFTY,24972.45,1755835946
NIFTY,24972.5,1755835946
NIFTY,24972.3,1755835947
NIFTY,24972.1,1755835947
NIFTY,24972.25,1755835948
NIFTY,24971.9,1755835948
NIFTY,24972.15,1755835949
NIFTY,24971.5,1755835949
NIFTY,24972.3,1755835950
NIFTY,24971.8,1755835950
NIFTY,24971.75,1755835951
NIFTY,24971.05,1755835951
NIFTY,24971.55,1755835952
NIFTY,24971.35,1755835952
NIFTY,24970.6,1755835953
NIFTY,24971.2,1755835953
NIFTY,24971.75,1755835954
NIFTY,24971.6,1755835954
NIFTY,24972,1755835955
NIFTY,24972.35,1755835955
NIFTY,24972.4,1755835956
NIFTY,24971.85,1755835956
NIFTY,24971.9,1755835957
NIFTY,24972.7,1755835957
NIFTY,24972.05,1755835958
NIFTY,24971.85,1755835958
NIFTY,24971.95,1755835959
NIFTY,24971.8,1755835959
NIFTY,24970.85,1755835960
NIFTY,24969.85,1755835960
NIFTY,24970.3,1755835961
NIFTY,24970.9,1755835961
NIFTY,24971.05,1755835962
NIFTY,24970.95,1755835962
NIFTY,24970.45,1755835963
NIFTY,24970.2,1755835963
NIFTY,24970.85,1755835964
NIFTY,24972.25,1755835964
NIFTY,24972.2,1755835965
NIFTY,24972.05,1755835965
NIFTY,24971.45,1755835966
NIFTY,24971.25,1755835966
NIFTY,24971.2,1755835967
NIFTY,24970.95,1755835967
NIFTY,24971.4,1755835968
NIFTY,24971.8,1755835968
NIFTY,24971.95,1755835969
NIFTY,24972.45,1755835970
NIFTY,24972.05,1755835971
NIFTY,24971.6,1755835971
NIFTY,24971.95,1755835972
NIFTY,24972.35,1755835972
NIFTY,24972.4,1755835973
NIFTY,24972.3,1755835973
NIFTY,24971.85,1755835974
NIFTY,24971.75,1755835974
NIFTY,24972,1755835975
NIFTY,24972.9,1755835975
NIFTY,24972.25,1755835976
NIFTY,24972.8,1755835976
NIFTY,24972.25,1755835977
NIFTY,24972.7,1755835977
NIFTY,24973,1755835978
NIFTY,24972.75,1755835978
NIFTY,24973.6,1755835979
NIFTY,24972.65,1755835979
NIFTY,24972.4,1755835980
NIFTY,24972.3,1755835980
NIFTY,24971.45,1755835981
NIFTY,24971.4,1755835981
NIFTY,24971.5,1755835982
NIFTY,24970.95,1755835983
NIFTY,24971.3,1755835983
NIFTY,24970.85,1755835984
NIFTY,24971.2,1755835984
NIFTY,24971.05,1755835985
NIFTY,24971.45,1755835985
NIFTY,24970.9,1755835986
NIFTY,24971.3,1755835986
NIFTY,24971.7,1755835987
NIFTY,24970.7,1755835987
NIFTY,24970.65,1755835988
NIFTY,24971.1,1755835988
NIFTY,24970.75,1755835989
NIFTY,24971.5,1755835989
NIFTY,24971.3,1755835990
NIFTY,24971.25,1755835990
NIFTY,24970.75,1755835991
NIFTY,24970.45,1755835991
NIFTY,24970.55,1755835992
NIFTY,24969.6,1755835992
NIFTY,24969.3,1755835993
NIFTY,24969.05,1755835993
NIFTY,24968.8,1755835994
NIFTY,24968.45,1755835994
NIFTY,24969.1,1755835995
NIFTY,24968.5,1755835995
NIFTY,24968.8,1755835996
NIFTY,24968.9,1755835996
NIFTY,24969.2,1755835997
NIFTY,24969.55,1755835997
NIFTY,24969.35,1755835998
NIFTY,24969.9,1755835998
NIFTY,24969.95,1755835999
NIFTY,24970,1755835999
NIFTY,24969.7,1755836000
NIFTY,24969.9,1755836000
NIFTY,24970.1,1755836001
NIFTY,24969.85,1755836002
NIFTY,24969.75,1755836002
NIFTY,24969.8,1755836003
NIFTY,24970.1,1755836003
NIFTY,24969.4,1755836004
NIFTY,24969.05,1755836004
NIFTY,24968.65,1755836005
NIFTY,24969.05,1755836005
NIFTY,24969.1,1755836006
NIFTY,24969.35,1755836006
NIFTY,24968.95,1755836007
NIFTY,24969.15,1755836007
NIFTY,24968.95,1755836008
NIFTY,24968.9,1755836008
NIFTY,24968.85,1755836009
NIFTY,24968.95,1755836010
NIFTY,24968.85,1755836010
NIFTY,24969.45,1755836011
NIFTY,24970.35,1755836011
NIFTY,24969.4,1755836012
NIFTY,24969.75,1755836013
NIFTY,24969.15,1755836014
NIFTY,24969.45,1755836014
NIFTY,24969.5,1755836015
NIFTY,24969.4,1755836015
NIFTY,24969.2,1755836016
NIFTY,24969.4,1755836016
NIFTY,24969,1755836017
NIFTY,24968.5,1755836017
NIFTY,24969.1,1755836018
NIFTY,24969,1755836018
NIFTY,24968.2,1755836019
NIFTY,24968.8,1755836019
NIFTY,24968.95,1755836020
NIFTY,24969.05,1755836020
NIFTY,24968.8,1755836021
NIFTY,24968.65,1755836021
NIFTY,24968.7,1755836022
NIFTY,24968.85,1755836022
NIFTY,24968.55,1755836023
NIFTY,24968.2,1755836023
NIFTY,24968.9,1755836024
NIFTY,24968.3,1755836024
NIFTY,24968.9,1755836025
NIFTY,24968.35,1755836025
NIFTY,24968.85,1755836026
NIFTY,24969.45,1755836026
NIFTY,24969.75,1755836027
NIFTY,24969.6,1755836027
NIFTY,24969.55,1755836028
NIFTY,24969,1755836028
NIFTY,24969.6,1755836029
NIFTY,24969.35,1755836029
NIFTY,24969.8,1755836030
NIFTY,24969.4,1755836030
NIFTY,24969.1,1755836031
NIFTY,24969.05,1755836031
NIFTY,24968.65,1755836032
NIFTY,24968.85,1755836032
NIFTY,24969.25,1755836033
NIFTY,24969.8,1755836033
NIFTY,24969.7,1755836034
NIFTY,24969.75,1755836034
NIFTY,24970.15,1755836035
NIFTY,24970.3,1755836035
NIFTY,24970.4,1755836036
NIFTY,24970.7,1755836036
NIFTY,24970.5,1755836037
NIFTY,24970.35,1755836037
NIFTY,24970.55,1755836038
NIFTY,24970.6,1755836038
NIFTY,24971.2,1755836039
NIFTY,24970.95,1755836039
NIFTY,24970.5,1755836040
NIFTY,24970.15,1755836040
NIFTY,24970.4,1755836041
NIFTY,24971.3,1755836041
NIFTY,24971.05,1755836042
NIFTY,24971,1755836042
NIFTY,24971.05,1755836043
NIFTY,24970.2,1755836044
NIFTY,24970.75,1755836045
NIFTY,24971.35,1755836045
NIFTY,24971.4,1755836046
NIFTY,24971.35,1755836046
NIFTY,24971.5,1755836047
NIFTY,24971.85,1755836048
NIFTY,24972.5,1755836048
NIFTY,24972.85,1755836049
NIFTY,24972.5,1755836049
NIFTY,24972.35,1755836050
NIFTY,24972.3,1755836050
NIFTY,24972.95,1755836051
NIFTY,24972.75,1755836051
NIFTY,24973.35,1755836052
NIFTY,24973.45,1755836052
NIFTY,24973.7,1755836053
NIFTY,24973.75,1755836053
NIFTY,24974.3,1755836054
NIFTY,24973.75,1755836054
NIFTY,24973.95,1755836055
NIFTY,24974.05,1755836055
NIFTY,24973.85,1755836056
NIFTY,24973.95,1755836056
NIFTY,24974.05,1755836058
NIFTY,24973.65,1755836058
NIFTY,24974.1,1755836059
NIFTY,24973.75,1755836059
NIFTY,24973.85,1755836060
NIFTY,24974.1,1755836060
NIFTY,24973.9,1755836061
NIFTY,24973.3,1755836061
NIFTY,24973.15,1755836062
NIFTY,24973.4,1755836062
NIFTY,24973.85,1755836063
NIFTY,24974.4,1755836063
NIFTY,24974.5,1755836064
NIFTY,24974.3,1755836064
NIFTY,24974.2,1755836065
NIFTY,24974.15,1755836065
NIFTY,24974.6,1755836066
NIFTY,24974.65,1755836066
NIFTY,24974.2,1755836067
NIFTY,24974.7,1755836067
NIFTY,24975.35,1755836068
NIFTY,24975.4,1755836068
NIFTY,24975.8,1755836069
NIFTY,24975.95,1755836069
NIFTY,24976.1,1755836070
NIFTY,24976.4,1755836070
NIFTY,24976.45,1755836071
NIFTY,24977.1,1755836071
NIFTY,24975.95,1755836072
NIFTY,24976.4,1755836072
NIFTY,24976.3,1755836073
NIFTY,24976.75,1755836073
NIFTY,24976.05,1755836074
NIFTY,24976.55,1755836074
NIFTY,24975.75,1755836075
NIFTY,24976.75,1755836075
NIFTY,24976.55,1755836076
NIFTY,24976.35,1755836076
NIFTY,24977,1755836077
NIFTY,24977.1,1755836077
NIFTY,24977.4,1755836078
NIFTY,24977.65,1755836078
NIFTY,24977.25,1755836079
NIFTY,24976.45,1755836079
NIFTY,24976.9,1755836080
NIFTY,24976.85,1755836080
NIFTY,24977.6,1755836081
NIFTY,24977.8,1755836081
NIFTY,24977.6,1755836082
NIFTY,24978.1,1755836082
NIFTY,24978.35,1755836083
NIFTY,24978.05,1755836083
NIFTY,24978.4,1755836084
NIFTY,24977.95,1755836084
NIFTY,24978.65,1755836085
NIFTY,24978.3,1755836085
NIFTY,24977.9,1755836086
NIFTY,24978.25,1755836087
NIFTY,24977.4,1755836087
NIFTY,24977.9,1755836088
NIFTY,24977.7,1755836088
NIFTY,24978.05,1755836089
NIFTY,24978.6,1755836089
NIFTY,24978.75,1755836090
NIFTY,24977.85,1755836090
NIFTY,24978.05,1755836091
NIFTY,24978.7,1755836091
NIFTY,24978.75,1755836092
NIFTY,24979,1755836092
NIFTY,24979.3,1755836093
NIFTY,24979.5,1755836093
NIFTY,24979.8,1755836094
NIFTY,24979.55,1755836094
NIFTY,24979.6,1755836095
NIFTY,24979.4,1755836095
NIFTY,24979.3,1755836096
NIFTY,24979.95,1755836096
NIFTY,24980,1755836097
NIFTY,24979.95,1755836097
NIFTY,24980.25,1755836098
NIFTY,24981.15,1755836098
NIFTY,24980.8,1755836099
NIFTY,24981.25,1755836099
NIFTY,24981.1,1755836100
NIFTY,24979.9,1755836100
NIFTY,24980.3,1755836101
NIFTY,24980.25,1755836101
NIFTY,24980.55,1755836102
NIFTY,24980.8,1755836102
NIFTY,24981.05,1755836103
NIFTY,24981.35,1755836103
NIFTY,24981.55,1755836104
NIFTY,24981.6,1755836104
NIFTY,24980.95,1755836105
NIFTY,24981,1755836105
NIFTY,24981.3,1755836106
NIFTY,24980.8,1755836106
NIFTY,24980.65,1755836107
NIFTY,24981.4,1755836107
NIFTY,24981,1755836108
NIFTY,24981.05,1755836108
NIFTY,24981.65,1755836109
NIFTY,24981.45,1755836109
NIFTY,24980.85,1755836110
NIFTY,24979.6,1755836110
NIFTY,24979.7,1755836111
NIFTY,24979.9,1755836111
NIFTY,24979.55,1755836112
NIFTY,24977.7,1755836112
NIFTY,24975.15,1755836113
NIFTY,24976.55,1755836113
NIFTY,24976.7,1755836114
NIFTY,24976.55,1755836114
NIFTY,24975.25,1755836115
NIFTY,24975.05,1755836115
NIFTY,24975.3,1755836116
NIFTY,24975.4,1755836116
NIFTY,24975.05,1755836117
NIFTY,24975.85,1755836117
NIFTY,24975.35,1755836118
NIFTY,24976.1,1755836118
NIFTY,24975.85,1755836119
NIFTY,24975.8,1755836119
NIFTY,24975.6,1755836120
NIFTY,24975.65,1755836120
NIFTY,24975.3,1755836121
NIFTY,24975,1755836121
NIFTY,24974.85,1755836122
NIFTY,24974.15,1755836122
NIFTY,24975.5,1755836123
NIFTY,24974.95,1755836123
NIFTY,24974.3,1755836124
NIFTY,24975.35,1755836124
NIFTY,24975.05,1755836125
NIFTY,24975.25,1755836125
NIFTY,24975.85,1755836126
NIFTY,24977,1755836126
NIFTY,24976.6,1755836127
NIFTY,24976.55,1755836127
NIFTY,24976.05,1755836128
NIFTY,24977.15,1755836128
NIFTY,24977.05,1755836129
NIFTY,24976.5,1755836129
NIFTY,24978.15,1755836130
NIFTY,24977.75,1755836131
NIFTY,24978.05,1755836131
NIFTY,24977.65,1755836132
NIFTY,24977.6,1755836132
NIFTY,24977.5,1755836133
NIFTY,24978.65,1755836133
NIFTY,24978.9,1755836134
NIFTY,24979.15,1755836134
NIFTY,24978.45,1755836135
NIFTY,24979.3,1755836136
NIFTY,24978.6,1755836136
NIFTY,24978.55,1755836137
NIFTY,24978.75,1755836137
NIFTY,24979.75,1755836138
NIFTY,24979.2,1755836139
NIFTY,24979.7,1755836139
NIFTY,24979.6,1755836140
NIFTY,24979.75,1755836140
NIFTY,24980.3,1755836141
NIFTY,24980.35,1755836142
NIFTY,24980.3,1755836142
NIFTY,24980.05,1755836143
NIFTY,24980.2,1755836143
NIFTY,24980.35,1755836144
NIFTY,24980.4,1755836144
NIFTY,24980.35,1755836145
NIFTY,24980.5,1755836145
NIFTY,24980.55,1755836146
NIFTY,24980.35,1755836146
NIFTY,24980.1,1755836147
NIFTY,24979.55,1755836147
NIFTY,24979.75,1755836148
NIFTY,24979.6,1755836149
NIFTY,24980.05,1755836149
NIFTY,24979.85,1755836150
NIFTY,24979.95,1755836150
NIFTY,24979.45,1755836151
NIFTY,24979.4,1755836152
NIFTY,24980,1755836152
NIFTY,24980.05,1755836153
NIFTY,24980.25,1755836154
NIFTY,24980.45,1755836154
NIFTY,24979.95,1755836155
NIFTY,24979.75,1755836155
NIFTY,24979.8,1755836156
NIFTY,24980.05,1755836156
NIFTY,24979.8,1755836157
NIFTY,24979.6,1755836157
NIFTY,24979.35,1755836158
NIFTY,24979.3,1755836158
NIFTY,24979.35,1755836159
NIFTY,24978.7,1755836159
NIFTY,24978.3,1755836160
NIFTY,24978.25,1755836160
NIFTY,24978.15,1755836161
NIFTY,24978.75,1755836161
NIFTY,24978.7,1755836162
NIFTY,24978.55,1755836162
NIFTY,24978.2,1755836163
NIFTY,24977.75,1755836163
NIFTY,24977.9,1755836164
NIFTY,24977.8,1755836164
NIFTY,24977.9,1755836165
NIFTY,24977.8,1755836165
NIFTY,24978,1755836166
NIFTY,24978.15,1755836166
NIFTY,24978,1755836167
NIFTY,24977.7,1755836167
NIFTY,24978.1,1755836168
NIFTY,24977.6,1755836168
NIFTY,24977.35,1755836169
NIFTY,24977.55,1755836169
NIFTY,24977.1,1755836170
NIFTY,24977.3,1755836170
NIFTY,24977.25,1755836171
NIFTY,24977.65,1755836171
NIFTY,24977.45,1755836172
NIFTY,24978.35,1755836172
NIFTY,24978.2,1755836173
NIFTY,24978.1,1755836173
NIFTY,24977.85,1755836174
NIFTY,24977.55,1755836175
NIFTY,24977.2,1755836175
NIFTY,24977.85,1755836176
NIFTY,24978.15,1755836176
NIFTY,24977.75,1755836177
NIFTY,24978.45,1755836177
NIFTY,24977.9,1755836178
NIFTY,24977.6,1755836178
NIFTY,24977.35,1755836179
NIFTY,24977.85,1755836179
NIFTY,24978.75,1755836180
NIFTY,24978.8,1755836180
NIFTY,24978.75,1755836181
NIFTY,24979.45,1755836181
NIFTY,24979.3,1755836182
NIFTY,24979.45,1755836182
NIFTY,24979.2,1755836183
NIFTY,24978.9,1755836183
NIFTY,24979.95,1755836184
NIFTY,24980.65,1755836184
NIFTY,24980.4,1755836185
NIFTY,24981.25,1755836185
NIFTY,24981.3,1755836186
NIFTY,24981.75,1755836186
NIFTY,24981.85,1755836187
NIFTY,24982.35,1755836187
NIFTY,24982.75,1755836188
NIFTY,24982.85,1755836188
NIFTY,24982.75,1755836189
NIFTY,24982.95,1755836189
NIFTY,24982.35,1755836190
NIFTY,24982.2,1755836190
NIFTY,24982.35,1755836191
NIFTY,24982.6,1755836191
NIFTY,24980.55,1755836192
NIFTY,24981.65,1755836192
NIFTY,24982,1755836193
NIFTY,24982.8,1755836193
NIFTY,24982.85,1755836194
NIFTY,24982.5,1755836194
NIFTY,24982.4,1755836195
NIFTY,24982.7,1755836195
NIFTY,24982.65,1755836196
NIFTY,24984,1755836196
NIFTY,24983.35,1755836197
NIFTY,24983.7,1755836197
NIFTY,24983.4,1755836198
NIFTY,24982.5,1755836199
NIFTY,24983.15,1755836199
NIFTY,24983.4,1755836200
NIFTY,24983.1,1755836200
NIFTY,24983.2,1755836201
NIFTY,24983.1,1755836202
NIFTY,24983.35,1755836202
NIFTY,24982.75,1755836203
NIFTY,24982.95,1755836203
NIFTY,24983.45,1755836204
NIFTY,24982.65,1755836204
NIFTY,24982.75,1755836205
NIFTY,24982.95,1755836205
NIFTY,24983.05,1755836206
NIFTY,24982.9,1755836206
NIFTY,24981.75,1755836207
NIFTY,24982.9,1755836207
NIFTY,24983.5,1755836208
NIFTY,24982.8,1755836208
NIFTY,24983.6,1755836209
NIFTY,24983.95,1755836209
NIFTY,24983.65,1755836210
NIFTY,24983.4,1755836210
NIFTY,24980.7,1755836211
NIFTY,24981.45,1755836211
NIFTY,24980.9,1755836212
NIFTY,24981.25,1755836212
NIFTY,24981.2,1755836213
NIFTY,24982.4,1755836213
NIFTY,24981.55,1755836214
NIFTY,24982.35,1755836214
NIFTY,24982.75,1755836215
NIFTY,24980.95,1755836215
NIFTY,24981.15,1755836216
NIFTY,24981.2,1755836216
NIFTY,24981,1755836217
NIFTY,24980.45,1755836217
NIFTY,24981.85,1755836218
NIFTY,24981.05,1755836218
NIFTY,24979.45,1755836219
NIFTY,24980.5,1755836219
NIFTY,24980.85,1755836220
NIFTY,24980.5,1755836220
NIFTY,24980.65,1755836221
NIFTY,24980.35,1755836221
NIFTY,24980.05,1755836222
NIFTY,24979.5,1755836223
NIFTY,24979.95,1755836223
NIFTY,24979.55,1755836224
NIFTY,24978.95,1755836224
NIFTY,24979.35,1755836225
NIFTY,24979.7,1755836225
NIFTY,24979.45,1755836226
NIFTY,24979.75,1755836226
NIFTY,24979.25,1755836227
NIFTY,24979.85,1755836227
NIFTY,24980.55,1755836228
NIFTY,24980.95,1755836228
NIFTY,24980.9,1755836229
NIFTY,24981.45,1755836229
NIFTY,24980.45,1755836230
NIFTY,24980.5,1755836230
NIFTY,24980.35,1755836231
NIFTY,24980.4,1755836231
NIFTY,24980.75,1755836232
NIFTY,24981.15,1755836232
NIFTY,24980.85,1755836233
NIFTY,24981.35,1755836233
NIFTY,24980.45,1755836234
NIFTY,24980.85,1755836234
NIFTY,24980.35,1755836235
NIFTY,24980.7,1755836235
NIFTY,24980.6,1755836236
NIFTY,24979.95,1755836236
NIFTY,24980.6,1755836237
NIFTY,24980.85,1755836237
NIFTY,24980.75,1755836238
NIFTY,24981.6,1755836238
NIFTY,24981.5,1755836239
NIFTY,24981.75,1755836239
NIFTY,24981,1755836240
NIFTY,24981.85,1755836240
NIFTY,24982.3,1755836241
NIFTY,24982.15,1755836241
NIFTY,24982.3,1755836242
NIFTY,24981.85,1755836242
NIFTY,24982.45,1755836243
NIFTY,24982.5,1755836243
NIFTY,24982.9,1755836244
NIFTY,24983,1755836245
NIFTY,24983.3,1755836245
NIFTY,24983.35,1755836246
NIFTY,24982.8,1755836246
NIFTY,24983.75,1755836247
NIFTY,24983.45,1755836248
NIFTY,24984,1755836248
NIFTY,24983.8,1755836249
NIFTY,24983.65,1755836249
NIFTY,24983.9,1755836250
NIFTY,24983.8,1755836250
NIFTY,24983.6,1755836251
NIFTY,24984.6,1755836251
NIFTY,24984.65,1755836252
NIFTY,24984.05,1755836252
NIFTY,24985,1755836253
NIFTY,24984.45,1755836253
NIFTY,24984.95,1755836254
NIFTY,24984.7,1755836255
NIFTY,24984.85,1755836255
NIFTY,24985.15,1755836256
NIFTY,24984.85,1755836256
NIFTY,24985.55,1755836257
NIFTY,24985.25,1755836258
NIFTY,24984.8,1755836258
NIFTY,24985.65,1755836259
NIFTY,24985.6,1755836259
NIFTY,24984.7,1755836260
NIFTY,24985,1755836260
NIFTY,24984.8,1755836261
NIFTY,24983.7,1755836262
NIFTY,24984.05,1755836262
NIFTY,24983.35,1755836263
NIFTY,24985.25,1755836263
NIFTY,24984.8,1755836264
NIFTY,24984.75,1755836265
NIFTY,24985.15,1755836265
NIFTY,24984.95,1755836266
NIFTY,24985,1755836266
NIFTY,24984.35,1755836267
NIFTY,24983.55,1755836268
NIFTY,24984.9,1755836268
NIFTY,24985.35,1755836269
NIFTY,24985.2,1755836269
NIFTY,24984.4,1755836270
NIFTY,24984.3,1755836270
NIFTY,24983.45,1755836271
NIFTY,24983.9,1755836271
NIFTY,24984.1,1755836272
NIFTY,24983.6,1755836272
NIFTY,24984.2,1755836273
NIFTY,24984.5,1755836273
NIFTY,24984.3,1755836274
NIFTY,24984.4,1755836274
NIFTY,24984.5,1755836275
NIFTY,24983.85,1755836275
NIFTY,24982.55,1755836276
NIFTY,24983.45,1755836276
NIFTY,24983.5,1755836277
NIFTY,24983.65,1755836277
NIFTY,24983.3,1755836278
NIFTY,24980.55,1755836278
NIFTY,24981.7,1755836279
NIFTY,24983.2,1755836279
NIFTY,24982.1,1755836280
NIFTY,24983,1755836280
NIFTY,24980.85,1755836281
NIFTY,24980.7,1755836281
NIFTY,24981.2,1755836282
NIFTY,24981.35,1755836282
NIFTY,24981.25,1755836283
NIFTY,24981.35,1755836283
NIFTY,24981.65,1755836284
NIFTY,24982,1755836284
NIFTY,24980.95,1755836285
NIFTY,24981.15,1755836285
NIFTY,24982.25,1755836286
NIFTY,24981.85,1755836286
NIFTY,24982.2,1755836287
NIFTY,24981.85,1755836287
NIFTY,24982.3,1755836288
NIFTY,24982,1755836288
NIFTY,24982.25,1755836289
NIFTY,24982.8,1755836289
NIFTY,24982.55,1755836290
NIFTY,24983.25,1755836290
NIFTY,24983.2,1755836291
NIFTY,24983.7,1755836291
NIFTY,24982.65,1755836292
NIFTY,24982.35,1755836292
NIFTY,24979.1,1755836293
NIFTY,24979.7,1755836293
NIFTY,24979.35,1755836294
NIFTY,24979.2,1755836294
NIFTY,24979.05,1755836295
NIFTY,24978.55,1755836295
NIFTY,24977.35,1755836296
NIFTY,24977.1,1755836296
NIFTY,24976.65,1755836297
NIFTY,24976.9,1755836297
NIFTY,24976.95,1755836298
NIFTY,24976.75,1755836298
NIFTY,24977.35,1755836299
NIFTY,24976.2,1755836299
NIFTY,24976.45,1755836300
NIFTY,24975.75,1755836300
NIFTY,24976,1755836301
NIFTY,24976.25,1755836301
NIFTY,24976.4,1755836302
NIFTY,24976,1755836302
NIFTY,24975.25,1755836303
NIFTY,24974.9,1755836303
NIFTY,24975.75,1755836304
NIFTY,24975.7,1755836304
NIFTY,24975.6,1755836305
NIFTY,24975.85,1755836305
NIFTY,24975.95,1755836306
NIFTY,24975.9,1755836306
NIFTY,24975.7,1755836307
NIFTY,24975.55,1755836307
NIFTY,24975.85,1755836308
NIFTY,24976,1755836308
NIFTY,24976.5,1755836309
NIFTY,24976.55,1755836309
NIFTY,24976.05,1755836310
NIFTY,24975.85,1755836310
NIFTY,24975.75,1755836311
NIFTY,24974.15,1755836311
NIFTY,24974.45,1755836312
NIFTY,24974.4,1755836312
NIFTY,24974.65,1755836313
NIFTY,24974.45,1755836313
NIFTY,24974.55,1755836314
NIFTY,24973.95,1755836314
NIFTY,24974.4,1755836315
NIFTY,24974.75,1755836315
NIFTY,24975.35,1755836316
NIFTY,24975.4,1755836316
NIFTY,24974.95,1755836317
NIFTY,24975.05,1755836317
NIFTY,24974.7,1755836318
NIFTY,24974.95,1755836318
NIFTY,24973.95,1755836319
NIFTY,24974.6,1755836319
NIFTY,24975.05,1755836320
NIFTY,24975.35,1755836320
NIFTY,24975.45,1755836321
NIFTY,24975.5,1755836321
NIFTY,24975.7,1755836322
NIFTY,24974.55,1755836322
NIFTY,24974.9,1755836323
NIFTY,24974.05,1755836324
NIFTY,24973.85,1755836324
NIFTY,24974.7,1755836325
NIFTY,24975.1,1755836325
NIFTY,24975.55,1755836326
NIFTY,24975.65,1755836327
NIFTY,24975.1,1755836328
NIFTY,24974.95,1755836328
NIFTY,24975.1,1755836329
NIFTY,24975.05,1755836330
NIFTY,24974.35,1755836330
NIFTY,24975.15,1755836331
NIFTY,24975.45,1755836331
NIFTY,24975.2,1755836332
NIFTY,24974.9,1755836332
NIFTY,24974.75,1755836333
NIFTY,24973.85,1755836334
NIFTY,24974.35,1755836334
NIFTY,24974.15,1755836335
NIFTY,24974.8,1755836335
NIFTY,24974.5,1755836336
NIFTY,24974.6,1755836336
NIFTY,24974.05,1755836337
NIFTY,24974.3,1755836337
NIFTY,24974.35,1755836338
NIFTY,24973.85,1755836338
NIFTY,24973.7,1755836339
NIFTY,24973.5,1755836339
NIFTY,24973.15,1755836340
NIFTY,24973.4,1755836340
NIFTY,24974.1,1755836341
NIFTY,24973.85,1755836341
NIFTY,24973.35,1755836342
NIFTY,24974.15,1755836342
NIFTY,24973.8,1755836343
NIFTY,24973.7,1755836343
NIFTY,24973.55,1755836344
NIFTY,24973.15,1755836344
NIFTY,24972.8,1755836345
NIFTY,24972.75,1755836345
NIFTY,24973.05,1755836346
NIFTY,24972.5,1755836346
NIFTY,24972.25,1755836347
NIFTY,24972.45,1755836347
NIFTY,24972.5,1755836348
NIFTY,24972.75,1755836348
NIFTY,24972.1,1755836349
NIFTY,24971.75,1755836349
NIFTY,24972.05,1755836350
NIFTY,24972.4,1755836350
NIFTY,24972.25,1755836351
NIFTY,24972.15,1755836351
NIFTY,24972.1,1755836352
NIFTY,24972.45,1755836352
NIFTY,24973.3,1755836353
NIFTY,24972.95,1755836353
NIFTY,24973.05,1755836354
NIFTY,24973.1,1755836354
NIFTY,24972.75,1755836355
NIFTY,24972.85,1755836355
NIFTY,24973.2,1755836356
NIFTY,24973.1,1755836356
NIFTY,24973.05,1755836357
NIFTY,24973.4,1755836357
NIFTY,24973.15,1755836358
NIFTY,24973.05,1755836358
NIFTY,24973.15,1755836359
NIFTY,24973.05,1755836359
NIFTY,24972.2,1755836360
NIFTY,24973.2,1755836360
NIFTY,24972.8,1755836361
NIFTY,24972.75,1755836362
NIFTY,24972.8,1755836362
NIFTY,24972.75,1755836363
NIFTY,24972.95,1755836363
NIFTY,24973.55,1755836364
NIFTY,24973.7,1755836365
NIFTY,24973.45,1755836365
NIFTY,24973.1,1755836366
NIFTY,24973.05,1755836366
NIFTY,24973.4,1755836367
NIFTY,24973.25,1755836367
NIFTY,24972.9,1755836368
NIFTY,24972.65,1755836368
NIFTY,24972.25,1755836369
NIFTY,24973,1755836369
NIFTY,24973.2,1755836370
NIFTY,24973.4,1755836370
NIFTY,24972.7,1755836371
NIFTY,24972.35,1755836371
NIFTY,24973.35,1755836372
NIFTY,24973.5,1755836372
NIFTY,24973.6,1755836373
NIFTY,24974,1755836373
NIFTY,24973.95,1755836374
NIFTY,24974.6,1755836374
NIFTY,24975.15,1755836375
NIFTY,24974.95,1755836375
NIFTY,24974.55,1755836376
NIFTY,24974.05,1755836376
NIFTY,24973.8,1755836377
NIFTY,24973.7,1755836377
NIFTY,24974.1,1755836378
NIFTY,24973.9,1755836378
NIFTY,24974.05,1755836379
NIFTY,24974.55,1755836379
NIFTY,24974.65,1755836380
NIFTY,24974.05,1755836380
NIFTY,24974.55,1755836381
NIFTY,24974.25,1755836381
NIFTY,24974.35,1755836382
NIFTY,24973.75,1755836382
NIFTY,24973.6,1755836383
NIFTY,24973.75,1755836383
NIFTY,24973.15,1755836384
NIFTY,24972.4,1755836384
NIFTY,24972.1,1755836385
NIFTY,24972.75,1755836385
NIFTY,24973,1755836386
NIFTY,24972.65,1755836386
NIFTY,24972.45,1755836387
NIFTY,24972.65,1755836387
NIFTY,24972.3,1755836388
NIFTY,24972.5,1755836388
NIFTY,24971.05,1755836389
NIFTY,24970.35,1755836389
NIFTY,24971.4,1755836390
NIFTY,24971.45,1755836390
NIFTY,24971.15,1755836391
NIFTY,24971.45,1755836391
NIFTY,24970.5,1755836392
NIFTY,24971.2,1755836392
NIFTY,24971.6,1755836393
NIFTY,24971.85,1755836393
NIFTY,24972.05,1755836394
NIFTY,24972.15,1755836394
NIFTY,24971.75,1755836395
NIFTY,24972.45,1755836395
NIFTY,24972.15,1755836396
NIFTY,24972.1,1755836396
NIFTY,24971.55,1755836397
NIFTY,24971.6,1755836397
NIFTY,24971.35,1755836398
NIFTY,24971.9,1755836398
NIFTY,24971.5,1755836399
NIFTY,24971.05,1755836399
NIFTY,24970.95,1755836400
NIFTY,24971.85,1755836400
NIFTY,24972.1,1755836401
NIFTY,24972.3,1755836401
NIFTY,24971.7,1755836402
NIFTY,24971.4,1755836402
NIFTY,24971.15,1755836403
NIFTY,24971.2,1755836403
NIFTY,24971.5,1755836404
NIFTY,24972.15,1755836404
NIFTY,24972.2,1755836405
NIFTY,24972.35,1755836405
NIFTY,24972.5,1755836406
NIFTY,24972.15,1755836407
NIFTY,24972.25,1755836407
NIFTY,24972.45,1755836408
NIFTY,24972.25,1755836408
NIFTY,24971.85,1755836409
NIFTY,24971.55,1755836409
NIFTY,24970.85,1755836410
NIFTY,24971.05,1755836410
NIFTY,24970.85,1755836411
NIFTY,24971.1,1755836411
NIFTY,24970.7,1755836412
NIFTY,24970.65,1755836412
NIFTY,24970.95,1755836413
NIFTY,24971.7,1755836413
NIFTY,24972.45,1755836414
NIFTY,24972.3,1755836414
NIFTY,24971.55,1755836415
NIFTY,24971.65,1755836416
NIFTY,24971.2,1755836416
NIFTY,24971.15,1755836417
NIFTY,24971.05,1755836417
NIFTY,24970.95,1755836418
NIFTY,24971.3,1755836418
NIFTY,24970.8,1755836419
NIFTY,24971,1755836420
NIFTY,24970.9,1755836420
NIFTY,24971.6,1755836421
NIFTY,24971.35,1755836421
NIFTY,24971.6,1755836422
NIFTY,24971.1,1755836422
NIFTY,24970.9,1755836423
NIFTY,24972.2,1755836423
NIFTY,24971,1755836424
NIFTY,24972.05,1755836424
NIFTY,24972,1755836425
NIFTY,24972.2,1755836425
NIFTY,24972,1755836426
NIFTY,24971.6,1755836426
NIFTY,24971.65,1755836427
NIFTY,24971.75,1755836427
NIFTY,24971.7,1755836428
NIFTY,24970.65,1755836428
NIFTY,24971.1,1755836429
NIFTY,24970.75,1755836429
NIFTY,24970,1755836430
NIFTY,24970.25,1755836430
NIFTY,24970.2,1755836431
NIFTY,24970.4,1755836431
NIFTY,24970.05,1755836432
NIFTY,24969.9,1755836432
NIFTY,24969.35,1755836433
NIFTY,24970,1755836433
NIFTY,24970.15,1755836434
NIFTY,24969.4,1755836434
NIFTY,24968.9,1755836435
NIFTY,24968.1,1755836435
NIFTY,24968.2,1755836436
NIFTY,24968,1755836436
NIFTY,24968.2,1755836437
NIFTY,24967.9,1755836437
NIFTY,24968,1755836438
NIFTY,24968.15,1755836438
NIFTY,24968.05,1755836439
NIFTY,24967.8,1755836439
NIFTY,24967.35,1755836440
NIFTY,24967.7,1755836440
NIFTY,24968.1,1755836441
NIFTY,24968.35,1755836441
NIFTY,24966.85,1755836442
NIFTY,24967.1,1755836442
NIFTY,24967,1755836443
NIFTY,24966.7,1755836443
NIFTY,24966.85,1755836444
NIFTY,24966.4,1755836444
NIFTY,24966.5,1755836445
NIFTY,24966.75,1755836445
NIFTY,24966.7,1755836446
NIFTY,24967,1755836446
NIFTY,24966.8,1755836447
NIFTY,24966.75,1755836447
NIFTY,24966.6,1755836448
NIFTY,24967.4,1755836448
NIFTY,24967.25,1755836449
NIFTY,24966.9,1755836450
NIFTY,24968.3,1755836450
NIFTY,24967.55,1755836451
NIFTY,24968.2,1755836451
NIFTY,24967.65,1755836452
NIFTY,24967.75,1755836452
NIFTY,24967.05,1755836453
NIFTY,24968.45,1755836453
NIFTY,24967.05,1755836454
NIFTY,24967.6,1755836454
NIFTY,24967.5,1755836455
NIFTY,24967.65,1755836455
NIFTY,24967.2,1755836456
NIFTY,24967.45,1755836456
NIFTY,24966.75,1755836457
NIFTY,24967.15,1755836457
NIFTY,24967.3,1755836458
NIFTY,24967.9,1755836458
NIFTY,24967.7,1755836459
NIFTY,24967.6,1755836459
NIFTY,24968.35,1755836460
NIFTY,24968.25,1755836460
NIFTY,24967.95,1755836461
NIFTY,24967.2,1755836461
NIFTY,24967.7,1755836462
NIFTY,24966.8,1755836462
NIFTY,24966.35,1755836463
NIFTY,24967.1,1755836463
NIFTY,24967.3,1755836464
NIFTY,24966.45,1755836464
NIFTY,24967,1755836465
NIFTY,24966.65,1755836465
NIFTY,24966.75,1755836466
NIFTY,24966.25,1755836466
NIFTY,24966.8,1755836467
NIFTY,24966.85,1755836467
NIFTY,24966.25,1755836468
NIFTY,24966.75,1755836468
NIFTY,24966.55,1755836469
NIFTY,24967.25,1755836469
NIFTY,24966.95,1755836470
NIFTY,24967.4,1755836470
NIFTY,24967.25,1755836471
NIFTY,24966.9,1755836471
NIFTY,24966.95,1755836472
NIFTY,24966.4,1755836472
NIFTY,24965.9,1755836473
NIFTY,24966.6,1755836473
NIFTY,24966.55,1755836474
NIFTY,24965.7,1755836474
NIFTY,24966.2,1755836475
NIFTY,24966.45,1755836475
NIFTY,24966.55,1755836476
NIFTY,24966.65,1755836476
NIFTY,24965.9,1755836477
NIFTY,24966.25,1755836477
NIFTY,24966.1,1755836478
NIFTY,24966.7,1755836478
NIFTY,24966.85,1755836479
NIFTY,24965.6,1755836479
NIFTY,24966.1,1755836480
NIFTY,24965.25,1755836480
NIFTY,24966.1,1755836481
NIFTY,24966.55,1755836481
NIFTY,24963.5,1755836482
NIFTY,24961.15,1755836482
NIFTY,24961.1,1755836483
NIFTY,24961.45,1755836483
NIFTY,24961.75,1755836484
NIFTY,24960.95,1755836484
NIFTY,24961.15,1755836485
NIFTY,24961.2,1755836485
NIFTY,24961.55,1755836486
NIFTY,24961.6,1755836487
NIFTY,24961.55,1755836487
NIFTY,24961.35,1755836488
NIFTY,24961.75,1755836488
NIFTY,24961.15,1755836489
NIFTY,24961.35,1755836489
NIFTY,24960.9,1755836490
NIFTY,24961.8,1755836490
NIFTY,24960.55,1755836491
NIFTY,24961.45,1755836491
NIFTY,24960.4,1755836492
NIFTY,24960.5,1755836492
NIFTY,24960.05,1755836493
NIFTY,24959.7,1755836493
NIFTY,24960.7,1755836494
NIFTY,24960.65,1755836494
NIFTY,24960.5,1755836495
NIFTY,24960.6,1755836495
NIFTY,24960.4,1755836496
NIFTY,24960.3,1755836497
NIFTY,24961,1755836497
NIFTY,24960.8,1755836498
NIFTY,24961.15,1755836498
NIFTY,24960.05,1755836499
NIFTY,24961.25,1755836499
NIFTY,24962.1,1755836500
NIFTY,24960.85,1755836500
NIFTY,24961.25,1755836501
NIFTY,24961.45,1755836501
NIFTY,24961,1755836502
NIFTY,24961.7,1755836502
NIFTY,24961.25,1755836503
NIFTY,24961.6,1755836503
NIFTY,24961.45,1755836504
NIFTY,24961.85,1755836504
NIFTY,24962.3,1755836505
NIFTY,24962.85,1755836505
NIFTY,24962.9,1755836506
NIFTY,24962.8,1755836506
NIFTY,24963.05,1755836507
NIFTY,24963.3,1755836507
NIFTY,24963.9,1755836508
NIFTY,24963.7,1755836508
NIFTY,24963.4,1755836509
NIFTY,24963.25,1755836509
NIFTY,24964.1,1755836510
NIFTY,24963.85,1755836510
NIFTY,24963.45,1755836511
NIFTY,24963.4,1755836511
NIFTY,24964,1755836512
NIFTY,24963.2,1755836512
NIFTY,24962.85,1755836513
NIFTY,24962.9,1755836513
NIFTY,24963.3,1755836514
NIFTY,24963.45,1755836514
NIFTY,24964.15,1755836515
NIFTY,24964,1755836515
NIFTY,24963.45,1755836516
NIFTY,24964.45,1755836516
NIFTY,24963.4,1755836517
NIFTY,24964.2,1755836517
NIFTY,24964,1755836518
NIFTY,24964.15,1755836518
NIFTY,24963.7,1755836519
NIFTY,24963.9,1755836519
NIFTY,24964.3,1755836520
NIFTY,24964.45,1755836520
NIFTY,24964.85,1755836521
NIFTY,24965.6,1755836521
NIFTY,24965.55,1755836522
NIFTY,24965.7,1755836523
NIFTY,24965.5,1755836524
NIFTY,24965.9,1755836524
NIFTY,24966.2,1755836525
NIFTY,24966.85,1755836525
NIFTY,24967.35,1755836526
NIFTY,24967.65,1755836526
NIFTY,24967.2,1755836527
NIFTY,24967.05,1755836527
NIFTY,24967.75,1755836528
NIFTY,24968.15,1755836528
NIFTY,24967.95,1755836529
NIFTY,24967.8,1755836529
NIFTY,24968.75,1755836530
NIFTY,24968.35,1755836530
NIFTY,24968.65,1755836531
NIFTY,24968.6,1755836531
NIFTY,24969.35,1755836532
NIFTY,24970,1755836532
NIFTY,24969.95,1755836533
NIFTY,24969.35,1755836533
NIFTY,24969.6,1755836534
NIFTY,24970.05,1755836534
NIFTY,24970.25,1755836535
NIFTY,24970.55,1755836536
NIFTY,24970.65,1755836536
NIFTY,24970.55,1755836537
NIFTY,24970.8,1755836538
NIFTY,24971.35,1755836538
NIFTY,24971.55,1755836539
NIFTY,24971.65,1755836539
NIFTY,24971.4,1755836540
NIFTY,24971.9,1755836540
NIFTY,24971.8,1755836541
NIFTY,24971.75,1755836541
NIFTY,24973.3,1755836542
NIFTY,24972.95,1755836543
NIFTY,24973.8,1755836543
NIFTY,24974.15,1755836544
NIFTY,24974.7,1755836544
NIFTY,24975,1755836545
NIFTY,24975.05,1755836545
NIFTY,24974.8,1755836546
NIFTY,24975.25,1755836546
NIFTY,24975.3,1755836547
NIFTY,24975.7,1755836547
NIFTY,24975.8,1755836548
NIFTY,24975.75,1755836548
NIFTY,24976.05,1755836549
NIFTY,24975.05,1755836549
NIFTY,24974.85,1755836550
NIFTY,24975.5,1755836550
NIFTY,24975.55,1755836551
NIFTY,24975.45,1755836551
NIFTY,24975.65,1755836552
NIFTY,24975.7,1755836552
NIFTY,24976.15,1755836553
NIFTY,24975.9,1755836553
NIFTY,24975.05,1755836554
NIFTY,24975.35,1755836555
NIFTY,24974.55,1755836555
NIFTY,24974.3,1755836556
NIFTY,24975.7,1755836556
NIFTY,24975.55,1755836557
NIFTY,24976.2,1755836557
NIFTY,24975.7,1755836558
NIFTY,24975.9,1755836558
NIFTY,24975.95,1755836559
NIFTY,24975.6,1755836559
NIFTY,24975.85,1755836560
NIFTY,24975.35,1755836560
NIFTY,24975.05,1755836561
NIFTY,24974.1,1755836561
NIFTY,24975.2,1755836562
NIFTY,24974.95,1755836562
NIFTY,24975.25,1755836563
NIFTY,24975.35,1755836563
NIFTY,24975.1,1755836564
NIFTY,24975.35,1755836564
NIFTY,24975.3,1755836565
NIFTY,24974.65,1755836565
NIFTY,24974.6,1755836566
NIFTY,24974.7,1755836566
NIFTY,24973.7,1755836567
NIFTY,24974.4,1755836567
NIFTY,24974.3,1755836568
NIFTY,24974.65,1755836568
NIFTY,24974.8,1755836569
NIFTY,24974.65,1755836569
NIFTY,24974.6,1755836570
NIFTY,24974.1,1755836571
NIFTY,24973.75,1755836571
NIFTY,24973.9,1755836572
NIFTY,24973.35,1755836573
NIFTY,24974.25,1755836573
NIFTY,24973.95,1755836574
NIFTY,24973.5,1755836574
NIFTY,24973.9,1755836575
NIFTY,24974,1755836575
NIFTY,24974.2,1755836576
NIFTY,24973.25,1755836576
NIFTY,24974.8,1755836577
NIFTY,24974.85,1755836577
NIFTY,24973.85,1755836578
NIFTY,24974.7,1755836578
NIFTY,24975.2,1755836579
NIFTY,24975.05,1755836579
NIFTY,24975.75,1755836580
NIFTY,24976.45,1755836580
NIFTY,24976.35,1755836581
NIFTY,24976.85,1755836581
NIFTY,24977.05,1755836582
NIFTY,24977.25,1755836582
NIFTY,24977.15,1755836583
NIFTY,24977.2,1755836583
NIFTY,24976.55,1755836584
NIFTY,24976.85,1755836584
NIFTY,24976.75,1755836585
NIFTY,24977.05,1755836585
NIFTY,24977.25,1755836586
NIFTY,24977,1755836587
NIFTY,24976.8,1755836587
NIFTY,24976.85,1755836588
NIFTY,24977.35,1755836588
NIFTY,24977.4,1755836589
NIFTY,24977.45,1755836589
NIFTY,24977.65,1755836590
NIFTY,24978.25,1755836591
NIFTY,24977.5,1755836591
NIFTY,24977.85,1755836592
NIFTY,24978.1,1755836592
NIFTY,24978.3,1755836593
NIFTY,24978.4,1755836593
NIFTY,24979.25,1755836594
NIFTY,24979,1755836594
NIFTY,24979.65,1755836595
NIFTY,24980.1,1755836595
NIFTY,24979.35,1755836596
NIFTY,24979.25,1755836596
NIFTY,24979.65,1755836597
NIFTY,24979.45,1755836597
NIFTY,24979.65,1755836598
NIFTY,24979.4,1755836598
NIFTY,24979.65,1755836599
NIFTY,24979.7,1755836599
NIFTY,24980,1755836600
NIFTY,24979.95,1755836600
NIFTY,24979.6,1755836601
NIFTY,24979.3,1755836602
NIFTY,24979.75,1755836603
NIFTY,24980.05,1755836603
NIFTY,24979.85,1755836604
NIFTY,24980.1,1755836604
NIFTY,24980,1755836605
NIFTY,24979.8,1755836606
NIFTY,24979.9,1755836606
NIFTY,24980.25,1755836607
NIFTY,24979.7,1755836607
NIFTY,24979.65,1755836608
NIFTY,24980.05,1755836608
NIFTY,24980.3,1755836609
NIFTY,24980.2,1755836610
NIFTY,24980.85,1755836610
NIFTY,24980.5,1755836611
NIFTY,24980.6,1755836611
NIFTY,24980.95,1755836612
NIFTY,24981.2,1755836614
NIFTY,24981.1,1755836614
NIFTY,24981.3,1755836615
NIFTY,24981.35,1755836616
NIFTY,24981.25,1755836616
NIFTY,24981,1755836617
NIFTY,24981.75,1755836618
NIFTY,24982.2,1755836618
NIFTY,24981.75,1755836619
NIFTY,24982,1755836619
NIFTY,24982.45,1755836620
NIFTY,24982.3,1755836620
NIFTY,24982.55,1755836621
NIFTY,24981.35,1755836622
NIFTY,24981.25,1755836622
NIFTY,24981.7,1755836623
NIFTY,24982.2,1755836623
NIFTY,24981.9,1755836624
NIFTY,24982.65,1755836624
NIFTY,24982.4,1755836625
NIFTY,24982.35,1755836625
NIFTY,24982.15,1755836626
NIFTY,24982.35,1755836626
NIFTY,24982.3,1755836627
NIFTY,24982.6,1755836627
NIFTY,24982.35,1755836628
NIFTY,24981.6,1755836628
NIFTY,24981.9,1755836629
NIFTY,24981.5,1755836629
NIFTY,24982.7,1755836630
NIFTY,24982.35,1755836630
NIFTY,24982.15,1755836631
NIFTY,24982,1755836631
NIFTY,24981.65,1755836632
NIFTY,24981.3,1755836632
NIFTY,24981.15,1755836633
NIFTY,24981,1755836633
NIFTY,24980.2,1755836634
NIFTY,24981.1,1755836634
NIFTY,24981.45,1755836635
NIFTY,24981.05,1755836635
NIFTY,24980.85,1755836636
NIFTY,24981.35,1755836636
NIFTY,24981.2,1755836637
NIFTY,24981.45,1755836637
NIFTY,24981.25,1755836638
NIFTY,24981.55,1755836638
NIFTY,24981.35,1755836639
NIFTY,24980.7,1755836639
NIFTY,24982.15,1755836640
NIFTY,24982.1,1755836640
NIFTY,24981.15,1755836641
NIFTY,24980.8,1755836641
NIFTY,24981.15,1755836643
NIFTY,24979.3,1755836644
NIFTY,24980.2,1755836644
NIFTY,24980.15,1755836645
NIFTY,24980.55,1755836645
NIFTY,24980.75,1755836646
NIFTY,24980.6,1755836646
NIFTY,24981.6,1755836647
NIFTY,24981.45,1755836647
NIFTY,24981.5,1755836648
NIFTY,24981.95,1755836649
NIFTY,24982.05,1755836649
NIFTY,24981.85,1755836650
NIFTY,24982.35,1755836650
NIFTY,24981.6,1755836651
NIFTY,24982.25,1755836652
NIFTY,24982.15,1755836652
NIFTY,24982.3,1755836653
NIFTY,24982.8,1755836653
NIFTY,24982.2,1755836654
NIFTY,24981.95,1755836654
NIFTY,24982.4,1755836655
NIFTY,24982.3,1755836655
NIFTY,24982.15,1755836656
NIFTY,24981.8,1755836657
NIFTY,24982.35,1755836657
NIFTY,24982.6,1755836658
NIFTY,24982.85,1755836658
NIFTY,24982.7,1755836659
NIFTY,24982.15,1755836659
NIFTY,24982.3,1755836660
NIFTY,24982.1,1755836660
NIFTY,24982.5,1755836661
NIFTY,24982.3,1755836661
NIFTY,24982.2,1755836662
NIFTY,24981.7,1755836662
NIFTY,24982.6,1755836663
NIFTY,24982.2,1755836663
NIFTY,24983.05,1755836664
NIFTY,24982.75,1755836664
NIFTY,24982.95,1755836665
NIFTY,24982.6,1755836665
NIFTY,24982.75,1755836666
NIFTY,24982.5,1755836667
NIFTY,24982.6,1755836667
NIFTY,24983.25,1755836668
NIFTY,24983.4,1755836668
NIFTY,24983.6,1755836669
NIFTY,24983.55,1755836669
NIFTY,24983.6,1755836670
NIFTY,24984.1,1755836670
NIFTY,24983.3,1755836671
NIFTY,24983,1755836671
NIFTY,24982.95,1755836672
NIFTY,24983.4,1755836672
NIFTY,24983.75,1755836673
NIFTY,24983.5,1755836673
NIFTY,24983.4,1755836674
NIFTY,24982,1755836674
NIFTY,24982.25,1755836675
NIFTY,24982.8,1755836675
NIFTY,24982.55,1755836676
NIFTY,24982.6,1755836676
NIFTY,24982.9,1755836677
NIFTY,24982.95,1755836677
NIFTY,24983.35,1755836678
NIFTY,24983.2,1755836679
NIFTY,24983.15,1755836679
NIFTY,24982.95,1755836680
NIFTY,24981.7,1755836680
NIFTY,24981.4,1755836681
NIFTY,24981.65,1755836681
NIFTY,24982.4,1755836682
NIFTY,24981.6,1755836682
NIFTY,24981.4,1755836683
NIFTY,24976.45,1755836683
NIFTY,24976.35,1755836684
NIFTY,24975.75,1755836684
NIFTY,24976.15,1755836685
NIFTY,24975.65,1755836685
NIFTY,24976.15,1755836686
NIFTY,24975.8,1755836686
NIFTY,24976,1755836687
NIFTY,24975.9,1755836687
NIFTY,24975.7,1755836688
NIFTY,24976.25,1755836688
NIFTY,24976.1,1755836689
NIFTY,24976.2,1755836689
NIFTY,24975.85,1755836690
NIFTY,24974.55,1755836690
NIFTY,24974.75,1755836691
NIFTY,24975.2,1755836691
NIFTY,24973.9,1755836692
NIFTY,24974.35,1755836692
NIFTY,24974.05,1755836693
NIFTY,24973.35,1755836693
NIFTY,24973.45,1755836694
NIFTY,24974.5,1755836694
NIFTY,24973.85,1755836695
NIFTY,24973.95,1755836695
NIFTY,24973.9,1755836696
NIFTY,24974.45,1755836696
NIFTY,24974.35,1755836697
NIFTY,24974.65,1755836697
NIFTY,24974.85,1755836698
NIFTY,24974.5,1755836698
NIFTY,24972.6,1755836699
NIFTY,24973.5,1755836700
NIFTY,24973.95,1755836700
NIFTY,24974.3,1755836701
NIFTY,24973.45,1755836701
NIFTY,24973.5,1755836702
NIFTY,24973.55,1755836702
NIFTY,24973.35,1755836703
NIFTY,24972.75,1755836703
NIFTY,24972.85,1755836704
NIFTY,24973.25,1755836704
NIFTY,24973.2,1755836705
NIFTY,24973.3,1755836706
NIFTY,24973.15,1755836706
NIFTY,24972.95,1755836707
NIFTY,24972.35,1755836707
NIFTY,24972.25,1755836708
NIFTY,24970.35,1755836708
NIFTY,24969.6,1755836709
NIFTY,24970.2,1755836709
NIFTY,24969.6,1755836710
NIFTY,24972.15,1755836710
NIFTY,24971.65,1755836711
NIFTY,24971.6,1755836711
NIFTY,24969.7,1755836712
NIFTY,24970.5,1755836712
NIFTY,24971.1,1755836713
NIFTY,24970.5,1755836713
NIFTY,24970.7,1755836714
NIFTY,24970.15,1755836715
NIFTY,24970.65,1755836716
NIFTY,24970.8,1755836716
NIFTY,24970.3,1755836717
NIFTY,24970.35,1755836717
NIFTY,24969.4,1755836718
NIFTY,24969.1,1755836718
NIFTY,24968.75,1755836719
NIFTY,24967.4,1755836719
NIFTY,24967.65,1755836720
NIFTY,24967.7,1755836720
NIFTY,24967.4,1755836721
NIFTY,24967.75,1755836722
NIFTY,24968.35,1755836722
NIFTY,24963.4,1755836723
NIFTY,24963.1,1755836723
NIFTY,24962.55,1755836724
NIFTY,24962.2,1755836725
NIFTY,24962.25,1755836725
NIFTY,24962.75,1755836726
NIFTY,24962.55,1755836726
NIFTY,24962.25,1755836727
NIFTY,24961.75,1755836727
NIFTY,24960.95,1755836728
NIFTY,24961.95,1755836728
NIFTY,24962.25,1755836729
NIFTY,24961.9,1755836729
NIFTY,24961.25,1755836730
NIFTY,24960.95,1755836730
NIFTY,24961.7,1755836731
NIFTY,24961.6,1755836731
NIFTY,24960.9,1755836732
NIFTY,24961.6,1755836732
NIFTY,24961.75,1755836733
NIFTY,24961.6,1755836733
NIFTY,24961.8,1755836734
NIFTY,24961.85,1755836734
NIFTY,24961.7,1755836735
NIFTY,24961.3,1755836735
NIFTY,24961.4,1755836736
NIFTY,24961.85,1755836736
NIFTY,24962,1755836737
NIFTY,24962.7,1755836737
NIFTY,24962.6,1755836738
NIFTY,24961.95,1755836738
NIFTY,24961.5,1755836739
NIFTY,24961.45,1755836740
NIFTY,24961.05,1755836740
NIFTY,24961.25,1755836741
NIFTY,24961.2,1755836741
NIFTY,24961.05,1755836742
NIFTY,24961.2,1755836742
NIFTY,24961.45,1755836743
NIFTY,24960.45,1755836744
NIFTY,24960.35,1755836744
NIFTY,24960.75,1755836745
NIFTY,24960.55,1755836745
NIFTY,24960.75,1755836746
NIFTY,24961.25,1755836746
NIFTY,24960.95,1755836747
NIFTY,24960.55,1755836747
NIFTY,24961.15,1755836748
NIFTY,24961.05,1755836749
NIFTY,24960.3,1755836750
NIFTY,24961,1755836750
NIFTY,24961.05,1755836751
NIFTY,24961,1755836751
NIFTY,24960.65,1755836752
NIFTY,24960.8,1755836753
NIFTY,24960.6,1755836753
NIFTY,24962,1755836754
NIFTY,24960.5,1755836754
NIFTY,24960.25,1755836755
NIFTY,24961.05,1755836755
NIFTY,24959.4,1755836756
NIFTY,24959.95,1755836756
NIFTY,24959.7,1755836757
NIFTY,24959.65,1755836758
NIFTY,24959.85,1755836758
NIFTY,24959.65,1755836759
NIFTY,24959.05,1755836759
NIFTY,24958.8,1755836760
NIFTY,24958.9,1755836760
NIFTY,24958.75,1755836761
NIFTY,24959.35,1755836761
NIFTY,24959.4,1755836762
NIFTY,24957.65,1755836762
NIFTY,24957.3,1755836763
NIFTY,24958.8,1755836763
NIFTY,24959.2,1755836764
NIFTY,24958.8,1755836764
NIFTY,24959.1,1755836765
NIFTY,24959.2,1755836765
NIFTY,24959.4,1755836766
NIFTY,24959.35,1755836766
NIFTY,24959.2,1755836767
NIFTY,24958.85,1755836767
NIFTY,24958.45,1755836768
NIFTY,24958.95,1755836768
NIFTY,24958.75,1755836769
NIFTY,24959.7,1755836770
NIFTY,24959.5,1755836770
NIFTY,24959.3,1755836771
NIFTY,24959.35,1755836771
NIFTY,24959.85,1755836772
NIFTY,24959.6,1755836772
NIFTY,24958.9,1755836773
NIFTY,24959.1,1755836773
NIFTY,24959.45,1755836774
NIFTY,24958.95,1755836774
NIFTY,24959.65,1755836775
NIFTY,24959.2,1755836775
NIFTY,24958.9,1755836776
NIFTY,24959.55,1755836776
NIFTY,24958.9,1755836777
NIFTY,24959,1755836777
NIFTY,24959.25,1755836778
NIFTY,24959.8,1755836779
NIFTY,24959,1755836780
NIFTY,24959.55,1755836781
NIFTY,24959.6,1755836781
NIFTY,24959.45,1755836782
NIFTY,24959.95,1755836782
NIFTY,24959.55,1755836783
NIFTY,24959.85,1755836783
NIFTY,24959.75,1755836784
NIFTY,24959.45,1755836784
NIFTY,24959.2,1755836785
NIFTY,24959.35,1755836785
NIFTY,24959.9,1755836786
NIFTY,24959.8,1755836786
NIFTY,24959.4,1755836787
NIFTY,24959.2,1755836787
NIFTY,24959.25,1755836788
NIFTY,24959.1,1755836788
NIFTY,24958.9,1755836789
NIFTY,24958.85,1755836789
NIFTY,24959.55,1755836790
NIFTY,24959.5,1755836790
NIFTY,24958.55,1755836791
NIFTY,24959.1,1755836791
NIFTY,24959,1755836792
NIFTY,24958.55,1755836792
NIFTY,24958.95,1755836793
NIFTY,24958.9,1755836793
NIFTY,24959,1755836794
NIFTY,24958.8,1755836794
NIFTY,24958.85,1755836795
NIFTY,24959.1,1755836795
NIFTY,24958.45,1755836796
NIFTY,24959.15,1755836796
NIFTY,24958.95,1755836797
NIFTY,24959.7,1755836797
NIFTY,24960.4,1755836798
NIFTY,24960.8,1755836798
NIFTY,24960.6,1755836799
NIFTY,24960.85,1755836799
NIFTY,24960.75,1755836800
NIFTY,24961.3,1755836800
NIFTY,24960.8,1755836801
NIFTY,24960.3,1755836801
NIFTY,24960.55,1755836802
NIFTY,24960.8,1755836802
NIFTY,24960.5,1755836803
NIFTY,24960.35,1755836804
NIFTY,24960.1,1755836804
NIFTY,24960.85,1755836805
NIFTY,24960.6,1755836805
NIFTY,24960.75,1755836806
NIFTY,24961.05,1755836807
NIFTY,24961.4,1755836807
NIFTY,24960.9,1755836808
NIFTY,24961.5,1755836808
NIFTY,24961.05,1755836809
NIFTY,24960.3,1755836809
NIFTY,24960.6,1755836810
NIFTY,24960.9,1755836810
NIFTY,24961.55,1755836811
NIFTY,24961.15,1755836811
NIFTY,24961.45,1755836812
NIFTY,24961.4,1755836812
NIFTY,24961.65,1755836813
NIFTY,24961.4,1755836813
NIFTY,24961.35,1755836814
NIFTY,24960.85,1755836814
NIFTY,24960.95,1755836815
NIFTY,24960.85,1755836815
NIFTY,24960.75,1755836816
NIFTY,24960.95,1755836816
NIFTY,24960.9,1755836817
NIFTY,24961.05,1755836818
NIFTY,24961.15,1755836818
NIFTY,24961.2,1755836819
NIFTY,24961.1,1755836819
NIFTY,24960.8,1755836820
NIFTY,24960.55,1755836820
NIFTY,24960.15,1755836821
NIFTY,24960.3,1755836821
NIFTY,24959.85,1755836822
NIFTY,24959.75,1755836822
NIFTY,24958.85,1755836823
NIFTY,24959.05,1755836823
NIFTY,24958.8,1755836824
NIFTY,24959.6,1755836824
NIFTY,24959.35,1755836825
NIFTY,24959.95,1755836825
NIFTY,24957.6,1755836826
NIFTY,24957.65,1755836827
NIFTY,24957.4,1755836827
NIFTY,24957.85,1755836828
NIFTY,24958.2,1755836828
NIFTY,24958.25,1755836829
NIFTY,24957.8,1755836829
NIFTY,24957.55,1755836830
NIFTY,24957.65,1755836831
NIFTY,24958,1755836831
NIFTY,24958.15,1755836832
NIFTY,24957.95,1755836832
NIFTY,24957.85,1755836833
NIFTY,24958.05,1755836833
NIFTY,24957.75,1755836834
NIFTY,24957.95,1755836834
NIFTY,24958.2,1755836835
NIFTY,24958.35,1755836835
NIFTY,24958.25,1755836836
NIFTY,24958.3,1755836836
NIFTY,24958.1,1755836837
NIFTY,24958.9,1755836837
NIFTY,24959.05,1755836838
NIFTY,24959.2,1755836838
NIFTY,24958.9,1755836839
NIFTY,24958.6,1755836839
NIFTY,24959.5,1755836840
NIFTY,24959.1,1755836840
NIFTY,24958.65,1755836841
NIFTY,24959.1,1755836841
NIFTY,24958.75,1755836842
NIFTY,24958.7,1755836842
NIFTY,24957.05,1755836843
NIFTY,24956.4,1755836844
NIFTY,24956.8,1755836844
NIFTY,24957.75,1755836845
NIFTY,24957.95,1755836845
NIFTY,24958.35,1755836846
NIFTY,24958.9,1755836847
NIFTY,24958.95,1755836847
NIFTY,24959.1,1755836848
NIFTY,24958.85,1755836848
NIFTY,24958.65,1755836849
NIFTY,24958.1,1755836849
NIFTY,24958,1755836850
NIFTY,24957.65,1755836850
NIFTY,24957.4,1755836851
NIFTY,24957.35,1755836851
NIFTY,24957.55,1755836852
NIFTY,24958,1755836852
NIFTY,24957.3,1755836853
NIFTY,24956.5,1755836853
NIFTY,24956.75,1755836854
NIFTY,24956.55,1755836854
NIFTY,24956.3,1755836855
NIFTY,24956.45,1755836855
NIFTY,24955.65,1755836856
NIFTY,24956.2,1755836856
NIFTY,24955.9,1755836857
NIFTY,24956.15,1755836857
NIFTY,24956.55,1755836858
NIFTY,24955.7,1755836858
NIFTY,24955.6,1755836859
NIFTY,24955.1,1755836859
NIFTY,24955.5,1755836860
NIFTY,24954.6,1755836860
NIFTY,24953.65,1755836861
NIFTY,24954.95,1755836861
NIFTY,24954.6,1755836862
NIFTY,24954.35,1755836862
NIFTY,24954.1,1755836863
NIFTY,24953.2,1755836863
NIFTY,24954.45,1755836864
NIFTY,24955,1755836864
NIFTY,24955.05,1755836865
NIFTY,24954.6,1755836865
NIFTY,24955.3,1755836866
NIFTY,24955.5,1755836866
NIFTY,24955.25,1755836867
NIFTY,24955.4,1755836867
NIFTY,24955.85,1755836868
NIFTY,24954.9,1755836869
NIFTY,24955.2,1755836869
NIFTY,24954.95,1755836870
NIFTY,24955.1,1755836870
NIFTY,24954.8,1755836871
NIFTY,24955.15,1755836872
NIFTY,24955,1755836872
NIFTY,24954.9,1755836873
NIFTY,24954.95,1755836873
NIFTY,24954.35,1755836874
NIFTY,24954.9,1755836874
NIFTY,24955.05,1755836875
NIFTY,24954,1755836875
NIFTY,24954.15,1755836876
NIFTY,24954.35,1755836876
NIFTY,24954.65,1755836877
NIFTY,24954.7,1755836877
NIFTY,24954.65,1755836878
NIFTY,24954.75,1755836878
NIFTY,24954.4,1755836879
NIFTY,24954.7,1755836879
NIFTY,24953.9,1755836880
NIFTY,24954.3,1755836880
NIFTY,24954.4,1755836881
NIFTY,24955.4,1755836881
NIFTY,24955.65,1755836882
NIFTY,24955.95,1755836882
NIFTY,24955.3,1755836883
NIFTY,24955.75,1755836883
NIFTY,24956.05,1755836884
NIFTY,24956.5,1755836885
NIFTY,24956.4,1755836885
NIFTY,24956.75,1755836886
NIFTY,24956.85,1755836886
NIFTY,24956.7,1755836887
NIFTY,24956.55,1755836887
NIFTY,24956.9,1755836888
NIFTY,24956.45,1755836888
NIFTY,24956.35,1755836889
NIFTY,24956.65,1755836889
NIFTY,24958.05,1755836890
NIFTY,24958.3,1755836890
NIFTY,24957.85,1755836891
NIFTY,24958.25,1755836891
NIFTY,24958.1,1755836892
NIFTY,24958.2,1755836892
NIFTY,24958.4,1755836893
NIFTY,24958.55,1755836893
NIFTY,24957.75,1755836894
NIFTY,24959.65,1755836894
NIFTY,24959.45,1755836895
NIFTY,24960.1,1755836895
NIFTY,24960,1755836896
NIFTY,24960.05,1755836896
NIFTY,24960,1755836897
NIFTY,24960.3,1755836897
NIFTY,24959.85,1755836898
NIFTY,24959.75,1755836898
NIFTY,24960.35,1755836899
NIFTY,24959.85,1755836899
NIFTY,24960.6,1755836900
NIFTY,24960.8,1755836900
NIFTY,24960.95,1755836901
NIFTY,24959.85,1755836902
NIFTY,24960.75,1755836902
NIFTY,24959.7,1755836903
NIFTY,24960,1755836903
NIFTY,24960.4,1755836904
NIFTY,24961.15,1755836904
NIFTY,24961.1,1755836905
NIFTY,24960.15,1755836905
NIFTY,24959.85,1755836906
NIFTY,24960.85,1755836906
NIFTY,24961.3,1755836907
NIFTY,24961.35,1755836907
NIFTY,24961.45,1755836908
NIFTY,24960.45,1755836908
NIFTY,24961.2,1755836909
NIFTY,24961.15,1755836909
NIFTY,24961.3,1755836910
NIFTY,24961.8,1755836910
NIFTY,24961.9,1755836911
NIFTY,24960.65,1755836911
NIFTY,24960.3,1755836912
NIFTY,24961.35,1755836912
NIFTY,24960.15,1755836913
NIFTY,24960.05,1755836913
NIFTY,24960.2,1755836914
NIFTY,24961.45,1755836914
NIFTY,24961.85,1755836915
NIFTY,24961.9,1755836916
NIFTY,24962.05,1755836916
NIFTY,24961.1,1755836917
NIFTY,24961.7,1755836917
NIFTY,24961.85,1755836918
NIFTY,24961.35,1755836918
NIFTY,24961.55,1755836919
NIFTY,24961.4,1755836919
NIFTY,24961.85,1755836920
NIFTY,24962.05,1755836920
NIFTY,24961.85,1755836921
NIFTY,24961.35,1755836921
NIFTY,24961.5,1755836922
NIFTY,24961.7,1755836922
NIFTY,24962,1755836923
NIFTY,24962.45,1755836923
NIFTY,24962.15,1755836924
NIFTY,24962.8,1755836924
NIFTY,24962.6,1755836925
NIFTY,24962.85,1755836925
NIFTY,24963.1,1755836926
NIFTY,24963.05,1755836926
NIFTY,24963.4,1755836927
NIFTY,24963.5,1755836927
NIFTY,24963.85,1755836928
NIFTY,24964.15,1755836928
NIFTY,24964.25,1755836929
NIFTY,24964.4,1755836929
NIFTY,24964.7,1755836930
NIFTY,24964.25,1755836930
NIFTY,24964.55,1755836931
NIFTY,24964.75,1755836931
NIFTY,24964.65,1755836932
NIFTY,24964.9,1755836932
NIFTY,24964.8,1755836933
NIFTY,24965.15,1755836933
NIFTY,24964.9,1755836934
NIFTY,24965.2,1755836934
NIFTY,24965.15,1755836935
NIFTY,24965.4,1755836935
NIFTY,24965.45,1755836936
NIFTY,24965,1755836936
NIFTY,24965.4,1755836937
NIFTY,24965.2,1755836937
NIFTY,24964.75,1755836938
NIFTY,24964.85,1755836938
NIFTY,24965.25,1755836939
NIFTY,24964.3,1755836939
NIFTY,24965.6,1755836940
NIFTY,24965.5,1755836940
NIFTY,24964.9,1755836941
NIFTY,24965.4,1755836941
NIFTY,24965.1,1755836942
NIFTY,24964.4,1755836942
NIFTY,24964.45,1755836943
NIFTY,24965.3,1755836943
NIFTY,24965.95,1755836944
NIFTY,24965.8,1755836944
NIFTY,24964.75,1755836945
NIFTY,24965.5,1755836945
NIFTY,24964.3,1755836946
NIFTY,24965.25,1755836946
NIFTY,24964.35,1755836947
NIFTY,24964,1755836947
NIFTY,24964.75,1755836948
NIFTY,24965.45,1755836948
NIFTY,24966.55,1755836949
NIFTY,24967.05,1755836950
NIFTY,24967.15,1755836950
NIFTY,24967,1755836951
NIFTY,24966.5,1755836951
NIFTY,24965.1,1755836952
NIFTY,24966,1755836952
NIFTY,24964.8,1755836953
NIFTY,24965.45,1755836953
NIFTY,24966,1755836954
NIFTY,24966.3,1755836954
NIFTY,24967.05,1755836955
NIFTY,24966.7,1755836955
NIFTY,24966.8,1755836956
NIFTY,24966.9,1755836956
NIFTY,24967.05,1755836957
NIFTY,24967,1755836957
NIFTY,24966.6,1755836958
NIFTY,24967.35,1755836958
NIFTY,24967.75,1755836959
NIFTY,24966.9,1755836959
NIFTY,24967.7,1755836960
NIFTY,24967.4,1755836960
NIFTY,24967.3,1755836961
NIFTY,24966.65,1755836961
NIFTY,24966.7,1755836962
NIFTY,24966.5,1755836962
NIFTY,24966,1755836963
NIFTY,24966.35,1755836963
NIFTY,24966.65,1755836964
NIFTY,24966.7,1755836964
NIFTY,24967,1755836965
NIFTY,24965.9,1755836965
NIFTY,24966.5,1755836966
NIFTY,24966.25,1755836966
NIFTY,24966.3,1755836967
NIFTY,24966.1,1755836967
NIFTY,24965.35,1755836968
NIFTY,24965.95,1755836968
NIFTY,24965.85,1755836969
NIFTY,24965.2,1755836969
NIFTY,24965.6,1755836970
NIFTY,24966.05,1755836970
NIFTY,24965.6,1755836971
NIFTY,24965.7,1755836971
NIFTY,24965.85,1755836972
NIFTY,24965.9,1755836972
NIFTY,24965,1755836973
NIFTY,24965.25,1755836973
NIFTY,24966,1755836974
NIFTY,24966.2,1755836975
NIFTY,24966.25,1755836975
NIFTY,24966.3,1755836976
NIFTY,24965.95,1755836977
NIFTY,24965.85,1755836978
NIFTY,24965.75,1755836979
NIFTY,24965.55,1755836980
NIFTY,24965.35,1755836980
NIFTY,24965.3,1755836981
NIFTY,24965.6,1755836981
NIFTY,24963.85,1755836982
NIFTY,24963.8,1755836982
NIFTY,24963.15,1755836983
NIFTY,24963.3,1755836983
NIFTY,24963.2,1755836984
NIFTY,24963,1755836984
NIFTY,24962.75,1755836985
NIFTY,24963.05,1755836985
NIFTY,24963.15,1755836986
NIFTY,24963.2,1755836986
NIFTY,24963.25,1755836987
NIFTY,24963.75,1755836987
NIFTY,24963.45,1755836988
NIFTY,24963.35,1755836989
NIFTY,24961.8,1755836989
NIFTY,24962.25,1755836990
NIFTY,24962.4,1755836990
NIFTY,24961.55,1755836991
NIFTY,24961.8,1755836991
NIFTY,24961.95,1755836992
NIFTY,24962.1,1755836992
NIFTY,24961.85,1755836993
NIFTY,24962.35,1755836993
NIFTY,24962.25,1755836994
NIFTY,24962,1755836995
NIFTY,24961.9,1755836996
NIFTY,24961.95,1755836996
NIFTY,24961.85,1755836997
NIFTY,24962.05,1755836997
NIFTY,24961.9,1755836998
NIFTY,24961.6,1755836998
NIFTY,24961.5,1755836999
NIFTY,24961,1755836999
NIFTY,24960.85,1755837000
NIFTY,24961.5,1755837000
NIFTY,24961,1755837001
NIFTY,24961.15,1755837001
NIFTY,24961.75,1755837002
NIFTY,24961.15,1755837002
NIFTY,24960.45,1755837003
NIFTY,24960.5,1755837003
NIFTY,24961.15,1755837004
NIFTY,24960.75,1755837004
NIFTY,24960.5,1755837005
NIFTY,24960.35,1755837005
NIFTY,24960.05,1755837006
NIFTY,24959.4,1755837006
NIFTY,24959.85,1755837007
NIFTY,24959.45,1755837007
NIFTY,24959.2,1755837008
NIFTY,24959.3,1755837008
NIFTY,24959.6,1755837009
NIFTY,24958.9,1755837009
NIFTY,24958.95,1755837010
NIFTY,24958.85,1755837010
NIFTY,24958.95,1755837011
NIFTY,24958.7,1755837011
NIFTY,24958.6,1755837012
NIFTY,24958.45,1755837012
NIFTY,24958.15,1755837013
NIFTY,24957.45,1755837013
NIFTY,24957.25,1755837014
NIFTY,24956.95,1755837014
NIFTY,24957.05,1755837015
NIFTY,24957.95,1755837015
NIFTY,24957.8,1755837016
NIFTY,24958.4,1755837016
NIFTY,24959.05,1755837017
NIFTY,24958.75,1755837017
NIFTY,24957.65,1755837018
NIFTY,24958.45,1755837018
NIFTY,24958.95,1755837019
NIFTY,24958.85,1755837019
NIFTY,24958.65,1755837020
NIFTY,24958.45,1755837020
NIFTY,24958.3,1755837021
NIFTY,24958.9,1755837021
NIFTY,24958.3,1755837022
NIFTY,24958.6,1755837022
NIFTY,24957.15,1755837023
NIFTY,24958.15,1755837023
NIFTY,24957.95,1755837024
NIFTY,24958.15,1755837024
NIFTY,24958.75,1755837025
NIFTY,24957.6,1755837025
NIFTY,24957.55,1755837026
NIFTY,24958.7,1755837026
NIFTY,24959.05,1755837027
NIFTY,24959.1,1755837027
NIFTY,24959.05,1755837028
NIFTY,24958.9,1755837028
NIFTY,24958.45,1755837029
NIFTY,24957.8,1755837030
NIFTY,24958.85,1755837030
NIFTY,24958.8,1755837031
NIFTY,24958.95,1755837031
NIFTY,24958.45,1755837032
NIFTY,24958.15,1755837033
NIFTY,24958.3,1755837034
NIFTY,24958.35,1755837035
NIFTY,24958.45,1755837035
NIFTY,24958,1755837036
NIFTY,24957.65,1755837036
NIFTY,24957.9,1755837037
NIFTY,24958.05,1755837037
NIFTY,24958.55,1755837038
NIFTY,24958.5,1755837038
NIFTY,24958,1755837039
NIFTY,24958.05,1755837039
NIFTY,24957.75,1755837040
NIFTY,24957.85,1755837040
NIFTY,24957.95,1755837041
NIFTY,24957.8,1755837041
NIFTY,24958.1,1755837042
NIFTY,24958.05,1755837042
NIFTY,24958.5,1755837043
NIFTY,24958.7,1755837043
NIFTY,24958.6,1755837044
NIFTY,24959,1755837044
NIFTY,24959.3,1755837045
NIFTY,24958.9,1755837045
NIFTY,24959.1,1755837046
NIFTY,24959.4,1755837046
NIFTY,24959.45,1755837047
NIFTY,24959.5,1755837047
NIFTY,24958.8,1755837048
NIFTY,24958.95,1755837049
NIFTY,24959.5,1755837050
NIFTY,24959.7,1755837050
NIFTY,24959.35,1755837051
NIFTY,24959.05,1755837051
NIFTY,24959.5,1755837052
NIFTY,24959.4,1755837053
NIFTY,24960,1755837053
NIFTY,24959.8,1755837054
NIFTY,24959.9,1755837054
NIFTY,24960,1755837055
NIFTY,24959.9,1755837055
NIFTY,24959.55,1755837056
NIFTY,24959.85,1755837056
NIFTY,24960,1755837057
NIFTY,24959.6,1755837058
NIFTY,24959.25,1755837059
NIFTY,24959.15,1755837059
NIFTY,24959.2,1755837060
NIFTY,24959.3,1755837060
NIFTY,24959,1755837061
NIFTY,24958.9,1755837061
NIFTY,24958.05,1755837062
NIFTY,24958.6,1755837062
NIFTY,24958.4,1755837063
NIFTY,24957.95,1755837063
NIFTY,24958.3,1755837064
NIFTY,24958,1755837064
NIFTY,24958.65,1755837065
NIFTY,24958.2,1755837065
NIFTY,24957.7,1755837066
NIFTY,24958.15,1755837066
NIFTY,24957.95,1755837067
NIFTY,24957.15,1755837067
NIFTY,24958.05,1755837068
NIFTY,24958.6,1755837068
NIFTY,24958.45,1755837069
NIFTY,24958.55,1755837069
NIFTY,24959.25,1755837070
NIFTY,24959.2,1755837070
NIFTY,24959.25,1755837071
NIFTY,24959.35,1755837071
NIFTY,24959.15,1755837072
NIFTY,24959.1,1755837072
NIFTY,24958.65,1755837073
NIFTY,24959.4,1755837073
NIFTY,24960.15,1755837074
NIFTY,24958.55,1755837074
NIFTY,24958.9,1755837075
NIFTY,24959.2,1755837075
NIFTY,24958.85,1755837076
NIFTY,24958.9,1755837076
NIFTY,24958.05,1755837077
NIFTY,24958.2,1755837077
NIFTY,24957.6,1755837078
NIFTY,24957.75,1755837078
NIFTY,24958.25,1755837079
NIFTY,24958.3,1755837079
NIFTY,24957.4,1755837080
NIFTY,24956.35,1755837080
NIFTY,24955.95,1755837082
NIFTY,24956.75,1755837082
NIFTY,24955.45,1755837083
NIFTY,24955.55,1755837083
NIFTY,24955.4,1755837084
NIFTY,24955.7,1755837084
NIFTY,24955.75,1755837085
NIFTY,24955.05,1755837085
NIFTY,24954.9,1755837086
NIFTY,24954.45,1755837086
NIFTY,24953.6,1755837087
NIFTY,24953.65,1755837087
NIFTY,24954.15,1755837088
NIFTY,24954.6,1755837088
NIFTY,24953.85,1755837089
NIFTY,24954.05,1755837089
NIFTY,24953.6,1755837090
NIFTY,24952.6,1755837090
NIFTY,24951.9,1755837091
NIFTY,24952,1755837091
NIFTY,24951.25,1755837092
NIFTY,24952.3,1755837092
NIFTY,24952.2,1755837093
NIFTY,24952.5,1755837093
NIFTY,24952.1,1755837094
NIFTY,24952.45,1755837094
NIFTY,24953.55,1755837095
NIFTY,24953.9,1755837095
NIFTY,24954.05,1755837096
NIFTY,24953.5,1755837096
NIFTY,24954.15,1755837097
NIFTY,24954.55,1755837097
NIFTY,24952.8,1755837098
NIFTY,24953.25,1755837098
NIFTY,24953.2,1755837099
NIFTY,24954.05,1755837099
NIFTY,24953.45,1755837100
NIFTY,24952.7,1755837100
NIFTY,24954.1,1755837101
NIFTY,24954.8,1755837101
NIFTY,24954.5,1755837102
NIFTY,24954.05,1755837102
NIFTY,24953.25,1755837103
NIFTY,24952.65,1755837104
NIFTY,24951.85,1755837104
NIFTY,24951.75,1755837105
NIFTY,24952.9,1755837105
NIFTY,24952.4,1755837106
NIFTY,24952.35,1755837106
NIFTY,24950.6,1755837107
NIFTY,24950.85,1755837107
NIFTY,24950.7,1755837108
NIFTY,24950.15,1755837108
NIFTY,24950.35,1755837109
NIFTY,24951,1755837109
NIFTY,24951.1,1755837110
NIFTY,24950.35,1755837110
NIFTY,24951.2,1755837111
NIFTY,24951.1,1755837111
NIFTY,24950.95,1755837112
NIFTY,24950.8,1755837113
NIFTY,24951.5,1755837113
NIFTY,24950.8,1755837114
NIFTY,24951,1755837114
NIFTY,24951.4,1755837115
NIFTY,24951.45,1755837115
NIFTY,24951.7,1755837117
NIFTY,24951.55,1755837117
NIFTY,24951.3,1755837118
NIFTY,24951.4,1755837118
NIFTY,24951.65,1755837119
NIFTY,24952.2,1755837119
NIFTY,24952.4,1755837120
NIFTY,24952.85,1755837120
NIFTY,24952.25,1755837121
NIFTY,24952.75,1755837121
NIFTY,24952.2,1755837122
NIFTY,24952.4,1755837122
NIFTY,24951.85,1755837123
NIFTY,24951.55,1755837123
NIFTY,24952.1,1755837124
NIFTY,24951.75,1755837124
NIFTY,24952.35,1755837125
NIFTY,24952.1,1755837125
NIFTY,24951.9,1755837126
NIFTY,24951.45,1755837126
NIFTY,24951.95,1755837127
NIFTY,24951.6,1755837127
NIFTY,24951.95,1755837128
NIFTY,24951.5,1755837128
NIFTY,24951.6,1755837129
NIFTY,24950.8,1755837129
NIFTY,24951.1,1755837130
NIFTY,24952.15,1755837130
NIFTY,24951.85,1755837131
NIFTY,24951.7,1755837131
NIFTY,24951.9,1755837132
NIFTY,24952.25,1755837133
NIFTY,24952.45,1755837134
NIFTY,24952.65,1755837134
NIFTY,24952.7,1755837135
NIFTY,24954.05,1755837135
NIFTY,24953.8,1755837136
NIFTY,24953.75,1755837136
NIFTY,24954.1,1755837137
NIFTY,24954.25,1755837137
NIFTY,24953.8,1755837138
NIFTY,24953.9,1755837138
NIFTY,24953.65,1755837139
NIFTY,24953.85,1755837139
NIFTY,24954.4,1755837140
NIFTY,24954.55,1755837140
NIFTY,24954.1,1755837141
NIFTY,24954.2,1755837141
NIFTY,24954.25,1755837142
NIFTY,24954.05,1755837142
NIFTY,24954.55,1755837143
NIFTY,24954.4,1755837143
NIFTY,24954.45,1755837144
NIFTY,24954.55,1755837144
NIFTY,24954.8,1755837145
NIFTY,24954.75,1755837145
NIFTY,24954.15,1755837146
NIFTY,24954.2,1755837146
NIFTY,24954.75,1755837147
NIFTY,24954.4,1755837147
NIFTY,24955.25,1755837148
NIFTY,24954.95,1755837148
NIFTY,24955.3,1755837149
NIFTY,24955,1755837149
NIFTY,24955.85,1755837150
NIFTY,24955.95,1755837150
NIFTY,24955.3,1755837151
NIFTY,24955,1755837152
NIFTY,24954.8,1755837153
NIFTY,24954.75,1755837153
NIFTY,24954.9,1755837154
NIFTY,24954.85,1755837154
NIFTY,24954.9,1755837155
NIFTY,24954.6,1755837155
NIFTY,24954.7,1755837156
NIFTY,24954.65,1755837156
NIFTY,24954.75,1755837157
NIFTY,24954,1755837157
NIFTY,24954.8,1755837158
NIFTY,24954.85,1755837158
NIFTY,24954.15,1755837159
NIFTY,24954.3,1755837159
NIFTY,24953.35,1755837160
NIFTY,24953.5,1755837160
NIFTY,24953,1755837161
NIFTY,24953.65,1755837161
NIFTY,24953.55,1755837162
NIFTY,24953.5,1755837162
NIFTY,24951.85,1755837163
NIFTY,24952.75,1755837163
NIFTY,24952.8,1755837164
NIFTY,24952.35,1755837164
NIFTY,24951.95,1755837165
NIFTY,24952.05,1755837165
NIFTY,24952.3,1755837166
NIFTY,24951.8,1755837166
NIFTY,24951.4,1755837167
NIFTY,24951.05,1755837168
NIFTY,24950.4,1755837168
NIFTY,24950,1755837169
NIFTY,24949.95,1755837169
NIFTY,24949.55,1755837170
NIFTY,24949.55,1755837170
NIFTY,24949.2,1755837171
NIFTY,24949.05,1755837171
NIFTY,24948.3,1755837172
NIFTY,24949,1755837172
NIFTY,24948.75,1755837173
NIFTY,24948.25,1755837173
NIFTY,24948.75,1755837174
NIFTY,24948.1,1755837174
NIFTY,24948.35,1755837175
NIFTY,24948.55,1755837175
NIFTY,24948.5,1755837176
NIFTY,24947.95,1755837176
NIFTY,24948.45,1755837177
NIFTY,24948.2,1755837177
NIFTY,24947.95,1755837178
NIFTY,24947.85,1755837178
NIFTY,24947.55,1755837179
NIFTY,24948.15,1755837179
NIFTY,24948.9,1755837180
NIFTY,24948.8,1755837180
NIFTY,24948.6,1755837181
NIFTY,24948.8,1755837181
NIFTY,24948.55,1755837182
NIFTY,24948.7,1755837182
NIFTY,24947.55,1755837183
NIFTY,24947.45,1755837184
NIFTY,24948.45,1755837184
NIFTY,24948.25,1755837185
NIFTY,24948.8,1755837185
NIFTY,24948.4,1755837186
NIFTY,24948.45,1755837186
NIFTY,24948.7,1755837187
NIFTY,24948.6,1755837187
NIFTY,24948.2,1755837188
NIFTY,24948.85,1755837188
NIFTY,24948.25,1755837189
NIFTY,24948.5,1755837189
NIFTY,24948.55,1755837190
NIFTY,24948.15,1755837190
NIFTY,24948.25,1755837191
NIFTY,24948,1755837191
NIFTY,24948.4,1755837192
NIFTY,24947.85,1755837192
NIFTY,24947.25,1755837193
NIFTY,24947,1755837193
NIFTY,24946.95,1755837194
NIFTY,24946.05,1755837194
NIFTY,24946,1755837195
NIFTY,24946,1755837195
NIFTY,24946,1755837196
NIFTY,24946.15,1755837196
NIFTY,24946.2,1755837197
NIFTY,24946.35,1755837197
NIFTY,24946.6,1755837198
NIFTY,24946.2,1755837198
NIFTY,24946.35,1755837199
NIFTY,24946,1755837199
NIFTY,24946.65,1755837200
NIFTY,24947,1755837200
NIFTY,24948.2,1755837201
NIFTY,24947.7,1755837201
NIFTY,24948.15,1755837202
NIFTY,24948.1,1755837202
NIFTY,24947.75,1755837203
NIFTY,24947.3,1755837203
NIFTY,24947,1755837204
NIFTY,24947.7,1755837204
NIFTY,24947.75,1755837205
NIFTY,24948,1755837205
NIFTY,24948.35,1755837206
NIFTY,24948.4,1755837206
NIFTY,24948.5,1755837207
NIFTY,24948.75,1755837207
NIFTY,24948.35,1755837208
NIFTY,24948.45,1755837208
NIFTY,24948.4,1755837209
NIFTY,24948,1755837209
NIFTY,24948.35,1755837210
NIFTY,24948.3,1755837211
NIFTY,24947.75,1755837211
NIFTY,24947.5,1755837212
NIFTY,24947.55,1755837212
NIFTY,24947.6,1755837213
NIFTY,24947.35,1755837213
NIFTY,24947.7,1755837214
NIFTY,24947.3,1755837214
NIFTY,24947.5,1755837215
NIFTY,24947.55,1755837215
NIFTY,24947.8,1755837216
NIFTY,24948.1,1755837216
NIFTY,24947.65,1755837217
NIFTY,24947.5,1755837217
NIFTY,24948.35,1755837218
NIFTY,24948,1755837218
NIFTY,24948.3,1755837219
NIFTY,24948.25,1755837219
NIFTY,24948.4,1755837220
NIFTY,24948.05,1755837220
NIFTY,24948.4,1755837221
NIFTY,24948.3,1755837221
NIFTY,24948.1,1755837222
NIFTY,24948.05,1755837223
NIFTY,24948.15,1755837223
NIFTY,24948.2,1755837224
NIFTY,24948.5,1755837225
NIFTY,24948.25,1755837226
NIFTY,24947.85,1755837226
NIFTY,24947.95,1755837227
NIFTY,24948.6,1755837227
NIFTY,24949,1755837228
NIFTY,24949.3,1755837228
NIFTY,24948.95,1755837229
NIFTY,24949.2,1755837229
NIFTY,24949,1755837230
NIFTY,24949.95,1755837230
NIFTY,24950.35,1755837231
NIFTY,24950.5,1755837231
NIFTY,24949.6,1755837232
NIFTY,24950.15,1755837232
NIFTY,24949.15,1755837233
NIFTY,24950.05,1755837233
NIFTY,24950.15,1755837234
NIFTY,24949.95,1755837234
NIFTY,24950.3,1755837235
NIFTY,24951.45,1755837235
NIFTY,24951.55,1755837236
NIFTY,24951.15,1755837237
NIFTY,24951.3,1755837237
NIFTY,24951.35,1755837238
NIFTY,24950.85,1755837238
NIFTY,24951,1755837239
NIFTY,24951.1,1755837239
NIFTY,24951.2,1755837240
NIFTY,24951.95,1755837240
NIFTY,24951.9,1755837241
NIFTY,24951.5,1755837241
NIFTY,24951.2,1755837242
NIFTY,24951.6,1755837242
NIFTY,24951.95,1755837243
NIFTY,24951.45,1755837244
NIFTY,24951.85,1755837244
NIFTY,24952.15,1755837245
NIFTY,24952.3,1755837245
NIFTY,24951.7,1755837246
NIFTY,24952.05,1755837246
NIFTY,24951.6,1755837247
NIFTY,24951.85,1755837247
NIFTY,24952.95,1755837248
NIFTY,24953.55,1755837248
NIFTY,24952.9,1755837249
NIFTY,24954.1,1755837249
NIFTY,24954.2,1755837250
NIFTY,24953.8,1755837250
NIFTY,24953.7,1755837251
NIFTY,24953.5,1755837251
NIFTY,24953.15,1755837252
NIFTY,24953.7,1755837252
NIFTY,24952.85,1755837253
NIFTY,24953.65,1755837253
NIFTY,24953.25,1755837254
NIFTY,24952.9,1755837254
NIFTY,24953.85,1755837255
NIFTY,24953.45,1755837255
NIFTY,24954.05,1755837256
NIFTY,24953.85,1755837256
NIFTY,24953.7,1755837257
NIFTY,24952.8,1755837257
NIFTY,24952.75,1755837258
NIFTY,24952.2,1755837258
NIFTY,24953.1,1755837259
NIFTY,24953.25,1755837259
NIFTY,24953.45,1755837260
NIFTY,24952.8,1755837260
NIFTY,24953.65,1755837261
NIFTY,24953.4,1755837261
NIFTY,24953.1,1755837262
NIFTY,24953,1755837262
NIFTY,24953.7,1755837263
NIFTY,24953.8,1755837263
NIFTY,24953.15,1755837264
NIFTY,24954.15,1755837264
NIFTY,24953.7,1755837265
NIFTY,24954.55,1755837265
NIFTY,24954.4,1755837266
NIFTY,24954.9,1755837266
NIFTY,24954.75,1755837267
NIFTY,24955,1755837267
NIFTY,24955.55,1755837268
NIFTY,24954.95,1755837268
NIFTY,24954.85,1755837269
NIFTY,24954.75,1755837269
NIFTY,24955.2,1755837270
NIFTY,24954.8,1755837270
NIFTY,24955.1,1755837271
NIFTY,24955.05,1755837271
NIFTY,24955.5,1755837272
NIFTY,24955.65,1755837272
NIFTY,24955.6,1755837273
NIFTY,24955.65,1755837273
NIFTY,24955.4,1755837274
NIFTY,24955.95,1755837274
NIFTY,24955.2,1755837275
NIFTY,24956.3,1755837275
NIFTY,24956,1755837276
NIFTY,24955.5,1755837276
NIFTY,24955.7,1755837277
NIFTY,24955.75,1755837277
NIFTY,24955.85,1755837278
NIFTY,24955.95,1755837278
NIFTY,24956.55,1755837279
NIFTY,24956.3,1755837279
NIFTY,24956.7,1755837280
NIFTY,24956.5,1755837280
NIFTY,24957.3,1755837281
NIFTY,24955.8,1755837281
NIFTY,24957.25,1755837282
NIFTY,24956.7,1755837282
NIFTY,24957.2,1755837283
NIFTY,24955.6,1755837284
NIFTY,24956.3,1755837284
NIFTY,24957.1,1755837285
NIFTY,24956.7,1755837285
NIFTY,24957.2,1755837286
NIFTY,24957.15,1755837286
NIFTY,24957.6,1755837287
NIFTY,24957.85,1755837287
NIFTY,24958.45,1755837288
NIFTY,24958.9,1755837288
NIFTY,24958.85,1755837289
NIFTY,24959.05,1755837290
NIFTY,24959.2,1755837290
NIFTY,24958.55,1755837291
NIFTY,24958.9,1755837291
NIFTY,24958.7,1755837292
NIFTY,24958.4,1755837292
NIFTY,24958.6,1755837293
NIFTY,24959.05,1755837293
NIFTY,24958.7,1755837294
NIFTY,24958.2,1755837294
NIFTY,24958.3,1755837295
NIFTY,24958.1,1755837295
NIFTY,24958.7,1755837296
NIFTY,24959.15,1755837296
NIFTY,24959.45,1755837297
NIFTY,24959.15,1755837297
NIFTY,24959,1755837298
NIFTY,24959.55,1755837298
NIFTY,24959.3,1755837299
NIFTY,24959.35,1755837299
NIFTY,24958.9,1755837300
NIFTY,24959.35,1755837300
NIFTY,24958.8,1755837301
NIFTY,24959.2,1755837301
NIFTY,24959.05,1755837302
NIFTY,24959.25,1755837302
NIFTY,24958.05,1755837303
NIFTY,24958.3,1755837303
NIFTY,24958.55,1755837304
NIFTY,24958.05,1755837304
NIFTY,24958.2,1755837305
NIFTY,24958.45,1755837305
NIFTY,24958.7,1755837306
NIFTY,24959.05,1755837307
NIFTY,24960.15,1755837307
NIFTY,24959.95,1755837308
NIFTY,24958.8,1755837308
NIFTY,24959.5,1755837309
NIFTY,24958.35,1755837309
NIFTY,24958.75,1755837310
NIFTY,24958.3,1755837310
NIFTY,24958.65,1755837311
NIFTY,24958.15,1755837311
NIFTY,24957.4,1755837312
NIFTY,24957.45,1755837312
NIFTY,24957.25,1755837313
NIFTY,24956.45,1755837313
NIFTY,24956.2,1755837314
NIFTY,24955.9,1755837314
NIFTY,24956.15,1755837315
NIFTY,24956.45,1755837315
NIFTY,24956.4,1755837316
NIFTY,24956.25,1755837316
NIFTY,24956.05,1755837317
NIFTY,24955.95,1755837317
NIFTY,24956.1,1755837318
NIFTY,24956.4,1755837318
NIFTY,24956.15,1755837319
NIFTY,24956.5,1755837319
NIFTY,24956.25,1755837320
NIFTY,24956,1755837320
NIFTY,24955.8,1755837321
NIFTY,24955.65,1755837321
NIFTY,24956.4,1755837322
NIFTY,24956.55,1755837322
NIFTY,24956.1,1755837323
NIFTY,24955.5,1755837323
NIFTY,24955.2,1755837324
NIFTY,24955.5,1755837324
NIFTY,24955.3,1755837325
NIFTY,24955.55,1755837325
NIFTY,24956.15,1755837326
NIFTY,24956.5,1755837326
NIFTY,24956.45,1755837327
NIFTY,24956.85,1755837327
NIFTY,24956.6,1755837328
NIFTY,24957.95,1755837328
NIFTY,24957.6,1755837329
NIFTY,24958.1,1755837330
NIFTY,24957.95,1755837330
NIFTY,24957.75,1755837331
NIFTY,24957.9,1755837331
NIFTY,24957.3,1755837332
NIFTY,24957.55,1755837332
NIFTY,24957.25,1755837333
NIFTY,24957.2,1755837333
NIFTY,24957.6,1755837334
NIFTY,24957.55,1755837334
NIFTY,24957.45,1755837335
NIFTY,24957.3,1755837335
NIFTY,24957.85,1755837336
NIFTY,24958.4,1755837336
NIFTY,24958,1755837337
NIFTY,24958.55,1755837337
NIFTY,24958.5,1755837338
NIFTY,24958.8,1755837339
NIFTY,24959.25,1755837339
NIFTY,24959.4,1755837340
NIFTY,24959.6,1755837340
NIFTY,24959.2,1755837341
NIFTY,24959.3,1755837341
NIFTY,24958.8,1755837342
NIFTY,24959.5,1755837342
NIFTY,24959.15,1755837343
NIFTY,24959.25,1755837343
NIFTY,24959.35,1755837344
NIFTY,24959.55,1755837344
NIFTY,24959.8,1755837345
NIFTY,24960,1755837345
NIFTY,24959.75,1755837346
NIFTY,24960.6,1755837346
NIFTY,24960.1,1755837347
NIFTY,24960.5,1755837347
NIFTY,24961.15,1755837348
NIFTY,24961.35,1755837348
NIFTY,24961,1755837349
NIFTY,24961.95,1755837349
NIFTY,24962.45,1755837350
NIFTY,24963.6,1755837350
NIFTY,24961.45,1755837352
NIFTY,24962.6,1755837352
NIFTY,24962.9,1755837353
NIFTY,24962.65,1755837353
NIFTY,24963.15,1755837354
NIFTY,24963.4,1755837354
NIFTY,24963.7,1755837355
NIFTY,24963.5,1755837355
NIFTY,24963.55,1755837356
NIFTY,24963.45,1755837356
NIFTY,24963.6,1755837357
NIFTY,24963.7,1755837357
NIFTY,24963.8,1755837358
NIFTY,24964,1755837358
NIFTY,24963.55,1755837359
NIFTY,24963.95,1755837359
NIFTY,24964.7,1755837360
NIFTY,24963.85,1755837361
NIFTY,24964.8,1755837361
NIFTY,24965.15,1755837362
NIFTY,24964.4,1755837362
NIFTY,24964.65,1755837363
NIFTY,24964.5,1755837363
NIFTY,24965.2,1755837364
NIFTY,24965.25,1755837364
NIFTY,24965.55,1755837365
NIFTY,24965.85,1755837365
NIFTY,24966.35,1755837366
NIFTY,24965.65,1755837366
NIFTY,24965.5,1755837367
NIFTY,24965.15,1755837367
NIFTY,24965.35,1755837368
NIFTY,24964.95,1755837368
NIFTY,24964.6,1755837369
NIFTY,24964.1,1755837369
NIFTY,24965.35,1755837370
NIFTY,24965.5,1755837370
NIFTY,24965.25,1755837371
NIFTY,24966,1755837371
NIFTY,24965.25,1755837372
NIFTY,24965.6,1755837372
NIFTY,24965.15,1755837373
NIFTY,24965.45,1755837373
NIFTY,24965.35,1755837374
NIFTY,24965.2,1755837374
NIFTY,24965.55,1755837375
NIFTY,24964.85,1755837376
NIFTY,24965.25,1755837376
NIFTY,24965.35,1755837377
NIFTY,24965.85,1755837377
NIFTY,24965.55,1755837378
NIFTY,24965,1755837378
NIFTY,24965.05,1755837379
NIFTY,24964.95,1755837379
NIFTY,24964.8,1755837380
NIFTY,24964.35,1755837380
NIFTY,24963.95,1755837381
NIFTY,24964.15,1755837381
NIFTY,24964.4,1755837382
NIFTY,24964.9,1755837382
NIFTY,24964.4,1755837383
NIFTY,24964.15,1755837383
NIFTY,24964.45,1755837384
NIFTY,24964.05,1755837384
NIFTY,24964.95,1755837385
NIFTY,24964.25,1755837385
NIFTY,24964.8,1755837386
NIFTY,24965.25,1755837386
NIFTY,24965.15,1755837387
NIFTY,24967,1755837387
NIFTY,24967.45,1755837388
NIFTY,24967.8,1755837388
NIFTY,24967,1755837389
NIFTY,24967.3,1755837389
NIFTY,24966.95,1755837390
NIFTY,24966.6,1755837390
NIFTY,24966.1,1755837391
NIFTY,24965.6,1755837391
NIFTY,24965.75,1755837392
NIFTY,24965.1,1755837392
NIFTY,24964.95,1755837393
NIFTY,24965.05,1755837393
NIFTY,24965.4,1755837394
NIFTY,24964.95,1755837394
NIFTY,24965.35,1755837395
NIFTY,24965.15,1755837395
NIFTY,24964.8,1755837396
NIFTY,24964.95,1755837396
NIFTY,24964.35,1755837397
NIFTY,24964.4,1755837397
NIFTY,24963.45,1755837398
NIFTY,24963.35,1755837398
NIFTY,24963.85,1755837399
NIFTY,24962.95,1755837399
NIFTY,24962.05,1755837400
NIFTY,24961,1755837401
NIFTY,24961.75,1755837401
NIFTY,24961.25,1755837402
NIFTY,24960.45,1755837402
NIFTY,24960.2,1755837403
NIFTY,24959.4,1755837403
NIFTY,24959.2,1755837404
NIFTY,24959.25,1755837404
NIFTY,24959.9,1755837405
NIFTY,24959.95,1755837405
NIFTY,24960.75,1755837406
NIFTY,24961.15,1755837406
NIFTY,24961.25,1755837407
NIFTY,24961.1,1755837407
NIFTY,24961.4,1755837408
NIFTY,24961.65,1755837408
NIFTY,24961.55,1755837409
NIFTY,24962,1755837409
NIFTY,24961.9,1755837410
NIFTY,24963.05,1755837410
NIFTY,24963.2,1755837411
NIFTY,24963.25,1755837412
NIFTY,24963.2,1755837412
NIFTY,24962.45,1755837413
NIFTY,24962.2,1755837414
NIFTY,24962.1,1755837414
NIFTY,24962.55,1755837415
NIFTY,24961.85,1755837416
NIFTY,24962.2,1755837416
NIFTY,24962.6,1755837417
NIFTY,24962.9,1755837417
NIFTY,24963.05,1755837418
NIFTY,24962.7,1755837418
NIFTY,24962.6,1755837419
NIFTY,24962.95,1755837419
NIFTY,24962.6,1755837420
NIFTY,24963.35,1755837420
NIFTY,24963,1755837421
NIFTY,24964.2,1755837421
NIFTY,24964.5,1755837422
NIFTY,24964.9,1755837422
NIFTY,24965.65,1755837423
NIFTY,24965.45,1755837424
NIFTY,24964.6,1755837424
NIFTY,24964.65,1755837425
NIFTY,24964.35,1755837425
NIFTY,24964,1755837426
NIFTY,24964.25,1755837426
NIFTY,24964.5,1755837427
NIFTY,24964.95,1755837427
NIFTY,24964.3,1755837428
NIFTY,24965.05,1755837428
NIFTY,24964.45,1755837429
NIFTY,24964.15,1755837429
NIFTY,24964.05,1755837430
NIFTY,24964,1755837430
NIFTY,24964.45,1755837431
NIFTY,24964.25,1755837431
NIFTY,24964.15,1755837432
NIFTY,24963.8,1755837433
NIFTY,24964.35,1755837433
NIFTY,24964.3,1755837434
NIFTY,24964.2,1755837434
NIFTY,24964.35,1755837435
NIFTY,24964,1755837435
NIFTY,24964.25,1755837436
NIFTY,24964,1755837437
NIFTY,24963.85,1755837437
NIFTY,24963.65,1755837438
NIFTY,24963.8,1755837438
NIFTY,24964,1755837439
NIFTY,24963.8,1755837439
NIFTY,24963.65,1755837440
NIFTY,24963.6,1755837440
NIFTY,24963.7,1755837441
NIFTY,24963.55,1755837441
NIFTY,24963.7,1755837442
NIFTY,24964,1755837442
NIFTY,24963.8,1755837443
NIFTY,24965.15,1755837443
NIFTY,24964.85,1755837444
NIFTY,24964.2,1755837444
NIFTY,24964.6,1755837445
NIFTY,24965.45,1755837445
NIFTY,24965.5,1755837446
NIFTY,24964.8,1755837446
NIFTY,24964.85,1755837447
NIFTY,24964.65,1755837448
NIFTY,24965.1,1755837448
NIFTY,24965.45,1755837449
NIFTY,24964.75,1755837449
NIFTY,24964.85,1755837450
NIFTY,24965.65,1755837450
NIFTY,24965.45,1755837451
NIFTY,24965.5,1755837451
NIFTY,24965.55,1755837452
NIFTY,24966.1,1755837452
NIFTY,24965.6,1755837453
NIFTY,24966,1755837453
NIFTY,24965.45,1755837454
NIFTY,24965.65,1755837455
NIFTY,24966.05,1755837455
NIFTY,24965.65,1755837456
NIFTY,24965.25,1755837456
NIFTY,24965.7,1755837457
NIFTY,24966.1,1755837457
NIFTY,24967.45,1755837458
NIFTY,24967.05,1755837458
NIFTY,24967.2,1755837459
NIFTY,24966.65,1755837459
NIFTY,24967.3,1755837460
NIFTY,24966.65,1755837460
NIFTY,24966.55,1755837461
NIFTY,24966.85,1755837462
NIFTY,24967.6,1755837462
NIFTY,24967.05,1755837463
NIFTY,24967.45,1755837463
NIFTY,24967.25,1755837464
NIFTY,24967.4,1755837464
NIFTY,24967.8,1755837465
NIFTY,24968.2,1755837465
NIFTY,24967.75,1755837466
NIFTY,24967.3,1755837466
NIFTY,24966.9,1755837467
NIFTY,24966.45,1755837467
NIFTY,24967.1,1755837468
NIFTY,24967.6,1755837468
NIFTY,24967.55,1755837469
NIFTY,24967.4,1755837469
NIFTY,24967.55,1755837470
NIFTY,24966.45,1755837470
NIFTY,24966.9,1755837471
NIFTY,24966.65,1755837471
NIFTY,24966.6,1755837472
NIFTY,24966.35,1755837472
NIFTY,24966.7,1755837473
NIFTY,24966.3,1755837473
NIFTY,24966,1755837474
NIFTY,24965.85,1755837474
NIFTY,24966.45,1755837475
NIFTY,24966.65,1755837475
NIFTY,24966,1755837476
NIFTY,24966.5,1755837476
NIFTY,24966.05,1755837477
NIFTY,24966.45,1755837478
NIFTY,24966.85,1755837478
NIFTY,24966.4,1755837479
NIFTY,24967,1755837480
NIFTY,24965.5,1755837480
NIFTY,24966.2,1755837481
NIFTY,24966.85,1755837481
NIFTY,24966.8,1755837482
NIFTY,24966.55,1755837482
NIFTY,24966.9,1755837483
NIFTY,24966.85,1755837483
NIFTY,24966.8,1755837484
NIFTY,24966.5,1755837484
NIFTY,24966.45,1755837485
NIFTY,24967.05,1755837486
NIFTY,24966.2,1755837486
NIFTY,24966.6,1755837487
NIFTY,24965.8,1755837487
NIFTY,24965.95,1755837488
NIFTY,24966.1,1755837488
NIFTY,24966.35,1755837489
NIFTY,24966.15,1755837489
NIFTY,24965.7,1755837490
NIFTY,24966.3,1755837490
NIFTY,24965.5,1755837491
NIFTY,24963.95,1755837491
NIFTY,24964.6,1755837492
NIFTY,24965.05,1755837492
NIFTY,24966.2,1755837493
NIFTY,24966.1,1755837494
NIFTY,24966.15,1755837494
NIFTY,24965.45,1755837495
NIFTY,24965.6,1755837495
NIFTY,24965.4,1755837496
NIFTY,24965.35,1755837496
NIFTY,24965.25,1755837497
NIFTY,24965.3,1755837497
NIFTY,24965.4,1755837498
NIFTY,24965.05,1755837498
NIFTY,24964.95,1755837499
NIFTY,24964.6,1755837499
NIFTY,24965.2,1755837500
NIFTY,24964.6,1755837501
NIFTY,24964.95,1755837501
NIFTY,24965.3,1755837502
NIFTY,24965.15,1755837502
NIFTY,24965.1,1755837503
NIFTY,24964.15,1755837504
NIFTY,24963.8,1755837504
NIFTY,24964.85,1755837505
NIFTY,24964.6,1755837505
NIFTY,24964.65,1755837506
NIFTY,24964.55,1755837506
NIFTY,24964.4,1755837507
NIFTY,24964.05,1755837507
NIFTY,24965.7,1755837508
NIFTY,24965.35,1755837509
NIFTY,24964.95,1755837509
NIFTY,24964.65,1755837510
NIFTY,24963.9,1755837510
NIFTY,24963.95,1755837511
NIFTY,24963.85,1755837511
NIFTY,24964.35,1755837512
NIFTY,24964.15,1755837512
NIFTY,24964.7,1755837513
NIFTY,24964.6,1755837513
NIFTY,24964.55,1755837514
NIFTY,24964.45,1755837514
NIFTY,24965.5,1755837515
NIFTY,24965.7,1755837515
NIFTY,24965.05,1755837516
NIFTY,24964.9,1755837516
NIFTY,24964.85,1755837517
NIFTY,24965.15,1755837517
NIFTY,24965.1,1755837518
NIFTY,24964.2,1755837518
NIFTY,24964,1755837519
NIFTY,24964.05,1755837519
NIFTY,24964.35,1755837520
NIFTY,24964.85,1755837520
NIFTY,24964.4,1755837521
NIFTY,24964.75,1755837521
NIFTY,24965.35,1755837522
NIFTY,24965.65,1755837522
NIFTY,24965.6,1755837523
NIFTY,24966.6,1755837523
NIFTY,24966.55,1755837524
NIFTY,24966.2,1755837524
NIFTY,24966.35,1755837525
NIFTY,24966.45,1755837526
NIFTY,24966.3,1755837526
NIFTY,24966.25,1755837527
NIFTY,24966.3,1755837527
NIFTY,24966.5,1755837528
NIFTY,24966.4,1755837528
NIFTY,24966.2,1755837529
NIFTY,24966.1,1755837529
NIFTY,24966.65,1755837530
NIFTY,24965.85,1755837530
NIFTY,24966.05,1755837531
NIFTY,24965.85,1755837531
NIFTY,24966.55,1755837532
NIFTY,24966.45,1755837532
NIFTY,24966.5,1755837533
NIFTY,24966.3,1755837533
NIFTY,24966.15,1755837534
NIFTY,24966.2,1755837534
NIFTY,24966.95,1755837535
NIFTY,24967.45,1755837535
NIFTY,24968.05,1755837536
NIFTY,24968.3,1755837536
NIFTY,24968.35,1755837537
NIFTY,24967.65,1755837537
NIFTY,24967.5,1755837538
NIFTY,24967.85,1755837538
NIFTY,24967.65,1755837539
NIFTY,24967.25,1755837540
NIFTY,24968.05,1755837540
NIFTY,24969.1,1755837541
NIFTY,24968.95,1755837541
NIFTY,24969.25,1755837542
NIFTY,24968.65,1755837543
NIFTY,24968.85,1755837543
NIFTY,24969.1,1755837544
NIFTY,24969.2,1755837544
NIFTY,24968.8,1755837545
NIFTY,24969,1755837545
NIFTY,24968.35,1755837546
NIFTY,24968.7,1755837546
NIFTY,24969.3,1755837547
NIFTY,24969.4,1755837547
NIFTY,24969.2,1755837548
NIFTY,24969.3,1755837548
NIFTY,24969.2,1755837549
NIFTY,24968.8,1755837549
NIFTY,24969.25,1755837550
NIFTY,24969.45,1755837550
NIFTY,24969.3,1755837551
NIFTY,24969.4,1755837551
NIFTY,24969.65,1755837552
NIFTY,24969.55,1755837552
NIFTY,24968.9,1755837553
NIFTY,24968.7,1755837553
NIFTY,24968.1,1755837554
NIFTY,24968.05,1755837554
NIFTY,24967.75,1755837555
NIFTY,24968,1755837555
NIFTY,24967.95,1755837556
NIFTY,24967.6,1755837556
NIFTY,24966.65,1755837557
NIFTY,24966.95,1755837557
NIFTY,24967.25,1755837558
NIFTY,24967.5,1755837558
NIFTY,24967.2,1755837559
NIFTY,24967.45,1755837559
NIFTY,24967.3,1755837560
NIFTY,24967.1,1755837560
NIFTY,24967.7,1755837561
NIFTY,24967.65,1755837561
NIFTY,24967.9,1755837562
NIFTY,24967.3,1755837562
NIFTY,24967.1,1755837563
NIFTY,24967.2,1755837564
NIFTY,24966.75,1755837564
NIFTY,24967.95,1755837565
NIFTY,24967.65,1755837565
NIFTY,24967.1,1755837566
NIFTY,24967.4,1755837566
NIFTY,24967.85,1755837567
NIFTY,24967.15,1755837567
NIFTY,24966.6,1755837568
NIFTY,24967.05,1755837568
NIFTY,24966.8,1755837569
NIFTY,24966.5,1755837569
NIFTY,24966.55,1755837570
NIFTY,24966.2,1755837571
NIFTY,24966.45,1755837572
NIFTY,24966.25,1755837573
NIFTY,24966.4,1755837573
NIFTY,24966.5,1755837574
NIFTY,24966.55,1755837574
NIFTY,24967.3,1755837575
NIFTY,24967.1,1755837575
NIFTY,24967,1755837576
NIFTY,24967.45,1755837576
NIFTY,24967.5,1755837577
NIFTY,24967.75,1755837577
NIFTY,24968.05,1755837578
NIFTY,24967.9,1755837578
NIFTY,24967.65,1755837579
NIFTY,24967.9,1755837579
NIFTY,24968.05,1755837580
NIFTY,24967.8,1755837581
NIFTY,24968,1755837581
NIFTY,24968.25,1755837582
NIFTY,24968.1,1755837582
NIFTY,24967.55,1755837583
NIFTY,24968.15,1755837583
NIFTY,24967.85,1755837584
NIFTY,24968.1,1755837584
NIFTY,24968.15,1755837585
NIFTY,24968.25,1755837585
NIFTY,24968,1755837586
NIFTY,24967.7,1755837586
NIFTY,24968.05,1755837587
NIFTY,24967.55,1755837587
NIFTY,24968.15,1755837588
NIFTY,24967.9,1755837588
NIFTY,24967.6,1755837589
NIFTY,24967.25,1755837590
NIFTY,24967.1,1755837590
NIFTY,24967.05,1755837591
NIFTY,24967.2,1755837591
NIFTY,24966.65,1755837592
NIFTY,24967.3,1755837592
NIFTY,24967.1,1755837593
NIFTY,24966.95,1755837593
NIFTY,24967.35,1755837594
NIFTY,24966.95,1755837594
NIFTY,24967.45,1755837595
NIFTY,24967,1755837595
NIFTY,24966.8,1755837596
NIFTY,24967.65,1755837596
NIFTY,24967.6,1755837597
NIFTY,24967.45,1755837597
NIFTY,24967.75,1755837598
NIFTY,24968.2,1755837598
NIFTY,24967.8,1755837599
NIFTY,24967.5,1755837599
NIFTY,24968.15,1755837600
NIFTY,24968.45,1755837601
NIFTY,24967.65,1755837601
NIFTY,24967.85,1755837602
NIFTY,24967.9,1755837602
NIFTY,24967.3,1755837603
NIFTY,24966.9,1755837603
NIFTY,24967.5,1755837604
NIFTY,24967.3,1755837604
NIFTY,24966.85,1755837605
NIFTY,24967.15,1755837605
NIFTY,24966.35,1755837606
NIFTY,24966.55,1755837606
NIFTY,24966.75,1755837607
NIFTY,24966.6,1755837608
NIFTY,24966.3,1755837609
NIFTY,24966.65,1755837609
NIFTY,24966.75,1755837610
NIFTY,24966.7,1755837610
NIFTY,24966.9,1755837611
NIFTY,24967.3,1755837611
NIFTY,24967.35,1755837612
NIFTY,24967.3,1755837612
NIFTY,24966.7,1755837613
NIFTY,24967.05,1755837613
NIFTY,24966.65,1755837614
NIFTY,24966.55,1755837615
NIFTY,24966.6,1755837615
NIFTY,24966.05,1755837616
NIFTY,24966.15,1755837616
NIFTY,24966.3,1755837617
NIFTY,24966.1,1755837617
NIFTY,24966.15,1755837618
NIFTY,24966.4,1755837618
NIFTY,24966.25,1755837619
NIFTY,24966.05,1755837619
NIFTY,24966.3,1755837620
NIFTY,24966.65,1755837620
NIFTY,24965.55,1755837621
NIFTY,24965.6,1755837621
NIFTY,24966.05,1755837622
NIFTY,24965.8,1755837623
NIFTY,24965.9,1755837623
NIFTY,24965.35,1755837624
NIFTY,24965.55,1755837624
NIFTY,24965.25,1755837625
NIFTY,24964.95,1755837626
NIFTY,24965.5,1755837626
NIFTY,24965.8,1755837627
NIFTY,24965.35,1755837627
NIFTY,24965.85,1755837628
NIFTY,24965.6,1755837629
NIFTY,24964.85,1755837629
NIFTY,24964.15,1755837630
NIFTY,24963.15,1755837630
NIFTY,24963.3,1755837631
NIFTY,24962.75,1755837631
NIFTY,24962.6,1755837632
NIFTY,24962.3,1755837632
NIFTY,24962.7,1755837633
NIFTY,24962.4,1755837633
NIFTY,24962.35,1755837634
NIFTY,24962.2,1755837634
NIFTY,24962.6,1755837635
NIFTY,24962.55,1755837635
NIFTY,24960.35,1755837636
NIFTY,24960.7,1755837636
NIFTY,24959.55,1755837637
NIFTY,24960.25,1755837638
NIFTY,24959.75,1755837638
NIFTY,24960.45,1755837639
NIFTY,24960.7,1755837639
NIFTY,24960.65,1755837640
NIFTY,24960.5,1755837640
NIFTY,24960.85,1755837641
NIFTY,24960.5,1755837641
NIFTY,24960.8,1755837642
NIFTY,24960.15,1755837642
NIFTY,24960.35,1755837643
NIFTY,24960.9,1755837643
NIFTY,24961.1,1755837644
NIFTY,24961.35,1755837644
NIFTY,24961.1,1755837645
NIFTY,24961.4,1755837645
NIFTY,24962,1755837646
NIFTY,24961,1755837646
NIFTY,24961.2,1755837647
NIFTY,24961.25,1755837647
NIFTY,24961.45,1755837648
NIFTY,24962,1755837648
NIFTY,24962.2,1755837649
NIFTY,24962.25,1755837649
NIFTY,24962.75,1755837650
NIFTY,24962.95,1755837650
NIFTY,24962.65,1755837651
NIFTY,24962.5,1755837651
NIFTY,24962.2,1755837652
NIFTY,24962.3,1755837652
NIFTY,24962.35,1755837653
NIFTY,24962.25,1755837653
NIFTY,24961.55,1755837654
NIFTY,24962.5,1755837654
NIFTY,24962.65,1755837655
NIFTY,24962.75,1755837655
NIFTY,24962.5,1755837656
NIFTY,24962.65,1755837656
NIFTY,24962.2,1755837657
NIFTY,24962.45,1755837657
NIFTY,24961.85,1755837658
NIFTY,24962.9,1755837658
NIFTY,24962.1,1755837659
NIFTY,24961.8,1755837659
NIFTY,24961.3,1755837660
NIFTY,24961.6,1755837660
NIFTY,24961.3,1755837661
NIFTY,24961.25,1755837661
NIFTY,24961.4,1755837662
NIFTY,24961.1,1755837663
NIFTY,24960.85,1755837663
NIFTY,24961.05,1755837664
NIFTY,24961,1755837664
NIFTY,24961.4,1755837665
NIFTY,24961.8,1755837665
NIFTY,24961.65,1755837666
NIFTY,24961.95,1755837667
NIFTY,24962.1,1755837667
NIFTY,24961.55,1755837668
NIFTY,24961.35,1755837668
NIFTY,24961.85,1755837669
NIFTY,24961.9,1755837669
NIFTY,24962.05,1755837670
NIFTY,24962.3,1755837671
NIFTY,24962.35,1755837672
NIFTY,24962.5,1755837672
NIFTY,24962.75,1755837673
NIFTY,24963.35,1755837673
NIFTY,24963.25,1755837674
NIFTY,24963.9,1755837674
NIFTY,24964.1,1755837675
NIFTY,24964.15,1755837675
NIFTY,24964.55,1755837676
NIFTY,24964.5,1755837676
NIFTY,24964.6,1755837677
NIFTY,24964.35,1755837677
NIFTY,24965.15,1755837678
NIFTY,24965.35,1755837678
NIFTY,24965.05,1755837679
NIFTY,24964.9,1755837679
NIFTY,24965.15,1755837680
NIFTY,24965,1755837680
NIFTY,24965.3,1755837681
NIFTY,24964.9,1755837681
NIFTY,24964.5,1755837682
NIFTY,24964.85,1755837682
NIFTY,24965.1,1755837683
NIFTY,24965.15,1755837683
NIFTY,24965.3,1755837684
NIFTY,24965.35,1755837685
NIFTY,24965.6,1755837685
NIFTY,24966,1755837686
NIFTY,24965.5,1755837686
NIFTY,24965.25,1755837687
NIFTY,24964.95,1755837687
NIFTY,24964.85,1755837688
NIFTY,24965.15,1755837688
NIFTY,24965.55,1755837689
NIFTY,24965.7,1755837689
NIFTY,24965.3,1755837690
NIFTY,24965.6,1755837690
NIFTY,24965.75,1755837691
NIFTY,24965.9,1755837692
NIFTY,24965.45,1755837692
NIFTY,24965.65,1755837693
NIFTY,24966.95,1755837693
NIFTY,24967.1,1755837694
NIFTY,24967.5,1755837694
NIFTY,24966.9,1755837695
NIFTY,24967.6,1755837695
NIFTY,24967.4,1755837696
NIFTY,24967.45,1755837696
NIFTY,24966.25,1755837697
NIFTY,24965.85,1755837697
NIFTY,24966.15,1755837698
NIFTY,24966.4,1755837699
NIFTY,24966.1,1755837699
NIFTY,24966.95,1755837700
NIFTY,24966.5,1755837700
NIFTY,24966.15,1755837701
NIFTY,24965.9,1755837702
NIFTY,24967.35,1755837702
NIFTY,24966.3,1755837703
NIFTY,24966.6,1755837703
NIFTY,24965.75,1755837704
NIFTY,24966.25,1755837704
NIFTY,24966.2,1755837705
NIFTY,24966.35,1755837705
NIFTY,24966.65,1755837706
NIFTY,24966.8,1755837706
NIFTY,24966.45,1755837707
NIFTY,24967.1,1755837707
NIFTY,24966.25,1755837708
NIFTY,24966.15,1755837708
NIFTY,24966,1755837709
NIFTY,24965.5,1755837709
NIFTY,24966.05,1755837710
NIFTY,24965.65,1755837710
NIFTY,24965.8,1755837711
NIFTY,24966.5,1755837711
NIFTY,24965.65,1755837712
NIFTY,24966.05,1755837712
NIFTY,24965.3,1755837713
NIFTY,24964.85,1755837713
NIFTY,24964.8,1755837714
NIFTY,24964.55,1755837714
NIFTY,24964.45,1755837715
NIFTY,24964.5,1755837715
NIFTY,24964.25,1755837716
NIFTY,24963.9,1755837717
NIFTY,24963.85,1755837717
NIFTY,24962.75,1755837718
NIFTY,24962.7,1755837718
NIFTY,24962.2,1755837719
NIFTY,24962.15,1755837719
NIFTY,24960.75,1755837720
NIFTY,24961.3,1755837720
NIFTY,24962.2,1755837721
NIFTY,24962.45,1755837721
NIFTY,24961.75,1755837722
NIFTY,24961.6,1755837723
NIFTY,24961.85,1755837723
NIFTY,24962.65,1755837725
NIFTY,24962.9,1755837725
NIFTY,24963.1,1755837726
NIFTY,24963.2,1755837726
NIFTY,24963.35,1755837727
NIFTY,24963.2,1755837727
NIFTY,24963.85,1755837728
NIFTY,24963.6,1755837728
NIFTY,24963.25,1755837729
NIFTY,24963.85,1755837729
NIFTY,24963.55,1755837730
NIFTY,24962.8,1755837730
NIFTY,24962.25,1755837731
NIFTY,24962.15,1755837731
NIFTY,24962.7,1755837732
NIFTY,24961.9,1755837732
NIFTY,24961.8,1755837733
NIFTY,24961.45,1755837733
NIFTY,24961.75,1755837734
NIFTY,24961.55,1755837734
NIFTY,24962.05,1755837735
NIFTY,24961.5,1755837735
NIFTY,24961.85,1755837736
NIFTY,24961.7,1755837736
NIFTY,24961.95,1755837737
NIFTY,24962.05,1755837737
NIFTY,24961.45,1755837738
NIFTY,24961.35,1755837738
NIFTY,24962.2,1755837739
NIFTY,24962,1755837739
NIFTY,24962.05,1755837740
NIFTY,24961.7,1755837740
NIFTY,24961.9,1755837741
NIFTY,24962.05,1755837741
NIFTY,24961.45,1755837742
NIFTY,24962.25,1755837742
NIFTY,24962.6,1755837743
NIFTY,24962.2,1755837743
NIFTY,24962,1755837744
NIFTY,24962.15,1755837744
NIFTY,24962.2,1755837745
NIFTY,24961.6,1755837745
NIFTY,24962,1755837746
NIFTY,24962.85,1755837746
NIFTY,24963.35,1755837747
NIFTY,24963.55,1755837747
NIFTY,24963.45,1755837748
NIFTY,24964.35,1755837748
NIFTY,24964.15,1755837749
NIFTY,24964.4,1755837749
NIFTY,24964.35,1755837750
NIFTY,24965,1755837750
NIFTY,24964.8,1755837751
NIFTY,24965.25,1755837751
NIFTY,24964.85,1755837752
NIFTY,24964.8,1755837752
NIFTY,24964.75,1755837753
NIFTY,24964.85,1755837753
NIFTY,24966.3,1755837754
NIFTY,24966.1,1755837754
NIFTY,24965.25,1755837755
NIFTY,24966.15,1755837755
NIFTY,24966.7,1755837756
NIFTY,24966.95,1755837756
NIFTY,24967,1755837757
NIFTY,24966.9,1755837757
NIFTY,24967,1755837758
NIFTY,24967.1,1755837758
NIFTY,24967.2,1755837759
NIFTY,24967.15,1755837759
NIFTY,24967.5,1755837760
NIFTY,24967.1,1755837760
NIFTY,24967.05,1755837761
NIFTY,24966.8,1755837761
NIFTY,24966.9,1755837762
NIFTY,24966.5,1755837762
NIFTY,24967.45,1755837763
NIFTY,24968.2,1755837763
NIFTY,24968.1,1755837764
NIFTY,24967.55,1755837764
NIFTY,24967.35,1755837765
NIFTY,24967.5,1755837765
NIFTY,24967.65,1755837766
NIFTY,24967.75,1755837767
NIFTY,24967.3,1755837767
NIFTY,24967.55,1755837768
NIFTY,24967.75,1755837768
NIFTY,24967.55,1755837769
NIFTY,24967.4,1755837769
NIFTY,24967.6,1755837770
NIFTY,24967.5,1755837770
NIFTY,24967.7,1755837771
NIFTY,24967.45,1755837771
NIFTY,24967.35,1755837772
NIFTY,24966.9,1755837772
NIFTY,24967.1,1755837773
NIFTY,24966.9,1755837773
NIFTY,24966.95,1755837774
NIFTY,24967.3,1755837774
NIFTY,24967.4,1755837775
NIFTY,24967.1,1755837775
NIFTY,24966.55,1755837776
NIFTY,24966.85,1755837776
NIFTY,24967.25,1755837777
NIFTY,24966.95,1755837777
NIFTY,24966.8,1755837778
NIFTY,24967.1,1755837778
NIFTY,24966.75,1755837779
NIFTY,24966.65,1755837779
NIFTY,24966.85,1755837780
NIFTY,24967.1,1755837780
NIFTY,24966.55,1755837781
NIFTY,24967,1755837781
NIFTY,24966.95,1755837782
NIFTY,24967.25,1755837782
NIFTY,24966.85,1755837783
NIFTY,24967.2,1755837783
NIFTY,24967.25,1755837784
NIFTY,24967.05,1755837784
NIFTY,24967.45,1755837785
NIFTY,24967.35,1755837785
NIFTY,24967.6,1755837786
NIFTY,24967.55,1755837786
NIFTY,24968.05,1755837787
NIFTY,24967.9,1755837787
NIFTY,24968.35,1755837788
NIFTY,24968.65,1755837788
NIFTY,24968.75,1755837789
NIFTY,24968.85,1755837789
NIFTY,24969,1755837790
NIFTY,24968.85,1755837790
NIFTY,24969.3,1755837791
NIFTY,24968.8,1755837791
NIFTY,24968.9,1755837792
NIFTY,24968.8,1755837792
NIFTY,24968.45,1755837793
NIFTY,24969.55,1755837793
NIFTY,24969.45,1755837794
NIFTY,24969.3,1755837794
NIFTY,24970,1755837795
NIFTY,24968.95,1755837795
NIFTY,24970.45,1755837796
NIFTY,24970.35,1755837796
NIFTY,24970.5,1755837797
NIFTY,24970.3,1755837797
NIFTY,24970.55,1755837798
NIFTY,24970.5,1755837798
NIFTY,24970.35,1755837799
NIFTY,24970.7,1755837799
NIFTY,24969.95,1755837800
NIFTY,24970.1,1755837801
NIFTY,24969.7,1755837801
NIFTY,24969.85,1755837802
NIFTY,24970,1755837802
NIFTY,24969.95,1755837803
NIFTY,24969.15,1755837803
NIFTY,24969.7,1755837804
NIFTY,24969.05,1755837804
NIFTY,24968.5,1755837805
NIFTY,24968.25,1755837805
NIFTY,24968.55,1755837806
NIFTY,24968.2,1755837806
NIFTY,24968.25,1755837807
NIFTY,24968,1755837807
NIFTY,24968.65,1755837808
NIFTY,24969.8,1755837808
NIFTY,24969.75,1755837809
NIFTY,24969.25,1755837809
NIFTY,24969.6,1755837810
NIFTY,24967.8,1755837810
NIFTY,24968.9,1755837811
NIFTY,24968.6,1755837811
NIFTY,24969.25,1755837812
NIFTY,24968.95,1755837812
NIFTY,24969.25,1755837813
NIFTY,24969,1755837813
NIFTY,24969.1,1755837814
NIFTY,24968.85,1755837814
NIFTY,24969.25,1755837815
NIFTY,24969.3,1755837815
NIFTY,24969,1755837816
NIFTY,24969.25,1755837816
NIFTY,24968.55,1755837817
NIFTY,24969.25,1755837817
NIFTY,24969.8,1755837818
NIFTY,24970.1,1755837818
NIFTY,24969.25,1755837819
NIFTY,24968.9,1755837820
NIFTY,24969.1,1755837820
NIFTY,24969.05,1755837821
NIFTY,24969.3,1755837821
NIFTY,24969,1755837822
NIFTY,24969.05,1755837822
NIFTY,24969.3,1755837823
NIFTY,24969.4,1755837824
NIFTY,24969.65,1755837824
NIFTY,24969.25,1755837825
NIFTY,24969.65,1755837825
NIFTY,24968.8,1755837826
NIFTY,24968.55,1755837827
NIFTY,24968.8,1755837827
NIFTY,24969.1,1755837828
NIFTY,24968.35,1755837828
NIFTY,24968.55,1755837829
NIFTY,24968.65,1755837829
NIFTY,24968.6,1755837830
NIFTY,24968.65,1755837830
NIFTY,24969.15,1755837831
NIFTY,24968.7,1755837831
NIFTY,24969.1,1755837832
NIFTY,24969.15,1755837832
NIFTY,24968.9,1755837833
NIFTY,24968.65,1755837833
NIFTY,24968.25,1755837834
NIFTY,24968.5,1755837834
NIFTY,24968.8,1755837835
NIFTY,24968.85,1755837835
NIFTY,24969.05,1755837836
NIFTY,24968.95,1755837836
NIFTY,24969.05,1755837837
NIFTY,24968.7,1755837837
NIFTY,24968.45,1755837838
NIFTY,24969.2,1755837838
NIFTY,24969.4,1755837839
NIFTY,24969.8,1755837839
NIFTY,24969.3,1755837840
NIFTY,24969.6,1755837840
NIFTY,24969.25,1755837841
NIFTY,24969,1755837841
NIFTY,24969.35,1755837842
NIFTY,24969.3,1755837842
NIFTY,24969.6,1755837843
NIFTY,24969.7,1755837843
NIFTY,24969.8,1755837844
NIFTY,24969.35,1755837844
NIFTY,24969.6,1755837845
NIFTY,24969.4,1755837845
NIFTY,24969.5,1755837846
NIFTY,24969.75,1755837847
NIFTY,24969.3,1755837848
NIFTY,24969.4,1755837848
NIFTY,24969.1,1755837849
NIFTY,24969.2,1755837849
NIFTY,24969.1,1755837850
NIFTY,24968.8,1755837851
NIFTY,24968.1,1755837851
NIFTY,24968.05,1755837852
NIFTY,24967.95,1755837852
NIFTY,24967.35,1755837853
NIFTY,24967.85,1755837853
NIFTY,24967.7,1755837854
NIFTY,24967.65,1755837855
NIFTY,24967.3,1755837855
NIFTY,24967.8,1755837856
NIFTY,24967.6,1755837856
NIFTY,24967.65,1755837857
NIFTY,24967.1,1755837857
NIFTY,24966.75,1755837858
NIFTY,24967.05,1755837858
NIFTY,24966.35,1755837859
NIFTY,24966.8,1755837859
NIFTY,24967.4,1755837860
NIFTY,24966.4,1755837860
NIFTY,24967.3,1755837861
NIFTY,24966.85,1755837861
NIFTY,24966.35,1755837862
NIFTY,24966.55,1755837862
NIFTY,24966.8,1755837863
NIFTY,24966.95,1755837864
NIFTY,24966.3,1755837864
NIFTY,24965.85,1755837865
NIFTY,24965.8,1755837865
NIFTY,24965.2,1755837866
NIFTY,24965.85,1755837866
NIFTY,24965.15,1755837867
NIFTY,24965.3,1755837867
NIFTY,24965,1755837868
NIFTY,24965.05,1755837868
NIFTY,24965,1755837869
NIFTY,24965.3,1755837869
NIFTY,24965.65,1755837870
NIFTY,24964.9,1755837870
NIFTY,24965.3,1755837871
NIFTY,24963.95,1755837871
NIFTY,24964.9,1755837872
NIFTY,24965.2,1755837873
NIFTY,24964.15,1755837873
NIFTY,24964.55,1755837874
NIFTY,24964.9,1755837874
NIFTY,24965.15,1755837875
NIFTY,24964.8,1755837875
NIFTY,24964.6,1755837876
NIFTY,24965.6,1755837877
NIFTY,24965.55,1755837877
NIFTY,24965.7,1755837878
NIFTY,24965.5,1755837878
NIFTY,24965.55,1755837880
NIFTY,24965.5,1755837880
NIFTY,24965.85,1755837881
NIFTY,24965.75,1755837881
NIFTY,24965.65,1755837882
NIFTY,24965.35,1755837882
NIFTY,24965.45,1755837883
NIFTY,24966.1,1755837883
NIFTY,24965.8,1755837884
NIFTY,24966.05,1755837884
NIFTY,24965.75,1755837885
NIFTY,24965.6,1755837885
NIFTY,24965.95,1755837886
NIFTY,24965.85,1755837886
NIFTY,24966.05,1755837887
NIFTY,24965.85,1755837887
NIFTY,24965.95,1755837888
NIFTY,24965.8,1755837888
NIFTY,24965.05,1755837889
NIFTY,24965.3,1755837889
NIFTY,24964.45,1755837890
NIFTY,24964.95,1755837890
NIFTY,24965.05,1755837891
NIFTY,24964.95,1755837892
NIFTY,24962.95,1755837892
NIFTY,24961.85,1755837893
NIFTY,24961.95,1755837894
NIFTY,24961.35,1755837894
NIFTY,24961.2,1755837895
NIFTY,24960.95,1755837895
NIFTY,24960.55,1755837896
NIFTY,24961.8,1755837896
NIFTY,24962.7,1755837897
NIFTY,24960.9,1755837897
NIFTY,24961.55,1755837898
NIFTY,24960.65,1755837898
NIFTY,24961.55,1755837899
NIFTY,24961.4,1755837899
NIFTY,24960.45,1755837900
NIFTY,24961.3,1755837900
NIFTY,24960.25,1755837901
NIFTY,24959.4,1755837901
NIFTY,24960.15,1755837902
NIFTY,24959.65,1755837902
NIFTY,24959.45,1755837903
NIFTY,24960.45,1755837903
NIFTY,24959.65,1755837904
NIFTY,24959.75,1755837904
NIFTY,24959.8,1755837905
NIFTY,24959.2,1755837905
NIFTY,24959.25,1755837906
NIFTY,24958.85,1755837906
NIFTY,24959.3,1755837907
NIFTY,24959.2,1755837907
NIFTY,24959.05,1755837908
NIFTY,24958.8,1755837909
NIFTY,24959.2,1755837909
NIFTY,24959.75,1755837910
NIFTY,24959.3,1755837910
NIFTY,24959.1,1755837911
NIFTY,24959.2,1755837911
NIFTY,24959.15,1755837912
NIFTY,24959.75,1755837913
NIFTY,24959.9,1755837914
NIFTY,24959.7,1755837914
NIFTY,24958.25,1755837915
NIFTY,24958,1755837915
NIFTY,24959,1755837916
NIFTY,24959.15,1755837916
NIFTY,24958.75,1755837917
NIFTY,24958.6,1755837917
NIFTY,24957.9,1755837918
NIFTY,24957.75,1755837918
NIFTY,24957.9,1755837919
NIFTY,24957.65,1755837919
NIFTY,24957,1755837920
NIFTY,24957.05,1755837920
NIFTY,24957.2,1755837921
NIFTY,24957.05,1755837921
NIFTY,24956.45,1755837922
NIFTY,24956.7,1755837922
NIFTY,24956.75,1755837923
NIFTY,24956.2,1755837923
NIFTY,24956.4,1755837924
NIFTY,24956.5,1755837924
NIFTY,24956.9,1755837925
NIFTY,24957.25,1755837926
NIFTY,24957.1,1755837926
NIFTY,24957.45,1755837927
NIFTY,24957.25,1755837927
NIFTY,24956.75,1755837928
NIFTY,24957.5,1755837928
NIFTY,24956.55,1755837929
NIFTY,24956.75,1755837929
NIFTY,24956.9,1755837930
NIFTY,24956.65,1755837930
NIFTY,24957.2,1755837931
NIFTY,24957.1,1755837931
NIFTY,24957.35,1755837932
NIFTY,24957.5,1755837932
NIFTY,24957.45,1755837933
NIFTY,24957.2,1755837933
NIFTY,24956.9,1755837934
NIFTY,24956.5,1755837934
NIFTY,24956.85,1755837935
NIFTY,24956.4,1755837935
NIFTY,24956.15,1755837936
NIFTY,24955.7,1755837936
NIFTY,24955.5,1755837937
NIFTY,24956.1,1755837937
NIFTY,24956.3,1755837938
NIFTY,24956.15,1755837938
NIFTY,24955.9,1755837939
NIFTY,24955.95,1755837939
NIFTY,24955.15,1755837940
NIFTY,24955.4,1755837940
NIFTY,24955.6,1755837941
NIFTY,24955.5,1755837941
NIFTY,24954.35,1755837942
NIFTY,24954.6,1755837942
NIFTY,24954.65,1755837943
NIFTY,24955.55,1755837943
NIFTY,24954,1755837944
NIFTY,24954.4,1755837944
NIFTY,24953.65,1755837945
NIFTY,24954.75,1755837945
NIFTY,24954.1,1755837946
NIFTY,24953.75,1755837946
NIFTY,24953.25,1755837947
NIFTY,24953.6,1755837948
NIFTY,24952.95,1755837948
NIFTY,24952.6,1755837949
NIFTY,24953.3,1755837949
NIFTY,24954.85,1755837950
NIFTY,24954.45,1755837950
NIFTY,24954.4,1755837951
NIFTY,24954,1755837951
NIFTY,24953.7,1755837952
NIFTY,24953.75,1755837952
NIFTY,24953.3,1755837953
NIFTY,24953,1755837953
NIFTY,24952.95,1755837954
NIFTY,24953.35,1755837954
NIFTY,24952.7,1755837955
NIFTY,24952.45,1755837955
NIFTY,24953.5,1755837956
NIFTY,24953.35,1755837956
NIFTY,24954.05,1755837957
NIFTY,24954.1,1755837957
NIFTY,24954.05,1755837958
NIFTY,24955.3,1755837958
NIFTY,24954.75,1755837959
NIFTY,24954.9,1755837959
NIFTY,24954.85,1755837960
NIFTY,24954.9,1755837960
NIFTY,24954.1,1755837961
NIFTY,24954.45,1755837961
NIFTY,24953.95,1755837962
NIFTY,24953.4,1755837962
NIFTY,24953,1755837963
NIFTY,24953.05,1755837963
NIFTY,24952.6,1755837964
NIFTY,24952.15,1755837964
NIFTY,24952.5,1755837965
NIFTY,24952.4,1755837965
NIFTY,24952.45,1755837966
NIFTY,24952,1755837966
NIFTY,24951.65,1755837967
NIFTY,24951.9,1755837967
NIFTY,24951.95,1755837968
NIFTY,24952.05,1755837968
NIFTY,24953.45,1755837969
NIFTY,24952.75,1755837969
NIFTY,24953.4,1755837970
NIFTY,24953.15,1755837970
NIFTY,24952.7,1755837971
NIFTY,24952.25,1755837971
NIFTY,24952.1,1755837972
NIFTY,24951.6,1755837973
NIFTY,24951.35,1755837973
NIFTY,24951.95,1755837974
NIFTY,24951.85,1755837974
NIFTY,24952.5,1755837975
NIFTY,24952.7,1755837975
NIFTY,24952.55,1755837976
NIFTY,24951.9,1755837976
NIFTY,24952.45,1755837977
NIFTY,24952.1,1755837977
NIFTY,24951.45,1755837978
NIFTY,24951.85,1755837978
NIFTY,24951.75,1755837979
NIFTY,24952.15,1755837979
NIFTY,24951.3,1755837980
NIFTY,24950.8,1755837981
NIFTY,24951.05,1755837981
NIFTY,24951.4,1755837982
NIFTY,24951.7,1755837982
NIFTY,24951.4,1755837983
NIFTY,24950.9,1755837983
NIFTY,24950.7,1755837984
NIFTY,24950.45,1755837984
NIFTY,24950.6,1755837985
NIFTY,24948.25,1755837985
NIFTY,24948.9,1755837986
NIFTY,24948.6,1755837986
NIFTY,24947.7,1755837987
NIFTY,24947.5,1755837988
NIFTY,24948.35,1755837988
NIFTY,24948.2,1755837989
NIFTY,24947.9,1755837989
NIFTY,24947.2,1755837990
NIFTY,24947.95,1755837990
NIFTY,24947.7,1755837991
NIFTY,24947.8,1755837991
NIFTY,24947.4,1755837992
NIFTY,24947.25,1755837992
NIFTY,24947.7,1755837993
NIFTY,24948.3,1755837993
NIFTY,24948.55,1755837994
NIFTY,24947.95,1755837994
NIFTY,24947.6,1755837995
NIFTY,24947.3,1755837996
NIFTY,24946.65,1755837996
NIFTY,24947,1755837997
NIFTY,24947.05,1755837997
NIFTY,24946.85,1755837998
NIFTY,24946.6,1755837998
NIFTY,24946.9,1755837999
NIFTY,24946.7,1755837999
NIFTY,24947,1755838000
NIFTY,24947.2,1755838000
NIFTY,24946.95,1755838001
NIFTY,24946.7,1755838001
NIFTY,24946.8,1755838002
NIFTY,24946.9,1755838002
NIFTY,24946.6,1755838003
NIFTY,24947.55,1755838003
NIFTY,24947.85,1755838004
NIFTY,24948.05,1755838004
NIFTY,24948.55,1755838005
NIFTY,24948.5,1755838005
NIFTY,24948.85,1755838006
NIFTY,24948.75,1755838006
NIFTY,24948.55,1755838007
NIFTY,24948.75,1755838008
NIFTY,24949.4,1755838008
NIFTY,24949.3,1755838009
NIFTY,24950.25,1755838009
NIFTY,24951,1755838010
NIFTY,24950.65,1755838010
NIFTY,24950.25,1755838011
NIFTY,24949.9,1755838011
NIFTY,24949.95,1755838012
NIFTY,24950.9,1755838012
NIFTY,24949.7,1755838013
NIFTY,24949.75,1755838013
NIFTY,24950.2,1755838014
NIFTY,24949.8,1755838014
NIFTY,24950.3,1755838015
NIFTY,24948.8,1755838015
NIFTY,24949.9,1755838016
NIFTY,24950.05,1755838016
NIFTY,24950.7,1755838017
NIFTY,24951,1755838017
NIFTY,24950.6,1755838018
NIFTY,24950.8,1755838018
NIFTY,24951.15,1755838019
NIFTY,24950.9,1755838019
NIFTY,24950.95,1755838020
NIFTY,24951.45,1755838020
NIFTY,24951.35,1755838021
NIFTY,24951.3,1755838021
NIFTY,24952.1,1755838022
NIFTY,24950.8,1755838022
NIFTY,24951.1,1755838023
NIFTY,24950.75,1755838023
NIFTY,24951.8,1755838024
NIFTY,24951.55,1755838024
NIFTY,24951.25,1755838025
NIFTY,24950.35,1755838025
NIFTY,24950.1,1755838026
NIFTY,24951.15,1755838026
NIFTY,24950.95,1755838027
NIFTY,24950.9,1755838027
NIFTY,24950.3,1755838028
NIFTY,24950.4,1755838028
NIFTY,24950.7,1755838029
NIFTY,24951.15,1755838029
NIFTY,24951.3,1755838030
NIFTY,24950.7,1755838030
NIFTY,24950.65,1755838031
NIFTY,24950.35,1755838031
NIFTY,24950,1755838032
NIFTY,24949.75,1755838032
NIFTY,24948.75,1755838033
NIFTY,24944.35,1755838033
NIFTY,24938.45,1755838034
NIFTY,24938.2,1755838034
NIFTY,24938.4,1755838035
NIFTY,24938.1,1755838035
NIFTY,24936.5,1755838036
NIFTY,24936.75,1755838036
NIFTY,24937.45,1755838037
NIFTY,24936.9,1755838037
NIFTY,24936.6,1755838038
NIFTY,24936.7,1755838038
NIFTY,24936.2,1755838039
NIFTY,24936.9,1755838039
NIFTY,24936.55,1755838040
NIFTY,24936.6,1755838040
NIFTY,24936.75,1755838041
NIFTY,24936.7,1755838041
NIFTY,24936.75,1755838042
NIFTY,24936.55,1755838042
NIFTY,24936.45,1755838043
NIFTY,24934.85,1755838043
NIFTY,24935.15,1755838044
NIFTY,24935.6,1755838044
NIFTY,24935.5,1755838045
NIFTY,24935.25,1755838045
NIFTY,24935.4,1755838046
NIFTY,24936.2,1755838047
NIFTY,24936.45,1755838047
NIFTY,24937.1,1755838048
NIFTY,24936.6,1755838048
NIFTY,24936.7,1755838049
NIFTY,24937.05,1755838049
NIFTY,24937.25,1755838050
NIFTY,24937.35,1755838050
NIFTY,24937.1,1755838051
NIFTY,24937.35,1755838051
NIFTY,24936.7,1755838052
NIFTY,24936.95,1755838052
NIFTY,24937.6,1755838053
NIFTY,24936.6,1755838053
NIFTY,24937.5,1755838054
NIFTY,24937.3,1755838054
NIFTY,24936.65,1755838055
NIFTY,24937.35,1755838055
NIFTY,24936.4,1755838056
NIFTY,24937.2,1755838056
NIFTY,24936.6,1755838057
NIFTY,24937.1,1755838057
NIFTY,24936.95,1755838058
NIFTY,24937.25,1755838058
NIFTY,24936.65,1755838059
NIFTY,24936.8,1755838059
NIFTY,24936.75,1755838060
NIFTY,24935.65,1755838060
NIFTY,24937.25,1755838061
NIFTY,24936.6,1755838061
NIFTY,24936.45,1755838062
NIFTY,24936.7,1755838062
NIFTY,24936.1,1755838063
NIFTY,24936.2,1755838064
NIFTY,24935.85,1755838064
NIFTY,24936,1755838065
NIFTY,24936.1,1755838065
NIFTY,24935.6,1755838066
NIFTY,24936.15,1755838066
NIFTY,24935.95,1755838067
NIFTY,24936.05,1755838067
NIFTY,24936.5,1755838068
NIFTY,24936.65,1755838068
NIFTY,24936.15,1755838069
NIFTY,24936.3,1755838069
NIFTY,24936.4,1755838070
NIFTY,24936.05,1755838070
NIFTY,24936.1,1755838071
NIFTY,24935.75,1755838071
NIFTY,24935.7,1755838072
NIFTY,24935.35,1755838072
NIFTY,24935.2,1755838073
NIFTY,24935.8,1755838074
NIFTY,24935.35,1755838074
NIFTY,24935.3,1755838075
NIFTY,24936.05,1755838076
NIFTY,24935.85,1755838076
NIFTY,24935.9,1755838077
NIFTY,24935.8,1755838077
NIFTY,24936.1,1755838078
NIFTY,24937.6,1755838078
NIFTY,24937.7,1755838079
NIFTY,24937.75,1755838079
NIFTY,24937.95,1755838080
NIFTY,24937.55,1755838080
NIFTY,24937.45,1755838081
NIFTY,24937.55,1755838081
NIFTY,24936.2,1755838082
NIFTY,24936.4,1755838082
NIFTY,24936.2,1755838083
NIFTY,24936.05,1755838083
NIFTY,24936.65,1755838084
NIFTY,24936.85,1755838084
NIFTY,24936.95,1755838085
NIFTY,24936.8,1755838085
NIFTY,24936.4,1755838086
NIFTY,24936.15,1755838086
NIFTY,24936.25,1755838087
NIFTY,24935.85,1755838087
NIFTY,24936.2,1755838088
NIFTY,24937.35,1755838088
NIFTY,24936.25,1755838089
NIFTY,24936.35,1755838089
NIFTY,24936.55,1755838090
NIFTY,24936.6,1755838091
NIFTY,24936.1,1755838091
NIFTY,24935.8,1755838092
NIFTY,24935.9,1755838092
NIFTY,24935.65,1755838093
NIFTY,24936.55,1755838093
NIFTY,24935.25,1755838094
NIFTY,24935.35,1755838094
NIFTY,24936.15,1755838095
NIFTY,24936.5,1755838095
NIFTY,24936.1,1755838096
NIFTY,24936.2,1755838097
NIFTY,24935.75,1755838097
NIFTY,24935.35,1755838098
NIFTY,24935.55,1755838098
NIFTY,24935.2,1755838099
NIFTY,24935.3,1755838099
NIFTY,24933.9,1755838100
NIFTY,24934.35,1755838100
NIFTY,24935.2,1755838101
NIFTY,24934.65,1755838101
NIFTY,24934.7,1755838102
NIFTY,24934.45,1755838102
NIFTY,24934.4,1755838103
NIFTY,24934.1,1755838104
NIFTY,24934.05,1755838104
NIFTY,24934.8,1755838105
NIFTY,24934.25,1755838105
NIFTY,24934.35,1755838106
NIFTY,24934.4,1755838106
NIFTY,24934.35,1755838107
NIFTY,24934.5,1755838107
NIFTY,24934.8,1755838108
NIFTY,24935.2,1755838108
NIFTY,24935,1755838109
NIFTY,24935.25,1755838109
NIFTY,24935.5,1755838110
NIFTY,24935.25,1755838111
NIFTY,24934.65,1755838112
NIFTY,24934.95,1755838112
NIFTY,24935,1755838113
NIFTY,24935.1,1755838113
NIFTY,24935.55,1755838114
NIFTY,24935.35,1755838114
NIFTY,24935.85,1755838115
NIFTY,24935.65,1755838115
NIFTY,24935.6,1755838116
NIFTY,24935.7,1755838116
NIFTY,24932.55,1755838117
NIFTY,24931.75,1755838117
NIFTY,24932.5,1755838118
NIFTY,24932.55,1755838118
NIFTY,24932.25,1755838119
NIFTY,24931.7,1755838119
NIFTY,24932.7,1755838120
NIFTY,24932.85,1755838120
NIFTY,24932.6,1755838121
NIFTY,24932.2,1755838121
NIFTY,24932.05,1755838122
NIFTY,24932.2,1755838122
NIFTY,24931.5,1755838123
NIFTY,24932.05,1755838123
NIFTY,24931.1,1755838124
NIFTY,24932,1755838125
NIFTY,24932.3,1755838125
NIFTY,24932.2,1755838126
NIFTY,24932.9,1755838126
NIFTY,24932.45,1755838127
NIFTY,24932.6,1755838127
NIFTY,24932.45,1755838128
NIFTY,24932.25,1755838128
NIFTY,24931.35,1755838129
NIFTY,24932,1755838129
NIFTY,24932.2,1755838130
NIFTY,24932.75,1755838130
NIFTY,24932.8,1755838131
NIFTY,24932.55,1755838131
NIFTY,24932.5,1755838132
NIFTY,24932.2,1755838132
NIFTY,24932.6,1755838133
NIFTY,24933.35,1755838133
NIFTY,24933,1755838134
NIFTY,24932.75,1755838134
NIFTY,24933.5,1755838135
NIFTY,24933,1755838135
NIFTY,24933.35,1755838136
NIFTY,24932.8,1755838136
NIFTY,24932.85,1755838137
NIFTY,24932.7,1755838138
NIFTY,24932.95,1755838138
NIFTY,24933.2,1755838139
NIFTY,24932.75,1755838139
NIFTY,24932.95,1755838140
NIFTY,24933.2,1755838140
NIFTY,24933,1755838141
NIFTY,24933.15,1755838141
NIFTY,24932.75,1755838142
NIFTY,24932.35,1755838142
NIFTY,24933.05,1755838143
NIFTY,24932.9,1755838143
NIFTY,24933.05,1755838144
NIFTY,24932.8,1755838144
NIFTY,24932.5,1755838145
NIFTY,24933.05,1755838145
NIFTY,24932.8,1755838146
NIFTY,24932.9,1755838146
NIFTY,24930.45,1755838147
NIFTY,24930.1,1755838147
NIFTY,24930.1,1755838148
NIFTY,24930.55,1755838148
NIFTY,24930.05,1755838149
NIFTY,24929.9,1755838149
NIFTY,24930.5,1755838150
NIFTY,24930.4,1755838150
NIFTY,24930.4,1755838151
NIFTY,24930.5,1755838151
NIFTY,24930.05,1755838152
NIFTY,24930.1,1755838152
NIFTY,24930.4,1755838153
NIFTY,24931.5,1755838153
NIFTY,24930.7,1755838154
NIFTY,24930.95,1755838154
NIFTY,24931.1,1755838155
NIFTY,24931.3,1755838155
NIFTY,24931.75,1755838156
NIFTY,24931.45,1755838156
NIFTY,24931.1,1755838157
NIFTY,24930.5,1755838157
NIFTY,24930.45,1755838158
NIFTY,24930.35,1755838158
NIFTY,24931.4,1755838159
NIFTY,24931,1755838159
NIFTY,24931.3,1755838160
NIFTY,24930.7,1755838160
NIFTY,24930.75,1755838161
NIFTY,24930.15,1755838161
NIFTY,24929.5,1755838162
NIFTY,24929.6,1755838162
NIFTY,24929.4,1755838163
NIFTY,24930.7,1755838163
NIFTY,24930,1755838164
NIFTY,24930.4,1755838164
NIFTY,24929.8,1755838165
NIFTY,24929.75,1755838165
NIFTY,24928.85,1755838166
NIFTY,24928.75,1755838166
NIFTY,24928.9,1755838167
NIFTY,24929.65,1755838167
NIFTY,24929.3,1755838168
NIFTY,24929.75,1755838168
NIFTY,24929.55,1755838169
NIFTY,24929.6,1755838169
NIFTY,24930.05,1755838170
NIFTY,24929.75,1755838170
NIFTY,24930.2,1755838171
NIFTY,24930.4,1755838171
NIFTY,24930.15,1755838172
NIFTY,24930.3,1755838172
NIFTY,24932.75,1755838173
NIFTY,24931.6,1755838173
NIFTY,24931.15,1755838174
NIFTY,24931.4,1755838174
NIFTY,24931,1755838175
NIFTY,24931.25,1755838175
NIFTY,24931.1,1755838176
NIFTY,24930.8,1755838176
NIFTY,24931.9,1755838177
NIFTY,24932.1,1755838177
NIFTY,24931.6,1755838178
NIFTY,24931.9,1755838178
NIFTY,24931.6,1755838179
NIFTY,24931.85,1755838179
NIFTY,24931.75,1755838180
NIFTY,24931.3,1755838181
NIFTY,24931.05,1755838181
NIFTY,24930.9,1755838182
NIFTY,24931.2,1755838183
NIFTY,24931.6,1755838183
NIFTY,24931.5,1755838184
NIFTY,24931.4,1755838184
NIFTY,24931.75,1755838185
NIFTY,24932.15,1755838185
NIFTY,24932.1,1755838186
NIFTY,24931.9,1755838186
NIFTY,24932,1755838187
NIFTY,24931.05,1755838187
NIFTY,24931.6,1755838188
NIFTY,24932.05,1755838188
NIFTY,24932,1755838189
NIFTY,24932.15,1755838189
NIFTY,24931.5,1755838190
NIFTY,24931.55,1755838190
NIFTY,24931.4,1755838191
NIFTY,24931.45,1755838191
NIFTY,24931.7,1755838192
NIFTY,24931.15,1755838192
NIFTY,24931.2,1755838193
NIFTY,24931.4,1755838193
NIFTY,24931.1,1755838194
NIFTY,24931.15,1755838194
NIFTY,24930.85,1755838195
NIFTY,24931.7,1755838195
NIFTY,24931.8,1755838196
NIFTY,24932.05,1755838196
NIFTY,24931.95,1755838197
NIFTY,24931.8,1755838197
NIFTY,24931.7,1755838198
NIFTY,24932.25,1755838198
NIFTY,24932.1,1755838199
NIFTY,24931.9,1755838199
NIFTY,24931.75,1755838200
NIFTY,24932.45,1755838200
NIFTY,24932.4,1755838201
NIFTY,24931.95,1755838201
NIFTY,24931.8,1755838202
NIFTY,24931.7,1755838202
NIFTY,24931.95,1755838203
NIFTY,24931.2,1755838203
NIFTY,24930.8,1755838204
NIFTY,24931.05,1755838204
NIFTY,24930.8,1755838205
NIFTY,24930.5,1755838205
NIFTY,24930.9,1755838206
NIFTY,24930.55,1755838206
NIFTY,24930.75,1755838207
NIFTY,24930.9,1755838207
NIFTY,24931.2,1755838208
NIFTY,24930.95,1755838208
NIFTY,24931.55,1755838209
NIFTY,24932.65,1755838209
NIFTY,24933.05,1755838210
NIFTY,24934.25,1755838210
NIFTY,24934.55,1755838211
NIFTY,24934.45,1755838211
NIFTY,24934,1755838212
NIFTY,24932.5,1755838212
NIFTY,24932.6,1755838213
NIFTY,24935.2,1755838213
NIFTY,24934.45,1755838214
NIFTY,24934.5,1755838214
NIFTY,24933.2,1755838215
NIFTY,24934.15,1755838215
NIFTY,24934.2,1755838216
NIFTY,24933.9,1755838216
NIFTY,24934.2,1755838217
NIFTY,24934.25,1755838217
NIFTY,24933.4,1755838218
NIFTY,24934.15,1755838218
NIFTY,24932.3,1755838219
NIFTY,24933.5,1755838219
NIFTY,24933.35,1755838220
NIFTY,24933.1,1755838220
NIFTY,24933.5,1755838221
NIFTY,24934.25,1755838221
NIFTY,24935.05,1755838222
NIFTY,24935.35,1755838222
NIFTY,24935.9,1755838223
NIFTY,24935.65,1755838223
NIFTY,24934.9,1755838224
NIFTY,24934.75,1755838224
NIFTY,24934.9,1755838225
NIFTY,24935,1755838225
NIFTY,24935.1,1755838226
NIFTY,24935.35,1755838226
NIFTY,24935.3,1755838227
NIFTY,24935.4,1755838227
NIFTY,24935.7,1755838228
NIFTY,24936.35,1755838228
NIFTY,24935.8,1755838229
NIFTY,24936.25,1755838229
NIFTY,24936.05,1755838230
NIFTY,24935.25,1755838230
NIFTY,24935.15,1755838231
NIFTY,24935.2,1755838231
NIFTY,24934.85,1755838232
NIFTY,24935.45,1755838232
NIFTY,24934.75,1755838233
NIFTY,24934.9,1755838233
NIFTY,24934.5,1755838234
NIFTY,24934.7,1755838234
NIFTY,24934.95,1755838235
NIFTY,24935.15,1755838235
NIFTY,24935.05,1755838236
NIFTY,24935.3,1755838236
NIFTY,24934.9,1755838237
NIFTY,24934.75,1755838237
NIFTY,24935.3,1755838238
NIFTY,24935.25,1755838238
NIFTY,24935.4,1755838239
NIFTY,24934.6,1755838239
NIFTY,24935.4,1755838240
NIFTY,24935.55,1755838240
NIFTY,24935.5,1755838241
NIFTY,24935.75,1755838241
NIFTY,24934.5,1755838242
NIFTY,24933.9,1755838242
NIFTY,24934.1,1755838243
NIFTY,24933.95,1755838244
NIFTY,24933.6,1755838244
NIFTY,24932.9,1755838245
NIFTY,24933.95,1755838245
NIFTY,24933.05,1755838246
NIFTY,24933.4,1755838247
NIFTY,24933.65,1755838247
NIFTY,24933.7,1755838248
NIFTY,24933.4,1755838248
NIFTY,24933.7,1755838249
NIFTY,24932.9,1755838249
NIFTY,24933.2,1755838250
NIFTY,24933.45,1755838250
NIFTY,24933.4,1755838251
NIFTY,24933.25,1755838251
NIFTY,24933.15,1755838252
NIFTY,24933.5,1755838252
NIFTY,24933.45,1755838253
NIFTY,24933.2,1755838253
NIFTY,24933.5,1755838254
NIFTY,24933.6,1755838254
NIFTY,24933.85,1755838255
NIFTY,24933.6,1755838255
NIFTY,24933.8,1755838256
NIFTY,24934.05,1755838256
NIFTY,24933.85,1755838257
NIFTY,24933.9,1755838257
NIFTY,24933.95,1755838258
NIFTY,24934.4,1755838258
NIFTY,24934.05,1755838259
NIFTY,24933.45,1755838259
NIFTY,24933.85,1755838260
NIFTY,24933.5,1755838260
NIFTY,24933.55,1755838261
NIFTY,24933.15,1755838261
NIFTY,24933.4,1755838262
NIFTY,24933.2,1755838262
NIFTY,24933.05,1755838263
NIFTY,24933.15,1755838263
NIFTY,24931.8,1755838264
NIFTY,24931.5,1755838264
NIFTY,24931.6,1755838265
NIFTY,24931.45,1755838265
NIFTY,24930.85,1755838266
NIFTY,24930.7,1755838266
NIFTY,24930.4,1755838267
NIFTY,24930.25,1755838267
NIFTY,24929.85,1755838268
NIFTY,24930.05,1755838268
NIFTY,24929.5,1755838269
NIFTY,24930,1755838269
NIFTY,24930.7,1755838270
NIFTY,24929.75,1755838270
NIFTY,24929.4,1755838271
NIFTY,24929.55,1755838271
NIFTY,24930.25,1755838272
NIFTY,24929.25,1755838273
NIFTY,24929.85,1755838273
NIFTY,24928.55,1755838274
NIFTY,24928.6,1755838274
NIFTY,24929.95,1755838275
NIFTY,24929.25,1755838275
NIFTY,24929.3,1755838276
NIFTY,24929.25,1755838276
NIFTY,24929.15,1755838277
NIFTY,24929.2,1755838278
NIFTY,24928.35,1755838278
NIFTY,24928.9,1755838279
NIFTY,24928.85,1755838279
NIFTY,24928.45,1755838280
NIFTY,24929.7,1755838280
NIFTY,24929.6,1755838281
NIFTY,24929.15,1755838281
NIFTY,24929.65,1755838282
NIFTY,24929.25,1755838282
NIFTY,24929.2,1755838283
NIFTY,24928.65,1755838283
NIFTY,24928.7,1755838284
NIFTY,24929.15,1755838284
NIFTY,24929.25,1755838285
NIFTY,24929.2,1755838285
NIFTY,24929.15,1755838286
NIFTY,24929.7,1755838286
NIFTY,24929.55,1755838287
NIFTY,24929.05,1755838287
NIFTY,24929.35,1755838288
NIFTY,24929.55,1755838288
NIFTY,24929.7,1755838289
NIFTY,24930.3,1755838289
NIFTY,24930.1,1755838290
NIFTY,24929.9,1755838290
NIFTY,24929.65,1755838291
NIFTY,24928.75,1755838291
NIFTY,24929.3,1755838292
NIFTY,24928.8,1755838292
NIFTY,24928.75,1755838293
NIFTY,24929.7,1755838293
NIFTY,24929.45,1755838294
NIFTY,24929.35,1755838294
NIFTY,24930,1755838295
NIFTY,24929.85,1755838295
NIFTY,24929.6,1755838296
NIFTY,24929.65,1755838296
NIFTY,24929.7,1755838297
NIFTY,24929.35,1755838297
NIFTY,24929.8,1755838298
NIFTY,24929.75,1755838299
NIFTY,24931.2,1755838299
NIFTY,24929.9,1755838300
NIFTY,24931.75,1755838300
NIFTY,24931.8,1755838301
NIFTY,24932.2,1755838301
NIFTY,24930.35,1755838302
NIFTY,24930.75,1755838302
NIFTY,24930.7,1755838303
NIFTY,24931.8,1755838303
NIFTY,24931.9,1755838304
NIFTY,24931.35,1755838304
NIFTY,24931.1,1755838305
NIFTY,24930.85,1755838305
NIFTY,24930.75,1755838306
NIFTY,24931.15,1755838306
NIFTY,24931.7,1755838307
NIFTY,24931.65,1755838307
NIFTY,24931.25,1755838308
NIFTY,24930.8,1755838308
NIFTY,24931.1,1755838309
NIFTY,24931.15,1755838309
NIFTY,24931.55,1755838310
NIFTY,24931.3,1755838310
NIFTY,24931.6,1755838311
NIFTY,24931.25,1755838311
NIFTY,24931.4,1755838312
NIFTY,24931.45,1755838312
NIFTY,24931.75,1755838313
NIFTY,24931.7,1755838313
NIFTY,24931.3,1755838314
NIFTY,24931,1755838314
NIFTY,24931.3,1755838315
NIFTY,24931.95,1755838316
NIFTY,24932.15,1755838317
NIFTY,24932.25,1755838317
NIFTY,24931.5,1755838318
NIFTY,24932,1755838318
NIFTY,24931.95,1755838319
NIFTY,24932,1755838319
NIFTY,24931.8,1755838320
NIFTY,24932.6,1755838320
NIFTY,24932.05,1755838321
NIFTY,24932.45,1755838321
NIFTY,24932.95,1755838322
NIFTY,24932.15,1755838322
NIFTY,24931.85,1755838323
NIFTY,24931.95,1755838323
NIFTY,24931.75,1755838324
NIFTY,24932.1,1755838324
NIFTY,24931.9,1755838325
NIFTY,24931.65,1755838326
NIFTY,24931.7,1755838326
NIFTY,24931.5,1755838327
NIFTY,24931.75,1755838328
NIFTY,24931.9,1755838328
NIFTY,24931.45,1755838329
NIFTY,24931.55,1755838329
NIFTY,24931.6,1755838330
NIFTY,24931.75,1755838330
NIFTY,24931.35,1755838331
NIFTY,24931.5,1755838332
NIFTY,24931.65,1755838332
NIFTY,24931.7,1755838333
NIFTY,24932.05,1755838333
NIFTY,24931.95,1755838334
NIFTY,24932.2,1755838335
NIFTY,24932,1755838335
NIFTY,24932.3,1755838336
NIFTY,24932.45,1755838336
NIFTY,24931.9,1755838337
NIFTY,24932,1755838338
NIFTY,24932.2,1755838338
NIFTY,24931.95,1755838339
NIFTY,24932.05,1755838339
NIFTY,24931.85,1755838340
NIFTY,24931.5,1755838340
NIFTY,24931.4,1755838341
NIFTY,24931.25,1755838342
NIFTY,24931.05,1755838342
NIFTY,24931.25,1755838343
NIFTY,24931.85,1755838343
NIFTY,24931.1,1755838344
NIFTY,24931.6,1755838344
NIFTY,24931.3,1755838345
NIFTY,24931.7,1755838345
NIFTY,24931.4,1755838346
NIFTY,24931,1755838347
NIFTY,24931.05,1755838347
NIFTY,24931.2,1755838348
NIFTY,24931.65,1755838348
NIFTY,24931.05,1755838349
NIFTY,24930.95,1755838349
NIFTY,24931.5,1755838350
NIFTY,24931.2,1755838350
NIFTY,24931.15,1755838351
NIFTY,24931.4,1755838352
NIFTY,24931.45,1755838353
NIFTY,24931.5,1755838353
NIFTY,24931.4,1755838354
NIFTY,24931.45,1755838354
NIFTY,24932.15,1755838355
NIFTY,24931.9,1755838355
NIFTY,24931.5,1755838356
NIFTY,24931.35,1755838356
NIFTY,24931.2,1755838357
NIFTY,24931,1755838358
NIFTY,24931.05,1755838358
NIFTY,24930.85,1755838359
NIFTY,24930.35,1755838359
NIFTY,24930.75,1755838360
NIFTY,24930.4,1755838360
NIFTY,24929.45,1755838361
NIFTY,24929.25,1755838361
NIFTY,24929.45,1755838362
NIFTY,24929.35,1755838362
NIFTY,24929.5,1755838363
NIFTY,24930.25,1755838363
NIFTY,24930.05,1755838364
NIFTY,24929.4,1755838364
NIFTY,24928,1755838365
NIFTY,24927.15,1755838365
NIFTY,24927.5,1755838366
NIFTY,24927.3,1755838366
NIFTY,24927.25,1755838367
NIFTY,24927.25,1755838367
NIFTY,24927.45,1755838368
NIFTY,24926.7,1755838368
NIFTY,24926.65,1755838369
NIFTY,24926.8,1755838369
NIFTY,24927.7,1755838370
NIFTY,24927.15,1755838370
NIFTY,24927.1,1755838371
NIFTY,24927.15,1755838371
NIFTY,24927.7,1755838372
NIFTY,24927.35,1755838372
NIFTY,24927.1,1755838373
NIFTY,24926.35,1755838373
NIFTY,24927.4,1755838374
NIFTY,24927.55,1755838374
NIFTY,24927.5,1755838375
NIFTY,24927.65,1755838375
NIFTY,24927.6,1755838376
NIFTY,24928.05,1755838376
NIFTY,24928.2,1755838377
NIFTY,24927.85,1755838377
NIFTY,24928.1,1755838378
NIFTY,24928.5,1755838378
NIFTY,24928.6,1755838379
NIFTY,24928.7,1755838379
NIFTY,24928.35,1755838380
NIFTY,24928.4,1755838380
NIFTY,24927.6,1755838381
NIFTY,24927.9,1755838381
NIFTY,24927.2,1755838382
NIFTY,24927.3,1755838382
NIFTY,24927.5,1755838383
NIFTY,24927.1,1755838383
NIFTY,24926.9,1755838384
NIFTY,24926.75,1755838384
NIFTY,24926.6,1755838385
NIFTY,24925.55,1755838385
NIFTY,24926.3,1755838386
NIFTY,24925.4,1755838386
NIFTY,24925.15,1755838387
NIFTY,24925.7,1755838387
NIFTY,24925.55,1755838388
NIFTY,24925.5,1755838389
NIFTY,24926.2,1755838389
NIFTY,24926.25,1755838390
NIFTY,24926.2,1755838390
NIFTY,24926.65,1755838391
NIFTY,24925.15,1755838391
NIFTY,24925.8,1755838392
NIFTY,24925.55,1755838392
NIFTY,24925.5,1755838393
NIFTY,24925.65,1755838393
NIFTY,24925.75,1755838394
NIFTY,24925.1,1755838394
NIFTY,24925.85,1755838395
NIFTY,24925.45,1755838395
NIFTY,24925.55,1755838396
NIFTY,24926.25,1755838396
NIFTY,24926.4,1755838397
NIFTY,24926.25,1755838397
NIFTY,24926.3,1755838398
NIFTY,24926,1755838398
NIFTY,24925.95,1755838399
NIFTY,24925.65,1755838400
NIFTY,24926,1755838400
NIFTY,24926.25,1755838401
NIFTY,24926.3,1755838401
NIFTY,24926.6,1755838402
NIFTY,24926.3,1755838402
NIFTY,24927.25,1755838403
NIFTY,24928.15,1755838403
NIFTY,24926.65,1755838404
NIFTY,24926.9,1755838404
NIFTY,24927.2,1755838405
NIFTY,24927.7,1755838405
NIFTY,24927.45,1755838406
NIFTY,24928.05,1755838406
NIFTY,24927.35,1755838407
NIFTY,24928.5,1755838407
NIFTY,24927.25,1755838408
NIFTY,24927.85,1755838408
NIFTY,24927.55,1755838409
NIFTY,24927.65,1755838409
NIFTY,24928.3,1755838410
NIFTY,24928.65,1755838410
NIFTY,24928.6,1755838411
NIFTY,24928.1,1755838412
NIFTY,24927.9,1755838412
NIFTY,24928.2,1755838413
NIFTY,24927.95,1755838413
NIFTY,24927.9,1755838414
NIFTY,24927.55,1755838414
NIFTY,24928.4,1755838415
NIFTY,24928.15,1755838415
NIFTY,24928.65,1755838416
NIFTY,24928.45,1755838416
NIFTY,24928.6,1755838417
NIFTY,24928.2,1755838417
NIFTY,24928.6,1755838418
NIFTY,24928.45,1755838419
NIFTY,24928.55,1755838420
NIFTY,24928.5,1755838420
NIFTY,24928.3,1755838421
NIFTY,24928.1,1755838421
NIFTY,24928.45,1755838422
NIFTY,24928.85,1755838422
NIFTY,24927.95,1755838423
NIFTY,24928.75,1755838423
NIFTY,24928.65,1755838424
NIFTY,24928.15,1755838424
NIFTY,24927.7,1755838425
NIFTY,24927.45,1755838425
NIFTY,24927.8,1755838426
NIFTY,24928.1,1755838426
NIFTY,24927.85,1755838427
NIFTY,24928,1755838427
NIFTY,24927.85,1755838428
NIFTY,24927.8,1755838428
NIFTY,24927.45,1755838429
NIFTY,24927.75,1755838429
NIFTY,24928.15,1755838430
NIFTY,24928.3,1755838430
NIFTY,24928.25,1755838431
NIFTY,24928.2,1755838431
NIFTY,24928.1,1755838432
NIFTY,24928.2,1755838432
NIFTY,24928.3,1755838433
NIFTY,24928.15,1755838434
NIFTY,24927.8,1755838434
NIFTY,24927.6,1755838435
NIFTY,24927.8,1755838435
NIFTY,24928.7,1755838436
NIFTY,24928.55,1755838436
NIFTY,24928.65,1755838437
NIFTY,24928.6,1755838438
NIFTY,24928.95,1755838438
NIFTY,24928.7,1755838439
NIFTY,24928.55,1755838439
NIFTY,24929.2,1755838440
NIFTY,24929.35,1755838440
NIFTY,24929.6,1755838441
NIFTY,24929.4,1755838441
NIFTY,24928.7,1755838442
NIFTY,24928.45,1755838442
NIFTY,24927.7,1755838443
NIFTY,24927.1,1755838443
NIFTY,24926.35,1755838444
NIFTY,24927.05,1755838444
NIFTY,24926.75,1755838445
NIFTY,24927.3,1755838445
NIFTY,24927.9,1755838446
NIFTY,24927.95,1755838446
NIFTY,24927.6,1755838447
NIFTY,24926.75,1755838447
NIFTY,24927.65,1755838448
NIFTY,24927.75,1755838448
NIFTY,24927.85,1755838449
NIFTY,24927.8,1755838449
NIFTY,24928.2,1755838450
NIFTY,24927.7,1755838450
NIFTY,24927.8,1755838451
NIFTY,24927.65,1755838451
NIFTY,24927.75,1755838452
NIFTY,24927.9,1755838452
NIFTY,24927.85,1755838453
NIFTY,24928.3,1755838453
NIFTY,24928.45,1755838454
NIFTY,24928.65,1755838455
NIFTY,24928.5,1755838455
NIFTY,24928.35,1755838456
NIFTY,24928.45,1755838456
NIFTY,24927.8,1755838457
NIFTY,24927.5,1755838457
NIFTY,24925.75,1755838458
NIFTY,24925.4,1755838458
NIFTY,24923.9,1755838459
NIFTY,24920.95,1755838459
NIFTY,24920.9,1755838460
NIFTY,24918.9,1755838460
NIFTY,24918.2,1755838461
NIFTY,24917.85,1755838462
NIFTY,24917,1755838462
NIFTY,24917.25,1755838463
NIFTY,24915.3,1755838463
NIFTY,24915.6,1755838464
NIFTY,24914.95,1755838464
NIFTY,24916.35,1755838465
NIFTY,24916.5,1755838466
NIFTY,24914.15,1755838466
NIFTY,24916.75,1755838467
NIFTY,24916.25,1755838467
NIFTY,24916.1,1755838468
NIFTY,24916.45,1755838468
NIFTY,24916.05,1755838469
NIFTY,24916.75,1755838469
NIFTY,24916.5,1755838470
NIFTY,24916.2,1755838470
NIFTY,24915.7,1755838471
NIFTY,24916.3,1755838471
NIFTY,24915.75,1755838472
NIFTY,24916,1755838472
NIFTY,24916.5,1755838473
NIFTY,24916.95,1755838473
NIFTY,24917.8,1755838474
NIFTY,24918.25,1755838474
NIFTY,24918.5,1755838475
NIFTY,24918.75,1755838475
NIFTY,24918.05,1755838476
NIFTY,24917.65,1755838476
NIFTY,24918,1755838477
NIFTY,24918.35,1755838477
NIFTY,24919.05,1755838478
NIFTY,24918.8,1755838478
NIFTY,24917.85,1755838479
NIFTY,24918.65,1755838479
NIFTY,24919.2,1755838480
NIFTY,24918.7,1755838480
NIFTY,24918.5,1755838481
NIFTY,24918.15,1755838481
NIFTY,24917.9,1755838482
NIFTY,24917.25,1755838482
NIFTY,24917.75,1755838483
NIFTY,24916.7,1755838483
NIFTY,24918.45,1755838484
NIFTY,24917.2,1755838484
NIFTY,24917.1,1755838485
NIFTY,24918.7,1755838485
NIFTY,24918.4,1755838486
NIFTY,24918.95,1755838486
NIFTY,24918.45,1755838487
NIFTY,24917.75,1755838487
NIFTY,24918.65,1755838488
NIFTY,24917.9,1755838488
NIFTY,24917.65,1755838489
NIFTY,24916.55,1755838489
NIFTY,24917.95,1755838490
NIFTY,24917.85,1755838490
NIFTY,24918.7,1755838491
NIFTY,24919.25,1755838491
NIFTY,24918.1,1755838492
NIFTY,24918.45,1755838492
NIFTY,24918.35,1755838493
NIFTY,24918.4,1755838493
NIFTY,24917.65,1755838494
NIFTY,24918.75,1755838494
NIFTY,24919,1755838495
NIFTY,24918.6,1755838495
NIFTY,24919.05,1755838496
NIFTY,24919.7,1755838496
NIFTY,24920.05,1755838497
NIFTY,24920.2,1755838497
NIFTY,24918.6,1755838498
NIFTY,24920,1755838498
NIFTY,24920.75,1755838499
NIFTY,24920.5,1755838499
NIFTY,24918.85,1755838500
NIFTY,24919.6,1755838500
NIFTY,24918.75,1755838501
NIFTY,24919.4,1755838501
NIFTY,24919.25,1755838502
NIFTY,24917.55,1755838502
NIFTY,24917.35,1755838503
NIFTY,24916.85,1755838503
NIFTY,24916.9,1755838504
NIFTY,24915.5,1755838504
NIFTY,24915.8,1755838505
NIFTY,24916.45,1755838505
NIFTY,24916.1,1755838506
NIFTY,24915.05,1755838506
NIFTY,24916.1,1755838507
NIFTY,24914.55,1755838507
NIFTY,24914.25,1755838508
NIFTY,24913.55,1755838508
NIFTY,24914.2,1755838509
NIFTY,24914.05,1755838509
NIFTY,24914.6,1755838510
NIFTY,24912.85,1755838510
NIFTY,24913.05,1755838511
NIFTY,24912.45,1755838511
NIFTY,24913.45,1755838512
NIFTY,24913.95,1755838512
NIFTY,24913.3,1755838513
NIFTY,24913.65,1755838513
NIFTY,24913.4,1755838514
NIFTY,24913.95,1755838514
NIFTY,24912.3,1755838515
NIFTY,24913.3,1755838515
NIFTY,24913.5,1755838516
NIFTY,24913.65,1755838516
NIFTY,24912.45,1755838517
NIFTY,24912.65,1755838518
NIFTY,24912.9,1755838518
NIFTY,24912.75,1755838519
NIFTY,24913.1,1755838519
NIFTY,24912.6,1755838520
NIFTY,24912.9,1755838520
NIFTY,24911.8,1755838521
NIFTY,24912.65,1755838521
NIFTY,24912.95,1755838522
NIFTY,24912.4,1755838522
NIFTY,24912.25,1755838523
NIFTY,24910.7,1755838523
NIFTY,24911.3,1755838524
NIFTY,24911.15,1755838524
NIFTY,24911.35,1755838525
NIFTY,24910.85,1755838525
NIFTY,24911.25,1755838526
NIFTY,24911.1,1755838526
NIFTY,24911.65,1755838527
NIFTY,24910.45,1755838527
NIFTY,24911.25,1755838528
NIFTY,24910.4,1755838528
NIFTY,24910.7,1755838529
NIFTY,24910.1,1755838529
NIFTY,24910.6,1755838530
NIFTY,24911.15,1755838530
NIFTY,24910.85,1755838531
NIFTY,24909.65,1755838531
NIFTY,24908.95,1755838532
NIFTY,24909.2,1755838532
NIFTY,24909,1755838533
NIFTY,24911.45,1755838533
NIFTY,24909.6,1755838534
NIFTY,24909.9,1755838534
NIFTY,24910.25,1755838535
NIFTY,24910.35,1755838535
NIFTY,24909.45,1755838536
NIFTY,24910,1755838536
NIFTY,24909.65,1755838537
NIFTY,24909.6,1755838537
NIFTY,24909.4,1755838538
NIFTY,24909.5,1755838538
NIFTY,24909.35,1755838539
NIFTY,24909.6,1755838539
NIFTY,24908.4,1755838540
NIFTY,24909.3,1755838540
NIFTY,24909.4,1755838541
NIFTY,24908.2,1755838542
NIFTY,24908.8,1755838542
NIFTY,24909.15,1755838543
NIFTY,24909.2,1755838543
NIFTY,24909.85,1755838544
NIFTY,24909.1,1755838544
NIFTY,24909.4,1755838545
NIFTY,24909.35,1755838545
NIFTY,24910.15,1755838546
NIFTY,24908.65,1755838546
NIFTY,24909.1,1755838547
NIFTY,24909.25,1755838547
NIFTY,24908.7,1755838548
NIFTY,24908.55,1755838548
NIFTY,24908.6,1755838549
NIFTY,24909.9,1755838549
NIFTY,24910.45,1755838550
NIFTY,24908.7,1755838550
NIFTY,24909.8,1755838551
NIFTY,24909.65,1755838551
NIFTY,24910.6,1755838552
NIFTY,24909.6,1755838552
NIFTY,24912,1755838553
NIFTY,24912.75,1755838553
NIFTY,24912.05,1755838554
NIFTY,24911.8,1755838554
NIFTY,24911.65,1755838555
NIFTY,24911.6,1755838555
NIFTY,24911.9,1755838556
NIFTY,24912.45,1755838556
NIFTY,24912.05,1755838557
NIFTY,24911.75,1755838557
NIFTY,24912.95,1755838558
NIFTY,24913.85,1755838558
NIFTY,24912.8,1755838559
NIFTY,24912,1755838559
NIFTY,24912.65,1755838560
NIFTY,24912.55,1755838560
NIFTY,24910.75,1755838561
NIFTY,24910.85,1755838561
NIFTY,24911,1755838562
NIFTY,24910.6,1755838562
NIFTY,24908.9,1755838563
NIFTY,24909.15,1755838563
NIFTY,24909.5,1755838564
NIFTY,24908.7,1755838564
NIFTY,24908.45,1755838565
NIFTY,24906.5,1755838565
NIFTY,24906.6,1755838566
NIFTY,24906.4,1755838566
NIFTY,24906.75,1755838567
NIFTY,24904.9,1755838567
NIFTY,24905.7,1755838568
NIFTY,24905.6,1755838568
NIFTY,24905.2,1755838569
NIFTY,24904.4,1755838569
NIFTY,24904.6,1755838570
NIFTY,24904.3,1755838570
NIFTY,24906.25,1755838571
NIFTY,24904.8,1755838571
NIFTY,24909.65,1755838572
NIFTY,24910.4,1755838572
NIFTY,24908.45,1755838573
NIFTY,24907.25,1755838573
NIFTY,24907.3,1755838574
NIFTY,24906.9,1755838574
NIFTY,24906.5,1755838575
NIFTY,24906.4,1755838575
NIFTY,24906.1,1755838576
NIFTY,24906.45,1755838576
NIFTY,24906.95,1755838577
NIFTY,24907.45,1755838577
NIFTY,24909.4,1755838578
NIFTY,24909.25,1755838578
NIFTY,24908.8,1755838579
NIFTY,24911.1,1755838579
NIFTY,24910.55,1755838580
NIFTY,24911.6,1755838580
NIFTY,24911.65,1755838581
NIFTY,24911,1755838581
NIFTY,24911.95,1755838582
NIFTY,24911.9,1755838582
NIFTY,24913.05,1755838583
NIFTY,24912.35,1755838583
NIFTY,24912.5,1755838584
NIFTY,24913.65,1755838584
NIFTY,24915.75,1755838585
NIFTY,24916.05,1755838585
NIFTY,24916.45,1755838586
NIFTY,24916.7,1755838586
NIFTY,24915,1755838587
NIFTY,24916.85,1755838587
NIFTY,24915.3,1755838588
NIFTY,24916.8,1755838588
NIFTY,24916.65,1755838589
NIFTY,24917.05,1755838589
NIFTY,24917.5,1755838590
NIFTY,24916.85,1755838590
NIFTY,24917.05,1755838591
NIFTY,24916.9,1755838591
NIFTY,24918.2,1755838592
NIFTY,24918.25,1755838592
NIFTY,24918.1,1755838593
NIFTY,24918.3,1755838593
NIFTY,24918.15,1755838594
NIFTY,24917.9,1755838594
NIFTY,24918.3,1755838595
NIFTY,24918.35,1755838595
NIFTY,24918.55,1755838596
NIFTY,24917.25,1755838596
NIFTY,24918,1755838597
NIFTY,24917.75,1755838597
NIFTY,24918.45,1755838598
NIFTY,24918.1,1755838598
NIFTY,24918.55,1755838599
NIFTY,24918.9,1755838599
NIFTY,24920.15,1755838600
NIFTY,24921.4,1755838600
NIFTY,24921.3,1755838601
NIFTY,24920.7,1755838602
NIFTY,24921.05,1755838602
NIFTY,24920.8,1755838603
NIFTY,24922.4,1755838603
NIFTY,24922,1755838604
NIFTY,24922.15,1755838604
NIFTY,24921.45,1755838605
NIFTY,24921.75,1755838605
NIFTY,24921.95,1755838606
NIFTY,24922.8,1755838607
NIFTY,24923.95,1755838607
NIFTY,24923.05,1755838608
NIFTY,24923.8,1755838608
NIFTY,24923.65,1755838609
NIFTY,24924.1,1755838609
NIFTY,24924.65,1755838610
NIFTY,24925.4,1755838610
NIFTY,24925.7,1755838611
NIFTY,24925.6,1755838611
NIFTY,24924.8,1755838612
NIFTY,24924.3,1755838612
NIFTY,24924.4,1755838613
NIFTY,24924.75,1755838613
NIFTY,24925.2,1755838614
NIFTY,24926.05,1755838614
NIFTY,24925.75,1755838615
NIFTY,24926.1,1755838615
NIFTY,24925.95,1755838616
NIFTY,24926.3,1755838616
NIFTY,24926.45,1755838617
NIFTY,24926.05,1755838617
NIFTY,24927,1755838618
NIFTY,24927.1,1755838619
NIFTY,24926.8,1755838619
NIFTY,24926.3,1755838620
NIFTY,24927.9,1755838620
NIFTY,24926.5,1755838621
NIFTY,24927.75,1755838621
NIFTY,24927.1,1755838622
NIFTY,24927.25,1755838622
NIFTY,24927.1,1755838623
NIFTY,24927.95,1755838623
NIFTY,24926.6,1755838624
NIFTY,24926.2,1755838624
NIFTY,24925.9,1755838625
NIFTY,24926.35,1755838625
NIFTY,24927.15,1755838626
NIFTY,24927.8,1755838626
NIFTY,24927.15,1755838627
NIFTY,24926.2,1755838627
NIFTY,24927.25,1755838628
NIFTY,24927,1755838629
NIFTY,24926.4,1755838629
NIFTY,24925.75,1755838630
NIFTY,24925.9,1755838630
NIFTY,24925.95,1755838631
NIFTY,24925.9,1755838631
NIFTY,24926.15,1755838632
NIFTY,24926,1755838632
NIFTY,24926.15,1755838633
NIFTY,24926.9,1755838633
NIFTY,24926.5,1755838634
NIFTY,24925.85,1755838634
NIFTY,24926.45,1755838635
NIFTY,24926.1,1755838635
NIFTY,24926.4,1755838636
NIFTY,24926.75,1755838636
NIFTY,24926.15,1755838637
NIFTY,24926.25,1755838637
NIFTY,24926.15,1755838638
NIFTY,24926.4,1755838638
NIFTY,24926.75,1755838639
NIFTY,24927.25,1755838639
NIFTY,24926.85,1755838640
NIFTY,24926.1,1755838640
NIFTY,24925.9,1755838641
NIFTY,24926.25,1755838641
NIFTY,24926.2,1755838642
NIFTY,24926.25,1755838642
NIFTY,24926.1,1755838643
NIFTY,24926.15,1755838643
NIFTY,24926,1755838644
NIFTY,24926.45,1755838644
NIFTY,24926,1755838645
NIFTY,24926.55,1755838645
NIFTY,24926.85,1755838646
NIFTY,24927,1755838646
NIFTY,24927.35,1755838647
NIFTY,24927,1755838647
NIFTY,24927.1,1755838648
NIFTY,24927.8,1755838648
NIFTY,24927.35,1755838649
NIFTY,24926.85,1755838649
NIFTY,24927.1,1755838650
NIFTY,24926.9,1755838650
NIFTY,24927.25,1755838651
NIFTY,24927.05,1755838651
NIFTY,24927.7,1755838652
NIFTY,24927.65,1755838652
NIFTY,24927.45,1755838653
NIFTY,24927.35,1755838654
NIFTY,24927.4,1755838654
NIFTY,24927.6,1755838655
NIFTY,24927.7,1755838656
NIFTY,24927.6,1755838656
NIFTY,24927.7,1755838657
NIFTY,24927.65,1755838657
NIFTY,24928.1,1755838658
NIFTY,24928.2,1755838658
NIFTY,24927.95,1755838659
NIFTY,24928.55,1755838659
NIFTY,24928.3,1755838660
NIFTY,24928.25,1755838660
NIFTY,24928.85,1755838661
NIFTY,24928.5,1755838661
NIFTY,24927.85,1755838662
NIFTY,24928.7,1755838662
NIFTY,24928.3,1755838663
NIFTY,24928.45,1755838663
NIFTY,24928.5,1755838664
NIFTY,24928.25,1755838664
NIFTY,24928.15,1755838665
NIFTY,24928.05,1755838665
NIFTY,24928.75,1755838666
NIFTY,24929.3,1755838667
NIFTY,24928.95,1755838667
NIFTY,24929.65,1755838668
NIFTY,24929.85,1755838668
NIFTY,24930.15,1755838669
NIFTY,24930.2,1755838669
NIFTY,24930.1,1755838670
NIFTY,24930.3,1755838671
NIFTY,24929.9,1755838671
NIFTY,24929.95,1755838672
NIFTY,24929.75,1755838672
NIFTY,24930.45,1755838673
NIFTY,24931.1,1755838673
NIFTY,24931.05,1755838674
NIFTY,24931.4,1755838674
NIFTY,24931.45,1755838675
NIFTY,24930.55,1755838676
NIFTY,24930.65,1755838676
NIFTY,24931,1755838677
NIFTY,24931.55,1755838677
NIFTY,24931.4,1755838678
NIFTY,24931.15,1755838678
NIFTY,24931.35,1755838679
NIFTY,24931.45,1755838679
NIFTY,24932.1,1755838680
NIFTY,24932.15,1755838680
NIFTY,24931.9,1755838681
NIFTY,24932.1,1755838681
NIFTY,24932.15,1755838682
NIFTY,24932.1,1755838682
NIFTY,24932.3,1755838683
NIFTY,24931.85,1755838683
NIFTY,24932.45,1755838684
NIFTY,24932.8,1755838684
NIFTY,24932.75,1755838685
NIFTY,24932.65,1755838685
NIFTY,24932.5,1755838686
NIFTY,24932.15,1755838686
NIFTY,24932.55,1755838687
NIFTY,24932.5,1755838687
NIFTY,24932.9,1755838688
NIFTY,24933.05,1755838688
NIFTY,24932.6,1755838689
NIFTY,24933.35,1755838689
NIFTY,24933.05,1755838690
NIFTY,24933.75,1755838691
NIFTY,24933.7,1755838691
NIFTY,24933.5,1755838692
NIFTY,24933.05,1755838692
NIFTY,24933.1,1755838693
NIFTY,24933,1755838693
NIFTY,24933.45,1755838694
NIFTY,24932.95,1755838694
NIFTY,24933.75,1755838695
NIFTY,24933.35,1755838695
NIFTY,24933.3,1755838696
NIFTY,24933.2,1755838696
NIFTY,24933.05,1755838697
NIFTY,24933.3,1755838697
NIFTY,24933.15,1755838698
NIFTY,24933.3,1755838699
NIFTY,24933.15,1755838699
NIFTY,24933.25,1755838700
NIFTY,24933.15,1755838700
NIFTY,24933.55,1755838701
NIFTY,24932.95,1755838701
NIFTY,24932.7,1755838702
NIFTY,24933.1,1755838702
NIFTY,24933.65,1755838703
NIFTY,24933.6,1755838703
NIFTY,24933.25,1755838704
NIFTY,24933.2,1755838704
NIFTY,24933.35,1755838705
NIFTY,24932.75,1755838705
NIFTY,24932.45,1755838706
NIFTY,24932.65,1755838706
NIFTY,24932.9,1755838707
NIFTY,24932.6,1755838707
NIFTY,24932.55,1755838708
NIFTY,24932.95,1755838708
NIFTY,24933.35,1755838709
NIFTY,24933.2,1755838709
NIFTY,24933.15,1755838710
NIFTY,24933.2,1755838710
NIFTY,24932.7,1755838711
NIFTY,24933.2,1755838711
NIFTY,24933.15,1755838712
NIFTY,24933.3,1755838712
NIFTY,24933.35,1755838713
NIFTY,24933.25,1755838713
NIFTY,24932.95,1755838714
NIFTY,24933.5,1755838714
NIFTY,24933.3,1755838715
NIFTY,24933,1755838715
NIFTY,24932.85,1755838716
NIFTY,24932.05,1755838716
NIFTY,24932.25,1755838717
NIFTY,24932.15,1755838717
NIFTY,24932.7,1755838718
NIFTY,24933.25,1755838718
NIFTY,24933.4,1755838719
NIFTY,24934.4,1755838719
NIFTY,24934.6,1755838720
NIFTY,24935.1,1755838720
NIFTY,24935,1755838721
NIFTY,24934.7,1755838721
NIFTY,24934.4,1755838722
NIFTY,24934.65,1755838722
NIFTY,24934.45,1755838723
NIFTY,24935.15,1755838723
NIFTY,24935.55,1755838724
NIFTY,24935.4,1755838724
NIFTY,24935.85,1755838725
NIFTY,24935.9,1755838726
NIFTY,24935.55,1755838726
NIFTY,24936.35,1755838727
NIFTY,24936.55,1755838728
NIFTY,24936.15,1755838728
NIFTY,24935.35,1755838729
NIFTY,24935.85,1755838729
NIFTY,24936.5,1755838730
NIFTY,24935.75,1755838730
NIFTY,24935.5,1755838731
NIFTY,24935.55,1755838731
NIFTY,24935.65,1755838732
NIFTY,24935.4,1755838732
NIFTY,24935.55,1755838733
NIFTY,24935.65,1755838733
NIFTY,24936.15,1755838734
NIFTY,24935.6,1755838734
NIFTY,24936,1755838735
NIFTY,24935.7,1755838736
NIFTY,24935.55,1755838736
NIFTY,24935.85,1755838737
NIFTY,24936.1,1755838737
NIFTY,24936.15,1755838738
NIFTY,24936.25,1755838738
NIFTY,24936.45,1755838739
NIFTY,24935.7,1755838739
NIFTY,24935.9,1755838740
NIFTY,24935.6,1755838740
NIFTY,24935.55,1755838741
NIFTY,24935.3,1755838741
NIFTY,24935.45,1755838742
NIFTY,24935.25,1755838742
NIFTY,24935.6,1755838743
NIFTY,24934.95,1755838743
NIFTY,24935.35,1755838744
NIFTY,24935.1,1755838744
NIFTY,24935,1755838745
NIFTY,24935.65,1755838746
NIFTY,24934.85,1755838746
NIFTY,24935.3,1755838747
NIFTY,24935.65,1755838747
NIFTY,24937,1755838748
NIFTY,24936.9,1755838748
NIFTY,24936.7,1755838749
NIFTY,24936.75,1755838749
NIFTY,24936.05,1755838750
NIFTY,24937,1755838750
NIFTY,24936.65,1755838751
NIFTY,24937.55,1755838751
NIFTY,24938,1755838752
NIFTY,24937.8,1755838752
NIFTY,24937.05,1755838753
NIFTY,24937.4,1755838753
NIFTY,24938,1755838754
NIFTY,24937.6,1755838755
NIFTY,24937.5,1755838756
NIFTY,24937.65,1755838756
NIFTY,24937.55,1755838757
NIFTY,24937.75,1755838758
NIFTY,24938.55,1755838758
NIFTY,24938.05,1755838759
NIFTY,24937.95,1755838759
NIFTY,24938,1755838760
NIFTY,24937.65,1755838761
NIFTY,24937.95,1755838761
NIFTY,24937.8,1755838762
NIFTY,24937.9,1755838762
NIFTY,24938.2,1755838763
NIFTY,24938,1755838763
NIFTY,24937.9,1755838764
NIFTY,24937.65,1755838764
NIFTY,24938.55,1755838766
NIFTY,24937.65,1755838766
NIFTY,24938,1755838767
NIFTY,24937.35,1755838767
NIFTY,24937.65,1755838768
NIFTY,24938.05,1755838768
NIFTY,24937.55,1755838769
NIFTY,24937.15,1755838769
NIFTY,24937.35,1755838770
NIFTY,24937,1755838770
NIFTY,24937.2,1755838771
NIFTY,24937,1755838771
NIFTY,24937.1,1755838772
NIFTY,24936.45,1755838772
NIFTY,24935.7,1755838773
NIFTY,24935.35,1755838773
NIFTY,24935.3,1755838774
NIFTY,24935,1755838775
NIFTY,24935.05,1755838775
NIFTY,24935.15,1755838776
NIFTY,24935.1,1755838776
NIFTY,24935.2,1755838777
NIFTY,24934.8,1755838777
NIFTY,24935,1755838778
NIFTY,24934.1,1755838778
NIFTY,24933.55,1755838779
NIFTY,24934,1755838779
NIFTY,24933.95,1755838780
NIFTY,24934,1755838780
NIFTY,24934.15,1755838781
NIFTY,24934.05,1755838781
NIFTY,24934.5,1755838782
NIFTY,24934.25,1755838782
NIFTY,24933.8,1755838783
NIFTY,24933.95,1755838783
NIFTY,24933.2,1755838784
NIFTY,24933.35,1755838784
NIFTY,24932.7,1755838785
NIFTY,24933.85,1755838785
NIFTY,24932.8,1755838786
NIFTY,24933.7,1755838786
NIFTY,24933.05,1755838787
NIFTY,24933.85,1755838787
NIFTY,24933.8,1755838788
NIFTY,24933.75,1755838788
NIFTY,24933.65,1755838789
NIFTY,24934.15,1755838789
NIFTY,24934.1,1755838790
NIFTY,24933.9,1755838790
NIFTY,24933.95,1755838791
NIFTY,24933.65,1755838791
NIFTY,24933.55,1755838792
NIFTY,24933.85,1755838792
NIFTY,24933.1,1755838793
NIFTY,24934.35,1755838793
NIFTY,24934.1,1755838794
NIFTY,24933.9,1755838794
NIFTY,24933.4,1755838795
NIFTY,24933.7,1755838795
NIFTY,24933.5,1755838796
NIFTY,24933.7,1755838796
NIFTY,24933.6,1755838797
NIFTY,24933.9,1755838797
NIFTY,24932.55,1755838798
NIFTY,24933.1,1755838798
NIFTY,24932.7,1755838799
NIFTY,24932.2,1755838799
NIFTY,24932.3,1755838800
NIFTY,24932.85,1755838800
NIFTY,24932.45,1755838801
NIFTY,24933.45,1755838801
NIFTY,24933.75,1755838802
NIFTY,24932.75,1755838802
NIFTY,24932.65,1755838803
NIFTY,24932.45,1755838803
NIFTY,24932.3,1755838804
NIFTY,24932.35,1755838804
NIFTY,24932.25,1755838805
NIFTY,24932,1755838805
NIFTY,24932.25,1755838806
NIFTY,24933.5,1755838806
NIFTY,24934.6,1755838807
NIFTY,24934.4,1755838807
NIFTY,24933.3,1755838808
NIFTY,24932.7,1755838808
NIFTY,24932.45,1755838809
NIFTY,24932.55,1755838809
NIFTY,24932.15,1755838810
NIFTY,24933.6,1755838810
NIFTY,24933.4,1755838811
NIFTY,24932.25,1755838811
NIFTY,24933,1755838812
NIFTY,24932.25,1755838812
NIFTY,24933,1755838813
NIFTY,24933.1,1755838813
NIFTY,24932.95,1755838814
NIFTY,24932.9,1755838814
NIFTY,24932.45,1755838815
NIFTY,24932.55,1755838815
NIFTY,24932,1755838816
NIFTY,24931.9,1755838816
NIFTY,24931.65,1755838817
NIFTY,24931.85,1755838817
NIFTY,24931.75,1755838818
NIFTY,24931.95,1755838818
NIFTY,24931.8,1755838819
NIFTY,24931.6,1755838819
NIFTY,24932.2,1755838820
NIFTY,24932,1755838820
NIFTY,24931.85,1755838821
NIFTY,24931.9,1755838821
NIFTY,24931.85,1755838822
NIFTY,24931.05,1755838822
NIFTY,24931.75,1755838823
NIFTY,24931.7,1755838823
NIFTY,24930.9,1755838824
NIFTY,24931.65,1755838824
NIFTY,24932.05,1755838825
NIFTY,24931.95,1755838825
NIFTY,24931.85,1755838826
NIFTY,24931.9,1755838826
NIFTY,24931.95,1755838827
NIFTY,24932.4,1755838827
NIFTY,24932.75,1755838828
NIFTY,24933.5,1755838828
NIFTY,24933.05,1755838829
NIFTY,24932.3,1755838829
NIFTY,24931.8,1755838830
NIFTY,24932.15,1755838830
NIFTY,24932.55,1755838831
NIFTY,24932.35,1755838831
NIFTY,24931.85,1755838832
NIFTY,24931.9,1755838832
NIFTY,24932.5,1755838833
NIFTY,24932,1755838833
NIFTY,24931.9,1755838834
NIFTY,24932.1,1755838834
NIFTY,24931.7,1755838835
NIFTY,24931.8,1755838835
NIFTY,24931.4,1755838836
NIFTY,24931.05,1755838836
NIFTY,24930.7,1755838837
NIFTY,24930.35,1755838837
NIFTY,24931.1,1755838838
NIFTY,24931.35,1755838838
NIFTY,24931.25,1755838839
NIFTY,24931.3,1755838839
NIFTY,24931,1755838840
NIFTY,24930.65,1755838840
NIFTY,24930.7,1755838841
NIFTY,24931,1755838842
NIFTY,24931.2,1755838842
NIFTY,24931.25,1755838843
NIFTY,24931.2,1755838843
NIFTY,24931.25,1755838844
NIFTY,24931.7,1755838844
NIFTY,24931.3,1755838845
NIFTY,24931.5,1755838846
NIFTY,24931.15,1755838847
NIFTY,24930.95,1755838847
NIFTY,24931,1755838848
NIFTY,24930.9,1755838848
NIFTY,24930.05,1755838849
NIFTY,24930.45,1755838849
NIFTY,24930.55,1755838850
NIFTY,24930.7,1755838850
NIFTY,24930.8,1755838851
NIFTY,24930.75,1755838851
NIFTY,24930.95,1755838852
NIFTY,24930.85,1755838852
NIFTY,24930.95,1755838853
NIFTY,24931,1755838853
NIFTY,24931.05,1755838854
NIFTY,24930.55,1755838854
NIFTY,24930.3,1755838855
NIFTY,24930.1,1755838855
NIFTY,24929.35,1755838856
NIFTY,24929.3,1755838856
NIFTY,24929.55,1755838857
NIFTY,24929.9,1755838858
NIFTY,24930.7,1755838858
NIFTY,24929.85,1755838859
NIFTY,24931.1,1755838859
NIFTY,24930.6,1755838860
NIFTY,24931.1,1755838860
NIFTY,24929.05,1755838861
NIFTY,24930.85,1755838861
NIFTY,24929.75,1755838862
NIFTY,24929.85,1755838862
NIFTY,24929.8,1755838863
NIFTY,24929.3,1755838863
NIFTY,24930.15,1755838864
NIFTY,24930.4,1755838864
NIFTY,24930.25,1755838865
NIFTY,24930.75,1755838865
NIFTY,24931.35,1755838866
NIFTY,24931.25,1755838866
NIFTY,24929.9,1755838867
NIFTY,24930.65,1755838867
NIFTY,24930.8,1755838868
NIFTY,24929.9,1755838868
NIFTY,24930.55,1755838869
NIFTY,24930.7,1755838869
NIFTY,24930.6,1755838870
NIFTY,24931,1755838870
NIFTY,24931.05,1755838871
NIFTY,24931.45,1755838871
NIFTY,24930.05,1755838872
NIFTY,24929.3,1755838872
NIFTY,24929.75,1755838873
NIFTY,24929.4,1755838873
NIFTY,24929.05,1755838874
NIFTY,24928.9,1755838874
NIFTY,24928.7,1755838875
NIFTY,24928.8,1755838875
NIFTY,24927.9,1755838876
NIFTY,24928.4,1755838876
NIFTY,24929.1,1755838877
NIFTY,24929.15,1755838877
NIFTY,24929.3,1755838878
NIFTY,24929.2,1755838878
NIFTY,24929,1755838879
NIFTY,24928.75,1755838880
NIFTY,24928.45,1755838880
NIFTY,24928.3,1755838881
NIFTY,24927.95,1755838881
NIFTY,24928.05,1755838882
NIFTY,24928.65,1755838882
NIFTY,24929.1,1755838883
NIFTY,24929.15,1755838883
NIFTY,24929.5,1755838884
NIFTY,24929.2,1755838884
NIFTY,24929.4,1755838885
NIFTY,24929.2,1755838885
NIFTY,24928.85,1755838886
NIFTY,24928.75,1755838886
NIFTY,24928.9,1755838887
NIFTY,24928.95,1755838887
NIFTY,24928.7,1755838888
NIFTY,24929.4,1755838888
NIFTY,24929.35,1755838889
NIFTY,24929.65,1755838889
NIFTY,24930.05,1755838890
NIFTY,24929.9,1755838890
NIFTY,24930,1755838891
NIFTY,24929.85,1755838892
NIFTY,24929.7,1755838892
NIFTY,24929.35,1755838893
NIFTY,24929.4,1755838893
NIFTY,24928.8,1755838894
NIFTY,24928.15,1755838894
NIFTY,24928.6,1755838895
NIFTY,24928.15,1755838896
NIFTY,24928.25,1755838896
NIFTY,24928.6,1755838897
NIFTY,24928.4,1755838897
NIFTY,24927.9,1755838898
NIFTY,24927.3,1755838899
NIFTY,24927.75,1755838899
NIFTY,24928,1755838900
NIFTY,24928.15,1755838900
NIFTY,24928.05,1755838901
NIFTY,24927.85,1755838901
NIFTY,24927.65,1755838902
NIFTY,24926.85,1755838902
NIFTY,24926.7,1755838903
NIFTY,24927.5,1755838903
NIFTY,24927.2,1755838904
NIFTY,24927.1,1755838904
NIFTY,24926.65,1755838905
NIFTY,24926.55,1755838905
NIFTY,24927.4,1755838906
NIFTY,24927.15,1755838906
NIFTY,24927.25,1755838907
NIFTY,24927.2,1755838908
NIFTY,24927.4,1755838908
NIFTY,24927.25,1755838909
NIFTY,24926.9,1755838909
NIFTY,24927,1755838910
NIFTY,24927.1,1755838910
NIFTY,24927,1755838911
NIFTY,24927.15,1755838912
NIFTY,24927.05,1755838913
NIFTY,24927.15,1755838914
NIFTY,24927.55,1755838914
NIFTY,24927.3,1755838915
NIFTY,24927.2,1755838915
NIFTY,24927.25,1755838916
NIFTY,24927.5,1755838916
NIFTY,24927.1,1755838917
NIFTY,24926.95,1755838917
NIFTY,24927.25,1755838918
NIFTY,24927.85,1755838918
NIFTY,24927.55,1755838919
NIFTY,24927.7,1755838919
NIFTY,24927.2,1755838920
NIFTY,24926.95,1755838921
NIFTY,24927.45,1755838921
NIFTY,24927.4,1755838922
NIFTY,24925.4,1755838922
NIFTY,24926.85,1755838923
NIFTY,24926.8,1755838923
NIFTY,24926.6,1755838924
NIFTY,24926.8,1755838924
NIFTY,24926.85,1755838925
NIFTY,24926.35,1755838925
NIFTY,24926.25,1755838926
NIFTY,24926.3,1755838926
NIFTY,24926.8,1755838927
NIFTY,24926.65,1755838927
NIFTY,24926.6,1755838928
NIFTY,24927,1755838928
NIFTY,24926.8,1755838929
NIFTY,24926.9,1755838930
NIFTY,24926.75,1755838930
NIFTY,24927,1755838931
NIFTY,24927.4,1755838932
NIFTY,24927.35,1755838932
NIFTY,24926.75,1755838933
NIFTY,24926.55,1755838933
NIFTY,24927.25,1755838934
NIFTY,24926.85,1755838934
NIFTY,24927,1755838935
NIFTY,24926.65,1755838935
NIFTY,24926.7,1755838936
NIFTY,24926.95,1755838936
NIFTY,24927.1,1755838937
NIFTY,24927.25,1755838937
NIFTY,24927.85,1755838938
NIFTY,24927.5,1755838938
NIFTY,24927.45,1755838939
NIFTY,24927.1,1755838939
NIFTY,24926.95,1755838940
NIFTY,24927.05,1755838940
NIFTY,24926.6,1755838941
NIFTY,24926.9,1755838941
NIFTY,24926.8,1755838942
NIFTY,24927.05,1755838942
NIFTY,24926.75,1755838943
NIFTY,24926.55,1755838943
NIFTY,24926.7,1755838944
NIFTY,24926.9,1755838944
NIFTY,24927,1755838945
NIFTY,24926.9,1755838945
NIFTY,24927.1,1755838946
NIFTY,24926.7,1755838947
NIFTY,24926.8,1755838947
NIFTY,24926.85,1755838948
NIFTY,24927.5,1755838948
NIFTY,24926.85,1755838949
NIFTY,24927.05,1755838949
NIFTY,24926.4,1755838950
NIFTY,24926.9,1755838950
NIFTY,24926.25,1755838951
NIFTY,24926.5,1755838951
NIFTY,24925.9,1755838952
NIFTY,24925.8,1755838952
NIFTY,24925.4,1755838953
NIFTY,24925.65,1755838953
NIFTY,24925.95,1755838954
NIFTY,24926.05,1755838954
NIFTY,24925.8,1755838955
NIFTY,24925.65,1755838955
NIFTY,24925.45,1755838956
NIFTY,24925.4,1755838956
NIFTY,24925.25,1755838957
NIFTY,24925.15,1755838957
NIFTY,24924.85,1755838958
NIFTY,24925.4,1755838958
NIFTY,24925.1,1755838959
NIFTY,24925.7,1755838959
NIFTY,24925.8,1755838960
NIFTY,24925.35,1755838960
NIFTY,24924.8,1755838961
NIFTY,24924.85,1755838961
NIFTY,24925.15,1755838962
NIFTY,24925.3,1755838962
NIFTY,24924.65,1755838963
NIFTY,24924.8,1755838963
NIFTY,24925.1,1755838964
NIFTY,24925.2,1755838964
NIFTY,24924.8,1755838965
NIFTY,24924.85,1755838965
NIFTY,24925.1,1755838966
NIFTY,24925.45,1755838966
NIFTY,24925.35,1755838967
NIFTY,24925.2,1755838967
NIFTY,24925.25,1755838968
NIFTY,24925,1755838969
NIFTY,24924.35,1755838970
NIFTY,24923.75,1755838971
NIFTY,24924.5,1755838971
NIFTY,24924.2,1755838972
NIFTY,24922.8,1755838972
NIFTY,24923.15,1755838973
NIFTY,24922.9,1755838973
NIFTY,24923,1755838974
NIFTY,24923.15,1755838974
NIFTY,24923.3,1755838975
NIFTY,24923.25,1755838975
NIFTY,24923.3,1755838976
NIFTY,24922.75,1755838976
NIFTY,24922.9,1755838977
NIFTY,24922.45,1755838977
NIFTY,24923.45,1755838978
NIFTY,24923.25,1755838979
NIFTY,24923.05,1755838979
NIFTY,24923.2,1755838980
NIFTY,24922.8,1755838980
NIFTY,24923.15,1755838981
NIFTY,24923.45,1755838981
NIFTY,24923.15,1755838982
NIFTY,24922.65,1755838982
NIFTY,24921.85,1755838983
NIFTY,24922.85,1755838983
NIFTY,24922.7,1755838984
NIFTY,24922.55,1755838985
NIFTY,24923.1,1755838986
NIFTY,24923.15,1755838986
NIFTY,24922.05,1755838987
NIFTY,24923.3,1755838987
NIFTY,24923.4,1755838988
NIFTY,24923.15,1755838989
NIFTY,24923.35,1755838990
NIFTY,24923.4,1755838990
NIFTY,24924.05,1755838991
NIFTY,24923.6,1755838991
NIFTY,24924.15,1755838992
NIFTY,24923.6,1755838992
NIFTY,24924.35,1755838993
NIFTY,24924.8,1755838993
NIFTY,24923.7,1755838994
NIFTY,24923.95,1755838994
NIFTY,24923.4,1755838995
NIFTY,24923.35,1755838995
NIFTY,24924,1755838996
NIFTY,24924.25,1755838997
NIFTY,24924.1,1755838997
NIFTY,24924.05,1755838998
NIFTY,24924.1,1755838998
NIFTY,24924.45,1755838999
NIFTY,24924.65,1755838999
NIFTY,24924.3,1755839000
NIFTY,24924.15,1755839000
NIFTY,24924.5,1755839001
NIFTY,24924.4,1755839001
NIFTY,24924.25,1755839002
NIFTY,24924.3,1755839002
NIFTY,24924.35,1755839003
NIFTY,24924.5,1755839003
NIFTY,24924.95,1755839004
NIFTY,24925.25,1755839004
NIFTY,24924.2,1755839005
NIFTY,24924.65,1755839006
NIFTY,24924.45,1755839006
NIFTY,24924.35,1755839008
NIFTY,24925.25,1755839008
NIFTY,24925,1755839009
NIFTY,24924.9,1755839009
NIFTY,24925.05,1755839010
NIFTY,24925.25,1755839010
NIFTY,24924.1,1755839011
NIFTY,24924.8,1755839011
NIFTY,24924.85,1755839012
NIFTY,24924.75,1755839012
NIFTY,24924.6,1755839013
NIFTY,24924.8,1755839013
NIFTY,24924.65,1755839014
NIFTY,24925.15,1755839014
NIFTY,24925.35,1755839015
NIFTY,24925.05,1755839015
NIFTY,24925.45,1755839016
NIFTY,24925.55,1755839016
NIFTY,24925.25,1755839017
NIFTY,24924.95,1755839018
NIFTY,24925.3,1755839019
NIFTY,24924.95,1755839019
NIFTY,24924.25,1755839020
NIFTY,24924.7,1755839020
NIFTY,24924.3,1755839021
NIFTY,24924.45,1755839021
NIFTY,24924.15,1755839022
NIFTY,24924.35,1755839022
NIFTY,24924.2,1755839023
NIFTY,24925.7,1755839023
NIFTY,24925.15,1755839024
NIFTY,24925.2,1755839024
NIFTY,24924.3,1755839025
NIFTY,24925.2,1755839025
NIFTY,24925,1755839026
NIFTY,24925.5,1755839026
NIFTY,24925.95,1755839027
NIFTY,24925.65,1755839028
NIFTY,24925.2,1755839029
NIFTY,24924.9,1755839029
NIFTY,24925.5,1755839030
NIFTY,24925.65,1755839030
NIFTY,24926.1,1755839031
NIFTY,24926.7,1755839031
NIFTY,24926,1755839032
NIFTY,24926.1,1755839033
NIFTY,24926.25,1755839033
NIFTY,24925.8,1755839034
NIFTY,24926.05,1755839034
NIFTY,24926.65,1755839035
NIFTY,24926.7,1755839035
NIFTY,24926.45,1755839036
NIFTY,24926.5,1755839036
NIFTY,24926.75,1755839037
NIFTY,24926.8,1755839037
NIFTY,24926.6,1755839038
NIFTY,24926.85,1755839038
NIFTY,24927.2,1755839039
NIFTY,24927,1755839039
NIFTY,24927.55,1755839040
NIFTY,24927.05,1755839041
NIFTY,24927.4,1755839041
NIFTY,24926.75,1755839042
NIFTY,24927.2,1755839042
NIFTY,24927.25,1755839043
NIFTY,24926.6,1755839043
NIFTY,24926.95,1755839044
NIFTY,24927.55,1755839044
NIFTY,24926.9,1755839045
NIFTY,24927.15,1755839045
NIFTY,24927.2,1755839046
NIFTY,24926.85,1755839046
NIFTY,24926.65,1755839047
NIFTY,24926.35,1755839047
NIFTY,24926.15,1755839048
NIFTY,24926,1755839048
NIFTY,24925.65,1755839049
NIFTY,24925.6,1755839049
NIFTY,24925.85,1755839050
NIFTY,24925.35,1755839050
NIFTY,24926.05,1755839051
NIFTY,24925.2,1755839052
NIFTY,24925.6,1755839052
NIFTY,24925.35,1755839053
NIFTY,24925.55,1755839053
NIFTY,24925.3,1755839054
NIFTY,24925.5,1755839054
NIFTY,24925.65,1755839055
NIFTY,24925.05,1755839055
NIFTY,24924.95,1755839056
NIFTY,24925.5,1755839056
NIFTY,24925.2,1755839057
NIFTY,24925.35,1755839057
NIFTY,24925.75,1755839058
NIFTY,24926.1,1755839058
NIFTY,24925.95,1755839059
NIFTY,24925.6,1755839059
NIFTY,24925.05,1755839060
NIFTY,24925.75,1755839060
NIFTY,24924.85,1755839061
NIFTY,24925.4,1755839062
NIFTY,24924.9,1755839062
NIFTY,24924.7,1755839063
NIFTY,24924.15,1755839064
NIFTY,24923.75,1755839064
NIFTY,24924,1755839065
NIFTY,24925,1755839066
NIFTY,24923.95,1755839066
NIFTY,24924.3,1755839067
NIFTY,24924.4,1755839067
NIFTY,24923.8,1755839068
NIFTY,24924.2,1755839068
NIFTY,24923.75,1755839069
NIFTY,24924.65,1755839069
NIFTY,24924,1755839070
NIFTY,24925.1,1755839070
NIFTY,24924.7,1755839071
NIFTY,24924.85,1755839071
NIFTY,24925.45,1755839072
NIFTY,24925.25,1755839072
NIFTY,24925.3,1755839073
NIFTY,24925.1,1755839073
NIFTY,24922.95,1755839075
NIFTY,24921.95,1755839075
NIFTY,24922.05,1755839076
NIFTY,24922.5,1755839076
NIFTY,24922.45,1755839077
NIFTY,24922.05,1755839077
NIFTY,24922.45,1755839078
NIFTY,24922.3,1755839078
NIFTY,24921.7,1755839079
NIFTY,24922.2,1755839079
NIFTY,24921.7,1755839080
NIFTY,24921.6,1755839080
NIFTY,24921.15,1755839081
NIFTY,24921.65,1755839081
NIFTY,24921.3,1755839082
NIFTY,24921.5,1755839082
NIFTY,24920.95,1755839083
NIFTY,24922.65,1755839083
NIFTY,24922.5,1755839084
NIFTY,24922.35,1755839084
NIFTY,24922.25,1755839085
NIFTY,24921.95,1755839085
NIFTY,24921.85,1755839086
NIFTY,24922.2,1755839086
NIFTY,24922.65,1755839087
NIFTY,24922.55,1755839087
NIFTY,24922.5,1755839088
NIFTY,24922.8,1755839088
NIFTY,24922.4,1755839089
NIFTY,24922.6,1755839089
NIFTY,24923.15,1755839090
NIFTY,24922.35,1755839090
NIFTY,24922.2,1755839091
NIFTY,24922.45,1755839091
NIFTY,24922.25,1755839092
NIFTY,24922.35,1755839092
NIFTY,24922.3,1755839093
NIFTY,24922.5,1755839093
NIFTY,24923.05,1755839094
NIFTY,24922.95,1755839094
NIFTY,24923.1,1755839095
NIFTY,24923.35,1755839095
NIFTY,24923.25,1755839096
NIFTY,24923.7,1755839096
NIFTY,24923,1755839097
NIFTY,24923.15,1755839098
NIFTY,24924.4,1755839098
NIFTY,24924.45,1755839099
NIFTY,24923.95,1755839099
NIFTY,24923.5,1755839100
NIFTY,24923.95,1755839100
NIFTY,24923.65,1755839101
NIFTY,24924.3,1755839101
NIFTY,24924.25,1755839102
NIFTY,24924.15,1755839103
NIFTY,24924.45,1755839103
NIFTY,24924.55,1755839104
NIFTY,24924.15,1755839105
NIFTY,24924.7,1755839105
NIFTY,24924.55,1755839106
NIFTY,24924.85,1755839106
NIFTY,24925.15,1755839107
NIFTY,24925.1,1755839107
NIFTY,24925.05,1755839108
NIFTY,24925.65,1755839108
NIFTY,24924.9,1755839109
NIFTY,24924.7,1755839109
NIFTY,24924.75,1755839110
NIFTY,24925,1755839110
NIFTY,24926.3,1755839111
NIFTY,24925.9,1755839112
NIFTY,24925.6,1755839112
NIFTY,24925.8,1755839113
NIFTY,24927.1,1755839113
NIFTY,24927.5,1755839114
NIFTY,24927.95,1755839114
NIFTY,24928.05,1755839115
NIFTY,24927.5,1755839116
NIFTY,24927.45,1755839116
NIFTY,24926.5,1755839117
NIFTY,24927.35,1755839117
NIFTY,24927.3,1755839118
NIFTY,24927.25,1755839118
NIFTY,24926.85,1755839119
NIFTY,24926.5,1755839120
NIFTY,24926.65,1755839120
NIFTY,24926.7,1755839121
NIFTY,24927.05,1755839121
NIFTY,24927.65,1755839122
NIFTY,24927.85,1755839122
NIFTY,24927.9,1755839123
NIFTY,24928.25,1755839123
NIFTY,24927.75,1755839124
NIFTY,24927.45,1755839124
NIFTY,24927.3,1755839125
NIFTY,24927.65,1755839125
NIFTY,24927.75,1755839126
NIFTY,24927.25,1755839126
NIFTY,24926.35,1755839127
NIFTY,24927.6,1755839127
NIFTY,24927.5,1755839128
NIFTY,24927.65,1755839128
NIFTY,24927.25,1755839129
NIFTY,24927.6,1755839129
NIFTY,24927.15,1755839130
NIFTY,24927.05,1755839130
NIFTY,24927.15,1755839131
NIFTY,24927,1755839131
NIFTY,24927.05,1755839132
NIFTY,24927,1755839132
NIFTY,24927.25,1755839133
NIFTY,24927.3,1755839133
NIFTY,24927.6,1755839134
NIFTY,24927.8,1755839134
NIFTY,24927.75,1755839135
NIFTY,24926.3,1755839135
NIFTY,24927.8,1755839136
NIFTY,24927.2,1755839137
NIFTY,24926.8,1755839137
NIFTY,24927.9,1755839138
NIFTY,24927.95,1755839138
NIFTY,24927.3,1755839139
NIFTY,24927.4,1755839140
NIFTY,24927.15,1755839140
NIFTY,24927.1,1755839141
NIFTY,24927.65,1755839141
NIFTY,24927,1755839142
NIFTY,24927.9,1755839142
NIFTY,24927.35,1755839143
NIFTY,24927.1,1755839143
NIFTY,24926.8,1755839144
NIFTY,24926.7,1755839144
NIFTY,24926.4,1755839145
NIFTY,24926.5,1755839145
NIFTY,24926.7,1755839146
NIFTY,24927.25,1755839146
NIFTY,24927.1,1755839147
NIFTY,24927,1755839148
NIFTY,24927.05,1755839149
NIFTY,24926.85,1755839148
NIFTY,24927,1755839149
NIFTY,24927.8,1755839150
NIFTY,24927.35,1755839150
NIFTY,24926.95,1755839151
NIFTY,24927.3,1755839151
NIFTY,24927.4,1755839152
NIFTY,24926.95,1755839152
NIFTY,24927.2,1755839153
NIFTY,24926.7,1755839153
NIFTY,24927.25,1755839154
NIFTY,24927.1,1755839154
NIFTY,24926.9,1755839155
NIFTY,24927.35,1755839155
NIFTY,24926.95,1755839156
NIFTY,24927.05,1755839156
NIFTY,24927.55,1755839157
NIFTY,24927.6,1755839157
NIFTY,24927.45,1755839158
NIFTY,24927.4,1755839158
NIFTY,24927.25,1755839159
NIFTY,24927,1755839159
NIFTY,24926.75,1755839160
NIFTY,24928.25,1755839160
NIFTY,24928.45,1755839161
NIFTY,24927.45,1755839161
NIFTY,24927,1755839162
NIFTY,24927.3,1755839162
NIFTY,24927.25,1755839163
NIFTY,24927.8,1755839163
NIFTY,24928.25,1755839165
NIFTY,24928.15,1755839165
NIFTY,24928.55,1755839166
NIFTY,24928.4,1755839166
NIFTY,24928.1,1755839167
NIFTY,24928.85,1755839168
NIFTY,24928.8,1755839168
NIFTY,24929.3,1755839169
NIFTY,24929.05,1755839169
NIFTY,24929.2,1755839170
NIFTY,24929.1,1755839170
NIFTY,24929.05,1755839171
NIFTY,24929.15,1755839172
NIFTY,24928.8,1755839172
NIFTY,24929.95,1755839173
NIFTY,24929.9,1755839173
NIFTY,24929.55,1755839174
NIFTY,24930.25,1755839174
NIFTY,24930.15,1755839175
NIFTY,24929.8,1755839176
NIFTY,24928.8,1755839176
NIFTY,24929.4,1755839177
NIFTY,24928.75,1755839177
NIFTY,24928.9,1755839178
NIFTY,24928.8,1755839178
NIFTY,24929,1755839179
NIFTY,24929.2,1755839179
NIFTY,24928.85,1755839180
NIFTY,24928.6,1755839180
NIFTY,24928.3,1755839181
NIFTY,24928.65,1755839182
NIFTY,24929.65,1755839183
NIFTY,24929.7,1755839183
NIFTY,24929.65,1755839184
NIFTY,24930.05,1755839184
NIFTY,24930.2,1755839185
NIFTY,24930.1,1755839185
NIFTY,24929.6,1755839186
NIFTY,24929.7,1755839186
NIFTY,24929.75,1755839187
NIFTY,24929.7,1755839187
NIFTY,24929.9,1755839188
NIFTY,24929.4,1755839188
NIFTY,24929.9,1755839189
NIFTY,24930,1755839190
NIFTY,24930.25,1755839190
NIFTY,24929.95,1755839191
NIFTY,24930,1755839191
NIFTY,24929.65,1755839192
NIFTY,24930.15,1755839192
NIFTY,24929.4,1755839193
NIFTY,24930,1755839193
NIFTY,24929.75,1755839194
NIFTY,24929.45,1755839194
NIFTY,24930,1755839195
NIFTY,24930.15,1755839195
NIFTY,24930.35,1755839196
NIFTY,24930.1,1755839196
NIFTY,24929.9,1755839197
NIFTY,24930.25,1755839197
NIFTY,24930.3,1755839198
NIFTY,24930.65,1755839198
NIFTY,24930.2,1755839199
NIFTY,24930.25,1755839199
NIFTY,24929.9,1755839200
NIFTY,24930,1755839201
NIFTY,24930.1,1755839201
NIFTY,24930.4,1755839202
NIFTY,24930.3,1755839202
NIFTY,24930.15,1755839203
NIFTY,24930.05,1755839203
NIFTY,24930.2,1755839204
NIFTY,24930.45,1755839204
NIFTY,24929.75,1755839205
NIFTY,24929.85,1755839205
NIFTY,24930.1,1755839206
NIFTY,24930.55,1755839206
NIFTY,24930.45,1755839207
NIFTY,24930.9,1755839207
NIFTY,24930.55,1755839208
NIFTY,24930.85,1755839208
NIFTY,24930.5,1755839209
NIFTY,24930.7,1755839209
NIFTY,24930.85,1755839210
NIFTY,24930.65,1755839210
NIFTY,24930.45,1755839211
NIFTY,24930,1755839211
NIFTY,24930.25,1755839212
NIFTY,24930.55,1755839212
NIFTY,24931.25,1755839213
NIFTY,24931.2,1755839213
NIFTY,24931.3,1755839214
NIFTY,24931.25,1755839214
NIFTY,24930.7,1755839215
NIFTY,24930.9,1755839215
NIFTY,24932,1755839216
NIFTY,24931,1755839216
NIFTY,24931.3,1755839217
NIFTY,24931.8,1755839217
NIFTY,24932.25,1755839218
NIFTY,24933.05,1755839218
NIFTY,24932.25,1755839219
NIFTY,24932.4,1755839219
NIFTY,24932.95,1755839220
NIFTY,24932.6,1755839221
NIFTY,24933.45,1755839221
NIFTY,24933.5,1755839222
NIFTY,24933.25,1755839223
NIFTY,24932.85,1755839223
NIFTY,24933.1,1755839224
NIFTY,24932.5,1755839224
NIFTY,24932.9,1755839225
NIFTY,24932.8,1755839225
NIFTY,24933.15,1755839226
NIFTY,24933.25,1755839226
NIFTY,24932.95,1755839227
NIFTY,24932.75,1755839228
NIFTY,24932.9,1755839228
NIFTY,24933.05,1755839229
NIFTY,24933.1,1755839229
NIFTY,24933.2,1755839230
NIFTY,24933.5,1755839230
NIFTY,24932.8,1755839231
NIFTY,24932.75,1755839231
NIFTY,24932.6,1755839232
NIFTY,24933.15,1755839232
NIFTY,24933.3,1755839233
NIFTY,24933.55,1755839233
NIFTY,24933.6,1755839234
NIFTY,24933.45,1755839234
NIFTY,24933.4,1755839235
NIFTY,24934,1755839235
NIFTY,24934.15,1755839236
NIFTY,24933.8,1755839236
NIFTY,24933.95,1755839237
NIFTY,24933.7,1755839237
NIFTY,24933.8,1755839238
NIFTY,24933.65,1755839238
NIFTY,24933.45,1755839239
NIFTY,24933.3,1755839239
NIFTY,24933.2,1755839240
NIFTY,24933.05,1755839241
NIFTY,24933,1755839241
NIFTY,24933.25,1755839242
NIFTY,24933.5,1755839242
NIFTY,24933.3,1755839243
NIFTY,24933.05,1755839244
NIFTY,24933.65,1755839244
NIFTY,24933.3,1755839245
NIFTY,24934.05,1755839245
NIFTY,24933.65,1755839246
NIFTY,24933.3,1755839246
NIFTY,24933.55,1755839247
NIFTY,24933.45,1755839247
NIFTY,24933.55,1755839248
NIFTY,24933.2,1755839248
NIFTY,24933.4,1755839249
NIFTY,24933.25,1755839250
NIFTY,24932.7,1755839250
NIFTY,24932.65,1755839251
NIFTY,24932.9,1755839251
NIFTY,24932.8,1755839252
NIFTY,24933,1755839252
NIFTY,24933.05,1755839253
NIFTY,24932.95,1755839253
NIFTY,24932.85,1755839254
NIFTY,24932.55,1755839254
NIFTY,24932.7,1755839255
NIFTY,24932.9,1755839255
NIFTY,24932.95,1755839256
NIFTY,24932.85,1755839256
NIFTY,24933.05,1755839257
NIFTY,24933.1,1755839257
NIFTY,24932.65,1755839258
NIFTY,24932.6,1755839258
NIFTY,24932.7,1755839259
NIFTY,24932.6,1755839259
NIFTY,24932.25,1755839260
NIFTY,24932.8,1755839260
NIFTY,24932.85,1755839261
NIFTY,24932.5,1755839261
NIFTY,24933,1755839262
NIFTY,24932.45,1755839262
NIFTY,24932.2,1755839263
NIFTY,24932.3,1755839263
NIFTY,24932.05,1755839264
NIFTY,24932.4,1755839265
NIFTY,24932.7,1755839265
NIFTY,24932.35,1755839266
NIFTY,24932.3,1755839266
NIFTY,24932.4,1755839267
NIFTY,24932.65,1755839267
NIFTY,24932.7,1755839268
NIFTY,24932.55,1755839268
NIFTY,24931.95,1755839269
NIFTY,24932.85,1755839269
NIFTY,24932.7,1755839270
NIFTY,24932,1755839270
NIFTY,24932.35,1755839271
NIFTY,24932.45,1755839271
NIFTY,24932.2,1755839272
NIFTY,24931.3,1755839272
NIFTY,24931.6,1755839273
NIFTY,24932.1,1755839273
NIFTY,24931.35,1755839274
NIFTY,24932.3,1755839274
NIFTY,24932.35,1755839275
NIFTY,24931.9,1755839275
NIFTY,24931.85,1755839276
NIFTY,24932.05,1755839276
NIFTY,24930.55,1755839277
NIFTY,24930.5,1755839277
NIFTY,24930.6,1755839278
NIFTY,24930.75,1755839278
NIFTY,24929.9,1755839279
NIFTY,24929.85,1755839279
NIFTY,24929.55,1755839280
NIFTY,24929.9,1755839280
NIFTY,24928.65,1755839281
NIFTY,24928.45,1755839281
NIFTY,24928.65,1755839282
NIFTY,24929.1,1755839282
NIFTY,24928.15,1755839283
NIFTY,24928.25,1755839283
NIFTY,24927.75,1755839284
NIFTY,24926.95,1755839285
NIFTY,24926.8,1755839285
NIFTY,24927.35,1755839286
NIFTY,24927.45,1755839286
NIFTY,24927.6,1755839287
NIFTY,24927.7,1755839287
NIFTY,24927.85,1755839288
NIFTY,24927.9,1755839288
NIFTY,24927.55,1755839289
NIFTY,24927.6,1755839289
NIFTY,24927.55,1755839290
NIFTY,24927.75,1755839290
NIFTY,24927.45,1755839291
NIFTY,24927.25,1755839291
NIFTY,24927.05,1755839292
NIFTY,24926.95,1755839292
NIFTY,24926.9,1755839293
NIFTY,24926.55,1755839293
NIFTY,24926.4,1755839294
NIFTY,24926.55,1755839294
NIFTY,24927.15,1755839295
NIFTY,24926.65,1755839295
NIFTY,24926.35,1755839296
NIFTY,24927.25,1755839296
NIFTY,24926.9,1755839297
NIFTY,24927.05,1755839297
NIFTY,24927.2,1755839298
NIFTY,24927.25,1755839298
NIFTY,24927.05,1755839299
NIFTY,24927.3,1755839299
NIFTY,24926.85,1755839300
NIFTY,24927.05,1755839301
NIFTY,24927.3,1755839301
NIFTY,24927.1,1755839302
NIFTY,24927.05,1755839302
NIFTY,24927,1755839303
NIFTY,24927.25,1755839303
NIFTY,24927.3,1755839304
NIFTY,24927.55,1755839304
NIFTY,24926.75,1755839305
NIFTY,24927.2,1755839305
NIFTY,24927.35,1755839306
NIFTY,24927.05,1755839306
NIFTY,24926.75,1755839307
NIFTY,24926.95,1755839307
NIFTY,24927.25,1755839308
NIFTY,24927.15,1755839308
NIFTY,24927.1,1755839309
NIFTY,24926.45,1755839309
NIFTY,24926.8,1755839310
NIFTY,24926.85,1755839310
NIFTY,24927.15,1755839311
NIFTY,24926.85,1755839311
NIFTY,24927.4,1755839312
NIFTY,24927.2,1755839312
NIFTY,24926.05,1755839313
NIFTY,24926.9,1755839313
NIFTY,24926.4,1755839314
NIFTY,24925.9,1755839314
NIFTY,24926.6,1755839315
NIFTY,24926.7,1755839315
NIFTY,24926.95,1755839316
NIFTY,24926.8,1755839316
NIFTY,24927.15,1755839317
NIFTY,24927.2,1755839317
NIFTY,24927.3,1755839318
NIFTY,24927.5,1755839318
NIFTY,24927.8,1755839319
NIFTY,24927.3,1755839319
NIFTY,24927.1,1755839320
NIFTY,24926.85,1755839320
NIFTY,24927.05,1755839321
NIFTY,24927.25,1755839321
NIFTY,24926.9,1755839322
NIFTY,24926.8,1755839322
NIFTY,24926.6,1755839323
NIFTY,24927.05,1755839323
NIFTY,24927.2,1755839324
NIFTY,24926.65,1755839325
NIFTY,24926.55,1755839325
NIFTY,24926.75,1755839326
NIFTY,24926.6,1755839327
NIFTY,24926.75,1755839327
NIFTY,24926.85,1755839328
NIFTY,24926.05,1755839328
NIFTY,24925.65,1755839329
NIFTY,24926.2,1755839329
NIFTY,24926.35,1755839330
NIFTY,24925.9,1755839330
NIFTY,24925.25,1755839331
NIFTY,24925.35,1755839331
NIFTY,24925.25,1755839332
NIFTY,24925.5,1755839332
NIFTY,24925.4,1755839333
NIFTY,24925.45,1755839334
NIFTY,24925.3,1755839334
NIFTY,24925.2,1755839335
NIFTY,24925.85,1755839335
NIFTY,24925.75,1755839336
NIFTY,24925.5,1755839336
NIFTY,24925.3,1755839337
NIFTY,24925.35,1755839337
NIFTY,24925.5,1755839338
NIFTY,24925.7,1755839338
NIFTY,24925.65,1755839339
NIFTY,24925.45,1755839339
NIFTY,24925.55,1755839340
NIFTY,24925.15,1755839340
NIFTY,24925.2,1755839341
NIFTY,24924.95,1755839341
NIFTY,24925.1,1755839342
NIFTY,24924.9,1755839342
NIFTY,24924.8,1755839343
NIFTY,24924.9,1755839343
NIFTY,24925.05,1755839344
NIFTY,24924.7,1755839344
NIFTY,24924.55,1755839345
NIFTY,24924.65,1755839345
NIFTY,24924.45,1755839346
NIFTY,24924.35,1755839347
NIFTY,24924.55,1755839347
NIFTY,24924.2,1755839348
NIFTY,24925,1755839348
NIFTY,24924.6,1755839349
NIFTY,24924.55,1755839349
NIFTY,24924.35,1755839350
NIFTY,24923.85,1755839350
NIFTY,24923.95,1755839351
NIFTY,24923.65,1755839351
NIFTY,24924.35,1755839352
NIFTY,24924,1755839352
NIFTY,24924.2,1755839353
NIFTY,24923.8,1755839353
NIFTY,24923.75,1755839354
NIFTY,24923.7,1755839354
NIFTY,24923.8,1755839355
NIFTY,24923.15,1755839355
NIFTY,24923.25,1755839356
NIFTY,24923.2,1755839356
NIFTY,24923.3,1755839357
NIFTY,24923.45,1755839357
NIFTY,24923.3,1755839358
NIFTY,24923.05,1755839358
NIFTY,24923.3,1755839359
NIFTY,24923.4,1755839359
NIFTY,24923.3,1755839360
NIFTY,24923.75,1755839360
NIFTY,24923.55,1755839361
NIFTY,24923.75,1755839361
NIFTY,24924,1755839362
NIFTY,24923.75,1755839362
NIFTY,24923.15,1755839363
NIFTY,24923.35,1755839363
NIFTY,24923.25,1755839364
NIFTY,24923.45,1755839364
NIFTY,24923.1,1755839365
NIFTY,24923.05,1755839365
NIFTY,24923.2,1755839366
NIFTY,24923.3,1755839366
NIFTY,24923.35,1755839367
NIFTY,24923.45,1755839367
NIFTY,24923.85,1755839368
NIFTY,24923.6,1755839368
NIFTY,24923.15,1755839369
NIFTY,24923.3,1755839370
NIFTY,24923.2,1755839370
NIFTY,24923.1,1755839371
NIFTY,24923.4,1755839371
NIFTY,24923.95,1755839372
NIFTY,24923.8,1755839372
NIFTY,24923.65,1755839373
NIFTY,24924.2,1755839373
NIFTY,24924.4,1755839374
NIFTY,24924.35,1755839374
NIFTY,24924.4,1755839375
NIFTY,24924.2,1755839375
NIFTY,24924.3,1755839376
NIFTY,24924.35,1755839376
NIFTY,24924.15,1755839377
NIFTY,24923.9,1755839377
NIFTY,24923.8,1755839378
NIFTY,24924.15,1755839378
NIFTY,24923.75,1755839379
NIFTY,24924.1,1755839379
NIFTY,24923.95,1755839380
NIFTY,24924.15,1755839380
NIFTY,24924.35,1755839381
NIFTY,24923.95,1755839381
NIFTY,24923.85,1755839382
NIFTY,24924.2,1755839382
NIFTY,24923.9,1755839383
NIFTY,24924.1,1755839384
NIFTY,24924.55,1755839384
NIFTY,24924.3,1755839385
NIFTY,24924.5,1755839385
NIFTY,24923.95,1755839386
NIFTY,24924.2,1755839386
NIFTY,24924.1,1755839387
NIFTY,24924.25,1755839387
NIFTY,24924.15,1755839388
NIFTY,24924.05,1755839388
NIFTY,24923.25,1755839389
NIFTY,24923.45,1755839389
NIFTY,24923.9,1755839390
NIFTY,24922.85,1755839390
NIFTY,24923.15,1755839391
NIFTY,24923.1,1755839391
NIFTY,24922.8,1755839392
NIFTY,24922.6,1755839392
NIFTY,24923.4,1755839393
NIFTY,24923.35,1755839393
NIFTY,24923.6,1755839394
NIFTY,24923.65,1755839394
NIFTY,24923.55,1755839395
NIFTY,24923.1,1755839395
NIFTY,24923.25,1755839396
NIFTY,24923.65,1755839396
NIFTY,24923.35,1755839397
NIFTY,24923.6,1755839397
NIFTY,24923.65,1755839398
NIFTY,24923.6,1755839398
NIFTY,24923.55,1755839399
NIFTY,24923.7,1755839399
NIFTY,24923.2,1755839400
NIFTY,24922.5,1755839401
NIFTY,24922.6,1755839401
NIFTY,24922.25,1755839402
NIFTY,24921.9,1755839402
NIFTY,24921.45,1755839403
NIFTY,24921.6,1755839403
NIFTY,24921.3,1755839404
NIFTY,24921.15,1755839404
NIFTY,24921.45,1755839405
NIFTY,24921.6,1755839405
NIFTY,24921.1,1755839406
NIFTY,24920.9,1755839406
NIFTY,24920.75,1755839407
NIFTY,24920.65,1755839407
NIFTY,24920.15,1755839408
NIFTY,24920.05,1755839408
NIFTY,24920.1,1755839409
NIFTY,24920.5,1755839409
NIFTY,24920.45,1755839410
NIFTY,24919.95,1755839410
NIFTY,24920.45,1755839411
NIFTY,24920.4,1755839411
NIFTY,24920.1,1755839412
NIFTY,24920.55,1755839412
NIFTY,24920.35,1755839413
NIFTY,24920.3,1755839413
NIFTY,24920.7,1755839414
NIFTY,24920.05,1755839415
NIFTY,24920.2,1755839415
NIFTY,24920,1755839416
NIFTY,24920.4,1755839416
NIFTY,24921,1755839417
NIFTY,24920.9,1755839417
NIFTY,24920.8,1755839418
NIFTY,24920.95,1755839418
NIFTY,24921.05,1755839419
NIFTY,24920.2,1755839419
NIFTY,24920.15,1755839420
NIFTY,24919.8,1755839420
NIFTY,24920,1755839421
NIFTY,24919.85,1755839422
NIFTY,24920.3,1755839423
NIFTY,24920.15,1755839423
NIFTY,24919.95,1755839424
NIFTY,24920,1755839424
NIFTY,24919.3,1755839425
NIFTY,24919.5,1755839425
NIFTY,24919.2,1755839426
NIFTY,24919.05,1755839426
NIFTY,24919.1,1755839427
NIFTY,24918.65,1755839427
NIFTY,24918.1,1755839428
NIFTY,24918.7,1755839428
NIFTY,24918.5,1755839429
NIFTY,24919.4,1755839429
NIFTY,24918.95,1755839430
NIFTY,24918.55,1755839430
NIFTY,24918.3,1755839431
NIFTY,24917.1,1755839431
NIFTY,24917.45,1755839432
NIFTY,24918.3,1755839433
NIFTY,24918.2,1755839433
NIFTY,24918.05,1755839434
NIFTY,24918.55,1755839434
NIFTY,24917.5,1755839435
NIFTY,24917.55,1755839435
NIFTY,24918.25,1755839436
NIFTY,24918.55,1755839436
NIFTY,24917.6,1755839437
NIFTY,24916.9,1755839437
NIFTY,24916.8,1755839438
NIFTY,24917.55,1755839438
NIFTY,24917.15,1755839439
NIFTY,24916.95,1755839439
NIFTY,24916.5,1755839440
NIFTY,24917,1755839440
NIFTY,24916.8,1755839441
NIFTY,24916.85,1755839441
NIFTY,24916.75,1755839442
NIFTY,24915.3,1755839442
NIFTY,24915.75,1755839443
NIFTY,24915.45,1755839443
NIFTY,24915.6,1755839444
NIFTY,24915.5,1755839444
NIFTY,24915.75,1755839445
NIFTY,24915.7,1755839445
NIFTY,24915.45,1755839446
NIFTY,24915.9,1755839446
NIFTY,24914.75,1755839447
NIFTY,24915.25,1755839447
NIFTY,24914.25,1755839448
NIFTY,24914.1,1755839448
NIFTY,24914.15,1755839449
NIFTY,24914.25,1755839450
NIFTY,24913.55,1755839450
NIFTY,24913.95,1755839451
NIFTY,24913.85,1755839452
NIFTY,24914.6,1755839452
NIFTY,24913.9,1755839453
NIFTY,24914.35,1755839453
NIFTY,24914.4,1755839454
NIFTY,24914,1755839454
NIFTY,24914.2,1755839455
NIFTY,24914,1755839456
NIFTY,24913.85,1755839456
NIFTY,24914.35,1755839457
NIFTY,24914.7,1755839457
NIFTY,24914.85,1755839458
NIFTY,24914.3,1755839458
NIFTY,24914.15,1755839459
NIFTY,24914.75,1755839459
NIFTY,24914.5,1755839460
NIFTY,24915.1,1755839460
NIFTY,24914.6,1755839461
NIFTY,24914.05,1755839461
NIFTY,24913.9,1755839462
NIFTY,24913.8,1755839462
NIFTY,24913.65,1755839463
NIFTY,24914.25,1755839463
NIFTY,24913.5,1755839464
NIFTY,24913.3,1755839464
NIFTY,24913.25,1755839465
NIFTY,24913.4,1755839465
NIFTY,24913.1,1755839466
NIFTY,24913.65,1755839466
NIFTY,24913.85,1755839467
NIFTY,24913.7,1755839467
NIFTY,24913.9,1755839468
NIFTY,24913.8,1755839468
NIFTY,24913.65,1755839469
NIFTY,24913.9,1755839469
NIFTY,24913.3,1755839470
NIFTY,24913.55,1755839470
NIFTY,24914.2,1755839471
NIFTY,24913.75,1755839472
NIFTY,24913.9,1755839472
NIFTY,24914,1755839473
NIFTY,24913.9,1755839473
NIFTY,24913.25,1755839474
NIFTY,24913.5,1755839474
NIFTY,24912.75,1755839475
NIFTY,24913.15,1755839475
NIFTY,24912.95,1755839476
NIFTY,24912.45,1755839476
NIFTY,24912.7,1755839477
NIFTY,24911.7,1755839477
NIFTY,24912.3,1755839478
NIFTY,24912.4,1755839478
NIFTY,24911.85,1755839479
NIFTY,24912.35,1755839479
NIFTY,24912.2,1755839480
NIFTY,24912.15,1755839481
NIFTY,24911.75,1755839481
NIFTY,24912.45,1755839482
NIFTY,24912.5,1755839482
NIFTY,24912.55,1755839483
NIFTY,24913.2,1755839483
NIFTY,24912.85,1755839484
NIFTY,24913.1,1755839484
NIFTY,24912.8,1755839485
NIFTY,24912.85,1755839486
NIFTY,24911.3,1755839486
NIFTY,24912.6,1755839487
NIFTY,24911.5,1755839487
NIFTY,24911.35,1755839488
NIFTY,24912.1,1755839488
NIFTY,24912.5,1755839489
NIFTY,24912.15,1755839489
NIFTY,24912.2,1755839490
NIFTY,24911.45,1755839491
NIFTY,24912.15,1755839491
NIFTY,24912.25,1755839492
NIFTY,24912.15,1755839492
NIFTY,24911.45,1755839493
NIFTY,24912,1755839493
NIFTY,24912.1,1755839494
NIFTY,24912.45,1755839494
NIFTY,24911.05,1755839495
NIFTY,24911.6,1755839495
NIFTY,24911,1755839496
NIFTY,24910.7,1755839496
NIFTY,24911.55,1755839497
NIFTY,24910.5,1755839497
NIFTY,24911.15,1755839498
NIFTY,24910.7,1755839498
NIFTY,24910.8,1755839499
NIFTY,24910.2,1755839499
NIFTY,24910.4,1755839500
NIFTY,24911.7,1755839500
NIFTY,24911.25,1755839501
NIFTY,24911.35,1755839502
NIFTY,24911.55,1755839503
NIFTY,24911.5,1755839503
NIFTY,24911.15,1755839504
NIFTY,24910.95,1755839504
NIFTY,24909.8,1755839505
NIFTY,24909.95,1755839505
NIFTY,24909.55,1755839506
NIFTY,24910.5,1755839506
NIFTY,24910.6,1755839507
NIFTY,24910.3,1755839507
NIFTY,24910.5,1755839508
NIFTY,24910,1755839508
NIFTY,24910.35,1755839509
NIFTY,24910.3,1755839510
NIFTY,24910.15,1755839510
NIFTY,24910.05,1755839511
NIFTY,24909.9,1755839511
NIFTY,24909.8,1755839512
NIFTY,24910.2,1755839512
NIFTY,24910.25,1755839513
NIFTY,24910.4,1755839513
NIFTY,24910.1,1755839514
NIFTY,24910.45,1755839514
NIFTY,24910.1,1755839515
NIFTY,24909.95,1755839515
NIFTY,24909.4,1755839516
NIFTY,24909.3,1755839516
NIFTY,24909.5,1755839517
NIFTY,24910.05,1755839517
NIFTY,24910,1755839518
NIFTY,24910.3,1755839518
NIFTY,24910.25,1755839519
NIFTY,24909.9,1755839519
NIFTY,24911,1755839520
NIFTY,24910.8,1755839520
NIFTY,24911.5,1755839521
NIFTY,24911.85,1755839521
NIFTY,24911.1,1755839522
NIFTY,24911.25,1755839522
NIFTY,24911.85,1755839523
NIFTY,24911.35,1755839523
NIFTY,24911.95,1755839524
NIFTY,24910.85,1755839524
NIFTY,24910.6,1755839525
NIFTY,24911.2,1755839525
NIFTY,24910.9,1755839526
NIFTY,24911.2,1755839526
NIFTY,24910.95,1755839527
NIFTY,24911.6,1755839527
NIFTY,24911,1755839528
NIFTY,24910.1,1755839528
NIFTY,24910.65,1755839529
NIFTY,24911,1755839529
NIFTY,24910.85,1755839530
NIFTY,24910.5,1755839530
NIFTY,24910.25,1755839531
NIFTY,24911.25,1755839532
NIFTY,24910.9,1755839532
NIFTY,24909.9,1755839533
NIFTY,24910.75,1755839533
NIFTY,24911.15,1755839534
NIFTY,24911.2,1755839534
NIFTY,24910.7,1755839535
NIFTY,24910.35,1755839535
NIFTY,24910.8,1755839536
NIFTY,24910.95,1755839536
NIFTY,24910.85,1755839537
NIFTY,24910.9,1755839537
NIFTY,24910.7,1755839538
NIFTY,24911.6,1755839538
NIFTY,24910.8,1755839539
NIFTY,24911.35,1755839540
NIFTY,24911.15,1755839540
NIFTY,24912.05,1755839541
NIFTY,24911,1755839541
NIFTY,24911.3,1755839542
NIFTY,24911.15,1755839542
NIFTY,24911.5,1755839543
NIFTY,24910.9,1755839543
NIFTY,24910.8,1755839544
NIFTY,24911.15,1755839544
NIFTY,24910.65,1755839545
NIFTY,24910.4,1755839545
NIFTY,24911.5,1755839546
NIFTY,24912.2,1755839546
NIFTY,24912.45,1755839547
NIFTY,24912.55,1755839547
NIFTY,24912.05,1755839548
NIFTY,24911.85,1755839548
NIFTY,24911.65,1755839549
NIFTY,24911.2,1755839549
NIFTY,24911.45,1755839550
NIFTY,24911.15,1755839550
NIFTY,24911.6,1755839551
NIFTY,24911.15,1755839551
NIFTY,24910.85,1755839552
NIFTY,24910.45,1755839553
NIFTY,24910.4,1755839553
NIFTY,24911,1755839554
NIFTY,24910.75,1755839555
NIFTY,24911,1755839555
NIFTY,24910.85,1755839556
NIFTY,24910.75,1755839556
NIFTY,24910.6,1755839557
NIFTY,24910.8,1755839557
NIFTY,24911.25,1755839558
NIFTY,24910.95,1755839559
NIFTY,24911.3,1755839559
NIFTY,24911.65,1755839560
NIFTY,24911.7,1755839560
NIFTY,24911.95,1755839561
NIFTY,24913.3,1755839561
NIFTY,24913.2,1755839562
NIFTY,24913.3,1755839562
NIFTY,24913.45,1755839563
NIFTY,24913.7,1755839563
NIFTY,24913.4,1755839564
NIFTY,24912.65,1755839564
NIFTY,24912.85,1755839565
NIFTY,24913.25,1755839566
NIFTY,24913.55,1755839566
NIFTY,24913.25,1755839567
NIFTY,24913.3,1755839567
NIFTY,24913.1,1755839568
NIFTY,24913.2,1755839568
NIFTY,24912.65,1755839569
NIFTY,24912.85,1755839569
NIFTY,24912.55,1755839570
NIFTY,24912.65,1755839570
NIFTY,24912.75,1755839571
NIFTY,24913.15,1755839572
NIFTY,24913.05,1755839572
NIFTY,24913.2,1755839573
NIFTY,24912.95,1755839573
NIFTY,24912.85,1755839574
NIFTY,24913.35,1755839574
NIFTY,24913,1755839575
NIFTY,24912.25,1755839575
NIFTY,24913.75,1755839576
NIFTY,24914.05,1755839576
NIFTY,24913.85,1755839577
NIFTY,24913.55,1755839577
NIFTY,24913.7,1755839578
NIFTY,24913.8,1755839578
NIFTY,24913.75,1755839579
NIFTY,24914.1,1755839579
NIFTY,24913.75,1755839580
NIFTY,24914.25,1755839580
NIFTY,24913.35,1755839581
NIFTY,24913.3,1755839581
NIFTY,24913.8,1755839582
NIFTY,24913.6,1755839582
NIFTY,24913.65,1755839583
NIFTY,24913.6,1755839583
NIFTY,24913.9,1755839584
NIFTY,24913.65,1755839584
NIFTY,24914.05,1755839585
NIFTY,24913.9,1755839585
NIFTY,24913.65,1755839586
NIFTY,24913.3,1755839586
NIFTY,24913.75,1755839587
NIFTY,24914.4,1755839588
NIFTY,24914.45,1755839588
NIFTY,24914.55,1755839589
NIFTY,24915.05,1755839589
NIFTY,24914.7,1755839590
NIFTY,24914.8,1755839590
NIFTY,24914.75,1755839591
NIFTY,24914.65,1755839591
NIFTY,24914.2,1755839592
NIFTY,24913.95,1755839592
NIFTY,24914.3,1755839593
NIFTY,24914,1755839593
NIFTY,24914.85,1755839594
NIFTY,24914.8,1755839595
NIFTY,24914.5,1755839595
NIFTY,24914.95,1755839596
NIFTY,24914.5,1755839596
NIFTY,24914.35,1755839597
NIFTY,24913.85,1755839597
NIFTY,24914.3,1755839598
NIFTY,24913.6,1755839599
NIFTY,24913.85,1755839599
NIFTY,24913.15,1755839600
NIFTY,24913.7,1755839600
NIFTY,24913.75,1755839601
NIFTY,24913.85,1755839601
NIFTY,24914,1755839602
NIFTY,24913.4,1755839602
NIFTY,24913.55,1755839603
NIFTY,24914.35,1755839603
NIFTY,24914.3,1755839604
NIFTY,24914.85,1755839604
NIFTY,24914.8,1755839605
NIFTY,24914.5,1755839605
NIFTY,24914.1,1755839606
NIFTY,24914.45,1755839606
NIFTY,24914.55,1755839607
NIFTY,24913.75,1755839607
NIFTY,24914.8,1755839608
NIFTY,24914.6,1755839608
NIFTY,24914.8,1755839609
NIFTY,24914.5,1755839609
NIFTY,24915.3,1755839610
NIFTY,24915.15,1755839610
NIFTY,24914.8,1755839611
NIFTY,24915.15,1755839611
NIFTY,24915.4,1755839612
NIFTY,24914.55,1755839612
NIFTY,24914.7,1755839613
NIFTY,24914.6,1755839614
NIFTY,24914.5,1755839614
NIFTY,24914.3,1755839615
NIFTY,24914.5,1755839615
NIFTY,24914.7,1755839616
NIFTY,24915.2,1755839616
NIFTY,24915.4,1755839617
NIFTY,24914.75,1755839617
NIFTY,24914.65,1755839618
NIFTY,24914.45,1755839618
NIFTY,24914.5,1755839619
NIFTY,24914.55,1755839619
NIFTY,24914.45,1755839620
NIFTY,24914.5,1755839620
NIFTY,24914.3,1755839621
NIFTY,24915.3,1755839621
NIFTY,24914.9,1755839622
NIFTY,24914.85,1755839622
NIFTY,24914.25,1755839623
NIFTY,24914.45,1755839623
NIFTY,24914.65,1755839624
NIFTY,24915.35,1755839624
NIFTY,24914.9,1755839625
NIFTY,24915.45,1755839625
NIFTY,24915.95,1755839626
NIFTY,24916,1755839626
NIFTY,24915.95,1755839627
NIFTY,24916.2,1755839627
NIFTY,24915.75,1755839628
NIFTY,24915.95,1755839628
NIFTY,24916,1755839629
NIFTY,24916.45,1755839629
NIFTY,24916.15,1755839630
NIFTY,24915.95,1755839631
NIFTY,24916.05,1755839632
NIFTY,24916.3,1755839632
NIFTY,24916.05,1755839633
NIFTY,24915.4,1755839633
NIFTY,24915.15,1755839634
NIFTY,24915.75,1755839634
NIFTY,24914.75,1755839635
NIFTY,24915.2,1755839635
NIFTY,24915.9,1755839636
NIFTY,24916.05,1755839637
NIFTY,24916.45,1755839637
NIFTY,24916.6,1755839638
NIFTY,24916.5,1755839638
NIFTY,24916.4,1755839639
NIFTY,24915.95,1755839639
NIFTY,24915.2,1755839640
NIFTY,24916.5,1755839640
NIFTY,24916.15,1755839641
NIFTY,24916.6,1755839641
NIFTY,24916.8,1755839642
NIFTY,24917,1755839642
NIFTY,24916.55,1755839643
NIFTY,24916.5,1755839643
NIFTY,24917.2,1755839644
NIFTY,24916.95,1755839644
NIFTY,24916.2,1755839645
NIFTY,24916.25,1755839645
NIFTY,24916.7,1755839646
NIFTY,24915.9,1755839646
NIFTY,24916.2,1755839647
NIFTY,24916.5,1755839647
NIFTY,24916.9,1755839648
NIFTY,24916.7,1755839648
NIFTY,24916.15,1755839649
NIFTY,24916.7,1755839649
NIFTY,24916.1,1755839650
NIFTY,24915.55,1755839650
NIFTY,24916.15,1755839651
NIFTY,24915.8,1755839651
NIFTY,24915.25,1755839652
NIFTY,24914.7,1755839652
NIFTY,24914.1,1755839653
NIFTY,24915.25,1755839653
NIFTY,24914.35,1755839654
NIFTY,24914.05,1755839654
NIFTY,24914.5,1755839655
NIFTY,24915.3,1755839655
NIFTY,24915.25,1755839656
NIFTY,24915.5,1755839656
NIFTY,24915.25,1755839657
NIFTY,24915.55,1755839657
NIFTY,24915.9,1755839658
NIFTY,24916.1,1755839659
NIFTY,24915.75,1755839659
NIFTY,24915.7,1755839660
NIFTY,24915.3,1755839660
NIFTY,24915.45,1755839661
NIFTY,24914.9,1755839661
NIFTY,24915.05,1755839662
NIFTY,24915.65,1755839662
NIFTY,24916.05,1755839663
NIFTY,24915.9,1755839663
NIFTY,24916.65,1755839664
NIFTY,24916.8,1755839664
NIFTY,24916.25,1755839665
NIFTY,24916.7,1755839665
NIFTY,24917.05,1755839666
NIFTY,24916.15,1755839666
NIFTY,24917,1755839667
NIFTY,24916.75,1755839667
NIFTY,24915.5,1755839668
NIFTY,24916.5,1755839668
NIFTY,24915.8,1755839669
NIFTY,24916.05,1755839669
NIFTY,24916.75,1755839670
NIFTY,24916.5,1755839670
NIFTY,24916.65,1755839671
NIFTY,24916,1755839671
NIFTY,24915.55,1755839672
NIFTY,24915.7,1755839672
NIFTY,24915.8,1755839673
NIFTY,24916.1,1755839673
NIFTY,24917.15,1755839674
NIFTY,24916.9,1755839674
NIFTY,24916.3,1755839675
NIFTY,24916.35,1755839675
NIFTY,24914.55,1755839676
NIFTY,24915.5,1755839676
NIFTY,24915.8,1755839677
NIFTY,24916,1755839677
NIFTY,24916.45,1755839678
NIFTY,24916.55,1755839678
NIFTY,24916.35,1755839679
NIFTY,24916.05,1755839679
NIFTY,24915.95,1755839680
NIFTY,24916.1,1755839680
NIFTY,24915.75,1755839681
NIFTY,24915.8,1755839681
NIFTY,24915.7,1755839682
NIFTY,24915.6,1755839682
NIFTY,24916.1,1755839683
NIFTY,24916.25,1755839684
NIFTY,24915.85,1755839684
NIFTY,24915.35,1755839685
NIFTY,24916.1,1755839685
NIFTY,24915.5,1755839686
NIFTY,24916.2,1755839686
NIFTY,24916.35,1755839687
NIFTY,24916.25,1755839687
NIFTY,24916.15,1755839688
NIFTY,24916.35,1755839688
NIFTY,24916.2,1755839689
NIFTY,24916.55,1755839689
NIFTY,24916.65,1755839690
NIFTY,24916.5,1755839691
NIFTY,24916.55,1755839692
NIFTY,24916.2,1755839693
NIFTY,24916.25,1755839693
NIFTY,24916.2,1755839694
NIFTY,24916.55,1755839694
NIFTY,24915.55,1755839695
NIFTY,24915.45,1755839695
NIFTY,24916.05,1755839696
NIFTY,24915.75,1755839696
NIFTY,24916.1,1755839697
NIFTY,24915.05,1755839697
NIFTY,24915.1,1755839698
NIFTY,24915.65,1755839698
NIFTY,24915.2,1755839699
NIFTY,24914.45,1755839699
NIFTY,24914.55,1755839700
NIFTY,24915.15,1755839700
NIFTY,24915.4,1755839701
NIFTY,24915.6,1755839701
NIFTY,24915.7,1755839702
NIFTY,24915.45,1755839702
NIFTY,24915.4,1755839703
NIFTY,24914.8,1755839703
NIFTY,24915,1755839704
NIFTY,24914.6,1755839705
NIFTY,24913.8,1755839706
NIFTY,24914.05,1755839706
NIFTY,24914.1,1755839707
NIFTY,24914.05,1755839707
NIFTY,24913.6,1755839708
NIFTY,24913.4,1755839708
NIFTY,24912.75,1755839709
NIFTY,24912.6,1755839709
NIFTY,24912.1,1755839710
NIFTY,24911.45,1755839710
NIFTY,24911.75,1755839711
NIFTY,24912.05,1755839711
NIFTY,24911.8,1755839712
NIFTY,24912.05,1755839712
NIFTY,24912.25,1755839714
NIFTY,24911.35,1755839714
NIFTY,24912.1,1755839715
NIFTY,24911.8,1755839715
NIFTY,24912.05,1755839716
NIFTY,24912.3,1755839716
NIFTY,24912.4,1755839717
NIFTY,24912.65,1755839717
NIFTY,24911.65,1755839718
NIFTY,24912.5,1755839718
NIFTY,24912.25,1755839719
NIFTY,24911.75,1755839719
NIFTY,24911.95,1755839720
NIFTY,24911.55,1755839720
NIFTY,24911.5,1755839721
NIFTY,24911.4,1755839721
NIFTY,24911.5,1755839722
NIFTY,24911.7,1755839722
NIFTY,24912.2,1755839723
NIFTY,24912.05,1755839723
NIFTY,24912.45,1755839724
NIFTY,24911.8,1755839724
NIFTY,24912.3,1755839725
NIFTY,24912.45,1755839726
NIFTY,24912.75,1755839726
NIFTY,24912.8,1755839727
NIFTY,24912.1,1755839727
NIFTY,24912.25,1755839728
NIFTY,24912.1,1755839728
NIFTY,24911.75,1755839729
NIFTY,24912.4,1755839729
NIFTY,24912.15,1755839730
NIFTY,24911.9,1755839730
NIFTY,24912.35,1755839731
NIFTY,24911.7,1755839731
NIFTY,24912.15,1755839732
NIFTY,24912.5,1755839732
NIFTY,24912.6,1755839733
NIFTY,24912.35,1755839733
NIFTY,24912.45,1755839734
NIFTY,24912.25,1755839734
NIFTY,24912.3,1755839735
NIFTY,24911.9,1755839736
NIFTY,24912.2,1755839736
NIFTY,24912.55,1755839737
NIFTY,24912.2,1755839738
NIFTY,24912.15,1755839738
NIFTY,24912.05,1755839739
NIFTY,24911.75,1755839739
NIFTY,24911.5,1755839740
NIFTY,24912.15,1755839740
NIFTY,24911.55,1755839741
NIFTY,24912.2,1755839741
NIFTY,24912.25,1755839742
NIFTY,24912.6,1755839743
NIFTY,24912.5,1755839743
NIFTY,24912.4,1755839744
NIFTY,24912.05,1755839744
NIFTY,24912,1755839745
NIFTY,24911.75,1755839745
NIFTY,24911.45,1755839746
NIFTY,24912.15,1755839746
NIFTY,24911.85,1755839747
NIFTY,24911.95,1755839747
NIFTY,24912.2,1755839748
NIFTY,24912.85,1755839748
NIFTY,24913.45,1755839749
NIFTY,24912.65,1755839749
NIFTY,24912.45,1755839750
NIFTY,24912.35,1755839750
NIFTY,24913.45,1755839751
NIFTY,24912.25,1755839751
NIFTY,24912.75,1755839752
NIFTY,24912.55,1755839752
NIFTY,24913,1755839753
NIFTY,24912.85,1755839754
NIFTY,24912.75,1755839754
NIFTY,24913,1755839755
NIFTY,24912.75,1755839755
NIFTY,24913,1755839756
NIFTY,24913.3,1755839756
NIFTY,24913.55,1755839757
NIFTY,24913.45,1755839757
NIFTY,24913.95,1755839758
NIFTY,24913.7,1755839758
NIFTY,24914.3,1755839759
NIFTY,24914.6,1755839759
NIFTY,24914.55,1755839760
NIFTY,24914.65,1755839760
NIFTY,24914.85,1755839761
NIFTY,24915.1,1755839761
NIFTY,24915.55,1755839762
NIFTY,24915.15,1755839762
NIFTY,24915.45,1755839763
NIFTY,24915.35,1755839763
NIFTY,24915.7,1755839764
NIFTY,24916,1755839764
NIFTY,24916.2,1755839765
NIFTY,24916.15,1755839765
NIFTY,24916.6,1755839766
NIFTY,24916.65,1755839766
NIFTY,24916.9,1755839767
NIFTY,24917.1,1755839767
NIFTY,24916.9,1755839768
NIFTY,24917.3,1755839768
NIFTY,24917.35,1755839769
NIFTY,24917.6,1755839769
NIFTY,24917.45,1755839770
NIFTY,24917.55,1755839771
NIFTY,24916.95,1755839771
NIFTY,24917.9,1755839772
NIFTY,24918,1755839772
NIFTY,24918.1,1755839773
NIFTY,24918.45,1755839774
NIFTY,24918.05,1755839775
NIFTY,24918.4,1755839775
NIFTY,24918.45,1755839776
NIFTY,24918.85,1755839776
NIFTY,24918.7,1755839777
NIFTY,24918.35,1755839778
NIFTY,24918.6,1755839778
NIFTY,24918.1,1755839779
NIFTY,24918.25,1755839779
NIFTY,24918.1,1755839780
NIFTY,24918.15,1755839780
NIFTY,24918.7,1755839781
NIFTY,24918.3,1755839781
NIFTY,24918.2,1755839782
NIFTY,24918.4,1755839782
NIFTY,24918.25,1755839783
NIFTY,24918.05,1755839783
NIFTY,24918.5,1755839784
NIFTY,24918.55,1755839784
NIFTY,24918.3,1755839785
NIFTY,24918.35,1755839785
NIFTY,24918.7,1755839786
NIFTY,24918.85,1755839786
NIFTY,24919.35,1755839787
NIFTY,24919.3,1755839788
NIFTY,24918.95,1755839788
NIFTY,24918.8,1755839789
NIFTY,24919.9,1755839789
NIFTY,24920.2,1755839790
NIFTY,24920.5,1755839790
NIFTY,24920.85,1755839791
NIFTY,24921.2,1755839791
NIFTY,24920.55,1755839792
NIFTY,24920.35,1755839792
NIFTY,24920,1755839793
NIFTY,24920.25,1755839793
NIFTY,24920.1,1755839794
NIFTY,24920.3,1755839794
NIFTY,24920.25,1755839795
NIFTY,24919.95,1755839795
NIFTY,24919.7,1755839796
NIFTY,24919.6,1755839796
NIFTY,24919.65,1755839797
NIFTY,24919.7,1755839797
NIFTY,24919.9,1755839798
NIFTY,24919.85,1755839798
NIFTY,24919.75,1755839799
NIFTY,24919.65,1755839799
NIFTY,24919.5,1755839800
NIFTY,24919.3,1755839800
NIFTY,24918.95,1755839801
NIFTY,24919.1,1755839801
NIFTY,24919.3,1755839802
NIFTY,24918.9,1755839802
NIFTY,24918.5,1755839803
NIFTY,24919.65,1755839803
NIFTY,24919.4,1755839804
NIFTY,24919.1,1755839804
NIFTY,24918.6,1755839805
NIFTY,24918.7,1755839806
NIFTY,24919.05,1755839806
NIFTY,24919.15,1755839807
NIFTY,24918.75,1755839807
NIFTY,24919.15,1755839808
NIFTY,24919.2,1755839808
NIFTY,24918.9,1755839809
NIFTY,24918.85,1755839809
NIFTY,24919.45,1755839810
NIFTY,24918.9,1755839811
NIFTY,24917.7,1755839811
NIFTY,24918.35,1755839812
NIFTY,24918.65,1755839812
NIFTY,24918.85,1755839813
NIFTY,24918.5,1755839813
NIFTY,24918.75,1755839814
NIFTY,24917.6,1755839814
NIFTY,24918.05,1755839815
NIFTY,24917.65,1755839815
NIFTY,24918.15,1755839816
NIFTY,24918.35,1755839816
NIFTY,24918.1,1755839817
NIFTY,24918.15,1755839818
NIFTY,24918,1755839818
NIFTY,24917.8,1755839819
NIFTY,24917.75,1755839819
NIFTY,24917.8,1755839820
NIFTY,24917.05,1755839820
NIFTY,24915.55,1755839821
NIFTY,24916.95,1755839821
NIFTY,24917.15,1755839822
NIFTY,24917.05,1755839823
NIFTY,24916.9,1755839823
NIFTY,24915.65,1755839824
NIFTY,24915.35,1755839824
NIFTY,24915.75,1755839825
NIFTY,24915.35,1755839825
NIFTY,24915.7,1755839826
NIFTY,24915.5,1755839826
NIFTY,24915.6,1755839827
NIFTY,24915.05,1755839827
NIFTY,24914.9,1755839828
NIFTY,24915.15,1755839828
NIFTY,24915.2,1755839829
NIFTY,24915,1755839829
NIFTY,24915.1,1755839830
NIFTY,24915.2,1755839830
NIFTY,24915.3,1755839831
NIFTY,24915,1755839831
NIFTY,24915.7,1755839832
NIFTY,24915.5,1755839833
NIFTY,24915.15,1755839834
NIFTY,24915.2,1755839834
NIFTY,24915.25,1755839835
NIFTY,24915.35,1755839835
NIFTY,24915.25,1755839836
NIFTY,24915.15,1755839836
NIFTY,24914.95,1755839837
NIFTY,24914.8,1755839837
NIFTY,24914.85,1755839838
NIFTY,24915.35,1755839839
NIFTY,24915.2,1755839840
NIFTY,24915.3,1755839840
NIFTY,24915,1755839841
NIFTY,24915.45,1755839841
NIFTY,24915.35,1755839842
NIFTY,24915.55,1755839842
NIFTY,24915.45,1755839843
NIFTY,24915.2,1755839843
NIFTY,24914.95,1755839844
NIFTY,24914.6,1755839845
NIFTY,24914.65,1755839845
NIFTY,24916.05,1755839846
NIFTY,24914.4,1755839846
NIFTY,24915.35,1755839847
NIFTY,24914.5,1755839847
NIFTY,24915,1755839848
NIFTY,24915.55,1755839848
NIFTY,24915.35,1755839849
NIFTY,24915.6,1755839849
NIFTY,24915.25,1755839850
NIFTY,24915.65,1755839850
NIFTY,24915.8,1755839851
NIFTY,24915.45,1755839851
NIFTY,24915.1,1755839852
NIFTY,24915.4,1755839852
NIFTY,24915.55,1755839853
NIFTY,24915.95,1755839853
NIFTY,24915.5,1755839854
NIFTY,24915,1755839854
NIFTY,24915.1,1755839855
NIFTY,24915.05,1755839855
NIFTY,24915.15,1755839856
NIFTY,24914.7,1755839857
NIFTY,24914.05,1755839857
NIFTY,24914.4,1755839858
NIFTY,24914.45,1755839858
NIFTY,24913.35,1755839859
NIFTY,24913.25,1755839859
NIFTY,24912.8,1755839860
NIFTY,24912.1,1755839860
NIFTY,24912.95,1755839861
NIFTY,24912.7,1755839861
NIFTY,24911.9,1755839862
NIFTY,24912.55,1755839863
NIFTY,24912.25,1755839864
NIFTY,24910.65,1755839864
NIFTY,24911.3,1755839865
NIFTY,24911.05,1755839865
NIFTY,24910.55,1755839866
NIFTY,24910,1755839866
NIFTY,24909.95,1755839867
NIFTY,24909.65,1755839867
NIFTY,24908.95,1755839868
NIFTY,24909.6,1755839868
NIFTY,24907.6,1755839869
NIFTY,24908.65,1755839869
NIFTY,24907.8,1755839870
NIFTY,24908.65,1755839870
NIFTY,24907.8,1755839871
NIFTY,24908.2,1755839871
NIFTY,24908,1755839872
NIFTY,24908.05,1755839872
NIFTY,24908.1,1755839873
NIFTY,24907.95,1755839873
NIFTY,24907.25,1755839874
NIFTY,24907,1755839875
NIFTY,24907.25,1755839875
NIFTY,24907,1755839876
NIFTY,24907.15,1755839876
NIFTY,24907.25,1755839877
NIFTY,24907.1,1755839877
NIFTY,24907.2,1755839878
NIFTY,24907.1,1755839878
NIFTY,24907.3,1755839879
NIFTY,24907.55,1755839879
NIFTY,24907.4,1755839880
NIFTY,24907.55,1755839880
NIFTY,24907.6,1755839881
NIFTY,24907.7,1755839882
NIFTY,24908.05,1755839882
NIFTY,24908.3,1755839883
NIFTY,24907.8,1755839883
NIFTY,24908.6,1755839884
NIFTY,24907.95,1755839885
NIFTY,24908.45,1755839885
NIFTY,24909.1,1755839886
NIFTY,24908.55,1755839886
NIFTY,24908.5,1755839887
NIFTY,24908.35,1755839887
NIFTY,24908.4,1755839888
NIFTY,24908.7,1755839888
NIFTY,24909.1,1755839890
NIFTY,24907.85,1755839890
NIFTY,24908.75,1755839891
NIFTY,24908.9,1755839891
NIFTY,24908.75,1755839892
NIFTY,24908.8,1755839892
NIFTY,24908.35,1755839893
NIFTY,24909.75,1755839893
NIFTY,24909.1,1755839894
NIFTY,24909.75,1755839894
NIFTY,24908.05,1755839895
NIFTY,24908.75,1755839895
NIFTY,24908.35,1755839896
NIFTY,24909.2,1755839896
NIFTY,24909.7,1755839897
NIFTY,24908.75,1755839897
NIFTY,24909.3,1755839898
NIFTY,24909,1755839898
NIFTY,24908.8,1755839899
NIFTY,24908.9,1755839900
NIFTY,24908.5,1755839900
NIFTY,24908,1755839901
NIFTY,24908.85,1755839901
NIFTY,24908.45,1755839902
NIFTY,24908.6,1755839902
NIFTY,24908.85,1755839904
NIFTY,24908.65,1755839904
NIFTY,24908.55,1755839905
NIFTY,24909.15,1755839905
NIFTY,24909.1,1755839906
NIFTY,24909.15,1755839906
NIFTY,24908.8,1755839907
NIFTY,24908.55,1755839907
NIFTY,24908.8,1755839908
NIFTY,24908.9,1755839908
NIFTY,24908.95,1755839910
NIFTY,24907.85,1755839910
NIFTY,24908.45,1755839911
NIFTY,24908.3,1755839911
NIFTY,24908.5,1755839912
NIFTY,24908.35,1755839913
NIFTY,24908.15,1755839913
NIFTY,24908,1755839914
NIFTY,24907.85,1755839915
NIFTY,24908.45,1755839915
NIFTY,24907.95,1755839916
NIFTY,24908.6,1755839916
NIFTY,24908.65,1755839917
NIFTY,24908.85,1755839918
NIFTY,24908.2,1755839918
NIFTY,24908.3,1755839919
NIFTY,24908.1,1755839920
NIFTY,24908.25,1755839920
NIFTY,24907.75,1755839921
NIFTY,24907.55,1755839921
NIFTY,24907.65,1755839922
NIFTY,24908,1755839922
NIFTY,24907.65,1755839923
NIFTY,24907.8,1755839923
NIFTY,24907.85,1755839924
NIFTY,24907.65,1755839924
NIFTY,24907.75,1755839925
NIFTY,24907.85,1755839925
NIFTY,24907.5,1755839926
NIFTY,24907.7,1755839926
NIFTY,24907.75,1755839927
NIFTY,24908.05,1755839928
NIFTY,24908,1755839928
NIFTY,24907.45,1755839929
NIFTY,24907.25,1755839929
NIFTY,24907.6,1755839930
NIFTY,24907.65,1755839930
NIFTY,24907.85,1755839931
NIFTY,24907.45,1755839931
NIFTY,24907.55,1755839932
NIFTY,24907.35,1755839932
NIFTY,24907.5,1755839933
NIFTY,24907.35,1755839933
NIFTY,24906.7,1755839934
NIFTY,24906.5,1755839934
NIFTY,24906.85,1755839935
NIFTY,24906.4,1755839935
NIFTY,24906.5,1755839936
NIFTY,24906.45,1755839937
NIFTY,24906.85,1755839937
NIFTY,24906.9,1755839938
NIFTY,24907.1,1755839939
NIFTY,24906.45,1755839939
NIFTY,24907,1755839940
NIFTY,24906.65,1755839940
NIFTY,24906.55,1755839941
NIFTY,24906.65,1755839941
NIFTY,24906.8,1755839942
NIFTY,24906.6,1755839943
NIFTY,24906.75,1755839943
NIFTY,24906.55,1755839944
NIFTY,24906.35,1755839944
NIFTY,24906.15,1755839945
NIFTY,24906.55,1755839946
NIFTY,24907.3,1755839947
NIFTY,24906.85,1755839947
NIFTY,24907,1755839948
NIFTY,24907.55,1755839948
NIFTY,24907.45,1755839949
NIFTY,24908.05,1755839949
NIFTY,24908.45,1755839950
NIFTY,24907.95,1755839950
NIFTY,24907.8,1755839951
NIFTY,24907.6,1755839951
NIFTY,24908,1755839952
NIFTY,24907.9,1755839952
NIFTY,24907.7,1755839953
NIFTY,24907.8,1755839953
NIFTY,24908.05,1755839954
NIFTY,24907.95,1755839954
NIFTY,24908,1755839955
NIFTY,24908.15,1755839955
NIFTY,24907.65,1755839956
NIFTY,24909,1755839956
NIFTY,24908.35,1755839957
NIFTY,24908.4,1755839958
NIFTY,24907.85,1755839958
NIFTY,24908.3,1755839959
NIFTY,24908.6,1755839959
NIFTY,24908.5,1755839960
NIFTY,24909.4,1755839960
NIFTY,24909.55,1755839961
NIFTY,24909.8,1755839962
NIFTY,24909.45,1755839962
NIFTY,24909.55,1755839963
NIFTY,24909.7,1755839963
NIFTY,24909.15,1755839964
NIFTY,24909.8,1755839964
NIFTY,24910.5,1755839965
NIFTY,24910.15,1755839965
NIFTY,24910.55,1755839966
NIFTY,24910.05,1755839966
NIFTY,24910.35,1755839967
NIFTY,24910.55,1755839967
NIFTY,24910.3,1755839968
NIFTY,24909.95,1755839968
NIFTY,24910.6,1755839969
NIFTY,24910.35,1755839969
NIFTY,24910.1,1755839970
NIFTY,24910.2,1755839970
NIFTY,24910.6,1755839971
NIFTY,24910,1755839971
NIFTY,24910.15,1755839972
NIFTY,24909.6,1755839972
NIFTY,24909.8,1755839973
NIFTY,24910.5,1755839973
NIFTY,24909.35,1755839974
NIFTY,24909.45,1755839974
NIFTY,24909.4,1755839975
NIFTY,24910.3,1755839975
NIFTY,24910.2,1755839976
NIFTY,24910.6,1755839977
NIFTY,24910.4,1755839977
NIFTY,24910.75,1755839978
NIFTY,24910.85,1755839978
NIFTY,24911,1755839979
NIFTY,24910.95,1755839979
NIFTY,24910.2,1755839980
NIFTY,24910.75,1755839980
NIFTY,24911.25,1755839981
NIFTY,24911.35,1755839981
NIFTY,24911.15,1755839982
NIFTY,24911.7,1755839982
NIFTY,24911.45,1755839983
NIFTY,24911.65,1755839983
NIFTY,24911.5,1755839984
NIFTY,24911.05,1755839984
NIFTY,24910.65,1755839985
NIFTY,24911.35,1755839985
NIFTY,24911.5,1755839986
NIFTY,24911.6,1755839986
NIFTY,24911.8,1755839987
NIFTY,24912.45,1755839987
NIFTY,24912.25,1755839988
NIFTY,24912.5,1755839988
NIFTY,24912.4,1755839989
NIFTY,24912.7,1755839989
NIFTY,24912.65,1755839990
NIFTY,24912.45,1755839990
NIFTY,24912.6,1755839991
NIFTY,24912.5,1755839991
NIFTY,24912.65,1755839992
NIFTY,24912.7,1755839992
NIFTY,24912.8,1755839993
NIFTY,24912.95,1755839993
NIFTY,24913.1,1755839994
NIFTY,24912.85,1755839994
NIFTY,24912.8,1755839995
NIFTY,24913.2,1755839995
NIFTY,24913,1755839996
NIFTY,24913.35,1755839996
NIFTY,24913,1755839997
NIFTY,24913.05,1755839997
NIFTY,24912.9,1755839998
NIFTY,24912.75,1755839998
NIFTY,24912.7,1755839999
NIFTY,24912.6,1755839999
NIFTY,24912.45,1755840000
NIFTY,24912.75,1755840000
NIFTY,24912.4,1755840001
NIFTY,24912.6,1755840001
NIFTY,24912.55,1755840002
NIFTY,24912.8,1755840002
NIFTY,24913,1755840003
NIFTY,24913.05,1755840003
NIFTY,24913.1,1755840004
NIFTY,24913.25,1755840004
NIFTY,24913.15,1755840005
NIFTY,24913.9,1755840005
NIFTY,24913.95,1755840006
NIFTY,24913.8,1755840007
NIFTY,24913.5,1755840007
NIFTY,24913.3,1755840009
NIFTY,24913.7,1755840009
NIFTY,24913.25,1755840010
NIFTY,24913.9,1755840010
NIFTY,24913.65,1755840011
NIFTY,24913.55,1755840011
NIFTY,24913.6,1755840012
NIFTY,24913.7,1755840012
NIFTY,24913.8,1755840013
NIFTY,24914.2,1755840013
NIFTY,24914.05,1755840014
NIFTY,24914.1,1755840014
NIFTY,24913.95,1755840015
NIFTY,24914.1,1755840015
NIFTY,24913.8,1755840016
NIFTY,24913.95,1755840016
NIFTY,24913.6,1755840017
NIFTY,24913.3,1755840017
NIFTY,24913.2,1755840018
NIFTY,24913.1,1755840018
NIFTY,24912.8,1755840019
NIFTY,24912.75,1755840020
NIFTY,24913.1,1755840021
NIFTY,24913.2,1755840021
NIFTY,24912.95,1755840022
NIFTY,24912.7,1755840022
NIFTY,24912.75,1755840023
NIFTY,24912.6,1755840023
NIFTY,24912.45,1755840024
NIFTY,24912.55,1755840024
NIFTY,24911.7,1755840025
NIFTY,24912.35,1755840026
NIFTY,24912.65,1755840026
NIFTY,24912.6,1755840027
NIFTY,24912.45,1755840027
NIFTY,24912.25,1755840028
NIFTY,24912.2,1755840028
NIFTY,24912.3,1755840029
NIFTY,24912.2,1755840030
NIFTY,24911.4,1755840030
NIFTY,24911.9,1755840031
NIFTY,24912.25,1755840031
NIFTY,24912.05,1755840032
NIFTY,24911.95,1755840032
NIFTY,24912.1,1755840033
NIFTY,24912.2,1755840033
NIFTY,24912.35,1755840034
NIFTY,24911.75,1755840034
NIFTY,24911.85,1755840035
NIFTY,24912.35,1755840035
NIFTY,24911.9,1755840036
NIFTY,24912.5,1755840036
NIFTY,24911.95,1755840037
NIFTY,24912.15,1755840037
NIFTY,24913.1,1755840038
NIFTY,24912.85,1755840038
NIFTY,24912.65,1755840039
NIFTY,24911.95,1755840039
NIFTY,24912.45,1755840040
NIFTY,24912.8,1755840040
NIFTY,24912.3,1755840041
NIFTY,24912.55,1755840041
NIFTY,24912.4,1755840042
NIFTY,24912.65,1755840042
NIFTY,24912.1,1755840043
NIFTY,24911.9,1755840043
NIFTY,24911.65,1755840044
NIFTY,24911.8,1755840045
NIFTY,24911.95,1755840045
NIFTY,24911.9,1755840046
NIFTY,24912.45,1755840046
NIFTY,24912.65,1755840047
NIFTY,24912.35,1755840048
NIFTY,24912.6,1755840048
NIFTY,24912.5,1755840049
NIFTY,24912.6,1755840049
NIFTY,24912.55,1755840050
NIFTY,24912.1,1755840051
NIFTY,24912.25,1755840052
NIFTY,24912.2,1755840052
NIFTY,24912.35,1755840053
NIFTY,24912.3,1755840054
NIFTY,24911.75,1755840054
NIFTY,24911.5,1755840055
NIFTY,24911.25,1755840055
NIFTY,24911.15,1755840056
NIFTY,24911.25,1755840056
NIFTY,24911.35,1755840057
NIFTY,24911.2,1755840057
NIFTY,24911.35,1755840058
NIFTY,24910.8,1755840058
NIFTY,24911.05,1755840059
NIFTY,24911.35,1755840060
NIFTY,24910.8,1755840060
NIFTY,24910.2,1755840061
NIFTY,24910.9,1755840061
NIFTY,24911,1755840062
NIFTY,24910.95,1755840062
NIFTY,24910.8,1755840063
NIFTY,24910.95,1755840063
NIFTY,24910.75,1755840064
NIFTY,24911.55,1755840064
NIFTY,24911.1,1755840065
NIFTY,24911.15,1755840065
NIFTY,24910.95,1755840066
NIFTY,24910.4,1755840066
NIFTY,24910.3,1755840067
NIFTY,24911.1,1755840067
NIFTY,24910.9,1755840068
NIFTY,24910.85,1755840068
NIFTY,24910.65,1755840069
NIFTY,24910.6,1755840070
NIFTY,24910.85,1755840070
NIFTY,24910.6,1755840071
NIFTY,24910.8,1755840071
NIFTY,24910.75,1755840072
NIFTY,24910.2,1755840072
NIFTY,24910.6,1755840073
NIFTY,24909.45,1755840073
NIFTY,24910.15,1755840074
NIFTY,24910.5,1755840074
NIFTY,24910.6,1755840075
NIFTY,24910.55,1755840075
NIFTY,24910.4,1755840076
NIFTY,24910.45,1755840076
NIFTY,24910.55,1755840077
NIFTY,24911,1755840077
NIFTY,24910.9,1755840078
NIFTY,24911.05,1755840078
NIFTY,24911.3,1755840079
NIFTY,24911.15,1755840079
NIFTY,24911.1,1755840080
NIFTY,24911.2,1755840080
NIFTY,24911.25,1755840081
NIFTY,24910.65,1755840081
NIFTY,24910.5,1755840082
NIFTY,24910.85,1755840082
NIFTY,24910.65,1755840083
NIFTY,24910.7,1755840083
NIFTY,24910.25,1755840084
NIFTY,24910.1,1755840084
NIFTY,24909.9,1755840085
NIFTY,24910.2,1755840085
NIFTY,24910.25,1755840086
NIFTY,24910.3,1755840086
NIFTY,24910.45,1755840087
NIFTY,24910.95,1755840087
NIFTY,24910.7,1755840088
NIFTY,24910.65,1755840089
NIFTY,24910.5,1755840089
NIFTY,24910.75,1755840090
NIFTY,24911.1,1755840090
NIFTY,24910.95,1755840091
NIFTY,24911.5,1755840091
NIFTY,24911.8,1755840092
NIFTY,24911.95,1755840092
NIFTY,24912.25,1755840093
NIFTY,24912.4,1755840093
NIFTY,24912.3,1755840094
NIFTY,24912.25,1755840094
NIFTY,24912.65,1755840095
NIFTY,24913.05,1755840095
NIFTY,24912.55,1755840096
NIFTY,24912.85,1755840097
NIFTY,24912.8,1755840097
NIFTY,24912.85,1755840098
NIFTY,24912.75,1755840098
NIFTY,24912.6,1755840099
NIFTY,24912.9,1755840099
NIFTY,24913.85,1755840100
NIFTY,24913.35,1755840100
NIFTY,24914.95,1755840101
NIFTY,24913.8,1755840101
NIFTY,24915.5,1755840102
NIFTY,24915,1755840102
NIFTY,24914.75,1755840103
NIFTY,24914.4,1755840103
NIFTY,24914.55,1755840104
NIFTY,24914.6,1755840104
NIFTY,24914.65,1755840105
NIFTY,24915.25,1755840105
NIFTY,24915.2,1755840106
NIFTY,24915.15,1755840106
NIFTY,24914.6,1755840107
NIFTY,24914.8,1755840107
NIFTY,24914.6,1755840108
NIFTY,24914.65,1755840108
NIFTY,24914.75,1755840109
NIFTY,24915.5,1755840109
NIFTY,24915.3,1755840110
NIFTY,24914.3,1755840110
NIFTY,24914.65,1755840111
NIFTY,24913.5,1755840111
NIFTY,24913.55,1755840112
NIFTY,24913.85,1755840112
NIFTY,24914.05,1755840113
NIFTY,24913.8,1755840113
NIFTY,24912.45,1755840114
NIFTY,24913.25,1755840114
NIFTY,24913.2,1755840115
NIFTY,24912.85,1755840115
NIFTY,24911.75,1755840116
NIFTY,24912.45,1755840116
NIFTY,24912.8,1755840117
NIFTY,24913.05,1755840117
NIFTY,24912.9,1755840118
NIFTY,24913.35,1755840118
NIFTY,24913.5,1755840119
NIFTY,24913,1755840119
NIFTY,24912.6,1755840120
NIFTY,24912.8,1755840120
NIFTY,24912.65,1755840121
NIFTY,24912.95,1755840121
NIFTY,24913.15,1755840122
NIFTY,24913.6,1755840122
NIFTY,24913.25,1755840123
NIFTY,24913.45,1755840123
NIFTY,24912.8,1755840124
NIFTY,24913.4,1755840124
NIFTY,24913.45,1755840125
NIFTY,24913.5,1755840125
NIFTY,24913.85,1755840126
NIFTY,24913.7,1755840126
NIFTY,24913.55,1755840127
NIFTY,24913.3,1755840127
NIFTY,24913.4,1755840128
NIFTY,24913.2,1755840129
NIFTY,24913.65,1755840129
NIFTY,24913.8,1755840130
NIFTY,24913.85,1755840130
NIFTY,24914.65,1755840131
NIFTY,24914.35,1755840131
NIFTY,24914.15,1755840132
NIFTY,24914.2,1755840132
NIFTY,24914.15,1755840133
NIFTY,24914.4,1755840133
NIFTY,24914.35,1755840134
NIFTY,24914.3,1755840134
NIFTY,24913.75,1755840135
NIFTY,24914.25,1755840135
NIFTY,24914.45,1755840136
NIFTY,24914.2,1755840136
NIFTY,24914.1,1755840137
NIFTY,24914.05,1755840137
NIFTY,24914.15,1755840138
NIFTY,24914.1,1755840138
NIFTY,24913.9,1755840139
NIFTY,24913.65,1755840139
NIFTY,24913.8,1755840140
NIFTY,24913.7,1755840140
NIFTY,24913.55,1755840141
NIFTY,24913,1755840142
NIFTY,24913.1,1755840142
NIFTY,24912.2,1755840143
NIFTY,24912.95,1755840143
NIFTY,24912.4,1755840144
NIFTY,24912.6,1755840144
NIFTY,24912.5,1755840145
NIFTY,24911.85,1755840145
NIFTY,24912.5,1755840146
NIFTY,24911.9,1755840146
NIFTY,24911.85,1755840147
NIFTY,24911.25,1755840147
NIFTY,24911.05,1755840148
NIFTY,24912.1,1755840148
NIFTY,24912.6,1755840149
NIFTY,24912.55,1755840149
NIFTY,24912.4,1755840150
NIFTY,24912.25,1755840150
NIFTY,24912.3,1755840151
NIFTY,24912.25,1755840151
NIFTY,24912.1,1755840152
NIFTY,24912.15,1755840153
NIFTY,24912,1755840153
NIFTY,24911.4,1755840154
NIFTY,24911.8,1755840154
NIFTY,24911.6,1755840155
NIFTY,24911.95,1755840155
NIFTY,24912,1755840156
NIFTY,24912.05,1755840157
NIFTY,24911.45,1755840157
NIFTY,24911.9,1755840158
NIFTY,24911.8,1755840158
NIFTY,24911.85,1755840159
NIFTY,24911.9,1755840159
NIFTY,24911.3,1755840160
NIFTY,24911.15,1755840160
NIFTY,24911.7,1755840161
NIFTY,24912,1755840161
NIFTY,24911.65,1755840162
NIFTY,24911.55,1755840162
NIFTY,24911.5,1755840163
NIFTY,24911.9,1755840163
NIFTY,24912.35,1755840164
NIFTY,24912.25,1755840164
NIFTY,24911.45,1755840165
NIFTY,24911.75,1755840165
NIFTY,24911.95,1755840166
NIFTY,24912.05,1755840166
NIFTY,24912,1755840167
NIFTY,24912.2,1755840167
NIFTY,24911.95,1755840168
NIFTY,24912.1,1755840168
NIFTY,24912.05,1755840169
NIFTY,24912.35,1755840169
NIFTY,24912.45,1755840170
NIFTY,24913.35,1755840170
NIFTY,24912.8,1755840171
NIFTY,24912.65,1755840171
NIFTY,24912.8,1755840172
NIFTY,24912.7,1755840172
NIFTY,24913,1755840173
NIFTY,24913.25,1755840173
NIFTY,24913.3,1755840174
NIFTY,24913.35,1755840174
NIFTY,24913.25,1755840175
NIFTY,24911.8,1755840175
NIFTY,24911.55,1755840176
NIFTY,24913,1755840176
NIFTY,24912.8,1755840177
NIFTY,24912.45,1755840177
NIFTY,24912.75,1755840178
NIFTY,24913.15,1755840179
NIFTY,24913.2,1755840179
NIFTY,24912.5,1755840180
NIFTY,24912.7,1755840180
NIFTY,24912.2,1755840181
NIFTY,24913.55,1755840181
NIFTY,24913.9,1755840182
NIFTY,24913.85,1755840182
NIFTY,24913.1,1755840183
NIFTY,24912.95,1755840184
NIFTY,24911.95,1755840184
NIFTY,24913.95,1755840185
NIFTY,24912.9,1755840185
NIFTY,24913.1,1755840186
NIFTY,24912.6,1755840186
NIFTY,24912.2,1755840187
NIFTY,24913.35,1755840187
NIFTY,24912.9,1755840188
NIFTY,24912.85,1755840188
NIFTY,24912.5,1755840189
NIFTY,24912.4,1755840189
NIFTY,24912.2,1755840190
NIFTY,24912.75,1755840190
NIFTY,24912.9,1755840191
NIFTY,24912.85,1755840191
NIFTY,24913.25,1755840192
NIFTY,24913.05,1755840192
NIFTY,24912.9,1755840193
NIFTY,24912.65,1755840193
NIFTY,24912.5,1755840194
NIFTY,24912.8,1755840194
NIFTY,24913.2,1755840195
NIFTY,24913,1755840196
NIFTY,24912.75,1755840197
NIFTY,24912.2,1755840197
NIFTY,24913.05,1755840198
NIFTY,24912.95,1755840198
NIFTY,24912.7,1755840199
NIFTY,24913,1755840199
NIFTY,24913.3,1755840200
NIFTY,24913,1755840200
NIFTY,24913.15,1755840201
NIFTY,24913.2,1755840201
NIFTY,24913.35,1755840202
NIFTY,24914.1,1755840202
NIFTY,24913.65,1755840203
NIFTY,24913.5,1755840203
NIFTY,24913.1,1755840204
NIFTY,24913.5,1755840204
NIFTY,24912.9,1755840205
NIFTY,24913.1,1755840205
NIFTY,24913.5,1755840206
NIFTY,24913.45,1755840207
NIFTY,24913.5,1755840208
NIFTY,24913.6,1755840208
NIFTY,24913.75,1755840209
NIFTY,24913.6,1755840209
NIFTY,24913.3,1755840210
NIFTY,24913.55,1755840210
NIFTY,24913.75,1755840211
NIFTY,24913.7,1755840211
NIFTY,24913.55,1755840212
NIFTY,24913.65,1755840213
NIFTY,24913.45,1755840213
NIFTY,24913.65,1755840214
NIFTY,24913.4,1755840214
NIFTY,24913.35,1755840215
NIFTY,24913.5,1755840216
NIFTY,24913.05,1755840217
NIFTY,24912.85,1755840217
NIFTY,24912.65,1755840218
NIFTY,24912.95,1755840218
NIFTY,24912.85,1755840219
NIFTY,24912.8,1755840219
NIFTY,24912.85,1755840220
NIFTY,24913,1755840220
NIFTY,24913.05,1755840221
NIFTY,24913.7,1755840221
NIFTY,24913.3,1755840222
NIFTY,24913.4,1755840222
NIFTY,24912.85,1755840223
NIFTY,24912.7,1755840224
NIFTY,24912.3,1755840224
NIFTY,24912.75,1755840225
NIFTY,24912.45,1755840225
NIFTY,24912.3,1755840226
NIFTY,24912.7,1755840226
NIFTY,24913,1755840227
NIFTY,24912.9,1755840227
NIFTY,24912.85,1755840228
NIFTY,24912.8,1755840228
NIFTY,24912.6,1755840229
NIFTY,24912.5,1755840229
NIFTY,24912.35,1755840230
NIFTY,24912.1,1755840230
NIFTY,24912.05,1755840231
NIFTY,24911.65,1755840231
NIFTY,24911.9,1755840232
NIFTY,24911.85,1755840233
NIFTY,24912.6,1755840233
NIFTY,24912.5,1755840234
NIFTY,24912.7,1755840234
NIFTY,24912.25,1755840235
NIFTY,24912.65,1755840235
NIFTY,24912.55,1755840236
NIFTY,24912.25,1755840236
NIFTY,24912.1,1755840237
NIFTY,24911.45,1755840237
NIFTY,24911.15,1755840238
NIFTY,24911.2,1755840238
NIFTY,24910.95,1755840239
NIFTY,24911.1,1755840239
NIFTY,24911.2,1755840240
NIFTY,24911.15,1755840241
NIFTY,24911.7,1755840241
NIFTY,24911.45,1755840242
NIFTY,24911.35,1755840242
NIFTY,24910.8,1755840243
NIFTY,24910.35,1755840243
NIFTY,24909.7,1755840244
NIFTY,24909.8,1755840244
NIFTY,24909.65,1755840245
NIFTY,24909.45,1755840245
NIFTY,24909.4,1755840246
NIFTY,24909.75,1755840246
NIFTY,24909.25,1755840247
NIFTY,24909.55,1755840247
NIFTY,24909.75,1755840248
NIFTY,24910,1755840248
NIFTY,24909.85,1755840249
NIFTY,24909.7,1755840249
NIFTY,24909.1,1755840250
NIFTY,24909.35,1755840250
NIFTY,24909.05,1755840251
NIFTY,24908.7,1755840251
NIFTY,24909,1755840252
NIFTY,24908.6,1755840252
NIFTY,24908.85,1755840253
NIFTY,24908.8,1755840253
NIFTY,24908.65,1755840254
NIFTY,24908.9,1755840255
NIFTY,24909.15,1755840255
NIFTY,24908.65,1755840256
NIFTY,24908.7,1755840256
NIFTY,24909.1,1755840257
NIFTY,24909.2,1755840257
NIFTY,24909.1,1755840258
NIFTY,24909.2,1755840258
NIFTY,24909.3,1755840259
NIFTY,24909.15,1755840259
NIFTY,24908.95,1755840260
NIFTY,24909.05,1755840260
NIFTY,24909.1,1755840261
NIFTY,24908.75,1755840261
NIFTY,24908.8,1755840262
NIFTY,24909.1,1755840262
NIFTY,24908.65,1755840263
NIFTY,24908.85,1755840263
NIFTY,24908.7,1755840264
NIFTY,24908.55,1755840265
NIFTY,24908.35,1755840265
NIFTY,24908.3,1755840266
NIFTY,24908.5,1755840267
NIFTY,24908.45,1755840267
NIFTY,24908.55,1755840268
NIFTY,24908.45,1755840268
NIFTY,24908.35,1755840269
NIFTY,24908.45,1755840269
NIFTY,24908.4,1755840270
NIFTY,24908.3,1755840271
NIFTY,24908.2,1755840271
NIFTY,24908.5,1755840272
NIFTY,24909.1,1755840272
NIFTY,24908.95,1755840273
NIFTY,24908.65,1755840273
NIFTY,24909,1755840274
NIFTY,24909.2,1755840275
NIFTY,24908.6,1755840275
NIFTY,24908.1,1755840276
NIFTY,24908.65,1755840276
NIFTY,24908.45,1755840277
NIFTY,24908.3,1755840277
NIFTY,24907.95,1755840278
NIFTY,24908.15,1755840278
NIFTY,24908.45,1755840279
NIFTY,24908.5,1755840279
NIFTY,24908.75,1755840280
NIFTY,24909,1755840280
NIFTY,24909.2,1755840281
NIFTY,24909.1,1755840281
NIFTY,24909.05,1755840282
NIFTY,24909.5,1755840282
NIFTY,24908.9,1755840283
NIFTY,24909,1755840283
NIFTY,24908.55,1755840285
NIFTY,24908.65,1755840285
NIFTY,24908.8,1755840286
NIFTY,24908.85,1755840287
NIFTY,24908.5,1755840287
NIFTY,24908.35,1755840288
NIFTY,24907.95,1755840288
NIFTY,24908.4,1755840289
NIFTY,24908.65,1755840289
NIFTY,24908.55,1755840290
NIFTY,24908.35,1755840290
NIFTY,24908.8,1755840291
NIFTY,24908.9,1755840291
NIFTY,24908.75,1755840292
NIFTY,24908.65,1755840292
NIFTY,24908.45,1755840294
NIFTY,24908.5,1755840294
NIFTY,24908.3,1755840295
NIFTY,24908.7,1755840295
NIFTY,24908.55,1755840296
NIFTY,24909,1755840296
NIFTY,24908.95,1755840297
NIFTY,24909,1755840297
NIFTY,24908.65,1755840298
NIFTY,24909,1755840299
NIFTY,24908.75,1755840300
NIFTY,24908.5,1755840300
NIFTY,24908.3,1755840301
NIFTY,24908.75,1755840301
NIFTY,24908.85,1755840302
NIFTY,24908.9,1755840302
NIFTY,24908.85,1755840303
NIFTY,24909.05,1755840304
NIFTY,24908.4,1755840304
NIFTY,24909.55,1755840305
NIFTY,24909.4,1755840305
NIFTY,24909.15,1755840306
NIFTY,24909.45,1755840306
NIFTY,24908.45,1755840307
NIFTY,24907.7,1755840307
NIFTY,24907.65,1755840308
NIFTY,24907.35,1755840308
NIFTY,24907.3,1755840309
NIFTY,24907.1,1755840309
NIFTY,24906.6,1755840310
NIFTY,24906.9,1755840310
NIFTY,24907,1755840311
NIFTY,24907.15,1755840311
NIFTY,24907.25,1755840312
NIFTY,24907.1,1755840312
NIFTY,24907.25,1755840313
NIFTY,24907.1,1755840314
NIFTY,24907.3,1755840314
NIFTY,24906.95,1755840315
NIFTY,24907.3,1755840315
NIFTY,24907,1755840316
NIFTY,24907.05,1755840316
NIFTY,24906.2,1755840317
NIFTY,24906.35,1755840317
NIFTY,24906.25,1755840318
NIFTY,24906.2,1755840318
NIFTY,24906.5,1755840319
NIFTY,24906.65,1755840320
NIFTY,24906.45,1755840320
NIFTY,24906.5,1755840321
NIFTY,24906.7,1755840321
NIFTY,24906.6,1755840322
NIFTY,24907.05,1755840322
NIFTY,24906.8,1755840323
NIFTY,24906.5,1755840323
NIFTY,24906.75,1755840324
NIFTY,24907.1,1755840324
NIFTY,24906.7,1755840325
NIFTY,24907.1,1755840325
NIFTY,24907.05,1755840326
NIFTY,24907.1,1755840326
NIFTY,24906.65,1755840327
NIFTY,24907.1,1755840327
NIFTY,24907.05,1755840328
NIFTY,24907.1,1755840328
NIFTY,24906.75,1755840329
NIFTY,24906.5,1755840329
NIFTY,24906.6,1755840330
NIFTY,24906.85,1755840330
NIFTY,24907.35,1755840331
NIFTY,24907.2,1755840331
NIFTY,24907.05,1755840332
NIFTY,24906.25,1755840332
NIFTY,24906,1755840333
NIFTY,24906.55,1755840334
NIFTY,24906.5,1755840334
NIFTY,24906.1,1755840335
NIFTY,24906.15,1755840336
NIFTY,24906.35,1755840336
NIFTY,24906.3,1755840337
NIFTY,24905.2,1755840337
NIFTY,24905.3,1755840338
NIFTY,24905.65,1755840338
NIFTY,24905.85,1755840339
NIFTY,24905.4,1755840339
NIFTY,24905.95,1755840340
NIFTY,24905.75,1755840340
NIFTY,24905.9,1755840341
NIFTY,24906.1,1755840341
NIFTY,24905.9,1755840342
NIFTY,24905.35,1755840342
NIFTY,24905.4,1755840343
NIFTY,24905.45,1755840344
NIFTY,24906.35,1755840344
NIFTY,24905.45,1755840345
NIFTY,24906.1,1755840345
NIFTY,24906,1755840346
NIFTY,24905.85,1755840346
NIFTY,24905.65,1755840347
NIFTY,24905.5,1755840347
NIFTY,24906.05,1755840348
NIFTY,24906.3,1755840348
NIFTY,24905.95,1755840349
NIFTY,24906.3,1755840349
NIFTY,24906.6,1755840350
NIFTY,24906.3,1755840350
NIFTY,24905.9,1755840351
NIFTY,24905.85,1755840351
NIFTY,24905.15,1755840352
NIFTY,24905.9,1755840352
NIFTY,24905.65,1755840353
NIFTY,24905.85,1755840353
NIFTY,24905.8,1755840354
NIFTY,24905.7,1755840354
NIFTY,24906.2,1755840355
NIFTY,24905.8,1755840355
NIFTY,24906.25,1755840356
NIFTY,24906.35,1755840356
NIFTY,24906.15,1755840357
NIFTY,24906.1,1755840357
NIFTY,24905.1,1755840358
NIFTY,24907.5,1755840358
NIFTY,24907.4,1755840359
NIFTY,24908.3,1755840359
NIFTY,24908.75,1755840360
NIFTY,24910.05,1755840360
NIFTY,24909.65,1755840361
NIFTY,24910.2,1755840361
NIFTY,24909.75,1755840362
NIFTY,24911.4,1755840362
NIFTY,24910.95,1755840363
NIFTY,24911.05,1755840363
NIFTY,24910.3,1755840364
NIFTY,24909.85,1755840364
NIFTY,24909.65,1755840365
NIFTY,24911.85,1755840365
NIFTY,24911.65,1755840366
NIFTY,24912.35,1755840366
NIFTY,24912.1,1755840367
NIFTY,24912.35,1755840367
NIFTY,24912.2,1755840368
NIFTY,24912.75,1755840369
NIFTY,24911.95,1755840369
NIFTY,24912.8,1755840370
NIFTY,24912.85,1755840370
NIFTY,24912.95,1755840371
NIFTY,24912.9,1755840371
NIFTY,24912.5,1755840372
NIFTY,24912.55,1755840372
NIFTY,24912.85,1755840373
NIFTY,24912.65,1755840373
NIFTY,24909.65,1755840374
NIFTY,24910.2,1755840374
NIFTY,24910.05,1755840375
NIFTY,24910.2,1755840375
NIFTY,24910.6,1755840376
NIFTY,24910.3,1755840376
NIFTY,24910.2,1755840377
NIFTY,24910.45,1755840377
NIFTY,24910.65,1755840378
NIFTY,24910.45,1755840378
NIFTY,24910.5,1755840379
NIFTY,24910.25,1755840379
NIFTY,24910.35,1755840380
NIFTY,24910.75,1755840380
NIFTY,24910.9,1755840381
NIFTY,24910.8,1755840382
NIFTY,24910.65,1755840382
NIFTY,24910.8,1755840383
NIFTY,24910.4,1755840383
NIFTY,24910.45,1755840384
NIFTY,24910.2,1755840384
NIFTY,24910,1755840385
NIFTY,24909.55,1755840386
NIFTY,24909.25,1755840386
NIFTY,24909,1755840387
NIFTY,24909.35,1755840387
NIFTY,24909.5,1755840388
NIFTY,24908.8,1755840388
NIFTY,24908.35,1755840389
NIFTY,24908.45,1755840389
NIFTY,24909.55,1755840390
NIFTY,24909.4,1755840390
NIFTY,24909.45,1755840391
NIFTY,24909.7,1755840391
NIFTY,24909.9,1755840392
NIFTY,24909.85,1755840392
NIFTY,24909.75,1755840393
NIFTY,24909.95,1755840393
NIFTY,24910.1,1755840394
NIFTY,24910.2,1755840394
NIFTY,24909.85,1755840395
NIFTY,24910,1755840395
NIFTY,24910.45,1755840396
NIFTY,24910.3,1755840396
NIFTY,24910.15,1755840397
NIFTY,24910.25,1755840397
NIFTY,24910.15,1755840398
NIFTY,24910,1755840399
NIFTY,24909.9,1755840400
NIFTY,24909.65,1755840401
NIFTY,24909.9,1755840401
NIFTY,24909.7,1755840402
NIFTY,24909.65,1755840402
NIFTY,24910.1,1755840403
NIFTY,24909.15,1755840403
NIFTY,24909.05,1755840404
NIFTY,24909.1,1755840404
NIFTY,24909.55,1755840405
NIFTY,24910.15,1755840405
NIFTY,24909.35,1755840406
NIFTY,24910.2,1755840406
NIFTY,24910.7,1755840407
NIFTY,24910.8,1755840407
NIFTY,24910.5,1755840408
NIFTY,24910.7,1755840408
NIFTY,24910.45,1755840409
NIFTY,24911,1755840409
NIFTY,24910.8,1755840410
NIFTY,24910.7,1755840410
NIFTY,24910.65,1755840411
NIFTY,24910.2,1755840411
NIFTY,24911.1,1755840412
NIFTY,24911,1755840412
NIFTY,24911.25,1755840413
NIFTY,24910.75,1755840413
NIFTY,24910.2,1755840414
NIFTY,24910.45,1755840415
NIFTY,24910.4,1755840415
NIFTY,24910.3,1755840416
NIFTY,24910.4,1755840417
NIFTY,24910.25,1755840417
NIFTY,24909.6,1755840418
NIFTY,24909.15,1755840418
NIFTY,24909.5,1755840419
NIFTY,24909.65,1755840419
NIFTY,24909.75,1755840420
NIFTY,24909.55,1755840420
NIFTY,24909.5,1755840421
NIFTY,24909.35,1755840422
NIFTY,24907.95,1755840422
NIFTY,24907.65,1755840423
NIFTY,24907.2,1755840423
NIFTY,24907.6,1755840424
NIFTY,24907.55,1755840424
NIFTY,24907.75,1755840425
NIFTY,24907.6,1755840425
NIFTY,24907.85,1755840426
NIFTY,24906.65,1755840426
NIFTY,24906.95,1755840427
NIFTY,24908.05,1755840427
NIFTY,24907.55,1755840428
NIFTY,24907.1,1755840428
NIFTY,24908,1755840429
NIFTY,24907.7,1755840429
NIFTY,24907.5,1755840430
NIFTY,24907.45,1755840430
NIFTY,24907.35,1755840431
NIFTY,24907.4,1755840431
NIFTY,24907.05,1755840432
NIFTY,24907.25,1755840432
NIFTY,24906.95,1755840433
NIFTY,24906.75,1755840433
NIFTY,24907.2,1755840434
NIFTY,24907.3,1755840434
NIFTY,24907.55,1755840435
NIFTY,24906.7,1755840435
NIFTY,24906.5,1755840436
NIFTY,24907.8,1755840437
NIFTY,24907.45,1755840437
NIFTY,24907.6,1755840438
NIFTY,24908.25,1755840438
NIFTY,24908.4,1755840439
NIFTY,24906.85,1755840439
NIFTY,24907.3,1755840440
NIFTY,24907.85,1755840440
NIFTY,24907.8,1755840441
NIFTY,24907.35,1755840442
NIFTY,24907.65,1755840442
NIFTY,24907.1,1755840443
NIFTY,24907.45,1755840443
NIFTY,24907.05,1755840444
NIFTY,24906.55,1755840444
NIFTY,24906.45,1755840445
NIFTY,24906.7,1755840445
NIFTY,24906.8,1755840446
NIFTY,24907,1755840446
NIFTY,24907.1,1755840447
NIFTY,24907.85,1755840447
NIFTY,24907.7,1755840448
NIFTY,24906.75,1755840448
NIFTY,24906.8,1755840449
NIFTY,24907,1755840449
NIFTY,24906.65,1755840450
NIFTY,24906.85,1755840450
NIFTY,24906.3,1755840451
NIFTY,24906.7,1755840451
NIFTY,24906.65,1755840452
NIFTY,24906.6,1755840452
NIFTY,24906.65,1755840453
NIFTY,24907.25,1755840453
NIFTY,24906.7,1755840454
NIFTY,24906.8,1755840455
NIFTY,24907.55,1755840455
NIFTY,24907.35,1755840456
NIFTY,24907,1755840457
NIFTY,24907.3,1755840457
NIFTY,24907.25,1755840458
NIFTY,24908.05,1755840458
NIFTY,24907.65,1755840459
NIFTY,24907.25,1755840459
NIFTY,24907.45,1755840460
NIFTY,24907.25,1755840460
NIFTY,24907.3,1755840461
NIFTY,24908.15,1755840461
NIFTY,24907.3,1755840462
NIFTY,24907,1755840463
NIFTY,24906.9,1755840464
NIFTY,24907.2,1755840464
NIFTY,24907.4,1755840465
NIFTY,24907.95,1755840465
NIFTY,24908.05,1755840466
NIFTY,24908.4,1755840466
NIFTY,24908.3,1755840467
NIFTY,24907.85,1755840467
NIFTY,24907.6,1755840468
NIFTY,24906.65,1755840468
NIFTY,24907.3,1755840469
NIFTY,24907.1,1755840469
NIFTY,24907.4,1755840470
NIFTY,24907.15,1755840470
NIFTY,24907.2,1755840471
NIFTY,24907.35,1755840471
NIFTY,24906.8,1755840472
NIFTY,24906.9,1755840472
NIFTY,24907.3,1755840473
NIFTY,24907.65,1755840473
NIFTY,24907.6,1755840474
NIFTY,24907.25,1755840474
NIFTY,24907.35,1755840475
NIFTY,24907.55,1755840475
NIFTY,24907.6,1755840476
NIFTY,24907.85,1755840476
NIFTY,24907.9,1755840477
NIFTY,24908.2,1755840477
NIFTY,24907.65,1755840478
NIFTY,24907.5,1755840478
NIFTY,24907.3,1755840479
NIFTY,24906.7,1755840479
NIFTY,24906.2,1755840480
NIFTY,24906.5,1755840480
NIFTY,24907.05,1755840481
NIFTY,24906.7,1755840481
NIFTY,24906.85,1755840482
NIFTY,24906.7,1755840482
NIFTY,24906.25,1755840483
NIFTY,24906.2,1755840483
NIFTY,24906.05,1755840484
NIFTY,24906.55,1755840484
NIFTY,24906.45,1755840485
NIFTY,24905.95,1755840485
NIFTY,24906.3,1755840486
NIFTY,24906.15,1755840486
NIFTY,24906.6,1755840487
NIFTY,24907.15,1755840487
NIFTY,24907.25,1755840488
NIFTY,24907.6,1755840488
NIFTY,24907.9,1755840489
NIFTY,24907.95,1755840489
NIFTY,24907.9,1755840490
NIFTY,24908.2,1755840490
NIFTY,24908.4,1755840491
NIFTY,24907.8,1755840491
NIFTY,24907.7,1755840492
NIFTY,24907.8,1755840492
NIFTY,24907.7,1755840493
NIFTY,24907.65,1755840493
NIFTY,24908.3,1755840494
NIFTY,24908,1755840494
NIFTY,24908.3,1755840495
NIFTY,24908.4,1755840495
NIFTY,24908.3,1755840496
NIFTY,24908.5,1755840496
NIFTY,24909.2,1755840497
NIFTY,24908.65,1755840497
NIFTY,24908.2,1755840498
NIFTY,24907.95,1755840498
NIFTY,24908.1,1755840499
NIFTY,24908.15,1755840499
NIFTY,24908.3,1755840500
NIFTY,24908.2,1755840500
NIFTY,24908.15,1755840501
NIFTY,24908.25,1755840501
NIFTY,24908.5,1755840502
NIFTY,24908.65,1755840502
NIFTY,24908.75,1755840503
NIFTY,24908.7,1755840503
NIFTY,24908.2,1755840504
NIFTY,24908.1,1755840504
NIFTY,24908.2,1755840505
NIFTY,24909.3,1755840505
NIFTY,24908.65,1755840506
NIFTY,24908.8,1755840507
NIFTY,24908.45,1755840507
NIFTY,24908.25,1755840508
NIFTY,24908.1,1755840508
NIFTY,24907.7,1755840509
NIFTY,24907.5,1755840509
NIFTY,24907.8,1755840510
NIFTY,24908.45,1755840511
NIFTY,24908.85,1755840512
NIFTY,24908.8,1755840512
NIFTY,24908.6,1755840513
NIFTY,24908.55,1755840514
NIFTY,24909.15,1755840514
NIFTY,24909.05,1755840515
NIFTY,24909,1755840515
NIFTY,24908.95,1755840516
NIFTY,24909.05,1755840516
NIFTY,24909.2,1755840517
NIFTY,24908.6,1755840517
NIFTY,24908.55,1755840518
NIFTY,24908.05,1755840518
NIFTY,24908.85,1755840519
NIFTY,24908.6,1755840519
NIFTY,24908.25,1755840520
NIFTY,24908.55,1755840520
NIFTY,24907.6,1755840521
NIFTY,24907.8,1755840521
NIFTY,24907.85,1755840522
NIFTY,24907.9,1755840522
NIFTY,24908.1,1755840523
NIFTY,24907.65,1755840523
NIFTY,24907.55,1755840524
NIFTY,24907.35,1755840524
NIFTY,24907.8,1755840525
NIFTY,24907.95,1755840525
NIFTY,24908.35,1755840526
NIFTY,24908.6,1755840526
NIFTY,24908.5,1755840527
NIFTY,24908.75,1755840527
NIFTY,24908,1755840528
NIFTY,24908.05,1755840528
NIFTY,24908.4,1755840529
NIFTY,24908.35,1755840529
NIFTY,24907.85,1755840530
NIFTY,24907.8,1755840530
NIFTY,24908.3,1755840531
NIFTY,24908.45,1755840531
NIFTY,24908.35,1755840532
NIFTY,24909.2,1755840532
NIFTY,24909.25,1755840533
NIFTY,24909.65,1755840533
NIFTY,24909.6,1755840534
NIFTY,24910,1755840534
NIFTY,24909.9,1755840535
NIFTY,24909.55,1755840535
NIFTY,24909.35,1755840536
NIFTY,24909.15,1755840536
NIFTY,24909.2,1755840537
NIFTY,24909.25,1755840537
NIFTY,24909.15,1755840538
NIFTY,24908.7,1755840538
NIFTY,24908.9,1755840539
NIFTY,24909.05,1755840539
NIFTY,24908.8,1755840540
NIFTY,24909.25,1755840540
NIFTY,24908.75,1755840541
NIFTY,24910.1,1755840541
NIFTY,24910,1755840542
NIFTY,24909.75,1755840542
NIFTY,24909.05,1755840543
NIFTY,24909.3,1755840543
NIFTY,24909.65,1755840544
NIFTY,24909.8,1755840544
NIFTY,24909.5,1755840545
NIFTY,24909.3,1755840545
NIFTY,24909.15,1755840546
NIFTY,24909.1,1755840547
NIFTY,24909.3,1755840547
NIFTY,24909.55,1755840548
NIFTY,24909.4,1755840548
NIFTY,24909.55,1755840549
NIFTY,24910.05,1755840550
NIFTY,24910.25,1755840550
NIFTY,24910.3,1755840551
NIFTY,24910.1,1755840551
NIFTY,24910.25,1755840552
NIFTY,24910.2,1755840552
NIFTY,24910.35,1755840553
NIFTY,24909.9,1755840554
NIFTY,24910.25,1755840554
NIFTY,24910.1,1755840555
NIFTY,24910.25,1755840555
NIFTY,24910.3,1755840556
NIFTY,24909,1755840556
NIFTY,24908.9,1755840557
NIFTY,24909.25,1755840557
NIFTY,24909.4,1755840558
NIFTY,24909.3,1755840558
NIFTY,24910.5,1755840559
NIFTY,24911.05,1755840559
NIFTY,24910.5,1755840560
NIFTY,24910.45,1755840560
NIFTY,24910.65,1755840561
NIFTY,24910.4,1755840561
NIFTY,24909.85,1755840562
NIFTY,24910.1,1755840562
NIFTY,24909.95,1755840563
NIFTY,24910.3,1755840563
NIFTY,24910.15,1755840564
NIFTY,24909.85,1755840564
NIFTY,24909.65,1755840565
NIFTY,24909.8,1755840565
NIFTY,24909.85,1755840566
NIFTY,24909.55,1755840566
NIFTY,24909.65,1755840567
NIFTY,24909.55,1755840567
NIFTY,24909,1755840568
NIFTY,24908.65,1755840568
NIFTY,24908.85,1755840569
NIFTY,24908.8,1755840569
NIFTY,24909,1755840570
NIFTY,24909.5,1755840570
NIFTY,24909.45,1755840571
NIFTY,24908.9,1755840571
NIFTY,24909.25,1755840572
NIFTY,24909.15,1755840572
NIFTY,24909.2,1755840573
NIFTY,24908.7,1755840573
NIFTY,24908.9,1755840574
NIFTY,24909.2,1755840575
NIFTY,24909.1,1755840575
NIFTY,24909.05,1755840576
NIFTY,24908.75,1755840577
NIFTY,24909,1755840577
NIFTY,24909.1,1755840578
NIFTY,24909.15,1755840578
NIFTY,24909.2,1755840579
NIFTY,24909.65,1755840580
NIFTY,24909.7,1755840581
NIFTY,24910.1,1755840582
NIFTY,24910.05,1755840582
NIFTY,24910.2,1755840583
NIFTY,24910.3,1755840583
NIFTY,24910.4,1755840584
NIFTY,24910.05,1755840584
NIFTY,24909.85,1755840585
NIFTY,24910.35,1755840585
NIFTY,24910.55,1755840586
NIFTY,24910.45,1755840586
NIFTY,24910.7,1755840587
NIFTY,24910.8,1755840587
NIFTY,24911.1,1755840588
NIFTY,24910.35,1755840589
NIFTY,24910.3,1755840589
NIFTY,24910.15,1755840590
NIFTY,24910.4,1755840591
NIFTY,24910.1,1755840591
NIFTY,24910.2,1755840592
NIFTY,24910.4,1755840592
NIFTY,24910.85,1755840593
NIFTY,24910.6,1755840593
NIFTY,24910.35,1755840594
NIFTY,24910.3,1755840594
NIFTY,24910,1755840595
NIFTY,24910.05,1755840595
NIFTY,24910.1,1755840596
NIFTY,24910.4,1755840596
NIFTY,24910.35,1755840597
NIFTY,24910.65,1755840597
NIFTY,24910.8,1755840598
NIFTY,24910.45,1755840598
NIFTY,24910.6,1755840599
NIFTY,24910.45,1755840599
NIFTY,24910.75,1755840600
NIFTY,24910.7,1755840600
NIFTY,24911.1,1755840601
NIFTY,24912.05,1755840601
NIFTY,24911.6,1755840602
NIFTY,24912.65,1755840603
NIFTY,24911.8,1755840603
NIFTY,24911.85,1755840604
NIFTY,24911.8,1755840604
NIFTY,24911.55,1755840605
NIFTY,24911.45,1755840605
NIFTY,24911.4,1755840606
NIFTY,24912.3,1755840606
NIFTY,24911.65,1755840607
NIFTY,24911.6,1755840607
NIFTY,24911.75,1755840608
NIFTY,24911.7,1755840608
NIFTY,24911.8,1755840609
NIFTY,24911.7,1755840609
NIFTY,24911.55,1755840610
NIFTY,24912.2,1755840611
NIFTY,24911.5,1755840611
NIFTY,24911.8,1755840612
NIFTY,24911.4,1755840612
NIFTY,24911.6,1755840613
NIFTY,24911.5,1755840613
NIFTY,24911.65,1755840614
NIFTY,24912,1755840614
NIFTY,24911.5,1755840615
NIFTY,24911.35,1755840615
NIFTY,24912.1,1755840616
NIFTY,24911.4,1755840616
NIFTY,24911.95,1755840617
NIFTY,24912.45,1755840617
NIFTY,24911.8,1755840618
NIFTY,24911.5,1755840619
NIFTY,24911.6,1755840620
NIFTY,24911.3,1755840620
NIFTY,24911.95,1755840621
NIFTY,24912.25,1755840621
NIFTY,24911.2,1755840622
NIFTY,24911.3,1755840622
NIFTY,24911.35,1755840623
NIFTY,24911.25,1755840623
NIFTY,24911.55,1755840624
NIFTY,24911.4,1755840624
NIFTY,24912.2,1755840625
NIFTY,24912.3,1755840625
NIFTY,24912.95,1755840626
NIFTY,24912.4,1755840627
NIFTY,24912,1755840627
NIFTY,24911.25,1755840628
NIFTY,24911.05,1755840628
NIFTY,24910.45,1755840629
NIFTY,24910.05,1755840629
NIFTY,24908.65,1755840630
NIFTY,24907.35,1755840630
NIFTY,24907.55,1755840631
NIFTY,24907.35,1755840631
NIFTY,24907.5,1755840632
NIFTY,24907.15,1755840632
NIFTY,24907.7,1755840633
NIFTY,24907.6,1755840633
NIFTY,24907.85,1755840634
NIFTY,24907.65,1755840634
NIFTY,24907.2,1755840635
NIFTY,24907.1,1755840635
NIFTY,24907.15,1755840636
NIFTY,24907.2,1755840636
NIFTY,24907.1,1755840637
NIFTY,24907.55,1755840637
NIFTY,24907.3,1755840638
NIFTY,24907,1755840638
NIFTY,24907.05,1755840639
NIFTY,24907.4,1755840639
NIFTY,24907.85,1755840640
NIFTY,24907,1755840640
NIFTY,24907.5,1755840641
NIFTY,24907.75,1755840641
NIFTY,24907.85,1755840642
NIFTY,24907.45,1755840642
NIFTY,24906.7,1755840643
NIFTY,24906.75,1755840643
NIFTY,24906.2,1755840644
NIFTY,24906.15,1755840644
NIFTY,24905.65,1755840645
NIFTY,24906.1,1755840645
NIFTY,24905.3,1755840646
NIFTY,24905.65,1755840646
NIFTY,24905.55,1755840647
NIFTY,24904.9,1755840647
NIFTY,24904.75,1755840648
NIFTY,24904.6,1755840649
NIFTY,24904.15,1755840649
NIFTY,24903.95,1755840650
NIFTY,24904.05,1755840651
NIFTY,24903.7,1755840651
NIFTY,24903.25,1755840652
NIFTY,24903.4,1755840652
NIFTY,24903.55,1755840653
NIFTY,24903.5,1755840653
NIFTY,24903.7,1755840654
NIFTY,24903.5,1755840654
NIFTY,24903.75,1755840655
NIFTY,24903.6,1755840655
NIFTY,24903.95,1755840656
NIFTY,24904.25,1755840657
NIFTY,24903.7,1755840657
NIFTY,24903.9,1755840658
NIFTY,24904.15,1755840658
NIFTY,24904.2,1755840659
NIFTY,24904.35,1755840659
NIFTY,24904.4,1755840660
NIFTY,24904.15,1755840660
NIFTY,24903.9,1755840661
NIFTY,24903.85,1755840661
NIFTY,24903.7,1755840662
NIFTY,24904.05,1755840662
NIFTY,24903.15,1755840663
NIFTY,24903.35,1755840663
NIFTY,24903.65,1755840664
NIFTY,24903.6,1755840664
NIFTY,24903.85,1755840665
NIFTY,24904.45,1755840665
NIFTY,24904.8,1755840666
NIFTY,24904.85,1755840666
NIFTY,24904.75,1755840667
NIFTY,24904.85,1755840667
NIFTY,24904.35,1755840668
NIFTY,24904.6,1755840668
NIFTY,24903.5,1755840669
NIFTY,24903.75,1755840669
NIFTY,24903.45,1755840670
NIFTY,24904.3,1755840670
NIFTY,24903.65,1755840671
NIFTY,24903.45,1755840671
NIFTY,24903.7,1755840672
NIFTY,24903.75,1755840672
NIFTY,24902.8,1755840673
NIFTY,24902.65,1755840673
NIFTY,24903.5,1755840674
NIFTY,24902.7,1755840674
NIFTY,24903.15,1755840675
NIFTY,24903.65,1755840675
NIFTY,24903.35,1755840676
NIFTY,24903.2,1755840676
NIFTY,24902.85,1755840677
NIFTY,24903,1755840677
NIFTY,24902.75,1755840678
NIFTY,24903.15,1755840678
NIFTY,24902.6,1755840679
NIFTY,24901.35,1755840679
NIFTY,24902.4,1755840680
NIFTY,24902.7,1755840680
NIFTY,24902.75,1755840681
NIFTY,24902.25,1755840681
NIFTY,24902.9,1755840682
NIFTY,24902.7,1755840682
NIFTY,24902.6,1755840683
NIFTY,24901.85,1755840683
NIFTY,24901.2,1755840684
NIFTY,24901.1,1755840684
NIFTY,24900.65,1755840685
NIFTY,24900.15,1755840685
NIFTY,24900.4,1755840686
NIFTY,24900.35,1755840686
NIFTY,24899.85,1755840687
NIFTY,24898.9,1755840687
NIFTY,24899.45,1755840688
NIFTY,24899.9,1755840688
NIFTY,24898.45,1755840689
NIFTY,24899.45,1755840689
NIFTY,24898.8,1755840690
NIFTY,24899.1,1755840690
NIFTY,24899.95,1755840691
NIFTY,24899.3,1755840691
NIFTY,24899.25,1755840692
NIFTY,24899.05,1755840692
NIFTY,24898.95,1755840693
NIFTY,24898.75,1755840693
NIFTY,24898.5,1755840694
NIFTY,24898.45,1755840694
NIFTY,24898.75,1755840695
NIFTY,24898.8,1755840695
NIFTY,24899,1755840696
NIFTY,24899.05,1755840696
NIFTY,24899,1755840697
NIFTY,24899.05,1755840697
NIFTY,24898.8,1755840698
NIFTY,24899,1755840699
NIFTY,24898.9,1755840699
NIFTY,24898.8,1755840700
NIFTY,24898.25,1755840700
NIFTY,24898.55,1755840701
NIFTY,24897.9,1755840701
NIFTY,24898.2,1755840702
NIFTY,24899.15,1755840702
NIFTY,24899.4,1755840703
NIFTY,24899.45,1755840703
NIFTY,24899.85,1755840704
NIFTY,24900,1755840704
NIFTY,24900.8,1755840705
NIFTY,24901.45,1755840705
NIFTY,24901.5,1755840706
NIFTY,24901.95,1755840706
NIFTY,24901.4,1755840707
NIFTY,24901.75,1755840708
NIFTY,24901.45,1755840708
NIFTY,24901.2,1755840709
NIFTY,24901.1,1755840709
NIFTY,24901.95,1755840710
NIFTY,24902.35,1755840710
NIFTY,24902.05,1755840711
NIFTY,24901.1,1755840711
NIFTY,24902.45,1755840712
NIFTY,24902.85,1755840713
NIFTY,24902.75,1755840713
NIFTY,24903,1755840714
NIFTY,24903.9,1755840714
NIFTY,24903.55,1755840715
NIFTY,24903.6,1755840715
NIFTY,24903.35,1755840716
NIFTY,24903.2,1755840716
NIFTY,24903.4,1755840717
NIFTY,24903.7,1755840718
NIFTY,24904.5,1755840718
NIFTY,24904.05,1755840719
NIFTY,24904.5,1755840719
NIFTY,24904.55,1755840720
NIFTY,24904.4,1755840720
NIFTY,24904.75,1755840721
NIFTY,24905.2,1755840721
NIFTY,24904.7,1755840722
NIFTY,24904.95,1755840722
NIFTY,24904.65,1755840723
NIFTY,24905.4,1755840723
NIFTY,24905.75,1755840724
NIFTY,24905.45,1755840724
NIFTY,24905.8,1755840725
NIFTY,24905.95,1755840725
NIFTY,24905.9,1755840726
NIFTY,24904.2,1755840727
NIFTY,24906.05,1755840727
NIFTY,24905.95,1755840728
NIFTY,24906.15,1755840728
NIFTY,24906,1755840729
NIFTY,24906.2,1755840729
NIFTY,24905.75,1755840730
NIFTY,24905.65,1755840730
NIFTY,24906.15,1755840731
NIFTY,24906.2,1755840731
NIFTY,24906.5,1755840732
NIFTY,24906.9,1755840732
NIFTY,24906.3,1755840733
NIFTY,24906.6,1755840733
NIFTY,24906.1,1755840734
NIFTY,24906.15,1755840734
NIFTY,24906.05,1755840735
NIFTY,24906.35,1755840735
NIFTY,24906.4,1755840736
NIFTY,24906.5,1755840737
NIFTY,24905.95,1755840737
NIFTY,24905.45,1755840738
NIFTY,24906.15,1755840739
NIFTY,24906.55,1755840739
NIFTY,24906.7,1755840740
NIFTY,24906.35,1755840740
NIFTY,24906.95,1755840741
NIFTY,24906.75,1755840741
NIFTY,24906.15,1755840742
NIFTY,24906.3,1755840742
NIFTY,24905.7,1755840743
NIFTY,24906.4,1755840743
NIFTY,24906.25,1755840744
NIFTY,24905.9,1755840744
NIFTY,24905.1,1755840745
NIFTY,24905.45,1755840745
NIFTY,24905.35,1755840746
NIFTY,24905.3,1755840746
NIFTY,24905.35,1755840747
NIFTY,24906.05,1755840747
NIFTY,24905.7,1755840748
NIFTY,24905.95,1755840748
NIFTY,24905.8,1755840749
NIFTY,24905.85,1755840749
NIFTY,24906.1,1755840750
NIFTY,24906.05,1755840750
NIFTY,24905.85,1755840751
NIFTY,24906.7,1755840751
NIFTY,24906.55,1755840752
NIFTY,24906.45,1755840753
NIFTY,24906.8,1755840753
NIFTY,24907.7,1755840754
NIFTY,24908,1755840754
NIFTY,24907.65,1755840755
NIFTY,24908.7,1755840755
NIFTY,24908.9,1755840756
NIFTY,24909.75,1755840756
NIFTY,24909.05,1755840757
NIFTY,24909.7,1755840757
NIFTY,24910.05,1755840758
NIFTY,24908.9,1755840758
NIFTY,24909.9,1755840759
NIFTY,24909.85,1755840759
NIFTY,24909.15,1755840760
NIFTY,24909.8,1755840760
NIFTY,24909.95,1755840761
NIFTY,24909.65,1755840761
NIFTY,24910.85,1755840762
NIFTY,24910.6,1755840762
NIFTY,24910.2,1755840763
NIFTY,24910.15,1755840764
NIFTY,24910.4,1755840764
NIFTY,24910.3,1755840765
NIFTY,24910.45,1755840765
NIFTY,24910.25,1755840766
NIFTY,24910.45,1755840766
NIFTY,24910.65,1755840767
NIFTY,24910.75,1755840767
NIFTY,24910.8,1755840768
NIFTY,24910.65,1755840768
NIFTY,24910.6,1755840769
NIFTY,24910.55,1755840769
NIFTY,24910.1,1755840770
NIFTY,24910.2,1755840770
NIFTY,24910.5,1755840771
NIFTY,24910.35,1755840771
NIFTY,24910.5,1755840772
NIFTY,24910.85,1755840773
NIFTY,24910.8,1755840773
NIFTY,24912.05,1755840774
NIFTY,24911.5,1755840774
NIFTY,24911,1755840775
NIFTY,24911.5,1755840775
NIFTY,24911.25,1755840776
NIFTY,24911.8,1755840776
NIFTY,24911.6,1755840777
NIFTY,24912.2,1755840777
NIFTY,24911.75,1755840778
NIFTY,24913,1755840778
NIFTY,24913.4,1755840779
NIFTY,24914.7,1755840780
NIFTY,24913.85,1755840781
NIFTY,24914.2,1755840781
NIFTY,24914,1755840782
NIFTY,24914.15,1755840782
NIFTY,24913.75,1755840783
NIFTY,24913.9,1755840783
NIFTY,24913.6,1755840784
NIFTY,24912.6,1755840784
NIFTY,24912.85,1755840785
NIFTY,24912.25,1755840785
NIFTY,24913.9,1755840786
NIFTY,24913.85,1755840786
NIFTY,24913.2,1755840787
NIFTY,24913.55,1755840787
NIFTY,24913.25,1755840788
NIFTY,24913.6,1755840788
NIFTY,24914.15,1755840789
NIFTY,24913.85,1755840789
NIFTY,24914.1,1755840790
NIFTY,24913.85,1755840790
NIFTY,24913.7,1755840791
NIFTY,24913.45,1755840791
NIFTY,24913.6,1755840792
NIFTY,24913.95,1755840793
NIFTY,24914.75,1755840793
NIFTY,24914,1755840794
NIFTY,24913.75,1755840794
NIFTY,24913.3,1755840795
NIFTY,24913.4,1755840795
NIFTY,24913.7,1755840796
NIFTY,24913,1755840796
NIFTY,24913.5,1755840797
NIFTY,24913.6,1755840797
NIFTY,24913.95,1755840798
NIFTY,24913.9,1755840798
NIFTY,24914.3,1755840799
NIFTY,24914,1755840799
NIFTY,24914.35,1755840800
NIFTY,24914.15,1755840800
NIFTY,24914.8,1755840801
NIFTY,24914.6,1755840801
NIFTY,24914.65,1755840802
NIFTY,24914.4,1755840802
NIFTY,24914.2,1755840803
NIFTY,24914.4,1755840803
NIFTY,24914.15,1755840804
NIFTY,24914.05,1755840804
NIFTY,24913.9,1755840805
NIFTY,24914.4,1755840805
NIFTY,24913.95,1755840806
NIFTY,24914.8,1755840806
NIFTY,24915.15,1755840807
NIFTY,24915.25,1755840807
NIFTY,24914.7,1755840808
NIFTY,24914.95,1755840808
NIFTY,24915.25,1755840809
NIFTY,24915.2,1755840810
NIFTY,24915.4,1755840810
NIFTY,24915.1,1755840811
NIFTY,24915.35,1755840811
NIFTY,24915.2,1755840812
NIFTY,24914.95,1755840812
NIFTY,24915.15,1755840813
NIFTY,24914.45,1755840813
NIFTY,24914.75,1755840814
NIFTY,24914.25,1755840814
NIFTY,24915.2,1755840815
NIFTY,24915.3,1755840815
NIFTY,24915.9,1755840816
NIFTY,24916.05,1755840816
NIFTY,24915.9,1755840817
NIFTY,24916,1755840818
NIFTY,24915.85,1755840818
NIFTY,24915.95,1755840819
NIFTY,24915.6,1755840819
NIFTY,24915.4,1755840820
NIFTY,24915.65,1755840820
NIFTY,24915.5,1755840821
NIFTY,24916,1755840821
NIFTY,24916.15,1755840822
NIFTY,24915.4,1755840823
NIFTY,24915.65,1755840823
NIFTY,24915.55,1755840824
NIFTY,24915.6,1755840824
NIFTY,24916.25,1755840825
NIFTY,24915.95,1755840826
NIFTY,24916.15,1755840826
NIFTY,24916,1755840827
NIFTY,24915.95,1755840827
NIFTY,24915.75,1755840828
NIFTY,24915.85,1755840828
NIFTY,24915.45,1755840829
NIFTY,24915.75,1755840829
NIFTY,24915.85,1755840830
NIFTY,24915.9,1755840830
NIFTY,24915.75,1755840831
NIFTY,24915.9,1755840831
NIFTY,24916.05,1755840832
NIFTY,24916.2,1755840833
NIFTY,24916.4,1755840833
NIFTY,24915.7,1755840834
NIFTY,24915,1755840834
NIFTY,24914.65,1755840835
NIFTY,24914.85,1755840835
NIFTY,24914.9,1755840836
NIFTY,24915.7,1755840837
NIFTY,24915.4,1755840837
NIFTY,24915.75,1755840838
NIFTY,24915.7,1755840838
NIFTY,24915.8,1755840839
NIFTY,24915.55,1755840839
NIFTY,24915.6,1755840840
NIFTY,24916.2,1755840840
NIFTY,24916.4,1755840841
NIFTY,24916.6,1755840841
NIFTY,24916.15,1755840842
NIFTY,24916.4,1755840842
NIFTY,24915.95,1755840843
NIFTY,24916.5,1755840843
NIFTY,24916.25,1755840844
NIFTY,24916.75,1755840844
NIFTY,24916.7,1755840845
NIFTY,24916.85,1755840845
NIFTY,24917.1,1755840846
NIFTY,24916.95,1755840846
NIFTY,24917.3,1755840847
NIFTY,24917.25,1755840847
NIFTY,24917.45,1755840848
NIFTY,24917.65,1755840848
NIFTY,24917.3,1755840849
NIFTY,24916.8,1755840849
NIFTY,24916.1,1755840850
NIFTY,24916.25,1755840850
NIFTY,24916.15,1755840851
NIFTY,24916.6,1755840851
NIFTY,24916.65,1755840852
NIFTY,24916.6,1755840852
NIFTY,24916.45,1755840853
NIFTY,24916.4,1755840853
NIFTY,24916.8,1755840854
NIFTY,24916.85,1755840854
NIFTY,24916.3,1755840855
NIFTY,24915.9,1755840855
NIFTY,24916.15,1755840856
NIFTY,24915.25,1755840856
NIFTY,24916,1755840857
NIFTY,24915,1755840857
NIFTY,24915.6,1755840858
NIFTY,24915.35,1755840858
NIFTY,24915.5,1755840859
NIFTY,24916.05,1755840859
NIFTY,24915.95,1755840860
NIFTY,24916.15,1755840860
NIFTY,24916.3,1755840861
NIFTY,24916.55,1755840861
NIFTY,24916.1,1755840862
NIFTY,24915.85,1755840862
NIFTY,24916.25,1755840863
NIFTY,24915.75,1755840863
NIFTY,24915.9,1755840864
NIFTY,24915.7,1755840864
NIFTY,24915.65,1755840865
NIFTY,24915.2,1755840866
NIFTY,24915.35,1755840866
NIFTY,24915.25,1755840867
NIFTY,24915.05,1755840868
NIFTY,24914.7,1755840868
NIFTY,24914.95,1755840869
NIFTY,24914.3,1755840869
NIFTY,24914.35,1755840870
NIFTY,24914.9,1755840870
NIFTY,24914.95,1755840871
NIFTY,24914.8,1755840871
NIFTY,24915.2,1755840872
NIFTY,24914.05,1755840872
NIFTY,24914.15,1755840873
NIFTY,24914.5,1755840873
NIFTY,24914.3,1755840874
NIFTY,24914.7,1755840874
NIFTY,24914.55,1755840875
NIFTY,24914.1,1755840875
NIFTY,24914.05,1755840876
NIFTY,24914.3,1755840876
NIFTY,24914.2,1755840877
NIFTY,24914.3,1755840877
NIFTY,24914.45,1755840878
NIFTY,24914,1755840880
NIFTY,24913.85,1755840880
NIFTY,24914,1755840881
NIFTY,24913.3,1755840881
NIFTY,24913.5,1755840882
NIFTY,24913.8,1755840882
NIFTY,24913.55,1755840883
NIFTY,24913.75,1755840883
NIFTY,24913.6,1755840884
NIFTY,24913.85,1755840884
NIFTY,24913.75,1755840885
NIFTY,24913.8,1755840885
NIFTY,24913.85,1755840886
NIFTY,24914.35,1755840886
NIFTY,24913.9,1755840887
NIFTY,24914.35,1755840887
NIFTY,24914.9,1755840888
NIFTY,24914.65,1755840888
NIFTY,24914.15,1755840889
NIFTY,24914.35,1755840889
NIFTY,24914.3,1755840890
NIFTY,24913.95,1755840890
NIFTY,24914.4,1755840891
NIFTY,24914.05,1755840891
NIFTY,24914.6,1755840892
NIFTY,24914.25,1755840892
NIFTY,24914.5,1755840893
NIFTY,24913.85,1755840893
NIFTY,24914.35,1755840894
NIFTY,24914.25,1755840894
NIFTY,24913.6,1755840895
NIFTY,24914.15,1755840895
NIFTY,24913.5,1755840896
NIFTY,24913.65,1755840896
NIFTY,24913.45,1755840897
NIFTY,24913.85,1755840897
NIFTY,24912.9,1755840898
NIFTY,24913.8,1755840898
NIFTY,24914.15,1755840899
NIFTY,24912.6,1755840899
NIFTY,24912.9,1755840900
NIFTY,24912.65,1755840900
NIFTY,24912.6,1755840901
NIFTY,24913.9,1755840901
NIFTY,24913.65,1755840902
NIFTY,24913.55,1755840902
NIFTY,24913.45,1755840903
NIFTY,24913.05,1755840903
NIFTY,24912.55,1755840904
NIFTY,24912.8,1755840904
NIFTY,24912.5,1755840905
NIFTY,24913.25,1755840905
NIFTY,24913.05,1755840906
NIFTY,24913.7,1755840906
NIFTY,24913.45,1755840907
NIFTY,24912.55,1755840907
NIFTY,24913.45,1755840908
NIFTY,24913.1,1755840908
NIFTY,24913.55,1755840909
NIFTY,24913.85,1755840909
NIFTY,24914.15,1755840910
NIFTY,24913.95,1755840910
NIFTY,24914.15,1755840911
NIFTY,24914.05,1755840911
NIFTY,24913.6,1755840912
NIFTY,24913.85,1755840912
NIFTY,24913.75,1755840913
NIFTY,24912.65,1755840913
NIFTY,24913.75,1755840914
NIFTY,24913.9,1755840914
NIFTY,24914.35,1755840915
NIFTY,24914.55,1755840915
NIFTY,24914.85,1755840916
NIFTY,24914.4,1755840916
NIFTY,24914.9,1755840917
NIFTY,24914.75,1755840917
NIFTY,24914.85,1755840918
NIFTY,24914.3,1755840918
NIFTY,24914.35,1755840919
NIFTY,24914.2,1755840919
NIFTY,24914.45,1755840920
NIFTY,24914.8,1755840920
NIFTY,24915.05,1755840921
NIFTY,24915.2,1755840921
NIFTY,24915.35,1755840922
NIFTY,24915.7,1755840922
NIFTY,24915.9,1755840923
NIFTY,24916.1,1755840923
NIFTY,24916.15,1755840924
NIFTY,24914.95,1755840924
NIFTY,24914.35,1755840925
NIFTY,24914.4,1755840925
NIFTY,24915.15,1755840926
NIFTY,24915.4,1755840927
NIFTY,24915.35,1755840927
NIFTY,24915.45,1755840928
NIFTY,24915.6,1755840928
NIFTY,24915.4,1755840929
NIFTY,24914.95,1755840929
NIFTY,24915.3,1755840930
NIFTY,24914.85,1755840930
NIFTY,24915,1755840931
NIFTY,24914.75,1755840931
NIFTY,24914.95,1755840932
NIFTY,24915.1,1755840932
NIFTY,24915.05,1755840933
NIFTY,24914.95,1755840934
NIFTY,24915.55,1755840935
NIFTY,24915.75,1755840935
NIFTY,24916.2,1755840936
NIFTY,24916.45,1755840936
NIFTY,24915.95,1755840937
NIFTY,24916,1755840937
NIFTY,24915.5,1755840938
NIFTY,24915.2,1755840938
NIFTY,24915.45,1755840939
NIFTY,24915.6,1755840939
NIFTY,24915.45,1755840940
NIFTY,24915.3,1755840940
NIFTY,24915.9,1755840941
NIFTY,24916.2,1755840941
NIFTY,24916.4,1755840942
NIFTY,24916.75,1755840942
NIFTY,24917.2,1755840943
NIFTY,24917.3,1755840943
NIFTY,24916.45,1755840944
NIFTY,24916.2,1755840944
NIFTY,24916.75,1755840945
NIFTY,24917.3,1755840945
NIFTY,24916.55,1755840946
NIFTY,24917.1,1755840946
NIFTY,24917.35,1755840947
NIFTY,24917.55,1755840948
NIFTY,24917.1,1755840948
NIFTY,24916.85,1755840949
NIFTY,24917.05,1755840949
NIFTY,24917.3,1755840950
NIFTY,24917.4,1755840950
NIFTY,24917.25,1755840951
NIFTY,24916.45,1755840951
NIFTY,24916.25,1755840952
NIFTY,24915.85,1755840952
NIFTY,24915.1,1755840953
NIFTY,24915.15,1755840953
NIFTY,24914.65,1755840954
NIFTY,24914.9,1755840954
NIFTY,24915.25,1755840955
NIFTY,24914.65,1755840955
NIFTY,24914.6,1755840956
NIFTY,24914.85,1755840956
NIFTY,24915.25,1755840957
NIFTY,24914.75,1755840957
NIFTY,24915.05,1755840958
NIFTY,24915,1755840958
NIFTY,24915.2,1755840959
NIFTY,24915.15,1755840959
NIFTY,24914.3,1755840960
NIFTY,24914.8,1755840960
NIFTY,24915.2,1755840961
NIFTY,24914.9,1755840962
NIFTY,24914.95,1755840962
NIFTY,24915.2,1755840963
NIFTY,24914.65,1755840963
NIFTY,24915.2,1755840964
NIFTY,24915.65,1755840964
NIFTY,24915.85,1755840965
NIFTY,24915.75,1755840965
NIFTY,24915.65,1755840966
NIFTY,24915.6,1755840966
NIFTY,24915.3,1755840967
NIFTY,24915.15,1755840967
NIFTY,24915.1,1755840968
NIFTY,24914.8,1755840968
NIFTY,24914.75,1755840969
NIFTY,24914.9,1755840969
NIFTY,24914.85,1755840970
NIFTY,24914.9,1755840970
NIFTY,24914.85,1755840971
NIFTY,24914.95,1755840971
NIFTY,24915.2,1755840972
NIFTY,24915.3,1755840972
NIFTY,24915.1,1755840973
NIFTY,24915.4,1755840973
NIFTY,24915.55,1755840974
NIFTY,24915.25,1755840974
NIFTY,24914.45,1755840975
NIFTY,24914.7,1755840976
NIFTY,24914.65,1755840976
NIFTY,24915.8,1755840977
NIFTY,24915.45,1755840977
NIFTY,24915.55,1755840978
NIFTY,24915.4,1755840978
NIFTY,24915.45,1755840979
NIFTY,24915.6,1755840979
NIFTY,24915.4,1755840980
NIFTY,24915.2,1755840980
NIFTY,24915.35,1755840981
NIFTY,24915.15,1755840981
NIFTY,24915.3,1755840982
NIFTY,24915.25,1755840982
NIFTY,24915.2,1755840983
NIFTY,24915.45,1755840983
NIFTY,24915.25,1755840984
NIFTY,24915.45,1755840984
NIFTY,24915.35,1755840985
NIFTY,24915.1,1755840986
NIFTY,24915.2,1755840986
NIFTY,24915.15,1755840987
NIFTY,24915.3,1755840987
NIFTY,24915.25,1755840988
NIFTY,24914.95,1755840988
NIFTY,24915,1755840989
NIFTY,24914.65,1755840989
NIFTY,24914.95,1755840990
NIFTY,24915.2,1755840990
NIFTY,24914.8,1755840991
NIFTY,24915.2,1755840991
NIFTY,24914.25,1755840992
NIFTY,24914.75,1755840992
NIFTY,24914.65,1755840993
NIFTY,24914.4,1755840993
NIFTY,24913.9,1755840994
NIFTY,24914.3,1755840994
NIFTY,24913.3,1755840995
NIFTY,24914.75,1755840996
NIFTY,24914.45,1755840996
NIFTY,24913.65,1755840997
NIFTY,24914.2,1755840997
NIFTY,24913.65,1755840998
NIFTY,24914.1,1755840998
NIFTY,24913.95,1755840999
NIFTY,24913.6,1755840999
NIFTY,24913.85,1755841000
NIFTY,24913.6,1755841000
NIFTY,24913.75,1755841001
NIFTY,24914.45,1755841001
NIFTY,24914.7,1755841002
NIFTY,24914.65,1755841002
NIFTY,24914.75,1755841003
NIFTY,24913.45,1755841003
NIFTY,24914.6,1755841004
NIFTY,24913.45,1755841004
NIFTY,24914.5,1755841005
NIFTY,24914.65,1755841005
NIFTY,24913.5,1755841006
NIFTY,24913.35,1755841006
NIFTY,24914.65,1755841007
NIFTY,24914.55,1755841007
NIFTY,24915.1,1755841008
NIFTY,24915.75,1755841008
NIFTY,24915.4,1755841009
NIFTY,24914.05,1755841009
NIFTY,24915.15,1755841010
NIFTY,24915.2,1755841010
NIFTY,24915.1,1755841011
NIFTY,24914.3,1755841011
NIFTY,24913.85,1755841012
NIFTY,24914.9,1755841012
NIFTY,24914.75,1755841013
NIFTY,24914.65,1755841014
NIFTY,24914.85,1755841015
NIFTY,24913.85,1755841015
NIFTY,24914.55,1755841016
NIFTY,24914.85,1755841016
NIFTY,24914.9,1755841017
NIFTY,24915.2,1755841017
NIFTY,24915,1755841018
NIFTY,24914.8,1755841018
NIFTY,24914.65,1755841019
NIFTY,24914.6,1755841019
NIFTY,24915.1,1755841020
NIFTY,24915.25,1755841020
NIFTY,24914.25,1755841021
NIFTY,24914.4,1755841021
NIFTY,24915.1,1755841022
NIFTY,24915.15,1755841022
NIFTY,24915.3,1755841023
NIFTY,24914.5,1755841023
NIFTY,24914.6,1755841024
NIFTY,24915.3,1755841024
NIFTY,24914.65,1755841025
NIFTY,24914.55,1755841025
NIFTY,24914.65,1755841026
NIFTY,24914.05,1755841027
NIFTY,24914.6,1755841027
NIFTY,24914.75,1755841028
NIFTY,24914.5,1755841028
NIFTY,24914.45,1755841029
NIFTY,24913.95,1755841029
NIFTY,24914.75,1755841030
NIFTY,24913.85,1755841030
NIFTY,24914.55,1755841031
NIFTY,24914.45,1755841031
NIFTY,24914.3,1755841032
NIFTY,24914.35,1755841032
NIFTY,24914.45,1755841033
NIFTY,24914.65,1755841033
NIFTY,24914.35,1755841034
NIFTY,24914.4,1755841034
NIFTY,24913.85,1755841035
NIFTY,24914.05,1755841035
NIFTY,24914.2,1755841036
NIFTY,24913.2,1755841036
NIFTY,24913.3,1755841037
NIFTY,24914.05,1755841037
NIFTY,24913.6,1755841038
NIFTY,24913.45,1755841038
NIFTY,24914.1,1755841039
NIFTY,24913.55,1755841040
NIFTY,24913.3,1755841040
NIFTY,24913.55,1755841041
NIFTY,24913.1,1755841041
NIFTY,24913.45,1755841042
NIFTY,24913.55,1755841042
NIFTY,24913.8,1755841043
NIFTY,24914.2,1755841043
NIFTY,24914.1,1755841044
NIFTY,24914,1755841044
NIFTY,24913.8,1755841045
NIFTY,24913.85,1755841045
NIFTY,24913.8,1755841046
NIFTY,24913.9,1755841046
NIFTY,24914.05,1755841047
NIFTY,24913.75,1755841047
NIFTY,24914,1755841048
NIFTY,24914.05,1755841048
NIFTY,24913.8,1755841049
NIFTY,24913.65,1755841049
NIFTY,24914.05,1755841050
NIFTY,24914.2,1755841050
NIFTY,24914.5,1755841051
NIFTY,24913.25,1755841051
NIFTY,24913.95,1755841052
NIFTY,24914.45,1755841052
NIFTY,24914.4,1755841053
NIFTY,24913.8,1755841054
NIFTY,24913.85,1755841054
NIFTY,24915.8,1755841055
NIFTY,24916.05,1755841056
NIFTY,24915.6,1755841056
NIFTY,24914.9,1755841057
NIFTY,24915.1,1755841057
NIFTY,24914.9,1755841058
NIFTY,24914.05,1755841058
NIFTY,24913.8,1755841059
NIFTY,24914.3,1755841059
NIFTY,24915.65,1755841060
NIFTY,24914.8,1755841060
NIFTY,24914.95,1755841061
NIFTY,24914.15,1755841061
NIFTY,24915.15,1755841062
NIFTY,24915.3,1755841062
NIFTY,24915.2,1755841063
NIFTY,24914.65,1755841063
NIFTY,24915.05,1755841064
NIFTY,24915.25,1755841064
NIFTY,24915.05,1755841065
NIFTY,24915.15,1755841065
NIFTY,24915.2,1755841066
NIFTY,24915.35,1755841067
NIFTY,24915.3,1755841067
NIFTY,24915.15,1755841068
NIFTY,24914.95,1755841068
NIFTY,24914.4,1755841069
NIFTY,24913.9,1755841069
NIFTY,24913.75,1755841070
NIFTY,24915.1,1755841070
NIFTY,24914.85,1755841071
NIFTY,24914.25,1755841071
NIFTY,24913.85,1755841072
NIFTY,24914.55,1755841072
NIFTY,24914.1,1755841073
NIFTY,24915.1,1755841074
NIFTY,24914.5,1755841074
NIFTY,24915.45,1755841075
NIFTY,24914.65,1755841075
NIFTY,24915.55,1755841076
NIFTY,24915.45,1755841076
NIFTY,24914.95,1755841077
NIFTY,24915.65,1755841077
NIFTY,24915.95,1755841078
NIFTY,24915.75,1755841078
NIFTY,24915.5,1755841079
NIFTY,24915.45,1755841079
NIFTY,24915.65,1755841080
NIFTY,24916,1755841080
NIFTY,24915.4,1755841081
NIFTY,24915.6,1755841081
NIFTY,24915.05,1755841082
NIFTY,24914.9,1755841082
NIFTY,24915,1755841083
NIFTY,24914.95,1755841083
NIFTY,24915.8,1755841084
NIFTY,24915.6,1755841084
NIFTY,24915.8,1755841085
NIFTY,24915.7,1755841085
NIFTY,24915.95,1755841086
NIFTY,24915.85,1755841086
NIFTY,24916.1,1755841087
NIFTY,24915.85,1755841087
NIFTY,24916.1,1755841088
NIFTY,24916.15,1755841088
NIFTY,24915.55,1755841089
NIFTY,24915.75,1755841089
NIFTY,24915.7,1755841090
NIFTY,24915.35,1755841090
NIFTY,24916,1755841091
NIFTY,24916.3,1755841091
NIFTY,24916.5,1755841092
NIFTY,24917.6,1755841092
NIFTY,24917.25,1755841093
NIFTY,24917.1,1755841093
NIFTY,24917.35,1755841094
NIFTY,24917.25,1755841094
NIFTY,24916.9,1755841095
NIFTY,24917.55,1755841096
NIFTY,24917.45,1755841097
NIFTY,24917.9,1755841097
NIFTY,24917.45,1755841098
NIFTY,24917.5,1755841098
NIFTY,24918.1,1755841099
NIFTY,24917,1755841099
NIFTY,24917.3,1755841100
NIFTY,24917.35,1755841101
NIFTY,24917.85,1755841101
NIFTY,24917.65,1755841102
NIFTY,24917.5,1755841102
NIFTY,24917.55,1755841103
NIFTY,24917.7,1755841103
NIFTY,24917.75,1755841104
NIFTY,24918.1,1755841104
NIFTY,24918.25,1755841105
NIFTY,24918.3,1755841105
NIFTY,24918.2,1755841106
NIFTY,24918.4,1755841106
NIFTY,24918,1755841107
NIFTY,24918.1,1755841107
NIFTY,24918.2,1755841108
NIFTY,24918.5,1755841109
NIFTY,24918.25,1755841109
NIFTY,24918.15,1755841110
NIFTY,24917.95,1755841110
NIFTY,24917.7,1755841111
NIFTY,24918,1755841111
NIFTY,24917.95,1755841112
NIFTY,24917.7,1755841112
NIFTY,24918,1755841114
NIFTY,24917.85,1755841114
NIFTY,24917.95,1755841115
NIFTY,24918.25,1755841115
NIFTY,24918.3,1755841116
NIFTY,24917.8,1755841116
NIFTY,24918,1755841117
NIFTY,24918.1,1755841117
NIFTY,24917.75,1755841118
NIFTY,24917.85,1755841118
NIFTY,24917.8,1755841119
NIFTY,24918.05,1755841119
NIFTY,24917.8,1755841120
NIFTY,24917.9,1755841120
NIFTY,24917.8,1755841121
NIFTY,24918.15,1755841121
NIFTY,24918.3,1755841122
NIFTY,24918.15,1755841122
NIFTY,24917.75,1755841123
NIFTY,24917.65,1755841123
NIFTY,24917.5,1755841124
NIFTY,24918.1,1755841124
NIFTY,24918.25,1755841125
NIFTY,24918.6,1755841125
NIFTY,24918.9,1755841126
NIFTY,24918.8,1755841126
NIFTY,24918.85,1755841127
NIFTY,24918.2,1755841128
NIFTY,24918.05,1755841129
NIFTY,24917.8,1755841129
NIFTY,24918.15,1755841130
NIFTY,24918.35,1755841130
NIFTY,24918.15,1755841131
NIFTY,24918.35,1755841131
NIFTY,24918.15,1755841132
NIFTY,24918.1,1755841132
NIFTY,24918.3,1755841133
NIFTY,24918.05,1755841133
NIFTY,24918.25,1755841134
NIFTY,24918.6,1755841134
NIFTY,24917.85,1755841135
NIFTY,24918.55,1755841135
NIFTY,24918.5,1755841136
NIFTY,24918.35,1755841136
NIFTY,24918.55,1755841137
NIFTY,24918.85,1755841137
NIFTY,24918.45,1755841138
NIFTY,24918.7,1755841138
NIFTY,24919.05,1755841139
NIFTY,24918.6,1755841139
NIFTY,24918.9,1755841140
NIFTY,24919.45,1755841140
NIFTY,24919.3,1755841141
NIFTY,24919.8,1755841141
NIFTY,24919.9,1755841142
NIFTY,24919.85,1755841142
NIFTY,24919.7,1755841143
NIFTY,24919.55,1755841143
NIFTY,24919.7,1755841144
NIFTY,24920.05,1755841144
NIFTY,24919.95,1755841145
NIFTY,24920.15,1755841145
NIFTY,24920.8,1755841146
NIFTY,24921.05,1755841147
NIFTY,24921.55,1755841147
NIFTY,24921.35,1755841148
NIFTY,24920.8,1755841148
NIFTY,24921.4,1755841149
NIFTY,24921.5,1755841150
NIFTY,24921.45,1755841150
NIFTY,24921.55,1755841151
NIFTY,24921.6,1755841151
NIFTY,24921.65,1755841152
NIFTY,24921.25,1755841153
NIFTY,24921.5,1755841154
NIFTY,24921.7,1755841154
NIFTY,24921.6,1755841155
NIFTY,24921.95,1755841155
NIFTY,24922.1,1755841156
NIFTY,24921.9,1755841156
NIFTY,24922,1755841157
NIFTY,24922.1,1755841158
NIFTY,24922.25,1755841158
NIFTY,24921.8,1755841159
NIFTY,24921.7,1755841159
NIFTY,24922.15,1755841160
NIFTY,24921.65,1755841160
NIFTY,24921.6,1755841161
NIFTY,24921.5,1755841161
NIFTY,24921.35,1755841162
NIFTY,24921.75,1755841162
NIFTY,24921.05,1755841163
NIFTY,24921.85,1755841163
NIFTY,24921.7,1755841164
NIFTY,24921.9,1755841164
NIFTY,24921.1,1755841165
NIFTY,24921.85,1755841165
NIFTY,24921.3,1755841166
NIFTY,24921.6,1755841166
NIFTY,24921.5,1755841167
NIFTY,24921.65,1755841167
NIFTY,24922,1755841168
NIFTY,24922.05,1755841168
NIFTY,24922.15,1755841169
NIFTY,24922.1,1755841169
NIFTY,24922.6,1755841170
NIFTY,24921.95,1755841170
NIFTY,24922.05,1755841171
NIFTY,24922.65,1755841171
NIFTY,24922.55,1755841172
NIFTY,24922.5,1755841172
NIFTY,24921.6,1755841173
NIFTY,24921.45,1755841173
NIFTY,24922.4,1755841174
NIFTY,24922.5,1755841174
NIFTY,24922.25,1755841175
NIFTY,24922.45,1755841175
NIFTY,24922.2,1755841176
NIFTY,24922.25,1755841176
NIFTY,24921.8,1755841177
NIFTY,24922.35,1755841177
NIFTY,24922.6,1755841178
NIFTY,24922.15,1755841178
NIFTY,24922.25,1755841179
NIFTY,24922.5,1755841179
NIFTY,24922.45,1755841180
NIFTY,24922.7,1755841180
NIFTY,24923,1755841181
NIFTY,24922.9,1755841182
NIFTY,24922.55,1755841182
NIFTY,24922.8,1755841183
NIFTY,24922.75,1755841183
NIFTY,24922.95,1755841184
NIFTY,24922.7,1755841184
NIFTY,24923.65,1755841185
NIFTY,24923.3,1755841185
NIFTY,24924.75,1755841186
NIFTY,24924.8,1755841186
NIFTY,24924.5,1755841187
NIFTY,24923.85,1755841187
NIFTY,24925.35,1755841188
NIFTY,24924.2,1755841188
NIFTY,24923.75,1755841189
NIFTY,24925.1,1755841189
NIFTY,24924.05,1755841190
NIFTY,24923.3,1755841190
NIFTY,24922.95,1755841191
NIFTY,24923.45,1755841191
NIFTY,24923,1755841192
NIFTY,24922.75,1755841192
NIFTY,24923.7,1755841193
NIFTY,24923.6,1755841193
NIFTY,24923.1,1755841194
NIFTY,24923.4,1755841194
NIFTY,24923.7,1755841195
NIFTY,24922.8,1755841195
NIFTY,24922.75,1755841196
NIFTY,24922.55,1755841196
NIFTY,24923.1,1755841197
NIFTY,24922.95,1755841197
NIFTY,24923,1755841198
NIFTY,24923.05,1755841198
NIFTY,24923.25,1755841199
NIFTY,24923.65,1755841199
NIFTY,24923.2,1755841200
NIFTY,24923.5,1755841200
NIFTY,24923.15,1755841201
NIFTY,24923.65,1755841201
NIFTY,24923.15,1755841202
NIFTY,24923.3,1755841202
NIFTY,24923.05,1755841203
NIFTY,24923.5,1755841203
NIFTY,24923.1,1755841204
NIFTY,24922.6,1755841205
NIFTY,24923,1755841205
NIFTY,24923.2,1755841206
NIFTY,24923,1755841206
NIFTY,24922.45,1755841207
NIFTY,24922.95,1755841207
NIFTY,24922.75,1755841208
NIFTY,24922.4,1755841208
NIFTY,24922.5,1755841209
NIFTY,24922.6,1755841209
NIFTY,24922.8,1755841210
NIFTY,24922.6,1755841210
NIFTY,24922.5,1755841211
NIFTY,24922.05,1755841212
NIFTY,24922,1755841212
NIFTY,24922.1,1755841213
NIFTY,24922.25,1755841213
NIFTY,24922.2,1755841214
NIFTY,24921.8,1755841214
NIFTY,24922.1,1755841215
NIFTY,24922,1755841215
NIFTY,24921.55,1755841216
NIFTY,24922.05,1755841216
NIFTY,24921.8,1755841217
NIFTY,24921.65,1755841218
NIFTY,24921.8,1755841218
NIFTY,24921.95,1755841219
NIFTY,24920.95,1755841219
NIFTY,24920.85,1755841220
NIFTY,24921.3,1755841221
NIFTY,24921.7,1755841221
NIFTY,24921.4,1755841222
NIFTY,24921.2,1755841222
NIFTY,24921.4,1755841223
NIFTY,24919.65,1755841223
NIFTY,24920.05,1755841224
NIFTY,24919.7,1755841224
NIFTY,24919.65,1755841225
NIFTY,24919.55,1755841225
NIFTY,24919.35,1755841226
NIFTY,24920.35,1755841226
NIFTY,24920.3,1755841227
NIFTY,24919.5,1755841227
NIFTY,24919.8,1755841228
NIFTY,24920.75,1755841229
NIFTY,24920.35,1755841229
NIFTY,24919.9,1755841230
NIFTY,24920.05,1755841230
NIFTY,24919.45,1755841231
NIFTY,24919.8,1755841231
NIFTY,24919.1,1755841232
NIFTY,24919.3,1755841232
NIFTY,24919.25,1755841233
NIFTY,24918.95,1755841233
NIFTY,24919.2,1755841234
NIFTY,24918.85,1755841234
NIFTY,24919.05,1755841235
NIFTY,24918.35,1755841235
NIFTY,24919.2,1755841236
NIFTY,24919.45,1755841237
NIFTY,24919.15,1755841238
NIFTY,24918.95,1755841238
NIFTY,24919.4,1755841239
NIFTY,24918,1755841239
NIFTY,24918.05,1755841240
NIFTY,24917.3,1755841241
NIFTY,24917.5,1755841241
NIFTY,24917.85,1755841242
NIFTY,24917.7,1755841242
NIFTY,24917.35,1755841243
NIFTY,24917.15,1755841243
NIFTY,24917.1,1755841244
NIFTY,24917.05,1755841245
NIFTY,24917.25,1755841245
NIFTY,24917.2,1755841246
NIFTY,24917.75,1755841246
NIFTY,24917.55,1755841247
NIFTY,24917.85,1755841247
NIFTY,24917.2,1755841248
NIFTY,24917,1755841248
NIFTY,24917.15,1755841249
NIFTY,24918.25,1755841249
NIFTY,24916.85,1755841250
NIFTY,24918.25,1755841250
NIFTY,24918.05,1755841251
NIFTY,24917.65,1755841251
NIFTY,24916.8,1755841252
NIFTY,24918.85,1755841252
NIFTY,24918,1755841253
NIFTY,24918.9,1755841253
NIFTY,24918.15,1755841254
NIFTY,24918.05,1755841254
NIFTY,24918.75,1755841255
NIFTY,24918,1755841255
NIFTY,24917.55,1755841256
NIFTY,24917.85,1755841256
NIFTY,24917.95,1755841257
NIFTY,24918.5,1755841257
NIFTY,24917.8,1755841258
NIFTY,24918.25,1755841258
NIFTY,24918.55,1755841259
NIFTY,24917.85,1755841259
NIFTY,24917.8,1755841260
NIFTY,24917.25,1755841260
NIFTY,24917.35,1755841261
NIFTY,24916.25,1755841261
NIFTY,24916,1755841262
NIFTY,24915.85,1755841262
NIFTY,24916.1,1755841263
NIFTY,24916.5,1755841263
NIFTY,24916.9,1755841264
NIFTY,24917.3,1755841264
NIFTY,24916.25,1755841265
NIFTY,24916.7,1755841265
NIFTY,24917.15,1755841266
NIFTY,24916.9,1755841266
NIFTY,24916.5,1755841267
NIFTY,24916.95,1755841267
NIFTY,24918.2,1755841268
NIFTY,24916.6,1755841269
NIFTY,24917.25,1755841269
NIFTY,24916.6,1755841270
NIFTY,24917.3,1755841270
NIFTY,24917.4,1755841271
NIFTY,24917.05,1755841271
NIFTY,24917,1755841272
NIFTY,24917.6,1755841272
NIFTY,24916.45,1755841273
NIFTY,24917.35,1755841273
NIFTY,24916.8,1755841274
NIFTY,24917,1755841274
NIFTY,24917.4,1755841275
NIFTY,24917.8,1755841275
NIFTY,24917.55,1755841276
NIFTY,24917.05,1755841277
NIFTY,24917.7,1755841277
NIFTY,24917.5,1755841278
NIFTY,24917.3,1755841278
NIFTY,24917.2,1755841279
NIFTY,24917.3,1755841279
NIFTY,24917.35,1755841280
NIFTY,24917.4,1755841280
NIFTY,24916.6,1755841281
NIFTY,24917.25,1755841281
NIFTY,24917.55,1755841282
NIFTY,24916.95,1755841282
NIFTY,24917.25,1755841283
NIFTY,24917.5,1755841283
NIFTY,24917.6,1755841284
NIFTY,24916.65,1755841284
NIFTY,24916.5,1755841285
NIFTY,24916.85,1755841285
NIFTY,24915.95,1755841286
NIFTY,24917.5,1755841286
NIFTY,24918.05,1755841287
NIFTY,24917.8,1755841287
NIFTY,24917.15,1755841288
NIFTY,24917.35,1755841288
NIFTY,24916.95,1755841289
NIFTY,24916.85,1755841289
NIFTY,24916.05,1755841290
NIFTY,24917,1755841290
NIFTY,24916.55,1755841291
NIFTY,24917,1755841291
NIFTY,24916.85,1755841292
NIFTY,24917.45,1755841292
NIFTY,24917.55,1755841293
NIFTY,24917.9,1755841293
NIFTY,24917.5,1755841294
NIFTY,24917.95,1755841294
NIFTY,24918.1,1755841295
NIFTY,24917.6,1755841296
NIFTY,24917.4,1755841296
NIFTY,24917.65,1755841297
NIFTY,24917.95,1755841297
NIFTY,24917.7,1755841298
NIFTY,24917.9,1755841298
NIFTY,24917.3,1755841299
NIFTY,24918,1755841300
NIFTY,24918.05,1755841300
NIFTY,24918.35,1755841301
NIFTY,24918.1,1755841301
NIFTY,24918.45,1755841302
NIFTY,24917.95,1755841302
NIFTY,24918.75,1755841303
NIFTY,24918.7,1755841303
NIFTY,24918.3,1755841304
NIFTY,24918.75,1755841304
NIFTY,24918.9,1755841305
NIFTY,24918.7,1755841306
NIFTY,24918.95,1755841306
NIFTY,24918.65,1755841307
NIFTY,24918.45,1755841307
NIFTY,24918.6,1755841308
NIFTY,24918.65,1755841308
NIFTY,24918.05,1755841309
NIFTY,24918.6,1755841309
NIFTY,24918.4,1755841310
NIFTY,24918.15,1755841310
NIFTY,24918,1755841311
NIFTY,24918.3,1755841311
NIFTY,24918.55,1755841312
NIFTY,24918.75,1755841312
NIFTY,24919.1,1755841313
NIFTY,24918.85,1755841313
NIFTY,24918.75,1755841314
NIFTY,24919,1755841314
NIFTY,24918.75,1755841315
NIFTY,24918.6,1755841315
NIFTY,24919.05,1755841316
NIFTY,24919.15,1755841316
NIFTY,24918.1,1755841317
NIFTY,24918.85,1755841318
NIFTY,24918.9,1755841318
NIFTY,24918.2,1755841319
NIFTY,24918.55,1755841319
NIFTY,24919,1755841320
NIFTY,24919.15,1755841320
NIFTY,24918.3,1755841321
NIFTY,24918.7,1755841321
NIFTY,24918.8,1755841322
NIFTY,24918.55,1755841323
NIFTY,24918.15,1755841323
NIFTY,24918,1755841324
NIFTY,24917.75,1755841324
NIFTY,24918.6,1755841325
NIFTY,24918,1755841325
NIFTY,24918.75,1755841326
NIFTY,24919.25,1755841326
NIFTY,24918.6,1755841327
NIFTY,24918.15,1755841327
NIFTY,24918.3,1755841328
NIFTY,24918.65,1755841329
NIFTY,24917.8,1755841329
NIFTY,24918.3,1755841330
NIFTY,24918.65,1755841330
NIFTY,24918,1755841331
NIFTY,24918.4,1755841331
NIFTY,24918.25,1755841332
NIFTY,24917.55,1755841332
NIFTY,24918.1,1755841333
NIFTY,24917.4,1755841334
NIFTY,24917.35,1755841334
NIFTY,24917.8,1755841335
NIFTY,24917.35,1755841335
NIFTY,24917.25,1755841336
NIFTY,24917.5,1755841337
NIFTY,24917.15,1755841337
NIFTY,24918.4,1755841338
NIFTY,24918.55,1755841338
NIFTY,24917.55,1755841339
NIFTY,24918.4,1755841340
NIFTY,24918.6,1755841340
NIFTY,24917.45,1755841341
NIFTY,24917.8,1755841341
NIFTY,24917.85,1755841342
NIFTY,24917.7,1755841343
NIFTY,24917.8,1755841343
NIFTY,24918.6,1755841344
NIFTY,24917.85,1755841345
NIFTY,24918.2,1755841345
NIFTY,24917.75,1755841346
NIFTY,24918.2,1755841346
NIFTY,24917.6,1755841347
NIFTY,24917.8,1755841347
NIFTY,24917.85,1755841348
NIFTY,24917.4,1755841348
NIFTY,24916.95,1755841349
NIFTY,24917.25,1755841350
NIFTY,24917.2,1755841350
NIFTY,24916.8,1755841351
NIFTY,24917.35,1755841351
NIFTY,24917.2,1755841352
NIFTY,24917.45,1755841352
NIFTY,24917.8,1755841353
NIFTY,24917.7,1755841353
NIFTY,24917.9,1755841354
NIFTY,24917.1,1755841355
NIFTY,24917.95,1755841355
NIFTY,24917.35,1755841356
NIFTY,24917.1,1755841356
NIFTY,24916.75,1755841357
NIFTY,24916.8,1755841357
NIFTY,24916.55,1755841358
NIFTY,24916.15,1755841358
NIFTY,24915.65,1755841359
NIFTY,24915.8,1755841359
NIFTY,24915.75,1755841360
NIFTY,24916.5,1755841361
NIFTY,24915.95,1755841361
NIFTY,24916.9,1755841362
NIFTY,24916.65,1755841362
NIFTY,24916.15,1755841363
NIFTY,24916.3,1755841363
NIFTY,24916,1755841364
NIFTY,24915.65,1755841364
NIFTY,24916.05,1755841365
NIFTY,24916.15,1755841365
NIFTY,24915.7,1755841366
NIFTY,24915.55,1755841366
NIFTY,24915.2,1755841367
NIFTY,24915.4,1755841367
NIFTY,24915.55,1755841368
NIFTY,24914.15,1755841368
NIFTY,24914.95,1755841369
NIFTY,24914.5,1755841370
NIFTY,24914.45,1755841370
NIFTY,24914.65,1755841371
NIFTY,24915.3,1755841371
NIFTY,24915.15,1755841372
NIFTY,24914.95,1755841373
NIFTY,24914.8,1755841373
NIFTY,24916.05,1755841374
NIFTY,24915.65,1755841374
NIFTY,24916.1,1755841375
NIFTY,24916.2,1755841375
NIFTY,24916.45,1755841376
NIFTY,24916.3,1755841376
NIFTY,24916.4,1755841377
NIFTY,24915.75,1755841378
NIFTY,24916.35,1755841378
NIFTY,24916.4,1755841379
NIFTY,24916,1755841379
NIFTY,24916.2,1755841380
NIFTY,24915.95,1755841380
NIFTY,24916.65,1755841381
NIFTY,24917.25,1755841381
NIFTY,24916.75,1755841382
NIFTY,24917.35,1755841382
NIFTY,24916.65,1755841383
NIFTY,24917.2,1755841383
NIFTY,24916.1,1755841384
NIFTY,24916.4,1755841384
NIFTY,24915.85,1755841385
NIFTY,24916.15,1755841385
NIFTY,24915.3,1755841386
NIFTY,24914.9,1755841387
NIFTY,24915.15,1755841387
NIFTY,24915.6,1755841388
NIFTY,24915.65,1755841388
NIFTY,24915.6,1755841389
NIFTY,24915.65,1755841389
NIFTY,24916.05,1755841390
NIFTY,24915.8,1755841390
NIFTY,24915.7,1755841391
NIFTY,24915.65,1755841391
NIFTY,24915.75,1755841392
NIFTY,24915.2,1755841392
NIFTY,24915.3,1755841393
NIFTY,24914.85,1755841393
NIFTY,24915.25,1755841394
NIFTY,24915.5,1755841394
NIFTY,24915.8,1755841395
NIFTY,24915.9,1755841395
NIFTY,24915.5,1755841396
NIFTY,24915.9,1755841396
NIFTY,24915.55,1755841397
NIFTY,24914.75,1755841397
NIFTY,24913.25,1755841398
NIFTY,24913.65,1755841398
NIFTY,24913.45,1755841399
NIFTY,24913.25,1755841399
NIFTY,24912.75,1755841400
NIFTY,24913.75,1755841400
NIFTY,24912.85,1755841401
NIFTY,24912.45,1755841401
NIFTY,24911.95,1755841402
NIFTY,24913.15,1755841402
NIFTY,24912.95,1755841403
NIFTY,24912.65,1755841403
NIFTY,24911.85,1755841404
NIFTY,24912.6,1755841404
NIFTY,24912,1755841405
NIFTY,24912.1,1755841405
NIFTY,24912.6,1755841406
NIFTY,24912.45,1755841406
NIFTY,24913.3,1755841407
NIFTY,24913.15,1755841407
NIFTY,24913.2,1755841408
NIFTY,24913.1,1755841408
NIFTY,24912.2,1755841409
NIFTY,24912.35,1755841409
NIFTY,24912,1755841410
NIFTY,24911.35,1755841410
NIFTY,24912.45,1755841411
NIFTY,24911.75,1755841411
NIFTY,24912.15,1755841412
NIFTY,24911.85,1755841412
NIFTY,24909.4,1755841413
NIFTY,24910.1,1755841413
NIFTY,24910.85,1755841414
NIFTY,24910.75,1755841414
NIFTY,24910.65,1755841415
NIFTY,24911.15,1755841416
NIFTY,24910.8,1755841416
NIFTY,24911.2,1755841417
NIFTY,24911.95,1755841417
NIFTY,24910.5,1755841418
NIFTY,24910.05,1755841419
NIFTY,24910.25,1755841419
NIFTY,24909.95,1755841420
NIFTY,24909.45,1755841421
NIFTY,24909.35,1755841421
NIFTY,24909.55,1755841422
NIFTY,24909.45,1755841422
NIFTY,24909.05,1755841423
NIFTY,24909.15,1755841423
NIFTY,24909.7,1755841424
NIFTY,24909.85,1755841424
NIFTY,24912.1,1755841425
NIFTY,24911.8,1755841425
NIFTY,24911.9,1755841426
NIFTY,24912,1755841426
NIFTY,24912.7,1755841427
NIFTY,24912.45,1755841427
NIFTY,24909.85,1755841428
NIFTY,24910.5,1755841428
NIFTY,24908.95,1755841429
NIFTY,24909.95,1755841429
NIFTY,24910.35,1755841430
NIFTY,24910.95,1755841430
NIFTY,24911.55,1755841431
NIFTY,24910.65,1755841431
NIFTY,24910.45,1755841432
NIFTY,24911.4,1755841432
NIFTY,24911.45,1755841433
NIFTY,24911.3,1755841433
NIFTY,24910.95,1755841434
NIFTY,24911.05,1755841434
NIFTY,24912.2,1755841435
NIFTY,24911.65,1755841435
NIFTY,24910.8,1755841436
NIFTY,24911.8,1755841436
NIFTY,24911.75,1755841437
NIFTY,24911.05,1755841437
NIFTY,24911.95,1755841438
NIFTY,24912.85,1755841438
NIFTY,24913.05,1755841439
NIFTY,24912.95,1755841439
NIFTY,24913.15,1755841440
NIFTY,24913.35,1755841440
NIFTY,24912.85,1755841441
NIFTY,24912.55,1755841441
NIFTY,24912.85,1755841442
NIFTY,24912.75,1755841442
NIFTY,24909.95,1755841443
NIFTY,24909.8,1755841443
NIFTY,24910.95,1755841444
NIFTY,24911.05,1755841444
NIFTY,24910.85,1755841445
NIFTY,24909.7,1755841445
NIFTY,24910.65,1755841446
NIFTY,24910.75,1755841446
NIFTY,24910.05,1755841447
NIFTY,24910.95,1755841447
NIFTY,24909.8,1755841448
NIFTY,24909.5,1755841448
NIFTY,24910,1755841449
NIFTY,24910.15,1755841449
NIFTY,24909.3,1755841450
NIFTY,24910,1755841450
NIFTY,24909.8,1755841451
NIFTY,24908.95,1755841451
NIFTY,24909.35,1755841452
NIFTY,24909.15,1755841452
NIFTY,24908.8,1755841453
NIFTY,24908.25,1755841453
NIFTY,24907.8,1755841454
NIFTY,24909.35,1755841454
NIFTY,24908.9,1755841455
NIFTY,24909,1755841455
NIFTY,24908.7,1755841456
NIFTY,24907.9,1755841456
NIFTY,24908.7,1755841457
NIFTY,24908.25,1755841457
NIFTY,24906.7,1755841458
NIFTY,24907.6,1755841458
NIFTY,24906.4,1755841459
NIFTY,24906.85,1755841459
NIFTY,24906.8,1755841460
NIFTY,24907.55,1755841460
NIFTY,24908.35,1755841461
NIFTY,24908.05,1755841461
NIFTY,24909,1755841462
NIFTY,24909.1,1755841463
NIFTY,24908.7,1755841463
NIFTY,24908.35,1755841464
NIFTY,24908.7,1755841464
NIFTY,24908,1755841465
NIFTY,24908.3,1755841465
NIFTY,24908.25,1755841466
NIFTY,24908.9,1755841466
NIFTY,24908.65,1755841467
NIFTY,24908.55,1755841467
NIFTY,24908.4,1755841468
NIFTY,24908.2,1755841468
NIFTY,24909,1755841469
NIFTY,24909.25,1755841469
NIFTY,24908.6,1755841470
NIFTY,24909.6,1755841470
NIFTY,24909.05,1755841471
NIFTY,24909.8,1755841471
NIFTY,24909.5,1755841472
NIFTY,24910,1755841472
NIFTY,24908.35,1755841473
NIFTY,24909.45,1755841473
NIFTY,24909.85,1755841474
NIFTY,24909.95,1755841475
NIFTY,24910.25,1755841476
NIFTY,24909.25,1755841476
NIFTY,24908.95,1755841477
NIFTY,24909.55,1755841477
NIFTY,24909.85,1755841478
NIFTY,24908.85,1755841478
NIFTY,24908.65,1755841479
NIFTY,24909.3,1755841479
NIFTY,24909.05,1755841480
NIFTY,24909.45,1755841480
NIFTY,24909,1755841481
NIFTY,24909.25,1755841481
NIFTY,24909.2,1755841482
NIFTY,24909,1755841482
NIFTY,24909.1,1755841483
NIFTY,24909,1755841483
NIFTY,24909.05,1755841484
NIFTY,24909.2,1755841485
NIFTY,24908.9,1755841486
NIFTY,24909.05,1755841487
NIFTY,24909.35,1755841487
NIFTY,24907.8,1755841488
NIFTY,24907.9,1755841488
NIFTY,24908.2,1755841489
NIFTY,24908.75,1755841489
NIFTY,24908.6,1755841490
NIFTY,24908.15,1755841490
NIFTY,24908.55,1755841491
NIFTY,24909.1,1755841491
NIFTY,24908.05,1755841492
NIFTY,24908.55,1755841492
NIFTY,24908.4,1755841493
NIFTY,24908.3,1755841493
NIFTY,24908.4,1755841494
NIFTY,24908.85,1755841494
NIFTY,24909.35,1755841495
NIFTY,24908.8,1755841495
NIFTY,24907.9,1755841496
NIFTY,24908.75,1755841496
NIFTY,24908.95,1755841497
NIFTY,24909.2,1755841497
NIFTY,24909.1,1755841498
NIFTY,24908.95,1755841498
NIFTY,24909.3,1755841499
NIFTY,24909.05,1755841499
NIFTY,24909.2,1755841500
NIFTY,24909.25,1755841500
NIFTY,24908.5,1755841501
NIFTY,24908.9,1755841501
NIFTY,24908.3,1755841502
NIFTY,24908.4,1755841502
NIFTY,24906.15,1755841503
NIFTY,24907.4,1755841503
NIFTY,24906.75,1755841504
NIFTY,24907,1755841504
NIFTY,24907.2,1755841505
NIFTY,24907.15,1755841505
NIFTY,24907.3,1755841506
NIFTY,24906.95,1755841507
NIFTY,24907.2,1755841507
NIFTY,24907.15,1755841508
NIFTY,24907.25,1755841509
NIFTY,24907.1,1755841509
NIFTY,24906.9,1755841510
NIFTY,24907.1,1755841510
NIFTY,24907.3,1755841511
NIFTY,24906.95,1755841511
NIFTY,24907.4,1755841512
NIFTY,24907.75,1755841512
NIFTY,24908.05,1755841513
NIFTY,24907.6,1755841513
NIFTY,24907.75,1755841514
NIFTY,24907.2,1755841514
NIFTY,24906.95,1755841515
NIFTY,24907.4,1755841515
NIFTY,24907.1,1755841516
NIFTY,24907.5,1755841517
NIFTY,24907.7,1755841517
NIFTY,24906.45,1755841518
NIFTY,24906.3,1755841518
NIFTY,24906.25,1755841519
NIFTY,24906.6,1755841519
NIFTY,24907.15,1755841520
NIFTY,24907.1,1755841520
NIFTY,24907.2,1755841521
NIFTY,24908.05,1755841521
NIFTY,24907.7,1755841522
NIFTY,24908.15,1755841522
NIFTY,24908.35,1755841523
NIFTY,24907.95,1755841523
NIFTY,24908.9,1755841524
NIFTY,24908.5,1755841524
NIFTY,24908.65,1755841525
NIFTY,24908.5,1755841526
NIFTY,24907.6,1755841526
NIFTY,24908.2,1755841527
NIFTY,24908.25,1755841527
NIFTY,24907.85,1755841528
NIFTY,24907.45,1755841528
NIFTY,24907.2,1755841529
NIFTY,24907.5,1755841529
NIFTY,24907.6,1755841530
NIFTY,24907.95,1755841530
NIFTY,24907.6,1755841531
NIFTY,24908.35,1755841531
NIFTY,24908.2,1755841532
NIFTY,24907.8,1755841532
NIFTY,24906.6,1755841533
NIFTY,24906.4,1755841533
NIFTY,24906,1755841534
NIFTY,24906.85,1755841534
NIFTY,24906.9,1755841535
NIFTY,24907.55,1755841535
NIFTY,24907.6,1755841536
NIFTY,24907.8,1755841536
NIFTY,24908.5,1755841537
NIFTY,24907.65,1755841537
NIFTY,24907.55,1755841538
NIFTY,24907.8,1755841538
NIFTY,24907.65,1755841539
NIFTY,24908.5,1755841539
NIFTY,24907.95,1755841540
NIFTY,24907.85,1755841540
NIFTY,24907.7,1755841541
NIFTY,24907.45,1755841541
NIFTY,24907.2,1755841542
NIFTY,24907.85,1755841542
NIFTY,24907.5,1755841543
NIFTY,24907.35,1755841543
NIFTY,24907.65,1755841544
NIFTY,24907.15,1755841545
NIFTY,24907.2,1755841545
NIFTY,24907.9,1755841546
NIFTY,24907.4,1755841546
NIFTY,24907.55,1755841547
NIFTY,24907.3,1755841547
NIFTY,24905.55,1755841548
NIFTY,24906.35,1755841548
NIFTY,24906.1,1755841549
NIFTY,24906.3,1755841549
NIFTY,24906.15,1755841550
NIFTY,24906.5,1755841550
NIFTY,24906.7,1755841551
NIFTY,24906.2,1755841552
NIFTY,24905.95,1755841552
NIFTY,24905.7,1755841553
NIFTY,24905.85,1755841553
NIFTY,24905.95,1755841554
NIFTY,24905.75,1755841554
NIFTY,24906,1755841555
NIFTY,24905.1,1755841555
NIFTY,24905.65,1755841556
NIFTY,24905.95,1755841557
NIFTY,24905.85,1755841557
NIFTY,24905.9,1755841558
NIFTY,24906.15,1755841558
NIFTY,24905.9,1755841559
NIFTY,24905.8,1755841559
NIFTY,24906.3,1755841560
NIFTY,24906.05,1755841560
NIFTY,24905.35,1755841561
NIFTY,24905.6,1755841561
NIFTY,24905.65,1755841562
NIFTY,24905,1755841562
NIFTY,24903,1755841563
NIFTY,24903.15,1755841563
NIFTY,24903.45,1755841564
NIFTY,24903.25,1755841564
NIFTY,24903.3,1755841565
NIFTY,24904,1755841565
NIFTY,24903.4,1755841566
NIFTY,24904.05,1755841566
NIFTY,24904.4,1755841567
NIFTY,24903.9,1755841567
NIFTY,24903.75,1755841568
NIFTY,24903.5,1755841568
NIFTY,24902.8,1755841569
NIFTY,24903.1,1755841569
NIFTY,24902.6,1755841570
NIFTY,24902.9,1755841570
NIFTY,24902.35,1755841571
NIFTY,24904.05,1755841571
NIFTY,24903,1755841572
NIFTY,24903.8,1755841572
NIFTY,24903.65,1755841573
NIFTY,24903.5,1755841573
NIFTY,24903.4,1755841574
NIFTY,24904.15,1755841574
NIFTY,24903.6,1755841575
NIFTY,24903.3,1755841575
NIFTY,24903.7,1755841576
NIFTY,24903,1755841576
NIFTY,24904.1,1755841577
NIFTY,24903.95,1755841577
NIFTY,24901.3,1755841578
NIFTY,24901.8,1755841578
NIFTY,24901.75,1755841579
NIFTY,24902.35,1755841579
NIFTY,24903.2,1755841580
NIFTY,24903.5,1755841580
NIFTY,24903.15,1755841581
NIFTY,24902.65,1755841582
NIFTY,24904.15,1755841582
NIFTY,24903.7,1755841583
NIFTY,24903.55,1755841583
NIFTY,24904,1755841584
NIFTY,24903.75,1755841584
NIFTY,24902.6,1755841585
NIFTY,24903.05,1755841585
NIFTY,24902.75,1755841586
NIFTY,24903.55,1755841586
NIFTY,24903,1755841587
NIFTY,24903.75,1755841587
NIFTY,24903.8,1755841588
NIFTY,24903.4,1755841588
NIFTY,24903.55,1755841589
NIFTY,24902.3,1755841589
NIFTY,24903.15,1755841590
NIFTY,24903.35,1755841590
NIFTY,24903.6,1755841591
NIFTY,24903.05,1755841591
NIFTY,24903.7,1755841592
NIFTY,24903.5,1755841592
NIFTY,24901.65,1755841593
NIFTY,24900.15,1755841593
NIFTY,24901.3,1755841594
NIFTY,24901.4,1755841594
NIFTY,24902.35,1755841595
NIFTY,24901.95,1755841595
NIFTY,24901.85,1755841596
NIFTY,24901.5,1755841596
NIFTY,24900.55,1755841597
NIFTY,24901.35,1755841597
NIFTY,24900.55,1755841598
NIFTY,24900.7,1755841598
NIFTY,24901,1755841599
NIFTY,24900.7,1755841599
NIFTY,24900.75,1755841600
NIFTY,24900.6,1755841600
NIFTY,24900.5,1755841601
NIFTY,24900.75,1755841601
NIFTY,24900.8,1755841602
NIFTY,24900.85,1755841602
NIFTY,24900.9,1755841603
NIFTY,24900.3,1755841603
NIFTY,24900.1,1755841604
NIFTY,24900.65,1755841604
NIFTY,24901.3,1755841605
NIFTY,24901.1,1755841605
NIFTY,24900.8,1755841606
NIFTY,24901.25,1755841606
NIFTY,24901.15,1755841607
NIFTY,24901.5,1755841607
NIFTY,24899.1,1755841608
NIFTY,24899.7,1755841608
NIFTY,24899.9,1755841609
NIFTY,24900.15,1755841609
NIFTY,24899.75,1755841610
NIFTY,24900.7,1755841610
NIFTY,24900.25,1755841611
NIFTY,24900.75,1755841611
NIFTY,24900.6,1755841612
NIFTY,24900.5,1755841612
NIFTY,24900.8,1755841613
NIFTY,24900.45,1755841613
NIFTY,24900.25,1755841614
NIFTY,24900.6,1755841615
NIFTY,24900.2,1755841615
NIFTY,24900.6,1755841616
NIFTY,24901.05,1755841616
NIFTY,24900.75,1755841617
NIFTY,24901.2,1755841617
NIFTY,24899.75,1755841618
NIFTY,24900.15,1755841618
NIFTY,24899.5,1755841619
NIFTY,24899.65,1755841619
NIFTY,24899.6,1755841620
NIFTY,24900.2,1755841620
NIFTY,24899.85,1755841621
NIFTY,24900.7,1755841621
NIFTY,24900.45,1755841622
NIFTY,24900.6,1755841622
NIFTY,24899.05,1755841623
NIFTY,24899.25,1755841623
NIFTY,24899.8,1755841624
NIFTY,24900,1755841624
NIFTY,24900.15,1755841625
NIFTY,24899.9,1755841625
NIFTY,24899.75,1755841626
NIFTY,24899.9,1755841626
NIFTY,24900.1,1755841627
NIFTY,24900.05,1755841627
NIFTY,24900.25,1755841628
NIFTY,24899.9,1755841628
NIFTY,24899.6,1755841629
NIFTY,24899.85,1755841629
NIFTY,24900.65,1755841630
NIFTY,24900.3,1755841630
NIFTY,24900.9,1755841631
NIFTY,24901.5,1755841631
NIFTY,24901.45,1755841632
NIFTY,24901.1,1755841632
NIFTY,24900.75,1755841633
NIFTY,24901.2,1755841633
NIFTY,24900.85,1755841634
NIFTY,24900.35,1755841634
NIFTY,24900.65,1755841635
NIFTY,24901.35,1755841636
NIFTY,24900.3,1755841636
NIFTY,24899.9,1755841637
NIFTY,24901.3,1755841637
NIFTY,24898.55,1755841638
NIFTY,24899.35,1755841638
NIFTY,24899.4,1755841639
NIFTY,24899.95,1755841639
NIFTY,24899.35,1755841640
NIFTY,24899.85,1755841640
NIFTY,24900.35,1755841641
NIFTY,24900.6,1755841641
NIFTY,24900.35,1755841642
NIFTY,24900.1,1755841642
NIFTY,24899.75,1755841643
NIFTY,24899.55,1755841643
NIFTY,24900,1755841644
NIFTY,24899.75,1755841644
NIFTY,24898.5,1755841645
NIFTY,24898.9,1755841645
NIFTY,24898.65,1755841646
NIFTY,24899.4,1755841646
NIFTY,24899.1,1755841647
NIFTY,24899.55,1755841647
NIFTY,24899.1,1755841648
NIFTY,24898.85,1755841648
NIFTY,24898.05,1755841649
NIFTY,24898.7,1755841649
NIFTY,24898.55,1755841650
NIFTY,24898.65,1755841650
NIFTY,24898.75,1755841651
NIFTY,24898.5,1755841651
NIFTY,24898.15,1755841652
NIFTY,24897.9,1755841652
NIFTY,24896.35,1755841653
NIFTY,24897.05,1755841653
NIFTY,24896.6,1755841654
NIFTY,24896.75,1755841654
NIFTY,24896.95,1755841655
NIFTY,24897.15,1755841655
NIFTY,24896.9,1755841656
NIFTY,24897.55,1755841656
NIFTY,24897.5,1755841657
NIFTY,24897.7,1755841657
NIFTY,24898.05,1755841658
NIFTY,24897.75,1755841658
NIFTY,24897.05,1755841659
NIFTY,24897.2,1755841659
NIFTY,24896.95,1755841660
NIFTY,24896.75,1755841660
NIFTY,24896.6,1755841661
NIFTY,24896.8,1755841662
NIFTY,24896.85,1755841662
NIFTY,24896.5,1755841663
NIFTY,24895.85,1755841663
NIFTY,24895.65,1755841664
NIFTY,24895.35,1755841664
NIFTY,24896.3,1755841665
NIFTY,24895.5,1755841665
NIFTY,24895.4,1755841666
NIFTY,24895.75,1755841666
NIFTY,24895.8,1755841667
NIFTY,24893.8,1755841668
NIFTY,24894.7,1755841668
NIFTY,24894.6,1755841669
NIFTY,24895.15,1755841669
NIFTY,24894.85,1755841670
NIFTY,24893.6,1755841670
NIFTY,24894.25,1755841671
NIFTY,24895.8,1755841671
NIFTY,24894.6,1755841672
NIFTY,24895.9,1755841672
NIFTY,24895.7,1755841673
NIFTY,24896.15,1755841673
NIFTY,24896.2,1755841674
NIFTY,24896.9,1755841674
NIFTY,24895.4,1755841675
NIFTY,24895.45,1755841675
NIFTY,24895.3,1755841676
NIFTY,24895.7,1755841676
NIFTY,24895.85,1755841677
NIFTY,24896.5,1755841677
NIFTY,24897,1755841678
NIFTY,24898.55,1755841678
NIFTY,24899.2,1755841679
NIFTY,24899.4,1755841679
NIFTY,24900.15,1755841680
NIFTY,24900.65,1755841680
NIFTY,24900.25,1755841681
NIFTY,24901.25,1755841681
NIFTY,24901.4,1755841682
NIFTY,24900.85,1755841682
NIFTY,24899.55,1755841683
NIFTY,24900.55,1755841683
NIFTY,24900.35,1755841684
NIFTY,24901.35,1755841684
NIFTY,24901.1,1755841685
NIFTY,24902.25,1755841685
NIFTY,24902.35,1755841686
NIFTY,24902.9,1755841686
NIFTY,24903.15,1755841687
NIFTY,24901.8,1755841687
NIFTY,24902,1755841688
NIFTY,24901.65,1755841688
NIFTY,24900.3,1755841689
NIFTY,24900.4,1755841690
NIFTY,24901.75,1755841690
NIFTY,24901.85,1755841691
NIFTY,24901.95,1755841692
NIFTY,24902.3,1755841692
NIFTY,24902.1,1755841693
NIFTY,24902.25,1755841694
NIFTY,24902.35,1755841695
NIFTY,24902.85,1755841695
NIFTY,24903,1755841696
NIFTY,24903.1,1755841696
NIFTY,24902.6,1755841697
NIFTY,24900.15,1755841698
NIFTY,24901.85,1755841698
NIFTY,24901.9,1755841699
NIFTY,24903.2,1755841699
NIFTY,24902.95,1755841700
NIFTY,24904.05,1755841701
NIFTY,24903.9,1755841701
NIFTY,24903.6,1755841702
NIFTY,24904.05,1755841702
NIFTY,24904.3,1755841703
NIFTY,24903.95,1755841703
NIFTY,24904.15,1755841704
NIFTY,24904.8,1755841704
NIFTY,24904.3,1755841705
NIFTY,24904.7,1755841705
NIFTY,24904.5,1755841706
NIFTY,24904.8,1755841706
NIFTY,24904.6,1755841707
NIFTY,24904.5,1755841707
NIFTY,24903.8,1755841708
NIFTY,24904.3,1755841708
NIFTY,24904.2,1755841709
NIFTY,24904.55,1755841709
NIFTY,24904.25,1755841710
NIFTY,24904.8,1755841710
NIFTY,24904.75,1755841711
NIFTY,24905.15,1755841711
NIFTY,24905.45,1755841712
NIFTY,24905.35,1755841712
NIFTY,24904.05,1755841713
NIFTY,24904.3,1755841713
NIFTY,24905.3,1755841714
NIFTY,24904.35,1755841714
NIFTY,24903.65,1755841715
NIFTY,24905.45,1755841715
NIFTY,24905.55,1755841716
NIFTY,24903.7,1755841717
NIFTY,24904.65,1755841717
NIFTY,24903.8,1755841718
NIFTY,24905.15,1755841718
NIFTY,24905.3,1755841719
NIFTY,24905.7,1755841719
NIFTY,24904.1,1755841720
NIFTY,24905.45,1755841720
NIFTY,24904.85,1755841721
NIFTY,24905,1755841721
NIFTY,24904.05,1755841722
NIFTY,24905.45,1755841722
NIFTY,24905.8,1755841723
NIFTY,24905.6,1755841723
NIFTY,24904.9,1755841724
NIFTY,24905.25,1755841724
NIFTY,24905.5,1755841725
NIFTY,24905.45,1755841725
NIFTY,24904.4,1755841726
NIFTY,24904.75,1755841726
NIFTY,24904.7,1755841727
NIFTY,24906.4,1755841727
NIFTY,24905,1755841728
NIFTY,24906.2,1755841728
NIFTY,24904.4,1755841729
NIFTY,24905.95,1755841729
NIFTY,24905.65,1755841730
NIFTY,24904.15,1755841730
NIFTY,24904.4,1755841731
NIFTY,24904.3,1755841731
NIFTY,24905.25,1755841732
NIFTY,24905.2,1755841732
NIFTY,24904.3,1755841733
NIFTY,24904.9,1755841733
NIFTY,24905.35,1755841734
NIFTY,24904.4,1755841734
NIFTY,24905.45,1755841735
NIFTY,24904.1,1755841735
NIFTY,24904.65,1755841736
NIFTY,24905.35,1755841736
NIFTY,24905.5,1755841737
NIFTY,24905.6,1755841737
NIFTY,24905.75,1755841738
NIFTY,24904.3,1755841738
NIFTY,24903.35,1755841739
NIFTY,24904.65,1755841739
NIFTY,24905.1,1755841740
NIFTY,24905.05,1755841740
NIFTY,24905.1,1755841741
NIFTY,24904.75,1755841741
NIFTY,24904.65,1755841742
NIFTY,24903.75,1755841742
NIFTY,24902.15,1755841743
NIFTY,24902.5,1755841743
NIFTY,24902.9,1755841744
NIFTY,24903.55,1755841744
NIFTY,24903.15,1755841745
NIFTY,24903.35,1755841745
NIFTY,24903.3,1755841746
NIFTY,24903.85,1755841747
NIFTY,24904.9,1755841747
NIFTY,24904.05,1755841748
NIFTY,24905.1,1755841749
NIFTY,24905.5,1755841749
NIFTY,24905.1,1755841750
NIFTY,24905.7,1755841750
NIFTY,24905.15,1755841751
NIFTY,24906.15,1755841751
NIFTY,24906.5,1755841752
NIFTY,24906.95,1755841752
NIFTY,24906.25,1755841753
NIFTY,24906.1,1755841753
NIFTY,24905.15,1755841754
NIFTY,24906.2,1755841755
NIFTY,24906.4,1755841755
NIFTY,24905.85,1755841756
NIFTY,24906.7,1755841756
NIFTY,24905.5,1755841757
NIFTY,24906.75,1755841757
NIFTY,24903.95,1755841758
NIFTY,24905.55,1755841758
NIFTY,24905.25,1755841759
NIFTY,24905.1,1755841760
NIFTY,24904.85,1755841760
NIFTY,24906.85,1755841761
NIFTY,24906.25,1755841761
NIFTY,24905.3,1755841762
NIFTY,24906.65,1755841762
NIFTY,24905.15,1755841763
NIFTY,24906.4,1755841763
NIFTY,24906.25,1755841764
NIFTY,24905.25,1755841764
NIFTY,24906.7,1755841765
NIFTY,24906.8,1755841765
NIFTY,24905.3,1755841766
NIFTY,24906.6,1755841766
NIFTY,24906.25,1755841767
NIFTY,24907.25,1755841767
NIFTY,24907.15,1755841768
NIFTY,24907.1,1755841768
NIFTY,24905.45,1755841769
NIFTY,24906.65,1755841769
NIFTY,24906,1755841770
NIFTY,24906.6,1755841770
NIFTY,24907.5,1755841771
NIFTY,24906.55,1755841771
NIFTY,24906,1755841772
NIFTY,24907.6,1755841772
NIFTY,24904.15,1755841773
NIFTY,24905.15,1755841773
NIFTY,24904.7,1755841774
NIFTY,24905.6,1755841774
NIFTY,24905.85,1755841775
NIFTY,24907.3,1755841775
NIFTY,24908.05,1755841776
NIFTY,24907.6,1755841776
NIFTY,24906.75,1755841777
NIFTY,24907.9,1755841777
NIFTY,24905.6,1755841778
NIFTY,24905.45,1755841778
NIFTY,24907.15,1755841779
NIFTY,24905.65,1755841779
NIFTY,24907.25,1755841780
NIFTY,24907,1755841780
NIFTY,24906.05,1755841781
NIFTY,24907.15,1755841781
NIFTY,24907.55,1755841782
NIFTY,24907.65,1755841782
NIFTY,24908.5,1755841783
NIFTY,24908.05,1755841783
NIFTY,24906.7,1755841784
NIFTY,24908.05,1755841784
NIFTY,24907.85,1755841785
NIFTY,24908.2,1755841785
NIFTY,24907.8,1755841786
NIFTY,24908.1,1755841786
NIFTY,24906.6,1755841787
NIFTY,24908.75,1755841787
NIFTY,24905,1755841788
NIFTY,24906.35,1755841788
NIFTY,24907.35,1755841789
NIFTY,24907.6,1755841789
NIFTY,24906.3,1755841790
NIFTY,24907.35,1755841790
NIFTY,24907.7,1755841791
NIFTY,24908.5,1755841791
NIFTY,24908.65,1755841792
NIFTY,24908.5,1755841792
NIFTY,24906.7,1755841793
NIFTY,24906.6,1755841793
NIFTY,24907.2,1755841794
NIFTY,24907.35,1755841794
NIFTY,24908,1755841795
NIFTY,24907.55,1755841795
NIFTY,24907.6,1755841796
NIFTY,24908.35,1755841796
NIFTY,24908.2,1755841797
NIFTY,24908.45,1755841797
NIFTY,24908.5,1755841798
NIFTY,24908.65,1755841798
NIFTY,24908.05,1755841799
NIFTY,24908.55,1755841799
NIFTY,24909.75,1755841800
NIFTY,24910.25,1755841800
NIFTY,24909.65,1755841801
NIFTY,24909.45,1755841801
NIFTY,24909.6,1755841802
NIFTY,24910.05,1755841802
NIFTY,24908.1,1755841803
NIFTY,24908.65,1755841803
NIFTY,24909,1755841804
NIFTY,24909.55,1755841804
NIFTY,24908.45,1755841805
NIFTY,24909.75,1755841805
NIFTY,24910,1755841806
NIFTY,24910.1,1755841806
NIFTY,24909.3,1755841807
NIFTY,24910.15,1755841807
NIFTY,24910,1755841808
NIFTY,24909.15,1755841808
NIFTY,24909.95,1755841809
NIFTY,24909.9,1755841809
NIFTY,24909.3,1755841810
NIFTY,24910,1755841810
NIFTY,24910.3,1755841811
NIFTY,24910.15,1755841811
NIFTY,24909.8,1755841812
NIFTY,24910.1,1755841812
NIFTY,24909.6,1755841813
NIFTY,24910.1,1755841814
NIFTY,24909.15,1755841814
NIFTY,24909.55,1755841815
NIFTY,24909.85,1755841815
NIFTY,24909.05,1755841816
NIFTY,24909.15,1755841816
NIFTY,24909.2,1755841817
NIFTY,24908,1755841818
NIFTY,24908.7,1755841818
NIFTY,24909,1755841819
NIFTY,24909.4,1755841819
NIFTY,24909.3,1755841820
NIFTY,24908.95,1755841820
NIFTY,24909,1755841821
NIFTY,24909.35,1755841821
NIFTY,24909.5,1755841822
NIFTY,24909.25,1755841822
NIFTY,24909.3,1755841823
NIFTY,24909.35,1755841823
NIFTY,24909.15,1755841824
NIFTY,24909.85,1755841824
NIFTY,24910.1,1755841825
NIFTY,24910.05,1755841825
NIFTY,24909.75,1755841826
NIFTY,24909.95,1755841826
NIFTY,24909.8,1755841827
NIFTY,24910.6,1755841827
NIFTY,24910.55,1755841828
NIFTY,24910.35,1755841828
NIFTY,24910.75,1755841829
NIFTY,24910.4,1755841829
NIFTY,24910.9,1755841830
NIFTY,24910.95,1755841830
NIFTY,24910.7,1755841831
NIFTY,24911,1755841831
NIFTY,24910.9,1755841832
NIFTY,24911.4,1755841832
NIFTY,24909.55,1755841833
NIFTY,24909.65,1755841833
NIFTY,24910.05,1755841834
NIFTY,24910.45,1755841834
NIFTY,24910.8,1755841835
NIFTY,24911.3,1755841836
NIFTY,24911.25,1755841836
NIFTY,24910.85,1755841837
NIFTY,24910.9,1755841837
NIFTY,24910.75,1755841838
NIFTY,24910.95,1755841838
NIFTY,24910.85,1755841839
NIFTY,24911.8,1755841839
NIFTY,24911.85,1755841840
NIFTY,24911.35,1755841840
NIFTY,24911.8,1755841841
NIFTY,24912.05,1755841841
NIFTY,24911.95,1755841842
NIFTY,24912.05,1755841842
NIFTY,24912.6,1755841843
NIFTY,24912.8,1755841843
NIFTY,24913.4,1755841844
NIFTY,24913.8,1755841844
NIFTY,24913.25,1755841845
NIFTY,24913.85,1755841845
NIFTY,24914.25,1755841846
NIFTY,24914.45,1755841846
NIFTY,24914.1,1755841847
NIFTY,24914.6,1755841847
NIFTY,24913.55,1755841848
NIFTY,24914.1,1755841848
NIFTY,24914.15,1755841849
NIFTY,24914.1,1755841849
NIFTY,24914.85,1755841850
NIFTY,24914.65,1755841850
NIFTY,24915,1755841851
NIFTY,24914.95,1755841851
NIFTY,24915.3,1755841852
NIFTY,24915.6,1755841852
NIFTY,24915.4,1755841853
NIFTY,24915.2,1755841853
NIFTY,24915.35,1755841854
NIFTY,24914.85,1755841854
NIFTY,24914.8,1755841855
NIFTY,24914.7,1755841855
NIFTY,24914.55,1755841856
NIFTY,24915.4,1755841856
NIFTY,24914.95,1755841857
NIFTY,24914.65,1755841857
NIFTY,24914.35,1755841858
NIFTY,24915,1755841858
NIFTY,24914.95,1755841859
NIFTY,24915.15,1755841860
NIFTY,24915.2,1755841860
NIFTY,24915.15,1755841861
NIFTY,24915.4,1755841861
NIFTY,24915.3,1755841862
NIFTY,24915.9,1755841862
NIFTY,24914.45,1755841863
NIFTY,24914.6,1755841863
NIFTY,24915.6,1755841864
NIFTY,24916.35,1755841864
NIFTY,24916,1755841865
NIFTY,24916.2,1755841865
NIFTY,24916.4,1755841866
NIFTY,24916.45,1755841866
NIFTY,24916.65,1755841867
NIFTY,24916.8,1755841867
NIFTY,24916.15,1755841868
NIFTY,24915.55,1755841868
NIFTY,24915.25,1755841869
NIFTY,24915.3,1755841869
NIFTY,24915.1,1755841870
NIFTY,24916,1755841870
NIFTY,24916.55,1755841871
NIFTY,24916.3,1755841871
NIFTY,24916.2,1755841872
NIFTY,24915.95,1755841872
NIFTY,24916.65,1755841873
NIFTY,24916.75,1755841873
NIFTY,24916.8,1755841874
NIFTY,24917.4,1755841874
NIFTY,24916.85,1755841875
NIFTY,24917.3,1755841875
NIFTY,24917.45,1755841876
NIFTY,24917.95,1755841876
NIFTY,24917.4,1755841877
NIFTY,24917.75,1755841877
NIFTY,24915.9,1755841878
NIFTY,24916.25,1755841878
NIFTY,24916.95,1755841879
NIFTY,24917.2,1755841879
NIFTY,24916.95,1755841880
NIFTY,24917.75,1755841880
NIFTY,24917.15,1755841881
NIFTY,24917.45,1755841881
NIFTY,24917.25,1755841882
NIFTY,24917.6,1755841882
NIFTY,24917.9,1755841883
NIFTY,24918.7,1755841883
NIFTY,24918.8,1755841884
NIFTY,24918.75,1755841884
NIFTY,24918.35,1755841885
NIFTY,24918.05,1755841885
NIFTY,24917.95,1755841886
NIFTY,24918.05,1755841886
NIFTY,24918.25,1755841887
NIFTY,24918.5,1755841887
NIFTY,24918.7,1755841888
NIFTY,24918.95,1755841888
NIFTY,24919.05,1755841889
NIFTY,24919.5,1755841889
NIFTY,24918.95,1755841890
NIFTY,24918.7,1755841890
NIFTY,24918.2,1755841891
NIFTY,24918.8,1755841891
NIFTY,24918.35,1755841892
NIFTY,24919.1,1755841892
NIFTY,24918.5,1755841893
NIFTY,24918.75,1755841893
NIFTY,24919.15,1755841894
NIFTY,24919.35,1755841895
NIFTY,24919.4,1755841895
NIFTY,24919.5,1755841896
NIFTY,24919.7,1755841896
NIFTY,24920.3,1755841897
NIFTY,24920.7,1755841897
NIFTY,24920.1,1755841898
NIFTY,24920.4,1755841898
NIFTY,24920.3,1755841899
NIFTY,24919.75,1755841899
NIFTY,24920.1,1755841900
NIFTY,24920.5,1755841900
NIFTY,24920.2,1755841901
NIFTY,24921.35,1755841901
NIFTY,24920.35,1755841902
NIFTY,24920.55,1755841903
NIFTY,24920.8,1755841903
NIFTY,24920.55,1755841904
NIFTY,24921.05,1755841904
NIFTY,24920.75,1755841905
NIFTY,24920.6,1755841905
NIFTY,24921.4,1755841906
NIFTY,24921.6,1755841906
NIFTY,24921.4,1755841907
NIFTY,24921.85,1755841907
NIFTY,24919.85,1755841908
NIFTY,24920.8,1755841908
NIFTY,24920.6,1755841909
NIFTY,24921.5,1755841909
NIFTY,24921.35,1755841910
NIFTY,24921.45,1755841910
NIFTY,24921.55,1755841911
NIFTY,24921.95,1755841911
NIFTY,24921.75,1755841912
NIFTY,24921.4,1755841912
NIFTY,24921.75,1755841913
NIFTY,24921.5,1755841913
NIFTY,24921.7,1755841914
NIFTY,24922.2,1755841914
NIFTY,24921.75,1755841915
NIFTY,24921.85,1755841915
NIFTY,24922.35,1755841916
NIFTY,24922.05,1755841917
NIFTY,24921.75,1755841918
NIFTY,24921.1,1755841918
NIFTY,24920.95,1755841919
NIFTY,24921.55,1755841919
NIFTY,24921.5,1755841920
NIFTY,24921.8,1755841921
NIFTY,24922.4,1755841921
NIFTY,24922.3,1755841922
NIFTY,24921.9,1755841922
NIFTY,24920.45,1755841923
NIFTY,24921.45,1755841923
NIFTY,24921.85,1755841924
NIFTY,24921.4,1755841924
NIFTY,24921.75,1755841925
NIFTY,24922.2,1755841925
NIFTY,24922.4,1755841926
NIFTY,24922.15,1755841926
NIFTY,24921.55,1755841927
NIFTY,24921.75,1755841927
NIFTY,24922.4,1755841928
NIFTY,24922.3,1755841928
NIFTY,24922.15,1755841929
NIFTY,24922.4,1755841929
NIFTY,24922.2,1755841930
NIFTY,24922.45,1755841930
NIFTY,24922.2,1755841931
NIFTY,24922.45,1755841931
NIFTY,24922.5,1755841932
NIFTY,24923.1,1755841932
NIFTY,24922.6,1755841933
NIFTY,24922.7,1755841934
NIFTY,24922.55,1755841934
NIFTY,24923,1755841935
NIFTY,24922.9,1755841935
NIFTY,24923.1,1755841936
NIFTY,24923,1755841937
NIFTY,24923.2,1755841937
NIFTY,24921.25,1755841938
NIFTY,24922.35,1755841938
NIFTY,24922.25,1755841939
NIFTY,24922.2,1755841939
NIFTY,24922.55,1755841940
NIFTY,24922.75,1755841940
NIFTY,24922.55,1755841941
NIFTY,24923.15,1755841941
NIFTY,24923,1755841942
NIFTY,24922.85,1755841942
NIFTY,24923,1755841943
NIFTY,24922.85,1755841943
NIFTY,24922.75,1755841944
NIFTY,24923,1755841944
NIFTY,24922.85,1755841945
NIFTY,24923.2,1755841945
NIFTY,24923.4,1755841946
NIFTY,24923.35,1755841946
NIFTY,24923.5,1755841947
NIFTY,24923.8,1755841947
NIFTY,24923.15,1755841948
NIFTY,24923,1755841948
NIFTY,24923.45,1755841949
NIFTY,24922.95,1755841949
NIFTY,24922.9,1755841950
NIFTY,24922.25,1755841950
NIFTY,24922.35,1755841951
NIFTY,24923.1,1755841951
NIFTY,24923,1755841952
NIFTY,24923.55,1755841952
NIFTY,24921.45,1755841953
NIFTY,24921.95,1755841953
NIFTY,24922,1755841954
NIFTY,24922.85,1755841954
NIFTY,24922.95,1755841955
NIFTY,24922.5,1755841955
NIFTY,24922.4,1755841956
NIFTY,24923.3,1755841956
NIFTY,24923.5,1755841957
NIFTY,24923.6,1755841957
NIFTY,24923.3,1755841958
NIFTY,24923.35,1755841958
NIFTY,24923.3,1755841959
NIFTY,24923.5,1755841959
NIFTY,24923.2,1755841960
NIFTY,24923.45,1755841961
NIFTY,24924.6,1755841961
NIFTY,24924.55,1755841962
NIFTY,24924.5,1755841963
NIFTY,24924.7,1755841963
NIFTY,24923,1755841964
NIFTY,24924.25,1755841964
NIFTY,24924.05,1755841965
NIFTY,24923.9,1755841965
NIFTY,24922.85,1755841966
NIFTY,24924.1,1755841966
NIFTY,24923.7,1755841967
NIFTY,24922.9,1755841967
NIFTY,24920.55,1755841968
NIFTY,24921,1755841968
NIFTY,24921.15,1755841969
NIFTY,24920.95,1755841970
NIFTY,24920.4,1755841970
NIFTY,24921.25,1755841971
NIFTY,24921.35,1755841971
NIFTY,24921.45,1755841972
NIFTY,24921.25,1755841972
NIFTY,24922.05,1755841973
NIFTY,24920.75,1755841973
NIFTY,24920.95,1755841974
NIFTY,24922.15,1755841974
NIFTY,24920.7,1755841975
NIFTY,24920.8,1755841975
NIFTY,24920.15,1755841976
NIFTY,24921.2,1755841976
NIFTY,24921.15,1755841977
NIFTY,24921.05,1755841977
NIFTY,24921,1755841978
NIFTY,24920.3,1755841978
NIFTY,24920.8,1755841979
NIFTY,24920.9,1755841979
NIFTY,24920.35,1755841980
NIFTY,24920.75,1755841980
NIFTY,24920.1,1755841981
NIFTY,24920.3,1755841981
NIFTY,24920.1,1755841982
NIFTY,24920.8,1755841982
NIFTY,24918.5,1755841983
NIFTY,24919.6,1755841983
NIFTY,24919.95,1755841984
NIFTY,24920.35,1755841984
NIFTY,24919.55,1755841985
NIFTY,24919.65,1755841985
NIFTY,24919.9,1755841986
NIFTY,24919.6,1755841986
NIFTY,24919.3,1755841987
NIFTY,24920.1,1755841987
NIFTY,24920.55,1755841988
NIFTY,24920.35,1755841988
NIFTY,24920.4,1755841989
NIFTY,24920.2,1755841989
NIFTY,24920,1755841990
NIFTY,24920.75,1755841990
NIFTY,24920.65,1755841991
NIFTY,24920.8,1755841991
NIFTY,24920.25,1755841992
NIFTY,24920.2,1755841993
NIFTY,24920.25,1755841993
NIFTY,24920,1755841994
NIFTY,24919.8,1755841994
NIFTY,24919.65,1755841995
NIFTY,24919.35,1755841995
NIFTY,24920.1,1755841996
NIFTY,24919.9,1755841996
NIFTY,24920.15,1755841997
NIFTY,24919.85,1755841997
NIFTY,24918.7,1755841998
NIFTY,24917.5,1755841998
NIFTY,24917.75,1755841999
NIFTY,24918.05,1755841999
NIFTY,24918.45,1755842000
NIFTY,24918.6,1755842000
NIFTY,24919.3,1755842001
NIFTY,24919.25,1755842001
NIFTY,24919.6,1755842002
NIFTY,24919.5,1755842002
NIFTY,24919.2,1755842003
NIFTY,24919.25,1755842003
NIFTY,24919.4,1755842004
NIFTY,24919.45,1755842004
NIFTY,24919.5,1755842005
NIFTY,24919.8,1755842005
NIFTY,24919.65,1755842006
NIFTY,24919.75,1755842006
NIFTY,24920.1,1755842007
NIFTY,24919.85,1755842007
NIFTY,24920.15,1755842008
NIFTY,24920.2,1755842008
NIFTY,24920,1755842009
NIFTY,24920.15,1755842010
NIFTY,24919.55,1755842010
NIFTY,24919.85,1755842011
NIFTY,24920.05,1755842011
NIFTY,24920.4,1755842012
NIFTY,24920.35,1755842012
NIFTY,24918.75,1755842013
NIFTY,24919.3,1755842013
NIFTY,24920,1755842014
NIFTY,24920.15,1755842014
NIFTY,24919.75,1755842015
NIFTY,24920.05,1755842015
NIFTY,24920.2,1755842016
NIFTY,24920.35,1755842016
NIFTY,24920.7,1755842017
NIFTY,24920.95,1755842017
NIFTY,24921,1755842018
NIFTY,24921.5,1755842019
NIFTY,24920.75,1755842019
NIFTY,24920.85,1755842020
NIFTY,24921.5,1755842020
NIFTY,24922.45,1755842021
NIFTY,24922.5,1755842021
NIFTY,24922.45,1755842022
NIFTY,24922,1755842022
NIFTY,24922.45,1755842023
NIFTY,24922.4,1755842023
NIFTY,24921.55,1755842024
NIFTY,24922.65,1755842024
NIFTY,24922.05,1755842025
NIFTY,24922.85,1755842025
NIFTY,24923.25,1755842026
NIFTY,24923.15,1755842027
NIFTY,24923.4,1755842027
NIFTY,24920.6,1755842028
NIFTY,24922.25,1755842028
NIFTY,24922.55,1755842029
NIFTY,24922.95,1755842029
NIFTY,24923.3,1755842030
NIFTY,24923.45,1755842030
NIFTY,24923.65,1755842031
NIFTY,24923.1,1755842031
NIFTY,24922.75,1755842032
NIFTY,24923.15,1755842032
NIFTY,24923.2,1755842033
NIFTY,24923.15,1755842033
NIFTY,24923.7,1755842034
NIFTY,24923.45,1755842034
NIFTY,24923.15,1755842035
NIFTY,24923.7,1755842035
NIFTY,24924,1755842036
NIFTY,24924.1,1755842036
NIFTY,24924.15,1755842037
NIFTY,24923.85,1755842037
NIFTY,24924,1755842038
NIFTY,24924.2,1755842038
NIFTY,24924.85,1755842039
NIFTY,24924.4,1755842039
NIFTY,24923.85,1755842040
NIFTY,24923.95,1755842041
NIFTY,24923.35,1755842041
NIFTY,24923.5,1755842042
NIFTY,24923.85,1755842042
NIFTY,24921.95,1755842043
NIFTY,24922.65,1755842043
NIFTY,24922.55,1755842044
NIFTY,24923,1755842044
NIFTY,24923.1,1755842045
NIFTY,24923.15,1755842045
NIFTY,24923.5,1755842046
NIFTY,24923.25,1755842046
NIFTY,24923.95,1755842047
NIFTY,24923.65,1755842047
NIFTY,24923.9,1755842048
NIFTY,24924.6,1755842049
NIFTY,24924.85,1755842049
NIFTY,24924.15,1755842050
NIFTY,24925.25,1755842050
NIFTY,24924.25,1755842051
NIFTY,24924.5,1755842051
NIFTY,24924.35,1755842052
NIFTY,24923.85,1755842052
NIFTY,24925.1,1755842053
NIFTY,24925.05,1755842054
NIFTY,24924.75,1755842054
NIFTY,24925.1,1755842055
NIFTY,24924.85,1755842055
NIFTY,24924.25,1755842056
NIFTY,24924.95,1755842056
NIFTY,24924.75,1755842057
NIFTY,24924.3,1755842057
NIFTY,24921.85,1755842058
NIFTY,24922.6,1755842058
NIFTY,24923.1,1755842059
NIFTY,24923.2,1755842060
NIFTY,24923.25,1755842060
NIFTY,24923.35,1755842061
NIFTY,24923.3,1755842061
NIFTY,24923.35,1755842062
NIFTY,24923.85,1755842062
NIFTY,24923.65,1755842063
NIFTY,24923.35,1755842064
NIFTY,24923.85,1755842064
NIFTY,24924,1755842065
NIFTY,24923.25,1755842065
NIFTY,24923.4,1755842066
NIFTY,24923.8,1755842066
NIFTY,24924.05,1755842067
NIFTY,24923.95,1755842067
NIFTY,24923.75,1755842068
NIFTY,24923.95,1755842068
NIFTY,24924.2,1755842069
NIFTY,24923.85,1755842069
NIFTY,24923.75,1755842070
NIFTY,24923.9,1755842071
NIFTY,24924.9,1755842071
NIFTY,24924.45,1755842072
NIFTY,24923.9,1755842072
NIFTY,24923,1755842073
NIFTY,24923.35,1755842073
NIFTY,24924.4,1755842074
NIFTY,24924.5,1755842074
NIFTY,24924.9,1755842075
NIFTY,24924.6,1755842075
NIFTY,24924.25,1755842076
NIFTY,24924,1755842076
NIFTY,24923.55,1755842077
NIFTY,24923.5,1755842077
NIFTY,24922.65,1755842078
NIFTY,24922.3,1755842078
NIFTY,24922.2,1755842079
NIFTY,24922.45,1755842079
NIFTY,24922.25,1755842080
NIFTY,24922.3,1755842080
NIFTY,24922.75,1755842081
NIFTY,24922.1,1755842081
NIFTY,24921.45,1755842082
NIFTY,24921.5,1755842082
NIFTY,24922.35,1755842083
NIFTY,24923.25,1755842083
NIFTY,24922.6,1755842084
NIFTY,24922.55,1755842084
NIFTY,24922.75,1755842085
NIFTY,24923,1755842085
NIFTY,24923.5,1755842086
NIFTY,24923.95,1755842086
NIFTY,24923.4,1755842087
NIFTY,24923.75,1755842087
NIFTY,24920.95,1755842088
NIFTY,24922.3,1755842088
NIFTY,24922.15,1755842089
NIFTY,24922.5,1755842089
NIFTY,24921.95,1755842090
NIFTY,24922.65,1755842090
NIFTY,24922.6,1755842091
NIFTY,24922.5,1755842091
NIFTY,24922.65,1755842092
NIFTY,24922.85,1755842093
NIFTY,24923.4,1755842093
NIFTY,24923.25,1755842094
NIFTY,24923.3,1755842094
NIFTY,24923.1,1755842095
NIFTY,24923.3,1755842095
NIFTY,24923.1,1755842096
NIFTY,24922.9,1755842096
NIFTY,24923.05,1755842097
NIFTY,24922.9,1755842097
NIFTY,24922.55,1755842098
NIFTY,24922.4,1755842098
NIFTY,24922.25,1755842099
NIFTY,24922.9,1755842099
NIFTY,24922.4,1755842100
NIFTY,24923.15,1755842100
NIFTY,24923.25,1755842101
NIFTY,24923.5,1755842101
NIFTY,24923.9,1755842102
NIFTY,24923.65,1755842102
NIFTY,24922.2,1755842103
NIFTY,24922.7,1755842103
NIFTY,24922.6,1755842104
NIFTY,24922.2,1755842104
NIFTY,24922.1,1755842105
NIFTY,24922.7,1755842105
NIFTY,24922.55,1755842106
NIFTY,24923.35,1755842107
NIFTY,24923.2,1755842108
NIFTY,24922.85,1755842108
NIFTY,24922.9,1755842109
NIFTY,24922.45,1755842109
NIFTY,24922.75,1755842110
NIFTY,24922.65,1755842110
NIFTY,24923.2,1755842111
NIFTY,24922.8,1755842112
NIFTY,24923.1,1755842112
NIFTY,24923.35,1755842113
NIFTY,24923.4,1755842113
NIFTY,24923.05,1755842114
NIFTY,24923.4,1755842114
NIFTY,24923.25,1755842115
NIFTY,24923.3,1755842115
NIFTY,24922.05,1755842116
NIFTY,24922.1,1755842116
NIFTY,24921.95,1755842117
NIFTY,24922.25,1755842117
NIFTY,24919.25,1755842118
NIFTY,24919.6,1755842118
NIFTY,24918.8,1755842119
NIFTY,24918.65,1755842119
NIFTY,24918.6,1755842120
NIFTY,24918.55,1755842120
NIFTY,24918.7,1755842121
NIFTY,24918,1755842121
NIFTY,24918.7,1755842122
NIFTY,24918.75,1755842122
NIFTY,24919.45,1755842123
NIFTY,24919.6,1755842123
NIFTY,24918.55,1755842124
NIFTY,24918.85,1755842124
NIFTY,24918.75,1755842125
NIFTY,24918.15,1755842125
NIFTY,24917.55,1755842126
NIFTY,24918.65,1755842126
NIFTY,24918.15,1755842127
NIFTY,24918.75,1755842127
NIFTY,24918.05,1755842128
NIFTY,24918.35,1755842128
NIFTY,24918.15,1755842129
NIFTY,24918.05,1755842129
NIFTY,24918.25,1755842130
NIFTY,24918.3,1755842130
NIFTY,24917.15,1755842131
NIFTY,24917.85,1755842131
NIFTY,24917.35,1755842132
NIFTY,24917.8,1755842132
NIFTY,24915.95,1755842133
NIFTY,24916.6,1755842133
NIFTY,24916.1,1755842134
NIFTY,24916.2,1755842134
NIFTY,24916.9,1755842135
NIFTY,24916.5,1755842135
NIFTY,24915.9,1755842136
NIFTY,24916.7,1755842136
NIFTY,24916.35,1755842137
NIFTY,24916.4,1755842137
NIFTY,24916.2,1755842138
NIFTY,24916.35,1755842138
NIFTY,24916.2,1755842139
NIFTY,24916.4,1755842139
NIFTY,24916.5,1755842140
NIFTY,24916.3,1755842140
NIFTY,24916.45,1755842141
NIFTY,24917.15,1755842141
NIFTY,24917.1,1755842142
NIFTY,24917,1755842142
NIFTY,24917.15,1755842143
NIFTY,24917.1,1755842143
NIFTY,24916.8,1755842144
NIFTY,24916.95,1755842144
NIFTY,24916.3,1755842145
NIFTY,24917.35,1755842145
NIFTY,24917.5,1755842146
NIFTY,24916.5,1755842146
NIFTY,24917.1,1755842147
NIFTY,24917.3,1755842147
NIFTY,24914.9,1755842148
NIFTY,24915.95,1755842148
NIFTY,24915.45,1755842149
NIFTY,24916.65,1755842149
NIFTY,24916.3,1755842150
NIFTY,24916.65,1755842150
NIFTY,24916.95,1755842151
NIFTY,24916.75,1755842151
NIFTY,24917.3,1755842152
NIFTY,24917.45,1755842152
NIFTY,24917.8,1755842153
NIFTY,24917.7,1755842153
NIFTY,24917.65,1755842154
NIFTY,24917.85,1755842154
NIFTY,24918.1,1755842155
NIFTY,24917.75,1755842156
NIFTY,24917.65,1755842156
NIFTY,24917.85,1755842157
NIFTY,24917.7,1755842157
NIFTY,24917.95,1755842158
NIFTY,24918.15,1755842158
NIFTY,24917.85,1755842159
NIFTY,24917.6,1755842159
NIFTY,24917.75,1755842160
NIFTY,24917.65,1755842160
NIFTY,24917.6,1755842161
NIFTY,24917.85,1755842161
NIFTY,24918.1,1755842162
NIFTY,24918.3,1755842162
NIFTY,24915.9,1755842163
NIFTY,24916.45,1755842163
NIFTY,24916.9,1755842164
NIFTY,24917,1755842164
NIFTY,24917.25,1755842165
NIFTY,24917.9,1755842165
NIFTY,24917.7,1755842166
NIFTY,24917.65,1755842166
NIFTY,24917.6,1755842167
NIFTY,24917.55,1755842167
NIFTY,24917.3,1755842168
NIFTY,24917.05,1755842168
NIFTY,24916.65,1755842169
NIFTY,24916.85,1755842169
NIFTY,24916.75,1755842170
NIFTY,24916.55,1755842171
NIFTY,24916.95,1755842171
NIFTY,24917.05,1755842172
NIFTY,24917.15,1755842172
NIFTY,24917.35,1755842173
NIFTY,24917.3,1755842173
NIFTY,24916.75,1755842174
NIFTY,24916.85,1755842175
NIFTY,24916.9,1755842175
NIFTY,24916.1,1755842176
NIFTY,24916.75,1755842176
NIFTY,24916.5,1755842177
NIFTY,24916.35,1755842177
NIFTY,24914.35,1755842178
NIFTY,24914.7,1755842178
NIFTY,24915.35,1755842179
NIFTY,24915.7,1755842179
NIFTY,24915.8,1755842180
NIFTY,24916.1,1755842180
NIFTY,24915.85,1755842181
NIFTY,24916.3,1755842181
NIFTY,24915.9,1755842182
NIFTY,24915.75,1755842182
NIFTY,24915.7,1755842183
NIFTY,24916,1755842183
NIFTY,24916.15,1755842184
NIFTY,24916.2,1755842184
NIFTY,24916.05,1755842185
NIFTY,24916.15,1755842185
NIFTY,24916.55,1755842186
NIFTY,24916.75,1755842186
NIFTY,24916.8,1755842187
NIFTY,24917.2,1755842187
NIFTY,24916.95,1755842188
NIFTY,24917.1,1755842188
NIFTY,24917.2,1755842189
NIFTY,24917.6,1755842189
NIFTY,24917.35,1755842190
NIFTY,24916.6,1755842191
NIFTY,24916.9,1755842191
NIFTY,24916.85,1755842192
NIFTY,24916.45,1755842192
NIFTY,24914.8,1755842193
NIFTY,24915.4,1755842193
NIFTY,24915.5,1755842194
NIFTY,24915.7,1755842194
NIFTY,24916.3,1755842195
NIFTY,24915.9,1755842195
NIFTY,24916.6,1755842196
NIFTY,24916.4,1755842196
NIFTY,24917.6,1755842197
NIFTY,24917.5,1755842197
NIFTY,24917.25,1755842198
NIFTY,24916.85,1755842198
NIFTY,24917.05,1755842199
NIFTY,24916.9,1755842199
NIFTY,24917.05,1755842200
NIFTY,24916.7,1755842200
NIFTY,24916.95,1755842201
NIFTY,24916.8,1755842201
NIFTY,24916.9,1755842202
NIFTY,24917.45,1755842202
NIFTY,24917.55,1755842203
NIFTY,24917.15,1755842203
NIFTY,24917.95,1755842204
NIFTY,24917.6,1755842204
NIFTY,24918.25,1755842205
NIFTY,24918.3,1755842205
NIFTY,24918.5,1755842206
NIFTY,24919,1755842206
NIFTY,24919.45,1755842207
NIFTY,24917.2,1755842208
NIFTY,24917.25,1755842208
NIFTY,24917.55,1755842209
NIFTY,24917.6,1755842209
NIFTY,24918.1,1755842210
NIFTY,24918.05,1755842210
NIFTY,24918.5,1755842211
NIFTY,24918.6,1755842211
NIFTY,24918.55,1755842212
NIFTY,24919.2,1755842212
NIFTY,24918.6,1755842213
NIFTY,24918.85,1755842213
NIFTY,24919.1,1755842214
NIFTY,24919,1755842214
NIFTY,24918.85,1755842215
NIFTY,24918.9,1755842215
NIFTY,24919.6,1755842216
NIFTY,24919.85,1755842216
NIFTY,24919.65,1755842217
NIFTY,24919.8,1755842217
NIFTY,24919.55,1755842218
NIFTY,24919.5,1755842218
NIFTY,24919.95,1755842219
NIFTY,24919.75,1755842219
NIFTY,24919.4,1755842220
NIFTY,24919.8,1755842220
NIFTY,24919.15,1755842221
NIFTY,24919.4,1755842221
NIFTY,24919.3,1755842222
NIFTY,24919.75,1755842222
NIFTY,24917.9,1755842223
NIFTY,24918.85,1755842223
NIFTY,24918.9,1755842224
NIFTY,24919.3,1755842224
NIFTY,24919.95,1755842225
NIFTY,24919.4,1755842225
NIFTY,24919.5,1755842226
NIFTY,24919.1,1755842226
NIFTY,24919.55,1755842227
NIFTY,24919.8,1755842227
NIFTY,24919.9,1755842228
NIFTY,24920.1,1755842228
NIFTY,24920.3,1755842229
NIFTY,24920,1755842229
NIFTY,24920.5,1755842230
NIFTY,24920.35,1755842230
NIFTY,24920.4,1755842231
NIFTY,24920.25,1755842231
NIFTY,24920.2,1755842232
NIFTY,24920.1,1755842232
NIFTY,24919.55,1755842233
NIFTY,24919.15,1755842233
NIFTY,24919.05,1755842234
NIFTY,24920.1,1755842234
NIFTY,24919.8,1755842235
NIFTY,24919.7,1755842235
NIFTY,24920.15,1755842236
NIFTY,24920.1,1755842236
NIFTY,24919.6,1755842237
NIFTY,24920,1755842237
NIFTY,24917.35,1755842238
NIFTY,24918.9,1755842238
NIFTY,24919.25,1755842239
NIFTY,24919.45,1755842239
NIFTY,24919.25,1755842240
NIFTY,24918.95,1755842241
NIFTY,24919.5,1755842241
NIFTY,24918.9,1755842242
NIFTY,24919.4,1755842242
NIFTY,24919.55,1755842243
NIFTY,24918.9,1755842243
NIFTY,24919.7,1755842244
NIFTY,24918.95,1755842244
NIFTY,24918.7,1755842245
NIFTY,24918.3,1755842245
NIFTY,24918.75,1755842246
NIFTY,24919.25,1755842246
NIFTY,24918.55,1755842248
NIFTY,24919.15,1755842248
NIFTY,24918.9,1755842249
NIFTY,24919.05,1755842250
NIFTY,24918.8,1755842250
NIFTY,24919.05,1755842251
NIFTY,24917.75,1755842251
NIFTY,24917.65,1755842252
NIFTY,24918.5,1755842252
NIFTY,24915.8,1755842253
NIFTY,24916.4,1755842253
NIFTY,24916.45,1755842254
NIFTY,24916.65,1755842254
NIFTY,24917.35,1755842255
NIFTY,24917.3,1755842255
NIFTY,24917.5,1755842256
NIFTY,24918.5,1755842256
NIFTY,24918.2,1755842257
NIFTY,24918.4,1755842257
NIFTY,24918.3,1755842258
NIFTY,24918.45,1755842258
NIFTY,24918.65,1755842259
NIFTY,24918.75,1755842259
NIFTY,24918.9,1755842260
NIFTY,24918.4,1755842260
NIFTY,24918.2,1755842261
NIFTY,24918.15,1755842261
NIFTY,24918.1,1755842262
NIFTY,24918.4,1755842262
NIFTY,24916.85,1755842263
NIFTY,24918.4,1755842263
NIFTY,24917.8,1755842264
NIFTY,24918.25,1755842265
NIFTY,24918.65,1755842265
NIFTY,24918.95,1755842266
NIFTY,24919,1755842266
NIFTY,24918.8,1755842267
NIFTY,24919.15,1755842267
NIFTY,24917.05,1755842268
NIFTY,24917.6,1755842268
NIFTY,24916.5,1755842269
NIFTY,24916.05,1755842269
NIFTY,24916.25,1755842270
NIFTY,24915.95,1755842270
NIFTY,24916.25,1755842271
NIFTY,24917.55,1755842271
NIFTY,24917.75,1755842272
NIFTY,24918,1755842272
NIFTY,24917.8,1755842273
NIFTY,24918,1755842273
NIFTY,24917.9,1755842274
NIFTY,24917.35,1755842275
NIFTY,24917.2,1755842275
NIFTY,24917.8,1755842276
NIFTY,24918,1755842276
NIFTY,24918.5,1755842277
NIFTY,24919.15,1755842277
NIFTY,24918.3,1755842278
NIFTY,24918.8,1755842278
NIFTY,24918.5,1755842279
NIFTY,24918.75,1755842279
NIFTY,24918.3,1755842280
NIFTY,24918.5,1755842280
NIFTY,24918.3,1755842281
NIFTY,24920,1755842281
NIFTY,24920.05,1755842282
NIFTY,24917.3,1755842283
NIFTY,24918.1,1755842283
NIFTY,24918.2,1755842284
NIFTY,24917.8,1755842285
NIFTY,24918.5,1755842285
NIFTY,24918.75,1755842286
NIFTY,24919,1755842286
NIFTY,24918.7,1755842287
NIFTY,24919.15,1755842287
NIFTY,24919.5,1755842288
NIFTY,24919.2,1755842288
NIFTY,24919.45,1755842289
NIFTY,24918.95,1755842290
NIFTY,24919.05,1755842290
NIFTY,24919.45,1755842291
NIFTY,24918.85,1755842291
NIFTY,24919.4,1755842292
NIFTY,24919.55,1755842292
NIFTY,24919.7,1755842293
NIFTY,24919.35,1755842293
NIFTY,24919.9,1755842294
NIFTY,24920.05,1755842294
NIFTY,24919.8,1755842295
NIFTY,24919.75,1755842295
NIFTY,24920.5,1755842296
NIFTY,24920.7,1755842296
NIFTY,24920.8,1755842297
NIFTY,24921.5,1755842297
NIFTY,24919.45,1755842298
NIFTY,24919.35,1755842298
NIFTY,24920.3,1755842299
NIFTY,24919.85,1755842299
NIFTY,24920.3,1755842300
NIFTY,24921,1755842300
NIFTY,24920.3,1755842301
NIFTY,24920.65,1755842301
NIFTY,24920.55,1755842302
NIFTY,24920.6,1755842302
NIFTY,24920.8,1755842303
NIFTY,24920.25,1755842303
NIFTY,24920.3,1755842304
NIFTY,24920.2,1755842304
NIFTY,24920,1755842305
NIFTY,24920.1,1755842305
NIFTY,24920.2,1755842306
NIFTY,24920.6,1755842306
NIFTY,24920.35,1755842307
NIFTY,24920.1,1755842308
NIFTY,24920.3,1755842308
NIFTY,24920.5,1755842309
NIFTY,24920.45,1755842309
NIFTY,24920.25,1755842310
NIFTY,24920.9,1755842310
NIFTY,24920.8,1755842311
NIFTY,24921.25,1755842311
NIFTY,24922,1755842312
NIFTY,24920.8,1755842312
NIFTY,24920.4,1755842313
NIFTY,24920.8,1755842313
NIFTY,24919.45,1755842314
NIFTY,24920.7,1755842314
NIFTY,24920.5,1755842315
NIFTY,24921.05,1755842315
NIFTY,24921.25,1755842316
NIFTY,24921.2,1755842316
NIFTY,24921.05,1755842317
NIFTY,24920.3,1755842317
NIFTY,24921.1,1755842318
NIFTY,24920.6,1755842319
NIFTY,24920.8,1755842319
NIFTY,24920.9,1755842320
NIFTY,24920.45,1755842320
NIFTY,24921,1755842321
NIFTY,24920.95,1755842321
NIFTY,24921.05,1755842322
NIFTY,24920.75,1755842322
NIFTY,24920.5,1755842323
NIFTY,24920.35,1755842323
NIFTY,24920.25,1755842324
NIFTY,24920.7,1755842324
NIFTY,24920.5,1755842325
NIFTY,24921.05,1755842325
NIFTY,24920.9,1755842326
NIFTY,24920.95,1755842326
NIFTY,24920.75,1755842327
NIFTY,24920.55,1755842327
NIFTY,24918.5,1755842328
NIFTY,24919.8,1755842328
NIFTY,24919.6,1755842329
NIFTY,24919.55,1755842329
NIFTY,24920.05,1755842330
NIFTY,24919.7,1755842331
NIFTY,24920.25,1755842331
NIFTY,24920.5,1755842332
NIFTY,24920.6,1755842332
NIFTY,24920.7,1755842333
NIFTY,24920.5,1755842333
NIFTY,24920.4,1755842334
NIFTY,24920.75,1755842334
NIFTY,24919.65,1755842335
NIFTY,24920.25,1755842336
NIFTY,24920.65,1755842336
NIFTY,24920.3,1755842337
NIFTY,24919.65,1755842338
NIFTY,24920.3,1755842338
NIFTY,24919.9,1755842339
NIFTY,24920.1,1755842339
NIFTY,24920.25,1755842340
NIFTY,24919.75,1755842340
NIFTY,24919.8,1755842341
NIFTY,24919.55,1755842341
NIFTY,24919.35,1755842342
NIFTY,24919.8,1755842342
NIFTY,24918.3,1755842343
NIFTY,24917.65,1755842343
NIFTY,24918.15,1755842344
NIFTY,24918.25,1755842344
NIFTY,24918,1755842345
NIFTY,24918.1,1755842345
NIFTY,24918.15,1755842346
NIFTY,24918.35,1755842346
NIFTY,24918.5,1755842347
NIFTY,24919.45,1755842347
NIFTY,24918.15,1755842348
NIFTY,24918.3,1755842348
NIFTY,24917.75,1755842349
NIFTY,24918.2,1755842349
NIFTY,24917.4,1755842350
NIFTY,24918.1,1755842350
NIFTY,24918.3,1755842351
NIFTY,24917.75,1755842352
NIFTY,24918.35,1755842352
NIFTY,24918.1,1755842353
NIFTY,24918,1755842354
NIFTY,24918.55,1755842355
NIFTY,24918.25,1755842356
NIFTY,24918.45,1755842356
NIFTY,24918.5,1755842357
NIFTY,24918.4,1755842357
NIFTY,24916.65,1755842358
NIFTY,24917.1,1755842358
NIFTY,24917.15,1755842359
NIFTY,24917.8,1755842359
NIFTY,24917.3,1755842360
NIFTY,24918.05,1755842360
NIFTY,24918.45,1755842361
NIFTY,24918,1755842361
NIFTY,24917.95,1755842362
NIFTY,24917.6,1755842362
NIFTY,24917.2,1755842363
NIFTY,24916.5,1755842363
NIFTY,24916.55,1755842364
NIFTY,24917.45,1755842364
NIFTY,24916.9,1755842365
NIFTY,24917.8,1755842365
NIFTY,24917.9,1755842366
NIFTY,24917.15,1755842367
NIFTY,24917.85,1755842368
NIFTY,24917.9,1755842368
NIFTY,24917.75,1755842369
NIFTY,24917.45,1755842369
NIFTY,24917.8,1755842370
NIFTY,24918.05,1755842370
NIFTY,24918,1755842371
NIFTY,24918.45,1755842371
NIFTY,24918,1755842372
NIFTY,24918.65,1755842372
NIFTY,24916.1,1755842373
NIFTY,24916.15,1755842373
NIFTY,24916.5,1755842374
NIFTY,24917.15,1755842374
NIFTY,24917.35,1755842375
NIFTY,24917.45,1755842375
NIFTY,24917.5,1755842376
NIFTY,24917.05,1755842377
NIFTY,24917.45,1755842377
NIFTY,24917.2,1755842378
NIFTY,24917.75,1755842378
NIFTY,24917.7,1755842379
NIFTY,24917.5,1755842379
NIFTY,24917.9,1755842380
NIFTY,24918.05,1755842380
NIFTY,24918.15,1755842381
NIFTY,24918.25,1755842381
NIFTY,24918.3,1755842382
NIFTY,24918.35,1755842382
NIFTY,24918.6,1755842383
NIFTY,24918.5,1755842383
NIFTY,24918.15,1755842384
NIFTY,24918.3,1755842384
NIFTY,24918.4,1755842385
NIFTY,24918.3,1755842385
NIFTY,24919.1,1755842386
NIFTY,24919.4,1755842387
NIFTY,24917.6,1755842388
NIFTY,24917.95,1755842388
NIFTY,24918.25,1755842389
NIFTY,24918.6,1755842389
NIFTY,24918.3,1755842390
NIFTY,24918.9,1755842390
NIFTY,24919.05,1755842391
NIFTY,24919.65,1755842391
NIFTY,24919.9,1755842392
NIFTY,24920,1755842392
NIFTY,24919.85,1755842393
NIFTY,24919.95,1755842393
NIFTY,24919.9,1755842394
NIFTY,24919.8,1755842394
NIFTY,24919.5,1755842395
NIFTY,24920,1755842396
NIFTY,24920.2,1755842397
NIFTY,24920.3,1755842397
NIFTY,24919.8,1755842398
NIFTY,24919.85,1755842398
NIFTY,24920.7,1755842399
NIFTY,24920.6,1755842400
NIFTY,24920.75,1755842401
NIFTY,24920.9,1755842401
NIFTY,24920.75,1755842402
NIFTY,24920.9,1755842402
NIFTY,24919.2,1755842403
NIFTY,24920,1755842403
NIFTY,24920.45,1755842404
NIFTY,24920.7,1755842404
NIFTY,24920.4,1755842405
NIFTY,24920.15,1755842405
NIFTY,24920.95,1755842406
NIFTY,24921.05,1755842406
NIFTY,24921.1,1755842407
NIFTY,24921.85,1755842408
NIFTY,24922.1,1755842408
NIFTY,24921.85,1755842409
NIFTY,24921.55,1755842409
NIFTY,24922.1,1755842410
NIFTY,24922.4,1755842410
NIFTY,24922.35,1755842411
NIFTY,24922.4,1755842411
NIFTY,24922.15,1755842412
NIFTY,24922,1755842412
NIFTY,24921.95,1755842413
NIFTY,24922.35,1755842413
NIFTY,24922.8,1755842414
NIFTY,24923,1755842414
NIFTY,24922.9,1755842415
NIFTY,24922.4,1755842415
NIFTY,24923.15,1755842416
NIFTY,24923.9,1755842416
NIFTY,24923.1,1755842417
NIFTY,24923.45,1755842417
NIFTY,24922.2,1755842418
NIFTY,24922.5,1755842418
NIFTY,24922.7,1755842419
NIFTY,24922.85,1755842419
NIFTY,24923.05,1755842420
NIFTY,24923.35,1755842420
NIFTY,24923.4,1755842421
NIFTY,24923.8,1755842421
NIFTY,24923.65,1755842422
NIFTY,24923.85,1755842422
NIFTY,24923.95,1755842423
NIFTY,24923.85,1755842423
NIFTY,24923.6,1755842424
NIFTY,24923.4,1755842424
NIFTY,24924.05,1755842425
NIFTY,24924.1,1755842425
NIFTY,24923.4,1755842426
NIFTY,24924.35,1755842426
NIFTY,24924.3,1755842427
NIFTY,24924.25,1755842427
NIFTY,24924.35,1755842429
NIFTY,24923.85,1755842429
NIFTY,24924.25,1755842430
NIFTY,24924.4,1755842430
NIFTY,24924.75,1755842431
NIFTY,24924.4,1755842432
NIFTY,24924.3,1755842432
NIFTY,24922.3,1755842433
NIFTY,24922.5,1755842433
NIFTY,24922.65,1755842434
NIFTY,24922.4,1755842434
NIFTY,24923.8,1755842435
NIFTY,24924.05,1755842435
NIFTY,24923.65,1755842436
NIFTY,24924.1,1755842436
NIFTY,24923.7,1755842437
NIFTY,24923.05,1755842437
NIFTY,24923.35,1755842438
NIFTY,24923.4,1755842438
NIFTY,24923.45,1755842439
NIFTY,24923.35,1755842439
NIFTY,24923.4,1755842440
NIFTY,24923.5,1755842440
NIFTY,24923.2,1755842441
NIFTY,24923.5,1755842441
NIFTY,24923.7,1755842442
NIFTY,24923.5,1755842442
NIFTY,24924,1755842443
NIFTY,24923.85,1755842443
NIFTY,24924.1,1755842444
NIFTY,24924.3,1755842444
NIFTY,24923.7,1755842445
NIFTY,24923.65,1755842445
NIFTY,24923.8,1755842446
NIFTY,24924.5,1755842446
NIFTY,24923.65,1755842447
NIFTY,24923.4,1755842447
NIFTY,24921.5,1755842448
NIFTY,24922.65,1755842448
NIFTY,24921.95,1755842449
NIFTY,24923.3,1755842449
NIFTY,24922.45,1755842450
NIFTY,24923.9,1755842450
NIFTY,24924.25,1755842451
NIFTY,24923.85,1755842451
NIFTY,24923.6,1755842452
NIFTY,24923.7,1755842452
NIFTY,24924.5,1755842453
NIFTY,24924.35,1755842453
NIFTY,24924.8,1755842454
NIFTY,24924.95,1755842454
NIFTY,24925.05,1755842455
NIFTY,24925.2,1755842455
NIFTY,24925.15,1755842456
NIFTY,24925.55,1755842456
NIFTY,24924.95,1755842457
NIFTY,24924.45,1755842457
NIFTY,24925.05,1755842458
NIFTY,24924.95,1755842458
NIFTY,24924.9,1755842459
NIFTY,24925,1755842459
NIFTY,24925.1,1755842460
NIFTY,24925.35,1755842460
NIFTY,24924.5,1755842461
NIFTY,24924.8,1755842461
NIFTY,24924.7,1755842462
NIFTY,24925.1,1755842462
NIFTY,24923.95,1755842463
NIFTY,24924.95,1755842463
NIFTY,24925.05,1755842464
NIFTY,24925,1755842464
NIFTY,24924.8,1755842465
NIFTY,24925.2,1755842465
NIFTY,24925.35,1755842466
NIFTY,24925.55,1755842466
NIFTY,24925.4,1755842467
NIFTY,24925.35,1755842467
NIFTY,24925.45,1755842468
NIFTY,24925.8,1755842468
NIFTY,24926.15,1755842469
NIFTY,24925.65,1755842469
NIFTY,24926.4,1755842470
NIFTY,24926.3,1755842470
NIFTY,24925.6,1755842471
NIFTY,24925.3,1755842471
NIFTY,24924.95,1755842472
NIFTY,24924.6,1755842472
NIFTY,24924.35,1755842473
NIFTY,24923.7,1755842473
NIFTY,24925.35,1755842474
NIFTY,24925.55,1755842474
NIFTY,24925.6,1755842475
NIFTY,24925.35,1755842476
NIFTY,24925.55,1755842476
NIFTY,24925.4,1755842477
NIFTY,24925.35,1755842477
NIFTY,24922.7,1755842478
NIFTY,24923.5,1755842478
NIFTY,24924.55,1755842479
NIFTY,24925.15,1755842479
NIFTY,24925.1,1755842480
NIFTY,24925.2,1755842481
NIFTY,24925.45,1755842481
NIFTY,24925.2,1755842482
NIFTY,24925.45,1755842483
NIFTY,24925.65,1755842483
NIFTY,24925.8,1755842484
NIFTY,24926,1755842484
NIFTY,24925.15,1755842485
NIFTY,24925.4,1755842485
NIFTY,24925.25,1755842486
NIFTY,24925.4,1755842486
NIFTY,24925.75,1755842487
NIFTY,24925.7,1755842487
NIFTY,24925.3,1755842488
NIFTY,24925.35,1755842488
NIFTY,24925.85,1755842489
NIFTY,24926.1,1755842489
NIFTY,24926,1755842490
NIFTY,24925.9,1755842490
NIFTY,24925.35,1755842491
NIFTY,24926.35,1755842491
NIFTY,24926.55,1755842492
NIFTY,24926.6,1755842492
NIFTY,24924.2,1755842493
NIFTY,24925.2,1755842493
NIFTY,24925.75,1755842494
NIFTY,24925.8,1755842494
NIFTY,24926.35,1755842495
NIFTY,24925.95,1755842495
NIFTY,24925.4,1755842496
NIFTY,24925.1,1755842496
NIFTY,24925.6,1755842497
NIFTY,24925.75,1755842497
NIFTY,24925.65,1755842498
NIFTY,24925.4,1755842499
NIFTY,24925.8,1755842499
NIFTY,24926.15,1755842500
NIFTY,24925.75,1755842501
NIFTY,24925.4,1755842501
NIFTY,24925.8,1755842502
NIFTY,24925.5,1755842502
NIFTY,24926.1,1755842503
NIFTY,24926.55,1755842503
NIFTY,24926.3,1755842504
NIFTY,24926.4,1755842504
NIFTY,24925.8,1755842505
NIFTY,24926.2,1755842505
NIFTY,24926.45,1755842506
NIFTY,24926.3,1755842507
NIFTY,24925.95,1755842507
NIFTY,24924.25,1755842508
NIFTY,24925,1755842508
NIFTY,24924.95,1755842509
NIFTY,24925.35,1755842509
NIFTY,24924.9,1755842510
NIFTY,24925.6,1755842510
NIFTY,24926.1,1755842511
NIFTY,24926,1755842511
NIFTY,24925.9,1755842512
NIFTY,24925.5,1755842512
NIFTY,24925.25,1755842513
NIFTY,24924.85,1755842513
NIFTY,24924.65,1755842514
NIFTY,24921.25,1755842514
NIFTY,24920.8,1755842515
NIFTY,24919.85,1755842515
NIFTY,24919.25,1755842516
NIFTY,24919.15,1755842516
NIFTY,24918.7,1755842517
NIFTY,24918.65,1755842517
NIFTY,24918.3,1755842518
NIFTY,24917.95,1755842518
NIFTY,24917.45,1755842519
NIFTY,24917.15,1755842519
NIFTY,24916.8,1755842520
NIFTY,24915.8,1755842520
NIFTY,24916.05,1755842521
NIFTY,24916.25,1755842521
NIFTY,24915.65,1755842522
NIFTY,24916,1755842522
NIFTY,24913.35,1755842523
NIFTY,24914.15,1755842523
NIFTY,24914.3,1755842524
NIFTY,24914,1755842524
NIFTY,24915.05,1755842525
NIFTY,24915.15,1755842526
NIFTY,24915.2,1755842526
NIFTY,24916.55,1755842527
NIFTY,24916.5,1755842527
NIFTY,24917.35,1755842528
NIFTY,24916.9,1755842528
NIFTY,24916.5,1755842529
NIFTY,24915.85,1755842529
NIFTY,24916.2,1755842530
NIFTY,24916.15,1755842530
NIFTY,24916.6,1755842531
NIFTY,24916.75,1755842531
NIFTY,24927.75,1755852202
NIFTY,24926.8,1755852202
NIFTY,24926.3,1755852203
NIFTY,24927.7,1755852203
NIFTY,24927.1,1755852204
NIFTY,24927.05,1755852204
NIFTY,24927,1755852205
NIFTY,24926.7,1755852206
NIFTY,24927.2,1755852206
NIFTY,24926,1755852207
NIFTY,24926.65,1755852207
NIFTY,24926.8,1755852208
NIFTY,24927.15,1755852208
NIFTY,24926.95,1755852209
NIFTY,24926.85,1755852209
NIFTY,24926.4,1755852210
NIFTY,24926.7,1755852210
NIFTY,24925.9,1755852211
NIFTY,24926.3,1755852212
NIFTY,24927.15,1755852212
NIFTY,24926.85,1755852213
NIFTY,24926.2,1755852213
NIFTY,24926.8,1755852214
NIFTY,24926.4,1755852214
NIFTY,24925.7,1755852215
NIFTY,24926.85,1755852215
NIFTY,24926.75,1755852216
NIFTY,24927.25,1755852216
NIFTY,24927.5,1755852217
NIFTY,24926.85,1755852217
NIFTY,24926.9,1755852218
NIFTY,24927.25,1755852218
NIFTY,24926.65,1755852219
NIFTY,24926.75,1755852219
NIFTY,24927.3,1755852220
NIFTY,24926.7,1755852221
NIFTY,24926.9,1755852221
NIFTY,24926.7,1755852222
NIFTY,24927.05,1755852222
NIFTY,24927.1,1755852223
NIFTY,24926.75,1755852223
NIFTY,24927.45,1755852224
NIFTY,24927.25,1755852224
NIFTY,24927.4,1755852225
NIFTY,24926.5,1755852225
NIFTY,24926.25,1755852226
NIFTY,24925.95,1755852227
NIFTY,24925.8,1755852227
NIFTY,24925.55,1755852228
NIFTY,24925.25,1755852228
NIFTY,24925.8,1755852229
NIFTY,24925.5,1755852229
NIFTY,24925.7,1755852230
NIFTY,24925.65,1755852230
NIFTY,24925.55,1755852231
NIFTY,24925.1,1755852231
NIFTY,24925.95,1755852232
NIFTY,24925.9,1755852232
NIFTY,24924.65,1755852233
NIFTY,24926.5,1755852233
NIFTY,24926.3,1755852234
NIFTY,24925.45,1755852234
NIFTY,24926.4,1755852235
NIFTY,24925.6,1755852235
NIFTY,24925.3,1755852236
NIFTY,24925.75,1755852236
NIFTY,24925.9,1755852237
NIFTY,24926.05,1755852237
NIFTY,24925.45,1755852238
NIFTY,24924.8,1755852238
NIFTY,24924.5,1755852239
NIFTY,24925.5,1755852239
NIFTY,24924.8,1755852240
NIFTY,24925.05,1755852241
NIFTY,24924.9,1755852241
NIFTY,24925.4,1755852242
NIFTY,24925.55,1755852242
NIFTY,24925.05,1755852243
NIFTY,24924.25,1755852243
NIFTY,24924.9,1755852244
NIFTY,24924.55,1755852244
NIFTY,24924.4,1755852245
NIFTY,24924.6,1755852245
NIFTY,24923.4,1755852246
NIFTY,24924.6,1755852246
NIFTY,24924.8,1755852247
NIFTY,24923.85,1755852247
NIFTY,24923.8,1755852248
NIFTY,24925.05,1755852248
NIFTY,24924.7,1755852249
NIFTY,24924.05,1755852249
NIFTY,24923.5,1755852250
NIFTY,24923.6,1755852250
NIFTY,24923.4,1755852251
NIFTY,24924.1,1755852251
NIFTY,24923.95,1755852252
NIFTY,24923.8,1755852252
NIFTY,24924.2,1755852253
NIFTY,24923.9,1755852253
NIFTY,24923.95,1755852254
NIFTY,24923.85,1755852254
NIFTY,24922.9,1755852255
NIFTY,24923.75,1755852255
NIFTY,24924.05,1755852256
NIFTY,24924.5,1755852256
NIFTY,24925.25,1755852257
NIFTY,24924.75,1755852258
NIFTY,24924.55,1755852258
NIFTY,24924.75,1755852259
NIFTY,24924.8,1755852259
NIFTY,24923.75,1755852260
NIFTY,24924,1755852260
NIFTY,24924.25,1755852261
NIFTY,24924.2,1755852261
NIFTY,24924.25,1755852262
NIFTY,24924.6,1755852262
NIFTY,24922.15,1755852263
NIFTY,24922.3,1755852263
NIFTY,24921.75,1755852264
NIFTY,24922.55,1755852264
NIFTY,24921.85,1755852265
NIFTY,24921.3,1755852265
NIFTY,24920.2,1755852266
NIFTY,24921.8,1755852266
NIFTY,24921.75,1755852267
NIFTY,24922.05,1755852267
NIFTY,24923.1,1755852268
NIFTY,24922.7,1755852268
NIFTY,24921.4,1755852269
NIFTY,24922.7,1755852269
NIFTY,24922.05,1755852270
NIFTY,24921.7,1755852270
NIFTY,24921.75,1755852271
NIFTY,24921.65,1755852271
NIFTY,24921.45,1755852272
NIFTY,24922.3,1755852272
NIFTY,24921.35,1755852273
NIFTY,24921.85,1755852273
NIFTY,24922.2,1755852274
NIFTY,24922.3,1755852274
NIFTY,24921.85,1755852275
NIFTY,24922.45,1755852275
NIFTY,24922.3,1755852276
NIFTY,24921.9,1755852276
NIFTY,24922.45,1755852277
NIFTY,24922.55,1755852277
NIFTY,24921.3,1755852278
NIFTY,24923.05,1755852278
NIFTY,24922.65,1755852279
NIFTY,24922.3,1755852279
NIFTY,24922.2,1755852280
NIFTY,24921.25,1755852280
NIFTY,24922.05,1755852281
NIFTY,24921.95,1755852281
NIFTY,24921.75,1755852282
NIFTY,24921.7,1755852282
NIFTY,24921.8,1755852283
NIFTY,24921.95,1755852283
NIFTY,24921.7,1755852284
NIFTY,24922.15,1755852284
NIFTY,24922.85,1755852285
NIFTY,24922.7,1755852285
NIFTY,24922.85,1755852286
NIFTY,24922.95,1755852286
NIFTY,24923.05,1755852287
NIFTY,24923.3,1755852287
NIFTY,24923.05,1755852288
NIFTY,24922.7,1755852288
NIFTY,24922.65,1755852289
NIFTY,24922.45,1755852289
NIFTY,24921.85,1755852290
NIFTY,24922.1,1755852290
NIFTY,24922.25,1755852291
NIFTY,24921.7,1755852291
NIFTY,24921.25,1755852292
NIFTY,24922.05,1755852292
NIFTY,24921.9,1755852293
NIFTY,24922.05,1755852293
NIFTY,24919.3,1755852294
NIFTY,24919.8,1755852294
NIFTY,24921,1755852295
NIFTY,24920.85,1755852295
NIFTY,24921.55,1755852296
NIFTY,24922.35,1755852296
NIFTY,24922.6,1755852297
NIFTY,24922.7,1755852297
NIFTY,24922.6,1755852298
NIFTY,24922.45,1755852298
NIFTY,24921.65,1755852299
NIFTY,24922,1755852299
NIFTY,24921.9,1755852300
NIFTY,24921.5,1755852300
NIFTY,24922.5,1755852301
NIFTY,24922.2,1755852301
NIFTY,24921.85,1755852302
NIFTY,24920.1,1755852302
NIFTY,24919.55,1755852303
NIFTY,24918.55,1755852303
NIFTY,24919,1755852304
NIFTY,24919.6,1755852304
NIFTY,24919.25,1755852305
NIFTY,24919.3,1755852306
NIFTY,24918.75,1755852306
NIFTY,24918.9,1755852307
NIFTY,24918.6,1755852307
NIFTY,24918.55,1755852308
NIFTY,24918.65,1755852308
NIFTY,24917.3,1755852309
NIFTY,24917.4,1755852309
NIFTY,24917.05,1755852310
NIFTY,24917.1,1755852310
NIFTY,24916.95,1755852311
NIFTY,24918.1,1755852311
NIFTY,24917.3,1755852312
NIFTY,24917.55,1755852312
NIFTY,24917.85,1755852313
NIFTY,24917.8,1755852313
NIFTY,24917.5,1755852314
NIFTY,24918.2,1755852314
NIFTY,24918.25,1755852315
NIFTY,24918.6,1755852315
NIFTY,24918.65,1755852316
NIFTY,24918.35,1755852316
NIFTY,24918.85,1755852317
NIFTY,24919.5,1755852317
NIFTY,24918.65,1755852318
NIFTY,24919.1,1755852318
NIFTY,24919.05,1755852319
NIFTY,24919.35,1755852319
NIFTY,24919.25,1755852320
NIFTY,24919.6,1755852320
NIFTY,24919.25,1755852321
NIFTY,24919.35,1755852321
NIFTY,24919.1,1755852322
NIFTY,24919.15,1755852322
NIFTY,24919.05,1755852323
NIFTY,24919.6,1755852323
NIFTY,24918.65,1755852324
NIFTY,24918.95,1755852324
NIFTY,24919.15,1755852325
NIFTY,24918.8,1755852325
NIFTY,24918.6,1755852326
NIFTY,24919.35,1755852326
NIFTY,24918.95,1755852327
NIFTY,24919.3,1755852327
NIFTY,24919.95,1755852328
NIFTY,24919.75,1755852328
NIFTY,24919.5,1755852329
NIFTY,24919.75,1755852329
NIFTY,24919.9,1755852330
NIFTY,24920,1755852330
NIFTY,24920.35,1755852331
NIFTY,24919.75,1755852331
NIFTY,24919.4,1755852332
NIFTY,24920.65,1755852332
NIFTY,24919.8,1755852333
NIFTY,24920,1755852333
NIFTY,24920.6,1755852334
NIFTY,24920.2,1755852334
NIFTY,24919.9,1755852335
NIFTY,24919.8,1755852335
NIFTY,24919.85,1755852336
NIFTY,24920.7,1755852336
NIFTY,24920.5,1755852337
NIFTY,24920.9,1755852337
NIFTY,24919.85,1755852338
NIFTY,24920.4,1755852338
NIFTY,24919.9,1755852339
NIFTY,24919.75,1755852340
NIFTY,24919.95,1755852340
NIFTY,24919.65,1755852341
NIFTY,24920.1,1755852341
NIFTY,24919.75,1755852342
NIFTY,24920.1,1755852343
NIFTY,24919.7,1755852343
NIFTY,24919.3,1755852344
NIFTY,24920.45,1755852344
NIFTY,24920.05,1755852345
NIFTY,24919.45,1755852345
NIFTY,24919.3,1755852346
NIFTY,24919.25,1755852346
NIFTY,24919.6,1755852347
NIFTY,24919.7,1755852347
NIFTY,24919.9,1755852348
NIFTY,24919.85,1755852348
NIFTY,24919.5,1755852349
NIFTY,24919.3,1755852350
NIFTY,24919.65,1755852350
NIFTY,24919.05,1755852351
NIFTY,24918.7,1755852351
NIFTY,24918.65,1755852352
NIFTY,24918.9,1755852352
NIFTY,24918.2,1755852353
NIFTY,24918.55,1755852353
NIFTY,24918.65,1755852354
NIFTY,24918.95,1755852354
NIFTY,24918.8,1755852355
NIFTY,24918.75,1755852355
NIFTY,24918.35,1755852356
NIFTY,24919.4,1755852356
NIFTY,24919.5,1755852357
NIFTY,24919.65,1755852357
NIFTY,24920,1755852358
NIFTY,24919.15,1755852358
NIFTY,24918.6,1755852359
NIFTY,24918.05,1755852359
NIFTY,24918.45,1755852360
NIFTY,24918.7,1755852360
NIFTY,24919.2,1755852361
NIFTY,24919.15,1755852361
NIFTY,24918.2,1755852362
NIFTY,24918.5,1755852362
NIFTY,24919.7,1755852363
NIFTY,24919.5,1755852363
NIFTY,24919.3,1755852364
NIFTY,24919.05,1755852364
NIFTY,24918.55,1755852365
NIFTY,24918.95,1755852365
NIFTY,24919,1755852366
NIFTY,24919.15,1755852366
NIFTY,24918.5,1755852367
NIFTY,24917.9,1755852367
NIFTY,24918.4,1755852368
NIFTY,24918.45,1755852368
NIFTY,24918.35,1755852369
NIFTY,24918.3,1755852369
NIFTY,24918.2,1755852370
NIFTY,24918.3,1755852370
NIFTY,24918.2,1755852371
NIFTY,24918.95,1755852371
NIFTY,24918.7,1755852372
NIFTY,24918.65,1755852372
NIFTY,24918.25,1755852373
NIFTY,24918.05,1755852373
NIFTY,24917.55,1755852374
NIFTY,24917.6,1755852374
NIFTY,24917.95,1755852375
NIFTY,24918.15,1755852375
NIFTY,24918.25,1755852376
NIFTY,24918.1,1755852376
NIFTY,24918.35,1755852377
NIFTY,24918.7,1755852377
NIFTY,24918.35,1755852378
NIFTY,24918,1755852378
NIFTY,24918.5,1755852379
NIFTY,24918.8,1755852379
NIFTY,24918,1755852380
NIFTY,24917.85,1755852380
NIFTY,24917.95,1755852381
NIFTY,24918.05,1755852381
NIFTY,24918.15,1755852382
NIFTY,24918,1755852382
NIFTY,24918.1,1755852383
NIFTY,24918.25,1755852383
NIFTY,24918.2,1755852384
NIFTY,24917.95,1755852384
NIFTY,24918,1755852385
NIFTY,24918.1,1755852385
NIFTY,24917.8,1755852386
NIFTY,24918.7,1755852386
NIFTY,24919.05,1755852387
NIFTY,24919.25,1755852388
NIFTY,24919.4,1755852388
NIFTY,24919.2,1755852389
NIFTY,24919.25,1755852389
NIFTY,24919.15,1755852390
NIFTY,24918.75,1755852390
NIFTY,24919.35,1755852391
NIFTY,24919.45,1755852391
NIFTY,24919.05,1755852392
NIFTY,24919.75,1755852392
NIFTY,24919.5,1755852393
NIFTY,24919.55,1755852393
NIFTY,24919.4,1755852394
NIFTY,24919.2,1755852394
NIFTY,24919.15,1755852395
NIFTY,24919.35,1755852395
NIFTY,24919.2,1755852396
NIFTY,24919.1,1755852396
NIFTY,24919.7,1755852397
NIFTY,24918.75,1755852397
NIFTY,24919.5,1755852398
NIFTY,24920.1,1755852398
NIFTY,24919,1755852399
NIFTY,24919.1,1755852399
NIFTY,24919.15,1755852400
NIFTY,24919.45,1755852400
NIFTY,24919.6,1755852401
NIFTY,24919.5,1755852401
NIFTY,24919.7,1755852402
NIFTY,24919.45,1755852403
NIFTY,24919.8,1755852403
NIFTY,24920,1755852404
NIFTY,24920.15,1755852404
NIFTY,24920.35,1755852405
NIFTY,24920.05,1755852405
NIFTY,24920.5,1755852406
NIFTY,24920.15,1755852406
NIFTY,24919.45,1755852407
NIFTY,24919.9,1755852407
NIFTY,24920.05,1755852408
NIFTY,24919.65,1755852408
NIFTY,24920.05,1755852409
NIFTY,24919.8,1755852409
NIFTY,24919.35,1755852410
NIFTY,24919.65,1755852410
NIFTY,24919.6,1755852411
NIFTY,24919.05,1755852411
NIFTY,24920,1755852412
NIFTY,24918.55,1755852412
NIFTY,24919.05,1755852413
NIFTY,24917.4,1755852413
NIFTY,24918.8,1755852414
NIFTY,24919.2,1755852414
NIFTY,24918.95,1755852415
NIFTY,24917.75,1755852415
NIFTY,24918.5,1755852416
NIFTY,24919.3,1755852416
NIFTY,24919.25,1755852417
NIFTY,24919.15,1755852417
NIFTY,24918.7,1755852419
NIFTY,24918.55,1755852419
NIFTY,24917.5,1755852420
NIFTY,24917.85,1755852420
NIFTY,24918.4,1755852421
NIFTY,24918.25,1755852421
NIFTY,24918.05,1755852422
NIFTY,24919.1,1755852422
NIFTY,24918.95,1755852423
NIFTY,24918.9,1755852423
NIFTY,24919.05,1755852424
NIFTY,24918.95,1755852424
NIFTY,24919.1,1755852425
NIFTY,24919.15,1755852425
NIFTY,24918.9,1755852426
NIFTY,24919.3,1755852426
NIFTY,24919.25,1755852427
NIFTY,24919.45,1755852427
NIFTY,24918.75,1755852428
NIFTY,24919,1755852428
NIFTY,24919.15,1755852429
NIFTY,24919.35,1755852429
NIFTY,24918.8,1755852430
NIFTY,24919.2,1755852430
NIFTY,24918.85,1755852431
NIFTY,24919.65,1755852431
NIFTY,24919.35,1755852432
NIFTY,24919.45,1755852432
NIFTY,24919.85,1755852433
NIFTY,24919.6,1755852434
NIFTY,24920.65,1755852434
NIFTY,24919.8,1755852435
NIFTY,24920.3,1755852436
NIFTY,24920.2,1755852436
NIFTY,24920.1,1755852437
NIFTY,24920.3,1755852437
NIFTY,24920.1,1755852438
NIFTY,24920.2,1755852438
NIFTY,24919.8,1755852439
NIFTY,24919.4,1755852440
NIFTY,24920,1755852440
NIFTY,24919.9,1755852441
NIFTY,24920.15,1755852441
NIFTY,24920.4,1755852442
NIFTY,24920.05,1755852442
NIFTY,24919.9,1755852443
NIFTY,24919.8,1755852443
NIFTY,24919.3,1755852444
NIFTY,24919.2,1755852444
NIFTY,24919.45,1755852445
NIFTY,24919.35,1755852445
NIFTY,24918.45,1755852446
NIFTY,24918.6,1755852446
NIFTY,24918.85,1755852447
NIFTY,24918.8,1755852447
NIFTY,24919.05,1755852448
NIFTY,24919.35,1755852448
NIFTY,24919.25,1755852449
NIFTY,24919.35,1755852449
NIFTY,24918.8,1755852450
NIFTY,24918.65,1755852450
NIFTY,24918.45,1755852451
NIFTY,24918.8,1755852451
NIFTY,24918.95,1755852452
NIFTY,24919.1,1755852453
NIFTY,24919,1755852453
NIFTY,24919.05,1755852454
NIFTY,24918.65,1755852454
NIFTY,24918.4,1755852455
NIFTY,24919.2,1755852455
NIFTY,24918.65,1755852456
NIFTY,24919.1,1755852456
NIFTY,24919.25,1755852457
NIFTY,24917.8,1755852457
NIFTY,24918.2,1755852458
NIFTY,24918.9,1755852458
NIFTY,24917.6,1755852459
NIFTY,24918.1,1755852459
NIFTY,24916.75,1755852460
NIFTY,24917.6,1755852460
NIFTY,24918.25,1755852461
NIFTY,24919,1755852461
NIFTY,24918.9,1755852462
NIFTY,24919,1755852463
NIFTY,24918.95,1755852463
NIFTY,24918.4,1755852464
NIFTY,24919,1755852464
NIFTY,24919.2,1755852465
NIFTY,24918.3,1755852465
NIFTY,24918.45,1755852466
NIFTY,24918.35,1755852466
NIFTY,24918.4,1755852467
NIFTY,24918.7,1755852467
NIFTY,24918.65,1755852468
NIFTY,24919,1755852468
NIFTY,24918.95,1755852469
NIFTY,24918.65,1755852469
NIFTY,24917.75,1755852470
NIFTY,24918.7,1755852470
NIFTY,24918.85,1755852471
NIFTY,24917.7,1755852471
NIFTY,24918.35,1755852472
NIFTY,24918.45,1755852472
NIFTY,24918,1755852473
NIFTY,24918.5,1755852473
NIFTY,24917.85,1755852474
NIFTY,24917.75,1755852474
NIFTY,24917.45,1755852475
NIFTY,24916.3,1755852475
NIFTY,24917.1,1755852476
NIFTY,24917.3,1755852476
NIFTY,24917.7,1755852477
NIFTY,24917.25,1755852477
NIFTY,24916.9,1755852478
NIFTY,24916.35,1755852478
NIFTY,24916.45,1755852479
NIFTY,24916.95,1755852479
NIFTY,24916.5,1755852480
NIFTY,24915.95,1755852480
NIFTY,24916.1,1755852481
NIFTY,24915.7,1755852481
NIFTY,24915.5,1755852482
NIFTY,24916.8,1755852482
NIFTY,24910.75,1755852483
NIFTY,24907.65,1755852483
NIFTY,24907.5,1755852484
NIFTY,24906.05,1755852484
NIFTY,24905.9,1755852485
NIFTY,24905.4,1755852485
NIFTY,24904.1,1755852486
NIFTY,24905.55,1755852486
NIFTY,24906.2,1755852487
NIFTY,24905.75,1755852487
NIFTY,24904.8,1755852488
NIFTY,24904.4,1755852488
NIFTY,24904.5,1755852489
NIFTY,24905.15,1755852489
NIFTY,24904.2,1755852490
NIFTY,24905.25,1755852490
NIFTY,24905.65,1755852491
NIFTY,24906.15,1755852491
NIFTY,24906.1,1755852492
NIFTY,24905.5,1755852492
NIFTY,24904.85,1755852493
NIFTY,24904.5,1755852493
NIFTY,24904.6,1755852494
NIFTY,24906.5,1755852494
NIFTY,24906.45,1755852495
NIFTY,24905.95,1755852495
NIFTY,24907.1,1755852496
NIFTY,24905.2,1755852496
NIFTY,24906.25,1755852497
NIFTY,24905.55,1755852497
NIFTY,24906.05,1755852498
NIFTY,24904.7,1755852498
NIFTY,24906.35,1755852499
NIFTY,24906.45,1755852499
NIFTY,24906.9,1755852500
NIFTY,24906.8,1755852500
NIFTY,24907.15,1755852501
NIFTY,24906.75,1755852501
NIFTY,24907.55,1755852502
NIFTY,24907.45,1755852502
NIFTY,24907.35,1755852503
NIFTY,24907,1755852503
NIFTY,24906.2,1755852504
NIFTY,24906.45,1755852504
NIFTY,24905.9,1755852505
NIFTY,24905.95,1755852505
NIFTY,24907.15,1755852506
NIFTY,24907.6,1755852506
NIFTY,24907.15,1755852507
NIFTY,24907.65,1755852507
NIFTY,24907.15,1755852508
NIFTY,24906.55,1755852508
NIFTY,24906.6,1755852509
NIFTY,24907.25,1755852509
NIFTY,24906.9,1755852510
NIFTY,24906.65,1755852510
NIFTY,24907.55,1755852511
NIFTY,24907.75,1755852511
NIFTY,24907.35,1755852512
NIFTY,24908.25,1755852512
NIFTY,24908.15,1755852513
NIFTY,24908.1,1755852513
NIFTY,24908.15,1755852514
NIFTY,24908.1,1755852514
NIFTY,24907.4,1755852515
NIFTY,24908.15,1755852515
NIFTY,24907.45,1755852516
NIFTY,24908,1755852516
NIFTY,24908.35,1755852517
NIFTY,24907.85,1755852517
NIFTY,24907.45,1755852518
NIFTY,24907.4,1755852518
NIFTY,24906.75,1755852519
NIFTY,24907.15,1755852519
NIFTY,24907.5,1755852520
NIFTY,24907.7,1755852520
NIFTY,24907.35,1755852521
NIFTY,24908.35,1755852521
NIFTY,24907.15,1755852522
NIFTY,24907.65,1755852523
NIFTY,24907.75,1755852523
NIFTY,24907.35,1755852524
NIFTY,24908.5,1755852524
NIFTY,24907.8,1755852525
NIFTY,24908,1755852525
NIFTY,24907.65,1755852526
NIFTY,24908.45,1755852526
NIFTY,24908.05,1755852527
NIFTY,24908.95,1755852527
NIFTY,24908.4,1755852528
NIFTY,24908.25,1755852528
NIFTY,24907.65,1755852529
NIFTY,24907.7,1755852529
NIFTY,24907.8,1755852530
NIFTY,24908,1755852530
NIFTY,24907.7,1755852531
NIFTY,24907.4,1755852531
NIFTY,24907.05,1755852532
NIFTY,24905.65,1755852532
NIFTY,24907.25,1755852533
NIFTY,24908.1,1755852533
NIFTY,24907.8,1755852534
NIFTY,24907.65,1755852534
NIFTY,24907.8,1755852535
NIFTY,24907.6,1755852535
NIFTY,24906.45,1755852536
NIFTY,24907.5,1755852536
NIFTY,24907.3,1755852537
NIFTY,24907.4,1755852537
NIFTY,24906.35,1755852538
NIFTY,24907.15,1755852538
NIFTY,24907.1,1755852539
NIFTY,24906.05,1755852539
NIFTY,24906.35,1755852540
NIFTY,24906.3,1755852540
NIFTY,24907.2,1755852541
NIFTY,24906.9,1755852541
NIFTY,24906.65,1755852542
NIFTY,24907.65,1755852542
NIFTY,24907.5,1755852543
NIFTY,24907.35,1755852543
NIFTY,24907.15,1755852544
NIFTY,24906.95,1755852544
NIFTY,24906.75,1755852545
NIFTY,24907.3,1755852545
NIFTY,24906.9,1755852546
NIFTY,24907.25,1755852546
NIFTY,24906.7,1755852547
NIFTY,24907.35,1755852547
NIFTY,24906.2,1755852548
NIFTY,24907.45,1755852548
NIFTY,24907.15,1755852549
NIFTY,24907.05,1755852549
NIFTY,24906.95,1755852550
NIFTY,24904.85,1755852550
NIFTY,24905.5,1755852551
NIFTY,24905.55,1755852551
NIFTY,24906.55,1755852552
NIFTY,24906.25,1755852552
NIFTY,24905.45,1755852553
NIFTY,24905.5,1755852554
NIFTY,24906.35,1755852554
NIFTY,24905.7,1755852555
NIFTY,24905.6,1755852555
NIFTY,24905.9,1755852556
NIFTY,24905.7,1755852556
NIFTY,24906.45,1755852557
NIFTY,24906.1,1755852557
NIFTY,24906.15,1755852558
NIFTY,24906.35,1755852558
NIFTY,24906.4,1755852559
NIFTY,24906.1,1755852559
NIFTY,24905.95,1755852560
NIFTY,24906.45,1755852560
NIFTY,24906.4,1755852561
NIFTY,24906.3,1755852561
NIFTY,24905.9,1755852562
NIFTY,24905.95,1755852562
NIFTY,24906.05,1755852563
NIFTY,24906.85,1755852563
NIFTY,24906.7,1755852564
NIFTY,24907.95,1755852564
NIFTY,24907.75,1755852565
NIFTY,24907.85,1755852565
NIFTY,24907.2,1755852566
NIFTY,24908.6,1755852566
NIFTY,24908.7,1755852567
NIFTY,24908.35,1755852567
NIFTY,24908.2,1755852568
NIFTY,24908.05,1755852568
NIFTY,24907.9,1755852569
NIFTY,24907.85,1755852569
NIFTY,24906.9,1755852570
NIFTY,24906.25,1755852570
NIFTY,24907.4,1755852571
NIFTY,24907.25,1755852571
NIFTY,24906.4,1755852572
NIFTY,24908.4,1755852572
NIFTY,24908.2,1755852573
NIFTY,24908.05,1755852573
NIFTY,24906.8,1755852574
NIFTY,24907.65,1755852574
NIFTY,24906,1755852575
NIFTY,24906.3,1755852575
NIFTY,24906.2,1755852576
NIFTY,24907.55,1755852576
NIFTY,24907.4,1755852577
NIFTY,24907.3,1755852577
NIFTY,24907.2,1755852578
NIFTY,24907.6,1755852578
NIFTY,24906.9,1755852579
NIFTY,24907.15,1755852579
NIFTY,24907.2,1755852580
NIFTY,24907.6,1755852580
NIFTY,24908,1755852581
NIFTY,24908.05,1755852581
NIFTY,24907.55,1755852582
NIFTY,24907.05,1755852582
NIFTY,24907.25,1755852583
NIFTY,24907.7,1755852583
NIFTY,24907.5,1755852584
NIFTY,24907.95,1755852584
NIFTY,24907.7,1755852585
NIFTY,24907.3,1755852585
NIFTY,24906.95,1755852586
NIFTY,24907.5,1755852586
NIFTY,24907.7,1755852587
NIFTY,24908,1755852587
NIFTY,24907.8,1755852588
NIFTY,24907.4,1755852588
NIFTY,24908.15,1755852589
NIFTY,24908.1,1755852589
NIFTY,24907.6,1755852590
NIFTY,24908.15,1755852590
NIFTY,24907.55,1755852591
NIFTY,24907.5,1755852591
NIFTY,24907.2,1755852592
NIFTY,24906.25,1755852592
NIFTY,24906.45,1755852593
NIFTY,24907.95,1755852593
NIFTY,24908,1755852594
NIFTY,24907.7,1755852594
NIFTY,24907.45,1755852595
NIFTY,24907.7,1755852595
NIFTY,24907.3,1755852596
NIFTY,24908.15,1755852596
NIFTY,24908.55,1755852597
NIFTY,24908,1755852597
NIFTY,24907.8,1755852598
NIFTY,24907.7,1755852598
NIFTY,24907.6,1755852599
NIFTY,24908,1755852599
NIFTY,24906.7,1755852600
NIFTY,24907.55,1755852600
NIFTY,24908.05,1755852601
NIFTY,24907.75,1755852601
NIFTY,24906.4,1755852602
NIFTY,24907.9,1755852602
NIFTY,24907.8,1755852603
NIFTY,24907.25,1755852603
NIFTY,24908.2,1755852604
NIFTY,24907.25,1755852604
NIFTY,24907.55,1755852605
NIFTY,24908.2,1755852605
NIFTY,24908.1,1755852606
NIFTY,24908,1755852606
NIFTY,24907.5,1755852607
NIFTY,24907.3,1755852608
NIFTY,24907.65,1755852608
NIFTY,24907.25,1755852609
NIFTY,24906.55,1755852609
NIFTY,24907.05,1755852610
NIFTY,24906.8,1755852610
NIFTY,24907.25,1755852611
NIFTY,24907.8,1755852611
NIFTY,24907.5,1755852612
NIFTY,24907.25,1755852612
NIFTY,24907.75,1755852613
NIFTY,24907.45,1755852613
NIFTY,24907.8,1755852614
NIFTY,24907.95,1755852614
NIFTY,24907.35,1755852615
NIFTY,24907.2,1755852615
NIFTY,24907.7,1755852616
NIFTY,24907.9,1755852616
NIFTY,24907.85,1755852617
NIFTY,24907.45,1755852617
NIFTY,24907.85,1755852618
NIFTY,24907.7,1755852618
NIFTY,24907.3,1755852619
NIFTY,24908.05,1755852619
NIFTY,24907.35,1755852620
NIFTY,24908.05,1755852620
NIFTY,24907.55,1755852621
NIFTY,24908.15,1755852622
NIFTY,24907.65,1755852622
NIFTY,24907.85,1755852623
NIFTY,24908.1,1755852623
NIFTY,24907.7,1755852624
NIFTY,24907.55,1755852624
NIFTY,24908.2,1755852625
NIFTY,24908.65,1755852625
NIFTY,24908.25,1755852626
NIFTY,24908.4,1755852626
NIFTY,24908,1755852627
NIFTY,24908.85,1755852627
NIFTY,24908.4,1755852628
NIFTY,24908.25,1755852628
NIFTY,24908.35,1755852629
NIFTY,24908.25,1755852629
NIFTY,24907.8,1755852630
NIFTY,24907.75,1755852630
NIFTY,24907.6,1755852631
NIFTY,24907.1,1755852631
NIFTY,24906.8,1755852632
NIFTY,24907.45,1755852632
NIFTY,24907.6,1755852633
NIFTY,24907.3,1755852633
NIFTY,24907.9,1755852634
NIFTY,24907.95,1755852634
NIFTY,24907.15,1755852635
NIFTY,24908.25,1755852635
NIFTY,24907.65,1755852636
NIFTY,24908.5,1755852636
NIFTY,24907.5,1755852637
NIFTY,24907.45,1755852637
NIFTY,24906.85,1755852638
NIFTY,24908.05,1755852638
NIFTY,24907.6,1755852639
NIFTY,24908.15,1755852639
NIFTY,24907.75,1755852640
NIFTY,24907.5,1755852640
NIFTY,24907.6,1755852641
NIFTY,24908.15,1755852641
NIFTY,24908.45,1755852642
NIFTY,24907.8,1755852642
NIFTY,24908.55,1755852643
NIFTY,24907.5,1755852643
NIFTY,24908.6,1755852644
NIFTY,24908.75,1755852644
NIFTY,24908.95,1755852645
NIFTY,24908.65,1755852645
NIFTY,24908.6,1755852646
NIFTY,24908.65,1755852646
NIFTY,24908.6,1755852647
NIFTY,24908.45,1755852647
NIFTY,24908.85,1755852648
NIFTY,24909.15,1755852649
NIFTY,24909.25,1755852649
NIFTY,24908.45,1755852650
NIFTY,24908.1,1755852650
NIFTY,24908.55,1755852651
NIFTY,24908.75,1755852651
NIFTY,24909,1755852652
NIFTY,24908.6,1755852652
NIFTY,24908.5,1755852653
NIFTY,24908.95,1755852653
NIFTY,24909.05,1755852654
NIFTY,24910.05,1755852654
NIFTY,24908.95,1755852655
NIFTY,24908.8,1755852655
NIFTY,24908.6,1755852656
NIFTY,24908.9,1755852656
NIFTY,24908.85,1755852657
NIFTY,24908.9,1755852657
NIFTY,24909.1,1755852658
NIFTY,24909.05,1755852658
NIFTY,24909.35,1755852659
NIFTY,24909.55,1755852659
NIFTY,24909.35,1755852660
NIFTY,24909,1755852660
NIFTY,24909.35,1755852661
NIFTY,24909.5,1755852661
NIFTY,24909.4,1755852662
NIFTY,24910,1755852662
NIFTY,24909.75,1755852663
NIFTY,24910.1,1755852663
NIFTY,24910.15,1755852664
NIFTY,24909.65,1755852665
NIFTY,24910.25,1755852665
NIFTY,24910,1755852666
NIFTY,24910.8,1755852666
NIFTY,24910.65,1755852667
NIFTY,24911.1,1755852667
NIFTY,24911.45,1755852668
NIFTY,24911.35,1755852669
NIFTY,24911.7,1755852669
NIFTY,24911.15,1755852670
NIFTY,24911.5,1755852670
NIFTY,24911.2,1755852671
NIFTY,24911.35,1755852671
NIFTY,24911.75,1755852672
NIFTY,24911.55,1755852672
NIFTY,24911.75,1755852673
NIFTY,24911.95,1755852674
NIFTY,24912.2,1755852674
NIFTY,24911.7,1755852675
NIFTY,24911.4,1755852676
NIFTY,24912.05,1755852676
NIFTY,24911.9,1755852677
NIFTY,24912.75,1755852677
NIFTY,24912.9,1755852678
NIFTY,24912.85,1755852679
NIFTY,24913.15,1755852679
NIFTY,24912.65,1755852680
NIFTY,24912.85,1755852680
NIFTY,24912.5,1755852681
NIFTY,24911.55,1755852681
NIFTY,24911.9,1755852682
NIFTY,24912.25,1755852682
NIFTY,24911.95,1755852683
NIFTY,24911.45,1755852683
NIFTY,24911.3,1755852684
NIFTY,24911.15,1755852684
NIFTY,24911.3,1755852685
NIFTY,24911.15,1755852685
NIFTY,24911.45,1755852686
NIFTY,24911.85,1755852686
NIFTY,24911.65,1755852687
NIFTY,24911.5,1755852687
NIFTY,24911.75,1755852688
NIFTY,24911.6,1755852689
NIFTY,24911.65,1755852689
NIFTY,24911.55,1755852690
NIFTY,24911.2,1755852690
NIFTY,24911.7,1755852691
NIFTY,24911.75,1755852691
NIFTY,24911.35,1755852692
NIFTY,24911.8,1755852692
NIFTY,24911.55,1755852693
NIFTY,24911.1,1755852693
NIFTY,24911.75,1755852694
NIFTY,24911.35,1755852694
NIFTY,24911.2,1755852695
NIFTY,24911.25,1755852695
NIFTY,24911.1,1755852696
NIFTY,24911.8,1755852696
NIFTY,24912.15,1755852697
NIFTY,24911.95,1755852697
NIFTY,24912.05,1755852698
NIFTY,24912.1,1755852698
NIFTY,24911.95,1755852699
NIFTY,24911.75,1755852699
NIFTY,24911.8,1755852700
NIFTY,24911.5,1755852700
NIFTY,24911.3,1755852701
NIFTY,24912.05,1755852701
NIFTY,24911.7,1755852702
NIFTY,24913,1755852702
NIFTY,24912.7,1755852703
NIFTY,24912.6,1755852703
NIFTY,24912.25,1755852704
NIFTY,24912.8,1755852704
NIFTY,24912.85,1755852705
NIFTY,24912.65,1755852705
NIFTY,24912.3,1755852706
NIFTY,24912.05,1755852707
NIFTY,24912.15,1755852707
NIFTY,24911.85,1755852708
NIFTY,24911.45,1755852708
NIFTY,24911.6,1755852709
NIFTY,24911.25,1755852709
NIFTY,24911,1755852710
NIFTY,24910.85,1755852711
NIFTY,24911.3,1755852711
NIFTY,24911.6,1755852712
NIFTY,24911.4,1755852712
NIFTY,24911.5,1755852713
NIFTY,24911.45,1755852713
NIFTY,24911.2,1755852714
NIFTY,24910.95,1755852714
NIFTY,24910.9,1755852715
NIFTY,24910.8,1755852715
NIFTY,24911.05,1755852716
NIFTY,24911.25,1755852716
NIFTY,24911.1,1755852717
NIFTY,24910.4,1755852717
NIFTY,24911.2,1755852718
NIFTY,24910.9,1755852718
NIFTY,24910.1,1755852719
NIFTY,24911.3,1755852719
NIFTY,24910.45,1755852720
NIFTY,24911.1,1755852720
NIFTY,24911.15,1755852721
NIFTY,24910.7,1755852721
NIFTY,24911.2,1755852722
NIFTY,24911.25,1755852722
NIFTY,24911.1,1755852723
NIFTY,24911.25,1755852723
NIFTY,24910.95,1755852724
NIFTY,24911.1,1755852725
NIFTY,24910.9,1755852725
NIFTY,24910.55,1755852726
NIFTY,24910.3,1755852726
NIFTY,24910.25,1755852727
NIFTY,24910.15,1755852727
NIFTY,24910.05,1755852728
NIFTY,24911.3,1755852729
NIFTY,24910.6,1755852729
NIFTY,24911.15,1755852730
NIFTY,24911.05,1755852730
NIFTY,24910,1755852731
NIFTY,24911.1,1755852731
NIFTY,24910.55,1755852732
NIFTY,24910.9,1755852732
NIFTY,24911.15,1755852733
NIFTY,24911,1755852733
NIFTY,24910.4,1755852734
NIFTY,24911.3,1755852734
NIFTY,24911.2,1755852735
NIFTY,24911.15,1755852735
NIFTY,24910.85,1755852736
NIFTY,24911.55,1755852736
NIFTY,24910.8,1755852737
NIFTY,24911,1755852737
NIFTY,24910.6,1755852738
NIFTY,24910.95,1755852738
NIFTY,24911.35,1755852739
NIFTY,24911,1755852739
NIFTY,24910.8,1755852740
NIFTY,24910.9,1755852740
NIFTY,24910.55,1755852741
NIFTY,24910.2,1755852741
NIFTY,24910.3,1755852742
NIFTY,24909.95,1755852742
NIFTY,24909.8,1755852743
NIFTY,24910.45,1755852743
NIFTY,24909.8,1755852744
NIFTY,24910.2,1755852744
NIFTY,24910.6,1755852745
NIFTY,24910.8,1755852745
NIFTY,24910.5,1755852746
NIFTY,24910.55,1755852746
NIFTY,24910.95,1755852747
NIFTY,24910.2,1755852747
NIFTY,24910.85,1755852748
NIFTY,24910.3,1755852748
NIFTY,24910.6,1755852749
NIFTY,24910.2,1755852750
NIFTY,24910.1,1755852750
NIFTY,24910.45,1755852751
NIFTY,24909.4,1755852751
NIFTY,24910.7,1755852752
NIFTY,24910.45,1755852753
NIFTY,24910.75,1755852753
NIFTY,24910.5,1755852754
NIFTY,24910.05,1755852755
NIFTY,24910.95,1755852755
NIFTY,24910.5,1755852756
NIFTY,24911.05,1755852756
NIFTY,24911.5,1755852757
NIFTY,24911.3,1755852758
NIFTY,24911.35,1755852758
NIFTY,24910.9,1755852759
NIFTY,24910.75,1755852759
NIFTY,24910.9,1755852760
NIFTY,24910.4,1755852760
NIFTY,24910.35,1755852761
NIFTY,24910.95,1755852761
NIFTY,24910.5,1755852762
NIFTY,24910.3,1755852762
NIFTY,24910.25,1755852763
NIFTY,24910.5,1755852763
NIFTY,24909.55,1755852764
NIFTY,24911.15,1755852764
NIFTY,24910.4,1755852765
NIFTY,24910.9,1755852765
NIFTY,24910.8,1755852766
NIFTY,24911.3,1755852766
NIFTY,24910.85,1755852767
NIFTY,24910.95,1755852767
NIFTY,24911.2,1755852768
NIFTY,24910.9,1755852768
NIFTY,24911.05,1755852769
NIFTY,24910.2,1755852770
NIFTY,24911.05,1755852770
NIFTY,24910.25,1755852771
NIFTY,24910.45,1755852772
NIFTY,24910.5,1755852772
NIFTY,24910.2,1755852773
NIFTY,24910.35,1755852773
NIFTY,24910.05,1755852774
NIFTY,24909.9,1755852774
NIFTY,24909.7,1755852775
NIFTY,24909.9,1755852775
NIFTY,24909.75,1755852776
NIFTY,24909.7,1755852776
NIFTY,24910.05,1755852777
NIFTY,24909.9,1755852777
NIFTY,24910.2,1755852778
NIFTY,24910,1755852778
NIFTY,24909.35,1755852779
NIFTY,24910.95,1755852779
NIFTY,24910.4,1755852780
NIFTY,24910.45,1755852780
NIFTY,24910.1,1755852781
NIFTY,24910.6,1755852781
NIFTY,24909.9,1755852782
NIFTY,24910.35,1755852782
NIFTY,24910,1755852783
NIFTY,24910.5,1755852783
NIFTY,24910.3,1755852784
NIFTY,24909.95,1755852784
NIFTY,24909.8,1755852785
NIFTY,24910.4,1755852785
NIFTY,24910.45,1755852786
NIFTY,24909.3,1755852786
NIFTY,24910,1755852787
NIFTY,24909.8,1755852787
NIFTY,24909.9,1755852788
NIFTY,24910.2,1755852788
NIFTY,24909.9,1755852789
NIFTY,24909.5,1755852790
NIFTY,24909.2,1755852790
NIFTY,24909.4,1755852791
NIFTY,24909.5,1755852791
NIFTY,24909.4,1755852792
NIFTY,24908.55,1755852792
NIFTY,24909.1,1755852793
NIFTY,24908.9,1755852793
NIFTY,24908.85,1755852794
NIFTY,24908.75,1755852795
NIFTY,24908.35,1755852795
NIFTY,24909.15,1755852796
NIFTY,24907.95,1755852796
NIFTY,24908.65,1755852797
NIFTY,24910.3,1755852797
NIFTY,24909.95,1755852798
NIFTY,24909,1755852798
NIFTY,24909.85,1755852799
NIFTY,24909.45,1755852799
NIFTY,24908.7,1755852800
NIFTY,24909.8,1755852800
NIFTY,24908.95,1755852801
NIFTY,24908.3,1755852801
NIFTY,24908.5,1755852802
NIFTY,24908.2,1755852802
NIFTY,24909.4,1755852803
NIFTY,24909.1,1755852804
NIFTY,24908.8,1755852804
NIFTY,24909.2,1755852805
NIFTY,24909.25,1755852805
NIFTY,24909.65,1755852806
NIFTY,24908.9,1755852807
NIFTY,24909.35,1755852807
NIFTY,24908.25,1755852808
NIFTY,24909.6,1755852808
NIFTY,24908.9,1755852809
NIFTY,24908.95,1755852810
NIFTY,24908.75,1755852810
NIFTY,24908.7,1755852811
NIFTY,24908.4,1755852811
NIFTY,24908.1,1755852812
NIFTY,24909.35,1755852812
NIFTY,24908.9,1755852813
NIFTY,24908.6,1755852813
NIFTY,24908.8,1755852814
NIFTY,24908.75,1755852814
NIFTY,24908.7,1755852815
NIFTY,24908.15,1755852815
NIFTY,24907.95,1755852816
NIFTY,24908.9,1755852816
NIFTY,24908.45,1755852817
NIFTY,24908.4,1755852817
NIFTY,24908.5,1755852818
NIFTY,24909.25,1755852818
NIFTY,24908.4,1755852819
NIFTY,24908.55,1755852819
NIFTY,24908.2,1755852820
NIFTY,24908.45,1755852821
NIFTY,24908.65,1755852821
NIFTY,24908.7,1755852822
NIFTY,24908.4,1755852822
NIFTY,24909.3,1755852823
NIFTY,24909.5,1755852823
NIFTY,24908.8,1755852824
NIFTY,24908.95,1755852824
NIFTY,24908.7,1755852825
NIFTY,24908.95,1755852825
NIFTY,24909.05,1755852826
NIFTY,24909.2,1755852826
NIFTY,24908.9,1755852827
NIFTY,24909.75,1755852827
NIFTY,24910.2,1755852828
NIFTY,24909.55,1755852828
NIFTY,24909.65,1755852829
NIFTY,24909.1,1755852829
NIFTY,24908.45,1755852830
NIFTY,24908.5,1755852830
NIFTY,24908.55,1755852831
NIFTY,24908.4,1755852831
NIFTY,24908.9,1755852832
NIFTY,24909.55,1755852832
NIFTY,24909.4,1755852833
NIFTY,24909.5,1755852833
NIFTY,24909,1755852834
NIFTY,24909.2,1755852834
NIFTY,24909.05,1755852835
NIFTY,24909,1755852836
NIFTY,24909.1,1755852836
NIFTY,24909.05,1755852837
NIFTY,24908.95,1755852838
NIFTY,24908.85,1755852839
NIFTY,24907.65,1755852839
NIFTY,24908.3,1755852840
NIFTY,24908.25,1755852840
NIFTY,24908.75,1755852841
NIFTY,24908.2,1755852841
NIFTY,24908.65,1755852842
NIFTY,24909.05,1755852842
NIFTY,24909.15,1755852843
NIFTY,24909.55,1755852843
NIFTY,24909.4,1755852844
NIFTY,24908.75,1755852845
NIFTY,24909.8,1755852845
NIFTY,24909.25,1755852846
NIFTY,24910.05,1755852847
NIFTY,24909.25,1755852847
NIFTY,24909.75,1755852848
NIFTY,24909.85,1755852848
NIFTY,24909.05,1755852849
NIFTY,24909.15,1755852849
NIFTY,24908.7,1755852850
NIFTY,24908.5,1755852850
NIFTY,24909,1755852851
NIFTY,24905.3,1755852851
NIFTY,24900.35,1755852852
NIFTY,24901.05,1755852852
NIFTY,24900.95,1755852853
NIFTY,24900.8,1755852853
NIFTY,24900.6,1755852854
NIFTY,24901.15,1755852854
NIFTY,24899.2,1755852855
NIFTY,24900.4,1755852855
NIFTY,24900.8,1755852856
NIFTY,24899,1755852856
NIFTY,24900.1,1755852857
NIFTY,24901.45,1755852857
NIFTY,24900.95,1755852858
NIFTY,24901.1,1755852858
NIFTY,24901.45,1755852859
NIFTY,24901.3,1755852859
NIFTY,24901.05,1755852860
NIFTY,24901.35,1755852860
NIFTY,24901.15,1755852861
NIFTY,24901.45,1755852861
NIFTY,24901.5,1755852862
NIFTY,24901.7,1755852862
NIFTY,24901.5,1755852863
NIFTY,24901.1,1755852864
NIFTY,24900.2,1755852864
NIFTY,24901.25,1755852865
NIFTY,24900.8,1755852865
NIFTY,24900.85,1755852866
NIFTY,24900.15,1755852866
NIFTY,24899.75,1755852867
NIFTY,24900.4,1755852867
NIFTY,24900.15,1755852868
NIFTY,24899.65,1755852869
NIFTY,24899.6,1755852869
NIFTY,24899,1755852870
NIFTY,24899.4,1755852870
NIFTY,24899.25,1755852871
NIFTY,24899.65,1755852871
NIFTY,24899.5,1755852872
NIFTY,24900.25,1755852872
NIFTY,24900.45,1755852873
NIFTY,24900.15,1755852873
NIFTY,24900.05,1755852874
NIFTY,24900.1,1755852875
NIFTY,24899.55,1755852875
NIFTY,24899.2,1755852876
NIFTY,24899.25,1755852876
NIFTY,24899.05,1755852877
NIFTY,24899.5,1755852877
NIFTY,24899.65,1755852878
NIFTY,24899.35,1755852878
NIFTY,24898.8,1755852879
NIFTY,24899.3,1755852879
NIFTY,24899.7,1755852880
NIFTY,24900.3,1755852880
NIFTY,24899.75,1755852881
NIFTY,24900.85,1755852881
NIFTY,24900.9,1755852882
NIFTY,24900.5,1755852882
NIFTY,24900.85,1755852883
NIFTY,24900.3,1755852883
NIFTY,24900.35,1755852884
NIFTY,24901.05,1755852884
NIFTY,24900.95,1755852885
NIFTY,24900.8,1755852885
NIFTY,24901.3,1755852886
NIFTY,24900.7,1755852886
NIFTY,24899.95,1755852887
NIFTY,24900.55,1755852887
NIFTY,24899.8,1755852888
NIFTY,24900.35,1755852888
NIFTY,24900.55,1755852889
NIFTY,24900.5,1755852890
NIFTY,24900.35,1755852890
NIFTY,24900.05,1755852891
NIFTY,24900.4,1755852891
NIFTY,24900.3,1755852892
NIFTY,24900.5,1755852892
NIFTY,24899.95,1755852893
NIFTY,24900.35,1755852893
NIFTY,24900.3,1755852894
NIFTY,24900.15,1755852894
NIFTY,24899.65,1755852895
NIFTY,24899.1,1755852895
NIFTY,24899.7,1755852896
NIFTY,24900.55,1755852896
NIFTY,24900.1,1755852897
NIFTY,24900.5,1755852897
NIFTY,24899.65,1755852898
NIFTY,24899.35,1755852898
NIFTY,24899.1,1755852899
NIFTY,24900.05,1755852899
NIFTY,24899.05,1755852900
NIFTY,24898.8,1755852900
NIFTY,24899.05,1755852901
NIFTY,24896.75,1755852901
NIFTY,24897.2,1755852902
NIFTY,24898.05,1755852902
NIFTY,24897.65,1755852903
NIFTY,24897.3,1755852903
NIFTY,24897.65,1755852904
NIFTY,24896.8,1755852904
NIFTY,24896.65,1755852905
NIFTY,24896.4,1755852906
NIFTY,24897.3,1755852906
NIFTY,24898.15,1755852907
NIFTY,24897.95,1755852907
NIFTY,24899.65,1755852908
NIFTY,24899.2,1755852909
NIFTY,24897.3,1755852909
NIFTY,24897.25,1755852910
NIFTY,24896.8,1755852910
NIFTY,24898.35,1755852911
NIFTY,24896.65,1755852911
NIFTY,24897.8,1755852912
NIFTY,24896.55,1755852912
NIFTY,24897.55,1755852913
NIFTY,24896.4,1755852913
NIFTY,24897.2,1755852914
NIFTY,24897.6,1755852914
NIFTY,24896.95,1755852915
NIFTY,24896.6,1755852915
NIFTY,24896.8,1755852916
NIFTY,24896.35,1755852916
NIFTY,24896.15,1755852917
NIFTY,24895.4,1755852918
NIFTY,24894.65,1755852918
NIFTY,24894.7,1755852919
NIFTY,24894.65,1755852919
NIFTY,24893.9,1755852920
NIFTY,24894.45,1755852920
NIFTY,24894.65,1755852921
NIFTY,24894.4,1755852921
NIFTY,24892.95,1755852922
NIFTY,24892.65,1755852922
NIFTY,24892.4,1755852923
NIFTY,24894.35,1755852923
NIFTY,24894,1755852924
NIFTY,24893.15,1755852924
NIFTY,24894.05,1755852925
NIFTY,24893.5,1755852925
NIFTY,24893.15,1755852926
NIFTY,24894.5,1755852926
NIFTY,24894.35,1755852927
NIFTY,24894.75,1755852927
NIFTY,24893.2,1755852928
NIFTY,24893.3,1755852928
NIFTY,24892.3,1755852929
NIFTY,24892.15,1755852929
NIFTY,24891.55,1755852930
NIFTY,24892.85,1755852930
NIFTY,24892.7,1755852931
NIFTY,24893.25,1755852931
NIFTY,24891.9,1755852932
NIFTY,24892.55,1755852932
NIFTY,24892.9,1755852933
NIFTY,24891.5,1755852933
NIFTY,24893.15,1755852934
NIFTY,24892.1,1755852934
NIFTY,24891.55,1755852935
NIFTY,24894,1755852935
NIFTY,24893.55,1755852936
NIFTY,24893.95,1755852936
NIFTY,24894.85,1755852937
NIFTY,24894.3,1755852937
NIFTY,24894.05,1755852938
NIFTY,24893.95,1755852938
NIFTY,24892.6,1755852939
NIFTY,24891.85,1755852939
NIFTY,24893.05,1755852940
NIFTY,24893.1,1755852940
NIFTY,24892.9,1755852941
NIFTY,24893.4,1755852941
NIFTY,24892.75,1755852942
NIFTY,24891.65,1755852942
NIFTY,24892.55,1755852943
NIFTY,24891.45,1755852943
NIFTY,24892.8,1755852944
NIFTY,24891.85,1755852944
NIFTY,24891.15,1755852945
NIFTY,24892.95,1755852945
NIFTY,24893.6,1755852946
NIFTY,24892.7,1755852946
NIFTY,24893.15,1755852947
NIFTY,24893.55,1755852947
NIFTY,24892.75,1755852948
NIFTY,24891.6,1755852948
NIFTY,24892.35,1755852949
NIFTY,24892.55,1755852949
NIFTY,24891.55,1755852950
NIFTY,24891.95,1755852950
NIFTY,24892.2,1755852951
NIFTY,24891.5,1755852951
NIFTY,24892.05,1755852952
NIFTY,24891.75,1755852952
NIFTY,24891.1,1755852953
NIFTY,24891.2,1755852953
NIFTY,24891.35,1755852954
NIFTY,24891.8,1755852954
NIFTY,24891.1,1755852955
NIFTY,24891.8,1755852955
NIFTY,24891.55,1755852956
NIFTY,24892.55,1755852956
NIFTY,24892.35,1755852957
NIFTY,24892.65,1755852957
NIFTY,24892.35,1755852958
NIFTY,24892.15,1755852958
NIFTY,24891.8,1755852959
NIFTY,24892,1755852959
NIFTY,24891.7,1755852960
NIFTY,24891.45,1755852960
NIFTY,24891.55,1755852961
NIFTY,24890.75,1755852961
NIFTY,24890.55,1755852962
NIFTY,24891.1,1755852962
NIFTY,24890.5,1755852963
NIFTY,24890.25,1755852963
NIFTY,24892.35,1755852964
NIFTY,24891.6,1755852964
NIFTY,24891.75,1755852965
NIFTY,24893.25,1755852965
NIFTY,24892.75,1755852966
NIFTY,24891.7,1755852966
NIFTY,24892.95,1755852967
NIFTY,24893.25,1755852967
NIFTY,24891.9,1755852968
NIFTY,24891.35,1755852968
NIFTY,24891.85,1755852969
NIFTY,24892.05,1755852969
NIFTY,24892,1755852970
NIFTY,24892.15,1755852970
NIFTY,24892.05,1755852971
NIFTY,24892.6,1755852971
NIFTY,24892.95,1755852972
NIFTY,24893.05,1755852972
NIFTY,24892.8,1755852973
NIFTY,24892.15,1755852973
NIFTY,24892.8,1755852974
NIFTY,24892.75,1755852974
NIFTY,24893.1,1755852975
NIFTY,24893.25,1755852975
NIFTY,24893.1,1755852976
NIFTY,24893.4,1755852976
NIFTY,24893.95,1755852977
NIFTY,24894.85,1755852977
NIFTY,24894.65,1755852978
NIFTY,24894.45,1755852978
NIFTY,24894.8,1755852979
NIFTY,24894.75,1755852979
NIFTY,24894.1,1755852980
NIFTY,24894.6,1755852980
NIFTY,24894.5,1755852981
NIFTY,24894.4,1755852981
NIFTY,24894.45,1755852982
NIFTY,24894.1,1755852982
NIFTY,24894.7,1755852983
NIFTY,24894.55,1755852983
NIFTY,24894.25,1755852984
NIFTY,24894.75,1755852984
NIFTY,24894.65,1755852985
NIFTY,24894.45,1755852985
NIFTY,24894.75,1755852986
NIFTY,24894.8,1755852986
NIFTY,24894.65,1755852987
NIFTY,24894.35,1755852987
NIFTY,24894.55,1755852988
NIFTY,24894.9,1755852988
NIFTY,24894,1755852989
NIFTY,24895.45,1755852989
NIFTY,24894.95,1755852990
NIFTY,24895.1,1755852990
NIFTY,24895.2,1755852991
NIFTY,24894.95,1755852991
NIFTY,24894.85,1755852992
NIFTY,24895.35,1755852992
NIFTY,24895.4,1755852993
NIFTY,24895.2,1755852993
NIFTY,24895.5,1755852994
NIFTY,24895.6,1755852994
NIFTY,24895.4,1755852995
NIFTY,24895.2,1755852995
NIFTY,24895.55,1755852996
NIFTY,24895.9,1755852996
NIFTY,24895.65,1755852997
NIFTY,24896.15,1755852997
NIFTY,24895.65,1755852998
NIFTY,24895.9,1755852998
NIFTY,24895.1,1755852999
NIFTY,24895.4,1755852999
NIFTY,24895.8,1755853000
NIFTY,24895.25,1755853000
NIFTY,24895.2,1755853001
NIFTY,24894.95,1755853001
NIFTY,24894.45,1755853002
NIFTY,24895.7,1755853002
NIFTY,24894.85,1755853003
NIFTY,24894.75,1755853003
NIFTY,24894.9,1755853004
NIFTY,24895.2,1755853004
NIFTY,24894.6,1755853005
NIFTY,24894.85,1755853005
NIFTY,24894.9,1755853006
NIFTY,24894.4,1755853006
NIFTY,24895.55,1755853007
NIFTY,24895.3,1755853008
NIFTY,24895.4,1755853008
NIFTY,24895.5,1755853009
NIFTY,24895.2,1755853010
NIFTY,24894.45,1755853010
NIFTY,24894.05,1755853011
NIFTY,24894.45,1755853011
NIFTY,24894.85,1755853012
NIFTY,24895.15,1755853012
NIFTY,24893.9,1755853013
NIFTY,24895.35,1755853013
NIFTY,24893.75,1755853014
NIFTY,24894.75,1755853015
NIFTY,24893.65,1755853015
NIFTY,24895.1,1755853016
NIFTY,24895.15,1755853016
NIFTY,24894.95,1755853017
NIFTY,24895.2,1755853017
NIFTY,24895.25,1755853018
NIFTY,24894.9,1755853018
NIFTY,24894.45,1755853019
NIFTY,24895.6,1755853019
NIFTY,24895,1755853020
NIFTY,24895.25,1755853020
NIFTY,24895.15,1755853021
NIFTY,24895.5,1755853021
NIFTY,24895.7,1755853022
NIFTY,24895.75,1755853022
NIFTY,24895.8,1755853023
NIFTY,24895.95,1755853023
NIFTY,24896.75,1755853024
NIFTY,24896.85,1755853024
NIFTY,24896.35,1755853025
NIFTY,24897.2,1755853026
NIFTY,24896.85,1755853027
NIFTY,24897.05,1755853027
NIFTY,24896.85,1755853028
NIFTY,24897.05,1755853028
NIFTY,24896.55,1755853029
NIFTY,24896.3,1755853029
NIFTY,24896.25,1755853030
NIFTY,24896.5,1755853030
NIFTY,24896.3,1755853031
NIFTY,24895.35,1755853031
NIFTY,24896.65,1755853032
NIFTY,24895.6,1755853032
NIFTY,24895.7,1755853033
NIFTY,24895.1,1755853033
NIFTY,24896.45,1755853034
NIFTY,24896.15,1755853034
NIFTY,24895.55,1755853035
NIFTY,24895.5,1755853035
NIFTY,24896.45,1755853036
NIFTY,24896.55,1755853036
NIFTY,24896.05,1755853037
NIFTY,24896.7,1755853037
NIFTY,24896.85,1755853038
NIFTY,24896.65,1755853038
NIFTY,24896.6,1755853039
NIFTY,24896.35,1755853039
NIFTY,24896.3,1755853040
NIFTY,24895.9,1755853040
NIFTY,24895.25,1755853041
NIFTY,24895.5,1755853041
NIFTY,24895.8,1755853042
NIFTY,24895.9,1755853042
NIFTY,24895.4,1755853043
NIFTY,24896.6,1755853043
NIFTY,24896.45,1755853044
NIFTY,24896.7,1755853044
NIFTY,24896.6,1755853045
NIFTY,24896.1,1755853046
NIFTY,24897.3,1755853046
NIFTY,24897.6,1755853047
NIFTY,24897.7,1755853047
NIFTY,24897.9,1755853048
NIFTY,24897.75,1755853048
NIFTY,24897.45,1755853049
NIFTY,24897.4,1755853049
NIFTY,24897.9,1755853050
NIFTY,24897.5,1755853050
NIFTY,24897.1,1755853051
NIFTY,24896.9,1755853052
NIFTY,24898.05,1755853052
NIFTY,24897.3,1755853053
NIFTY,24897.35,1755853053
NIFTY,24898.4,1755853054
NIFTY,24898,1755853054
NIFTY,24897.45,1755853055
NIFTY,24898.1,1755853055
NIFTY,24897.6,1755853056
NIFTY,24898.5,1755853056
NIFTY,24898.3,1755853057
NIFTY,24898.7,1755853057
NIFTY,24898.05,1755853058
NIFTY,24898.7,1755853058
NIFTY,24898.25,1755853059
NIFTY,24898.4,1755853059
NIFTY,24898.7,1755853060
NIFTY,24898.6,1755853060
NIFTY,24898.25,1755853061
NIFTY,24898.85,1755853061
NIFTY,24898.6,1755853062
NIFTY,24898.4,1755853062
NIFTY,24898.45,1755853063
NIFTY,24898.65,1755853063
NIFTY,24898.8,1755853064
NIFTY,24898.75,1755853064
NIFTY,24898.95,1755853065
NIFTY,24898.3,1755853065
NIFTY,24898.8,1755853066
NIFTY,24898.65,1755853066
NIFTY,24898.85,1755853067
NIFTY,24899.45,1755853067
NIFTY,24899.6,1755853068
NIFTY,24899.4,1755853068
NIFTY,24899.75,1755853069
NIFTY,24899.7,1755853069
NIFTY,24900.55,1755853070
NIFTY,24900.6,1755853071
NIFTY,24900.3,1755853071
NIFTY,24900.55,1755853072
NIFTY,24902.15,1755853072
NIFTY,24902,1755853073
NIFTY,24902.9,1755853073
NIFTY,24902.45,1755853074
NIFTY,24901.35,1755853074
NIFTY,24902.4,1755853075
NIFTY,24901.55,1755853075
NIFTY,24901.45,1755853076
NIFTY,24902.1,1755853076
NIFTY,24902.5,1755853077
NIFTY,24902.4,1755853077
NIFTY,24903.15,1755853078
NIFTY,24903.1,1755853078
NIFTY,24902.35,1755853079
NIFTY,24903.05,1755853079
NIFTY,24902.3,1755853080
NIFTY,24902.95,1755853080
NIFTY,24903.4,1755853081
NIFTY,24902.8,1755853081
NIFTY,24903.3,1755853082
NIFTY,24904.35,1755853082
NIFTY,24904.5,1755853083
NIFTY,24904.2,1755853083
NIFTY,24904.35,1755853084
NIFTY,24904.65,1755853084
NIFTY,24904.85,1755853085
NIFTY,24904.7,1755853085
NIFTY,24904.55,1755853086
NIFTY,24904.9,1755853086
NIFTY,24904.5,1755853087
NIFTY,24905.25,1755853087
NIFTY,24904.4,1755853088
NIFTY,24904.75,1755853088
NIFTY,24904.1,1755853089
NIFTY,24904.35,1755853089
NIFTY,24904.65,1755853090
NIFTY,24904.5,1755853090
NIFTY,24904.55,1755853091
NIFTY,24904.95,1755853091
NIFTY,24903.5,1755853092
NIFTY,24905,1755853093
NIFTY,24905.25,1755853093
NIFTY,24905,1755853094
NIFTY,24905.45,1755853094
NIFTY,24905.3,1755853095
NIFTY,24905.8,1755853095
NIFTY,24906.2,1755853096
NIFTY,24906.45,1755853096
NIFTY,24905.9,1755853097
NIFTY,24906.8,1755853097
NIFTY,24906.3,1755853098
NIFTY,24906.4,1755853098
NIFTY,24906.05,1755853099
NIFTY,24906.3,1755853099
NIFTY,24906.1,1755853100
NIFTY,24906.25,1755853100
NIFTY,24906.05,1755853101
NIFTY,24906.25,1755853101
NIFTY,24905.8,1755853102
NIFTY,24906.3,1755853102
NIFTY,24906.1,1755853103
NIFTY,24906.8,1755853103
NIFTY,24906.55,1755853104
NIFTY,24906.6,1755853104
NIFTY,24905.8,1755853105
NIFTY,24906.3,1755853105
NIFTY,24905.45,1755853106
NIFTY,24906.7,1755853106
NIFTY,24906.5,1755853107
NIFTY,24907.8,1755853107
NIFTY,24905.95,1755853108
NIFTY,24906.95,1755853109
NIFTY,24907.35,1755853109
NIFTY,24907.45,1755853110
NIFTY,24907.7,1755853110
NIFTY,24907.25,1755853111
NIFTY,24906.3,1755853112
NIFTY,24907.15,1755853112
NIFTY,24907.25,1755853113
NIFTY,24907.1,1755853113
NIFTY,24907.4,1755853114
NIFTY,24907.6,1755853114
NIFTY,24907.15,1755853115
NIFTY,24905.95,1755853115
NIFTY,24907.4,1755853116
NIFTY,24906.05,1755853116
NIFTY,24907.25,1755853117
NIFTY,24906,1755853117
NIFTY,24907.15,1755853118
NIFTY,24907.5,1755853118
NIFTY,24907.15,1755853119
NIFTY,24906.6,1755853119
NIFTY,24907.4,1755853120
NIFTY,24907.1,1755853120
NIFTY,24907,1755853121
NIFTY,24907.3,1755853121
NIFTY,24907.1,1755853122
NIFTY,24907,1755853122
NIFTY,24906.65,1755853123
NIFTY,24906.8,1755853124
NIFTY,24906.9,1755853124
NIFTY,24906.4,1755853125
NIFTY,24906.8,1755853125
NIFTY,24907.05,1755853126
NIFTY,24907.15,1755853126
NIFTY,24906.45,1755853127
NIFTY,24907.65,1755853127
NIFTY,24906.95,1755853128
NIFTY,24906.8,1755853128
NIFTY,24907.05,1755853129
NIFTY,24906.9,1755853129
NIFTY,24906.2,1755853130
NIFTY,24906.1,1755853130
NIFTY,24905.45,1755853131
NIFTY,24904.5,1755853131
NIFTY,24905.85,1755853132
NIFTY,24905.4,1755853132
NIFTY,24904.85,1755853133
NIFTY,24905.9,1755853133
NIFTY,24905.4,1755853134
NIFTY,24905.35,1755853134
NIFTY,24905.55,1755853135
NIFTY,24905.2,1755853135
NIFTY,24904.3,1755853136
NIFTY,24905.3,1755853136
NIFTY,24905.45,1755853137
NIFTY,24905.75,1755853137
NIFTY,24905.3,1755853138
NIFTY,24906.25,1755853138
NIFTY,24905.65,1755853139
NIFTY,24906.35,1755853139
NIFTY,24905.3,1755853140
NIFTY,24905.7,1755853140
NIFTY,24906,1755853141
NIFTY,24906.35,1755853141
NIFTY,24905.75,1755853142
NIFTY,24906.25,1755853142
NIFTY,24906.15,1755853143
NIFTY,24905.85,1755853144
NIFTY,24905.6,1755853144
NIFTY,24905.2,1755853145
NIFTY,24905.95,1755853145
NIFTY,24906.1,1755853146
NIFTY,24905.95,1755853146
NIFTY,24906.2,1755853147
NIFTY,24905.55,1755853147
NIFTY,24906.45,1755853148
NIFTY,24905.9,1755853148
NIFTY,24905.4,1755853149
NIFTY,24905.1,1755853149
NIFTY,24905.65,1755853150
NIFTY,24904.9,1755853150
NIFTY,24905.6,1755853151
NIFTY,24905.4,1755853152
NIFTY,24905.65,1755853152
NIFTY,24905.75,1755853153
NIFTY,24905.45,1755853153
NIFTY,24905.65,1755853154
NIFTY,24906.05,1755853154
NIFTY,24905.55,1755853155
NIFTY,24906.05,1755853155
NIFTY,24906.55,1755853156
NIFTY,24906.5,1755853156
NIFTY,24906.2,1755853157
NIFTY,24905.95,1755853157
NIFTY,24906.4,1755853158
NIFTY,24906.1,1755853158
NIFTY,24905.95,1755853159
NIFTY,24905.85,1755853159
NIFTY,24905.45,1755853160
NIFTY,24905.95,1755853160
NIFTY,24905.15,1755853161
NIFTY,24905.8,1755853162
NIFTY,24904.6,1755853162
NIFTY,24904.7,1755853163
NIFTY,24905.9,1755853163
NIFTY,24905.45,1755853164
NIFTY,24905.5,1755853164
NIFTY,24906,1755853165
NIFTY,24905.95,1755853165
NIFTY,24905.5,1755853166
NIFTY,24906.65,1755853166
NIFTY,24907.5,1755853167
NIFTY,24907.05,1755853168
NIFTY,24906.6,1755853168
NIFTY,24906.55,1755853169
NIFTY,24907.4,1755853169
NIFTY,24907.25,1755853170
NIFTY,24906.5,1755853170
NIFTY,24906.6,1755853171
NIFTY,24907.05,1755853171
NIFTY,24907.25,1755853172
NIFTY,24907.15,1755853172
NIFTY,24907.2,1755853173
NIFTY,24907.45,1755853174
NIFTY,24907.15,1755853174
NIFTY,24907,1755853175
NIFTY,24907.15,1755853175
NIFTY,24907.25,1755853176
NIFTY,24907.95,1755853176
NIFTY,24907.4,1755853177
NIFTY,24907.15,1755853177
NIFTY,24907.05,1755853178
NIFTY,24908.1,1755853178
NIFTY,24907.15,1755853179
NIFTY,24906.9,1755853179
NIFTY,24907.65,1755853180
NIFTY,24907.35,1755853180
NIFTY,24907.75,1755853181
NIFTY,24907.5,1755853181
NIFTY,24907.2,1755853182
NIFTY,24906.8,1755853182
NIFTY,24907.25,1755853183
NIFTY,24907.05,1755853183
NIFTY,24906.75,1755853184
NIFTY,24907.25,1755853184
NIFTY,24907.1,1755853185
NIFTY,24906.9,1755853185
NIFTY,24906.85,1755853186
NIFTY,24907.2,1755853186
NIFTY,24906.6,1755853187
NIFTY,24907.35,1755853187
NIFTY,24907.15,1755853188
NIFTY,24906.85,1755853188
NIFTY,24907.45,1755853189
NIFTY,24906.85,1755853189
NIFTY,24906.6,1755853190
NIFTY,24907.25,1755853190
NIFTY,24907.1,1755853191
NIFTY,24907.3,1755853191
NIFTY,24907.05,1755853192
NIFTY,24906.6,1755853192
NIFTY,24906.8,1755853193
NIFTY,24907.2,1755853193
NIFTY,24906.95,1755853194
NIFTY,24907.05,1755853195
NIFTY,24906.55,1755853195
NIFTY,24906.6,1755853196
NIFTY,24907.1,1755853196
NIFTY,24906.55,1755853197
NIFTY,24905.55,1755853197
NIFTY,24905.6,1755853198
NIFTY,24905.65,1755853198
NIFTY,24905.05,1755853199
NIFTY,24905.7,1755853199
NIFTY,24905.95,1755853200
NIFTY,24906.2,1755853201
NIFTY,24906.45,1755853201
NIFTY,24905.55,1755853202
NIFTY,24906.35,1755853202
NIFTY,24906.25,1755853203
NIFTY,24906.1,1755853203
NIFTY,24905.3,1755853204
NIFTY,24905.15,1755853204
NIFTY,24904.95,1755853205
NIFTY,24904.4,1755853206
NIFTY,24905.55,1755853206
NIFTY,24905.4,1755853207
NIFTY,24905.25,1755853207
NIFTY,24904.3,1755853208
NIFTY,24905.55,1755853208
NIFTY,24905.5,1755853209
NIFTY,24905.05,1755853209
NIFTY,24905.15,1755853210
NIFTY,24905.05,1755853210
NIFTY,24904.95,1755853211
NIFTY,24904.7,1755853211
NIFTY,24904.2,1755853212
NIFTY,24904.25,1755853212
NIFTY,24904.45,1755853213
NIFTY,24903.8,1755853213
NIFTY,24904.9,1755853214
NIFTY,24904.35,1755853215
NIFTY,24903.8,1755853215
NIFTY,24904.05,1755853216
NIFTY,24903.85,1755853216
NIFTY,24903.6,1755853217
NIFTY,24903.95,1755853217
NIFTY,24903.4,1755853218
NIFTY,24903.3,1755853218
NIFTY,24903.55,1755853219
NIFTY,24903.3,1755853219
NIFTY,24902.95,1755853220
NIFTY,24904.1,1755853220
NIFTY,24903.7,1755853221
NIFTY,24903.5,1755853221
NIFTY,24903.45,1755853222
NIFTY,24903.5,1755853222
NIFTY,24903.3,1755853223
NIFTY,24902.8,1755853223
NIFTY,24902.45,1755853224
NIFTY,24903.3,1755853224
NIFTY,24903.4,1755853225
NIFTY,24903,1755853225
NIFTY,24902.85,1755853226
NIFTY,24903.5,1755853226
NIFTY,24903.2,1755853227
NIFTY,24903.7,1755853227
NIFTY,24902.9,1755853228
NIFTY,24903.4,1755853228
NIFTY,24903.3,1755853229
NIFTY,24903.5,1755853229
NIFTY,24902.45,1755853230
NIFTY,24903.2,1755853230
NIFTY,24903.05,1755853231
NIFTY,24903.1,1755853231
NIFTY,24902.7,1755853232
NIFTY,24902.75,1755853233
NIFTY,24902.65,1755853233
NIFTY,24903.3,1755853234
NIFTY,24903.25,1755853234
NIFTY,24902.8,1755853235
NIFTY,24902.1,1755853235
NIFTY,24901.8,1755853236
NIFTY,24903.25,1755853236
NIFTY,24903.55,1755853237
NIFTY,24903.35,1755853237
NIFTY,24903.2,1755853238
NIFTY,24903.7,1755853238
NIFTY,24903.3,1755853239
NIFTY,24903.15,1755853239
NIFTY,24903.3,1755853240
NIFTY,24903.1,1755853240
NIFTY,24902.75,1755853241
NIFTY,24903.35,1755853241
NIFTY,24903.45,1755853242
NIFTY,24902.65,1755853242
NIFTY,24901.7,1755853243
NIFTY,24901.9,1755853243
NIFTY,24902.3,1755853244
NIFTY,24902.9,1755853244
NIFTY,24902.5,1755853245
NIFTY,24902.4,1755853245
NIFTY,24902.75,1755853246
NIFTY,24902.9,1755853246
NIFTY,24901.1,1755853247
NIFTY,24902.7,1755853247
NIFTY,24901.95,1755853248
NIFTY,24901.2,1755853248
NIFTY,24901.85,1755853249
NIFTY,24901.8,1755853249
NIFTY,24901.9,1755853250
NIFTY,24901.85,1755853250
NIFTY,24901.5,1755853251
NIFTY,24901.75,1755853251
NIFTY,24901.6,1755853252
NIFTY,24901.5,1755853252
NIFTY,24901.1,1755853253
NIFTY,24901.9,1755853253
NIFTY,24901.85,1755853254
NIFTY,24901.55,1755853254
NIFTY,24901.6,1755853255
NIFTY,24902.25,1755853256
NIFTY,24902.1,1755853256
NIFTY,24901.85,1755853257
NIFTY,24902.2,1755853257
NIFTY,24902.15,1755853258
NIFTY,24902.25,1755853258
NIFTY,24901.85,1755853259
NIFTY,24902.45,1755853259
NIFTY,24902.1,1755853260
NIFTY,24902.4,1755853260
NIFTY,24902.7,1755853261
NIFTY,24902.65,1755853261
NIFTY,24902.75,1755853262
NIFTY,24902.65,1755853262
NIFTY,24902.25,1755853263
NIFTY,24902.3,1755853263
NIFTY,24902.05,1755853264
NIFTY,24902.3,1755853264
NIFTY,24902.15,1755853265
NIFTY,24901.75,1755853266
NIFTY,24902.15,1755853266
NIFTY,24901.65,1755853267
NIFTY,24901.95,1755853267
NIFTY,24902.15,1755853268
NIFTY,24902.05,1755853268
NIFTY,24901.75,1755853269
NIFTY,24901.4,1755853269
NIFTY,24900.8,1755853270
NIFTY,24901.05,1755853270
NIFTY,24900.5,1755853271
NIFTY,24901.1,1755853271
NIFTY,24900.85,1755853272
NIFTY,24900.9,1755853272
NIFTY,24901.45,1755853273
NIFTY,24901.15,1755853273
NIFTY,24901.7,1755853274
NIFTY,24901.15,1755853275
NIFTY,24901.2,1755853275
NIFTY,24901.1,1755853276
NIFTY,24901.45,1755853276
NIFTY,24900.8,1755853277
NIFTY,24900.4,1755853277
NIFTY,24900.7,1755853278
NIFTY,24900.95,1755853279
NIFTY,24899.55,1755853279
NIFTY,24901.2,1755853280
NIFTY,24900.7,1755853281
NIFTY,24901,1755853281
NIFTY,24901.45,1755853282
NIFTY,24901,1755853282
NIFTY,24900.95,1755853283
NIFTY,24901.35,1755853283
NIFTY,24900.5,1755853284
NIFTY,24900.8,1755853284
NIFTY,24901.5,1755853285
NIFTY,24901.4,1755853285
NIFTY,24900.85,1755853286
NIFTY,24901.45,1755853286
NIFTY,24901.6,1755853287
NIFTY,24902,1755853287
NIFTY,24901.5,1755853288
NIFTY,24900.85,1755853289
NIFTY,24900.8,1755853289
NIFTY,24901.35,1755853290
NIFTY,24901.1,1755853290
NIFTY,24899.55,1755853291
NIFTY,24900.55,1755853291
NIFTY,24900.8,1755853292
NIFTY,24901.15,1755853292
NIFTY,24901.1,1755853293
NIFTY,24900.8,1755853293
NIFTY,24901.4,1755853294
NIFTY,24900.85,1755853294
NIFTY,24900.4,1755853295
NIFTY,24900.55,1755853295
NIFTY,24900.1,1755853296
NIFTY,24900.8,1755853296
NIFTY,24900.55,1755853297
NIFTY,24901.75,1755853297
NIFTY,24901.2,1755853298
NIFTY,24901.3,1755853298
NIFTY,24900,1755853299
NIFTY,24900.2,1755853299
NIFTY,24900.65,1755853300
NIFTY,24900.4,1755853301
NIFTY,24900.6,1755853301
NIFTY,24900.8,1755853302
NIFTY,24899.8,1755853302
NIFTY,24899.95,1755853303
NIFTY,24900.2,1755853303
NIFTY,24899.7,1755853304
NIFTY,24900.55,1755853304
NIFTY,24900.6,1755853305
NIFTY,24900.55,1755853305
NIFTY,24900.35,1755853306
NIFTY,24900.3,1755853306
NIFTY,24900,1755853307
NIFTY,24901.15,1755853307
NIFTY,24900.15,1755853308
NIFTY,24900.2,1755853308
NIFTY,24900.25,1755853309
NIFTY,24900.55,1755853309
NIFTY,24900.45,1755853310
NIFTY,24900.8,1755853310
NIFTY,24900.65,1755853311
NIFTY,24899.85,1755853311
NIFTY,24900.45,1755853312
NIFTY,24900.8,1755853312
NIFTY,24900.6,1755853313
NIFTY,24900.85,1755853313
NIFTY,24900.6,1755853314
NIFTY,24900.75,1755853314
NIFTY,24900.7,1755853315
NIFTY,24900.5,1755853315
NIFTY,24900.25,1755853316
NIFTY,24901,1755853316
NIFTY,24901.1,1755853317
NIFTY,24900.85,1755853317
NIFTY,24901.3,1755853318
NIFTY,24901.35,1755853318
NIFTY,24900.9,1755853319
NIFTY,24900.95,1755853319
NIFTY,24900.6,1755853320
NIFTY,24900.55,1755853320
NIFTY,24900.7,1755853321
NIFTY,24900.25,1755853321
NIFTY,24900.35,1755853322
NIFTY,24900.95,1755853322
NIFTY,24900.8,1755853323
NIFTY,24900.85,1755853323
NIFTY,24900.5,1755853324
NIFTY,24900.65,1755853324
NIFTY,24899.9,1755853325
NIFTY,24900.6,1755853325
NIFTY,24900.05,1755853326
NIFTY,24900.1,1755853326
NIFTY,24900.3,1755853327
NIFTY,24900.35,1755853327
NIFTY,24899.95,1755853328
NIFTY,24900.6,1755853328
NIFTY,24900.25,1755853329
NIFTY,24900.35,1755853329
NIFTY,24900.3,1755853330
NIFTY,24900.4,1755853330
NIFTY,24900.2,1755853331
NIFTY,24900.45,1755853331
NIFTY,24899.7,1755853332
NIFTY,24900.35,1755853333
NIFTY,24900.2,1755853333
NIFTY,24900.05,1755853334
NIFTY,24900.2,1755853334
NIFTY,24899.85,1755853335
NIFTY,24899.6,1755853335
NIFTY,24900.15,1755853336
NIFTY,24899.8,1755853336
NIFTY,24899.1,1755853337
NIFTY,24899.85,1755853337
NIFTY,24899.55,1755853338
NIFTY,24899.45,1755853338
NIFTY,24899.55,1755853339
NIFTY,24899.35,1755853339
NIFTY,24899.15,1755853340
NIFTY,24900.1,1755853340
NIFTY,24900.05,1755853341
NIFTY,24899.65,1755853341
NIFTY,24899.4,1755853342
NIFTY,24899.15,1755853343
NIFTY,24899.85,1755853343
NIFTY,24899.6,1755853344
NIFTY,24899.15,1755853344
NIFTY,24899.45,1755853345
NIFTY,24898.75,1755853345
NIFTY,24899.1,1755853346
NIFTY,24899.05,1755853346
NIFTY,24899.1,1755853347
NIFTY,24899.35,1755853347
NIFTY,24899.4,1755853348
NIFTY,24899.95,1755853348
NIFTY,24898.8,1755853349
NIFTY,24898.85,1755853349
NIFTY,24898.75,1755853350
NIFTY,24898.6,1755853350
NIFTY,24898.3,1755853351
NIFTY,24898.65,1755853351
NIFTY,24898.2,1755853352
NIFTY,24898.65,1755853352
NIFTY,24898.5,1755853353
NIFTY,24897.45,1755853353
NIFTY,24898.2,1755853354
NIFTY,24898,1755853354
NIFTY,24897.9,1755853355
NIFTY,24898.15,1755853355
NIFTY,24897.95,1755853356
NIFTY,24898.2,1755853356
NIFTY,24898.05,1755853357
NIFTY,24897.7,1755853357
NIFTY,24897.25,1755853358
NIFTY,24897.4,1755853358
NIFTY,24897.1,1755853359
NIFTY,24896.95,1755853360
NIFTY,24896.75,1755853360
NIFTY,24896.9,1755853361
NIFTY,24897.5,1755853361
NIFTY,24895.3,1755853362
NIFTY,24897.1,1755853362
NIFTY,24895.4,1755853363
NIFTY,24896.8,1755853363
NIFTY,24896.95,1755853364
NIFTY,24896.25,1755853364
NIFTY,24897.4,1755853365
NIFTY,24896.85,1755853365
NIFTY,24897.45,1755853366
NIFTY,24897.35,1755853366
NIFTY,24896.55,1755853367
NIFTY,24897.4,1755853367
NIFTY,24897.25,1755853368
NIFTY,24897,1755853369
NIFTY,24896.9,1755853369
NIFTY,24896.75,1755853370
NIFTY,24896.3,1755853371
NIFTY,24896.25,1755853371
NIFTY,24896,1755853372
NIFTY,24895.65,1755853372
NIFTY,24895.9,1755853373
NIFTY,24896,1755853373
NIFTY,24895.25,1755853374
NIFTY,24895.3,1755853374
NIFTY,24895.1,1755853375
NIFTY,24895.25,1755853375
NIFTY,24895.05,1755853376
NIFTY,24896.1,1755853376
NIFTY,24895.9,1755853377
NIFTY,24896.15,1755853377
NIFTY,24895.35,1755853378
NIFTY,24894.95,1755853378
NIFTY,24894.05,1755853379
NIFTY,24895.5,1755853379
NIFTY,24894.85,1755853380
NIFTY,24894.45,1755853380
NIFTY,24893.4,1755853381
NIFTY,24894.25,1755853381
NIFTY,24893.45,1755853382
NIFTY,24894.15,1755853382
NIFTY,24893.4,1755853383
NIFTY,24893.35,1755853383
NIFTY,24893.5,1755853384
NIFTY,24893.35,1755853384
NIFTY,24892.8,1755853385
NIFTY,24892.75,1755853385
NIFTY,24891.5,1755853386
NIFTY,24892.6,1755853386
NIFTY,24892.95,1755853387
NIFTY,24892.65,1755853387
NIFTY,24892.45,1755853388
NIFTY,24893.05,1755853388
NIFTY,24891.85,1755853389
NIFTY,24892.45,1755853389
NIFTY,24892.35,1755853390
NIFTY,24892.2,1755853390
NIFTY,24892.55,1755853391
NIFTY,24892.65,1755853391
NIFTY,24892.3,1755853392
NIFTY,24891.8,1755853392
NIFTY,24892.05,1755853393
NIFTY,24891.75,1755853393
NIFTY,24891.65,1755853394
NIFTY,24892,1755853394
NIFTY,24891,1755853395
NIFTY,24885.8,1755853395
NIFTY,24878.4,1755853396
NIFTY,24880.5,1755853396
NIFTY,24879.9,1755853397
NIFTY,24876.4,1755853397
NIFTY,24877.35,1755853398
NIFTY,24874.2,1755853398
NIFTY,24876.6,1755853399
NIFTY,24876.45,1755853399
NIFTY,24875.7,1755853400
NIFTY,24877.45,1755853400
NIFTY,24877.1,1755853401
NIFTY,24876.55,1755853401
NIFTY,24877.45,1755853402
NIFTY,24876.3,1755853402
NIFTY,24875.85,1755853403
NIFTY,24876.7,1755853403
NIFTY,24876.3,1755853404
NIFTY,24876.1,1755853404
NIFTY,24875.9,1755853405
NIFTY,24875.25,1755853405
NIFTY,24875.85,1755853406
NIFTY,24876.65,1755853406
NIFTY,24876.75,1755853407
NIFTY,24878.55,1755853407
NIFTY,24878.95,1755853408
NIFTY,24878.7,1755853408
NIFTY,24879.8,1755853409
NIFTY,24879.5,1755853409
NIFTY,24878.35,1755853410
NIFTY,24878.45,1755853410
NIFTY,24880.35,1755853411
NIFTY,24879.9,1755853411
NIFTY,24879.7,1755853412
NIFTY,24881.25,1755853412
NIFTY,24881.2,1755853413
NIFTY,24881,1755853413
NIFTY,24881.05,1755853414
NIFTY,24880.6,1755853415
NIFTY,24880.95,1755853415
NIFTY,24881.15,1755853416
NIFTY,24881.25,1755853416
NIFTY,24881,1755853417
NIFTY,24881.4,1755853417
NIFTY,24880.45,1755853418
NIFTY,24880.85,1755853418
NIFTY,24881.1,1755853419
NIFTY,24881,1755853419
NIFTY,24881.3,1755853420
NIFTY,24879.8,1755853420
NIFTY,24879.65,1755853421
NIFTY,24880.55,1755853421
NIFTY,24879.8,1755853422
NIFTY,24878.85,1755853422
NIFTY,24879.5,1755853423
NIFTY,24879.8,1755853423
NIFTY,24879.9,1755853424
NIFTY,24880.25,1755853424
NIFTY,24879,1755853425
NIFTY,24878.5,1755853425
NIFTY,24878.8,1755853426
NIFTY,24878.9,1755853426
NIFTY,24879.95,1755853427
NIFTY,24879.65,1755853428
NIFTY,24878.55,1755853428
NIFTY,24878.05,1755853429
NIFTY,24877.95,1755853429
NIFTY,24876.8,1755853430
NIFTY,24878.5,1755853430
NIFTY,24878.3,1755853431
NIFTY,24878.55,1755853431
NIFTY,24878.45,1755853432
NIFTY,24878.05,1755853433
NIFTY,24878.65,1755853433
NIFTY,24878.15,1755853434
NIFTY,24877.95,1755853434
NIFTY,24876.6,1755853435
NIFTY,24877.1,1755853435
NIFTY,24876.65,1755853436
NIFTY,24877.35,1755853436
NIFTY,24877,1755853437
NIFTY,24878.2,1755853437
NIFTY,24877.45,1755853438
NIFTY,24877,1755853438
NIFTY,24876.75,1755853439
NIFTY,24877.7,1755853439
NIFTY,24876.2,1755853440
NIFTY,24877.4,1755853440
NIFTY,24877.85,1755853441
NIFTY,24877,1755853441
NIFTY,24876.4,1755853442
NIFTY,24877.2,1755853442
NIFTY,24875.95,1755853443
NIFTY,24875.25,1755853443
NIFTY,24876.05,1755853444
NIFTY,24875.35,1755853444
NIFTY,24874.9,1755853445
NIFTY,24876.2,1755853445
NIFTY,24874.9,1755853446
NIFTY,24875.45,1755853446
NIFTY,24874.95,1755853447
NIFTY,24875.55,1755853447
NIFTY,24875.6,1755853448
NIFTY,24876.15,1755853448
NIFTY,24875.9,1755853449
NIFTY,24875.2,1755853449
NIFTY,24876.35,1755853450
NIFTY,24875.85,1755853450
NIFTY,24875.5,1755853451
NIFTY,24875.7,1755853451
NIFTY,24876.7,1755853452
NIFTY,24876,1755853452
NIFTY,24875.55,1755853453
NIFTY,24876.75,1755853453
NIFTY,24876.6,1755853454
NIFTY,24876.35,1755853454
NIFTY,24874.65,1755853455
NIFTY,24875.2,1755853455
NIFTY,24875.3,1755853456
NIFTY,24876.05,1755853456
NIFTY,24875,1755853457
NIFTY,24876.1,1755853457
NIFTY,24874.95,1755853458
NIFTY,24875.1,1755853458
NIFTY,24875.4,1755853459
NIFTY,24875.7,1755853459
NIFTY,24875.15,1755853460
NIFTY,24876.4,1755853460
NIFTY,24876,1755853461
NIFTY,24876.5,1755853462
NIFTY,24876.2,1755853462
NIFTY,24876.4,1755853463
NIFTY,24877.4,1755853463
NIFTY,24877.1,1755853464
NIFTY,24876.6,1755853465
NIFTY,24876.45,1755853465
NIFTY,24876.1,1755853466
NIFTY,24877.3,1755853466
NIFTY,24877.05,1755853467
NIFTY,24876.75,1755853467
NIFTY,24877.8,1755853468
NIFTY,24877,1755853468
NIFTY,24877.55,1755853469
NIFTY,24876.65,1755853470
NIFTY,24876.1,1755853470
NIFTY,24877.55,1755853471
NIFTY,24876.7,1755853471
NIFTY,24876.95,1755853472
NIFTY,24877.25,1755853472
NIFTY,24877.55,1755853473
NIFTY,24876.9,1755853473
NIFTY,24877.3,1755853474
NIFTY,24876.7,1755853474
NIFTY,24877.35,1755853475
NIFTY,24877.5,1755853475
NIFTY,24877.6,1755853476
NIFTY,24876.9,1755853476
NIFTY,24876.95,1755853477
NIFTY,24877.7,1755853477
NIFTY,24877.3,1755853478
NIFTY,24878.05,1755853478
NIFTY,24877.15,1755853479
NIFTY,24877.1,1755853479
NIFTY,24878.05,1755853480
NIFTY,24877.35,1755853480
NIFTY,24877.75,1755853481
NIFTY,24878.15,1755853481
NIFTY,24878.1,1755853482
NIFTY,24877.95,1755853482
NIFTY,24878.3,1755853483
NIFTY,24877.85,1755853484
NIFTY,24878.55,1755853484
NIFTY,24878.35,1755853485
NIFTY,24878.3,1755853485
NIFTY,24878.15,1755853486
NIFTY,24878.75,1755853486
NIFTY,24878.8,1755853487
NIFTY,24878.7,1755853487
NIFTY,24878.5,1755853488
NIFTY,24878.05,1755853488
NIFTY,24878.65,1755853489
NIFTY,24878,1755853489
NIFTY,24877.6,1755853490
NIFTY,24878.1,1755853490
NIFTY,24877.15,1755853491
NIFTY,24878.35,1755853491
NIFTY,24878.55,1755853492
NIFTY,24878.15,1755853492
NIFTY,24877.9,1755853493
NIFTY,24878.45,1755853493
NIFTY,24878.3,1755853494
NIFTY,24878.2,1755853494
NIFTY,24878.15,1755853495
NIFTY,24877.8,1755853495
NIFTY,24878.05,1755853496
NIFTY,24878.75,1755853496
NIFTY,24878.9,1755853497
NIFTY,24878.45,1755853497
NIFTY,24878,1755853498
NIFTY,24878.4,1755853498
NIFTY,24878,1755853499
NIFTY,24878.45,1755853499
NIFTY,24877.9,1755853500
NIFTY,24876.95,1755853500
NIFTY,24878,1755853501
NIFTY,24877.45,1755853501
NIFTY,24877.35,1755853502
NIFTY,24877.05,1755853502
NIFTY,24876.6,1755853503
NIFTY,24876.55,1755853503
NIFTY,24876.9,1755853504
NIFTY,24877.4,1755853504
NIFTY,24877.1,1755853505
NIFTY,24877.05,1755853505
NIFTY,24875.85,1755853506
NIFTY,24876.75,1755853506
NIFTY,24876.45,1755853507
NIFTY,24877.15,1755853507
NIFTY,24877.2,1755853508
NIFTY,24877.25,1755853508
NIFTY,24876.35,1755853509
NIFTY,24876.6,1755853509
NIFTY,24876.45,1755853510
NIFTY,24875.9,1755853511
NIFTY,24876.65,1755853511
NIFTY,24876,1755853512
NIFTY,24875.45,1755853512
NIFTY,24876.55,1755853513
NIFTY,24876.65,1755853513
NIFTY,24876.2,1755853514
NIFTY,24876.35,1755853514
NIFTY,24876.55,1755853515
NIFTY,24875.85,1755853515
NIFTY,24877,1755853516
NIFTY,24876.95,1755853516
NIFTY,24877.15,1755853517
NIFTY,24877.3,1755853517
NIFTY,24877.1,1755853518
NIFTY,24877.95,1755853518
NIFTY,24878.3,1755853519
NIFTY,24877.95,1755853520
NIFTY,24879,1755853520
NIFTY,24879.5,1755853521
NIFTY,24879.7,1755853521
NIFTY,24880.2,1755853522
NIFTY,24880.55,1755853522
NIFTY,24880.4,1755853523
NIFTY,24881.3,1755853523
NIFTY,24880.85,1755853524
NIFTY,24881.35,1755853525
NIFTY,24881.15,1755853525
NIFTY,24881.55,1755853526
NIFTY,24881.7,1755853526
NIFTY,24881.8,1755853527
NIFTY,24882.25,1755853527
NIFTY,24883.35,1755853528
NIFTY,24882.9,1755853528
NIFTY,24882.3,1755853529
NIFTY,24882.9,1755853529
NIFTY,24882.6,1755853530
NIFTY,24882.2,1755853530
NIFTY,24882.25,1755853531
NIFTY,24881.75,1755853531
NIFTY,24882.35,1755853532
NIFTY,24882.4,1755853532
NIFTY,24881.85,1755853533
NIFTY,24881.65,1755853533
NIFTY,24882.3,1755853534
NIFTY,24882.4,1755853534
NIFTY,24882.25,1755853535
NIFTY,24882.95,1755853535
NIFTY,24882.45,1755853536
NIFTY,24882.5,1755853536
NIFTY,24883.2,1755853537
NIFTY,24882.85,1755853537
NIFTY,24882.9,1755853538
NIFTY,24882.6,1755853538
NIFTY,24881.9,1755853539
NIFTY,24882.3,1755853539
NIFTY,24882.2,1755853540
NIFTY,24882.55,1755853540
NIFTY,24882.45,1755853541
NIFTY,24882.55,1755853541
NIFTY,24881.95,1755853542
NIFTY,24882.45,1755853542
NIFTY,24882.5,1755853543
NIFTY,24881.55,1755853543
NIFTY,24882.2,1755853544
NIFTY,24882.55,1755853545
NIFTY,24882.6,1755853545
NIFTY,24881.9,1755853546
NIFTY,24882.35,1755853546
NIFTY,24882.15,1755853547
NIFTY,24882.8,1755853547
NIFTY,24882.55,1755853548
NIFTY,24882.5,1755853548
NIFTY,24882.75,1755853549
NIFTY,24882.35,1755853549
NIFTY,24882.25,1755853550
NIFTY,24883.05,1755853550
NIFTY,24882.8,1755853551
NIFTY,24882.65,1755853551
NIFTY,24883.1,1755853552
NIFTY,24882.6,1755853552
NIFTY,24883.5,1755853553
NIFTY,24883.2,1755853553
NIFTY,24883.05,1755853554
NIFTY,24883.15,1755853554
NIFTY,24883.35,1755853555
NIFTY,24883,1755853555
NIFTY,24882.2,1755853556
NIFTY,24882.85,1755853556
NIFTY,24883.2,1755853557
NIFTY,24883,1755853557
NIFTY,24883.85,1755853558
NIFTY,24883.35,1755853558
NIFTY,24883,1755853559
NIFTY,24883.8,1755853559
NIFTY,24882.75,1755853560
NIFTY,24882.45,1755853560
NIFTY,24883.25,1755853561
NIFTY,24883.2,1755853561
NIFTY,24882.7,1755853562
NIFTY,24881.5,1755853562
NIFTY,24881.95,1755853563
NIFTY,24881.6,1755853563
NIFTY,24881.2,1755853564
NIFTY,24881,1755853564
NIFTY,24881.6,1755853565
NIFTY,24880.8,1755853566
NIFTY,24881.75,1755853566
NIFTY,24881.7,1755853567
NIFTY,24881.95,1755853567
NIFTY,24881.75,1755853568
NIFTY,24882.15,1755853568
NIFTY,24881.4,1755853569
NIFTY,24881,1755853569
NIFTY,24881.25,1755853570
NIFTY,24880.8,1755853570
NIFTY,24881.4,1755853571
NIFTY,24881.05,1755853571
NIFTY,24879.15,1755853572
NIFTY,24880.95,1755853572
NIFTY,24881.6,1755853573
NIFTY,24881.3,1755853573
NIFTY,24881.05,1755853574
NIFTY,24881.65,1755853574
NIFTY,24881.7,1755853575
NIFTY,24881.15,1755853575
NIFTY,24881.6,1755853576
NIFTY,24881.3,1755853576
NIFTY,24881.7,1755853577
NIFTY,24880.85,1755853577
NIFTY,24881.05,1755853578
NIFTY,24880.8,1755853578
NIFTY,24881.65,1755853579
NIFTY,24880.95,1755853579
NIFTY,24881.45,1755853580
NIFTY,24880.85,1755853580
NIFTY,24881.6,1755853581
NIFTY,24880.9,1755853581
NIFTY,24881.65,1755853582
NIFTY,24881.35,1755853582
NIFTY,24881.6,1755853583
NIFTY,24881.65,1755853583
NIFTY,24881.15,1755853584
NIFTY,24881.25,1755853584
NIFTY,24881.8,1755853585
NIFTY,24881.95,1755853585
NIFTY,24882.25,1755853586
NIFTY,24882.6,1755853586
NIFTY,24882.3,1755853587
NIFTY,24881.55,1755853587
NIFTY,24882.25,1755853588
NIFTY,24881,1755853588
NIFTY,24880.45,1755853589
NIFTY,24880.75,1755853589
NIFTY,24880.35,1755853590
NIFTY,24881.65,1755853590
NIFTY,24881.15,1755853591
NIFTY,24881.9,1755853591
NIFTY,24881.5,1755853592
NIFTY,24880.75,1755853592
NIFTY,24882.05,1755853593
NIFTY,24881.65,1755853593
NIFTY,24880.65,1755853594
NIFTY,24881.5,1755853594
NIFTY,24881.3,1755853595
NIFTY,24882.15,1755853595
NIFTY,24882.1,1755853596
NIFTY,24881.65,1755853596
NIFTY,24881.85,1755853597
NIFTY,24881.15,1755853597
NIFTY,24880.75,1755853598
NIFTY,24881.75,1755853598
NIFTY,24881.25,1755853599
NIFTY,24881.6,1755853599
NIFTY,24881.55,1755853600
NIFTY,24880.85,1755853600
NIFTY,24881.25,1755853601
NIFTY,24882.3,1755853601
NIFTY,24882.45,1755853602
NIFTY,24881.6,1755853602
NIFTY,24881,1755853603
NIFTY,24881.85,1755853603
NIFTY,24881.4,1755853604
NIFTY,24881.8,1755853604
NIFTY,24881.25,1755853605
NIFTY,24880.15,1755853606
NIFTY,24880.65,1755853606
NIFTY,24880.15,1755853607
NIFTY,24879.65,1755853607
NIFTY,24879.5,1755853608
NIFTY,24880.35,1755853608
NIFTY,24880.2,1755853609
NIFTY,24880.05,1755853609
NIFTY,24879.65,1755853610
NIFTY,24880.55,1755853610
NIFTY,24879.55,1755853611
NIFTY,24880,1755853611
NIFTY,24880.25,1755853612
NIFTY,24880.3,1755853612
NIFTY,24880.1,1755853613
NIFTY,24880.8,1755853613
NIFTY,24879.8,1755853614
NIFTY,24879.7,1755853614
NIFTY,24879.95,1755853615
NIFTY,24879.5,1755853615
NIFTY,24879.15,1755853616
NIFTY,24879.45,1755853616
NIFTY,24879.4,1755853617
NIFTY,24878.8,1755853617
NIFTY,24879.4,1755853618
NIFTY,24879.6,1755853618
NIFTY,24879.2,1755853619
NIFTY,24879.5,1755853619
NIFTY,24879.15,1755853620
NIFTY,24878.8,1755853620
NIFTY,24879.35,1755853621
NIFTY,24879.9,1755853621
NIFTY,24879.4,1755853622
NIFTY,24879.45,1755853622
NIFTY,24878.4,1755853623
NIFTY,24878,1755853623
NIFTY,24878.4,1755853624
NIFTY,24878.5,1755853624
NIFTY,24877.35,1755853625
NIFTY,24878.35,1755853625
NIFTY,24877.85,1755853626
NIFTY,24878.5,1755853626
NIFTY,24878.45,1755853627
NIFTY,24878.6,1755853627
NIFTY,24878.35,1755853628
NIFTY,24878.95,1755853628
NIFTY,24877.8,1755853629
NIFTY,24878.55,1755853629
NIFTY,24878.75,1755853630
NIFTY,24878.5,1755853630
NIFTY,24877.95,1755853631
NIFTY,24878.45,1755853631
NIFTY,24878.15,1755853632
NIFTY,24878,1755853632
NIFTY,24877.95,1755853633
NIFTY,24877.4,1755853633
NIFTY,24877.55,1755853634
NIFTY,24877.85,1755853634
NIFTY,24877.6,1755853635
NIFTY,24877.5,1755853635
NIFTY,24877.65,1755853636
NIFTY,24877.85,1755853636
NIFTY,24877.25,1755853637
NIFTY,24876.6,1755853637
NIFTY,24875.65,1755853638
NIFTY,24876.8,1755853638
NIFTY,24876.7,1755853639
NIFTY,24877,1755853639
NIFTY,24876.8,1755853640
NIFTY,24876.85,1755853641
NIFTY,24877,1755853641
NIFTY,24877.75,1755853642
NIFTY,24877.55,1755853642
NIFTY,24877.35,1755853643
NIFTY,24877.75,1755853643
NIFTY,24877.65,1755853644
NIFTY,24878.3,1755853644
NIFTY,24878.1,1755853645
NIFTY,24877.55,1755853645
NIFTY,24877.4,1755853646
NIFTY,24878.1,1755853646
NIFTY,24878.45,1755853647
NIFTY,24878.3,1755853648
NIFTY,24877.8,1755853648
NIFTY,24878.55,1755853649
NIFTY,24878.2,1755853650
NIFTY,24878.25,1755853650
NIFTY,24878.6,1755853651
NIFTY,24878.7,1755853651
NIFTY,24878.25,1755853652
NIFTY,24879.95,1755853652
NIFTY,24879.6,1755853653
NIFTY,24879.2,1755853653
NIFTY,24880.05,1755853654
NIFTY,24879.25,1755853654
NIFTY,24878.95,1755853655
NIFTY,24880.2,1755853655
NIFTY,24879.6,1755853656
NIFTY,24879.85,1755853656
NIFTY,24879.15,1755853657
NIFTY,24879.45,1755853657
NIFTY,24879.15,1755853658
NIFTY,24878.75,1755853658
NIFTY,24878.4,1755853659
NIFTY,24878.75,1755853659
NIFTY,24878.4,1755853660
NIFTY,24878.8,1755853660
NIFTY,24878.6,1755853661
NIFTY,24879.15,1755853661
NIFTY,24878.65,1755853662
NIFTY,24878.7,1755853662
NIFTY,24879.75,1755853663
NIFTY,24879.3,1755853663
NIFTY,24879.05,1755853664
NIFTY,24879.6,1755853664
NIFTY,24879.15,1755853665
NIFTY,24877.55,1755853665
NIFTY,24879.05,1755853666
NIFTY,24878.9,1755853666
NIFTY,24878.35,1755853667
NIFTY,24879.55,1755853667
NIFTY,24878.9,1755853668
NIFTY,24879.2,1755853668
NIFTY,24878.7,1755853669
NIFTY,24879.45,1755853669
NIFTY,24880.3,1755853670
NIFTY,24879.75,1755853671
NIFTY,24879.95,1755853671
NIFTY,24880.15,1755853672
NIFTY,24880.45,1755853672
NIFTY,24879.6,1755853673
NIFTY,24880.3,1755853673
NIFTY,24880.6,1755853674
NIFTY,24880.65,1755853674
NIFTY,24880.3,1755853675
NIFTY,24880.25,1755853675
NIFTY,24880.75,1755853676
NIFTY,24879.95,1755853677
NIFTY,24880.85,1755853677
NIFTY,24881.1,1755853678
NIFTY,24880.5,1755853678
NIFTY,24880.1,1755853679
NIFTY,24879.3,1755853679
NIFTY,24879.15,1755853680
NIFTY,24880.05,1755853680
NIFTY,24880.25,1755853681
NIFTY,24880.05,1755853681
NIFTY,24879.7,1755853682
NIFTY,24880.4,1755853682
NIFTY,24880.45,1755853683
NIFTY,24880.05,1755853684
NIFTY,24879.7,1755853684
NIFTY,24879.95,1755853685
NIFTY,24880,1755853685
NIFTY,24879.65,1755853686
NIFTY,24878.55,1755853686
NIFTY,24879.95,1755853687
NIFTY,24880.05,1755853687
NIFTY,24879.85,1755853688
NIFTY,24880.2,1755853688
NIFTY,24879.65,1755853689
NIFTY,24880.15,1755853689
NIFTY,24879.5,1755853690
NIFTY,24879.65,1755853690
NIFTY,24878.4,1755853691
NIFTY,24879.45,1755853691
NIFTY,24879.2,1755853692
NIFTY,24879.45,1755853692
NIFTY,24879.75,1755853693
NIFTY,24878.5,1755853693
NIFTY,24879.25,1755853694
NIFTY,24880.1,1755853694
NIFTY,24879.75,1755853695
NIFTY,24879.9,1755853695
NIFTY,24878.7,1755853696
NIFTY,24880.45,1755853696
NIFTY,24879.7,1755853697
NIFTY,24880.45,1755853697
NIFTY,24880.25,1755853698
NIFTY,24880.3,1755853698
NIFTY,24880.6,1755853699
NIFTY,24880.75,1755853699
NIFTY,24880.45,1755853700
NIFTY,24881.15,1755853700
NIFTY,24880.8,1755853701
NIFTY,24881.2,1755853701
NIFTY,24881.45,1755853702
NIFTY,24881.05,1755853702
NIFTY,24880.8,1755853703
NIFTY,24880.9,1755853703
NIFTY,24880.6,1755853704
NIFTY,24880.35,1755853704
NIFTY,24880.4,1755853705
NIFTY,24880.35,1755853706
NIFTY,24881.9,1755853706
NIFTY,24881.55,1755853707
NIFTY,24882.35,1755853707
NIFTY,24881.85,1755853708
NIFTY,24881.4,1755853708
NIFTY,24881.75,1755853709
NIFTY,24881.35,1755853710
NIFTY,24881,1755853710
NIFTY,24881.25,1755853711
NIFTY,24882.15,1755853711
NIFTY,24881.8,1755853712
NIFTY,24882.45,1755853712
NIFTY,24882,1755853713
NIFTY,24881.4,1755853713
NIFTY,24881.65,1755853714
NIFTY,24881.4,1755853714
NIFTY,24880.8,1755853715
NIFTY,24880.95,1755853715
NIFTY,24881.1,1755853716
NIFTY,24881.4,1755853716
NIFTY,24880.95,1755853717
NIFTY,24881.6,1755853717
NIFTY,24881.05,1755853718
NIFTY,24881.25,1755853718
NIFTY,24881,1755853719
NIFTY,24881.1,1755853719
NIFTY,24881.75,1755853720
NIFTY,24881.25,1755853720
NIFTY,24881.55,1755853721
NIFTY,24882.3,1755853721
NIFTY,24882.6,1755853722
NIFTY,24882.5,1755853722
NIFTY,24882.4,1755853723
NIFTY,24882.6,1755853723
NIFTY,24882.25,1755853724
NIFTY,24883.05,1755853724
NIFTY,24882.6,1755853725
NIFTY,24882.85,1755853725
NIFTY,24882.55,1755853726
NIFTY,24883.95,1755853726
NIFTY,24883.55,1755853727
NIFTY,24884.85,1755853727
NIFTY,24884.3,1755853728
NIFTY,24884,1755853728
NIFTY,24883.8,1755853729
NIFTY,24883,1755853729
NIFTY,24883.4,1755853730
NIFTY,24883.35,1755853730
NIFTY,24883.55,1755853731
NIFTY,24883.4,1755853732
NIFTY,24882.6,1755853732
NIFTY,24881.45,1755853733
NIFTY,24883.5,1755853733
NIFTY,24883.3,1755853734
NIFTY,24882.3,1755853734
NIFTY,24882.65,1755853735
NIFTY,24883.1,1755853735
NIFTY,24882.65,1755853736
NIFTY,24883.6,1755853736
NIFTY,24882.85,1755853737
NIFTY,24883.35,1755853737
NIFTY,24882.05,1755853738
NIFTY,24881.55,1755853738
NIFTY,24882.2,1755853739
NIFTY,24883.6,1755853739
NIFTY,24883.25,1755853740
NIFTY,24882.5,1755853740
NIFTY,24882.75,1755853741
NIFTY,24882.35,1755853741
NIFTY,24882.15,1755853742
NIFTY,24883.15,1755853742
NIFTY,24882.85,1755853743
NIFTY,24881.8,1755853743
NIFTY,24882.3,1755853744
NIFTY,24883.05,1755853744
NIFTY,24882.85,1755853745
NIFTY,24883,1755853745
NIFTY,24883.25,1755853746
NIFTY,24883,1755853746
NIFTY,24883.25,1755853747
NIFTY,24883.1,1755853747
NIFTY,24882.9,1755853748
NIFTY,24883,1755853749
NIFTY,24883.4,1755853749
NIFTY,24883.3,1755853750
NIFTY,24883.25,1755853750
NIFTY,24884.05,1755853751
NIFTY,24884.1,1755853752
NIFTY,24883.3,1755853753
NIFTY,24884.05,1755853753
NIFTY,24884.15,1755853754
NIFTY,24884.3,1755853754
NIFTY,24884.15,1755853755
NIFTY,24884.3,1755853755
NIFTY,24883.85,1755853756
NIFTY,24884.5,1755853756
NIFTY,24884.3,1755853757
NIFTY,24884.5,1755853757
NIFTY,24884.3,1755853758
NIFTY,24884.9,1755853759
NIFTY,24884.85,1755853759
NIFTY,24884.9,1755853760
NIFTY,24886.05,1755853760
NIFTY,24885.9,1755853761
NIFTY,24885.4,1755853761
NIFTY,24885.65,1755853762
NIFTY,24885.4,1755853762
NIFTY,24885.25,1755853763
NIFTY,24885.55,1755853763
NIFTY,24885.65,1755853764
NIFTY,24885.5,1755853764
NIFTY,24885.8,1755853765
NIFTY,24884.9,1755853766
NIFTY,24886.1,1755853766
NIFTY,24885.65,1755853767
NIFTY,24887.5,1755853767
NIFTY,24886.15,1755853768
NIFTY,24885.85,1755853768
NIFTY,24885.9,1755853769
NIFTY,24886,1755853769
NIFTY,24886.3,1755853770
NIFTY,24886.25,1755853770
NIFTY,24886.35,1755853771
NIFTY,24886.75,1755853771
NIFTY,24887.15,1755853772
NIFTY,24887.65,1755853772
NIFTY,24887.55,1755853773
NIFTY,24887.25,1755853773
NIFTY,24887.3,1755853774
NIFTY,24887.2,1755853774
NIFTY,24887.5,1755853775
NIFTY,24887,1755853775
NIFTY,24886.85,1755853776
NIFTY,24887.95,1755853776
NIFTY,24886.75,1755853777
NIFTY,24887.55,1755853777
NIFTY,24886.75,1755853778
NIFTY,24887.5,1755853778
NIFTY,24886.25,1755853779
NIFTY,24887.4,1755853779
NIFTY,24887.45,1755853780
NIFTY,24887.05,1755853780
NIFTY,24887.15,1755853781
NIFTY,24887.5,1755853781
NIFTY,24887.25,1755853782
NIFTY,24887.45,1755853782
NIFTY,24886.95,1755853783
NIFTY,24887.55,1755853783
NIFTY,24887.35,1755853784
NIFTY,24887.65,1755853784
NIFTY,24887.45,1755853785
NIFTY,24886.5,1755853785
NIFTY,24886.7,1755853786
NIFTY,24886.8,1755853786
NIFTY,24886.4,1755853787
NIFTY,24886.7,1755853787
NIFTY,24886.3,1755853788
NIFTY,24885.45,1755853788
NIFTY,24886.55,1755853789
NIFTY,24886.15,1755853790
NIFTY,24886.3,1755853790
NIFTY,24885.7,1755853791
NIFTY,24885.75,1755853791
NIFTY,24886.6,1755853792
NIFTY,24886,1755853792
NIFTY,24885.8,1755853793
NIFTY,24886.75,1755853793
NIFTY,24886.55,1755853794
NIFTY,24885.4,1755853794
NIFTY,24886.55,1755853795
NIFTY,24885.15,1755853795
NIFTY,24885,1755853796
NIFTY,24885.25,1755853796
NIFTY,24886.1,1755853797
NIFTY,24886.4,1755853797
NIFTY,24886.95,1755853798
NIFTY,24886.55,1755853798
NIFTY,24886.1,1755853799
NIFTY,24886.7,1755853799
NIFTY,24886.3,1755853800
NIFTY,24886.45,1755853800
NIFTY,24886.65,1755853801
NIFTY,24886.85,1755853801
NIFTY,24886.2,1755853802
NIFTY,24887.05,1755853802
NIFTY,24886.95,1755853803
NIFTY,24886.9,1755853803
NIFTY,24886.55,1755853804
NIFTY,24885.65,1755853804
NIFTY,24886.55,1755853805
NIFTY,24886.7,1755853805
NIFTY,24886.25,1755853806
NIFTY,24886.4,1755853806
NIFTY,24886.15,1755853807
NIFTY,24886.6,1755853807
NIFTY,24886.55,1755853808
NIFTY,24885.7,1755853809
NIFTY,24885.85,1755853809
NIFTY,24885.1,1755853810
NIFTY,24884.8,1755853810
NIFTY,24885.4,1755853811
NIFTY,24885.3,1755853811
NIFTY,24884,1755853812
NIFTY,24883.45,1755853812
NIFTY,24883.9,1755853813
NIFTY,24883.8,1755853813
NIFTY,24884.4,1755853814
NIFTY,24884.35,1755853814
NIFTY,24883.85,1755853815
NIFTY,24883.55,1755853815
NIFTY,24883.25,1755853816
NIFTY,24884.1,1755853816
NIFTY,24883.6,1755853817
NIFTY,24884,1755853817
NIFTY,24883.65,1755853818
NIFTY,24881.85,1755853818
NIFTY,24882.45,1755853819
NIFTY,24883.5,1755853819
NIFTY,24882.95,1755853820
NIFTY,24883.8,1755853820
NIFTY,24883.65,1755853821
NIFTY,24882.35,1755853821
NIFTY,24883.6,1755853822
NIFTY,24883.3,1755853822
NIFTY,24883.05,1755853823
NIFTY,24883.7,1755853823
NIFTY,24883.6,1755853824
NIFTY,24882.65,1755853824
NIFTY,24883.4,1755853825
NIFTY,24883.5,1755853825
NIFTY,24883.6,1755853826
NIFTY,24884.4,1755853826
NIFTY,24884.25,1755853827
NIFTY,24884.4,1755853827
NIFTY,24884.7,1755853828
NIFTY,24884.65,1755853828
NIFTY,24884.7,1755853829
NIFTY,24885.15,1755853829
NIFTY,24884.65,1755853830
NIFTY,24884.75,1755853830
NIFTY,24884.55,1755853831
NIFTY,24884.85,1755853831
NIFTY,24884.65,1755853832
NIFTY,24885.35,1755853832
NIFTY,24884.65,1755853833
NIFTY,24885.05,1755853833
NIFTY,24885.5,1755853834
NIFTY,24885.7,1755853834
NIFTY,24885.1,1755853835
NIFTY,24885.45,1755853835
NIFTY,24885.15,1755853836
NIFTY,24886.05,1755853836
NIFTY,24885.6,1755853837
NIFTY,24885.55,1755853837
NIFTY,24885.45,1755853838
NIFTY,24885.6,1755853838
NIFTY,24885,1755853839
NIFTY,24884.8,1755853839
NIFTY,24885.25,1755853840
NIFTY,24884.85,1755853840
NIFTY,24885.15,1755853841
NIFTY,24885.85,1755853841
NIFTY,24885.2,1755853842
NIFTY,24884.95,1755853842
NIFTY,24885.55,1755853843
NIFTY,24886.65,1755853843
NIFTY,24886.6,1755853844
NIFTY,24887,1755853844
NIFTY,24887.15,1755853845
NIFTY,24887.1,1755853845
NIFTY,24887.8,1755853846
NIFTY,24887.55,1755853846
NIFTY,24887,1755853847
NIFTY,24887.45,1755853847
NIFTY,24887.05,1755853848
NIFTY,24886.7,1755853848
NIFTY,24887.05,1755853849
NIFTY,24886.95,1755853849
NIFTY,24886.75,1755853850
NIFTY,24887.55,1755853850
NIFTY,24886.55,1755853851
NIFTY,24886.4,1755853851
NIFTY,24886.9,1755853852
NIFTY,24886.55,1755853852
NIFTY,24886.1,1755853853
NIFTY,24886.75,1755853853
NIFTY,24886.65,1755853854
NIFTY,24886.5,1755853854
NIFTY,24886.75,1755853855
NIFTY,24886.8,1755853855
NIFTY,24886.15,1755853856
NIFTY,24887.4,1755853856
NIFTY,24887.55,1755853857
NIFTY,24887.35,1755853857
NIFTY,24887.6,1755853858
NIFTY,24886.65,1755853858
NIFTY,24886.85,1755853859
NIFTY,24887,1755853859
NIFTY,24886.9,1755853860
NIFTY,24887.05,1755853860
NIFTY,24887.2,1755853861
NIFTY,24886.95,1755853862
NIFTY,24887.2,1755853862
NIFTY,24886.65,1755853863
NIFTY,24886.35,1755853863
NIFTY,24886.75,1755853864
NIFTY,24886.35,1755853864
NIFTY,24886.25,1755853865
NIFTY,24886.9,1755853865
NIFTY,24886.95,1755853866
NIFTY,24886.9,1755853866
NIFTY,24886.5,1755853867
NIFTY,24887.05,1755853867
NIFTY,24886.65,1755853868
NIFTY,24886.75,1755853868
NIFTY,24886.45,1755853869
NIFTY,24886.75,1755853870
NIFTY,24886.35,1755853870
NIFTY,24886.05,1755853871
NIFTY,24886.55,1755853871
NIFTY,24886.8,1755853872
NIFTY,24886.25,1755853872
NIFTY,24886.15,1755853873
NIFTY,24886.25,1755853873
NIFTY,24886.05,1755853874
NIFTY,24886.65,1755853874
NIFTY,24886.6,1755853875
NIFTY,24886.5,1755853875
NIFTY,24886.2,1755853876
NIFTY,24885.8,1755853877
NIFTY,24886.4,1755853877
NIFTY,24886.6,1755853878
NIFTY,24886.35,1755853878
NIFTY,24886.6,1755853879
NIFTY,24886.15,1755853880
NIFTY,24886,1755853880
NIFTY,24886.2,1755853881
NIFTY,24886.35,1755853881
NIFTY,24886.75,1755853882
NIFTY,24886.55,1755853882
NIFTY,24885.8,1755853883
NIFTY,24886.35,1755853883
NIFTY,24886.25,1755853884
NIFTY,24885,1755853884
NIFTY,24886.35,1755853885
NIFTY,24885.1,1755853885
NIFTY,24885.9,1755853886
NIFTY,24886.6,1755853886
NIFTY,24886.3,1755853887
NIFTY,24886.9,1755853887
NIFTY,24886.7,1755853888
NIFTY,24886.75,1755853889
NIFTY,24886.65,1755853889
NIFTY,24886.6,1755853890
NIFTY,24886.5,1755853890
NIFTY,24887.1,1755853891
NIFTY,24886.9,1755853891
NIFTY,24886.85,1755853892
NIFTY,24887.2,1755853892
NIFTY,24886.75,1755853893
NIFTY,24886.15,1755853893
NIFTY,24887.5,1755853894
NIFTY,24887.45,1755853894
NIFTY,24887,1755853895
NIFTY,24887.4,1755853895
NIFTY,24887.2,1755853896
NIFTY,24888.15,1755853896
NIFTY,24887.95,1755853897
NIFTY,24888,1755853897
NIFTY,24887.5,1755853898
NIFTY,24887.7,1755853898
NIFTY,24886.85,1755853899
NIFTY,24887.15,1755853899
NIFTY,24887.7,1755853900
NIFTY,24886.8,1755853900
NIFTY,24887.25,1755853901
NIFTY,24888.45,1755853901
NIFTY,24888.2,1755853902
NIFTY,24888.1,1755853903
NIFTY,24887.1,1755853903
NIFTY,24887.55,1755853904
NIFTY,24888.75,1755853904
NIFTY,24888.6,1755853905
NIFTY,24888.4,1755853905
NIFTY,24888.7,1755853906
NIFTY,24889,1755853906
NIFTY,24888.85,1755853907
NIFTY,24889.35,1755853907
NIFTY,24889,1755853908
NIFTY,24888.85,1755853908
NIFTY,24889.55,1755853909
NIFTY,24889.1,1755853909
NIFTY,24888.55,1755853910
NIFTY,24889.3,1755853910
NIFTY,24889.45,1755853911
NIFTY,24889.25,1755853911
NIFTY,24889.55,1755853912
NIFTY,24889.35,1755853912
NIFTY,24888.95,1755853913
NIFTY,24888,1755853913
NIFTY,24888.85,1755853914
NIFTY,24889.1,1755853914
NIFTY,24890.45,1755853915
NIFTY,24889.75,1755853915
NIFTY,24889.6,1755853916
NIFTY,24890.35,1755853916
NIFTY,24890.3,1755853917
NIFTY,24890.4,1755853918
NIFTY,24889.85,1755853918
NIFTY,24889.95,1755853919
NIFTY,24890.1,1755853919
NIFTY,24890.75,1755853920
NIFTY,24890,1755853920
NIFTY,24890.2,1755853921
NIFTY,24889.9,1755853921
NIFTY,24890.45,1755853922
NIFTY,24890.9,1755853922
NIFTY,24890.35,1755853923
NIFTY,24888.8,1755853923
NIFTY,24890.3,1755853924
NIFTY,24889.8,1755853924
NIFTY,24890.15,1755853925
NIFTY,24889.15,1755853925
NIFTY,24889.85,1755853926
NIFTY,24890.25,1755853926
NIFTY,24889.5,1755853927
NIFTY,24890.8,1755853927
NIFTY,24890.25,1755853928
NIFTY,24891.15,1755853928
NIFTY,24890.3,1755853929
NIFTY,24890.55,1755853929
NIFTY,24890.9,1755853930
NIFTY,24890.25,1755853930
NIFTY,24890.45,1755853931
NIFTY,24891.05,1755853931
NIFTY,24891,1755853932
NIFTY,24890.65,1755853932
NIFTY,24891.15,1755853933
NIFTY,24890.2,1755853933
NIFTY,24890.7,1755853934
NIFTY,24891.5,1755853934
NIFTY,24891.25,1755853935
NIFTY,24891.65,1755853935
NIFTY,24891.85,1755853936
NIFTY,24891.15,1755853936
NIFTY,24891.2,1755853937
NIFTY,24891.7,1755853937
NIFTY,24891.95,1755853938
NIFTY,24891.9,1755853938
NIFTY,24891.8,1755853939
NIFTY,24890.05,1755853940
NIFTY,24891.7,1755853940
NIFTY,24891.2,1755853941
NIFTY,24891.7,1755853941
NIFTY,24891.3,1755853942
NIFTY,24890.9,1755853942
NIFTY,24890.6,1755853943
NIFTY,24889.6,1755853943
NIFTY,24890.95,1755853944
NIFTY,24891.25,1755853944
NIFTY,24891.2,1755853945
NIFTY,24891.15,1755853945
NIFTY,24891,1755853946
NIFTY,24891.65,1755853946
NIFTY,24891.6,1755853947
NIFTY,24891.75,1755853947
NIFTY,24889.45,1755853948
NIFTY,24890.1,1755853948
NIFTY,24889.95,1755853949
NIFTY,24889.85,1755853950
NIFTY,24889.45,1755853950
NIFTY,24889.95,1755853951
NIFTY,24889.45,1755853951
NIFTY,24888.85,1755853952
NIFTY,24889.8,1755853952
NIFTY,24889.65,1755853953
NIFTY,24889.35,1755853953
NIFTY,24889.5,1755853954
NIFTY,24889.4,1755853954
NIFTY,24889.55,1755853955
NIFTY,24890.05,1755853955
NIFTY,24889.7,1755853956
NIFTY,24890.15,1755853956
NIFTY,24889.85,1755853957
NIFTY,24889.6,1755853957
NIFTY,24889.75,1755853958
NIFTY,24889.8,1755853959
NIFTY,24889.7,1755853959
NIFTY,24889.3,1755853960
NIFTY,24889.6,1755853960
NIFTY,24890,1755853961
NIFTY,24890.35,1755853961
NIFTY,24890.1,1755853962
NIFTY,24889.65,1755853962
NIFTY,24890.2,1755853963
NIFTY,24888.65,1755853963
NIFTY,24889.6,1755853964
NIFTY,24889.85,1755853964
NIFTY,24889.7,1755853965
NIFTY,24889.5,1755853965
NIFTY,24889.55,1755853966
NIFTY,24889.85,1755853966
NIFTY,24889.35,1755853967
NIFTY,24889.4,1755853967
NIFTY,24889.3,1755853968
NIFTY,24889.55,1755853968
NIFTY,24889.75,1755853969
NIFTY,24889.45,1755853969
NIFTY,24889.15,1755853970
NIFTY,24889.7,1755853970
NIFTY,24890.05,1755853971
NIFTY,24889.55,1755853971
NIFTY,24889.85,1755853972
NIFTY,24889.75,1755853972
NIFTY,24889,1755853973
NIFTY,24888.65,1755853973
NIFTY,24889,1755853974
NIFTY,24889.35,1755853975
NIFTY,24889.45,1755853975
NIFTY,24888.5,1755853976
NIFTY,24890.15,1755853976
NIFTY,24889.85,1755853977
NIFTY,24889.6,1755853977
NIFTY,24889.8,1755853978
NIFTY,24889.3,1755853978
NIFTY,24888.95,1755853979
NIFTY,24889.4,1755853979
NIFTY,24889.25,1755853980
NIFTY,24889.1,1755853980
NIFTY,24889.2,1755853981
NIFTY,24888.55,1755853981
NIFTY,24888.8,1755853982
NIFTY,24889.3,1755853982
NIFTY,24889,1755853983
NIFTY,24887.95,1755853983
NIFTY,24888.15,1755853984
NIFTY,24888.65,1755853984
NIFTY,24888.95,1755853985
NIFTY,24887.45,1755853985
NIFTY,24887.25,1755853986
NIFTY,24888.85,1755853986
NIFTY,24887.4,1755853987
NIFTY,24888.85,1755853987
NIFTY,24888.15,1755853988
NIFTY,24888,1755853988
NIFTY,24888.35,1755853989
NIFTY,24887.95,1755853989
NIFTY,24887.75,1755853990
NIFTY,24887.3,1755853990
NIFTY,24886.05,1755853991
NIFTY,24887.25,1755853991
NIFTY,24887.3,1755853992
NIFTY,24886.8,1755853993
NIFTY,24886.1,1755853993
NIFTY,24886.4,1755853994
NIFTY,24886.85,1755853994
NIFTY,24887.1,1755853995
NIFTY,24886.9,1755853995
NIFTY,24887.3,1755853996
NIFTY,24886.8,1755853996
NIFTY,24887.15,1755853997
NIFTY,24886.85,1755853997
NIFTY,24886.65,1755853998
NIFTY,24887.5,1755853999
NIFTY,24887.2,1755853999
NIFTY,24887.45,1755854000
NIFTY,24887.75,1755854000
NIFTY,24887.8,1755854001
NIFTY,24887.35,1755854001
NIFTY,24887.6,1755854002
NIFTY,24887.55,1755854002
NIFTY,24887.3,1755854003
NIFTY,24887.2,1755854003
NIFTY,24886.55,1755854004
NIFTY,24886.05,1755854004
NIFTY,24885.95,1755854005
NIFTY,24887.15,1755854005
NIFTY,24886.4,1755854006
NIFTY,24887.45,1755854006
NIFTY,24885.9,1755854007
NIFTY,24887.7,1755854007
NIFTY,24887.6,1755854008
NIFTY,24887.15,1755854008
NIFTY,24886.75,1755854009
NIFTY,24887.05,1755854009
NIFTY,24886.2,1755854010
NIFTY,24886.9,1755854010
NIFTY,24887.1,1755854011
NIFTY,24887,1755854011
NIFTY,24885.8,1755854012
NIFTY,24887.35,1755854012
NIFTY,24886.15,1755854013
NIFTY,24886.2,1755854013
NIFTY,24886.8,1755854014
NIFTY,24886.6,1755854014
NIFTY,24885.9,1755854015
NIFTY,24886.75,1755854015
NIFTY,24886.65,1755854016
NIFTY,24887.45,1755854016
NIFTY,24886.5,1755854017
NIFTY,24887.05,1755854017
NIFTY,24887.3,1755854018
NIFTY,24887.45,1755854018
NIFTY,24886.15,1755854019
NIFTY,24886.8,1755854019
NIFTY,24886.35,1755854020
NIFTY,24885.7,1755854020
NIFTY,24886,1755854021
NIFTY,24886.6,1755854021
NIFTY,24886.5,1755854022
NIFTY,24886.4,1755854023
NIFTY,24885.5,1755854023
NIFTY,24886.15,1755854024
NIFTY,24885.6,1755854024
NIFTY,24886.15,1755854025
NIFTY,24885.7,1755854025
NIFTY,24885.8,1755854026
NIFTY,24886.95,1755854026
NIFTY,24886.15,1755854027
NIFTY,24887.25,1755854027
NIFTY,24887.2,1755854028
NIFTY,24886.75,1755854028
NIFTY,24886.9,1755854029
NIFTY,24886.15,1755854029
NIFTY,24886.1,1755854030
NIFTY,24886.4,1755854030
NIFTY,24886.5,1755854031
NIFTY,24886.95,1755854031
NIFTY,24886.75,1755854032
NIFTY,24886,1755854032
NIFTY,24885.75,1755854033
NIFTY,24885.35,1755854034
NIFTY,24886.6,1755854034
NIFTY,24886.85,1755854035
NIFTY,24886.45,1755854035
NIFTY,24884.75,1755854036
NIFTY,24886.6,1755854036
NIFTY,24886.5,1755854037
NIFTY,24886.8,1755854037
NIFTY,24886.55,1755854038
NIFTY,24886.6,1755854038
NIFTY,24886.25,1755854039
NIFTY,24886.55,1755854040
NIFTY,24885.6,1755854040
NIFTY,24886.6,1755854041
NIFTY,24885.6,1755854041
NIFTY,24885.3,1755854042
NIFTY,24886.4,1755854042
NIFTY,24885.9,1755854043
NIFTY,24885.5,1755854043
NIFTY,24886.2,1755854044
NIFTY,24886.7,1755854044
NIFTY,24886.25,1755854045
NIFTY,24886.55,1755854045
NIFTY,24886.4,1755854046
NIFTY,24887.1,1755854046
NIFTY,24886.8,1755854047
NIFTY,24886.45,1755854047
NIFTY,24886.2,1755854048
NIFTY,24886,1755854048
NIFTY,24885.85,1755854049
NIFTY,24885.75,1755854049
NIFTY,24886,1755854050
NIFTY,24885.95,1755854050
NIFTY,24885.9,1755854051
NIFTY,24886.4,1755854051
NIFTY,24886.05,1755854052
NIFTY,24885.2,1755854052
NIFTY,24884.2,1755854053
NIFTY,24883.05,1755854053
NIFTY,24883.45,1755854054
NIFTY,24885.25,1755854054
NIFTY,24885.3,1755854055
NIFTY,24884.95,1755854055
NIFTY,24883.35,1755854056
NIFTY,24885.2,1755854056
NIFTY,24884.5,1755854057
NIFTY,24884.7,1755854057
NIFTY,24884.5,1755854058
NIFTY,24883.9,1755854058
NIFTY,24884.4,1755854059
NIFTY,24883.95,1755854059
NIFTY,24882.9,1755854060
NIFTY,24884.3,1755854060
NIFTY,24884.5,1755854061
NIFTY,24884.25,1755854061
NIFTY,24884.7,1755854062
NIFTY,24884.35,1755854062
NIFTY,24884.6,1755854063
NIFTY,24883.75,1755854063
NIFTY,24883.9,1755854064
NIFTY,24884,1755854064
NIFTY,24884.1,1755854065
NIFTY,24883.75,1755854065
NIFTY,24883.7,1755854066
NIFTY,24884.6,1755854066
NIFTY,24884.2,1755854067
NIFTY,24884.4,1755854067
NIFTY,24884.45,1755854068
NIFTY,24883.05,1755854068
NIFTY,24883.8,1755854069
NIFTY,24884.15,1755854069
NIFTY,24883.8,1755854070
NIFTY,24883.9,1755854070
NIFTY,24884.2,1755854071
NIFTY,24882.65,1755854071
NIFTY,24884.05,1755854072
NIFTY,24884.4,1755854072
NIFTY,24884,1755854073
NIFTY,24883.15,1755854073
NIFTY,24883.95,1755854074
NIFTY,24883.55,1755854074
NIFTY,24883.85,1755854075
NIFTY,24883.95,1755854075
NIFTY,24883.6,1755854076
NIFTY,24885.05,1755854076
NIFTY,24884.65,1755854077
NIFTY,24885.1,1755854077
NIFTY,24884.9,1755854078
NIFTY,24884.45,1755854078
NIFTY,24884.1,1755854079
NIFTY,24884.05,1755854079
NIFTY,24884.3,1755854080
NIFTY,24884.25,1755854080
NIFTY,24884.65,1755854081
NIFTY,24885.6,1755854081
NIFTY,24885.15,1755854082
NIFTY,24885.75,1755854083
NIFTY,24884.3,1755854083
NIFTY,24884.6,1755854084
NIFTY,24886.25,1755854084
NIFTY,24885.7,1755854085
NIFTY,24886.4,1755854085
NIFTY,24886.45,1755854086
NIFTY,24886.65,1755854086
NIFTY,24886.5,1755854087
NIFTY,24887.25,1755854087
NIFTY,24887.2,1755854088
NIFTY,24887.3,1755854088
NIFTY,24886.95,1755854089
NIFTY,24886.7,1755854089
NIFTY,24886.35,1755854090
NIFTY,24887.05,1755854090
NIFTY,24885.35,1755854091
NIFTY,24886.8,1755854091
NIFTY,24887,1755854092
NIFTY,24886.15,1755854092
NIFTY,24885.6,1755854093
NIFTY,24886.55,1755854093
NIFTY,24885.95,1755854094
NIFTY,24886.45,1755854094
NIFTY,24886.1,1755854095
NIFTY,24886.2,1755854096
NIFTY,24887.25,1755854096
NIFTY,24887.6,1755854097
NIFTY,24888,1755854097
NIFTY,24887.85,1755854098
NIFTY,24887.95,1755854098
NIFTY,24887.75,1755854099
NIFTY,24888.2,1755854099
NIFTY,24888.05,1755854100
NIFTY,24887.9,1755854100
NIFTY,24888.3,1755854101
NIFTY,24889.2,1755854101
NIFTY,24888.8,1755854102
NIFTY,24889.4,1755854102
NIFTY,24889.2,1755854103
NIFTY,24888.8,1755854103
NIFTY,24888.5,1755854104
NIFTY,24888.1,1755854104
NIFTY,24888.25,1755854105
NIFTY,24889.05,1755854105
NIFTY,24888.55,1755854106
NIFTY,24889.05,1755854106
NIFTY,24889.35,1755854107
NIFTY,24889.45,1755854107
NIFTY,24889.1,1755854108
NIFTY,24889.25,1755854108
NIFTY,24888.75,1755854109
NIFTY,24889.35,1755854109
NIFTY,24888.75,1755854110
NIFTY,24888.95,1755854110
NIFTY,24888.9,1755854111
NIFTY,24889.3,1755854111
NIFTY,24888.6,1755854112
NIFTY,24888.75,1755854113
NIFTY,24888.6,1755854113
NIFTY,24888.65,1755854114
NIFTY,24888.95,1755854114
NIFTY,24888.85,1755854115
NIFTY,24888.1,1755854115
NIFTY,24888.3,1755854116
NIFTY,24889.15,1755854117
NIFTY,24889.25,1755854118
NIFTY,24889.15,1755854118
NIFTY,24888.9,1755854119
NIFTY,24888.65,1755854119
NIFTY,24888.2,1755854120
NIFTY,24888.7,1755854120
NIFTY,24888.2,1755854121
NIFTY,24888.1,1755854121
NIFTY,24888.8,1755854122
NIFTY,24888.35,1755854122
NIFTY,24887.9,1755854123
NIFTY,24888.75,1755854123
NIFTY,24888.65,1755854124
NIFTY,24888.75,1755854124
NIFTY,24889.1,1755854125
NIFTY,24889.05,1755854125
NIFTY,24888.6,1755854126
NIFTY,24889.45,1755854126
NIFTY,24889.2,1755854127
NIFTY,24889.25,1755854127
NIFTY,24889.3,1755854128
NIFTY,24889.45,1755854128
NIFTY,24889.05,1755854129
NIFTY,24889.45,1755854129
NIFTY,24889.55,1755854130
NIFTY,24889.4,1755854130
NIFTY,24889.8,1755854131
NIFTY,24889.35,1755854131
NIFTY,24889.2,1755854132
NIFTY,24889.25,1755854133
NIFTY,24889.6,1755854133
NIFTY,24890.15,1755854134
NIFTY,24890,1755854134
NIFTY,24889.8,1755854135
NIFTY,24890.25,1755854135
NIFTY,24889.95,1755854136
NIFTY,24890.35,1755854136
NIFTY,24889.75,1755854137
NIFTY,24890.35,1755854137
NIFTY,24890.1,1755854138
NIFTY,24891.25,1755854138
NIFTY,24890.8,1755854139
NIFTY,24891.75,1755854140
NIFTY,24891.1,1755854140
NIFTY,24891.25,1755854141
NIFTY,24892.05,1755854141
NIFTY,24892.15,1755854142
NIFTY,24892.25,1755854142
NIFTY,24892.6,1755854143
NIFTY,24892.45,1755854143
NIFTY,24892.3,1755854144
NIFTY,24892.1,1755854144
NIFTY,24891.3,1755854145
NIFTY,24891.25,1755854145
NIFTY,24892.35,1755854146
NIFTY,24893.45,1755854146
NIFTY,24893.15,1755854147
NIFTY,24893.75,1755854147
NIFTY,24892.5,1755854148
NIFTY,24893.4,1755854149
NIFTY,24892.8,1755854150
NIFTY,24892.5,1755854151
NIFTY,24892.55,1755854151
NIFTY,24893.55,1755854152
NIFTY,24892.9,1755854152
NIFTY,24892.75,1755854153
NIFTY,24893.4,1755854153
NIFTY,24893.05,1755854154
NIFTY,24893.2,1755854154
NIFTY,24893.05,1755854155
NIFTY,24892.85,1755854155
NIFTY,24893.05,1755854156
NIFTY,24893.55,1755854156
NIFTY,24893.05,1755854157
NIFTY,24893.2,1755854157
NIFTY,24893.35,1755854158
NIFTY,24893.3,1755854158
NIFTY,24893,1755854159
NIFTY,24892.95,1755854160
NIFTY,24892.05,1755854160
NIFTY,24892.1,1755854161
NIFTY,24891.95,1755854161
NIFTY,24892.05,1755854162
NIFTY,24892.25,1755854162
NIFTY,24892.55,1755854163
NIFTY,24891.8,1755854163
NIFTY,24891.25,1755854164
NIFTY,24890.85,1755854164
NIFTY,24891.55,1755854165
NIFTY,24892.05,1755854165
NIFTY,24891.6,1755854166
NIFTY,24892.05,1755854166
NIFTY,24891.9,1755854167
NIFTY,24892.3,1755854167
NIFTY,24891.6,1755854168
NIFTY,24892.05,1755854168
NIFTY,24891.2,1755854169
NIFTY,24890.75,1755854169
NIFTY,24891,1755854170
NIFTY,24890.1,1755854170
NIFTY,24886.4,1755854171
NIFTY,24885.55,1755854171
NIFTY,24884.5,1755854172
NIFTY,24884.3,1755854172
NIFTY,24883.6,1755854173
NIFTY,24884.1,1755854173
NIFTY,24884.2,1755854174
NIFTY,24884.15,1755854174
NIFTY,24884,1755854175
NIFTY,24884.5,1755854175
NIFTY,24883.75,1755854176
NIFTY,24884.1,1755854176
NIFTY,24883.6,1755854177
NIFTY,24884.7,1755854177
NIFTY,24884.65,1755854178
NIFTY,24884.2,1755854178
NIFTY,24884.6,1755854179
NIFTY,24883.85,1755854179
NIFTY,24883.5,1755854180
NIFTY,24883.85,1755854180
NIFTY,24883.75,1755854181
NIFTY,24883.95,1755854181
NIFTY,24883.8,1755854182
NIFTY,24883.7,1755854182
NIFTY,24883.95,1755854183
NIFTY,24882.95,1755854183
NIFTY,24882.55,1755854184
NIFTY,24883.1,1755854184
NIFTY,24882.9,1755854185
NIFTY,24882.65,1755854186
NIFTY,24883.35,1755854186
NIFTY,24882.95,1755854187
NIFTY,24883.15,1755854187
NIFTY,24883.4,1755854188
NIFTY,24882.55,1755854188
NIFTY,24882.65,1755854189
NIFTY,24882.45,1755854189
NIFTY,24882.4,1755854190
NIFTY,24882.15,1755854190
NIFTY,24881.55,1755854191
NIFTY,24882.25,1755854191
NIFTY,24882,1755854192
NIFTY,24882.95,1755854192
NIFTY,24883.15,1755854193
NIFTY,24882.2,1755854193
NIFTY,24882.25,1755854194
NIFTY,24882.55,1755854194
NIFTY,24882,1755854195
NIFTY,24881.85,1755854195
NIFTY,24881.35,1755854196
NIFTY,24882.2,1755854196
NIFTY,24882.45,1755854197
NIFTY,24882.3,1755854197
NIFTY,24881.65,1755854198
NIFTY,24881.7,1755854198
NIFTY,24882.2,1755854199
NIFTY,24881.7,1755854199
NIFTY,24882,1755854200
NIFTY,24880.65,1755854200
NIFTY,24881.65,1755854201
NIFTY,24882.3,1755854201
NIFTY,24881.9,1755854202
NIFTY,24881.5,1755854202
NIFTY,24882.1,1755854203
NIFTY,24880.85,1755854203
NIFTY,24880.75,1755854204
NIFTY,24881.4,1755854204
NIFTY,24881.55,1755854205
NIFTY,24881.95,1755854206
NIFTY,24882.8,1755854206
NIFTY,24882.65,1755854207
NIFTY,24883.25,1755854207
NIFTY,24882.8,1755854208
NIFTY,24882.95,1755854208
NIFTY,24883.25,1755854209
NIFTY,24882.75,1755854209
NIFTY,24883,1755854210
NIFTY,24883.3,1755854210
NIFTY,24882.9,1755854211
NIFTY,24883.55,1755854211
NIFTY,24883.65,1755854212
NIFTY,24882.5,1755854213
NIFTY,24883.55,1755854213
NIFTY,24883.25,1755854214
NIFTY,24883.6,1755854214
NIFTY,24883.85,1755854215
NIFTY,24882.8,1755854215
NIFTY,24882.6,1755854216
NIFTY,24884.35,1755854216
NIFTY,24884.55,1755854217
NIFTY,24884.6,1755854218
NIFTY,24884.05,1755854218
NIFTY,24884.45,1755854219
NIFTY,24884.75,1755854219
NIFTY,24884.5,1755854220
NIFTY,24884.15,1755854220
NIFTY,24883.8,1755854221
NIFTY,24884.35,1755854221
NIFTY,24883.65,1755854222
NIFTY,24885.3,1755854222
NIFTY,24884.15,1755854223
NIFTY,24884.8,1755854223
NIFTY,24884.3,1755854224
NIFTY,24884.05,1755854224
NIFTY,24883.95,1755854225
NIFTY,24884.1,1755854225
NIFTY,24883.8,1755854226
NIFTY,24883.9,1755854226
NIFTY,24884.1,1755854227
NIFTY,24884.35,1755854227
NIFTY,24884.1,1755854228
NIFTY,24884.25,1755854228
NIFTY,24883.65,1755854229
NIFTY,24883.75,1755854229
NIFTY,24884.15,1755854230
NIFTY,24883.75,1755854230
NIFTY,24883.3,1755854231
NIFTY,24884.1,1755854231
NIFTY,24883.5,1755854232
NIFTY,24883.85,1755854232
NIFTY,24884,1755854233
NIFTY,24883.7,1755854233
NIFTY,24883.5,1755854234
NIFTY,24884.15,1755854234
NIFTY,24883.65,1755854235
NIFTY,24883.75,1755854235
NIFTY,24884.2,1755854236
NIFTY,24883.7,1755854237
NIFTY,24884.6,1755854237
NIFTY,24884.15,1755854238
NIFTY,24883.9,1755854238
NIFTY,24884.55,1755854239
NIFTY,24883.6,1755854239
NIFTY,24883.35,1755854240
NIFTY,24884.1,1755854240
NIFTY,24884.05,1755854241
NIFTY,24883.7,1755854241
NIFTY,24884,1755854242
NIFTY,24883.65,1755854242
NIFTY,24883.6,1755854243
NIFTY,24883.65,1755854243
NIFTY,24883.4,1755854244
NIFTY,24882.9,1755854244
NIFTY,24882.85,1755854245
NIFTY,24882.65,1755854245
NIFTY,24882.55,1755854246
NIFTY,24882.9,1755854246
NIFTY,24882.8,1755854247
NIFTY,24883.15,1755854247
NIFTY,24882.75,1755854248
NIFTY,24882.7,1755854248
NIFTY,24882.5,1755854249
NIFTY,24883.1,1755854249
NIFTY,24882.95,1755854250
NIFTY,24883,1755854250
NIFTY,24882.75,1755854251
NIFTY,24882.85,1755854251
NIFTY,24882.4,1755854252
NIFTY,24883.2,1755854252
NIFTY,24882.95,1755854253
NIFTY,24882.85,1755854253
NIFTY,24882.8,1755854254
NIFTY,24882.25,1755854255
NIFTY,24882.8,1755854255
NIFTY,24882.55,1755854256
NIFTY,24883.35,1755854256
NIFTY,24883.25,1755854257
NIFTY,24883.35,1755854257
NIFTY,24882.5,1755854258
NIFTY,24882,1755854258
NIFTY,24881.75,1755854259
NIFTY,24882.3,1755854259
NIFTY,24882.55,1755854260
NIFTY,24882.15,1755854260
NIFTY,24882.05,1755854261
NIFTY,24882.7,1755854261
NIFTY,24882.5,1755854262
NIFTY,24882,1755854262
NIFTY,24882.4,1755854263
NIFTY,24881.95,1755854263
NIFTY,24883.6,1755854264
NIFTY,24883.35,1755854265
NIFTY,24883.45,1755854265
NIFTY,24883.2,1755854266
NIFTY,24883.75,1755854266
NIFTY,24883.4,1755854267
NIFTY,24884.1,1755854267
NIFTY,24883.8,1755854268
NIFTY,24884.6,1755854268
NIFTY,24884.65,1755854269
NIFTY,24883.9,1755854269
NIFTY,24883.55,1755854270
NIFTY,24884.55,1755854270
NIFTY,24883.65,1755854271
NIFTY,24883.4,1755854271
NIFTY,24883.75,1755854272
NIFTY,24882.65,1755854272
NIFTY,24882.25,1755854273
NIFTY,24883.2,1755854273
NIFTY,24883.05,1755854274
NIFTY,24883.1,1755854274
NIFTY,24882.9,1755854275
NIFTY,24882.65,1755854275
NIFTY,24882.8,1755854276
NIFTY,24883.05,1755854276
NIFTY,24883.25,1755854277
NIFTY,24883.35,1755854277
NIFTY,24883.4,1755854278
NIFTY,24883.05,1755854278
NIFTY,24882.75,1755854279
NIFTY,24882.8,1755854279
NIFTY,24882.5,1755854280
NIFTY,24882.9,1755854280
NIFTY,24882.95,1755854281
NIFTY,24883.35,1755854281
NIFTY,24882.55,1755854282
NIFTY,24883.4,1755854282
NIFTY,24882.45,1755854283
NIFTY,24882.55,1755854284
NIFTY,24882.7,1755854284
NIFTY,24882.6,1755854285
NIFTY,24883.3,1755854285
NIFTY,24883.4,1755854286
NIFTY,24883.55,1755854286
NIFTY,24883.65,1755854287
NIFTY,24883.9,1755854287
NIFTY,24883.35,1755854288
NIFTY,24883.75,1755854288
NIFTY,24883.25,1755854289
NIFTY,24882.55,1755854289
NIFTY,24883.15,1755854290
NIFTY,24883,1755854290
NIFTY,24882.4,1755854291
NIFTY,24882.75,1755854291
NIFTY,24882.9,1755854292
NIFTY,24882.75,1755854292
NIFTY,24882.6,1755854293
NIFTY,24882.65,1755854293
NIFTY,24882.3,1755854294
NIFTY,24883.05,1755854294
NIFTY,24882.75,1755854295
NIFTY,24882.6,1755854295
NIFTY,24883.2,1755854296
NIFTY,24883.1,1755854296
NIFTY,24882.6,1755854297
NIFTY,24883.95,1755854297
NIFTY,24883.65,1755854298
NIFTY,24883.45,1755854298
NIFTY,24883.35,1755854299
NIFTY,24882.95,1755854300
NIFTY,24883.45,1755854300
NIFTY,24883.05,1755854301
NIFTY,24883.3,1755854301
NIFTY,24883.35,1755854302
NIFTY,24882.95,1755854303
NIFTY,24883.55,1755854303
NIFTY,24883.4,1755854304
NIFTY,24883.1,1755854304
NIFTY,24883.2,1755854305
NIFTY,24882.95,1755854305
NIFTY,24882.75,1755854306
NIFTY,24883.5,1755854306
NIFTY,24883.4,1755854307
NIFTY,24883.5,1755854307
NIFTY,24883.3,1755854308
NIFTY,24883.2,1755854308
NIFTY,24883.15,1755854309
NIFTY,24883.45,1755854309
NIFTY,24882.85,1755854310
NIFTY,24882.9,1755854310
NIFTY,24882.3,1755854311
NIFTY,24882.35,1755854311
NIFTY,24884.1,1755854312
NIFTY,24883.3,1755854312
NIFTY,24883.55,1755854313
NIFTY,24883.75,1755854314
NIFTY,24883.05,1755854314
NIFTY,24882.85,1755854315
NIFTY,24883.35,1755854315
NIFTY,24882.65,1755854316
NIFTY,24883.5,1755854316
NIFTY,24883.25,1755854317
NIFTY,24883.1,1755854317
NIFTY,24883.4,1755854318
NIFTY,24884.2,1755854318
NIFTY,24882.45,1755854319
NIFTY,24883.75,1755854319
NIFTY,24883.7,1755854320
NIFTY,24883.45,1755854320
NIFTY,24883.4,1755854321
NIFTY,24883.75,1755854321
NIFTY,24883.2,1755854322
NIFTY,24884,1755854323
NIFTY,24883.7,1755854323
NIFTY,24883.65,1755854324
NIFTY,24883.95,1755854324
NIFTY,24883.75,1755854325
NIFTY,24883.3,1755854326
NIFTY,24884.35,1755854326
NIFTY,24884.15,1755854327
NIFTY,24884.7,1755854327
NIFTY,24883.95,1755854328
NIFTY,24884,1755854328
NIFTY,24884.65,1755854329
NIFTY,24883.75,1755854329
NIFTY,24883.8,1755854330
NIFTY,24884.7,1755854330
NIFTY,24884.8,1755854331
NIFTY,24883.55,1755854331
NIFTY,24884.4,1755854332
NIFTY,24884.15,1755854332
NIFTY,24883.9,1755854333
NIFTY,24884.85,1755854333
NIFTY,24884.3,1755854334
NIFTY,24884.35,1755854334
NIFTY,24884.65,1755854335
NIFTY,24883.85,1755854335
NIFTY,24883.75,1755854336
NIFTY,24884.65,1755854336
NIFTY,24884.35,1755854337
NIFTY,24884.3,1755854337
NIFTY,24884.7,1755854338
NIFTY,24883.85,1755854338
NIFTY,24884.15,1755854339
NIFTY,24884.05,1755854339
NIFTY,24883.25,1755854340
NIFTY,24884.45,1755854340
NIFTY,24883.65,1755854341
NIFTY,24884.2,1755854341
NIFTY,24884.05,1755854342
NIFTY,24884.75,1755854343
NIFTY,24884,1755854343
NIFTY,24884.7,1755854344
NIFTY,24883.35,1755854344
NIFTY,24883.5,1755854345
NIFTY,24884.45,1755854345
NIFTY,24884.55,1755854346
NIFTY,24884.25,1755854346
NIFTY,24883.85,1755854347
NIFTY,24884.5,1755854347
NIFTY,24884.6,1755854348
NIFTY,24886.25,1755854348
NIFTY,24884.65,1755854349
NIFTY,24885.3,1755854349
NIFTY,24884.85,1755854350
NIFTY,24885,1755854351
NIFTY,24885.35,1755854351
NIFTY,24884.6,1755854352
NIFTY,24884.9,1755854352
NIFTY,24885.25,1755854353
NIFTY,24885.35,1755854353
NIFTY,24885,1755854354
NIFTY,24885.65,1755854354
NIFTY,24885.1,1755854355
NIFTY,24885.25,1755854356
NIFTY,24886.1,1755854356
NIFTY,24885.25,1755854357
NIFTY,24886.7,1755854357
NIFTY,24886.45,1755854358
NIFTY,24885.95,1755854358
NIFTY,24886.45,1755854359
NIFTY,24886.35,1755854359
NIFTY,24885.7,1755854360
NIFTY,24886.4,1755854360
NIFTY,24886.05,1755854361
NIFTY,24886,1755854361
NIFTY,24886.1,1755854362
NIFTY,24885.35,1755854362
NIFTY,24885.2,1755854363
NIFTY,24886.45,1755854363
NIFTY,24885.3,1755854364
NIFTY,24885.9,1755854364
NIFTY,24886.2,1755854365
NIFTY,24885.65,1755854366
NIFTY,24886.45,1755854366
NIFTY,24886.15,1755854367
NIFTY,24886.95,1755854367
NIFTY,24886.85,1755854368
NIFTY,24886.4,1755854368
NIFTY,24886,1755854369
NIFTY,24886.2,1755854369
NIFTY,24886.15,1755854370
NIFTY,24886.2,1755854370
NIFTY,24885.5,1755854371
NIFTY,24886.15,1755854371
NIFTY,24886.35,1755854372
NIFTY,24885.95,1755854372
NIFTY,24886.25,1755854373
NIFTY,24885.9,1755854373
NIFTY,24886.2,1755854374
NIFTY,24886.55,1755854374
NIFTY,24886.05,1755854375
NIFTY,24886.7,1755854375
NIFTY,24886.35,1755854376
NIFTY,24887,1755854376
NIFTY,24883.5,1755854377
NIFTY,24886.4,1755854377
NIFTY,24885.55,1755854378
NIFTY,24885.8,1755854378
NIFTY,24886.55,1755854379
NIFTY,24886.6,1755854379
NIFTY,24886.35,1755854380
NIFTY,24886.15,1755854380
NIFTY,24886.25,1755854381
NIFTY,24886.7,1755854381
NIFTY,24886.3,1755854382
NIFTY,24886.25,1755854382
NIFTY,24887.35,1755854383
NIFTY,24886.75,1755854383
NIFTY,24885.6,1755854384
NIFTY,24886.95,1755854384
NIFTY,24885.4,1755854385
NIFTY,24885.45,1755854385
NIFTY,24886.15,1755854386
NIFTY,24885.8,1755854386
NIFTY,24885.65,1755854387
NIFTY,24886.8,1755854387
NIFTY,24886.25,1755854388
NIFTY,24885.35,1755854388
NIFTY,24885.65,1755854389
NIFTY,24887.1,1755854389
NIFTY,24886.4,1755854390
NIFTY,24886.95,1755854390
NIFTY,24886.9,1755854391
NIFTY,24886.95,1755854391
NIFTY,24886.6,1755854392
NIFTY,24886.35,1755854392
NIFTY,24886.05,1755854393
NIFTY,24886.65,1755854393
NIFTY,24886.55,1755854394
NIFTY,24886.2,1755854394
NIFTY,24885.95,1755854395
NIFTY,24886.35,1755854396
NIFTY,24885.95,1755854396
NIFTY,24886.15,1755854397
NIFTY,24886.95,1755854397
NIFTY,24886.7,1755854398
NIFTY,24885.3,1755854398
NIFTY,24885.5,1755854399
NIFTY,24886.75,1755854399
NIFTY,24886.85,1755854400
NIFTY,24886.35,1755854400
NIFTY,24885.8,1755854401
NIFTY,24885.85,1755854401
NIFTY,24886.15,1755854402
NIFTY,24887.2,1755854402
NIFTY,24886.8,1755854403
NIFTY,24886.95,1755854403
NIFTY,24887.15,1755854404
NIFTY,24887,1755854404
NIFTY,24886.85,1755854405
NIFTY,24887.1,1755854405
NIFTY,24887.2,1755854406
NIFTY,24887,1755854406
NIFTY,24886.3,1755854407
NIFTY,24886.45,1755854407
NIFTY,24886.3,1755854408
NIFTY,24886.2,1755854408
NIFTY,24886.9,1755854409
NIFTY,24886.4,1755854409
NIFTY,24886.15,1755854410
NIFTY,24885.7,1755854410
NIFTY,24885.45,1755854411
NIFTY,24886,1755854411
NIFTY,24885.9,1755854412
NIFTY,24886.1,1755854412
NIFTY,24885.4,1755854413
NIFTY,24885.55,1755854414
NIFTY,24885.85,1755854414
NIFTY,24885.7,1755854415
NIFTY,24886.2,1755854415
NIFTY,24886.4,1755854416
NIFTY,24886.85,1755854416
NIFTY,24886.25,1755854417
NIFTY,24886.85,1755854417
NIFTY,24885.55,1755854418
NIFTY,24886.5,1755854418
NIFTY,24886.6,1755854419
NIFTY,24886.4,1755854419
NIFTY,24885.7,1755854420
NIFTY,24886.95,1755854420
NIFTY,24886.9,1755854421
NIFTY,24886.75,1755854421
NIFTY,24886.7,1755854422
NIFTY,24886.4,1755854422
NIFTY,24886.55,1755854423
NIFTY,24886.2,1755854423
NIFTY,24886.55,1755854424
NIFTY,24886.95,1755854425
NIFTY,24886.4,1755854425
NIFTY,24886.35,1755854426
NIFTY,24886.9,1755854426
NIFTY,24886.65,1755854427
NIFTY,24887,1755854427
NIFTY,24886.85,1755854428
NIFTY,24886.65,1755854428
NIFTY,24887.1,1755854429
NIFTY,24886.8,1755854429
NIFTY,24886.2,1755854430
NIFTY,24886.55,1755854430
NIFTY,24886.85,1755854431
NIFTY,24886.3,1755854431
NIFTY,24886.15,1755854432
NIFTY,24887.25,1755854432
NIFTY,24887.35,1755854433
NIFTY,24887.3,1755854433
NIFTY,24887.1,1755854434
NIFTY,24887,1755854434
NIFTY,24887.05,1755854435
NIFTY,24887.4,1755854435
NIFTY,24887,1755854436
NIFTY,24887.25,1755854436
NIFTY,24886.95,1755854437
NIFTY,24887.2,1755854437
NIFTY,24886.75,1755854438
NIFTY,24886.95,1755854438
NIFTY,24886.65,1755854439
NIFTY,24886.8,1755854439
NIFTY,24887.2,1755854440
NIFTY,24887.1,1755854440
NIFTY,24887.6,1755854441
NIFTY,24887.45,1755854441
NIFTY,24887.4,1755854442
NIFTY,24887.85,1755854443
NIFTY,24887.45,1755854443
NIFTY,24887.05,1755854444
NIFTY,24887.6,1755854444
NIFTY,24887.45,1755854445
NIFTY,24887.25,1755854445
NIFTY,24887.4,1755854446
NIFTY,24887.6,1755854446
NIFTY,24887.4,1755854447
NIFTY,24888.1,1755854447
NIFTY,24887.75,1755854448
NIFTY,24887.25,1755854448
NIFTY,24887.2,1755854449
NIFTY,24886.75,1755854449
NIFTY,24887,1755854450
NIFTY,24886.55,1755854451
NIFTY,24887.4,1755854451
NIFTY,24887.9,1755854452
NIFTY,24887.3,1755854452
NIFTY,24886.75,1755854453
NIFTY,24887.15,1755854453
NIFTY,24887.05,1755854454
NIFTY,24887.5,1755854454
NIFTY,24886.95,1755854455
NIFTY,24886.8,1755854455
NIFTY,24886.55,1755854456
NIFTY,24887.05,1755854456
NIFTY,24886.9,1755854457
NIFTY,24886.75,1755854457
NIFTY,24886.85,1755854458
NIFTY,24886.3,1755854458
NIFTY,24886.75,1755854459
NIFTY,24886.55,1755854459
NIFTY,24886.4,1755854460
NIFTY,24886.6,1755854460
NIFTY,24886.25,1755854461
NIFTY,24885.7,1755854462
NIFTY,24886.95,1755854462
NIFTY,24886.6,1755854463
NIFTY,24886.5,1755854463
NIFTY,24886.55,1755854464
NIFTY,24886.05,1755854464
NIFTY,24886.2,1755854465
NIFTY,24886.8,1755854465
NIFTY,24885.95,1755854466
NIFTY,24886.45,1755854466
NIFTY,24885.9,1755854467
NIFTY,24886.05,1755854467
NIFTY,24885.85,1755854468
NIFTY,24886.2,1755854468
NIFTY,24886.15,1755854469
NIFTY,24885.65,1755854469
NIFTY,24886.05,1755854470
NIFTY,24885.7,1755854470
NIFTY,24886.15,1755854471
NIFTY,24886.05,1755854472
NIFTY,24886.25,1755854472
NIFTY,24886.7,1755854473
NIFTY,24886.25,1755854473
NIFTY,24885.85,1755854474
NIFTY,24886.3,1755854474
NIFTY,24885.8,1755854475
NIFTY,24886.35,1755854475
NIFTY,24886.5,1755854476
NIFTY,24886.45,1755854476
NIFTY,24886.4,1755854477
NIFTY,24886.55,1755854477
NIFTY,24886.7,1755854478
NIFTY,24886.35,1755854478
NIFTY,24886,1755854479
NIFTY,24885.65,1755854480
NIFTY,24886.6,1755854480
NIFTY,24886.35,1755854481
NIFTY,24886.1,1755854481
NIFTY,24885.7,1755854482
NIFTY,24885.45,1755854483
NIFTY,24885.2,1755854484
NIFTY,24885.75,1755854484
NIFTY,24886.1,1755854485
NIFTY,24885.9,1755854485
NIFTY,24885.45,1755854486
NIFTY,24886.35,1755854486
NIFTY,24886.25,1755854487
NIFTY,24885.6,1755854487
NIFTY,24886.15,1755854488
NIFTY,24885.95,1755854488
NIFTY,24886,1755854489
NIFTY,24886.3,1755854489
NIFTY,24885.45,1755854490
NIFTY,24885.5,1755854490
NIFTY,24885.35,1755854491
NIFTY,24885.3,1755854492
NIFTY,24886,1755854492
NIFTY,24885.25,1755854493
NIFTY,24884.8,1755854493
NIFTY,24886.25,1755854494
NIFTY,24886.2,1755854494
NIFTY,24886.1,1755854495
NIFTY,24886.6,1755854495
NIFTY,24886.25,1755854496
NIFTY,24886.75,1755854496
NIFTY,24886.5,1755854497
NIFTY,24885.85,1755854498
NIFTY,24886.2,1755854498
NIFTY,24885.55,1755854499
NIFTY,24885.35,1755854499
NIFTY,24884.9,1755854500
NIFTY,24885.85,1755854500
NIFTY,24885.55,1755854501
NIFTY,24885.95,1755854501
NIFTY,24886.45,1755854502
NIFTY,24886.15,1755854503
NIFTY,24886.8,1755854503
NIFTY,24887,1755854504
NIFTY,24886.75,1755854505
NIFTY,24887.6,1755854505
NIFTY,24888.05,1755854506
NIFTY,24888,1755854506
NIFTY,24886.9,1755854507
NIFTY,24887.65,1755854507
NIFTY,24887.6,1755854508
NIFTY,24887.25,1755854508
NIFTY,24887.05,1755854509
NIFTY,24887.2,1755854509
NIFTY,24886.9,1755854510
NIFTY,24887.8,1755854510
NIFTY,24887.7,1755854511
NIFTY,24887.6,1755854511
NIFTY,24888,1755854512
NIFTY,24887.7,1755854512
NIFTY,24887.65,1755854513
NIFTY,24887.45,1755854513
NIFTY,24887.65,1755854514
NIFTY,24888,1755854515
NIFTY,24887.65,1755854516
NIFTY,24888.3,1755854516
NIFTY,24888.05,1755854517
NIFTY,24888.1,1755854517
NIFTY,24887.85,1755854518
NIFTY,24887.45,1755854519
NIFTY,24887.6,1755854519
NIFTY,24888,1755854520
NIFTY,24887.85,1755854520
NIFTY,24887.25,1755854521
NIFTY,24887.85,1755854521
NIFTY,24887.45,1755854522
NIFTY,24888.4,1755854522
NIFTY,24888.15,1755854523
NIFTY,24887.85,1755854523
NIFTY,24888.3,1755854524
NIFTY,24887.65,1755854524
NIFTY,24887.95,1755854525
NIFTY,24888.35,1755854525
NIFTY,24887.75,1755854526
NIFTY,24888,1755854526
NIFTY,24887.4,1755854527
NIFTY,24888.05,1755854527
NIFTY,24887.45,1755854528
NIFTY,24887.6,1755854528
NIFTY,24887.25,1755854529
NIFTY,24887.05,1755854529
NIFTY,24887.2,1755854530
NIFTY,24886.9,1755854530
NIFTY,24887.45,1755854531
NIFTY,24887.4,1755854532
NIFTY,24887.5,1755854532
NIFTY,24887.3,1755854533
NIFTY,24887.35,1755854534
NIFTY,24887.5,1755854534
NIFTY,24887.15,1755854535
NIFTY,24886.55,1755854535
NIFTY,24886.75,1755854536
NIFTY,24887.5,1755854536
NIFTY,24886.95,1755854537
NIFTY,24887.6,1755854537
NIFTY,24887.55,1755854538
NIFTY,24887.85,1755854539
NIFTY,24887.45,1755854539
NIFTY,24887.1,1755854540
NIFTY,24887.9,1755854540
NIFTY,24887.35,1755854541
NIFTY,24887.25,1755854541
NIFTY,24887.75,1755854542
NIFTY,24887.6,1755854542
NIFTY,24887.25,1755854543
NIFTY,24888.1,1755854543
NIFTY,24887,1755854544
NIFTY,24887.65,1755854545
NIFTY,24886.9,1755854545
NIFTY,24886.85,1755854546
NIFTY,24888.1,1755854546
NIFTY,24887.95,1755854547
NIFTY,24887.35,1755854547
NIFTY,24887.75,1755854548
NIFTY,24887.9,1755854548
NIFTY,24887.55,1755854550
NIFTY,24887.6,1755854550
NIFTY,24887.25,1755854551
NIFTY,24887.05,1755854551
NIFTY,24887.5,1755854552
NIFTY,24887.7,1755854552
NIFTY,24887.8,1755854553
NIFTY,24887.6,1755854553
NIFTY,24888.15,1755854554
NIFTY,24887.55,1755854554
NIFTY,24887.6,1755854555
NIFTY,24888.2,1755854555
NIFTY,24888.15,1755854556
NIFTY,24888.95,1755854556
NIFTY,24888.1,1755854557
NIFTY,24888.75,1755854557
NIFTY,24889.35,1755854558
NIFTY,24888.65,1755854558
NIFTY,24888.2,1755854559
NIFTY,24887.85,1755854559
NIFTY,24888.25,1755854560
NIFTY,24888.1,1755854560
NIFTY,24888.15,1755854561
NIFTY,24888.25,1755854561
NIFTY,24888.05,1755854562
NIFTY,24888.4,1755854562
NIFTY,24888.25,1755854563
NIFTY,24888.05,1755854563
NIFTY,24888.4,1755854564
NIFTY,24888.95,1755854564
NIFTY,24887.9,1755854565
NIFTY,24887.95,1755854565
NIFTY,24888.55,1755854566
NIFTY,24888.4,1755854566
NIFTY,24888.55,1755854567
NIFTY,24888.8,1755854567
NIFTY,24888.3,1755854568
NIFTY,24889.1,1755854569
NIFTY,24887.65,1755854569
NIFTY,24889.15,1755854570
NIFTY,24889.25,1755854570
NIFTY,24889,1755854571
NIFTY,24889.1,1755854571
NIFTY,24889.5,1755854572
NIFTY,24889.65,1755854572
NIFTY,24888.75,1755854573
NIFTY,24890.15,1755854573
NIFTY,24889.65,1755854574
NIFTY,24889.4,1755854574
NIFTY,24888.65,1755854575
NIFTY,24889.5,1755854575
NIFTY,24888.55,1755854576
NIFTY,24889.3,1755854576
NIFTY,24889.25,1755854577
NIFTY,24889.85,1755854577
NIFTY,24889.3,1755854578
NIFTY,24888.85,1755854578
NIFTY,24889.2,1755854579
NIFTY,24889.75,1755854579
NIFTY,24889.05,1755854580
NIFTY,24889.5,1755854580
NIFTY,24889.15,1755854581
NIFTY,24889.6,1755854581
NIFTY,24889.9,1755854582
NIFTY,24889.85,1755854582
NIFTY,24889.9,1755854583
NIFTY,24889.65,1755854583
NIFTY,24890.35,1755854584
NIFTY,24889.85,1755854584
NIFTY,24889.65,1755854585
NIFTY,24890.65,1755854585
NIFTY,24890.4,1755854586
NIFTY,24889.45,1755854586
NIFTY,24890.55,1755854587
NIFTY,24891.15,1755854587
NIFTY,24890.25,1755854588
NIFTY,24890.9,1755854588
NIFTY,24890.7,1755854589
NIFTY,24890.4,1755854589
NIFTY,24890.55,1755854590
NIFTY,24890.45,1755854590
NIFTY,24890.6,1755854591
NIFTY,24890.5,1755854591
NIFTY,24890.75,1755854592
NIFTY,24890.65,1755854592
NIFTY,24891.7,1755854593
NIFTY,24891.2,1755854593
NIFTY,24891.05,1755854594
NIFTY,24890.9,1755854595
NIFTY,24891.05,1755854595
NIFTY,24890.8,1755854596
NIFTY,24891.4,1755854596
NIFTY,24891.25,1755854597
NIFTY,24891.55,1755854597
NIFTY,24891.15,1755854598
NIFTY,24891.3,1755854598
NIFTY,24891.25,1755854599
NIFTY,24891.75,1755854599
NIFTY,24891.65,1755854600
NIFTY,24891.55,1755854600
NIFTY,24891.5,1755854601
NIFTY,24892,1755854601
NIFTY,24892.45,1755854602
NIFTY,24894.3,1755854602
NIFTY,24893.6,1755854603
NIFTY,24894.45,1755854603
NIFTY,24893.95,1755854604
NIFTY,24894,1755854605
NIFTY,24893.55,1755854605
NIFTY,24893.85,1755854606
NIFTY,24894.75,1755854606
NIFTY,24894.65,1755854607
NIFTY,24895.7,1755854607
NIFTY,24895.35,1755854608
NIFTY,24894.9,1755854608
NIFTY,24895.75,1755854609
NIFTY,24895.45,1755854609
NIFTY,24895.25,1755854610
NIFTY,24895.15,1755854610
NIFTY,24895.85,1755854611
NIFTY,24895.25,1755854611
NIFTY,24895.65,1755854612
NIFTY,24895.25,1755854612
NIFTY,24895.1,1755854613
NIFTY,24895.15,1755854613
NIFTY,24895,1755854614
NIFTY,24894.65,1755854614
NIFTY,24894.25,1755854615
NIFTY,24895.35,1755854615
NIFTY,24894.55,1755854616
NIFTY,24895,1755854616
NIFTY,24895.15,1755854617
NIFTY,24895.5,1755854617
NIFTY,24895.05,1755854618
NIFTY,24895,1755854618
NIFTY,24893.75,1755854619
NIFTY,24893.55,1755854619
NIFTY,24894.1,1755854620
NIFTY,24892.95,1755854620
NIFTY,24893.75,1755854621
NIFTY,24894.45,1755854621
NIFTY,24893.85,1755854622
NIFTY,24893.95,1755854622
NIFTY,24894.55,1755854623
NIFTY,24894.3,1755854623
NIFTY,24894.6,1755854624
NIFTY,24894.35,1755854624
NIFTY,24894.4,1755854625
NIFTY,24894.25,1755854626
NIFTY,24894.4,1755854626
NIFTY,24893.15,1755854627
NIFTY,24894.2,1755854627
NIFTY,24893.55,1755854628
NIFTY,24893.4,1755854628
NIFTY,24893.85,1755854629
NIFTY,24894.05,1755854629
NIFTY,24893.6,1755854630
NIFTY,24893.95,1755854630
NIFTY,24894.35,1755854631
NIFTY,24894.3,1755854631
NIFTY,24894.8,1755854632
NIFTY,24894.7,1755854632
NIFTY,24894.65,1755854633
NIFTY,24894.95,1755854633
NIFTY,24894.75,1755854634
NIFTY,24894.7,1755854634
NIFTY,24895.3,1755854635
NIFTY,24895.35,1755854635
NIFTY,24894.9,1755854636
NIFTY,24895.45,1755854636
NIFTY,24895.25,1755854637
NIFTY,24895.75,1755854637
NIFTY,24894.75,1755854638
NIFTY,24895.55,1755854639
NIFTY,24894.9,1755854639
NIFTY,24895,1755854640
NIFTY,24894.45,1755854640
NIFTY,24895.25,1755854641
NIFTY,24895.35,1755854641
NIFTY,24894.5,1755854642
NIFTY,24896,1755854642
NIFTY,24895.75,1755854643
NIFTY,24895.85,1755854643
NIFTY,24895.7,1755854644
NIFTY,24895.35,1755854644
NIFTY,24894.9,1755854645
NIFTY,24896.1,1755854645
NIFTY,24895.4,1755854646
NIFTY,24896.2,1755854646
NIFTY,24896.3,1755854647
NIFTY,24896,1755854647
NIFTY,24895.45,1755854648
NIFTY,24896.75,1755854648
NIFTY,24896.4,1755854649
NIFTY,24896.1,1755854649
NIFTY,24896.55,1755854650
NIFTY,24895.3,1755854650
NIFTY,24895.8,1755854651
NIFTY,24895.65,1755854652
NIFTY,24896.05,1755854652
NIFTY,24896.5,1755854653
NIFTY,24896.05,1755854653
NIFTY,24896.25,1755854654
NIFTY,24896.85,1755854654
NIFTY,24896.5,1755854655
NIFTY,24896.55,1755854655
NIFTY,24895.95,1755854656
NIFTY,24896.2,1755854656
NIFTY,24896,1755854657
NIFTY,24896.75,1755854657
NIFTY,24896.25,1755854658
NIFTY,24896.35,1755854658
NIFTY,24896.05,1755854659
NIFTY,24896,1755854659
NIFTY,24896.15,1755854660
NIFTY,24896.95,1755854660
NIFTY,24896.5,1755854661
NIFTY,24896,1755854661
NIFTY,24896.15,1755854662
NIFTY,24895.95,1755854662
NIFTY,24895.75,1755854663
NIFTY,24896.2,1755854663
NIFTY,24896.25,1755854664
NIFTY,24896,1755854664
NIFTY,24895.8,1755854665
NIFTY,24895.65,1755854665
NIFTY,24896.15,1755854666
NIFTY,24896.25,1755854666
NIFTY,24896.35,1755854667
NIFTY,24896.3,1755854667
NIFTY,24896.05,1755854668
NIFTY,24895.55,1755854668
NIFTY,24895.2,1755854669
NIFTY,24895.6,1755854669
NIFTY,24895.3,1755854670
NIFTY,24895.2,1755854670
NIFTY,24895.05,1755854671
NIFTY,24895.3,1755854671
NIFTY,24895.65,1755854672
NIFTY,24895.5,1755854672
NIFTY,24894.8,1755854673
NIFTY,24895.2,1755854673
NIFTY,24894.65,1755854674
NIFTY,24894.8,1755854675
NIFTY,24894.4,1755854675
NIFTY,24894.3,1755854676
NIFTY,24895.35,1755854676
NIFTY,24895.3,1755854677
NIFTY,24894.5,1755854677
NIFTY,24894.7,1755854678
NIFTY,24895.15,1755854678
NIFTY,24893.85,1755854679
NIFTY,24893.55,1755854679
NIFTY,24894.75,1755854680
NIFTY,24893.85,1755854680
NIFTY,24894.6,1755854681
NIFTY,24894.25,1755854681
NIFTY,24894.15,1755854682
NIFTY,24894.3,1755854683
NIFTY,24893.7,1755854683
NIFTY,24893.55,1755854684
NIFTY,24895.05,1755854684
NIFTY,24894.1,1755854685
NIFTY,24893.7,1755854685
NIFTY,24894.25,1755854686
NIFTY,24894.2,1755854686
NIFTY,24894.15,1755854687
NIFTY,24893.7,1755854687
NIFTY,24894.55,1755854688
NIFTY,24894.2,1755854688
NIFTY,24894.65,1755854689
NIFTY,24894.3,1755854689
NIFTY,24893.45,1755854690
NIFTY,24894.45,1755854690
NIFTY,24894.35,1755854691
NIFTY,24894.3,1755854692
NIFTY,24893.85,1755854692
NIFTY,24893.35,1755854693
NIFTY,24894.05,1755854693
NIFTY,24893.4,1755854694
NIFTY,24893.7,1755854694
NIFTY,24893.05,1755854695
NIFTY,24893.25,1755854696
NIFTY,24895.35,1755854696
NIFTY,24894.75,1755854697
NIFTY,24895,1755854697
NIFTY,24895.4,1755854698
NIFTY,24895.25,1755854698
NIFTY,24895,1755854699
NIFTY,24895.65,1755854699
NIFTY,24895.35,1755854700
NIFTY,24895.1,1755854700
NIFTY,24894.85,1755854701
NIFTY,24894.65,1755854702
NIFTY,24895.3,1755854703
NIFTY,24894.8,1755854703
NIFTY,24895.55,1755854704
NIFTY,24895.1,1755854704
NIFTY,24894.9,1755854705
NIFTY,24895.4,1755854705
NIFTY,24895.05,1755854706
NIFTY,24895.85,1755854706
NIFTY,24896,1755854707
NIFTY,24896.3,1755854707
NIFTY,24895.25,1755854708
NIFTY,24896.65,1755854708
NIFTY,24895.8,1755854709
NIFTY,24895.55,1755854709
NIFTY,24896.15,1755854710
NIFTY,24895.65,1755854710
NIFTY,24896.4,1755854711
NIFTY,24896.7,1755854711
NIFTY,24896.4,1755854712
NIFTY,24896.35,1755854712
NIFTY,24896.8,1755854713
NIFTY,24896.75,1755854713
NIFTY,24896.9,1755854714
NIFTY,24896.4,1755854715
NIFTY,24896.15,1755854715
NIFTY,24896.3,1755854716
NIFTY,24896.65,1755854716
NIFTY,24896.3,1755854717
NIFTY,24896.4,1755854717
NIFTY,24896.5,1755854718
NIFTY,24896.35,1755854718
NIFTY,24896.5,1755854719
NIFTY,24895.85,1755854719
NIFTY,24896.05,1755854720
NIFTY,24896.35,1755854720
NIFTY,24895.9,1755854721
NIFTY,24896,1755854721
NIFTY,24896.2,1755854722
NIFTY,24895.65,1755854723
NIFTY,24896.6,1755854723
NIFTY,24895.8,1755854724
NIFTY,24895.55,1755854724
NIFTY,24895.9,1755854725
NIFTY,24895.8,1755854725
NIFTY,24895.6,1755854726
NIFTY,24896,1755854726
NIFTY,24895.9,1755854727
NIFTY,24896.4,1755854727
NIFTY,24896.6,1755854728
NIFTY,24895.95,1755854728
NIFTY,24896.05,1755854729
NIFTY,24896.15,1755854729
NIFTY,24896,1755854730
NIFTY,24895.8,1755854730
NIFTY,24895.55,1755854731
NIFTY,24896.15,1755854731
NIFTY,24896.05,1755854732
NIFTY,24896.7,1755854732
NIFTY,24896.55,1755854733
NIFTY,24896.25,1755854733
NIFTY,24896.45,1755854734
NIFTY,24896.7,1755854734
NIFTY,24896.35,1755854735
NIFTY,24896.55,1755854735
NIFTY,24896.6,1755854736
NIFTY,24897,1755854736
NIFTY,24896.7,1755854737
NIFTY,24897,1755854737
NIFTY,24896.85,1755854738
NIFTY,24897.1,1755854738
NIFTY,24896.35,1755854739
NIFTY,24896.25,1755854739
NIFTY,24896.4,1755854740
NIFTY,24896.45,1755854740
NIFTY,24896.5,1755854741
NIFTY,24896.85,1755854741
NIFTY,24897.15,1755854742
NIFTY,24896.9,1755854742
NIFTY,24897,1755854743
NIFTY,24897.1,1755854743
NIFTY,24897.05,1755854744
NIFTY,24897.3,1755854744
NIFTY,24897.1,1755854745
NIFTY,24897.3,1755854745
NIFTY,24897,1755854746
NIFTY,24897.35,1755854746
NIFTY,24897.15,1755854747
NIFTY,24896.8,1755854747
NIFTY,24896.65,1755854748
NIFTY,24897.35,1755854748
NIFTY,24897.2,1755854749
NIFTY,24897.15,1755854749
NIFTY,24897.6,1755854750
NIFTY,24897.05,1755854750
NIFTY,24897.35,1755854751
NIFTY,24896.95,1755854751
NIFTY,24895.6,1755854752
NIFTY,24896.7,1755854752
NIFTY,24896.95,1755854753
NIFTY,24897.1,1755854754
NIFTY,24896.9,1755854754
NIFTY,24897.1,1755854755
NIFTY,24896.95,1755854755
NIFTY,24897.15,1755854756
NIFTY,24897.75,1755854756
NIFTY,24897.35,1755854757
NIFTY,24897.7,1755854757
NIFTY,24897.65,1755854758
NIFTY,24897.3,1755854758
NIFTY,24897.65,1755854759
NIFTY,24897.85,1755854759
NIFTY,24897.45,1755854760
NIFTY,24897.65,1755854760
NIFTY,24897.45,1755854761
NIFTY,24897.3,1755854761
NIFTY,24896.95,1755854762
NIFTY,24897.8,1755854762
NIFTY,24897.6,1755854763
NIFTY,24897.25,1755854763
NIFTY,24897.15,1755854764
NIFTY,24897.3,1755854764
NIFTY,24897.25,1755854765
NIFTY,24898.05,1755854765
NIFTY,24897.95,1755854766
NIFTY,24898.3,1755854766
NIFTY,24897.25,1755854767
NIFTY,24897.55,1755854767
NIFTY,24897.05,1755854768
NIFTY,24897.4,1755854768
NIFTY,24897,1755854769
NIFTY,24896.85,1755854769
NIFTY,24896.8,1755854770
NIFTY,24896.7,1755854770
NIFTY,24897.25,1755854771
NIFTY,24897,1755854772
NIFTY,24897.05,1755854772
NIFTY,24896.95,1755854773
NIFTY,24896.75,1755854773
NIFTY,24896.8,1755854774
NIFTY,24897.3,1755854774
NIFTY,24897.1,1755854775
NIFTY,24896.7,1755854775
NIFTY,24897.4,1755854776
NIFTY,24897.25,1755854776
NIFTY,24897.35,1755854777
NIFTY,24897.25,1755854777
NIFTY,24896.75,1755854778
NIFTY,24897.3,1755854778
NIFTY,24897.1,1755854779
NIFTY,24896.85,1755854779
NIFTY,24896.3,1755854780
NIFTY,24897.3,1755854780
NIFTY,24897.4,1755854781
NIFTY,24896.85,1755854781
NIFTY,24896.95,1755854782
NIFTY,24896.8,1755854782
NIFTY,24896.85,1755854783
NIFTY,24897.15,1755854783
NIFTY,24896.7,1755854784
NIFTY,24896.4,1755854784
NIFTY,24896.75,1755854785
NIFTY,24896.05,1755854785
NIFTY,24895.55,1755854786
NIFTY,24896.65,1755854786
NIFTY,24896,1755854787
NIFTY,24897,1755854787
NIFTY,24896.95,1755854788
NIFTY,24896.65,1755854788
NIFTY,24896.25,1755854789
NIFTY,24896.5,1755854789
NIFTY,24896.15,1755854790
NIFTY,24895.95,1755854790
NIFTY,24895.8,1755854791
NIFTY,24895.75,1755854791
NIFTY,24896.55,1755854792
NIFTY,24896.45,1755854792
NIFTY,24895.9,1755854793
NIFTY,24896,1755854793
NIFTY,24896.6,1755854794
NIFTY,24895.2,1755854794
NIFTY,24895.35,1755854795
NIFTY,24895.95,1755854795
NIFTY,24896.15,1755854796
NIFTY,24896.8,1755854796
NIFTY,24896.4,1755854797
NIFTY,24896.05,1755854797
NIFTY,24895.8,1755854798
NIFTY,24896.45,1755854798
NIFTY,24895.7,1755854799
NIFTY,24895.95,1755854799
NIFTY,24896.2,1755854800
NIFTY,24895.95,1755854800
NIFTY,24896,1755854801
NIFTY,24896.5,1755854801
NIFTY,24895.75,1755854802
NIFTY,24896.5,1755854802
NIFTY,24896,1755854803
NIFTY,24895.5,1755854803
NIFTY,24896.3,1755854804
NIFTY,24896.95,1755854804
NIFTY,24896.7,1755854805
NIFTY,24895.55,1755854806
NIFTY,24896.35,1755854806
NIFTY,24895.6,1755854807
NIFTY,24896.3,1755854807
NIFTY,24896.6,1755854808
NIFTY,24896.65,1755854808
NIFTY,24897.3,1755854809
NIFTY,24897.05,1755854809
NIFTY,24896.6,1755854810
NIFTY,24897,1755854810
NIFTY,24896.6,1755854811
NIFTY,24896.85,1755854811
NIFTY,24897,1755854812
NIFTY,24896.25,1755854812
NIFTY,24896.45,1755854813
NIFTY,24897.1,1755854813
NIFTY,24896.7,1755854814
NIFTY,24896.2,1755854814
NIFTY,24896.9,1755854815
NIFTY,24895.9,1755854815
NIFTY,24896.75,1755854816
NIFTY,24897.65,1755854816
NIFTY,24897.3,1755854817
NIFTY,24897.35,1755854817
NIFTY,24897.75,1755854818
NIFTY,24897.45,1755854818
NIFTY,24897.2,1755854819
NIFTY,24897.1,1755854819
NIFTY,24896.9,1755854820
NIFTY,24897.15,1755854820
NIFTY,24896.25,1755854821
NIFTY,24896.75,1755854821
NIFTY,24896.7,1755854822
NIFTY,24897.2,1755854822
NIFTY,24897.1,1755854823
NIFTY,24897.2,1755854824
NIFTY,24896.8,1755854824
NIFTY,24896.55,1755854825
NIFTY,24897,1755854825
NIFTY,24896.95,1755854826
NIFTY,24897.3,1755854826
NIFTY,24896.85,1755854827
NIFTY,24897.2,1755854827
NIFTY,24896.8,1755854828
NIFTY,24897.05,1755854828
NIFTY,24896.4,1755854829
NIFTY,24896.7,1755854829
NIFTY,24897,1755854830
NIFTY,24896.6,1755854830
NIFTY,24896.9,1755854831
NIFTY,24896.85,1755854831
NIFTY,24897.2,1755854832
NIFTY,24896.55,1755854832
NIFTY,24897,1755854833
NIFTY,24897.2,1755854833
NIFTY,24896.3,1755854834
NIFTY,24895.85,1755854834
NIFTY,24896.5,1755854835
NIFTY,24896.55,1755854835
NIFTY,24897.1,1755854836
NIFTY,24897.05,1755854837
NIFTY,24896.8,1755854838
NIFTY,24897.1,1755854838
NIFTY,24897.05,1755854839
NIFTY,24896.2,1755854839
NIFTY,24896.3,1755854840
NIFTY,24896.4,1755854840
NIFTY,24896.2,1755854841
NIFTY,24895.5,1755854841
NIFTY,24896.45,1755854842
NIFTY,24896.3,1755854842
NIFTY,24896.25,1755854843
NIFTY,24896.3,1755854843
NIFTY,24896.25,1755854844
NIFTY,24896.5,1755854844
NIFTY,24896.6,1755854845
NIFTY,24896,1755854845
NIFTY,24895.8,1755854846
NIFTY,24896.45,1755854846
NIFTY,24896.25,1755854847
NIFTY,24896.6,1755854847
NIFTY,24896.8,1755854848
NIFTY,24896.15,1755854848
NIFTY,24895.45,1755854849
NIFTY,24896.55,1755854849
NIFTY,24896.05,1755854850
NIFTY,24895.95,1755854850
NIFTY,24895.85,1755854851
NIFTY,24895.75,1755854851
NIFTY,24895.5,1755854852
NIFTY,24895.85,1755854852
NIFTY,24894.2,1755854853
NIFTY,24895.85,1755854853
NIFTY,24896.15,1755854854
NIFTY,24896.35,1755854854
NIFTY,24896.2,1755854855
NIFTY,24896.3,1755854855
NIFTY,24895.8,1755854856
NIFTY,24896.2,1755854856
NIFTY,24896.1,1755854857
NIFTY,24894.85,1755854857
NIFTY,24896.05,1755854858
NIFTY,24896.2,1755854858
NIFTY,24895.9,1755854859
NIFTY,24895.2,1755854859
NIFTY,24895.65,1755854860
NIFTY,24895.2,1755854860
NIFTY,24895.05,1755854861
NIFTY,24895.5,1755854861
NIFTY,24895.35,1755854862
NIFTY,24895.9,1755854862
NIFTY,24895.85,1755854863
NIFTY,24896.05,1755854863
NIFTY,24895.95,1755854864
NIFTY,24896.7,1755854864
NIFTY,24896.4,1755854865
NIFTY,24896,1755854865
NIFTY,24896.1,1755854866
NIFTY,24896.45,1755854866
NIFTY,24895.45,1755854867
NIFTY,24896.9,1755854867
NIFTY,24896.5,1755854868
NIFTY,24896.25,1755854868
NIFTY,24895.95,1755854869
NIFTY,24895.9,1755854869
NIFTY,24896.1,1755854870
NIFTY,24896.6,1755854870
NIFTY,24896.15,1755854871
NIFTY,24895.95,1755854871
NIFTY,24896.15,1755854872
NIFTY,24895.9,1755854872
NIFTY,24896,1755854873
NIFTY,24896.5,1755854873
NIFTY,24896.4,1755854874
NIFTY,24896.25,1755854874
NIFTY,24896.35,1755854875
NIFTY,24895.2,1755854875
NIFTY,24895.9,1755854876
NIFTY,24896.35,1755854876
NIFTY,24895.95,1755854877
NIFTY,24896.3,1755854877
NIFTY,24896.35,1755854878
NIFTY,24895.8,1755854878
NIFTY,24895.65,1755854879
NIFTY,24896.3,1755854879
NIFTY,24896.1,1755854880
NIFTY,24895.5,1755854880
NIFTY,24895.65,1755854881
NIFTY,24894.6,1755854881
NIFTY,24895.05,1755854882
NIFTY,24894.7,1755854883
NIFTY,24895,1755854883
NIFTY,24894.85,1755854884
NIFTY,24895.1,1755854884
NIFTY,24895.05,1755854885
NIFTY,24895.35,1755854885
NIFTY,24895.1,1755854886
NIFTY,24895.35,1755854886
NIFTY,24894.45,1755854887
NIFTY,24895.15,1755854887
NIFTY,24894.85,1755854888
NIFTY,24895.1,1755854888
NIFTY,24894.95,1755854889
NIFTY,24895.1,1755854890
NIFTY,24894.7,1755854890
NIFTY,24894.3,1755854891
NIFTY,24895.6,1755854891
NIFTY,24895.25,1755854892
NIFTY,24894.2,1755854892
NIFTY,24895.45,1755854893
NIFTY,24895.35,1755854893
NIFTY,24895.2,1755854894
NIFTY,24895.3,1755854894
NIFTY,24895.05,1755854895
NIFTY,24895.25,1755854895
NIFTY,24895.5,1755854896
NIFTY,24895.6,1755854896
NIFTY,24894.5,1755854897
NIFTY,24895.45,1755854897
NIFTY,24895.35,1755854898
NIFTY,24894.45,1755854898
NIFTY,24895.05,1755854899
NIFTY,24894.7,1755854900
NIFTY,24895.35,1755854900
NIFTY,24894.65,1755854901
NIFTY,24894.6,1755854901
NIFTY,24895.2,1755854902
NIFTY,24895,1755854902
NIFTY,24894.5,1755854903
NIFTY,24895.25,1755854903
NIFTY,24895.2,1755854904
NIFTY,24895.15,1755854905
NIFTY,24894.9,1755854905
NIFTY,24894.7,1755854906
NIFTY,24895.9,1755854906
NIFTY,24895.4,1755854907
NIFTY,24895.35,1755854907
NIFTY,24895.6,1755854908
NIFTY,24895.3,1755854908
NIFTY,24895.25,1755854909
NIFTY,24894.95,1755854909
NIFTY,24894.9,1755854910
NIFTY,24895.2,1755854910
NIFTY,24894.6,1755854911
NIFTY,24894.8,1755854911
NIFTY,24894.35,1755854912
NIFTY,24893.85,1755854912
NIFTY,24894.95,1755854913
NIFTY,24894.2,1755854913
NIFTY,24894.85,1755854914
NIFTY,24894.8,1755854914
NIFTY,24893.05,1755854915
NIFTY,24895.85,1755854915
NIFTY,24895.45,1755854916
NIFTY,24896.15,1755854916
NIFTY,24894.9,1755854917
NIFTY,24896,1755854917
NIFTY,24895.45,1755854918
NIFTY,24896.2,1755854918
NIFTY,24894.95,1755854919
NIFTY,24895.3,1755854919
NIFTY,24895.05,1755854920
NIFTY,24894.5,1755854920
NIFTY,24895.2,1755854921
NIFTY,24895.3,1755854921
NIFTY,24895.25,1755854922
NIFTY,24895.2,1755854922
NIFTY,24895.25,1755854923
NIFTY,24894.45,1755854923
NIFTY,24894.3,1755854924
NIFTY,24895.2,1755854924
NIFTY,24894.65,1755854925
NIFTY,24894.3,1755854925
NIFTY,24894.85,1755854926
NIFTY,24895.05,1755854926
NIFTY,24894.8,1755854927
NIFTY,24895.4,1755854927
NIFTY,24894.95,1755854928
NIFTY,24895.05,1755854928
NIFTY,24894.95,1755854929
NIFTY,24894.5,1755854929
NIFTY,24894.35,1755854930
NIFTY,24895.05,1755854930
NIFTY,24894.9,1755854931
NIFTY,24894.2,1755854931
NIFTY,24894.25,1755854932
NIFTY,24893.85,1755854932
NIFTY,24893.75,1755854933
NIFTY,24894.35,1755854933
NIFTY,24894.1,1755854934
NIFTY,24894,1755854934
NIFTY,24894.2,1755854935
NIFTY,24894.15,1755854935
NIFTY,24893.95,1755854936
NIFTY,24894.6,1755854936
NIFTY,24894.35,1755854937
NIFTY,24894.7,1755854937
NIFTY,24894.3,1755854938
NIFTY,24894,1755854938
NIFTY,24893.9,1755854939
NIFTY,24894.45,1755854939
NIFTY,24894.15,1755854940
NIFTY,24894.2,1755854940
NIFTY,24894.3,1755854941
NIFTY,24894.35,1755854941
NIFTY,24894.1,1755854942
NIFTY,24894.3,1755854942
NIFTY,24893.8,1755854943
NIFTY,24893.95,1755854943
NIFTY,24894.55,1755854944
NIFTY,24894.2,1755854944
NIFTY,24894.4,1755854945
NIFTY,24894.9,1755854945
NIFTY,24894.75,1755854946
NIFTY,24894.65,1755854946
NIFTY,24894.25,1755854947
NIFTY,24894.9,1755854947
NIFTY,24894.5,1755854948
NIFTY,24894.6,1755854948
NIFTY,24894.25,1755854949
NIFTY,24894.3,1755854949
NIFTY,24894.2,1755854950
NIFTY,24893.9,1755854950
NIFTY,24894,1755854951
NIFTY,24894.5,1755854951
NIFTY,24894.65,1755854952
NIFTY,24893.8,1755854952
NIFTY,24894.4,1755854953
NIFTY,24893.95,1755854953
NIFTY,24894.2,1755854954
NIFTY,24893.8,1755854955
NIFTY,24893.6,1755854955
NIFTY,24894.15,1755854956
NIFTY,24893.85,1755854956
NIFTY,24893.55,1755854957
NIFTY,24894.15,1755854957
NIFTY,24893.55,1755854958
NIFTY,24893.7,1755854958
NIFTY,24893.9,1755854959
NIFTY,24893.65,1755854959
NIFTY,24893.3,1755854960
NIFTY,24893.85,1755854960
NIFTY,24893.8,1755854961
NIFTY,24894,1755854961
NIFTY,24893.7,1755854962
NIFTY,24893.4,1755854962
NIFTY,24892.95,1755854963
NIFTY,24893.35,1755854963
NIFTY,24893.7,1755854964
NIFTY,24893.85,1755854964
NIFTY,24893.95,1755854965
NIFTY,24893.65,1755854965
NIFTY,24893.85,1755854966
NIFTY,24894,1755854966
NIFTY,24893.8,1755854967
NIFTY,24893.95,1755854967
NIFTY,24894,1755854968
NIFTY,24894.1,1755854968
NIFTY,24893.65,1755854969
NIFTY,24893.85,1755854969
NIFTY,24893.25,1755854970
NIFTY,24892.95,1755854970
NIFTY,24893.15,1755854971
NIFTY,24893.55,1755854972
NIFTY,24893.25,1755854972
NIFTY,24892.75,1755854973
NIFTY,24893.45,1755854973
NIFTY,24893.5,1755854974
NIFTY,24893.3,1755854974
NIFTY,24892.95,1755854975
NIFTY,24893.35,1755854975
NIFTY,24892.75,1755854976
NIFTY,24893.1,1755854976
NIFTY,24893.3,1755854977
NIFTY,24892.55,1755854977
NIFTY,24892.7,1755854978
NIFTY,24892.95,1755854979
NIFTY,24893.15,1755854979
NIFTY,24892.85,1755854980
NIFTY,24892.5,1755854980
NIFTY,24892.75,1755854981
NIFTY,24893.4,1755854981
NIFTY,24893.1,1755854982
NIFTY,24893.25,1755854982
NIFTY,24892.8,1755854983
NIFTY,24892.1,1755854984
NIFTY,24893.5,1755854984
NIFTY,24893.3,1755854985
NIFTY,24893.15,1755854985
NIFTY,24893.4,1755854986
NIFTY,24893.55,1755854986
NIFTY,24892.65,1755854987
NIFTY,24893.8,1755854987
NIFTY,24892.8,1755854988
NIFTY,24894,1755854988
NIFTY,24893.65,1755854989
NIFTY,24893.4,1755854989
NIFTY,24893.3,1755854990
NIFTY,24893.7,1755854990
NIFTY,24893.6,1755854991
NIFTY,24893.75,1755854991
NIFTY,24893.7,1755854992
NIFTY,24893.4,1755854992
NIFTY,24893.8,1755854993
NIFTY,24893.6,1755854994
NIFTY,24893.1,1755854994
NIFTY,24893.9,1755854995
NIFTY,24893.3,1755854995
NIFTY,24893.95,1755854996
NIFTY,24894.05,1755854997
NIFTY,24894.15,1755854997
NIFTY,24893.4,1755854998
NIFTY,24893.3,1755854998
NIFTY,24893.5,1755854999
NIFTY,24893.05,1755854999
NIFTY,24893.3,1755855000
NIFTY,24891.35,1755855000
NIFTY,24893,1755855001
NIFTY,24893.25,1755855001
NIFTY,24892.05,1755855002
NIFTY,24892.55,1755855002
NIFTY,24891.6,1755855003
NIFTY,24891.2,1755855003
NIFTY,24890.55,1755855004
NIFTY,24891.4,1755855004
NIFTY,24890.6,1755855005
NIFTY,24889.8,1755855005
NIFTY,24890.2,1755855006
NIFTY,24890.25,1755855006
NIFTY,24890.2,1755855007
NIFTY,24890.3,1755855007
NIFTY,24889.05,1755855008
NIFTY,24888.75,1755855008
NIFTY,24887.7,1755855009
NIFTY,24888,1755855010
NIFTY,24887.55,1755855010
NIFTY,24886.95,1755855011
NIFTY,24886.75,1755855011
NIFTY,24886.45,1755855012
NIFTY,24886.95,1755855013
NIFTY,24886.55,1755855013
NIFTY,24886.3,1755855014
NIFTY,24886.05,1755855015
NIFTY,24885.55,1755855015
NIFTY,24885.35,1755855016
NIFTY,24885.4,1755855016
NIFTY,24885.5,1755855017
NIFTY,24885.8,1755855017
NIFTY,24885.6,1755855018
NIFTY,24885.5,1755855018
NIFTY,24885.25,1755855019
NIFTY,24885.45,1755855019
NIFTY,24885.2,1755855020
NIFTY,24884.25,1755855020
NIFTY,24885.15,1755855021
NIFTY,24884.75,1755855021
NIFTY,24884.8,1755855022
NIFTY,24883,1755855022
NIFTY,24882.45,1755855023
NIFTY,24882.25,1755855023
NIFTY,24881.45,1755855024
NIFTY,24881.4,1755855024
NIFTY,24881.75,1755855025
NIFTY,24880.75,1755855025
NIFTY,24880.7,1755855026
NIFTY,24881.3,1755855026
NIFTY,24881.25,1755855027
NIFTY,24881.85,1755855027
NIFTY,24880.7,1755855028
NIFTY,24879.95,1755855028
NIFTY,24880.3,1755855029
NIFTY,24881.8,1755855029
NIFTY,24881.4,1755855030
NIFTY,24880.7,1755855030
NIFTY,24880.3,1755855031
NIFTY,24881,1755855031
NIFTY,24880.65,1755855032
NIFTY,24881,1755855032
NIFTY,24880.7,1755855033
NIFTY,24881.05,1755855033
NIFTY,24880.4,1755855034
NIFTY,24880.15,1755855034
NIFTY,24879.9,1755855035
NIFTY,24880.1,1755855035
NIFTY,24879.95,1755855036
NIFTY,24879.4,1755855036
NIFTY,24879.65,1755855037
NIFTY,24879.55,1755855037
NIFTY,24879.05,1755855038
NIFTY,24878.95,1755855038
NIFTY,24878.65,1755855039
NIFTY,24878.55,1755855039
NIFTY,24878.95,1755855040
NIFTY,24877.2,1755855040
NIFTY,24877.85,1755855041
NIFTY,24877.7,1755855041
NIFTY,24876.65,1755855042
NIFTY,24876.2,1755855042
NIFTY,24877.4,1755855043
NIFTY,24876.5,1755855043
NIFTY,24876.25,1755855044
NIFTY,24876.5,1755855044
NIFTY,24876.65,1755855045
NIFTY,24875.9,1755855045
NIFTY,24875.7,1755855046
NIFTY,24876.5,1755855046
NIFTY,24876.15,1755855047
NIFTY,24875.7,1755855047
NIFTY,24875.15,1755855048
NIFTY,24873.8,1755855048
NIFTY,24874.2,1755855049
NIFTY,24875.2,1755855049
NIFTY,24875.15,1755855050
NIFTY,24874.15,1755855050
NIFTY,24874.45,1755855051
NIFTY,24874.95,1755855051
NIFTY,24875,1755855052
NIFTY,24874.85,1755855052
NIFTY,24874.45,1755855053
NIFTY,24874.55,1755855053
NIFTY,24874,1755855054
NIFTY,24874.35,1755855054
NIFTY,24874.05,1755855055
NIFTY,24875.05,1755855055
NIFTY,24874.95,1755855056
NIFTY,24874.5,1755855056
NIFTY,24874.45,1755855057
NIFTY,24874.75,1755855057
NIFTY,24875.05,1755855058
NIFTY,24874.55,1755855058
NIFTY,24873.7,1755855059
NIFTY,24873.9,1755855059
NIFTY,24873.85,1755855060
NIFTY,24874.7,1755855061
NIFTY,24873.7,1755855061
NIFTY,24874.35,1755855062
NIFTY,24875.1,1755855062
NIFTY,24874.8,1755855063
NIFTY,24874.5,1755855063
NIFTY,24875.5,1755855064
NIFTY,24875.8,1755855064
NIFTY,24874.9,1755855065
NIFTY,24874.5,1755855065
NIFTY,24874.45,1755855066
NIFTY,24875.1,1755855066
NIFTY,24873.7,1755855067
NIFTY,24874.65,1755855067
NIFTY,24874.55,1755855068
NIFTY,24875.65,1755855068
NIFTY,24875.5,1755855069
NIFTY,24875.25,1755855069
NIFTY,24874.8,1755855070
NIFTY,24873.9,1755855070
NIFTY,24873.7,1755855071
NIFTY,24874.8,1755855071
NIFTY,24874.5,1755855072
NIFTY,24873.95,1755855072
NIFTY,24873.65,1755855073
NIFTY,24874.55,1755855073
NIFTY,24874.3,1755855074
NIFTY,24873.45,1755855074
NIFTY,24873.85,1755855075
NIFTY,24872.4,1755855075
NIFTY,24873.4,1755855076
NIFTY,24872.75,1755855076
NIFTY,24872.8,1755855077
NIFTY,24872.65,1755855077
NIFTY,24872.4,1755855078
NIFTY,24872.8,1755855078
NIFTY,24872.1,1755855079
NIFTY,24872.25,1755855079
NIFTY,24872.15,1755855080
NIFTY,24871.6,1755855080
NIFTY,24871.35,1755855081
NIFTY,24871.45,1755855081
NIFTY,24871.4,1755855082
NIFTY,24872.45,1755855082
NIFTY,24871.75,1755855083
NIFTY,24871.55,1755855083
NIFTY,24871,1755855084
NIFTY,24871.25,1755855084
NIFTY,24869.4,1755855085
NIFTY,24869.75,1755855086
NIFTY,24871.05,1755855086
NIFTY,24870.65,1755855087
NIFTY,24870.8,1755855087
NIFTY,24870.45,1755855088
NIFTY,24870.2,1755855088
NIFTY,24870.1,1755855089
NIFTY,24870.95,1755855089
NIFTY,24870.35,1755855090
NIFTY,24869.8,1755855090
NIFTY,24870.3,1755855091
NIFTY,24871.2,1755855091
NIFTY,24871.3,1755855092
NIFTY,24871.65,1755855092
NIFTY,24872.05,1755855093
NIFTY,24871.55,1755855093
NIFTY,24871.85,1755855094
NIFTY,24871.55,1755855094
NIFTY,24872,1755855095
NIFTY,24870.85,1755855095
NIFTY,24871.15,1755855096
NIFTY,24871.6,1755855096
NIFTY,24871.8,1755855097
NIFTY,24872,1755855097
NIFTY,24871.4,1755855098
NIFTY,24872.4,1755855098
NIFTY,24871.6,1755855099
NIFTY,24871.55,1755855099
NIFTY,24871.5,1755855100
NIFTY,24872.55,1755855100
NIFTY,24872.4,1755855101
NIFTY,24872.15,1755855101
NIFTY,24871.55,1755855102
NIFTY,24871.75,1755855102
NIFTY,24871.65,1755855103
NIFTY,24871.9,1755855104
NIFTY,24871.95,1755855104
NIFTY,24872.05,1755855105
NIFTY,24871.65,1755855105
NIFTY,24871.6,1755855106
NIFTY,24872.6,1755855106
NIFTY,24871.95,1755855107
NIFTY,24872.75,1755855107
NIFTY,24872.8,1755855108
NIFTY,24872.35,1755855108
NIFTY,24872.85,1755855109
NIFTY,24873.05,1755855109
NIFTY,24872.5,1755855110
NIFTY,24871.65,1755855110
NIFTY,24871.6,1755855111
NIFTY,24872.25,1755855111
NIFTY,24872.2,1755855112
NIFTY,24872.6,1755855112
NIFTY,24872.2,1755855113
NIFTY,24872.95,1755855113
NIFTY,24872.75,1755855114
NIFTY,24872.35,1755855114
NIFTY,24871.95,1755855115
NIFTY,24871.2,1755855115
NIFTY,24871.05,1755855116
NIFTY,24871.7,1755855116
NIFTY,24872.6,1755855117
NIFTY,24872.35,1755855118
NIFTY,24872.65,1755855118
NIFTY,24872.4,1755855119
NIFTY,24872.5,1755855119
NIFTY,24872.15,1755855120
NIFTY,24871,1755855120
NIFTY,24872.2,1755855121
NIFTY,24871.7,1755855121
NIFTY,24872.05,1755855122
NIFTY,24872.15,1755855122
NIFTY,24872.1,1755855123
NIFTY,24872.3,1755855123
NIFTY,24872.6,1755855124
NIFTY,24872.2,1755855124
NIFTY,24872.45,1755855125
NIFTY,24872.05,1755855125
NIFTY,24871.85,1755855126
NIFTY,24872.6,1755855126
NIFTY,24872.35,1755855127
NIFTY,24873,1755855127
NIFTY,24872.45,1755855128
NIFTY,24873,1755855128
NIFTY,24872.7,1755855129
NIFTY,24872.15,1755855129
NIFTY,24872.75,1755855130
NIFTY,24872.7,1755855130
NIFTY,24872.3,1755855131
NIFTY,24872.45,1755855131
NIFTY,24871.65,1755855132
NIFTY,24871.85,1755855132
NIFTY,24871.2,1755855133
NIFTY,24870.85,1755855133
NIFTY,24870.8,1755855134
NIFTY,24871.35,1755855134
NIFTY,24872.05,1755855135
NIFTY,24871.05,1755855135
NIFTY,24871.85,1755855136
NIFTY,24872.8,1755855136
NIFTY,24871.75,1755855137
NIFTY,24872.35,1755855137
NIFTY,24871.5,1755855138
NIFTY,24872.4,1755855138
NIFTY,24872.2,1755855139
NIFTY,24871.55,1755855139
NIFTY,24871.95,1755855140
NIFTY,24871.05,1755855140
NIFTY,24871.95,1755855141
NIFTY,24871.45,1755855141
NIFTY,24872.15,1755855142
NIFTY,24871.7,1755855142
NIFTY,24872,1755855143
NIFTY,24872.25,1755855143
NIFTY,24871.55,1755855144
NIFTY,24871.25,1755855144
NIFTY,24871.35,1755855145
NIFTY,24872.35,1755855145
NIFTY,24871.5,1755855146
NIFTY,24871.95,1755855146
NIFTY,24872.05,1755855147
NIFTY,24871.6,1755855147
NIFTY,24871.4,1755855148
NIFTY,24871.35,1755855148
NIFTY,24871.85,1755855149
NIFTY,24871.5,1755855149
NIFTY,24871.1,1755855150
NIFTY,24871.2,1755855150
NIFTY,24871.65,1755855151
NIFTY,24871.3,1755855151
NIFTY,24871.25,1755855152
NIFTY,24871.75,1755855152
NIFTY,24871.65,1755855153
NIFTY,24871.45,1755855153
NIFTY,24871.35,1755855154
NIFTY,24872,1755855154
NIFTY,24871.3,1755855155
NIFTY,24870.8,1755855155
NIFTY,24869.9,1755855156
NIFTY,24870.9,1755855156
NIFTY,24870.65,1755855157
NIFTY,24870.75,1755855157
NIFTY,24870.65,1755855158
NIFTY,24870.75,1755855158
NIFTY,24870.4,1755855159
NIFTY,24870.1,1755855159
NIFTY,24870.3,1755855160
NIFTY,24869.45,1755855160
NIFTY,24869.55,1755855161
NIFTY,24869.95,1755855161
NIFTY,24869.15,1755855162
NIFTY,24868.45,1755855162
NIFTY,24869.3,1755855163
NIFTY,24869.45,1755855163
NIFTY,24869.25,1755855164
NIFTY,24868.4,1755855164
NIFTY,24869.1,1755855165
NIFTY,24868.35,1755855165
NIFTY,24869.2,1755855166
NIFTY,24868.7,1755855167
NIFTY,24869.2,1755855167
NIFTY,24868.95,1755855168
NIFTY,24869,1755855168
NIFTY,24869.05,1755855169
NIFTY,24868.7,1755855169
NIFTY,24868.5,1755855170
NIFTY,24868.15,1755855170
NIFTY,24868.8,1755855171
NIFTY,24868.7,1755855171
NIFTY,24868.8,1755855172
NIFTY,24869.5,1755855172
NIFTY,24869.05,1755855173
NIFTY,24869.25,1755855173
NIFTY,24868.9,1755855174
NIFTY,24868.4,1755855174
NIFTY,24868.75,1755855175
NIFTY,24868.5,1755855175
NIFTY,24868.9,1755855176
NIFTY,24868.85,1755855176
NIFTY,24868.7,1755855177
NIFTY,24869,1755855177
NIFTY,24868.95,1755855178
NIFTY,24868.6,1755855178
NIFTY,24868.4,1755855179
NIFTY,24868.55,1755855179
NIFTY,24868.8,1755855180
NIFTY,24867.6,1755855180
NIFTY,24868.4,1755855181
NIFTY,24868.65,1755855181
NIFTY,24868.45,1755855182
NIFTY,24868.65,1755855182
NIFTY,24868.35,1755855183
NIFTY,24868.3,1755855183
NIFTY,24868.7,1755855184
NIFTY,24868.4,1755855184
NIFTY,24868.15,1755855185
NIFTY,24867.8,1755855185
NIFTY,24867.6,1755855186
NIFTY,24868.5,1755855186
NIFTY,24868.55,1755855187
NIFTY,24868.2,1755855187
NIFTY,24867.7,1755855188
NIFTY,24868.65,1755855188
NIFTY,24868.3,1755855189
NIFTY,24867.95,1755855189
NIFTY,24868.3,1755855190
NIFTY,24868.6,1755855190
NIFTY,24868.75,1755855191
NIFTY,24868.1,1755855191
NIFTY,24868.25,1755855192
NIFTY,24867.45,1755855192
NIFTY,24868.2,1755855193
NIFTY,24867.4,1755855193
NIFTY,24868.1,1755855194
NIFTY,24867.75,1755855194
NIFTY,24866.8,1755855195
NIFTY,24867.1,1755855195
NIFTY,24868,1755855196
NIFTY,24868.05,1755855196
NIFTY,24867.95,1755855197
NIFTY,24867.8,1755855197
NIFTY,24868.15,1755855198
NIFTY,24867.25,1755855198
NIFTY,24867.7,1755855199
NIFTY,24868.55,1755855199
NIFTY,24869.1,1755855200
NIFTY,24869.55,1755855200
NIFTY,24868.9,1755855201
NIFTY,24870.45,1755855201
NIFTY,24869.6,1755855202
NIFTY,24869.2,1755855202
NIFTY,24868.8,1755855203
NIFTY,24869.85,1755855203
NIFTY,24869.8,1755855204
NIFTY,24869.45,1755855204
NIFTY,24869.25,1755855205
NIFTY,24868.6,1755855205
NIFTY,24869.3,1755855206
NIFTY,24869.2,1755855207
NIFTY,24868.2,1755855207
NIFTY,24868.5,1755855208
NIFTY,24870.15,1755855208
NIFTY,24869.7,1755855209
NIFTY,24869,1755855209
NIFTY,24869.05,1755855210
NIFTY,24868.75,1755855210
NIFTY,24869.65,1755855211
NIFTY,24870.35,1755855211
NIFTY,24870.05,1755855212
NIFTY,24870.45,1755855212
NIFTY,24869.55,1755855213
NIFTY,24869,1755855213
NIFTY,24870,1755855214
NIFTY,24870.05,1755855214
NIFTY,24870.55,1755855215
NIFTY,24870,1755855215
NIFTY,24870.4,1755855216
NIFTY,24870.75,1755855216
NIFTY,24870.55,1755855217
NIFTY,24871,1755855217
NIFTY,24870.5,1755855218
NIFTY,24869.9,1755855219
NIFTY,24869.65,1755855219
NIFTY,24870.3,1755855220
NIFTY,24869.55,1755855220
NIFTY,24870.2,1755855221
NIFTY,24870.55,1755855221
NIFTY,24870.65,1755855222
NIFTY,24870.45,1755855222
NIFTY,24870.25,1755855223
NIFTY,24869.1,1755855223
NIFTY,24868.85,1755855224
NIFTY,24869.65,1755855224
NIFTY,24870.4,1755855225
NIFTY,24869.05,1755855225
NIFTY,24869.6,1755855226
NIFTY,24869.85,1755855226
NIFTY,24869.4,1755855227
NIFTY,24869.1,1755855227
NIFTY,24868.6,1755855228
NIFTY,24868.4,1755855228
NIFTY,24868.7,1755855229
NIFTY,24868,1755855229
NIFTY,24868.5,1755855230
NIFTY,24867.8,1755855230
NIFTY,24867.6,1755855231
NIFTY,24867.65,1755855231
NIFTY,24868.25,1755855232
NIFTY,24867.75,1755855232
NIFTY,24867.15,1755855233
NIFTY,24867,1755855233
NIFTY,24867.5,1755855234
NIFTY,24866.75,1755855234
NIFTY,24866.8,1755855235
NIFTY,24868.2,1755855235
NIFTY,24867.6,1755855236
NIFTY,24868,1755855236
NIFTY,24867.65,1755855237
NIFTY,24867.85,1755855237
NIFTY,24867.35,1755855238
NIFTY,24867.5,1755855238
NIFTY,24867.25,1755855239
NIFTY,24867.35,1755855239
NIFTY,24866.65,1755855240
NIFTY,24868,1755855241
NIFTY,24867,1755855241
NIFTY,24867.55,1755855242
NIFTY,24868.15,1755855242
NIFTY,24867.5,1755855243
NIFTY,24867.8,1755855243
NIFTY,24867.75,1755855244
NIFTY,24868.5,1755855244
NIFTY,24867.95,1755855245
NIFTY,24867.1,1755855245
NIFTY,24867.7,1755855246
NIFTY,24867.8,1755855247
NIFTY,24867.5,1755855247
NIFTY,24867.55,1755855248
NIFTY,24868.3,1755855248
NIFTY,24868.6,1755855249
NIFTY,24868.35,1755855250
NIFTY,24867.55,1755855250
NIFTY,24867.45,1755855251
NIFTY,24867.65,1755855251
NIFTY,24867.3,1755855252
NIFTY,24867.65,1755855252
NIFTY,24867.75,1755855253
NIFTY,24868.9,1755855253
NIFTY,24868.75,1755855254
NIFTY,24868.2,1755855254
NIFTY,24868.1,1755855255
NIFTY,24867.05,1755855255
NIFTY,24867.55,1755855256
NIFTY,24867.75,1755855256
NIFTY,24867.55,1755855257
NIFTY,24867.75,1755855257
NIFTY,24867.65,1755855258
NIFTY,24867.9,1755855258
NIFTY,24868.1,1755855259
NIFTY,24868.05,1755855259
NIFTY,24868.1,1755855260
NIFTY,24867.35,1755855260
NIFTY,24867.9,1755855261
NIFTY,24868.15,1755855261
NIFTY,24867.8,1755855262
NIFTY,24868.2,1755855262
NIFTY,24867.7,1755855263
NIFTY,24868.05,1755855263
NIFTY,24868,1755855264
NIFTY,24867.4,1755855264
NIFTY,24867.8,1755855265
NIFTY,24866.55,1755855265
NIFTY,24867.3,1755855266
NIFTY,24867.7,1755855266
NIFTY,24867.9,1755855267
NIFTY,24867.7,1755855267
NIFTY,24868.25,1755855268
NIFTY,24867.7,1755855268
NIFTY,24867.75,1755855269
NIFTY,24867.95,1755855269
NIFTY,24867.9,1755855270
NIFTY,24867.5,1755855270
NIFTY,24868,1755855271
NIFTY,24869.7,1755855271
NIFTY,24869.45,1755855272
NIFTY,24869.6,1755855272
NIFTY,24869.45,1755855273
NIFTY,24868.7,1755855273
NIFTY,24869.45,1755855274
NIFTY,24868.4,1755855274
NIFTY,24869.1,1755855275
NIFTY,24868.45,1755855275
NIFTY,24868.95,1755855276
NIFTY,24869.75,1755855276
NIFTY,24869.45,1755855277
NIFTY,24869.35,1755855277
NIFTY,24869,1755855278
NIFTY,24869.05,1755855278
NIFTY,24869.2,1755855279
NIFTY,24869,1755855279
NIFTY,24869.2,1755855280
NIFTY,24869.7,1755855280
NIFTY,24869.2,1755855281
NIFTY,24868.65,1755855281
NIFTY,24869.25,1755855282
NIFTY,24868.85,1755855282
NIFTY,24869.95,1755855283
NIFTY,24868.9,1755855283
NIFTY,24869.3,1755855284
NIFTY,24869.35,1755855284
NIFTY,24869.4,1755855285
NIFTY,24868.6,1755855285
NIFTY,24869.25,1755855286
NIFTY,24870.15,1755855286
NIFTY,24869.15,1755855287
NIFTY,24870.1,1755855287
NIFTY,24869.65,1755855288
NIFTY,24869.9,1755855288
NIFTY,24869.8,1755855289
NIFTY,24870.6,1755855289
NIFTY,24870.5,1755855290
NIFTY,24869.5,1755855290
NIFTY,24869.75,1755855291
NIFTY,24869.8,1755855291
NIFTY,24869.9,1755855292
NIFTY,24869.6,1755855292
NIFTY,24870,1755855293
NIFTY,24870.25,1755855293
NIFTY,24870.4,1755855294
NIFTY,24870.15,1755855294
NIFTY,24869.7,1755855295
NIFTY,24868.95,1755855295
NIFTY,24869.6,1755855296
NIFTY,24870,1755855296
NIFTY,24869.8,1755855297
NIFTY,24870.05,1755855297
NIFTY,24870,1755855298
NIFTY,24871.1,1755855298
NIFTY,24870.4,1755855299
NIFTY,24870.05,1755855299
NIFTY,24870.4,1755855300
NIFTY,24870.25,1755855300
NIFTY,24870.9,1755855301
NIFTY,24870.25,1755855301
NIFTY,24870.05,1755855302
NIFTY,24871.3,1755855302
NIFTY,24870.85,1755855303
NIFTY,24870.55,1755855303
NIFTY,24871.2,1755855304
NIFTY,24870.5,1755855304
NIFTY,24870.75,1755855305
NIFTY,24870.15,1755855305
NIFTY,24870.65,1755855306
NIFTY,24871.3,1755855306
NIFTY,24871.35,1755855307
NIFTY,24871.9,1755855307
NIFTY,24871.6,1755855308
NIFTY,24872.3,1755855308
NIFTY,24871.85,1755855309
NIFTY,24871.65,1755855309
NIFTY,24872.25,1755855310
NIFTY,24872.05,1755855310
NIFTY,24872.2,1755855311
NIFTY,24871.95,1755855311
NIFTY,24872,1755855312
NIFTY,24872.1,1755855313
NIFTY,24872,1755855313
NIFTY,24873.25,1755855314
NIFTY,24873.85,1755855314
NIFTY,24873.15,1755855315
NIFTY,24873.05,1755855315
NIFTY,24873.3,1755855316
NIFTY,24874.9,1755855316
NIFTY,24873.8,1755855317
NIFTY,24874.7,1755855317
NIFTY,24874.25,1755855318
NIFTY,24874.3,1755855318
NIFTY,24873.45,1755855319
NIFTY,24874.4,1755855319
NIFTY,24874.6,1755855320
NIFTY,24874.5,1755855320
NIFTY,24874.35,1755855321
NIFTY,24874.45,1755855321
NIFTY,24874.55,1755855322
NIFTY,24874.15,1755855322
NIFTY,24874.75,1755855323
NIFTY,24874.4,1755855323
NIFTY,24875.1,1755855324
NIFTY,24874.45,1755855324
NIFTY,24874.7,1755855325
NIFTY,24875.45,1755855325
NIFTY,24874.85,1755855326
NIFTY,24875.3,1755855326
NIFTY,24874.8,1755855327
NIFTY,24875.25,1755855327
NIFTY,24875.15,1755855328
NIFTY,24875.85,1755855328
NIFTY,24874.85,1755855329
NIFTY,24875.2,1755855329
NIFTY,24875.9,1755855330
NIFTY,24875,1755855331
NIFTY,24874.95,1755855331
NIFTY,24874.3,1755855332
NIFTY,24875.85,1755855332
NIFTY,24875.5,1755855333
NIFTY,24875.3,1755855333
NIFTY,24875.75,1755855334
NIFTY,24876,1755855334
NIFTY,24875.6,1755855335
NIFTY,24875.45,1755855335
NIFTY,24875.8,1755855336
NIFTY,24876.1,1755855336
NIFTY,24876.25,1755855337
NIFTY,24876.7,1755855337
NIFTY,24876.8,1755855338
NIFTY,24876.2,1755855338
NIFTY,24876.3,1755855339
NIFTY,24876.2,1755855340
NIFTY,24875.15,1755855340
NIFTY,24875.95,1755855341
NIFTY,24876.65,1755855341
NIFTY,24875.8,1755855342
NIFTY,24876,1755855343
NIFTY,24876.25,1755855343
NIFTY,24876.3,1755855344
NIFTY,24876.25,1755855344
NIFTY,24875.45,1755855345
NIFTY,24876.15,1755855346
NIFTY,24876.8,1755855346
NIFTY,24876.5,1755855347
NIFTY,24876.35,1755855347
NIFTY,24876.05,1755855348
NIFTY,24875.75,1755855348
NIFTY,24876.35,1755855349
NIFTY,24875.6,1755855349
NIFTY,24876.35,1755855350
NIFTY,24875.3,1755855350
NIFTY,24876,1755855351
NIFTY,24876.3,1755855351
NIFTY,24876.5,1755855352
NIFTY,24877,1755855352
NIFTY,24876.35,1755855353
NIFTY,24876.65,1755855353
NIFTY,24876.3,1755855354
NIFTY,24876.1,1755855354
NIFTY,24875.95,1755855355
NIFTY,24874.95,1755855355
NIFTY,24875.7,1755855356
NIFTY,24876.45,1755855356
NIFTY,24875.9,1755855357
NIFTY,24875.95,1755855357
NIFTY,24876.05,1755855358
NIFTY,24875.6,1755855358
NIFTY,24875.1,1755855359
NIFTY,24875.5,1755855359
NIFTY,24875.45,1755855360
NIFTY,24874,1755855360
NIFTY,24875.35,1755855361
NIFTY,24875.5,1755855361
NIFTY,24875.35,1755855362
NIFTY,24875.65,1755855362
NIFTY,24875.4,1755855363
NIFTY,24875.1,1755855363
NIFTY,24875.85,1755855364
NIFTY,24875.8,1755855364
NIFTY,24875.65,1755855365
NIFTY,24875.1,1755855365
NIFTY,24875.2,1755855366
NIFTY,24875.7,1755855366
NIFTY,24875.4,1755855367
NIFTY,24875.5,1755855367
NIFTY,24875.65,1755855368
NIFTY,24876.05,1755855368
NIFTY,24875.9,1755855369
NIFTY,24875.6,1755855369
NIFTY,24875.9,1755855370
NIFTY,24876.25,1755855370
NIFTY,24876,1755855371
NIFTY,24875.8,1755855371
NIFTY,24875.75,1755855372
NIFTY,24875.85,1755855372
NIFTY,24876.05,1755855373
NIFTY,24875.9,1755855373
NIFTY,24875.7,1755855374
NIFTY,24875.6,1755855374
NIFTY,24875.95,1755855375
NIFTY,24875.05,1755855375
NIFTY,24876.15,1755855376
NIFTY,24875.75,1755855376
NIFTY,24875.9,1755855377
NIFTY,24877,1755855377
NIFTY,24876.6,1755855378
NIFTY,24876.7,1755855378
NIFTY,24876.65,1755855379
NIFTY,24877.1,1755855379
NIFTY,24876.25,1755855380
NIFTY,24875.75,1755855380
NIFTY,24876.25,1755855381
NIFTY,24876.05,1755855381
NIFTY,24875.55,1755855382
NIFTY,24875.65,1755855382
NIFTY,24875.85,1755855383
NIFTY,24876.3,1755855383
NIFTY,24875.25,1755855384
NIFTY,24875.05,1755855384
NIFTY,24875.4,1755855385
NIFTY,24874.45,1755855385
NIFTY,24874.2,1755855386
NIFTY,24875.4,1755855386
NIFTY,24875.15,1755855387
NIFTY,24875.5,1755855387
NIFTY,24875.45,1755855388
NIFTY,24875.7,1755855388
NIFTY,24875.2,1755855389
NIFTY,24875.05,1755855389
NIFTY,24875,1755855390
NIFTY,24874.45,1755855390
NIFTY,24875.05,1755855391
NIFTY,24874.2,1755855391
NIFTY,24874.65,1755855392
NIFTY,24875.15,1755855392
NIFTY,24874.6,1755855393
NIFTY,24874.85,1755855393
NIFTY,24873.9,1755855394
NIFTY,24873.85,1755855395
NIFTY,24874,1755855394
NIFTY,24873.7,1755855395
NIFTY,24874.75,1755855396
NIFTY,24874.5,1755855396
NIFTY,24874.3,1755855397
NIFTY,24875.25,1755855397
NIFTY,24875.1,1755855398
NIFTY,24875,1755855398
NIFTY,24874.4,1755855399
NIFTY,24874.5,1755855399
NIFTY,24874.75,1755855400
NIFTY,24874.15,1755855400
NIFTY,24874.4,1755855401
NIFTY,24875.1,1755855401
NIFTY,24874.5,1755855402
NIFTY,24874.1,1755855402
NIFTY,24874.35,1755855403
NIFTY,24873.55,1755855404
NIFTY,24874.2,1755855404
NIFTY,24873.8,1755855405
NIFTY,24873.05,1755855405
NIFTY,24873.2,1755855406
NIFTY,24874.15,1755855406
NIFTY,24873.25,1755855407
NIFTY,24873.85,1755855407
NIFTY,24872.8,1755855408
NIFTY,24873.25,1755855409
NIFTY,24873.35,1755855409
NIFTY,24873.45,1755855410
NIFTY,24872.65,1755855410
NIFTY,24872.9,1755855411
NIFTY,24873.25,1755855411
NIFTY,24873.15,1755855412
NIFTY,24872.95,1755855412
NIFTY,24872.55,1755855413
NIFTY,24872.2,1755855414
NIFTY,24872.55,1755855414
NIFTY,24873,1755855415
NIFTY,24873.25,1755855415
NIFTY,24872.4,1755855416
NIFTY,24872.75,1755855416
NIFTY,24872.35,1755855417
NIFTY,24872.75,1755855417
NIFTY,24873.4,1755855418
NIFTY,24873.05,1755855418
NIFTY,24873.15,1755855419
NIFTY,24873.2,1755855419
NIFTY,24873.6,1755855420
NIFTY,24872.4,1755855420
NIFTY,24873.55,1755855421
NIFTY,24872.05,1755855421
NIFTY,24873.45,1755855422
NIFTY,24873.55,1755855422
NIFTY,24873.05,1755855423
NIFTY,24872.95,1755855423
NIFTY,24872.7,1755855424
NIFTY,24873.35,1755855424
NIFTY,24873.05,1755855425
NIFTY,24872.95,1755855425
NIFTY,24872.85,1755855426
NIFTY,24873.15,1755855426
NIFTY,24873.3,1755855427
NIFTY,24872.75,1755855427
NIFTY,24872.45,1755855428
NIFTY,24873.2,1755855428
NIFTY,24874.3,1755855429
NIFTY,24873.1,1755855429
NIFTY,24873.8,1755855430
NIFTY,24873.45,1755855430
NIFTY,24873.1,1755855431
NIFTY,24873.4,1755855431
NIFTY,24873.35,1755855432
NIFTY,24873.65,1755855432
NIFTY,24873.95,1755855433
NIFTY,24874.3,1755855433
NIFTY,24872.9,1755855434
NIFTY,24874.1,1755855434
NIFTY,24873.9,1755855435
NIFTY,24873.35,1755855435
NIFTY,24873.5,1755855436
NIFTY,24874.2,1755855436
NIFTY,24873.8,1755855437
NIFTY,24873.75,1755855437
NIFTY,24873.7,1755855438
NIFTY,24873.55,1755855438
NIFTY,24873.5,1755855439
NIFTY,24873.2,1755855439
NIFTY,24873.5,1755855440
NIFTY,24873.55,1755855440
NIFTY,24873.85,1755855441
NIFTY,24874,1755855441
NIFTY,24874.3,1755855442
NIFTY,24874.25,1755855442
NIFTY,24874.15,1755855443
NIFTY,24874.1,1755855443
NIFTY,24872.95,1755855444
NIFTY,24873.3,1755855444
NIFTY,24873.75,1755855445
NIFTY,24873.05,1755855445
NIFTY,24873.3,1755855446
NIFTY,24873.95,1755855446
NIFTY,24874,1755855447
NIFTY,24874.1,1755855448
NIFTY,24873.65,1755855448
NIFTY,24873.45,1755855449
NIFTY,24873.7,1755855449
NIFTY,24873.65,1755855450
NIFTY,24873.35,1755855450
NIFTY,24874.35,1755855451
NIFTY,24874.8,1755855451
NIFTY,24874.85,1755855452
NIFTY,24874.8,1755855453
NIFTY,24874.65,1755855453
NIFTY,24873.4,1755855454
NIFTY,24874.05,1755855454
NIFTY,24874.2,1755855455
NIFTY,24874.25,1755855455
NIFTY,24874.6,1755855456
NIFTY,24874.55,1755855456
NIFTY,24874.1,1755855457
NIFTY,24874.85,1755855457
NIFTY,24874.7,1755855458
NIFTY,24875.3,1755855458
NIFTY,24875.25,1755855459
NIFTY,24874.5,1755855459
NIFTY,24874.75,1755855460
NIFTY,24875.5,1755855460
NIFTY,24875.45,1755855461
NIFTY,24875.2,1755855461
NIFTY,24874.85,1755855462
NIFTY,24874.25,1755855462
NIFTY,24874.65,1755855463
NIFTY,24874.25,1755855463
NIFTY,24873.9,1755855464
NIFTY,24874.1,1755855464
NIFTY,24874.25,1755855465
NIFTY,24873.8,1755855465
NIFTY,24874.2,1755855466
NIFTY,24874.4,1755855466
NIFTY,24874.5,1755855467
NIFTY,24874.75,1755855467
NIFTY,24874.35,1755855468
NIFTY,24874.5,1755855468
NIFTY,24875.05,1755855469
NIFTY,24874.05,1755855470
NIFTY,24874.5,1755855471
NIFTY,24874.9,1755855471
NIFTY,24874.65,1755855472
NIFTY,24874.75,1755855472
NIFTY,24874.45,1755855473
NIFTY,24874.6,1755855473
NIFTY,24873.75,1755855474
NIFTY,24874.3,1755855474
NIFTY,24874.75,1755855475
NIFTY,24873.4,1755855475
NIFTY,24874,1755855476
NIFTY,24874.3,1755855476
NIFTY,24874.2,1755855477
NIFTY,24874.45,1755855477
NIFTY,24874.35,1755855478
NIFTY,24874.9,1755855478
NIFTY,24874.7,1755855479
NIFTY,24874.45,1755855479
NIFTY,24874.4,1755855480
NIFTY,24873.5,1755855480
NIFTY,24874.35,1755855481
NIFTY,24873.05,1755855481
NIFTY,24874,1755855482
NIFTY,24874.25,1755855482
NIFTY,24873.75,1755855483
NIFTY,24873.9,1755855483
NIFTY,24873.35,1755855484
NIFTY,24873.7,1755855484
NIFTY,24874,1755855485
NIFTY,24873.65,1755855485
NIFTY,24874.4,1755855486
NIFTY,24874.25,1755855486
NIFTY,24874.35,1755855487
NIFTY,24874.8,1755855487
NIFTY,24874.5,1755855488
NIFTY,24874.4,1755855488
NIFTY,24874.15,1755855489
NIFTY,24874.6,1755855490
NIFTY,24873.55,1755855490
NIFTY,24873.75,1755855491
NIFTY,24873.95,1755855491
NIFTY,24874,1755855492
NIFTY,24874.25,1755855492
NIFTY,24873.95,1755855493
NIFTY,24874.1,1755855493
NIFTY,24873.05,1755855494
NIFTY,24873.9,1755855494
NIFTY,24873.6,1755855495
NIFTY,24873.5,1755855495
NIFTY,24874.25,1755855496
NIFTY,24875,1755855496
NIFTY,24874.25,1755855497
NIFTY,24874.7,1755855497
NIFTY,24874.5,1755855498
NIFTY,24874.05,1755855498
NIFTY,24873.95,1755855499
NIFTY,24874,1755855499
NIFTY,24874.1,1755855500
NIFTY,24874.15,1755855500
NIFTY,24874.6,1755855501
NIFTY,24875,1755855501
NIFTY,24874.8,1755855502
NIFTY,24873.8,1755855502
NIFTY,24873.9,1755855503
NIFTY,24875.2,1755855503
NIFTY,24873.7,1755855504
NIFTY,24874.5,1755855504
NIFTY,24874.4,1755855505
NIFTY,24874.5,1755855505
NIFTY,24873.8,1755855506
NIFTY,24873.55,1755855506
NIFTY,24874.15,1755855507
NIFTY,24873.85,1755855508
NIFTY,24873.7,1755855508
NIFTY,24873.1,1755855509
NIFTY,24874.4,1755855509
NIFTY,24873.95,1755855510
NIFTY,24872.7,1755855510
NIFTY,24873.35,1755855511
NIFTY,24873.7,1755855511
NIFTY,24874.05,1755855512
NIFTY,24874.8,1755855512
NIFTY,24875.05,1755855513
NIFTY,24874.5,1755855513
NIFTY,24873.45,1755855514
NIFTY,24874.25,1755855514
NIFTY,24873.7,1755855515
NIFTY,24873.5,1755855515
NIFTY,24873.85,1755855516
NIFTY,24874.4,1755855516
NIFTY,24873.85,1755855517
NIFTY,24873.7,1755855518
NIFTY,24874.6,1755855518
NIFTY,24874.2,1755855519
NIFTY,24873.85,1755855519
NIFTY,24874.15,1755855520
NIFTY,24873.3,1755855520
NIFTY,24873.25,1755855521
NIFTY,24874.15,1755855521
NIFTY,24874.2,1755855522
NIFTY,24873.6,1755855522
NIFTY,24874.15,1755855523
NIFTY,24874.55,1755855523
NIFTY,24873.05,1755855524
NIFTY,24873.7,1755855524
NIFTY,24873.5,1755855525
NIFTY,24873.2,1755855525
NIFTY,24873.4,1755855526
NIFTY,24873.55,1755855526
NIFTY,24873.05,1755855527
NIFTY,24873.75,1755855527
NIFTY,24873.8,1755855528
NIFTY,24873.85,1755855528
NIFTY,24873.6,1755855529
NIFTY,24873.8,1755855529
NIFTY,24873.7,1755855530
NIFTY,24873,1755855530
NIFTY,24873.15,1755855531
NIFTY,24873.3,1755855531
NIFTY,24873.25,1755855532
NIFTY,24873.7,1755855532
NIFTY,24872.45,1755855533
NIFTY,24873.5,1755855533
NIFTY,24872.6,1755855534
NIFTY,24872.45,1755855534
NIFTY,24873,1755855535
NIFTY,24871.8,1755855535
NIFTY,24872.4,1755855536
NIFTY,24873.1,1755855536
NIFTY,24872.9,1755855537
NIFTY,24872.95,1755855537
NIFTY,24872.85,1755855538
NIFTY,24872.5,1755855538
NIFTY,24873.2,1755855539
NIFTY,24873,1755855539
NIFTY,24872.9,1755855540
NIFTY,24871.95,1755855540
NIFTY,24873.15,1755855541
NIFTY,24873.5,1755855541
NIFTY,24872.8,1755855542
NIFTY,24873.05,1755855542
NIFTY,24872.4,1755855543
NIFTY,24872.25,1755855544
NIFTY,24873.05,1755855544
NIFTY,24872.5,1755855545
NIFTY,24872.8,1755855545
NIFTY,24872.7,1755855546
NIFTY,24873.25,1755855546
NIFTY,24873.15,1755855547
NIFTY,24873.1,1755855547
NIFTY,24872.95,1755855548
NIFTY,24873.55,1755855548
NIFTY,24873.4,1755855549
NIFTY,24872.55,1755855549
NIFTY,24873.05,1755855550
NIFTY,24873.15,1755855550
NIFTY,24872.75,1755855551
NIFTY,24872.45,1755855551
NIFTY,24872.4,1755855552
NIFTY,24873.2,1755855552
NIFTY,24872.35,1755855553
NIFTY,24872.2,1755855553
NIFTY,24871.55,1755855554
NIFTY,24871.75,1755855554
NIFTY,24870.95,1755855555
NIFTY,24871.65,1755855556
NIFTY,24872.05,1755855556
NIFTY,24871.6,1755855557
NIFTY,24871.95,1755855557
NIFTY,24871.9,1755855558
NIFTY,24871.35,1755855558
NIFTY,24871.65,1755855559
NIFTY,24872.2,1755855559
NIFTY,24871.8,1755855560
NIFTY,24871.1,1755855560
NIFTY,24871.8,1755855561
NIFTY,24872.5,1755855561
NIFTY,24872.2,1755855562
NIFTY,24871.95,1755855562
NIFTY,24871.2,1755855563
NIFTY,24871.65,1755855563
NIFTY,24870.65,1755855564
NIFTY,24871.85,1755855564
NIFTY,24871.95,1755855565
NIFTY,24870.5,1755855565
NIFTY,24871.4,1755855566
NIFTY,24872.05,1755855566
NIFTY,24871.4,1755855567
NIFTY,24871.6,1755855567
NIFTY,24871.8,1755855568
NIFTY,24872.05,1755855568
NIFTY,24871.65,1755855569
NIFTY,24871.45,1755855570
NIFTY,24871.35,1755855570
NIFTY,24871.9,1755855571
NIFTY,24872.1,1755855571
NIFTY,24871.85,1755855572
NIFTY,24872.3,1755855572
NIFTY,24872.1,1755855573
NIFTY,24872.25,1755855573
NIFTY,24870.95,1755855574
NIFTY,24871.75,1755855574
NIFTY,24871.7,1755855575
NIFTY,24871.35,1755855575
NIFTY,24872.15,1755855576
NIFTY,24872.1,1755855576
NIFTY,24871.75,1755855577
NIFTY,24872.4,1755855577
NIFTY,24871.65,1755855578
NIFTY,24871.85,1755855578
NIFTY,24871.6,1755855579
NIFTY,24871.85,1755855580
NIFTY,24870.95,1755855580
NIFTY,24871.5,1755855581
NIFTY,24871.85,1755855581
NIFTY,24871.35,1755855582
NIFTY,24871.6,1755855582
NIFTY,24871.8,1755855583
NIFTY,24871.55,1755855583
NIFTY,24870.55,1755855584
NIFTY,24871.6,1755855584
NIFTY,24871.25,1755855585
NIFTY,24870.75,1755855585
NIFTY,24871.65,1755855586
NIFTY,24872.2,1755855586
NIFTY,24872.15,1755855587
NIFTY,24872,1755855587
NIFTY,24871.8,1755855588
NIFTY,24871.6,1755855588
NIFTY,24871.45,1755855589
NIFTY,24871.3,1755855590
NIFTY,24871.1,1755855590
NIFTY,24871.3,1755855591
NIFTY,24871.4,1755855591
NIFTY,24871.65,1755855592
NIFTY,24871.5,1755855592
NIFTY,24871.45,1755855593
NIFTY,24871.85,1755855593
NIFTY,24870.65,1755855594
NIFTY,24870.9,1755855594
NIFTY,24871.15,1755855595
NIFTY,24871.8,1755855595
NIFTY,24871.4,1755855596
NIFTY,24871.8,1755855596
NIFTY,24871.55,1755855597
NIFTY,24871.7,1755855597
NIFTY,24871.55,1755855598
NIFTY,24871.75,1755855598
NIFTY,24871.15,1755855599
NIFTY,24871.65,1755855599
NIFTY,24872.3,1755855600
NIFTY,24871.35,1755855600
NIFTY,24872,1755855601
NIFTY,24872.55,1755855601
NIFTY,24872.9,1755855602
NIFTY,24872.55,1755855603
NIFTY,24872.95,1755855603
NIFTY,24872.15,1755855604
NIFTY,24873.35,1755855604
NIFTY,24873.05,1755855605
NIFTY,24872.45,1755855605
NIFTY,24873.05,1755855606
NIFTY,24872.75,1755855606
NIFTY,24872.05,1755855607
NIFTY,24872.85,1755855607
NIFTY,24872.7,1755855608
NIFTY,24873.35,1755855608
NIFTY,24873,1755855609
NIFTY,24872.5,1755855609
NIFTY,24872.9,1755855610
NIFTY,24871.8,1755855610
NIFTY,24872.65,1755855611
NIFTY,24873.05,1755855611
NIFTY,24872.5,1755855612
NIFTY,24872.75,1755855612
NIFTY,24872.95,1755855613
NIFTY,24873.35,1755855613
NIFTY,24872.45,1755855614
NIFTY,24872.8,1755855614
NIFTY,24872.65,1755855615
NIFTY,24872.1,1755855615
NIFTY,24872.5,1755855616
NIFTY,24872.8,1755855616
NIFTY,24872.5,1755855617
NIFTY,24872.85,1755855618
NIFTY,24872.65,1755855618
NIFTY,24872.45,1755855619
NIFTY,24872.95,1755855619
NIFTY,24872.7,1755855620
NIFTY,24872.6,1755855620
NIFTY,24872.75,1755855621
NIFTY,24873.6,1755855621
NIFTY,24873.25,1755855622
NIFTY,24873.6,1755855622
NIFTY,24873.25,1755855623
NIFTY,24872.8,1755855623
NIFTY,24871.9,1755855624
NIFTY,24871.65,1755855624
NIFTY,24871.85,1755855625
NIFTY,24871.2,1755855625
NIFTY,24871.55,1755855626
NIFTY,24871.85,1755855626
NIFTY,24872,1755855627
NIFTY,24871.9,1755855627
NIFTY,24871.85,1755855628
NIFTY,24871.65,1755855629
NIFTY,24871.5,1755855630
NIFTY,24871.35,1755855630
NIFTY,24871.55,1755855631
NIFTY,24872.4,1755855631
NIFTY,24872.1,1755855632
NIFTY,24872.2,1755855632
NIFTY,24871.3,1755855633
NIFTY,24871.45,1755855633
NIFTY,24870.95,1755855634
NIFTY,24871.35,1755855634
NIFTY,24871.3,1755855635
NIFTY,24871.35,1755855635
NIFTY,24871.45,1755855636
NIFTY,24871.8,1755855636
NIFTY,24871.5,1755855637
NIFTY,24871.25,1755855637
NIFTY,24871.2,1755855638
NIFTY,24871.55,1755855638
NIFTY,24870.95,1755855639
NIFTY,24870.85,1755855639
NIFTY,24871.2,1755855640
NIFTY,24872,1755855640
NIFTY,24871.65,1755855641
NIFTY,24871.8,1755855641
NIFTY,24871.6,1755855642
NIFTY,24871.1,1755855642
NIFTY,24871.3,1755855643
NIFTY,24871.25,1755855643
NIFTY,24870.45,1755855644
NIFTY,24871,1755855644
NIFTY,24871.1,1755855645
NIFTY,24870.4,1755855645
NIFTY,24871,1755855646
NIFTY,24870.9,1755855646
NIFTY,24870.8,1755855647
NIFTY,24871.55,1755855647
NIFTY,24871.4,1755855648
NIFTY,24870.4,1755855648
NIFTY,24870.7,1755855649
NIFTY,24871.7,1755855649
NIFTY,24870.95,1755855650
NIFTY,24870.15,1755855650
NIFTY,24870.4,1755855651
NIFTY,24871.15,1755855651
NIFTY,24871.35,1755855652
NIFTY,24870.1,1755855652
NIFTY,24870.75,1755855653
NIFTY,24871.2,1755855653
NIFTY,24870,1755855654
NIFTY,24870.3,1755855654
NIFTY,24870.55,1755855655
NIFTY,24869.75,1755855655
NIFTY,24870.3,1755855656
NIFTY,24870.8,1755855656
NIFTY,24870.5,1755855657
NIFTY,24870.65,1755855657
NIFTY,24871.1,1755855658
NIFTY,24871.3,1755855658
NIFTY,24871,1755855659
NIFTY,24870.35,1755855660
NIFTY,24871.1,1755855661
NIFTY,24871.05,1755855661
NIFTY,24871.25,1755855662
NIFTY,24871.45,1755855662
NIFTY,24871.1,1755855663
NIFTY,24871.25,1755855663
NIFTY,24870.45,1755855664
NIFTY,24871.5,1755855664
NIFTY,24871.4,1755855665
NIFTY,24870.95,1755855665
NIFTY,24871.1,1755855666
NIFTY,24870.85,1755855667
NIFTY,24871.75,1755855667
NIFTY,24870.85,1755855668
NIFTY,24871.7,1755855668
NIFTY,24871,1755855669
NIFTY,24870.8,1755855669
NIFTY,24870.1,1755855670
NIFTY,24870.6,1755855671
NIFTY,24870.65,1755855671
NIFTY,24870.6,1755855672
NIFTY,24870.3,1755855672
NIFTY,24871,1755855673
NIFTY,24870.7,1755855673
NIFTY,24869.5,1755855674
NIFTY,24870.65,1755855674
NIFTY,24870.35,1755855675
NIFTY,24869.7,1755855675
NIFTY,24870.6,1755855676
NIFTY,24870.95,1755855676
NIFTY,24870.6,1755855677
NIFTY,24871.1,1755855677
NIFTY,24870.55,1755855678
NIFTY,24869.75,1755855678
NIFTY,24870.3,1755855679
NIFTY,24870.25,1755855679
NIFTY,24869.95,1755855680
NIFTY,24869.65,1755855680
NIFTY,24869.7,1755855681
NIFTY,24870.85,1755855681
NIFTY,24870.3,1755855682
NIFTY,24870.4,1755855682
NIFTY,24870.25,1755855683
NIFTY,24870,1755855683
NIFTY,24869.55,1755855684
NIFTY,24869.95,1755855684
NIFTY,24871.3,1755855685
NIFTY,24870.8,1755855686
NIFTY,24870.7,1755855686
NIFTY,24870.65,1755855687
NIFTY,24871,1755855687
NIFTY,24870.9,1755855688
NIFTY,24870.55,1755855688
NIFTY,24870.25,1755855689
NIFTY,24870.8,1755855689
NIFTY,24871.1,1755855690
NIFTY,24870.15,1755855690
NIFTY,24870.65,1755855691
NIFTY,24870.75,1755855691
NIFTY,24871.05,1755855692
NIFTY,24871.15,1755855692
NIFTY,24870.9,1755855693
NIFTY,24871.35,1755855693
NIFTY,24870.25,1755855694
NIFTY,24871.3,1755855694
NIFTY,24870.8,1755855695
NIFTY,24870.45,1755855695
NIFTY,24871.15,1755855696
NIFTY,24871.4,1755855697
NIFTY,24871.55,1755855697
NIFTY,24871.3,1755855698
NIFTY,24871.6,1755855698
NIFTY,24870.6,1755855699
NIFTY,24871.25,1755855699
NIFTY,24871.15,1755855700
NIFTY,24870.4,1755855700
NIFTY,24871.7,1755855701
NIFTY,24870.85,1755855702
NIFTY,24870.8,1755855702
NIFTY,24871.2,1755855703
NIFTY,24872.1,1755855703
NIFTY,24870.75,1755855704
NIFTY,24871.45,1755855704
NIFTY,24871.2,1755855705
NIFTY,24870.7,1755855705
NIFTY,24871.2,1755855706
NIFTY,24871.5,1755855706
NIFTY,24870.85,1755855707
NIFTY,24871.9,1755855707
NIFTY,24871.55,1755855708
NIFTY,24870.8,1755855708
NIFTY,24870.55,1755855709
NIFTY,24871.5,1755855709
NIFTY,24870.4,1755855710
NIFTY,24870.25,1755855710
NIFTY,24871.3,1755855711
NIFTY,24871,1755855711
NIFTY,24871.4,1755855712
NIFTY,24871.85,1755855712
NIFTY,24871.2,1755855713
NIFTY,24871.45,1755855713
NIFTY,24870.5,1755855714
NIFTY,24870.55,1755855714
NIFTY,24870.5,1755855715
NIFTY,24869.6,1755855715
NIFTY,24870.1,1755855716
NIFTY,24870.6,1755855716
NIFTY,24869.9,1755855717
NIFTY,24870.6,1755855717
NIFTY,24870.45,1755855718
NIFTY,24871.2,1755855718
NIFTY,24870,1755855719
NIFTY,24870.65,1755855719
NIFTY,24870.45,1755855720
NIFTY,24870.05,1755855720
NIFTY,24870.75,1755855721
NIFTY,24871,1755855721
NIFTY,24871.05,1755855722
NIFTY,24870.65,1755855722
NIFTY,24871.3,1755855723
NIFTY,24870.4,1755855724
NIFTY,24870.5,1755855724
NIFTY,24870.45,1755855725
NIFTY,24870.1,1755855725
NIFTY,24870.8,1755855726
NIFTY,24870.3,1755855727
NIFTY,24870.25,1755855727
NIFTY,24870.35,1755855728
NIFTY,24870.6,1755855728
NIFTY,24870.2,1755855729
NIFTY,24870.15,1755855729
NIFTY,24870,1755855730
NIFTY,24870.65,1755855730
NIFTY,24869.7,1755855731
NIFTY,24870.1,1755855731
NIFTY,24870,1755855732
NIFTY,24869.3,1755855732
NIFTY,24869.35,1755855733
NIFTY,24869.25,1755855733
NIFTY,24869,1755855734
NIFTY,24869.45,1755855734
NIFTY,24869,1755855735
NIFTY,24868.8,1755855735
NIFTY,24869.1,1755855736
NIFTY,24869.7,1755855736
NIFTY,24868.75,1755855737
NIFTY,24870.05,1755855737
NIFTY,24869.65,1755855738
NIFTY,24869.55,1755855738
NIFTY,24869.4,1755855739
NIFTY,24870.25,1755855739
NIFTY,24869.75,1755855740
NIFTY,24869.2,1755855740
NIFTY,24869.55,1755855741
NIFTY,24869.6,1755855741
NIFTY,24869.45,1755855742
NIFTY,24869.7,1755855742
NIFTY,24869.25,1755855743
NIFTY,24870.35,1755855743
NIFTY,24868.5,1755855744
NIFTY,24869.4,1755855744
NIFTY,24869.6,1755855745
NIFTY,24868.65,1755855745
NIFTY,24869,1755855746
NIFTY,24869.75,1755855746
NIFTY,24869.2,1755855747
NIFTY,24869.65,1755855747
NIFTY,24868.9,1755855748
NIFTY,24869.7,1755855748
NIFTY,24868.6,1755855749
NIFTY,24869.45,1755855749
NIFTY,24869.4,1755855750
NIFTY,24868.75,1755855750
NIFTY,24868.85,1755855751
NIFTY,24868.8,1755855751
NIFTY,24868.6,1755855752
NIFTY,24869.3,1755855752
NIFTY,24868.95,1755855753
NIFTY,24868.35,1755855753
NIFTY,24867.8,1755855754
NIFTY,24868.1,1755855754
NIFTY,24868.4,1755855755
NIFTY,24868,1755855755
NIFTY,24868.45,1755855756
NIFTY,24869,1755855756
NIFTY,24869.15,1755855757
NIFTY,24869.45,1755855757
NIFTY,24868.85,1755855758
NIFTY,24869.35,1755855758
NIFTY,24868.65,1755855759
NIFTY,24868.5,1755855759
NIFTY,24868.95,1755855760
NIFTY,24868.15,1755855760
NIFTY,24868.3,1755855761
NIFTY,24868.65,1755855761
NIFTY,24868.2,1755855762
NIFTY,24868.4,1755855762
NIFTY,24868.3,1755855763
NIFTY,24868.5,1755855763
NIFTY,24867.25,1755855764
NIFTY,24868.2,1755855764
NIFTY,24867.8,1755855765
NIFTY,24867.55,1755855765
NIFTY,24868.35,1755855766
NIFTY,24868.9,1755855766
NIFTY,24868.5,1755855767
NIFTY,24868.15,1755855767
NIFTY,24868.2,1755855768
NIFTY,24868.5,1755855769
NIFTY,24868.4,1755855769
NIFTY,24867.6,1755855770
NIFTY,24867.45,1755855771
NIFTY,24867.85,1755855771
NIFTY,24868.45,1755855772
NIFTY,24868.35,1755855773
NIFTY,24868.05,1755855774
NIFTY,24867.2,1755855774
NIFTY,24868.05,1755855775
NIFTY,24868.45,1755855775
NIFTY,24868.15,1755855776
NIFTY,24868.25,1755855776
NIFTY,24867.5,1755855777
NIFTY,24867.95,1755855777
NIFTY,24868,1755855778
NIFTY,24867.7,1755855778
NIFTY,24867.45,1755855779
NIFTY,24867,1755855779
NIFTY,24867.4,1755855780
NIFTY,24866.65,1755855780
NIFTY,24867.5,1755855781
NIFTY,24867.55,1755855781
NIFTY,24867.35,1755855782
NIFTY,24867.75,1755855782
NIFTY,24867.5,1755855783
NIFTY,24865.85,1755855783
NIFTY,24866.2,1755855784
NIFTY,24867.1,1755855784
NIFTY,24867.15,1755855785
NIFTY,24866.8,1755855785
NIFTY,24866.7,1755855786
NIFTY,24866.9,1755855786
NIFTY,24867.3,1755855787
NIFTY,24867.9,1755855787
NIFTY,24867.85,1755855788
NIFTY,24868.3,1755855788
NIFTY,24868.2,1755855789
NIFTY,24867.85,1755855789
NIFTY,24868.15,1755855790
NIFTY,24867.45,1755855790
NIFTY,24867.55,1755855791
NIFTY,24868.1,1755855791
NIFTY,24867.7,1755855792
NIFTY,24867.25,1755855792
NIFTY,24868.7,1755855793
NIFTY,24869.4,1755855793
NIFTY,24868.15,1755855794
NIFTY,24868.65,1755855794
NIFTY,24869.15,1755855795
NIFTY,24867.8,1755855795
NIFTY,24868.35,1755855796
NIFTY,24869.3,1755855796
NIFTY,24869.5,1755855797
NIFTY,24870.25,1755855798
NIFTY,24869.5,1755855798
NIFTY,24870.15,1755855799
NIFTY,24870.2,1755855799
NIFTY,24869.65,1755855800
NIFTY,24869.35,1755855800
NIFTY,24869.8,1755855801
NIFTY,24870.2,1755855801
NIFTY,24871.05,1755855802
NIFTY,24870.7,1755855803
NIFTY,24870.9,1755855803
NIFTY,24869.95,1755855804
NIFTY,24870.15,1755855804
NIFTY,24870.25,1755855805
NIFTY,24869.9,1755855805
NIFTY,24869.25,1755855806
NIFTY,24869.8,1755855806
NIFTY,24870.15,1755855807
NIFTY,24869.85,1755855808
NIFTY,24869.75,1755855808
NIFTY,24870.15,1755855809
NIFTY,24870.25,1755855809
NIFTY,24869.4,1755855810
NIFTY,24870.4,1755855811
NIFTY,24871.15,1755855811
NIFTY,24870.95,1755855812
NIFTY,24870.75,1755855812
NIFTY,24871,1755855813
NIFTY,24870.55,1755855813
NIFTY,24869.9,1755855814
NIFTY,24870,1755855814
NIFTY,24870.1,1755855815
NIFTY,24869.6,1755855815
NIFTY,24869.9,1755855816
NIFTY,24870.9,1755855816
NIFTY,24871.05,1755855817
NIFTY,24871.35,1755855817
NIFTY,24870.85,1755855818
NIFTY,24871.3,1755855818
NIFTY,24871.05,1755855819
NIFTY,24871.35,1755855819
NIFTY,24871.25,1755855820
NIFTY,24871.85,1755855820
NIFTY,24871.55,1755855821
NIFTY,24871.85,1755855821
NIFTY,24872.1,1755855822
NIFTY,24871.3,1755855822
NIFTY,24871.95,1755855823
NIFTY,24871.55,1755855823
NIFTY,24870.95,1755855824
NIFTY,24872,1755855824
NIFTY,24872.2,1755855825
NIFTY,24871.65,1755855825
NIFTY,24872.1,1755855826
NIFTY,24872.5,1755855826
NIFTY,24872.1,1755855827
NIFTY,24872.55,1755855827
NIFTY,24872.1,1755855828
NIFTY,24871.6,1755855828
NIFTY,24871.85,1755855829
NIFTY,24872.45,1755855829
NIFTY,24871.6,1755855830
NIFTY,24870.9,1755855830
NIFTY,24872.05,1755855831
NIFTY,24871.8,1755855831
NIFTY,24871.85,1755855832
NIFTY,24871.45,1755855832
NIFTY,24871.85,1755855833
NIFTY,24870.45,1755855834
NIFTY,24871.2,1755855834
NIFTY,24871.8,1755855835
NIFTY,24870.8,1755855835
NIFTY,24871.2,1755855836
NIFTY,24872.45,1755855836
NIFTY,24872.15,1755855837
NIFTY,24872.25,1755855838
NIFTY,24872.9,1755855838
NIFTY,24872.8,1755855839
NIFTY,24872.45,1755855839
NIFTY,24872.9,1755855840
NIFTY,24872,1755855840
NIFTY,24873,1755855841
NIFTY,24872.75,1755855841
NIFTY,24872.1,1755855842
NIFTY,24873.2,1755855842
NIFTY,24872.9,1755855843
NIFTY,24872.8,1755855843
NIFTY,24871.8,1755855844
NIFTY,24872.35,1755855844
NIFTY,24872.4,1755855845
NIFTY,24872,1755855845
NIFTY,24872.9,1755855846
NIFTY,24873.15,1755855846
NIFTY,24872.5,1755855847
NIFTY,24873.6,1755855847
NIFTY,24873.1,1755855848
NIFTY,24873.35,1755855848
NIFTY,24873.65,1755855849
NIFTY,24873.35,1755855849
NIFTY,24873.4,1755855850
NIFTY,24872.7,1755855850
NIFTY,24873.1,1755855851
NIFTY,24873.3,1755855851
NIFTY,24872.85,1755855852
NIFTY,24873.15,1755855852
NIFTY,24873.35,1755855853
NIFTY,24873.1,1755855853
NIFTY,24872.9,1755855854
NIFTY,24873.7,1755855854
NIFTY,24873.15,1755855855
NIFTY,24872.8,1755855855
NIFTY,24873.65,1755855856
NIFTY,24874.2,1755855856
NIFTY,24873.8,1755855857
NIFTY,24874.25,1755855857
NIFTY,24873.5,1755855858
NIFTY,24873.15,1755855858
NIFTY,24872.65,1755855859
NIFTY,24873.7,1755855859
NIFTY,24873.45,1755855860
NIFTY,24872.8,1755855860
NIFTY,24873.3,1755855861
NIFTY,24873.15,1755855861
NIFTY,24873.45,1755855862
NIFTY,24872.7,1755855862
NIFTY,24873.2,1755855863
NIFTY,24873.45,1755855863
NIFTY,24872.5,1755855864
NIFTY,24872.7,1755855864
NIFTY,24872.65,1755855865
NIFTY,24873.2,1755855865
NIFTY,24872.9,1755855866
NIFTY,24873,1755855866
NIFTY,24872.85,1755855867
NIFTY,24872.7,1755855867
NIFTY,24872.95,1755855868
NIFTY,24873,1755855869
NIFTY,24873.15,1755855869
NIFTY,24872.45,1755855870
NIFTY,24872.85,1755855871
NIFTY,24872.75,1755855871
NIFTY,24873.15,1755855872
NIFTY,24873.4,1755855872
NIFTY,24873.55,1755855873
NIFTY,24873.1,1755855873
NIFTY,24872.65,1755855874
NIFTY,24873.6,1755855874
NIFTY,24873.3,1755855875
NIFTY,24873.05,1755855875
NIFTY,24872.65,1755855876
NIFTY,24873.55,1755855876
NIFTY,24873.6,1755855877
NIFTY,24873.55,1755855877
NIFTY,24873.1,1755855878
NIFTY,24873.45,1755855878
NIFTY,24873.3,1755855879
NIFTY,24873.1,1755855879
NIFTY,24873.05,1755855880
NIFTY,24872.65,1755855880
NIFTY,24872.95,1755855881
NIFTY,24873.75,1755855881
NIFTY,24873.4,1755855882
NIFTY,24873.35,1755855882
NIFTY,24873.3,1755855883
NIFTY,24873.85,1755855883
NIFTY,24872.1,1755855884
NIFTY,24873.3,1755855884
NIFTY,24872.9,1755855885
NIFTY,24872.3,1755855885
NIFTY,24872.5,1755855886
NIFTY,24872.8,1755855886
NIFTY,24872.75,1755855887
NIFTY,24872.7,1755855887
NIFTY,24872.35,1755855888
NIFTY,24872.1,1755855888
NIFTY,24873.55,1755855889
NIFTY,24873.05,1755855889
NIFTY,24872.7,1755855890
NIFTY,24873.1,1755855890
NIFTY,24873.05,1755855891
NIFTY,24872.7,1755855892
NIFTY,24873.75,1755855892
NIFTY,24873.45,1755855893
NIFTY,24873.2,1755855893
NIFTY,24872.45,1755855894
NIFTY,24873.2,1755855894
NIFTY,24872.95,1755855895
NIFTY,24872.7,1755855895
NIFTY,24872.4,1755855896
NIFTY,24873.15,1755855896
NIFTY,24873.1,1755855897
NIFTY,24873.3,1755855897
NIFTY,24873,1755855898
NIFTY,24873.3,1755855898
NIFTY,24872.9,1755855899
NIFTY,24873.3,1755855899
NIFTY,24873.4,1755855900
NIFTY,24872.85,1755855900
NIFTY,24873.7,1755855901
NIFTY,24873.85,1755855901
NIFTY,24873.1,1755855902
NIFTY,24873.55,1755855902
NIFTY,24873.65,1755855903
NIFTY,24873.5,1755855903
NIFTY,24872.5,1755855904
NIFTY,24873,1755855904
NIFTY,24873.5,1755855905
NIFTY,24873.4,1755855905
NIFTY,24873.45,1755855906
NIFTY,24873.65,1755855906
NIFTY,24873.9,1755855907
NIFTY,24873.65,1755855907
NIFTY,24873.7,1755855908
NIFTY,24873.85,1755855908
NIFTY,24874.5,1755855909
NIFTY,24874.05,1755855909
NIFTY,24873.75,1755855910
NIFTY,24874.65,1755855910
NIFTY,24873.65,1755855911
NIFTY,24873.7,1755855911
NIFTY,24874.2,1755855912
NIFTY,24873.1,1755855912
NIFTY,24873.5,1755855913
NIFTY,24873.2,1755855913
NIFTY,24872.85,1755855914
NIFTY,24873.2,1755855914
NIFTY,24873.1,1755855915
NIFTY,24872.65,1755855915
NIFTY,24873.1,1755855916
NIFTY,24873.2,1755855916
NIFTY,24873.85,1755855917
NIFTY,24874.2,1755855917
NIFTY,24874.1,1755855918
NIFTY,24874,1755855918
NIFTY,24873.35,1755855919
NIFTY,24874.55,1755855919
NIFTY,24873.9,1755855920
NIFTY,24873.2,1755855920
NIFTY,24873.3,1755855921
NIFTY,24873.75,1755855921
NIFTY,24874.05,1755855922
NIFTY,24873.35,1755855922
NIFTY,24873.5,1755855923
NIFTY,24873.25,1755855923
NIFTY,24873.35,1755855924
NIFTY,24873.4,1755855925
NIFTY,24872.75,1755855925
NIFTY,24872.8,1755855926
NIFTY,24873,1755855926
NIFTY,24873.2,1755855927
NIFTY,24874.45,1755855927
NIFTY,24874.15,1755855928
NIFTY,24874.5,1755855928
NIFTY,24874,1755855929
NIFTY,24873.8,1755855929
NIFTY,24873.5,1755855930
NIFTY,24873.15,1755855930
NIFTY,24873.2,1755855931
NIFTY,24872.9,1755855931
NIFTY,24873.45,1755855932
NIFTY,24873.85,1755855932
NIFTY,24873.75,1755855933
NIFTY,24873.1,1755855933
NIFTY,24873.3,1755855934
NIFTY,24872.95,1755855934
NIFTY,24873.7,1755855935
NIFTY,24873.5,1755855935
NIFTY,24873.45,1755855936
NIFTY,24873.75,1755855936
NIFTY,24873.9,1755855937
NIFTY,24874.5,1755855937
NIFTY,24874.05,1755855938
NIFTY,24873.25,1755855938
NIFTY,24873.95,1755855939
NIFTY,24873.6,1755855939
NIFTY,24873.3,1755855940
NIFTY,24873.65,1755855941
NIFTY,24874.55,1755855941
NIFTY,24874.15,1755855942
NIFTY,24874.25,1755855942
NIFTY,24873.95,1755855943
NIFTY,24873.55,1755855943
NIFTY,24872.95,1755855944
NIFTY,24873,1755855944
NIFTY,24872.9,1755855945
NIFTY,24873.65,1755855946
NIFTY,24874.55,1755855946
NIFTY,24873.7,1755855947
NIFTY,24873.55,1755855947
NIFTY,24873.75,1755855948
NIFTY,24873.2,1755855948
NIFTY,24873.7,1755855949
NIFTY,24872.65,1755855949
NIFTY,24872.7,1755855950
NIFTY,24872.65,1755855950
NIFTY,24872.85,1755855951
NIFTY,24873.25,1755855951
NIFTY,24872.95,1755855952
NIFTY,24872.65,1755855952
NIFTY,24872.45,1755855953
NIFTY,24872.05,1755855953
NIFTY,24871.8,1755855954
NIFTY,24871.95,1755855954
NIFTY,24872.25,1755855955
NIFTY,24873.25,1755855955
NIFTY,24872.85,1755855956
NIFTY,24872.35,1755855956
NIFTY,24872.4,1755855957
NIFTY,24873.9,1755855957
NIFTY,24872.65,1755855958
NIFTY,24872.75,1755855958
NIFTY,24872.8,1755855959
NIFTY,24872.85,1755855959
NIFTY,24872.35,1755855960
NIFTY,24872.25,1755855960
NIFTY,24872.5,1755855961
NIFTY,24873.15,1755855961
NIFTY,24873,1755855962
NIFTY,24873.85,1755855962
NIFTY,24873.7,1755855963
NIFTY,24873,1755855963
NIFTY,24872.7,1755855964
NIFTY,24873.8,1755855964
NIFTY,24872.8,1755855965
NIFTY,24872.15,1755855965
NIFTY,24872.3,1755855966
NIFTY,24872.55,1755855966
NIFTY,24872.95,1755855967
NIFTY,24872.5,1755855967
NIFTY,24873.1,1755855968
NIFTY,24873.9,1755855968
NIFTY,24872.95,1755855969
NIFTY,24873.7,1755855970
NIFTY,24872.6,1755855970
NIFTY,24873.2,1755855971
NIFTY,24872.85,1755855971
NIFTY,24873.2,1755855972
NIFTY,24872.95,1755855972
NIFTY,24873.15,1755855973
NIFTY,24875.05,1755855973
NIFTY,24873.5,1755855974
NIFTY,24873.95,1755855974
NIFTY,24873.5,1755855975
NIFTY,24873.2,1755855975
NIFTY,24874.05,1755855976
NIFTY,24873.55,1755855976
NIFTY,24874.35,1755855977
NIFTY,24874.65,1755855977
NIFTY,24874.7,1755855978
NIFTY,24874.5,1755855978
NIFTY,24874.75,1755855979
NIFTY,24874.85,1755855979
NIFTY,24874.2,1755855980
NIFTY,24874.75,1755855980
NIFTY,24875.8,1755855981
NIFTY,24876.1,1755855981
NIFTY,24875.9,1755855982
NIFTY,24876.45,1755855982
NIFTY,24875.65,1755855983
NIFTY,24875.45,1755855983
NIFTY,24875,1755855984
NIFTY,24874.3,1755855984
NIFTY,24874.65,1755855985
NIFTY,24873.95,1755855985
NIFTY,24875.65,1755855986
NIFTY,24875.25,1755855986
NIFTY,24874.4,1755855987
NIFTY,24876.3,1755855987
NIFTY,24875.5,1755855988
NIFTY,24875.45,1755855988
NIFTY,24875.15,1755855989
NIFTY,24875.05,1755855990
NIFTY,24874.9,1755855990
NIFTY,24875.3,1755855991
NIFTY,24876.35,1755855991
NIFTY,24876.1,1755855992
NIFTY,24876.45,1755855992
NIFTY,24875.8,1755855993
NIFTY,24876.75,1755855993
NIFTY,24875.25,1755855994
NIFTY,24875.55,1755855994
NIFTY,24876.05,1755855995
NIFTY,24875.3,1755855995
NIFTY,24875.35,1755855996
NIFTY,24875.45,1755855996
NIFTY,24875.1,1755855997
NIFTY,24875.25,1755855997
NIFTY,24875.35,1755855998
NIFTY,24875.65,1755855999
NIFTY,24875.55,1755855999
NIFTY,24875.5,1755856000
NIFTY,24876.4,1755856000
NIFTY,24875.8,1755856001
NIFTY,24876.1,1755856001
NIFTY,24875.95,1755856002
NIFTY,24875.4,1755856002
NIFTY,24875.25,1755856003
NIFTY,24875.5,1755856003
NIFTY,24874.75,1755856004
NIFTY,24875.25,1755856004
NIFTY,24875.3,1755856005
NIFTY,24874.9,1755856005
NIFTY,24874.8,1755856006
NIFTY,24875.4,1755856006
NIFTY,24875.75,1755856007
NIFTY,24875.5,1755856007
NIFTY,24875.15,1755856008
NIFTY,24874.8,1755856008
NIFTY,24874.9,1755856009
NIFTY,24875.6,1755856009
NIFTY,24874.8,1755856010
NIFTY,24874.5,1755856010
NIFTY,24873.9,1755856011
NIFTY,24874.2,1755856011
NIFTY,24873.65,1755856012
NIFTY,24874.15,1755856012
NIFTY,24874.3,1755856013
NIFTY,24874.05,1755856013
NIFTY,24873.1,1755856014
NIFTY,24874.25,1755856015
NIFTY,24872.85,1755856015
NIFTY,24873.25,1755856016
NIFTY,24872.95,1755856016
NIFTY,24873.55,1755856017
NIFTY,24874.55,1755856017
NIFTY,24874.1,1755856018
NIFTY,24874.45,1755856018
NIFTY,24873.95,1755856019
NIFTY,24873.8,1755856019
NIFTY,24874,1755856020
NIFTY,24872.9,1755856020
NIFTY,24874.3,1755856021
NIFTY,24873.5,1755856021
NIFTY,24874.4,1755856022
NIFTY,24873.95,1755856022
NIFTY,24874.45,1755856023
NIFTY,24873.7,1755856023
NIFTY,24873.35,1755856024
NIFTY,24873.15,1755856024
NIFTY,24873.2,1755856025
NIFTY,24872.95,1755856025
NIFTY,24873.35,1755856026
NIFTY,24873.6,1755856026
NIFTY,24873.4,1755856027
NIFTY,24874.2,1755856027
NIFTY,24872.9,1755856028
NIFTY,24873.65,1755856028
NIFTY,24873.8,1755856029
NIFTY,24873.45,1755856029
NIFTY,24873.6,1755856030
NIFTY,24872.65,1755856030
NIFTY,24872.7,1755856031
NIFTY,24873.1,1755856031
NIFTY,24873.65,1755856032
NIFTY,24872.85,1755856032
NIFTY,24873.3,1755856033
NIFTY,24873.1,1755856033
NIFTY,24873,1755856034
NIFTY,24872.9,1755856034
NIFTY,24872.85,1755856035
NIFTY,24872.55,1755856035
NIFTY,24873.3,1755856036
NIFTY,24873.5,1755856036
NIFTY,24873.45,1755856037
NIFTY,24872.3,1755856037
NIFTY,24873.2,1755856038
NIFTY,24872.95,1755856038
NIFTY,24872.65,1755856039
NIFTY,24872.8,1755856039
NIFTY,24872.35,1755856040
NIFTY,24872.55,1755856041
NIFTY,24873,1755856041
NIFTY,24873.35,1755856042
NIFTY,24873,1755856042
NIFTY,24872.6,1755856043
NIFTY,24872.2,1755856043
NIFTY,24871.8,1755856044
NIFTY,24871.65,1755856044
NIFTY,24872.9,1755856045
NIFTY,24871.9,1755856045
NIFTY,24872.75,1755856046
NIFTY,24872.25,1755856046
NIFTY,24871.75,1755856047
NIFTY,24873,1755856047
NIFTY,24872,1755856048
NIFTY,24872.35,1755856048
NIFTY,24872.5,1755856049
NIFTY,24872.8,1755856049
NIFTY,24872.6,1755856050
NIFTY,24871.75,1755856050
NIFTY,24872.1,1755856051
NIFTY,24872.25,1755856051
NIFTY,24872.55,1755856052
NIFTY,24872.35,1755856052
NIFTY,24872.55,1755856053
NIFTY,24872,1755856053
NIFTY,24871.2,1755856054
NIFTY,24872.25,1755856054
NIFTY,24871.45,1755856055
NIFTY,24870.65,1755856055
NIFTY,24872.7,1755856056
NIFTY,24872.5,1755856056
NIFTY,24872.15,1755856057
NIFTY,24871.95,1755856057
NIFTY,24872.05,1755856058
NIFTY,24871.65,1755856058
NIFTY,24871.5,1755856059
NIFTY,24871.65,1755856059
NIFTY,24871.6,1755856060
NIFTY,24872,1755856060
NIFTY,24871.95,1755856061
NIFTY,24872.05,1755856061
NIFTY,24872.25,1755856062
NIFTY,24872.1,1755856062
NIFTY,24871.45,1755856063
NIFTY,24872.3,1755856063
NIFTY,24871.05,1755856064
NIFTY,24871.4,1755856064
NIFTY,24871.5,1755856065
NIFTY,24871.2,1755856065
NIFTY,24871.25,1755856066
NIFTY,24872.1,1755856066
NIFTY,24871.85,1755856067
NIFTY,24872.05,1755856067
NIFTY,24872.2,1755856068
NIFTY,24871.8,1755856068
NIFTY,24872.25,1755856069
NIFTY,24872.05,1755856069
NIFTY,24872.55,1755856070
NIFTY,24871.6,1755856070
NIFTY,24872.5,1755856071
NIFTY,24872.2,1755856071
NIFTY,24872.6,1755856072
NIFTY,24873.4,1755856072
NIFTY,24872.9,1755856073
NIFTY,24873.05,1755856073
NIFTY,24872.4,1755856074
NIFTY,24872.3,1755856074
NIFTY,24872.45,1755856075
NIFTY,24872.4,1755856075
NIFTY,24872.65,1755856076
NIFTY,24872.95,1755856076
NIFTY,24872.1,1755856077
NIFTY,24874,1755856077
NIFTY,24873.4,1755856078
NIFTY,24873.5,1755856078
NIFTY,24873.45,1755856079
NIFTY,24873.8,1755856079
NIFTY,24872.9,1755856080
NIFTY,24873.65,1755856081
NIFTY,24874.1,1755856081
NIFTY,24873.6,1755856082
NIFTY,24873.85,1755856082
NIFTY,24873.75,1755856083
NIFTY,24872.6,1755856083
NIFTY,24872.65,1755856084
NIFTY,24872.2,1755856084
NIFTY,24872.35,1755856085
NIFTY,24871.75,1755856086
NIFTY,24871.95,1755856086
NIFTY,24871.85,1755856087
NIFTY,24871,1755856087
NIFTY,24871.4,1755856088
NIFTY,24872.35,1755856088
NIFTY,24871.9,1755856089
NIFTY,24871.05,1755856089
NIFTY,24871.55,1755856090
NIFTY,24872.6,1755856090
NIFTY,24871.35,1755856091
NIFTY,24871.95,1755856092
NIFTY,24872.05,1755856092
NIFTY,24871.75,1755856093
NIFTY,24871.65,1755856093
NIFTY,24872.05,1755856094
NIFTY,24872.7,1755856095
NIFTY,24872.15,1755856095
NIFTY,24872.75,1755856096
NIFTY,24872.1,1755856096
NIFTY,24872.4,1755856097
NIFTY,24872.5,1755856097
NIFTY,24872.85,1755856098
NIFTY,24872.8,1755856098
NIFTY,24872.95,1755856099
NIFTY,24873.9,1755856099
NIFTY,24873.1,1755856100
NIFTY,24872.7,1755856100
NIFTY,24872.3,1755856101
NIFTY,24873,1755856101
NIFTY,24872.9,1755856102
NIFTY,24872.4,1755856102
NIFTY,24872.6,1755856103
NIFTY,24873.15,1755856103
NIFTY,24871.85,1755856104
NIFTY,24872.7,1755856104
NIFTY,24872.55,1755856105
NIFTY,24871.85,1755856105
NIFTY,24872.55,1755856106
NIFTY,24872.5,1755856106
NIFTY,24871.95,1755856107
NIFTY,24873.75,1755856107
NIFTY,24873.6,1755856108
NIFTY,24873.65,1755856108
NIFTY,24873.85,1755856109
NIFTY,24874.1,1755856109
NIFTY,24874,1755856110
NIFTY,24873.2,1755856110
NIFTY,24873.6,1755856111
NIFTY,24873.65,1755856111
NIFTY,24873.45,1755856112
NIFTY,24874.55,1755856112
NIFTY,24873.85,1755856113
NIFTY,24873.55,1755856113
NIFTY,24872.85,1755856114
NIFTY,24872.7,1755856114
NIFTY,24873.35,1755856115
NIFTY,24872.95,1755856115
NIFTY,24873.2,1755856116
NIFTY,24873.6,1755856116
NIFTY,24873.75,1755856117
NIFTY,24874.05,1755856117
NIFTY,24873.05,1755856118
NIFTY,24873.5,1755856119
NIFTY,24872.85,1755856119
NIFTY,24873.35,1755856120
NIFTY,24872.7,1755856120
NIFTY,24872.9,1755856121
NIFTY,24873.65,1755856121
NIFTY,24873.5,1755856122
NIFTY,24873.2,1755856122
NIFTY,24873.9,1755856123
NIFTY,24873.55,1755856123
NIFTY,24872.9,1755856124
NIFTY,24874.2,1755856124
NIFTY,24873.5,1755856125
NIFTY,24873.05,1755856125
NIFTY,24873,1755856126
NIFTY,24873.95,1755856126
NIFTY,24873.85,1755856127
NIFTY,24874.2,1755856127
NIFTY,24873.95,1755856128
NIFTY,24873.4,1755856128
NIFTY,24873.65,1755856129
NIFTY,24873.3,1755856129
NIFTY,24873.2,1755856130
NIFTY,24872.85,1755856130
NIFTY,24873,1755856131
NIFTY,24872.9,1755856131
NIFTY,24872.85,1755856132
NIFTY,24872.25,1755856132
NIFTY,24872.3,1755856133
NIFTY,24872.05,1755856133
NIFTY,24871.45,1755856134
NIFTY,24872.55,1755856134
NIFTY,24871.85,1755856135
NIFTY,24872.25,1755856135
NIFTY,24871.55,1755856136
NIFTY,24871.35,1755856136
NIFTY,24871.05,1755856137
NIFTY,24872.55,1755856137
NIFTY,24871.5,1755856138
NIFTY,24871.55,1755856138
NIFTY,24871.3,1755856139
NIFTY,24872.3,1755856139
NIFTY,24872.05,1755856140
NIFTY,24870.8,1755856140
NIFTY,24871.65,1755856141
NIFTY,24871.5,1755856141
NIFTY,24871.25,1755856142
NIFTY,24871.4,1755856142
NIFTY,24871.2,1755856143
NIFTY,24871.15,1755856143
NIFTY,24870.75,1755856144
NIFTY,24871.6,1755856144
NIFTY,24871.85,1755856145
NIFTY,24871.1,1755856145
NIFTY,24870.85,1755856146
NIFTY,24871.4,1755856146
NIFTY,24871.45,1755856147
NIFTY,24871.15,1755856147
NIFTY,24871.3,1755856148
NIFTY,24872.25,1755856148
NIFTY,24871.9,1755856149
NIFTY,24871.65,1755856149
NIFTY,24871.4,1755856150
NIFTY,24870.85,1755856150
NIFTY,24870.9,1755856151
NIFTY,24871.4,1755856151
NIFTY,24871.75,1755856152
NIFTY,24871.45,1755856152
NIFTY,24871.15,1755856153
NIFTY,24871.9,1755856153
NIFTY,24870.55,1755856154
NIFTY,24870.85,1755856154
NIFTY,24870.75,1755856155
NIFTY,24870.6,1755856155
NIFTY,24870.85,1755856156
NIFTY,24871.2,1755856156
NIFTY,24871.5,1755856157
NIFTY,24871,1755856157
NIFTY,24871.35,1755856158
NIFTY,24871.05,1755856158
NIFTY,24871.35,1755856159
NIFTY,24870.9,1755856159
NIFTY,24871.15,1755856160
NIFTY,24870.1,1755856160
NIFTY,24870.9,1755856161
NIFTY,24871.35,1755856161
NIFTY,24870.8,1755856162
NIFTY,24871.65,1755856162
NIFTY,24871.15,1755856163
NIFTY,24870.85,1755856163
NIFTY,24870,1755856164
NIFTY,24870.6,1755856164
NIFTY,24870.55,1755856165
NIFTY,24870.2,1755856165
NIFTY,24870.9,1755856166
NIFTY,24870.75,1755856166
NIFTY,24870.85,1755856167
NIFTY,24871.6,1755856167
NIFTY,24871.4,1755856168
NIFTY,24871.05,1755856168
NIFTY,24871.25,1755856169
NIFTY,24871.15,1755856169
NIFTY,24871,1755856170
NIFTY,24870.75,1755856170
NIFTY,24870.7,1755856171
NIFTY,24871.55,1755856171
NIFTY,24871.05,1755856172
NIFTY,24871.1,1755856172
NIFTY,24871.4,1755856173
NIFTY,24870.95,1755856173
NIFTY,24870.5,1755856174
NIFTY,24870.3,1755856174
NIFTY,24870.7,1755856175
NIFTY,24870.05,1755856175
NIFTY,24870.55,1755856176
NIFTY,24870.4,1755856176
NIFTY,24870.65,1755856177
NIFTY,24870.4,1755856177
NIFTY,24870.8,1755856178
NIFTY,24870.3,1755856178
NIFTY,24870.75,1755856179
NIFTY,24870.6,1755856179
NIFTY,24870.25,1755856180
NIFTY,24871.6,1755856180
NIFTY,24871.35,1755856181
NIFTY,24871.5,1755856181
NIFTY,24871.2,1755856182
NIFTY,24870.7,1755856182
NIFTY,24870.75,1755856183
NIFTY,24870.9,1755856183
NIFTY,24869.8,1755856184
NIFTY,24870.25,1755856184
NIFTY,24870.45,1755856185
NIFTY,24870.4,1755856185
NIFTY,24870.35,1755856186
NIFTY,24870,1755856186
NIFTY,24870.75,1755856187
NIFTY,24870.35,1755856187
NIFTY,24870.45,1755856188
NIFTY,24870.25,1755856188
NIFTY,24870.55,1755856189
NIFTY,24871.2,1755856189
NIFTY,24870.55,1755856190
NIFTY,24870.05,1755856190
NIFTY,24870.35,1755856191
NIFTY,24870.3,1755856191
NIFTY,24870.25,1755856192
NIFTY,24870.55,1755856192
NIFTY,24869.9,1755856193
NIFTY,24869.4,1755856193
NIFTY,24869.15,1755856194
NIFTY,24869.5,1755856194
NIFTY,24869.55,1755856195
NIFTY,24869.75,1755856195
NIFTY,24869.8,1755856196
NIFTY,24870.35,1755856197
NIFTY,24870.6,1755856197
NIFTY,24869.7,1755856198
NIFTY,24870.9,1755856198
NIFTY,24870.4,1755856199
NIFTY,24870.75,1755856199
NIFTY,24870.5,1755856200
NIFTY,24869.45,1755856200
NIFTY,24870.5,1755856201
NIFTY,24870.45,1755856201
NIFTY,24870.95,1755856202
NIFTY,24871.35,1755856203
NIFTY,24870.6,1755856203
NIFTY,24870.65,1755856204
NIFTY,24870.5,1755856204
NIFTY,24871.1,1755856205
NIFTY,24869.9,1755856205
NIFTY,24870.85,1755856206
NIFTY,24870.65,1755856206
NIFTY,24870.85,1755856207
NIFTY,24871.45,1755856207
NIFTY,24871.1,1755856208
NIFTY,24870.8,1755856208
NIFTY,24871.15,1755856209
NIFTY,24870.35,1755856209
NIFTY,24870.8,1755856210
NIFTY,24870.45,1755856210
NIFTY,24870.35,1755856211
NIFTY,24870.9,1755856211
NIFTY,24872.3,1755856212
NIFTY,24871.4,1755856212
NIFTY,24871.05,1755856213
NIFTY,24871.1,1755856213
NIFTY,24871,1755856214
NIFTY,24871.4,1755856214
NIFTY,24871.25,1755856215
NIFTY,24870.65,1755856215
NIFTY,24871.1,1755856216
NIFTY,24871.9,1755856216
NIFTY,24872.05,1755856217
NIFTY,24871.3,1755856217
NIFTY,24871.6,1755856218
NIFTY,24871.4,1755856218
NIFTY,24871.3,1755856219
NIFTY,24871.35,1755856219
NIFTY,24872,1755856220
NIFTY,24871.5,1755856220
NIFTY,24871.75,1755856221
NIFTY,24871.45,1755856221
NIFTY,24870.8,1755856222
NIFTY,24871,1755856222
NIFTY,24870.2,1755856223
NIFTY,24870.3,1755856223
NIFTY,24870.9,1755856224
NIFTY,24871.35,1755856224
NIFTY,24870.95,1755856225
NIFTY,24871.45,1755856225
NIFTY,24870.85,1755856226
NIFTY,24870.4,1755856226
NIFTY,24870.25,1755856227
NIFTY,24872,1755856227
NIFTY,24871.6,1755856228
NIFTY,24870.7,1755856228
NIFTY,24871.2,1755856229
NIFTY,24870.95,1755856229
NIFTY,24870.9,1755856230
NIFTY,24871.15,1755856230
NIFTY,24869.9,1755856231
NIFTY,24870.6,1755856231
NIFTY,24870.35,1755856232
NIFTY,24870.85,1755856233
NIFTY,24871.1,1755856233
NIFTY,24869.75,1755856234
NIFTY,24870.2,1755856234
NIFTY,24870.9,1755856235
NIFTY,24868.35,1755856235
NIFTY,24869.7,1755856236
NIFTY,24870.25,1755856236
NIFTY,24870.2,1755856237
NIFTY,24869.9,1755856237
NIFTY,24869.75,1755856238
NIFTY,24869.15,1755856238
NIFTY,24870.55,1755856239
NIFTY,24869.4,1755856239
NIFTY,24869.5,1755856240
NIFTY,24868.1,1755856240
NIFTY,24868.65,1755856241
NIFTY,24869.6,1755856241
NIFTY,24869.5,1755856242
NIFTY,24868.6,1755856242
NIFTY,24868.85,1755856243
NIFTY,24870.3,1755856243
NIFTY,24869.25,1755856244
NIFTY,24868.7,1755856244
NIFTY,24869,1755856245
NIFTY,24868.05,1755856245
NIFTY,24869.25,1755856246
NIFTY,24869.35,1755856246
NIFTY,24870.3,1755856247
NIFTY,24870.15,1755856247
NIFTY,24869.45,1755856248
NIFTY,24869.6,1755856249
NIFTY,24869.25,1755856249
NIFTY,24869.4,1755856250
NIFTY,24868.5,1755856250
NIFTY,24869.35,1755856251
NIFTY,24869.6,1755856251
NIFTY,24869.45,1755856252
NIFTY,24870.5,1755856252
NIFTY,24869.9,1755856253
NIFTY,24869.75,1755856253
NIFTY,24869.2,1755856254
NIFTY,24869.65,1755856254
NIFTY,24870,1755856255
NIFTY,24869.15,1755856255
NIFTY,24869.25,1755856256
NIFTY,24869.1,1755856256
NIFTY,24869.7,1755856257
NIFTY,24870.45,1755856257
NIFTY,24869.95,1755856258
NIFTY,24870.05,1755856259
NIFTY,24869.9,1755856259
NIFTY,24869.95,1755856260
NIFTY,24869.65,1755856260
NIFTY,24869.95,1755856261
NIFTY,24870.6,1755856261
NIFTY,24870.15,1755856262
NIFTY,24870.9,1755856262
NIFTY,24870,1755856263
NIFTY,24870.6,1755856263
NIFTY,24870.3,1755856264
NIFTY,24870.2,1755856264
NIFTY,24870.6,1755856265
NIFTY,24869.8,1755856265
NIFTY,24870.25,1755856266
NIFTY,24870.65,1755856266
NIFTY,24870.8,1755856267
NIFTY,24870.85,1755856267
NIFTY,24870.75,1755856268
NIFTY,24871.15,1755856268
NIFTY,24870.8,1755856269
NIFTY,24870.5,1755856269
NIFTY,24870.7,1755856270
NIFTY,24871.15,1755856270
NIFTY,24870.45,1755856271
NIFTY,24870.1,1755856272
NIFTY,24869.75,1755856272
NIFTY,24870.4,1755856273
NIFTY,24871,1755856273
NIFTY,24870.2,1755856274
NIFTY,24870.4,1755856274
NIFTY,24870.2,1755856275
NIFTY,24869.9,1755856275
NIFTY,24870.6,1755856276
NIFTY,24871,1755856276
NIFTY,24870.75,1755856277
NIFTY,24870.85,1755856277
NIFTY,24870.7,1755856278
NIFTY,24870.75,1755856278
NIFTY,24870.5,1755856279
NIFTY,24871.1,1755856279
NIFTY,24870.3,1755856280
NIFTY,24869.85,1755856280
NIFTY,24869.95,1755856281
NIFTY,24870.25,1755856281
NIFTY,24870.05,1755856282
NIFTY,24870.55,1755856282
NIFTY,24870.5,1755856283
NIFTY,24870.7,1755856283
NIFTY,24870.2,1755856284
NIFTY,24870.1,1755856284
NIFTY,24870.45,1755856285
NIFTY,24869.65,1755856285
NIFTY,24870.15,1755856286
NIFTY,24870.1,1755856286
NIFTY,24870.15,1755856287
NIFTY,24871.8,1755856287
NIFTY,24871.05,1755856288
NIFTY,24871.8,1755856288
NIFTY,24871.2,1755856289
NIFTY,24871.05,1755856289
NIFTY,24870.5,1755856290
NIFTY,24869.7,1755856290
NIFTY,24870.15,1755856291
NIFTY,24870.2,1755856291
NIFTY,24870.5,1755856292
NIFTY,24870.4,1755856292
NIFTY,24870.7,1755856293
NIFTY,24870.45,1755856294
NIFTY,24870.55,1755856294
NIFTY,24870.85,1755856295
NIFTY,24870.7,1755856295
NIFTY,24870.85,1755856296
NIFTY,24870.5,1755856296
NIFTY,24870.35,1755856297
NIFTY,24871.35,1755856297
NIFTY,24871.1,1755856298
NIFTY,24871.25,1755856298
NIFTY,24870.9,1755856299
NIFTY,24870.5,1755856299
NIFTY,24870.15,1755856300
NIFTY,24870.6,1755856301
NIFTY,24871,1755856301
NIFTY,24870.55,1755856302
NIFTY,24870.35,1755856302
NIFTY,24871.3,1755856303
NIFTY,24871.15,1755856303
NIFTY,24869.65,1755856304
NIFTY,24870.15,1755856304
NIFTY,24870.75,1755856305
NIFTY,24870.25,1755856305
NIFTY,24870.55,1755856306
NIFTY,24871.35,1755856306
NIFTY,24871.05,1755856307
NIFTY,24871.25,1755856307
NIFTY,24871.15,1755856308
NIFTY,24870.45,1755856308
NIFTY,24870.95,1755856309
NIFTY,24870.8,1755856309
NIFTY,24871.05,1755856310
NIFTY,24870.1,1755856310
NIFTY,24870.25,1755856311
NIFTY,24869.75,1755856311
NIFTY,24869.55,1755856312
NIFTY,24869.85,1755856312
NIFTY,24869.9,1755856313
NIFTY,24870.45,1755856313
NIFTY,24870.3,1755856314
NIFTY,24869.95,1755856314
NIFTY,24869.9,1755856315
NIFTY,24870.5,1755856315
NIFTY,24869.95,1755856316
NIFTY,24870.4,1755856316
NIFTY,24870.05,1755856317
NIFTY,24871.2,1755856317
NIFTY,24870.85,1755856318
NIFTY,24870.7,1755856318
NIFTY,24871.05,1755856319
NIFTY,24870.7,1755856319
NIFTY,24870.8,1755856320
NIFTY,24869.85,1755856320
NIFTY,24870.75,1755856321
NIFTY,24870.2,1755856321
NIFTY,24870.5,1755856323
NIFTY,24870.45,1755856323
NIFTY,24869.9,1755856324
NIFTY,24871.05,1755856324
NIFTY,24870.65,1755856325
NIFTY,24870.2,1755856325
NIFTY,24870.3,1755856326
NIFTY,24870.2,1755856326
NIFTY,24870.4,1755856327
NIFTY,24869.9,1755856328
NIFTY,24870.7,1755856328
NIFTY,24869.5,1755856329
NIFTY,24870.3,1755856330
NIFTY,24869.15,1755856330
NIFTY,24869.4,1755856331
NIFTY,24869.9,1755856331
NIFTY,24870.3,1755856332
NIFTY,24870.2,1755856333
NIFTY,24871.2,1755856333
NIFTY,24870.55,1755856334
NIFTY,24870,1755856334
NIFTY,24869.95,1755856335
NIFTY,24869.7,1755856335
NIFTY,24869.65,1755856336
NIFTY,24869.55,1755856336
NIFTY,24870.15,1755856337
NIFTY,24869.95,1755856337
NIFTY,24870,1755856338
NIFTY,24870.05,1755856338
NIFTY,24870.4,1755856339
NIFTY,24870.3,1755856339
NIFTY,24870.5,1755856340
NIFTY,24869.55,1755856340
NIFTY,24869.9,1755856341
NIFTY,24869.7,1755856341
NIFTY,24870.55,1755856342
NIFTY,24870.3,1755856343
NIFTY,24869.9,1755856343
NIFTY,24869.5,1755856344
NIFTY,24869.9,1755856344
NIFTY,24869.65,1755856345
NIFTY,24869.15,1755856345
NIFTY,24869.1,1755856346
NIFTY,24869.35,1755856346
NIFTY,24869.3,1755856347
NIFTY,24869.95,1755856347
NIFTY,24869.55,1755856348
NIFTY,24869.3,1755856348
NIFTY,24869.65,1755856349
NIFTY,24869.6,1755856349
NIFTY,24869.85,1755856350
NIFTY,24869,1755856350
NIFTY,24868.6,1755856351
NIFTY,24870.25,1755856351
NIFTY,24869.65,1755856352
NIFTY,24869.1,1755856352
NIFTY,24869.15,1755856353
NIFTY,24869.6,1755856353
NIFTY,24869.15,1755856354
NIFTY,24869.5,1755856354
NIFTY,24869.6,1755856355
NIFTY,24868.85,1755856355
NIFTY,24869.55,1755856356
NIFTY,24868.9,1755856356
NIFTY,24869.05,1755856357
NIFTY,24869.35,1755856357
NIFTY,24869.75,1755856358
NIFTY,24869.35,1755856358
NIFTY,24869.65,1755856359
NIFTY,24869.25,1755856359
NIFTY,24869.4,1755856360
NIFTY,24870.1,1755856360
NIFTY,24869.55,1755856361
NIFTY,24870.05,1755856361
NIFTY,24869.6,1755856362
NIFTY,24869.25,1755856362
NIFTY,24869.6,1755856363
NIFTY,24870.1,1755856363
NIFTY,24869.25,1755856364
NIFTY,24869.3,1755856364
NIFTY,24868.55,1755856365
NIFTY,24869.6,1755856366
NIFTY,24869.3,1755856366
NIFTY,24869.6,1755856367
NIFTY,24869.45,1755856367
NIFTY,24869.75,1755856368
NIFTY,24869.2,1755856368
NIFTY,24870.25,1755856369
NIFTY,24869.9,1755856370
NIFTY,24869,1755856370
NIFTY,24869.55,1755856371
NIFTY,24869.5,1755856371
NIFTY,24869.3,1755856372
NIFTY,24869.15,1755856372
NIFTY,24869.85,1755856373
NIFTY,24869.2,1755856374
NIFTY,24869.5,1755856374
NIFTY,24869.3,1755856375
NIFTY,24869,1755856375
NIFTY,24869.35,1755856376
NIFTY,24869.05,1755856376
NIFTY,24869.45,1755856377
NIFTY,24870.25,1755856377
NIFTY,24869.9,1755856378
NIFTY,24870.4,1755856378
NIFTY,24869.9,1755856379
NIFTY,24870.6,1755856379
NIFTY,24870.3,1755856380
NIFTY,24869.1,1755856380
NIFTY,24869.95,1755856381
NIFTY,24870,1755856381
NIFTY,24868.95,1755856382
NIFTY,24869.95,1755856382
NIFTY,24870.05,1755856383
NIFTY,24870.25,1755856383
NIFTY,24869.4,1755856384
NIFTY,24869.8,1755856384
NIFTY,24869.65,1755856385
NIFTY,24868.9,1755856385
NIFTY,24869.1,1755856386
NIFTY,24869.55,1755856386
NIFTY,24869.75,1755856387
NIFTY,24870.35,1755856387
NIFTY,24869.8,1755856388
NIFTY,24869.75,1755856388
NIFTY,24870.1,1755856389
NIFTY,24869.55,1755856389
NIFTY,24869.5,1755856390
NIFTY,24868.85,1755856390
NIFTY,24869.1,1755856391
NIFTY,24869.25,1755856391
NIFTY,24869.1,1755856392
NIFTY,24869.2,1755856392
NIFTY,24869.25,1755856393
NIFTY,24870.25,1755856393
NIFTY,24869.1,1755856394
NIFTY,24869.55,1755856394
NIFTY,24869.5,1755856395
NIFTY,24869.4,1755856395
NIFTY,24869.35,1755856396
NIFTY,24870.15,1755856396
NIFTY,24869.7,1755856397
NIFTY,24870.05,1755856397
NIFTY,24869.35,1755856398
NIFTY,24869.25,1755856398
NIFTY,24869.2,1755856399
NIFTY,24869.3,1755856399
NIFTY,24868.9,1755856400
NIFTY,24868.55,1755856400
NIFTY,24868.9,1755856401
NIFTY,24868.35,1755856401
NIFTY,24867.9,1755856402
NIFTY,24868.8,1755856402
NIFTY,24868.2,1755856403
NIFTY,24867.6,1755856403
NIFTY,24867.4,1755856404
NIFTY,24868.2,1755856404
NIFTY,24868.85,1755856405
NIFTY,24868.45,1755856405
NIFTY,24867.8,1755856406
NIFTY,24868.05,1755856406
NIFTY,24868.85,1755856407
NIFTY,24868.2,1755856408
NIFTY,24868.55,1755856408
NIFTY,24868.4,1755856409
NIFTY,24868.65,1755856409
NIFTY,24868.6,1755856410
NIFTY,24868.1,1755856410
NIFTY,24867.65,1755856411
NIFTY,24867.3,1755856411
NIFTY,24867.55,1755856412
NIFTY,24867.8,1755856412
NIFTY,24867.95,1755856413
NIFTY,24868.35,1755856413
NIFTY,24867.75,1755856414
NIFTY,24868.4,1755856414
NIFTY,24868.2,1755856415
NIFTY,24866.95,1755856415
NIFTY,24867.5,1755856416
NIFTY,24868.3,1755856416
NIFTY,24868.65,1755856417
NIFTY,24868.35,1755856417
NIFTY,24868.2,1755856418
NIFTY,24868.6,1755856418
NIFTY,24867.95,1755856419
NIFTY,24868,1755856419
NIFTY,24867.8,1755856420
NIFTY,24867.45,1755856420
NIFTY,24867.7,1755856421
NIFTY,24868.9,1755856421
NIFTY,24868.95,1755856422
NIFTY,24870.9,1755856423
NIFTY,24869.4,1755856424
NIFTY,24868.95,1755856424
NIFTY,24868.9,1755856425
NIFTY,24868.4,1755856425
NIFTY,24869.15,1755856426
NIFTY,24869.8,1755856426
NIFTY,24869.9,1755856427
NIFTY,24869.45,1755856428
NIFTY,24869.5,1755856428
NIFTY,24869.65,1755856429
NIFTY,24868.9,1755856429
NIFTY,24869.2,1755856430
NIFTY,24868.4,1755856430
NIFTY,24869.05,1755856431
NIFTY,24869,1755856431
NIFTY,24868.7,1755856432
NIFTY,24870.1,1755856432
NIFTY,24869.4,1755856433
NIFTY,24869.75,1755856433
NIFTY,24869.15,1755856434
NIFTY,24869,1755856434
NIFTY,24868.75,1755856435
NIFTY,24868.1,1755856435
NIFTY,24868.15,1755856436
NIFTY,24868.5,1755856436
NIFTY,24868.75,1755856437
NIFTY,24869.65,1755856437
NIFTY,24869.1,1755856438
NIFTY,24869.3,1755856438
NIFTY,24869.4,1755856439
NIFTY,24869.15,1755856439
NIFTY,24869.6,1755856440
NIFTY,24868.95,1755856440
NIFTY,24869.2,1755856441
NIFTY,24870.6,1755856441
NIFTY,24868.8,1755856442
NIFTY,24869.7,1755856442
NIFTY,24869.2,1755856443
NIFTY,24869.65,1755856443
NIFTY,24869.05,1755856444
NIFTY,24868.2,1755856444
NIFTY,24867.6,1755856445
NIFTY,24867.35,1755856445
NIFTY,24867.75,1755856446
NIFTY,24866.6,1755856446
NIFTY,24867.5,1755856447
NIFTY,24867.55,1755856447
NIFTY,24867.1,1755856448
NIFTY,24868.7,1755856448
NIFTY,24868.2,1755856449
NIFTY,24868.15,1755856449
NIFTY,24867.6,1755856450
NIFTY,24868.45,1755856450
NIFTY,24867.25,1755856451
NIFTY,24867.9,1755856451
NIFTY,24867.2,1755856452
NIFTY,24867.4,1755856452
NIFTY,24867,1755856453
NIFTY,24867.9,1755856453
NIFTY,24867.5,1755856454
NIFTY,24867.3,1755856454
NIFTY,24866.65,1755856455
NIFTY,24866.95,1755856455
NIFTY,24867.1,1755856456
NIFTY,24866.85,1755856456
NIFTY,24867.1,1755856457
NIFTY,24867.05,1755856457
NIFTY,24866.95,1755856458
NIFTY,24866.4,1755856458
NIFTY,24866.6,1755856459
NIFTY,24867.05,1755856459
NIFTY,24866.3,1755856460
NIFTY,24865.7,1755856460
NIFTY,24866.2,1755856461
NIFTY,24866.3,1755856461
NIFTY,24866,1755856462
NIFTY,24866.2,1755856462
NIFTY,24866.3,1755856463
NIFTY,24866.55,1755856463
NIFTY,24866.45,1755856464
NIFTY,24866.2,1755856464
NIFTY,24866.3,1755856465
NIFTY,24865.6,1755856465
NIFTY,24865.8,1755856466
NIFTY,24866.8,1755856466
NIFTY,24866.45,1755856467
NIFTY,24867,1755856467
NIFTY,24866.55,1755856468
NIFTY,24867.2,1755856468
NIFTY,24866.3,1755856469
NIFTY,24866.65,1755856469
NIFTY,24866.15,1755856470
NIFTY,24865.95,1755856470
NIFTY,24865.4,1755856471
NIFTY,24865.7,1755856471
NIFTY,24866.1,1755856472
NIFTY,24866.2,1755856472
NIFTY,24866.3,1755856473
NIFTY,24866.4,1755856473
NIFTY,24865.85,1755856474
NIFTY,24866.75,1755856474
NIFTY,24866.65,1755856475
NIFTY,24866.4,1755856475
NIFTY,24866.3,1755856476
NIFTY,24866.6,1755856476
NIFTY,24866.15,1755856477
NIFTY,24867.45,1755856477
NIFTY,24867.15,1755856478
NIFTY,24866.8,1755856478
NIFTY,24867.45,1755856479
NIFTY,24866.95,1755856479
NIFTY,24866.85,1755856480
NIFTY,24866.05,1755856480
NIFTY,24866.35,1755856481
NIFTY,24867,1755856481
NIFTY,24867.45,1755856482
NIFTY,24866.55,1755856482
NIFTY,24867.05,1755856483
NIFTY,24867.5,1755856483
NIFTY,24866.25,1755856484
NIFTY,24867.2,1755856484
NIFTY,24867,1755856485
NIFTY,24866.25,1755856485
NIFTY,24866.6,1755856486
NIFTY,24867.4,1755856486
NIFTY,24866.9,1755856487
NIFTY,24867.2,1755856487
NIFTY,24867.15,1755856488
NIFTY,24867.3,1755856488
NIFTY,24867.25,1755856489
NIFTY,24866.85,1755856489
NIFTY,24867.2,1755856490
NIFTY,24866.35,1755856490
NIFTY,24866.75,1755856491
NIFTY,24866.7,1755856491
NIFTY,24866.6,1755856492
NIFTY,24866.4,1755856492
NIFTY,24866.55,1755856493
NIFTY,24866.65,1755856493
NIFTY,24866.8,1755856494
NIFTY,24866.15,1755856494
NIFTY,24865.65,1755856495
NIFTY,24866.45,1755856495
NIFTY,24866.4,1755856496
NIFTY,24866.55,1755856496
NIFTY,24866.15,1755856497
NIFTY,24865.65,1755856497
NIFTY,24865.55,1755856498
NIFTY,24865.65,1755856498
NIFTY,24866.45,1755856499
NIFTY,24866,1755856499
NIFTY,24865.75,1755856500
NIFTY,24865.7,1755856500
NIFTY,24865.95,1755856501
NIFTY,24867.25,1755856501
NIFTY,24866.9,1755856502
NIFTY,24868,1755856502
NIFTY,24867.7,1755856503
NIFTY,24866.9,1755856504
NIFTY,24866.75,1755856504
NIFTY,24866.55,1755856505
NIFTY,24866.65,1755856505
NIFTY,24866.6,1755856506
NIFTY,24866.7,1755856506
NIFTY,24866.3,1755856507
NIFTY,24866.65,1755856507
NIFTY,24867.1,1755856508
NIFTY,24866.9,1755856509
NIFTY,24866.85,1755856509
NIFTY,24866,1755856510
NIFTY,24866.15,1755856510
NIFTY,24866,1755856511
NIFTY,24867.45,1755856511
NIFTY,24867,1755856512
NIFTY,24867.15,1755856512
NIFTY,24866.95,1755856513
NIFTY,24868,1755856513
NIFTY,24866.9,1755856514
NIFTY,24866.65,1755856514
NIFTY,24866.55,1755856515
NIFTY,24866.15,1755856515
NIFTY,24866.5,1755856516
NIFTY,24866.85,1755856516
NIFTY,24867.8,1755856517
NIFTY,24866.9,1755856517
NIFTY,24867.15,1755856518
NIFTY,24866.85,1755856518
NIFTY,24866.45,1755856519
NIFTY,24866.75,1755856519
NIFTY,24866.6,1755856520
NIFTY,24865.85,1755856520
NIFTY,24866.95,1755856521
NIFTY,24866.85,1755856521
NIFTY,24866.6,1755856522
NIFTY,24867.75,1755856522
NIFTY,24867.3,1755856523
NIFTY,24867.45,1755856523
NIFTY,24866.5,1755856524
NIFTY,24866.85,1755856524
NIFTY,24866.55,1755856525
NIFTY,24865.7,1755856525
NIFTY,24865.95,1755856526
NIFTY,24867.25,1755856526
NIFTY,24867.2,1755856527
NIFTY,24867.65,1755856527
NIFTY,24867.5,1755856528
NIFTY,24867.75,1755856528
NIFTY,24868,1755856529
NIFTY,24868.35,1755856530
NIFTY,24867.6,1755856530
NIFTY,24867.2,1755856531
NIFTY,24869.15,1755856531
NIFTY,24868.7,1755856532
NIFTY,24868.55,1755856532
NIFTY,24868.8,1755856533
NIFTY,24868.95,1755856533
NIFTY,24868,1755856534
NIFTY,24868.3,1755856534
NIFTY,24868.7,1755856535
NIFTY,24867.95,1755856535
NIFTY,24868.4,1755856536
NIFTY,24868.45,1755856536
NIFTY,24868,1755856537
NIFTY,24868.2,1755856537
NIFTY,24868,1755856538
NIFTY,24868.05,1755856538
NIFTY,24866.85,1755856539
NIFTY,24866.5,1755856540
NIFTY,24868.15,1755856540
NIFTY,24868.1,1755856541
NIFTY,24867.85,1755856541
NIFTY,24867,1755856542
NIFTY,24867.05,1755856542
NIFTY,24867.45,1755856543
NIFTY,24868,1755856543
NIFTY,24867.35,1755856544
NIFTY,24867.25,1755856544
NIFTY,24867.2,1755856545
NIFTY,24866.45,1755856545
NIFTY,24866.7,1755856546
NIFTY,24867.3,1755856546
NIFTY,24867.5,1755856547
NIFTY,24867.85,1755856547
NIFTY,24867.15,1755856548
NIFTY,24867.5,1755856548
NIFTY,24867.6,1755856549
NIFTY,24868,1755856549
NIFTY,24867.2,1755856550
NIFTY,24866.45,1755856550
NIFTY,24866.5,1755856551
NIFTY,24866.8,1755856551
NIFTY,24866.75,1755856552
NIFTY,24866.4,1755856553
NIFTY,24866.95,1755856553
NIFTY,24866.55,1755856554
NIFTY,24867.45,1755856554
NIFTY,24867.25,1755856555
NIFTY,24866.8,1755856555
NIFTY,24867.35,1755856556
NIFTY,24869.4,1755856556
NIFTY,24867.45,1755856557
NIFTY,24868.4,1755856557
NIFTY,24868.75,1755856558
NIFTY,24869.3,1755856558
NIFTY,24869.05,1755856559
NIFTY,24869.65,1755856559
NIFTY,24866.55,1755856560
NIFTY,24867.6,1755856561
NIFTY,24869.2,1755856561
NIFTY,24868.9,1755856562
NIFTY,24868.75,1755856562
NIFTY,24870,1755856563
NIFTY,24869.15,1755856563
NIFTY,24868.25,1755856564
NIFTY,24868.05,1755856564
NIFTY,24869,1755856565
NIFTY,24867.05,1755856565
NIFTY,24868.55,1755856566
NIFTY,24868.85,1755856566
NIFTY,24868.8,1755856567
NIFTY,24868.55,1755856567
NIFTY,24868.7,1755856568
NIFTY,24868.9,1755856568
NIFTY,24868.25,1755856569
NIFTY,24867.15,1755856569
NIFTY,24868.45,1755856570
NIFTY,24866.65,1755856570
NIFTY,24867.95,1755856571
NIFTY,24867.7,1755856572
NIFTY,24867.2,1755856572
NIFTY,24866.4,1755856573
NIFTY,24867.25,1755856573
NIFTY,24866.65,1755856574
NIFTY,24866.55,1755856574
NIFTY,24867.35,1755856575
NIFTY,24866.35,1755856575
NIFTY,24867.2,1755856576
NIFTY,24867.8,1755856576
NIFTY,24867.6,1755856577
NIFTY,24867.8,1755856577
NIFTY,24867.7,1755856578
NIFTY,24867.75,1755856578
NIFTY,24868,1755856579
NIFTY,24867.6,1755856579
NIFTY,24867,1755856580
NIFTY,24866.55,1755856580
NIFTY,24867.25,1755856581
NIFTY,24867.3,1755856581
NIFTY,24867,1755856582
NIFTY,24867.3,1755856583
NIFTY,24866.85,1755856583
NIFTY,24866.55,1755856584
NIFTY,24866.95,1755856584
NIFTY,24866.65,1755856585
NIFTY,24867.45,1755856585
NIFTY,24867.05,1755856586
NIFTY,24866.8,1755856586
NIFTY,24866.75,1755856587
NIFTY,24866,1755856587
NIFTY,24866.85,1755856588
NIFTY,24866.75,1755856588
NIFTY,24866.65,1755856589
NIFTY,24867.3,1755856589
NIFTY,24866.9,1755856590
NIFTY,24865.95,1755856590
NIFTY,24865.45,1755856591
NIFTY,24866.95,1755856591
NIFTY,24866.75,1755856592
NIFTY,24866.95,1755856592
NIFTY,24867.95,1755856593
NIFTY,24867.1,1755856593
NIFTY,24866.6,1755856594
NIFTY,24867.95,1755856594
NIFTY,24866.8,1755856595
NIFTY,24866.65,1755856595
NIFTY,24867.15,1755856596
NIFTY,24867.2,1755856596
NIFTY,24866.65,1755856597
NIFTY,24866.8,1755856597
NIFTY,24866.25,1755856598
NIFTY,24867.15,1755856599
NIFTY,24867.3,1755856599
NIFTY,24865.7,1755856600
NIFTY,24864.7,1755856600
NIFTY,24865.8,1755856601
NIFTY,24867,1755856601
NIFTY,24866.4,1755856602
NIFTY,24865.9,1755856602
NIFTY,24864.55,1755856603
NIFTY,24866.35,1755856603
NIFTY,24865.35,1755856604
NIFTY,24865.45,1755856604
NIFTY,24865.05,1755856605
NIFTY,24864.65,1755856605
NIFTY,24865,1755856606
NIFTY,24864.9,1755856606
NIFTY,24866,1755856607
NIFTY,24865.9,1755856607
NIFTY,24865.65,1755856608
NIFTY,24865.55,1755856608
NIFTY,24864.95,1755856609
NIFTY,24865.1,1755856609
NIFTY,24864.8,1755856610
NIFTY,24864.45,1755856610
NIFTY,24864.7,1755856611
NIFTY,24864.65,1755856611
NIFTY,24865.75,1755856612
NIFTY,24865,1755856613
NIFTY,24865.3,1755856613
NIFTY,24864.85,1755856614
NIFTY,24864.7,1755856614
NIFTY,24864.95,1755856615
NIFTY,24864.6,1755856615
NIFTY,24864.4,1755856616
NIFTY,24865.15,1755856616
NIFTY,24864.8,1755856617
NIFTY,24865,1755856617
NIFTY,24864.55,1755856618
NIFTY,24865,1755856618
NIFTY,24865.4,1755856619
NIFTY,24865.85,1755856619
NIFTY,24865.35,1755856620
NIFTY,24863.6,1755856620
NIFTY,24865.95,1755856621
NIFTY,24866.2,1755856621
NIFTY,24865,1755856622
NIFTY,24865.35,1755856622
NIFTY,24865.2,1755856623
NIFTY,24866.1,1755856623
NIFTY,24864.85,1755856624
NIFTY,24865.3,1755856624
NIFTY,24865.5,1755856625
NIFTY,24865.25,1755856625
NIFTY,24865.75,1755856626
NIFTY,24866.1,1755856626
NIFTY,24865.95,1755856627
NIFTY,24866,1755856627
NIFTY,24866.5,1755856628
NIFTY,24866,1755856629
NIFTY,24866.15,1755856629
NIFTY,24866.1,1755856630
NIFTY,24865.75,1755856631
NIFTY,24865.35,1755856631
NIFTY,24866.05,1755856632
NIFTY,24865.7,1755856632
NIFTY,24866.3,1755856633
NIFTY,24866.55,1755856633
NIFTY,24866.1,1755856634
NIFTY,24865.8,1755856634
NIFTY,24865.4,1755856635
NIFTY,24865.35,1755856635
NIFTY,24864.5,1755856636
NIFTY,24865.9,1755856636
NIFTY,24865.6,1755856637
NIFTY,24865.75,1755856637
NIFTY,24866.1,1755856638
NIFTY,24865.95,1755856638
NIFTY,24865.4,1755856639
NIFTY,24866.35,1755856639
NIFTY,24865.55,1755856640
NIFTY,24864.85,1755856640
NIFTY,24865.25,1755856641
NIFTY,24865.65,1755856641
NIFTY,24865.1,1755856642
NIFTY,24865.65,1755856642
NIFTY,24865.75,1755856643
NIFTY,24865.7,1755856643
NIFTY,24865.6,1755856644
NIFTY,24864.85,1755856644
NIFTY,24865.3,1755856645
NIFTY,24865,1755856645
NIFTY,24865.3,1755856646
NIFTY,24865.6,1755856646
NIFTY,24865.25,1755856647
NIFTY,24865.15,1755856647
NIFTY,24864.6,1755856648
NIFTY,24866.25,1755856648
NIFTY,24865.85,1755856649
NIFTY,24866.05,1755856649
NIFTY,24865.9,1755856650
NIFTY,24865.65,1755856650
NIFTY,24865,1755856651
NIFTY,24866,1755856651
NIFTY,24866.05,1755856652
NIFTY,24866.25,1755856652
NIFTY,24866.65,1755856653
NIFTY,24866.2,1755856653
NIFTY,24865.5,1755856654
NIFTY,24866,1755856654
NIFTY,24865.85,1755856655
NIFTY,24865.05,1755856655
NIFTY,24865.2,1755856656
NIFTY,24865.35,1755856656
NIFTY,24865.5,1755856657
NIFTY,24866.15,1755856657
NIFTY,24865.7,1755856658
NIFTY,24866.15,1755856658
NIFTY,24865.75,1755856659
NIFTY,24865.55,1755856659
NIFTY,24866.05,1755856660
NIFTY,24865.05,1755856660
NIFTY,24865.35,1755856661
NIFTY,24866.4,1755856661
NIFTY,24865.5,1755856662
NIFTY,24865.75,1755856662
NIFTY,24866.1,1755856663
NIFTY,24866.3,1755856663
NIFTY,24865.45,1755856664
NIFTY,24865.5,1755856664
NIFTY,24865.75,1755856665
NIFTY,24865.1,1755856665
NIFTY,24865,1755856666
NIFTY,24866.3,1755856666
NIFTY,24865.8,1755856667
NIFTY,24866.5,1755856667
NIFTY,24865.25,1755856668
NIFTY,24865.35,1755856668
NIFTY,24865.15,1755856669
NIFTY,24864.95,1755856669
NIFTY,24864.3,1755856670
NIFTY,24865.1,1755856671
NIFTY,24865.6,1755856671
NIFTY,24865.05,1755856672
NIFTY,24864.25,1755856672
NIFTY,24864.35,1755856673
NIFTY,24864.15,1755856673
NIFTY,24865.05,1755856674
NIFTY,24864.15,1755856674
NIFTY,24862.8,1755856675
NIFTY,24863.65,1755856675
NIFTY,24864.1,1755856676
NIFTY,24864.3,1755856676
NIFTY,24864,1755856677
NIFTY,24863.9,1755856678
NIFTY,24864.1,1755856678
NIFTY,24864.5,1755856679
NIFTY,24864.75,1755856679
NIFTY,24864.65,1755856680
NIFTY,24863.75,1755856680
NIFTY,24864.55,1755856681
NIFTY,24864.65,1755856681
NIFTY,24864.55,1755856682
NIFTY,24863.75,1755856682
NIFTY,24865.4,1755856683
NIFTY,24864.65,1755856683
NIFTY,24863.25,1755856684
NIFTY,24863.9,1755856684
NIFTY,24863.55,1755856685
NIFTY,24863.7,1755856685
NIFTY,24864.15,1755856686
NIFTY,24864.1,1755856686
NIFTY,24864.7,1755856687
NIFTY,24864.5,1755856687
NIFTY,24864.05,1755856688
NIFTY,24864.7,1755856688
NIFTY,24864.2,1755856689
NIFTY,24864.4,1755856689
NIFTY,24864.6,1755856690
NIFTY,24863.85,1755856690
NIFTY,24864.75,1755856691
NIFTY,24864.5,1755856691
NIFTY,24864.35,1755856692
NIFTY,24864.25,1755856692
NIFTY,24864.1,1755856693
NIFTY,24863.8,1755856693
NIFTY,24863,1755856694
NIFTY,24863.45,1755856694
NIFTY,24863.05,1755856695
NIFTY,24863,1755856695
NIFTY,24864.15,1755856696
NIFTY,24862.75,1755856696
NIFTY,24864.6,1755856697
NIFTY,24865.25,1755856697
NIFTY,24864.85,1755856698
NIFTY,24864.9,1755856698
NIFTY,24865.5,1755856699
NIFTY,24864.6,1755856699
NIFTY,24865.2,1755856700
NIFTY,24863.2,1755856700
NIFTY,24863.6,1755856701
NIFTY,24864.6,1755856701
NIFTY,24865.75,1755856702
NIFTY,24865.35,1755856702
NIFTY,24864.85,1755856703
NIFTY,24865.45,1755856703
NIFTY,24864.9,1755856704
NIFTY,24864.75,1755856704
NIFTY,24864.55,1755856705
NIFTY,24862.9,1755856705
NIFTY,24865,1755856706
NIFTY,24864.75,1755856706
NIFTY,24865.05,1755856707
NIFTY,24865.6,1755856707
NIFTY,24865.3,1755856708
NIFTY,24864.7,1755856708
NIFTY,24863.9,1755856709
NIFTY,24863.6,1755856709
NIFTY,24864.15,1755856710
NIFTY,24863.3,1755856710
NIFTY,24864.55,1755856711
NIFTY,24864.7,1755856711
NIFTY,24864.8,1755856712
NIFTY,24864,1755856713
NIFTY,24863.45,1755856713
NIFTY,24863.25,1755856714
NIFTY,24863.5,1755856714
NIFTY,24864,1755856715
NIFTY,24862.2,1755856715
NIFTY,24864.45,1755856716
NIFTY,24864.15,1755856716
NIFTY,24865.05,1755856717
NIFTY,24864.75,1755856717
NIFTY,24864.25,1755856718
NIFTY,24864.35,1755856718
NIFTY,24863.05,1755856719
NIFTY,24863.65,1755856719
NIFTY,24862.45,1755856720
NIFTY,24862.35,1755856721
NIFTY,24863.35,1755856721
NIFTY,24863.25,1755856722
NIFTY,24863.65,1755856722
NIFTY,24863,1755856723
NIFTY,24863.7,1755856723
NIFTY,24864.4,1755856724
NIFTY,24862.35,1755856724
NIFTY,24862.8,1755856725
NIFTY,24861.35,1755856725
NIFTY,24864.6,1755856726
NIFTY,24866.4,1755856726
NIFTY,24864.25,1755856727
NIFTY,24864.65,1755856727
NIFTY,24864.85,1755856728
NIFTY,24865.4,1755856728
NIFTY,24864.25,1755856729
NIFTY,24863.15,1755856729
NIFTY,24863.4,1755856730
NIFTY,24861.65,1755856730
NIFTY,24862.45,1755856731
NIFTY,24861.2,1755856731
NIFTY,24861.3,1755856732
NIFTY,24865.5,1755856732
NIFTY,24864.8,1755856733
NIFTY,24864.6,1755856733
NIFTY,24861.8,1755856734
NIFTY,24862.5,1755856734
NIFTY,24863.25,1755856735
NIFTY,24860.85,1755856735
NIFTY,24862.75,1755856736
NIFTY,24861.9,1755856736
NIFTY,24862.85,1755856737
NIFTY,24866.2,1755856737
NIFTY,24865.25,1755856738
NIFTY,24863.65,1755856738
NIFTY,24866.05,1755856739
NIFTY,24864.65,1755856739
NIFTY,24863.75,1755856740
NIFTY,24861.3,1755856740
NIFTY,24862.5,1755856741
NIFTY,24863.65,1755856741
NIFTY,24862.1,1755856742
NIFTY,24862.05,1755856742
NIFTY,24863,1755856743
NIFTY,24863.3,1755856743
NIFTY,24860.5,1755856744
NIFTY,24861.75,1755856744
NIFTY,24863.65,1755856745
NIFTY,24860.55,1755856745
NIFTY,24862.6,1755856746
NIFTY,24866.15,1755856746
NIFTY,24864.5,1755856747
NIFTY,24862.6,1755856747
NIFTY,24864,1755856748
NIFTY,24862.7,1755856748
NIFTY,24864.55,1755856749
NIFTY,24863.65,1755856749
NIFTY,24863.45,1755856750
NIFTY,24865.05,1755856750
NIFTY,24863.95,1755856751
NIFTY,24863.5,1755856751
NIFTY,24863.15,1755856752
NIFTY,24863.35,1755856752
NIFTY,24864.5,1755856753
NIFTY,24866.2,1755856753
NIFTY,24862.85,1755856754
NIFTY,24864.4,1755856754
NIFTY,24864.6,1755856755
NIFTY,24863.25,1755856755
NIFTY,24863.6,1755856756
NIFTY,24865.4,1755856756
NIFTY,24863.95,1755856757
NIFTY,24863.1,1755856757
NIFTY,24864.4,1755856758
NIFTY,24866.2,1755856758
NIFTY,24867.05,1755856759
NIFTY,24866.75,1755856759
NIFTY,24865.95,1755856760
NIFTY,24865.55,1755856760
NIFTY,24865.4,1755856761
NIFTY,24865.15,1755856761
NIFTY,24867.85,1755856762
NIFTY,24869.35,1755856762
NIFTY,24865.05,1755856763
NIFTY,24863.25,1755856763
NIFTY,24862.4,1755856764
NIFTY,24867.4,1755856764
NIFTY,24867.6,1755856765
NIFTY,24867.75,1755856766
NIFTY,24866.4,1755856766
NIFTY,24866.55,1755856767
NIFTY,24868.05,1755856767
NIFTY,24866.45,1755856768
NIFTY,24867.8,1755856768
NIFTY,24867.7,1755856769
NIFTY,24868.2,1755856769
NIFTY,24867.25,1755856770
NIFTY,24868,1755856770
NIFTY,24867.85,1755856771
NIFTY,24867.5,1755856771
NIFTY,24867.45,1755856772
NIFTY,24868.65,1755856772
NIFTY,24868.05,1755856773
NIFTY,24868.3,1755856773
NIFTY,24867.95,1755856774
NIFTY,24867.75,1755856774
NIFTY,24866.75,1755856775
NIFTY,24866.4,1755856775
NIFTY,24866.9,1755856776
NIFTY,24865.75,1755856776
NIFTY,24863.85,1755856777
NIFTY,24866.85,1755856777
NIFTY,24865.55,1755856778
NIFTY,24865.8,1755856778
NIFTY,24866.5,1755856779
NIFTY,24865.7,1755856779
NIFTY,24868.25,1755856780
NIFTY,24867.2,1755856780
NIFTY,24868.65,1755856781
NIFTY,24868.15,1755856781
NIFTY,24867.75,1755856782
NIFTY,24868.25,1755856782
NIFTY,24868.65,1755856783
NIFTY,24868.45,1755856783
NIFTY,24868.4,1755856784
NIFTY,24868.2,1755856784
NIFTY,24865.8,1755856785
NIFTY,24868.6,1755856785
NIFTY,24869.75,1755856786
NIFTY,24869.65,1755856786
NIFTY,24868.4,1755856787
NIFTY,24869.35,1755856787
NIFTY,24868.8,1755856788
NIFTY,24869.1,1755856788
NIFTY,24867.6,1755856789
NIFTY,24868.55,1755856789
NIFTY,24869.15,1755856790
NIFTY,24867.3,1755856790
NIFTY,24866,1755856791
NIFTY,24865.65,1755856791
NIFTY,24864.45,1755856792
NIFTY,24867.65,1755856792
NIFTY,24867.8,1755856793
NIFTY,24869.25,1755856793
NIFTY,24868.85,1755856794
NIFTY,24870.2,1755856794
NIFTY,24869.85,1755856795
NIFTY,24868.9,1755856795
NIFTY,24868.2,1755856796
NIFTY,24873,1755856796
NIFTY,24871.2,1755856797
NIFTY,24867.3,1755856797
NIFTY,24868.95,1755856798
NIFTY,24870.2,1755856798
NIFTY,24869.4,1755856799
NIFTY,24869.45,1755856799
NIFTY,24870.25,1755856800
NIFTY,24867.95,1755856858
NIFTY,24870.1,1755856858
