[orchestrator] [boot] Starting data...
[orchestrator] [boot] Starting order...
[orchestrator] [boot] Watching order: [
  [32m'/home/karthikeyan/work/icici/dist/processes/order'[39m,
  [32m'/home/karthikeyan/work/icici/dist/processes/orderProcess.js'[39m
]
[15:20:37] [ConfigService.loadConfig] Config Updated: {
  "srHypothesis": {
    "confirmWindowMin": 2,
    "maxJump": 15,
    "maxRangeWidth": 30,
    "buffer": 10,
    "target": 10,
    "stopLoss": 10,
    "breachBuffer": 0,
    "breachConfirmSec": 0,
    "heldMinSec": 407,
    "heldMaxSec": 651,
    "csvOutput": false
  },
  "rocHypothesis": {
    "target": 10,
    "stopLoss": 10,
    "cooldownSec": 60,
    "minWins": 2,
    "windowGridMin": [
      1,
      2,
      3,
      4,
      5,
      7,
      10,
      15
    ],
    "thresholdGrid": [
      5,
      10,
      15,
      20,
      25,
      30,
      40,
      50,
      60,
      75,
      100
    ],
    "csvOutput": false
  },
  "settings": {
    "minPrice": 20,
    "maxPrice": 30000,
    "targetPriceDiff": 2,
    "stopLossPriceDiff": 11,
    "trailingDistance": 4,
    "cooldownSeconds": 0,
    "logQuotes": false,
    "safetyBufferAmount": 5000,
    "consistencyLimitPercent": 40,
    "maxDailyDrawdownPercent": 25,
    "maxMonthlyDrawdownPercent": 50,
    "maxTradesPerDay": 10
  },
  "strategies": [
    {
      "type": "SentimentStrategy",
      "enabled": false,
      "averageThreshold": 20,
      "targetPrice": 2,
      "orderQuantity": 7200,
      "sentiment": "put",
      "loopCount": 1
    },
    {
      "type": "BuySellStrategy",
      "enabled": false,
      "initialQuantity": 150,
      "incrementFactor": "single",
      "incrementQuantity": 150,
      "averageThreshold": 10,
      "targetPrice": 5,
      "stopEnabled": false,
      "activateIntermittentCount": 100,
      "maxIterationCount": 10,
      "logEnabled": false,
      "right": "none"
    },
    {
      "type": "ContinuousStrategy",
      "enabled": false,
      "initialQuantity": 65,
      "slDistance": 10,
      "minPremium": 100,
      "allottedCapital": 200000,
      "spawnQuantityMode": "same",
      "averageQuantityMode": "same",
      "right": "none",
      "cooldownSeconds": 60,
      "refillCancelDistance": 50,
      "logEnabled": true
    },
    {
      "type": "IntermittentStrategy",
      "enabled": false,
      "loopCount": 3,
      "targetPrice": 2,
      "quantity": 75,
      "threshold": 10,
      "logEnabled": false
    },
    {
      "type": "RateOfChangeStrategy",
      "enabled": false,
      "pointsThreshold": 30,
      "accelerationThreshold": 5,
      "numberOfDatapointsReceived": 50,
      "quantity": 65,
      "targetPrice": 2,
      "stopLossPrice": 11,
      "maxHoldTimeMinutes": 30,
      "logEnabled": true
    },
    {
      "type": "GapStrategy",
      "enabled": false,
      "pointsThreshold": 20,
      "numberOfDatapointsReceived": 50,
      "quantity": 65,
      "targetPrice": 10,
      "stopLossPrice": 5,
      "maxHoldTimeMinutes": 600,
      "gapReversalMode": false,
      "gapReversalThreshold": 100,
      "logEnabled": true
    },
    {
      "type": "RuleBasedStrategy",
      "enabled": false,
      "indicators": [
        "RSI_5_70_30"
      ],
      "quantity": 65,
      "target": 10,
      "stopLoss": 20,
      "maxHoldTimeMinutes": 30,
      "logEnabled": true
    },
    {
      "type": "GoodMorningStrategy",
      "enabled": false,
      "quantity": 65,
      "targetPoints": 10,
      "stopLossPoints": 10,
      "logEnabled": true,
      "snapshotTime": "10:00",
      "confirmTime": "10:30",
      "previousClose": 24219,
      "minMovementPoints": 10
    },
    {
      "type": "GoodMorningSensexStrategy",
      "enabled": false,
      "quantity": 200,
      "targetPoints": 30,
      "stopLossPoints": 30,
      "logEnabled": true,
      "snapshotTime": "09:40",
      "confirmTime": "09:45",
      "minMovementPoints": 30
    },
    {
      "type": "SupportResistanceStrategy",
      "enabled": false,
      "supportPrice": 0,
      "resistancePrice": 0,
      "quantity": 1755,
      "targetPoints": 10,
      "stopLossPoints": 15,
      "logEnabled": true
    },
    {
      "type": "TargetReachStrategy",
      "enabled": false,
      "symbol": "NIFTY",
      "strike": 0,
      "expiry": "2026-01-01",
      "optionType": "CE",
      "targetPrice": 0,
      "quantity": 1755,
      "targetPoints": 10,
      "stopLossPoints": 15,
      "logEnabled": true
    }
  ]
}
[15:20:37] [Mongo.init] Mongo is initialized
[orchestrator] [boot] Starting frontend (server.ts)...
[orchestrator] [boot] Watching frontend: [ [32m'/home/karthikeyan/work/icici/dist/server.js'[39m ]
[orchestrator] [boot] Starting strategies...
[orchestrator] [boot] Watching strategies: [
  [32m'/home/karthikeyan/work/icici/dist/strategy'[39m,
  [32m'/home/karthikeyan/work/icici/dist/processes/strategiesProcess.js'[39m,
  [32m'/home/karthikeyan/work/icici/dist/processes/strategies'[39m
]
[orchestrator] [boot] Watching data: [
  [32m'/home/karthikeyan/work/icici/dist/processes/data'[39m,
  [32m'/home/karthikeyan/work/icici/dist/processes/dataProcess.js'[39m
]
[15:20:37] [Mongo._init] Mongo is initialized
[15:20:37] [AntDataStream.connect] [AntDataStream] Connecting to ANT streaming...
[15:20:37] [ANT.loadSession] ANT session loaded from file
[15:20:37] [AntSession.prepareWsSession] [AntSession] Creating WS session (createWsSess)...
[15:20:38] [ConfigService.loadConfig] Config Updated: {
  "srHypothesis": {
    "confirmWindowMin": 2,
    "maxJump": 15,
    "maxRangeWidth": 30,
    "buffer": 10,
    "target": 10,
    "stopLoss": 10,
    "breachBuffer": 0,
    "breachConfirmSec": 0,
    "heldMinSec": 407,
    "heldMaxSec": 651,
    "csvOutput": false
  },
  "rocHypothesis": {
    "target": 10,
    "stopLoss": 10,
    "cooldownSec": 60,
    "minWins": 2,
    "windowGridMin": [
      1,
      2,
      3,
      4,
      5,
      7,
      10,
      15
    ],
    "thresholdGrid": [
      5,
      10,
      15,
      20,
      25,
      30,
      40,
      50,
      60,
      75,
      100
    ],
    "csvOutput": false
  },
  "settings": {
    "minPrice": 20,
    "maxPrice": 30000,
    "targetPriceDiff": 2,
    "stopLossPriceDiff": 11,
    "trailingDistance": 4,
    "cooldownSeconds": 0,
    "logQuotes": false,
    "safetyBufferAmount": 5000,
    "consistencyLimitPercent": 40,
    "maxDailyDrawdownPercent": 25,
    "maxMonthlyDrawdownPercent": 50,
    "maxTradesPerDay": 10
  },
  "strategies": [
    {
      "type": "SentimentStrategy",
      "enabled": false,
      "averageThreshold": 20,
      "targetPrice": 2,
      "orderQuantity": 7200,
      "sentiment": "put",
      "loopCount": 1
    },
    {
      "type": "BuySellStrategy",
      "enabled": false,
      "initialQuantity": 150,
      "incrementFactor": "single",
      "incrementQuantity": 150,
      "averageThreshold": 10,
      "targetPrice": 5,
      "stopEnabled": false,
      "activateIntermittentCount": 100,
      "maxIterationCount": 10,
      "logEnabled": false,
      "right": "none"
    },
    {
      "type": "ContinuousStrategy",
      "enabled": false,
      "initialQuantity": 65,
      "slDistance": 10,
      "minPremium": 100,
      "allottedCapital": 200000,
      "spawnQuantityMode": "same",
      "averageQuantityMode": "same",
      "right": "none",
      "cooldownSeconds": 60,
      "refillCancelDistance": 50,
      "logEnabled": true
    },
    {
      "type": "IntermittentStrategy",
      "enabled": false,
      "loopCount": 3,
      "targetPrice": 2,
      "quantity": 75,
      "threshold": 10,
      "logEnabled": false
    },
    {
      "type": "RateOfChangeStrategy",
      "enabled": false,
      "pointsThreshold": 30,
      "accelerationThreshold": 5,
      "numberOfDatapointsReceived": 50,
      "quantity": 65,
      "targetPrice": 2,
      "stopLossPrice": 11,
      "maxHoldTimeMinutes": 30,
      "logEnabled": true
    },
    {
      "type": "GapStrategy",
      "enabled": false,
      "pointsThreshold": 20,
      "numberOfDatapointsReceived": 50,
      "quantity": 65,
      "targetPrice": 10,
      "stopLossPrice": 5,
      "maxHoldTimeMinutes": 600,
      "gapReversalMode": false,
      "gapReversalThreshold": 100,
      "logEnabled": true
    },
    {
      "type": "RuleBasedStrategy",
      "enabled": false,
      "indicators": [
        "RSI_5_70_30"
      ],
      "quantity": 65,
      "target": 10,
      "stopLoss": 20,
      "maxHoldTimeMinutes": 30,
      "logEnabled": true
    },
    {
      "type": "GoodMorningStrategy",
      "enabled": false,
      "quantity": 65,
      "targetPoints": 10,
      "stopLossPoints": 10,
      "logEnabled": true,
      "snapshotTime": "10:00",
      "confirmTime": "10:30",
      "previousClose": 24219,
      "minMovementPoints": 10
    },
    {
      "type": "GoodMorningSensexStrategy",
      "enabled": false,
      "quantity": 200,
      "targetPoints": 30,
      "stopLossPoints": 30,
      "logEnabled": true,
      "snapshotTime": "09:40",
      "confirmTime": "09:45",
      "minMovementPoints": 30
    },
    {
      "type": "SupportResistanceStrategy",
      "enabled": false,
      "supportPrice": 0,
      "resistancePrice": 0,
      "quantity": 1755,
      "targetPoints": 10,
      "stopLossPoints": 15,
      "logEnabled": true
    },
    {
      "type": "TargetReachStrategy",
      "enabled": false,
      "symbol": "NIFTY",
      "strike": 0,
      "expiry": "2026-01-01",
      "optionType": "CE",
      "targetPrice": 0,
      "quantity": 1755,
      "targetPoints": 10,
      "stopLossPoints": 15,
      "logEnabled": true
    }
  ]
}
[15:20:38] [ConfigService.loadConfig] Config Updated: {
  "srHypothesis": {
    "confirmWindowMin": 2,
    "maxJump": 15,
    "maxRangeWidth": 30,
    "buffer": 10,
    "target": 10,
    "stopLoss": 10,
    "breachBuffer": 0,
    "breachConfirmSec": 0,
    "heldMinSec": 407,
    "heldMaxSec": 651,
    "csvOutput": false
  },
  "rocHypothesis": {
    "target": 10,
    "stopLoss": 10,
    "cooldownSec": 60,
    "minWins": 2,
    "windowGridMin": [
      1,
      2,
      3,
      4,
      5,
      7,
      10,
      15
    ],
    "thresholdGrid": [
      5,
      10,
      15,
      20,
      25,
      30,
      40,
      50,
      60,
      75,
      100
    ],
    "csvOutput": false
  },
  "settings": {
    "minPrice": 20,
    "maxPrice": 30000,
    "targetPriceDiff": 2,
    "stopLossPriceDiff": 11,
    "trailingDistance": 4,
    "cooldownSeconds": 0,
    "logQuotes": false,
    "safetyBufferAmount": 5000,
    "consistencyLimitPercent": 40,
    "maxDailyDrawdownPercent": 25,
    "maxMonthlyDrawdownPercent": 50,
    "maxTradesPerDay": 10
  },
  "strategies": [
    {
      "type": "SentimentStrategy",
      "enabled": false,
      "averageThreshold": 20,
      "targetPrice": 2,
      "orderQuantity": 7200,
      "sentiment": "put",
      "loopCount": 1
    },
    {
      "type": "BuySellStrategy",
      "enabled": false,
      "initialQuantity": 150,
      "incrementFactor": "single",
      "incrementQuantity": 150,
      "averageThreshold": 10,
      "targetPrice": 5,
      "stopEnabled": false,
      "activateIntermittentCount": 100,
      "maxIterationCount": 10,
      "logEnabled": false,
      "right": "none"
    },
    {
      "type": "ContinuousStrategy",
      "enabled": false,
      "initialQuantity": 65,
      "slDistance": 10,
      "minPremium": 100,
      "allottedCapital": 200000,
      "spawnQuantityMode": "same",
      "averageQuantityMode": "same",
      "right": "none",
      "cooldownSeconds": 60,
      "refillCancelDistance": 50,
      "logEnabled": true
    },
    {
      "type": "IntermittentStrategy",
      "enabled": false,
      "loopCount": 3,
      "targetPrice": 2,
      "quantity": 75,
      "threshold": 10,
      "logEnabled": false
    },
    {
      "type": "RateOfChangeStrategy",
      "enabled": false,
      "pointsThreshold": 30,
      "accelerationThreshold": 5,
      "numberOfDatapointsReceived": 50,
      "quantity": 65,
      "targetPrice": 2,
      "stopLossPrice": 11,
      "maxHoldTimeMinutes": 30,
      "logEnabled": true
    },
    {
      "type": "GapStrategy",
      "enabled": false,
      "pointsThreshold": 20,
      "numberOfDatapointsReceived": 50,
      "quantity": 65,
      "targetPrice": 10,
      "stopLossPrice": 5,
      "maxHoldTimeMinutes": 600,
      "gapReversalMode": false,
      "gapReversalThreshold": 100,
      "logEnabled": true
    },
    {
      "type": "RuleBasedStrategy",
      "enabled": false,
      "indicators": [
        "RSI_5_70_30"
      ],
      "quantity": 65,
      "target": 10,
      "stopLoss": 20,
      "maxHoldTimeMinutes": 30,
      "logEnabled": true
    },
    {
      "type": "GoodMorningStrategy",
      "enabled": false,
      "quantity": 65,
      "targetPoints": 10,
      "stopLossPoints": 10,
      "logEnabled": true,
      "snapshotTime": "10:00",
      "confirmTime": "10:30",
      "previousClose": 24219,
      "minMovementPoints": 10
    },
    {
      "type": "GoodMorningSensexStrategy",
      "enabled": false,
      "quantity": 200,
      "targetPoints": 30,
      "stopLossPoints": 30,
      "logEnabled": true,
      "snapshotTime": "09:40",
      "confirmTime": "09:45",
      "minMovementPoints": 30
    },
    {
      "type": "SupportResistanceStrategy",
      "enabled": false,
      "supportPrice": 0,
      "resistancePrice": 0,
      "quantity": 1755,
      "targetPoints": 10,
      "stopLossPoints": 15,
      "logEnabled": true
    },
    {
      "type": "TargetReachStrategy",
      "enabled": false,
      "symbol": "NIFTY",
      "strike": 0,
      "expiry": "2026-01-01",
      "optionType": "CE",
      "targetPrice": 0,
      "quantity": 1755,
      "targetPoints": 10,
      "stopLossPoints": 15,
      "logEnabled": true
    }
  ]
}
[15:20:38] [AntSession.prepareWsSession] [AntSession] createWsSess response: {
  "status": "Ok",
  "message": "Success",
  "result": [
    {
      "Status": "OK"
    }
  ]
}
[15:20:38] [AntSession.prepareWsSession] [AntSession] WS session prepared successfully
[15:20:38] [Config._processFile] Dir Name: /home/karthikeyan/work/icici/dist/prism
[15:20:38] [Config._processFile] File Name: /home/karthikeyan/work/icici/dist/prism/config.js
[15:20:38] [NorenRestApi.reloadToken] Restored Shoonya access token from userToken.txt
[15:20:38] [ws.onopen] [AntWS] Connected, sending auth payload...
[15:20:38] [AntDataStream.connect] [AntDataStream] Connected and streaming
[15:20:38] [main] [data] Ready - NIFTY/SENSEX always subscribed, streaming to stdout.
[15:20:38] [ws.onmessage] [AntWS] Connect ack: {
  "t": "ck",
  "s": "OK",
  "uid": "924118_API"
}
[15:20:38] [/home/karthikeyan/work/icici/dist/processes/data/AntDataStream.js:57:27] [AntDataStream] WebSocket open, subscribing to always-on instruments...
[15:20:38] [AntWebSocket.subscribe] [AntWS] Subscribing: NSE|26000#BSE|1
[15:20:39] [Mongo.init] Mongo is initialized
[15:20:39] [ConfigService.loadConfig] Config Updated: {
  "srHypothesis": {
    "confirmWindowMin": 2,
    "maxJump": 15,
    "maxRangeWidth": 30,
    "buffer": 10,
    "target": 10,
    "stopLoss": 10,
    "breachBuffer": 0,
    "breachConfirmSec": 0,
    "heldMinSec": 407,
    "heldMaxSec": 651,
    "csvOutput": false
  },
  "rocHypothesis": {
    "target": 10,
    "stopLoss": 10,
    "cooldownSec": 60,
    "minWins": 2,
    "windowGridMin": [
      1,
      2,
      3,
      4,
      5,
      7,
      10,
      15
    ],
    "thresholdGrid": [
      5,
      10,
      15,
      20,
      25,
      30,
      40,
      50,
      60,
      75,
      100
    ],
    "csvOutput": false
  },
  "settings": {
    "minPrice": 20,
    "maxPrice": 30000,
    "targetPriceDiff": 2,
    "stopLossPriceDiff": 11,
    "trailingDistance": 4,
    "cooldownSeconds": 0,
    "logQuotes": false,
    "safetyBufferAmount": 5000,
    "consistencyLimitPercent": 40,
    "maxDailyDrawdownPercent": 25,
    "maxMonthlyDrawdownPercent": 50,
    "maxTradesPerDay": 10
  },
  "strategies": [
    {
      "type": "SentimentStrategy",
      "enabled": false,
      "averageThreshold": 20,
      "targetPrice": 2,
      "orderQuantity": 7200,
      "sentiment": "put",
      "loopCount": 1
    },
    {
      "type": "BuySellStrategy",
      "enabled": false,
      "initialQuantity": 150,
      "incrementFactor": "single",
      "incrementQuantity": 150,
      "averageThreshold": 10,
      "targetPrice": 5,
      "stopEnabled": false,
      "activateIntermittentCount": 100,
      "maxIterationCount": 10,
      "logEnabled": false,
      "right": "none"
    },
    {
      "type": "ContinuousStrategy",
      "enabled": false,
      "initialQuantity": 65,
      "slDistance": 10,
      "minPremium": 100,
      "allottedCapital": 200000,
      "spawnQuantityMode": "same",
      "averageQuantityMode": "same",
      "right": "none",
      "cooldownSeconds": 60,
      "refillCancelDistance": 50,
      "logEnabled": true
    },
    {
      "type": "IntermittentStrategy",
      "enabled": false,
      "loopCount": 3,
      "targetPrice": 2,
      "quantity": 75,
      "threshold": 10,
      "logEnabled": false
    },
    {
      "type": "RateOfChangeStrategy",
      "enabled": false,
      "pointsThreshold": 30,
      "accelerationThreshold": 5,
      "numberOfDatapointsReceived": 50,
      "quantity": 65,
      "targetPrice": 2,
      "stopLossPrice": 11,
      "maxHoldTimeMinutes": 30,
      "logEnabled": true
    },
    {
      "type": "GapStrategy",
      "enabled": false,
      "pointsThreshold": 20,
      "numberOfDatapointsReceived": 50,
      "quantity": 65,
      "targetPrice": 10,
      "stopLossPrice": 5,
      "maxHoldTimeMinutes": 600,
      "gapReversalMode": false,
      "gapReversalThreshold": 100,
      "logEnabled": true
    },
    {
      "type": "RuleBasedStrategy",
      "enabled": false,
      "indicators": [
        "RSI_5_70_30"
      ],
      "quantity": 65,
      "target": 10,
      "stopLoss": 20,
      "maxHoldTimeMinutes": 30,
      "logEnabled": true
    },
    {
      "type": "GoodMorningStrategy",
      "enabled": false,
      "quantity": 65,
      "targetPoints": 10,
      "stopLossPoints": 10,
      "logEnabled": true,
      "snapshotTime": "10:00",
      "confirmTime": "10:30",
      "previousClose": 24219,
      "minMovementPoints": 10
    },
    {
      "type": "GoodMorningSensexStrategy",
      "enabled": false,
      "quantity": 200,
      "targetPoints": 30,
      "stopLossPoints": 30,
      "logEnabled": true,
      "snapshotTime": "09:40",
      "confirmTime": "09:45",
      "minMovementPoints": 30
    },
    {
      "type": "SupportResistanceStrategy",
      "enabled": false,
      "supportPrice": 0,
      "resistancePrice": 0,
      "quantity": 1755,
      "targetPoints": 10,
      "stopLossPoints": 15,
      "logEnabled": true
    },
    {
      "type": "TargetReachStrategy",
      "enabled": false,
      "symbol": "NIFTY",
      "strike": 0,
      "expiry": "2026-01-01",
      "optionType": "CE",
      "targetPrice": 0,
      "quantity": 1755,
      "targetPoints": 10,
      "stopLossPoints": 15,
      "logEnabled": true
    }
  ]
}
[15:20:39] [Mongo._init] Mongo is initialized
[15:20:39] [Config._processFile] lot count: 1
[15:20:39] [Config._processFile] Auto Trade: false
[15:20:39] [OrderBookkeeping.loadClosedTradesFromMongo] [order] Reloaded 6 closed trade(s) from Mongo for today
[15:20:39] [ANT.loadSession] ANT session loaded from file
[15:20:39] [Config._processFile] Dir Name: /home/karthikeyan/work/icici/dist/prism
[15:20:39] [Config._processFile] File Name: /home/karthikeyan/work/icici/dist/prism/config.js
[15:20:39] [NorenRestApi.reloadToken] Restored Shoonya access token from userToken.txt
[15:20:40] [Server.<anonymous>] [order] Listening on /tmp/icici-order.sock
[15:20:40] [AntOrderNotifyStream.getWsToken] [AntOrderNotify] createWsToken response: {"status":"Ok","message":"200","result":[{"orderToken":"a1dab534e3e11278f5844327e89f2816e139ef8b6d40ab90772172c1a5f7754d"}]}
[15:20:40] [Mongo.init] Mongo is initialized
[15:20:40] [Config._processFile] Dir Name: /home/karthikeyan/work/icici/dist/prism
[15:20:40] [Config._processFile] File Name: /home/karthikeyan/work/icici/dist/prism/config.js
[15:20:40] [NorenRestApi.reloadToken] Restored Shoonya access token from userToken.txt
[15:20:40] [ws.onopen] [AntOrderNotify] Connected, subscribing...
[15:20:40] [Mongo._init] Mongo is initialized
[15:20:40] [Server.<anonymous>] [order] Client connected, total: 1
[15:20:40] [expandRuleBasedConfig] [StrategyFactory] Expanded RuleBasedStrategy into 1 instances
[15:20:40] [Strategies.initialize] [] expandedConfigArray:  [
  {
    "type": "SentimentStrategy",
    "enabled": false,
    "averageThreshold": 20,
    "targetPrice": 2,
    "orderQuantity": 7200,
    "sentiment": "put",
    "loopCount": 1
  },
  {
    "type": "BuySellStrategy",
    "enabled": false,
    "initialQuantity": 150,
    "incrementFactor": "single",
    "incrementQuantity": 150,
    "averageThreshold": 10,
    "targetPrice": 5,
    "stopEnabled": false,
    "activateIntermittentCount": 100,
    "maxIterationCount": 10,
    "logEnabled": false,
    "right": "none"
  },
  {
    "type": "ContinuousStrategy",
    "enabled": false,
    "initialQuantity": 65,
    "slDistance": 10,
    "minPremium": 100,
    "allottedCapital": 200000,
    "spawnQuantityMode": "same",
    "averageQuantityMode": "same",
    "right": "none",
    "cooldownSeconds": 60,
    "refillCancelDistance": 50,
    "logEnabled": true
  },
  {
    "type": "IntermittentStrategy",
    "enabled": false,
    "loopCount": 3,
    "targetPrice": 2,
    "quantity": 75,
    "threshold": 10,
    "logEnabled": false
  },
  {
    "type": "RateOfChangeStrategy",
    "enabled": false,
    "pointsThreshold": 30,
    "accelerationThreshold": 5,
    "numberOfDatapointsReceived": 50,
    "quantity": 65,
    "targetPrice": 2,
    "stopLossPrice": 11,
    "maxHoldTimeMinutes": 30,
    "logEnabled": true
  },
  {
    "type": "GapStrategy",
    "enabled": false,
    "pointsThreshold": 20,
    "numberOfDatapointsReceived": 50,
    "quantity": 65,
    "targetPrice": 10,
    "stopLossPrice": 5,
    "maxHoldTimeMinutes": 600,
    "gapReversalMode": false,
    "gapReversalThreshold": 100,
    "logEnabled": true
  },
  {
    "type": "RuleBasedStrategy",
    "enabled": false,
    "indicators": [
      "RSI_5_70_30"
    ],
    "quantity": 65,
    "target": 10,
    "stopLoss": 20,
    "maxHoldTimeMinutes": 30,
    "logEnabled": true,
    "userId": "Rule-RSI_5_70_30"
  },
  {
    "type": "GoodMorningStrategy",
    "enabled": false,
    "quantity": 65,
    "targetPoints": 10,
    "stopLossPoints": 10,
    "logEnabled": true,
    "snapshotTime": "10:00",
    "confirmTime": "10:30",
    "previousClose": 24219,
    "minMovementPoints": 10
  },
  {
    "type": "GoodMorningSensexStrategy",
    "enabled": false,
    "quantity": 200,
    "targetPoints": 30,
    "stopLossPoints": 30,
    "logEnabled": true,
    "snapshotTime": "09:40",
    "confirmTime": "09:45",
    "minMovementPoints": 30
  },
  {
    "type": "SupportResistanceStrategy",
    "enabled": false,
    "supportPrice": 0,
    "resistancePrice": 0,
    "quantity": 1755,
    "targetPoints": 10,
    "stopLossPoints": 15,
    "logEnabled": true
  },
  {
    "type": "TargetReachStrategy",
    "enabled": false,
    "symbol": "NIFTY",
    "strike": 0,
    "expiry": "2026-01-01",
    "optionType": "CE",
    "targetPrice": 0,
    "quantity": 1755,
    "targetPoints": 10,
    "stopLossPoints": 15,
    "logEnabled": true
  }
]
[15:20:40] [expandRuleBasedConfig] [StrategyFactory] Expanded RuleBasedStrategy into 1 instances
[15:20:40] [new RuleBasedStrategy] [RuleBased:Rule-RSI_5_70_30] Initialized with indicators: RSI_5_70_30
[15:20:40] [Strategies.initialize] [Strategies] Initialized 11 strategies: [
  "SentimentStrategy(SentimentStrategy, enabled=false)",
  "BuySellStrategy(BuySellStrategy, enabled=false)",
  "ContinuousStrategy(ContinuousStrategy, enabled=false)",
  "IntermittentStrategy(IntermittentStrategy, enabled=false)",
  "RateOfChangeStrategy(RateOfChangeStrategy, enabled=false)",
  "GapStrategy(GapStrategy, enabled=false)",
  "RuleBasedStrategy(Rule-RSI_5_70_30, enabled=false)",
  "GoodMorningStrategy(GoodMorningStrategy, enabled=false)",
  "GoodMorningSensexStrategy(GoodMorningSensexStrategy, enabled=false)",
  "SupportResistanceStrategy(SupportResistanceStrategy, enabled=false)",
  "TargetReachStrategy(TargetReachStrategy, enabled=false)"
]
[15:20:40] [main] [strategies] Ready - 11 strategies loaded.
[15:20:40] [Server.<anonymous>] [strategies] Listening on /tmp/icici-strategies.sock
[15:20:40] [Config._processFile] lot count: 1
[15:20:40] [Config._processFile] Auto Trade: false
[15:20:40] [Socket.<anonymous>] [strategies] Connected to order process
Fri, 28 Aug 2026 09:50:40 GMT body-parser deprecated bodyParser: use individual json/urlencoded middlewares at dist/server.js:91:35
Fri, 28 Aug 2026 09:50:40 GMT body-parser deprecated undefined extended: provide extended option at node_modules/body-parser/index.js:104:29
[15:20:40] [Mongo.init] Mongo is initialized
[15:20:40] [Mongo._init] Mongo is initialized
[15:20:40] [Server.<anonymous>] [order] Client connected, total: 2
[15:20:40] [Server.<anonymous>] [strategies] Frontend client connected
[15:20:40] [Server.<anonymous>] [frontend] Listening on 3000
[15:20:40] [Config._processFile] lot count: 1
[15:20:40] [Config._processFile] Auto Trade: false
[15:20:40] [Socket.<anonymous>] [strategies] Connected to order process
[15:20:40] [Socket.<anonymous>] [frontend] Connected to strategies process
[orchestrator] [dev] Restarting strategies (data/order untouched)...
[orchestrator] [boot] Starting strategies...
[15:20:52] [Socket.<anonymous>] [frontend] Disconnected from strategies process, retrying in 2s...
[orchestrator] [strategies] exited (code=0 signal=null)
[15:20:52] [Socket.<anonymous>] [order] Client disconnected, total: 1
[15:20:52] [ConfigService.loadConfig] Config Updated: {
  "srHypothesis": {
    "confirmWindowMin": 2,
    "maxJump": 15,
    "maxRangeWidth": 30,
    "buffer": 10,
    "target": 10,
    "stopLoss": 10,
    "breachBuffer": 0,
    "breachConfirmSec": 0,
    "heldMinSec": 407,
    "heldMaxSec": 651,
    "csvOutput": false
  },
  "rocHypothesis": {
    "target": 10,
    "stopLoss": 10,
    "cooldownSec": 60,
    "minWins": 2,
    "windowGridMin": [
      1,
      2,
      3,
      4,
      5,
      7,
      10,
      15
    ],
    "thresholdGrid": [
      5,
      10,
      15,
      20,
      25,
      30,
      40,
      50,
      60,
      75,
      100
    ],
    "csvOutput": false
  },
  "settings": {
    "minPrice": 20,
    "maxPrice": 30000,
    "targetPriceDiff": 2,
    "stopLossPriceDiff": 11,
    "trailingDistance": 4,
    "cooldownSeconds": 0,
    "logQuotes": false,
    "safetyBufferAmount": 5000,
    "consistencyLimitPercent": 40,
    "maxDailyDrawdownPercent": 25,
    "maxMonthlyDrawdownPercent": 50,
    "maxTradesPerDay": 10
  },
  "strategies": [
    {
      "type": "SentimentStrategy",
      "enabled": false,
      "averageThreshold": 20,
      "targetPrice": 2,
      "orderQuantity": 7200,
      "sentiment": "put",
      "loopCount": 1
    },
    {
      "type": "BuySellStrategy",
      "enabled": false,
      "initialQuantity": 150,
      "incrementFactor": "single",
      "incrementQuantity": 150,
      "averageThreshold": 10,
      "targetPrice": 5,
      "stopEnabled": false,
      "activateIntermittentCount": 100,
      "maxIterationCount": 10,
      "logEnabled": false,
      "right": "none"
    },
    {
      "type": "ContinuousStrategy",
      "enabled": false,
      "initialQuantity": 65,
      "slDistance": 10,
      "minPremium": 100,
      "allottedCapital": 200000,
      "spawnQuantityMode": "same",
      "averageQuantityMode": "same",
      "right": "none",
      "cooldownSeconds": 60,
      "refillCancelDistance": 50,
      "logEnabled": true
    },
    {
      "type": "IntermittentStrategy",
      "enabled": false,
      "loopCount": 3,
      "targetPrice": 2,
      "quantity": 75,
      "threshold": 10,
      "logEnabled": false
    },
    {
      "type": "RateOfChangeStrategy",
      "enabled": false,
      "pointsThreshold": 30,
      "accelerationThreshold": 5,
      "numberOfDatapointsReceived": 50,
      "quantity": 65,
      "targetPrice": 2,
      "stopLossPrice": 11,
      "maxHoldTimeMinutes": 30,
      "logEnabled": true
    },
    {
      "type": "GapStrategy",
      "enabled": false,
      "pointsThreshold": 20,
      "numberOfDatapointsReceived": 50,
      "quantity": 65,
      "targetPrice": 10,
      "stopLossPrice": 5,
      "maxHoldTimeMinutes": 600,
      "gapReversalMode": false,
      "gapReversalThreshold": 100,
      "logEnabled": true
    },
    {
      "type": "RuleBasedStrategy",
      "enabled": false,
      "indicators": [
        "RSI_5_70_30"
      ],
      "quantity": 65,
      "target": 10,
      "stopLoss": 20,
      "maxHoldTimeMinutes": 30,
      "logEnabled": true
    },
    {
      "type": "GoodMorningStrategy",
      "enabled": false,
      "quantity": 65,
      "targetPoints": 10,
      "stopLossPoints": 10,
      "logEnabled": true,
      "snapshotTime": "10:00",
      "confirmTime": "10:30",
      "previousClose": 24219,
      "minMovementPoints": 10
    },
    {
      "type": "GoodMorningSensexStrategy",
      "enabled": false,
      "quantity": 200,
      "targetPoints": 30,
      "stopLossPoints": 30,
      "logEnabled": true,
      "snapshotTime": "09:40",
      "confirmTime": "09:45",
      "minMovementPoints": 30
    },
    {
      "type": "SupportResistanceStrategy",
      "enabled": false,
      "supportPrice": 0,
      "resistancePrice": 0,
      "quantity": 1755,
      "targetPoints": 10,
      "stopLossPoints": 15,
      "logEnabled": true
    },
    {
      "type": "TargetReachStrategy",
      "enabled": false,
      "symbol": "NIFTY",
      "strike": 0,
      "expiry": "2026-01-01",
      "optionType": "CE",
      "targetPrice": 0,
      "quantity": 1755,
      "targetPoints": 10,
      "stopLossPoints": 15,
      "logEnabled": true
    }
  ]
}
[orchestrator] [dev] Restarting order (data/strategies/frontend untouched)...
[orchestrator] [order] exited (code=0 signal=null)
[15:20:52] [Socket.<anonymous>] [strategies] Disconnected from order process, retrying in 2s...
[15:20:53] [Config._processFile] Dir Name: /home/karthikeyan/work/icici/dist/prism
[15:20:53] [Config._processFile] File Name: /home/karthikeyan/work/icici/dist/prism/config.js
[15:20:53] [NorenRestApi.reloadToken] Restored Shoonya access token from userToken.txt
[15:20:53] [ConfigService.loadConfig] Config Updated: {
  "srHypothesis": {
    "confirmWindowMin": 2,
    "maxJump": 15,
    "maxRangeWidth": 30,
    "buffer": 10,
    "target": 10,
    "stopLoss": 10,
    "breachBuffer": 0,
    "breachConfirmSec": 0,
    "heldMinSec": 407,
    "heldMaxSec": 651,
    "csvOutput": false
  },
  "rocHypothesis": {
    "target": 10,
    "stopLoss": 10,
    "cooldownSec": 60,
    "minWins": 2,
    "windowGridMin": [
      1,
      2,
      3,
      4,
      5,
      7,
      10,
      15
    ],
    "thresholdGrid": [
      5,
      10,
      15,
      20,
      25,
      30,
      40,
      50,
      60,
      75,
      100
    ],
    "csvOutput": false
  },
  "settings": {
    "minPrice": 20,
    "maxPrice": 30000,
    "targetPriceDiff": 2,
    "stopLossPriceDiff": 11,
    "trailingDistance": 4,
    "cooldownSeconds": 0,
    "logQuotes": false,
    "safetyBufferAmount": 5000,
    "consistencyLimitPercent": 40,
    "maxDailyDrawdownPercent": 25,
    "maxMonthlyDrawdownPercent": 50,
    "maxTradesPerDay": 10
  },
  "strategies": [
    {
      "type": "SentimentStrategy",
      "enabled": false,
      "averageThreshold": 20,
      "targetPrice": 2,
      "orderQuantity": 7200,
      "sentiment": "put",
      "loopCount": 1
    },
    {
      "type": "BuySellStrategy",
      "enabled": false,
      "initialQuantity": 150,
      "incrementFactor": "single",
      "incrementQuantity": 150,
      "averageThreshold": 10,
      "targetPrice": 5,
      "stopEnabled": false,
      "activateIntermittentCount": 100,
      "maxIterationCount": 10,
      "logEnabled": false,
      "right": "none"
    },
    {
      "type": "ContinuousStrategy",
      "enabled": false,
      "initialQuantity": 65,
      "slDistance": 10,
      "minPremium": 100,
      "allottedCapital": 200000,
      "spawnQuantityMode": "same",
      "averageQuantityMode": "same",
      "right": "none",
      "cooldownSeconds": 60,
      "refillCancelDistance": 50,
      "logEnabled": true
    },
    {
      "type": "IntermittentStrategy",
      "enabled": false,
      "loopCount": 3,
      "targetPrice": 2,
      "quantity": 75,
      "threshold": 10,
      "logEnabled": false
    },
    {
      "type": "RateOfChangeStrategy",
      "enabled": false,
      "pointsThreshold": 30,
      "accelerationThreshold": 5,
      "numberOfDatapointsReceived": 50,
      "quantity": 65,
      "targetPrice": 2,
      "stopLossPrice": 11,
      "maxHoldTimeMinutes": 30,
      "logEnabled": true
    },
    {
      "type": "GapStrategy",
      "enabled": false,
      "pointsThreshold": 20,
      "numberOfDatapointsReceived": 50,
      "quantity": 65,
      "targetPrice": 10,
      "stopLossPrice": 5,
      "maxHoldTimeMinutes": 600,
      "gapReversalMode": false,
      "gapReversalThreshold": 100,
      "logEnabled": true
    },
    {
      "type": "RuleBasedStrategy",
      "enabled": false,
      "indicators": [
        "RSI_5_70_30"
      ],
      "quantity": 65,
      "target": 10,
      "stopLoss": 20,
      "maxHoldTimeMinutes": 30,
      "logEnabled": true
    },
    {
      "type": "GoodMorningStrategy",
      "enabled": false,
      "quantity": 65,
      "targetPoints": 10,
      "stopLossPoints": 10,
      "logEnabled": true,
      "snapshotTime": "10:00",
      "confirmTime": "10:30",
      "previousClose": 24219,
      "minMovementPoints": 10
    },
    {
      "type": "GoodMorningSensexStrategy",
      "enabled": false,
      "quantity": 200,
      "targetPoints": 30,
      "stopLossPoints": 30,
      "logEnabled": true,
      "snapshotTime": "09:40",
      "confirmTime": "09:45",
      "minMovementPoints": 30
    },
    {
      "type": "SupportResistanceStrategy",
      "enabled": false,
      "supportPrice": 0,
      "resistancePrice": 0,
      "quantity": 1755,
      "targetPoints": 10,
      "stopLossPoints": 15,
      "logEnabled": true
    },
    {
      "type": "TargetReachStrategy",
      "enabled": false,
      "symbol": "NIFTY",
      "strike": 0,
      "expiry": "2026-01-01",
      "optionType": "CE",
      "targetPrice": 0,
      "quantity": 1755,
      "targetPoints": 10,
      "stopLossPoints": 15,
      "logEnabled": true
    }
  ]
}
[15:20:53] [Mongo.init] Mongo is initialized
[orchestrator] [dev] Restarting frontend (data/order/strategies untouched)...
[orchestrator] [frontend] exited (code=0 signal=null)
[15:20:53] [Mongo._init] Mongo is initialized
[15:20:54] [expandRuleBasedConfig] [StrategyFactory] Expanded RuleBasedStrategy into 1 instances
[15:20:54] [Strategies.initialize] [] expandedConfigArray:  [
  {
    "type": "SentimentStrategy",
    "enabled": false,
    "averageThreshold": 20,
    "targetPrice": 2,
    "orderQuantity": 7200,
    "sentiment": "put",
    "loopCount": 1
  },
  {
    "type": "BuySellStrategy",
    "enabled": false,
    "initialQuantity": 150,
    "incrementFactor": "single",
    "incrementQuantity": 150,
    "averageThreshold": 10,
    "targetPrice": 5,
    "stopEnabled": false,
    "activateIntermittentCount": 100,
    "maxIterationCount": 10,
    "logEnabled": false,
    "right": "none"
  },
  {
    "type": "ContinuousStrategy",
    "enabled": false,
    "initialQuantity": 65,
    "slDistance": 10,
    "minPremium": 100,
    "allottedCapital": 200000,
    "spawnQuantityMode": "same",
    "averageQuantityMode": "same",
    "right": "none",
    "cooldownSeconds": 60,
    "refillCancelDistance": 50,
    "logEnabled": true
  },
  {
    "type": "IntermittentStrategy",
    "enabled": false,
    "loopCount": 3,
    "targetPrice": 2,
    "quantity": 75,
    "threshold": 10,
    "logEnabled": false
  },
  {
    "type": "RateOfChangeStrategy",
    "enabled": false,
    "pointsThreshold": 30,
    "accelerationThreshold": 5,
    "numberOfDatapointsReceived": 50,
    "quantity": 65,
    "targetPrice": 2,
    "stopLossPrice": 11,
    "maxHoldTimeMinutes": 30,
    "logEnabled": true
  },
  {
    "type": "GapStrategy",
    "enabled": false,
    "pointsThreshold": 20,
    "numberOfDatapointsReceived": 50,
    "quantity": 65,
    "targetPrice": 10,
    "stopLossPrice": 5,
    "maxHoldTimeMinutes": 600,
    "gapReversalMode": false,
    "gapReversalThreshold": 100,
    "logEnabled": true
  },
  {
    "type": "RuleBasedStrategy",
    "enabled": false,
    "indicators": [
      "RSI_5_70_30"
    ],
    "quantity": 65,
    "target": 10,
    "stopLoss": 20,
    "maxHoldTimeMinutes": 30,
    "logEnabled": true,
    "userId": "Rule-RSI_5_70_30"
  },
  {
    "type": "GoodMorningStrategy",
    "enabled": false,
    "quantity": 65,
    "targetPoints": 10,
    "stopLossPoints": 10,
    "logEnabled": true,
    "snapshotTime": "10:00",
    "confirmTime": "10:30",
    "previousClose": 24219,
    "minMovementPoints": 10
  },
  {
    "type": "GoodMorningSensexStrategy",
    "enabled": false,
    "quantity": 200,
    "targetPoints": 30,
    "stopLossPoints": 30,
    "logEnabled": true,
    "snapshotTime": "09:40",
    "confirmTime": "09:45",
    "minMovementPoints": 30
  },
  {
    "type": "SupportResistanceStrategy",
    "enabled": false,
    "supportPrice": 0,
    "resistancePrice": 0,
    "quantity": 1755,
    "targetPoints": 10,
    "stopLossPoints": 15,
    "logEnabled": true
  },
  {
    "type": "TargetReachStrategy",
    "enabled": false,
    "symbol": "NIFTY",
    "strike": 0,
    "expiry": "2026-01-01",
    "optionType": "CE",
    "targetPrice": 0,
    "quantity": 1755,
    "targetPoints": 10,
    "stopLossPoints": 15,
    "logEnabled": true
  }
]
[15:20:54] [expandRuleBasedConfig] [StrategyFactory] Expanded RuleBasedStrategy into 1 instances
[15:20:54] [new RuleBasedStrategy] [RuleBased:Rule-RSI_5_70_30] Initialized with indicators: RSI_5_70_30
[15:20:54] [Strategies.initialize] [Strategies] Initialized 11 strategies: [
  "SentimentStrategy(SentimentStrategy, enabled=false)",
  "BuySellStrategy(BuySellStrategy, enabled=false)",
  "ContinuousStrategy(ContinuousStrategy, enabled=false)",
  "IntermittentStrategy(IntermittentStrategy, enabled=false)",
  "RateOfChangeStrategy(RateOfChangeStrategy, enabled=false)",
  "GapStrategy(GapStrategy, enabled=false)",
  "RuleBasedStrategy(Rule-RSI_5_70_30, enabled=false)",
  "GoodMorningStrategy(GoodMorningStrategy, enabled=false)",
  "GoodMorningSensexStrategy(GoodMorningSensexStrategy, enabled=false)",
  "SupportResistanceStrategy(SupportResistanceStrategy, enabled=false)",
  "TargetReachStrategy(TargetReachStrategy, enabled=false)"
]
[15:20:54] [main] [strategies] Ready - 11 strategies loaded.
[15:20:54] [Server.<anonymous>] [strategies] Listening on /tmp/icici-strategies.sock
[15:20:54] [Config._processFile] lot count: 1
[15:20:54] [Config._processFile] Auto Trade: false
[15:20:54] [/home/karthikeyan/work/icici/dist/processes/strategies/OrderClient.js:53:41] [strategies] Failed to parse order-process message:  Error: connect ENOENT /tmp/icici-order.sock
    at PipeConnectWrap.afterConnect [as oncomplete] (node:net:1615:16)
[15:20:54] [Socket.<anonymous>] [strategies] Order socket error: Error: connect ENOENT /tmp/icici-order.sock
    at PipeConnectWrap.afterConnect [as oncomplete] (node:net:1615:16)
[15:20:54] [Socket.<anonymous>] [strategies] Disconnected from order process, retrying in 2s...
[15:20:54] [Config._processFile] Dir Name: /home/karthikeyan/work/icici/dist/prism
[15:20:54] [Config._processFile] File Name: /home/karthikeyan/work/icici/dist/prism/config.js
[15:20:54] [NorenRestApi.reloadToken] Restored Shoonya access token from userToken.txt
[orchestrator] [dev] Restarting data (order/strategies/frontend untouched)...
[orchestrator] [data] exited (code=0 signal=null)
[15:20:54] [ConfigService.loadConfig] Config Updated: {
  "srHypothesis": {
    "confirmWindowMin": 2,
    "maxJump": 15,
    "maxRangeWidth": 30,
    "buffer": 10,
    "target": 10,
    "stopLoss": 10,
    "breachBuffer": 0,
    "breachConfirmSec": 0,
    "heldMinSec": 407,
    "heldMaxSec": 651,
    "csvOutput": false
  },
  "rocHypothesis": {
    "target": 10,
    "stopLoss": 10,
    "cooldownSec": 60,
    "minWins": 2,
    "windowGridMin": [
      1,
      2,
      3,
      4,
      5,
      7,
      10,
      15
    ],
    "thresholdGrid": [
      5,
      10,
      15,
      20,
      25,
      30,
      40,
      50,
      60,
      75,
      100
    ],
    "csvOutput": false
  },
  "settings": {
    "minPrice": 20,
    "maxPrice": 30000,
    "targetPriceDiff": 2,
    "stopLossPriceDiff": 11,
    "trailingDistance": 4,
    "cooldownSeconds": 0,
    "logQuotes": false,
    "safetyBufferAmount": 5000,
    "consistencyLimitPercent": 40,
    "maxDailyDrawdownPercent": 25,
    "maxMonthlyDrawdownPercent": 50,
    "maxTradesPerDay": 10
  },
  "strategies": [
    {
      "type": "SentimentStrategy",
      "enabled": false,
      "averageThreshold": 20,
      "targetPrice": 2,
      "orderQuantity": 7200,
      "sentiment": "put",
      "loopCount": 1
    },
    {
      "type": "BuySellStrategy",
      "enabled": false,
      "initialQuantity": 150,
      "incrementFactor": "single",
      "incrementQuantity": 150,
      "averageThreshold": 10,
      "targetPrice": 5,
      "stopEnabled": false,
      "activateIntermittentCount": 100,
      "maxIterationCount": 10,
      "logEnabled": false,
      "right": "none"
    },
    {
      "type": "ContinuousStrategy",
      "enabled": false,
      "initialQuantity": 65,
      "slDistance": 10,
      "minPremium": 100,
      "allottedCapital": 200000,
      "spawnQuantityMode": "same",
      "averageQuantityMode": "same",
      "right": "none",
      "cooldownSeconds": 60,
      "refillCancelDistance": 50,
      "logEnabled": true
    },
    {
      "type": "IntermittentStrategy",
      "enabled": false,
      "loopCount": 3,
      "targetPrice": 2,
      "quantity": 75,
      "threshold": 10,
      "logEnabled": false
    },
    {
      "type": "RateOfChangeStrategy",
      "enabled": false,
      "pointsThreshold": 30,
      "accelerationThreshold": 5,
      "numberOfDatapointsReceived": 50,
      "quantity": 65,
      "targetPrice": 2,
      "stopLossPrice": 11,
      "maxHoldTimeMinutes": 30,
      "logEnabled": true
    },
    {
      "type": "GapStrategy",
      "enabled": false,
      "pointsThreshold": 20,
      "numberOfDatapointsReceived": 50,
      "quantity": 65,
      "targetPrice": 10,
      "stopLossPrice": 5,
      "maxHoldTimeMinutes": 600,
      "gapReversalMode": false,
      "gapReversalThreshold": 100,
      "logEnabled": true
    },
    {
      "type": "RuleBasedStrategy",
      "enabled": false,
      "indicators": [
        "RSI_5_70_30"
      ],
      "quantity": 65,
      "target": 10,
      "stopLoss": 20,
      "maxHoldTimeMinutes": 30,
      "logEnabled": true
    },
    {
      "type": "GoodMorningStrategy",
      "enabled": false,
      "quantity": 65,
      "targetPoints": 10,
      "stopLossPoints": 10,
      "logEnabled": true,
      "snapshotTime": "10:00",
      "confirmTime": "10:30",
      "previousClose": 24219,
      "minMovementPoints": 10
    },
    {
      "type": "GoodMorningSensexStrategy",
      "enabled": false,
      "quantity": 200,
      "targetPoints": 30,
      "stopLossPoints": 30,
      "logEnabled": true,
      "snapshotTime": "09:40",
      "confirmTime": "09:45",
      "minMovementPoints": 30
    },
    {
      "type": "SupportResistanceStrategy",
      "enabled": false,
      "supportPrice": 0,
      "resistancePrice": 0,
      "quantity": 1755,
      "targetPoints": 10,
      "stopLossPoints": 15,
      "logEnabled": true
    },
    {
      "type": "TargetReachStrategy",
      "enabled": false,
      "symbol": "NIFTY",
      "strike": 0,
      "expiry": "2026-01-01",
      "optionType": "CE",
      "targetPrice": 0,
      "quantity": 1755,
      "targetPoints": 10,
      "stopLossPoints": 15,
      "logEnabled": true
    }
  ]
}
[15:20:54] [Mongo.init] Mongo is initialized
[orchestrator] [dev] Restarting order (data/strategies/frontend untouched)...
[orchestrator] [order] exited (code=0 signal=null)
[orchestrator] [dev] Restarting strategies (data/order untouched)...
[orchestrator] [boot] Starting strategies...
[orchestrator] [strategies] exited (code=0 signal=null)
[15:20:55] [ConfigService.loadConfig] Config Updated: {
  "srHypothesis": {
    "confirmWindowMin": 2,
    "maxJump": 15,
    "maxRangeWidth": 30,
    "buffer": 10,
    "target": 10,
    "stopLoss": 10,
    "breachBuffer": 0,
    "breachConfirmSec": 0,
    "heldMinSec": 407,
    "heldMaxSec": 651,
    "csvOutput": false
  },
  "rocHypothesis": {
    "target": 10,
    "stopLoss": 10,
    "cooldownSec": 60,
    "minWins": 2,
    "windowGridMin": [
      1,
      2,
      3,
      4,
      5,
      7,
      10,
      15
    ],
    "thresholdGrid": [
      5,
      10,
      15,
      20,
      25,
      30,
      40,
      50,
      60,
      75,
      100
    ],
    "csvOutput": false
  },
  "settings": {
    "minPrice": 20,
    "maxPrice": 30000,
    "targetPriceDiff": 2,
    "stopLossPriceDiff": 11,
    "trailingDistance": 4,
    "cooldownSeconds": 0,
    "logQuotes": false,
    "safetyBufferAmount": 5000,
    "consistencyLimitPercent": 40,
    "maxDailyDrawdownPercent": 25,
    "maxMonthlyDrawdownPercent": 50,
    "maxTradesPerDay": 10
  },
  "strategies": [
    {
      "type": "SentimentStrategy",
      "enabled": false,
      "averageThreshold": 20,
      "targetPrice": 2,
      "orderQuantity": 7200,
      "sentiment": "put",
      "loopCount": 1
    },
    {
      "type": "BuySellStrategy",
      "enabled": false,
      "initialQuantity": 150,
      "incrementFactor": "single",
      "incrementQuantity": 150,
      "averageThreshold": 10,
      "targetPrice": 5,
      "stopEnabled": false,
      "activateIntermittentCount": 100,
      "maxIterationCount": 10,
      "logEnabled": false,
      "right": "none"
    },
    {
      "type": "ContinuousStrategy",
      "enabled": false,
      "initialQuantity": 65,
      "slDistance": 10,
      "minPremium": 100,
      "allottedCapital": 200000,
      "spawnQuantityMode": "same",
      "averageQuantityMode": "same",
      "right": "none",
      "cooldownSeconds": 60,
      "refillCancelDistance": 50,
      "logEnabled": true
    },
    {
      "type": "IntermittentStrategy",
      "enabled": false,
      "loopCount": 3,
      "targetPrice": 2,
      "quantity": 75,
      "threshold": 10,
      "logEnabled": false
    },
    {
      "type": "RateOfChangeStrategy",
      "enabled": false,
      "pointsThreshold": 30,
      "accelerationThreshold": 5,
      "numberOfDatapointsReceived": 50,
      "quantity": 65,
      "targetPrice": 2,
      "stopLossPrice": 11,
      "maxHoldTimeMinutes": 30,
      "logEnabled": true
    },
    {
      "type": "GapStrategy",
      "enabled": false,
      "pointsThreshold": 20,
      "numberOfDatapointsReceived": 50,
      "quantity": 65,
      "targetPrice": 10,
      "stopLossPrice": 5,
      "maxHoldTimeMinutes": 600,
      "gapReversalMode": false,
      "gapReversalThreshold": 100,
      "logEnabled": true
    },
    {
      "type": "RuleBasedStrategy",
      "enabled": false,
      "indicators": [
        "RSI_5_70_30"
      ],
      "quantity": 65,
      "target": 10,
      "stopLoss": 20,
      "maxHoldTimeMinutes": 30,
      "logEnabled": true
    },
    {
      "type": "GoodMorningStrategy",
      "enabled": false,
      "quantity": 65,
      "targetPoints": 10,
      "stopLossPoints": 10,
      "logEnabled": true,
      "snapshotTime": "10:00",
      "confirmTime": "10:30",
      "previousClose": 24219,
      "minMovementPoints": 10
    },
    {
      "type": "GoodMorningSensexStrategy",
      "enabled": false,
      "quantity": 200,
      "targetPoints": 30,
      "stopLossPoints": 30,
      "logEnabled": true,
      "snapshotTime": "09:40",
      "confirmTime": "09:45",
      "minMovementPoints": 30
    },
    {
      "type": "SupportResistanceStrategy",
      "enabled": false,
      "supportPrice": 0,
      "resistancePrice": 0,
      "quantity": 1755,
      "targetPoints": 10,
      "stopLossPoints": 15,
      "logEnabled": true
    },
    {
      "type": "TargetReachStrategy",
      "enabled": false,
      "symbol": "NIFTY",
      "strike": 0,
      "expiry": "2026-01-01",
      "optionType": "CE",
      "targetPrice": 0,
      "quantity": 1755,
      "targetPoints": 10,
      "stopLossPoints": 15,
      "logEnabled": true
    }
  ]
}
[15:20:56] [Config._processFile] Dir Name: /home/karthikeyan/work/icici/dist/prism
[15:20:56] [Config._processFile] File Name: /home/karthikeyan/work/icici/dist/prism/config.js
[15:20:56] [NorenRestApi.reloadToken] Restored Shoonya access token from userToken.txt
[15:20:56] [ConfigService.loadConfig] Config Updated: {
  "srHypothesis": {
    "confirmWindowMin": 2,
    "maxJump": 15,
    "maxRangeWidth": 30,
    "buffer": 10,
    "target": 10,
    "stopLoss": 10,
    "breachBuffer": 0,
    "breachConfirmSec": 0,
    "heldMinSec": 407,
    "heldMaxSec": 651,
    "csvOutput": false
  },
  "rocHypothesis": {
    "target": 10,
    "stopLoss": 10,
    "cooldownSec": 60,
    "minWins": 2,
    "windowGridMin": [
      1,
      2,
      3,
      4,
      5,
      7,
      10,
      15
    ],
    "thresholdGrid": [
      5,
      10,
      15,
      20,
      25,
      30,
      40,
      50,
      60,
      75,
      100
    ],
    "csvOutput": false
  },
  "settings": {
    "minPrice": 20,
    "maxPrice": 30000,
    "targetPriceDiff": 2,
    "stopLossPriceDiff": 11,
    "trailingDistance": 4,
    "cooldownSeconds": 0,
    "logQuotes": false,
    "safetyBufferAmount": 5000,
    "consistencyLimitPercent": 40,
    "maxDailyDrawdownPercent": 25,
    "maxMonthlyDrawdownPercent": 50,
    "maxTradesPerDay": 10
  },
  "strategies": [
    {
      "type": "SentimentStrategy",
      "enabled": false,
      "averageThreshold": 20,
      "targetPrice": 2,
      "orderQuantity": 7200,
      "sentiment": "put",
      "loopCount": 1
    },
    {
      "type": "BuySellStrategy",
      "enabled": false,
      "initialQuantity": 150,
      "incrementFactor": "single",
      "incrementQuantity": 150,
      "averageThreshold": 10,
      "targetPrice": 5,
      "stopEnabled": false,
      "activateIntermittentCount": 100,
      "maxIterationCount": 10,
      "logEnabled": false,
      "right": "none"
    },
    {
      "type": "ContinuousStrategy",
      "enabled": false,
      "initialQuantity": 65,
      "slDistance": 10,
      "minPremium": 100,
      "allottedCapital": 200000,
      "spawnQuantityMode": "same",
      "averageQuantityMode": "same",
      "right": "none",
      "cooldownSeconds": 60,
      "refillCancelDistance": 50,
      "logEnabled": true
    },
    {
      "type": "IntermittentStrategy",
      "enabled": false,
      "loopCount": 3,
      "targetPrice": 2,
      "quantity": 75,
      "threshold": 10,
      "logEnabled": false
    },
    {
      "type": "RateOfChangeStrategy",
      "enabled": false,
      "pointsThreshold": 30,
      "accelerationThreshold": 5,
      "numberOfDatapointsReceived": 50,
      "quantity": 65,
      "targetPrice": 2,
      "stopLossPrice": 11,
      "maxHoldTimeMinutes": 30,
      "logEnabled": true
    },
    {
      "type": "GapStrategy",
      "enabled": false,
      "pointsThreshold": 20,
      "numberOfDatapointsReceived": 50,
      "quantity": 65,
      "targetPrice": 10,
      "stopLossPrice": 5,
      "maxHoldTimeMinutes": 600,
      "gapReversalMode": false,
      "gapReversalThreshold": 100,
      "logEnabled": true
    },
    {
      "type": "RuleBasedStrategy",
      "enabled": false,
      "indicators": [
        "RSI_5_70_30"
      ],
      "quantity": 65,
      "target": 10,
      "stopLoss": 20,
      "maxHoldTimeMinutes": 30,
      "logEnabled": true
    },
    {
      "type": "GoodMorningStrategy",
      "enabled": false,
      "quantity": 65,
      "targetPoints": 10,
      "stopLossPoints": 10,
      "logEnabled": true,
      "snapshotTime": "10:00",
      "confirmTime": "10:30",
      "previousClose": 24219,
      "minMovementPoints": 10
    },
    {
      "type": "GoodMorningSensexStrategy",
      "enabled": false,
      "quantity": 200,
      "targetPoints": 30,
      "stopLossPoints": 30,
      "logEnabled": true,
      "snapshotTime": "09:40",
      "confirmTime": "09:45",
      "minMovementPoints": 30
    },
    {
      "type": "SupportResistanceStrategy",
      "enabled": false,
      "supportPrice": 0,
      "resistancePrice": 0,
      "quantity": 1755,
      "targetPoints": 10,
      "stopLossPoints": 15,
      "logEnabled": true
    },
    {
      "type": "TargetReachStrategy",
      "enabled": false,
      "symbol": "NIFTY",
      "strike": 0,
      "expiry": "2026-01-01",
      "optionType": "CE",
      "targetPrice": 0,
      "quantity": 1755,
      "targetPoints": 10,
      "stopLossPoints": 15,
      "logEnabled": true
    }
  ]
}
[15:20:56] [Mongo.init] Mongo is initialized
[15:20:56] [Config._processFile] Dir Name: /home/karthikeyan/work/icici/dist/prism
[15:20:56] [Config._processFile] File Name: /home/karthikeyan/work/icici/dist/prism/config.js
[15:20:56] [NorenRestApi.reloadToken] Restored Shoonya access token from userToken.txt
[15:20:56] [Mongo._init] Mongo is initialized
[15:20:56] [AntDataStream.connect] [AntDataStream] Connecting to ANT streaming...
[15:20:56] [ANT.loadSession] ANT session loaded from file
[15:20:56] [AntSession.prepareWsSession] [AntSession] Creating WS session (createWsSess)...
[15:20:56] [ConfigService.loadConfig] Config Updated: {
  "srHypothesis": {
    "confirmWindowMin": 2,
    "maxJump": 15,
    "maxRangeWidth": 30,
    "buffer": 10,
    "target": 10,
    "stopLoss": 10,
    "breachBuffer": 0,
    "breachConfirmSec": 0,
    "heldMinSec": 407,
    "heldMaxSec": 651,
    "csvOutput": false
  },
  "rocHypothesis": {
    "target": 10,
    "stopLoss": 10,
    "cooldownSec": 60,
    "minWins": 2,
    "windowGridMin": [
      1,
      2,
      3,
      4,
      5,
      7,
      10,
      15
    ],
    "thresholdGrid": [
      5,
      10,
      15,
      20,
      25,
      30,
      40,
      50,
      60,
      75,
      100
    ],
    "csvOutput": false
  },
  "settings": {
    "minPrice": 20,
    "maxPrice": 30000,
    "targetPriceDiff": 2,
    "stopLossPriceDiff": 11,
    "trailingDistance": 4,
    "cooldownSeconds": 0,
    "logQuotes": false,
    "safetyBufferAmount": 5000,
    "consistencyLimitPercent": 40,
    "maxDailyDrawdownPercent": 25,
    "maxMonthlyDrawdownPercent": 50,
    "maxTradesPerDay": 10
  },
  "strategies": [
    {
      "type": "SentimentStrategy",
      "enabled": false,
      "averageThreshold": 20,
      "targetPrice": 2,
      "orderQuantity": 7200,
      "sentiment": "put",
      "loopCount": 1
    },
    {
      "type": "BuySellStrategy",
      "enabled": false,
      "initialQuantity": 150,
      "incrementFactor": "single",
      "incrementQuantity": 150,
      "averageThreshold": 10,
      "targetPrice": 5,
      "stopEnabled": false,
      "activateIntermittentCount": 100,
      "maxIterationCount": 10,
      "logEnabled": false,
      "right": "none"
    },
    {
      "type": "ContinuousStrategy",
      "enabled": false,
      "initialQuantity": 65,
      "slDistance": 10,
      "minPremium": 100,
      "allottedCapital": 200000,
      "spawnQuantityMode": "same",
      "averageQuantityMode": "same",
      "right": "none",
      "cooldownSeconds": 60,
      "refillCancelDistance": 50,
      "logEnabled": true
    },
    {
      "type": "IntermittentStrategy",
      "enabled": false,
      "loopCount": 3,
      "targetPrice": 2,
      "quantity": 75,
      "threshold": 10,
      "logEnabled": false
    },
    {
      "type": "RateOfChangeStrategy",
      "enabled": false,
      "pointsThreshold": 30,
      "accelerationThreshold": 5,
      "numberOfDatapointsReceived": 50,
      "quantity": 65,
      "targetPrice": 2,
      "stopLossPrice": 11,
      "maxHoldTimeMinutes": 30,
      "logEnabled": true
    },
    {
      "type": "GapStrategy",
      "enabled": false,
      "pointsThreshold": 20,
      "numberOfDatapointsReceived": 50,
      "quantity": 65,
      "targetPrice": 10,
      "stopLossPrice": 5,
      "maxHoldTimeMinutes": 600,
      "gapReversalMode": false,
      "gapReversalThreshold": 100,
      "logEnabled": true
    },
    {
      "type": "RuleBasedStrategy",
      "enabled": false,
      "indicators": [
        "RSI_5_70_30"
      ],
      "quantity": 65,
      "target": 10,
      "stopLoss": 20,
      "maxHoldTimeMinutes": 30,
      "logEnabled": true
    },
    {
      "type": "GoodMorningStrategy",
      "enabled": false,
      "quantity": 65,
      "targetPoints": 10,
      "stopLossPoints": 10,
      "logEnabled": true,
      "snapshotTime": "10:00",
      "confirmTime": "10:30",
      "previousClose": 24219,
      "minMovementPoints": 10
    },
    {
      "type": "GoodMorningSensexStrategy",
      "enabled": false,
      "quantity": 200,
      "targetPoints": 30,
      "stopLossPoints": 30,
      "logEnabled": true,
      "snapshotTime": "09:40",
      "confirmTime": "09:45",
      "minMovementPoints": 30
    },
    {
      "type": "SupportResistanceStrategy",
      "enabled": false,
      "supportPrice": 0,
      "resistancePrice": 0,
      "quantity": 1755,
      "targetPoints": 10,
      "stopLossPoints": 15,
      "logEnabled": true
    },
    {
      "type": "TargetReachStrategy",
      "enabled": false,
      "symbol": "NIFTY",
      "strike": 0,
      "expiry": "2026-01-01",
      "optionType": "CE",
      "targetPrice": 0,
      "quantity": 1755,
      "targetPoints": 10,
      "stopLossPoints": 15,
      "logEnabled": true
    }
  ]
}
[15:20:56] [Mongo.init] Mongo is initialized
[15:20:57] [Mongo._init] Mongo is initialized
[15:20:57] [Config._processFile] lot count: 1
[15:20:57] [Config._processFile] Auto Trade: false
Fri, 28 Aug 2026 09:50:57 GMT body-parser deprecated bodyParser: use individual json/urlencoded middlewares at dist/server.js:91:35
Fri, 28 Aug 2026 09:50:57 GMT body-parser deprecated undefined extended: provide extended option at node_modules/body-parser/index.js:104:29
[15:20:57] [Mongo.init] Mongo is initialized
[15:20:57] [OrderBookkeeping.loadClosedTradesFromMongo] [order] Reloaded 6 closed trade(s) from Mongo for today
[15:20:57] [Config._processFile] Dir Name: /home/karthikeyan/work/icici/dist/prism
[15:20:57] [Config._processFile] File Name: /home/karthikeyan/work/icici/dist/prism/config.js
[15:20:57] [ANT.loadSession] ANT session loaded from file
[15:20:57] [NorenRestApi.reloadToken] Restored Shoonya access token from userToken.txt
[15:20:57] [Config._processFile] lot count: 1
[15:20:57] [Config._processFile] Auto Trade: false
[15:20:57] [Mongo._init] Mongo is initialized
[15:20:57] [Server.<anonymous>] [frontend] Listening on 3000
[15:20:57] [/home/karthikeyan/work/icici/dist/processes/strategies/OrderClient.js:53:41] [strategies] Failed to parse order-process message:  Error: connect ENOENT /tmp/icici-order.sock
    at PipeConnectWrap.afterConnect [as oncomplete] (node:net:1615:16)
[15:20:57] [Socket.<anonymous>] [strategies] Order socket error: Error: connect ENOENT /tmp/icici-order.sock
    at PipeConnectWrap.afterConnect [as oncomplete] (node:net:1615:16)
[15:20:57] [/home/karthikeyan/work/icici/dist/ipc/StrategiesClient.js:35:41] [frontend] Failed to parse strategies-process message:  Error: connect ENOENT /tmp/icici-strategies.sock
    at PipeConnectWrap.afterConnect [as oncomplete] (node:net:1615:16)
[15:20:57] [Socket.<anonymous>] [frontend] Strategies socket error: Error: connect ENOENT /tmp/icici-strategies.sock
    at PipeConnectWrap.afterConnect [as oncomplete] (node:net:1615:16)
[15:20:57] [Socket.<anonymous>] [frontend] Disconnected from strategies process, retrying in 2s...
[15:20:57] [Socket.<anonymous>] [strategies] Disconnected from order process, retrying in 2s...
[15:20:57] [AntSession.prepareWsSession] [AntSession] createWsSess response: {
  "status": "Ok",
  "message": "Success",
  "result": [
    {
      "Status": "OK"
    }
  ]
}
[15:20:57] [AntSession.prepareWsSession] [AntSession] WS session prepared successfully
[15:20:57] [Server.<anonymous>] [order] Listening on /tmp/icici-order.sock
[15:20:57] [Mongo.init] Mongo is initialized
[15:20:57] [AntOrderNotifyStream.getWsToken] [AntOrderNotify] createWsToken response: {"status":"Ok","message":"200","result":[{"orderToken":"a1dab534e3e11278f5844327e89f2816e139ef8b6d40ab90772172c1a5f7754d"}]}
[15:20:57] [ws.onopen] [AntWS] Connected, sending auth payload...
[15:20:57] [AntDataStream.connect] [AntDataStream] Connected and streaming
[15:20:57] [main] [data] Ready - NIFTY/SENSEX always subscribed, streaming to stdout.
[15:20:57] [Mongo._init] Mongo is initialized
[15:20:57] [ws.onmessage] [AntWS] Connect ack: {
  "t": "ck",
  "s": "OK",
  "uid": "924118_API"
}
[15:20:57] [/home/karthikeyan/work/icici/dist/processes/data/AntDataStream.js:57:27] [AntDataStream] WebSocket open, subscribing to always-on instruments...
[15:20:57] [AntWebSocket.subscribe] [AntWS] Subscribing: NSE|26000#BSE|1
[15:20:57] [Server.<anonymous>] [order] Client connected, total: 1
[15:20:57] [expandRuleBasedConfig] [StrategyFactory] Expanded RuleBasedStrategy into 1 instances
[15:20:57] [Strategies.initialize] [] expandedConfigArray:  [
  {
    "type": "SentimentStrategy",
    "enabled": false,
    "averageThreshold": 20,
    "targetPrice": 2,
    "orderQuantity": 7200,
    "sentiment": "put",
    "loopCount": 1
  },
  {
    "type": "BuySellStrategy",
    "enabled": false,
    "initialQuantity": 150,
    "incrementFactor": "single",
    "incrementQuantity": 150,
    "averageThreshold": 10,
    "targetPrice": 5,
    "stopEnabled": false,
    "activateIntermittentCount": 100,
    "maxIterationCount": 10,
    "logEnabled": false,
    "right": "none"
  },
  {
    "type": "ContinuousStrategy",
    "enabled": false,
    "initialQuantity": 65,
    "slDistance": 10,
    "minPremium": 100,
    "allottedCapital": 200000,
    "spawnQuantityMode": "same",
    "averageQuantityMode": "same",
    "right": "none",
    "cooldownSeconds": 60,
    "refillCancelDistance": 50,
    "logEnabled": true
  },
  {
    "type": "IntermittentStrategy",
    "enabled": false,
    "loopCount": 3,
    "targetPrice": 2,
    "quantity": 75,
    "threshold": 10,
    "logEnabled": false
  },
  {
    "type": "RateOfChangeStrategy",
    "enabled": false,
    "pointsThreshold": 30,
    "accelerationThreshold": 5,
    "numberOfDatapointsReceived": 50,
    "quantity": 65,
    "targetPrice": 2,
    "stopLossPrice": 11,
    "maxHoldTimeMinutes": 30,
    "logEnabled": true
  },
  {
    "type": "GapStrategy",
    "enabled": false,
    "pointsThreshold": 20,
    "numberOfDatapointsReceived": 50,
    "quantity": 65,
    "targetPrice": 10,
    "stopLossPrice": 5,
    "maxHoldTimeMinutes": 600,
    "gapReversalMode": false,
    "gapReversalThreshold": 100,
    "logEnabled": true
  },
  {
    "type": "RuleBasedStrategy",
    "enabled": false,
    "indicators": [
      "RSI_5_70_30"
    ],
    "quantity": 65,
    "target": 10,
    "stopLoss": 20,
    "maxHoldTimeMinutes": 30,
    "logEnabled": true,
    "userId": "Rule-RSI_5_70_30"
  },
  {
    "type": "GoodMorningStrategy",
    "enabled": false,
    "quantity": 65,
    "targetPoints": 10,
    "stopLossPoints": 10,
    "logEnabled": true,
    "snapshotTime": "10:00",
    "confirmTime": "10:30",
    "previousClose": 24219,
    "minMovementPoints": 10
  },
  {
    "type": "GoodMorningSensexStrategy",
    "enabled": false,
    "quantity": 200,
    "targetPoints": 30,
    "stopLossPoints": 30,
    "logEnabled": true,
    "snapshotTime": "09:40",
    "confirmTime": "09:45",
    "minMovementPoints": 30
  },
  {
    "type": "SupportResistanceStrategy",
    "enabled": false,
    "supportPrice": 0,
    "resistancePrice": 0,
    "quantity": 1755,
    "targetPoints": 10,
    "stopLossPoints": 15,
    "logEnabled": true
  },
  {
    "type": "TargetReachStrategy",
    "enabled": false,
    "symbol": "NIFTY",
    "strike": 0,
    "expiry": "2026-01-01",
    "optionType": "CE",
    "targetPrice": 0,
    "quantity": 1755,
    "targetPoints": 10,
    "stopLossPoints": 15,
    "logEnabled": true
  }
]
[15:20:57] [expandRuleBasedConfig] [StrategyFactory] Expanded RuleBasedStrategy into 1 instances
[15:20:57] [new RuleBasedStrategy] [RuleBased:Rule-RSI_5_70_30] Initialized with indicators: RSI_5_70_30
[15:20:57] [Strategies.initialize] [Strategies] Initialized 11 strategies: [
  "SentimentStrategy(SentimentStrategy, enabled=false)",
  "BuySellStrategy(BuySellStrategy, enabled=false)",
  "ContinuousStrategy(ContinuousStrategy, enabled=false)",
  "IntermittentStrategy(IntermittentStrategy, enabled=false)",
  "RateOfChangeStrategy(RateOfChangeStrategy, enabled=false)",
  "GapStrategy(GapStrategy, enabled=false)",
  "RuleBasedStrategy(Rule-RSI_5_70_30, enabled=false)",
  "GoodMorningStrategy(GoodMorningStrategy, enabled=false)",
  "GoodMorningSensexStrategy(GoodMorningSensexStrategy, enabled=false)",
  "SupportResistanceStrategy(SupportResistanceStrategy, enabled=false)",
  "TargetReachStrategy(TargetReachStrategy, enabled=false)"
]
[15:20:57] [main] [strategies] Ready - 11 strategies loaded.
[15:20:57] [Server.<anonymous>] [strategies] Listening on /tmp/icici-strategies.sock
[15:20:57] [Config._processFile] lot count: 1
[15:20:57] [Config._processFile] Auto Trade: false
[15:20:57] [Socket.<anonymous>] [strategies] Connected to order process
[15:20:57] [ws.onopen] [AntOrderNotify] Connected, subscribing...
[15:20:59] [Server.<anonymous>] [strategies] Frontend client connected
[15:20:59] [Server.<anonymous>] [order] Client connected, total: 2
[15:20:59] [Socket.<anonymous>] [frontend] Connected to strategies process
[15:20:59] [Socket.<anonymous>] [strategies] Connected to order process
[15:21:57] [Zerodha.loadSession] Zerodha session loaded from file
[15:25:58] [ws.onclose] [AntOrderNotify] WebSocket closed
[15:25:58] [ws.onclose] [AntOrderNotify] Past market close - not reconnecting
[orchestrator] [dev] Restarting frontend (data/order/strategies untouched)...
[orchestrator] [frontend] exited (code=0 signal=null)
[15:32:24] [Socket.<anonymous>] [order] Client disconnected, total: 1
[15:32:24] [ConfigService.loadConfig] Config Updated: {
  "srHypothesis": {
    "confirmWindowMin": 2,
    "maxJump": 15,
    "maxRangeWidth": 30,
    "buffer": 10,
    "target": 10,
    "stopLoss": 10,
    "breachBuffer": 0,
    "breachConfirmSec": 0,
    "heldMinSec": 407,
    "heldMaxSec": 651,
    "csvOutput": false
  },
  "rocHypothesis": {
    "target": 10,
    "stopLoss": 10,
    "cooldownSec": 60,
    "minWins": 2,
    "windowGridMin": [
      1,
      2,
      3,
      4,
      5,
      7,
      10,
      15
    ],
    "thresholdGrid": [
      5,
      10,
      15,
      20,
      25,
      30,
      40,
      50,
      60,
      75,
      100
    ],
    "csvOutput": false
  },
  "settings": {
    "minPrice": 20,
    "maxPrice": 30000,
    "targetPriceDiff": 2,
    "stopLossPriceDiff": 11,
    "trailingDistance": 4,
    "cooldownSeconds": 0,
    "logQuotes": false,
    "safetyBufferAmount": 5000,
    "consistencyLimitPercent": 40,
    "maxDailyDrawdownPercent": 25,
    "maxMonthlyDrawdownPercent": 50,
    "maxTradesPerDay": 10
  },
  "strategies": [
    {
      "type": "SentimentStrategy",
      "enabled": false,
      "averageThreshold": 20,
      "targetPrice": 2,
      "orderQuantity": 7200,
      "sentiment": "put",
      "loopCount": 1
    },
    {
      "type": "BuySellStrategy",
      "enabled": false,
      "initialQuantity": 150,
      "incrementFactor": "single",
      "incrementQuantity": 150,
      "averageThreshold": 10,
      "targetPrice": 5,
      "stopEnabled": false,
      "activateIntermittentCount": 100,
      "maxIterationCount": 10,
      "logEnabled": false,
      "right": "none"
    },
    {
      "type": "ContinuousStrategy",
      "enabled": false,
      "initialQuantity": 65,
      "slDistance": 10,
      "minPremium": 100,
      "allottedCapital": 200000,
      "spawnQuantityMode": "same",
      "averageQuantityMode": "same",
      "right": "none",
      "cooldownSeconds": 60,
      "refillCancelDistance": 50,
      "logEnabled": true
    },
    {
      "type": "IntermittentStrategy",
      "enabled": false,
      "loopCount": 3,
      "targetPrice": 2,
      "quantity": 75,
      "threshold": 10,
      "logEnabled": false
    },
    {
      "type": "RateOfChangeStrategy",
      "enabled": false,
      "pointsThreshold": 30,
      "accelerationThreshold": 5,
      "numberOfDatapointsReceived": 50,
      "quantity": 65,
      "targetPrice": 2,
      "stopLossPrice": 11,
      "maxHoldTimeMinutes": 30,
      "logEnabled": true
    },
    {
      "type": "GapStrategy",
      "enabled": false,
      "pointsThreshold": 20,
      "numberOfDatapointsReceived": 50,
      "quantity": 65,
      "targetPrice": 10,
      "stopLossPrice": 5,
      "maxHoldTimeMinutes": 600,
      "gapReversalMode": false,
      "gapReversalThreshold": 100,
      "logEnabled": true
    },
    {
      "type": "RuleBasedStrategy",
      "enabled": false,
      "indicators": [
        "RSI_5_70_30"
      ],
      "quantity": 65,
      "target": 10,
      "stopLoss": 20,
      "maxHoldTimeMinutes": 30,
      "logEnabled": true
    },
    {
      "type": "GoodMorningStrategy",
      "enabled": false,
      "quantity": 65,
      "targetPoints": 10,
      "stopLossPoints": 10,
      "logEnabled": true,
      "snapshotTime": "10:00",
      "confirmTime": "10:30",
      "previousClose": 24219,
      "minMovementPoints": 10
    },
    {
      "type": "GoodMorningSensexStrategy",
      "enabled": false,
      "quantity": 200,
      "targetPoints": 30,
      "stopLossPoints": 30,
      "logEnabled": true,
      "snapshotTime": "09:40",
      "confirmTime": "09:45",
      "minMovementPoints": 30
    },
    {
      "type": "SupportResistanceStrategy",
      "enabled": false,
      "supportPrice": 0,
      "resistancePrice": 0,
      "quantity": 1755,
      "targetPoints": 10,
      "stopLossPoints": 15,
      "logEnabled": true
    },
    {
      "type": "TargetReachStrategy",
      "enabled": false,
      "symbol": "NIFTY",
      "strike": 0,
      "expiry": "2026-01-01",
      "optionType": "CE",
      "targetPrice": 0,
      "quantity": 1755,
      "targetPoints": 10,
      "stopLossPoints": 15,
      "logEnabled": true
    }
  ]
}
[15:32:26] [Config._processFile] Dir Name: /home/karthikeyan/work/icici/dist/prism
[15:32:26] [Config._processFile] File Name: /home/karthikeyan/work/icici/dist/prism/config.js
[15:32:26] [NorenRestApi.reloadToken] Restored Shoonya access token from userToken.txt
Fri, 28 Aug 2026 10:02:27 GMT body-parser deprecated bodyParser: use individual json/urlencoded middlewares at dist/server.js:91:35
Fri, 28 Aug 2026 10:02:27 GMT body-parser deprecated undefined extended: provide extended option at node_modules/body-parser/index.js:104:29
[15:32:27] [Mongo.init] Mongo is initialized
[15:32:27] [Mongo._init] Mongo is initialized
[15:32:27] [Server.<anonymous>] [order] Client connected, total: 2
[15:32:27] [Server.<anonymous>] [strategies] Frontend client connected
[15:32:27] [Server.<anonymous>] [frontend] Listening on 3000
[15:32:27] [Config._processFile] lot count: 1
[15:32:27] [Config._processFile] Auto Trade: false
[15:32:27] [Socket.<anonymous>] [strategies] Connected to order process
[15:32:27] [Socket.<anonymous>] [frontend] Connected to strategies process
[orchestrator] [dev] Restarting frontend (data/order/strategies untouched)...
[orchestrator] [frontend] exited (code=0 signal=null)
[15:32:28] [Socket.<anonymous>] [order] Client disconnected, total: 1
[15:32:28] [ConfigService.loadConfig] Config Updated: {
  "srHypothesis": {
    "confirmWindowMin": 2,
    "maxJump": 15,
    "maxRangeWidth": 30,
    "buffer": 10,
    "target": 10,
    "stopLoss": 10,
    "breachBuffer": 0,
    "breachConfirmSec": 0,
    "heldMinSec": 407,
    "heldMaxSec": 651,
    "csvOutput": false
  },
  "rocHypothesis": {
    "target": 10,
    "stopLoss": 10,
    "cooldownSec": 60,
    "minWins": 2,
    "windowGridMin": [
      1,
      2,
      3,
      4,
      5,
      7,
      10,
      15
    ],
    "thresholdGrid": [
      5,
      10,
      15,
      20,
      25,
      30,
      40,
      50,
      60,
      75,
      100
    ],
    "csvOutput": false
  },
  "settings": {
    "minPrice": 20,
    "maxPrice": 30000,
    "targetPriceDiff": 2,
    "stopLossPriceDiff": 11,
    "trailingDistance": 4,
    "cooldownSeconds": 0,
    "logQuotes": false,
    "safetyBufferAmount": 5000,
    "consistencyLimitPercent": 40,
    "maxDailyDrawdownPercent": 25,
    "maxMonthlyDrawdownPercent": 50,
    "maxTradesPerDay": 10
  },
  "strategies": [
    {
      "type": "SentimentStrategy",
      "enabled": false,
      "averageThreshold": 20,
      "targetPrice": 2,
      "orderQuantity": 7200,
      "sentiment": "put",
      "loopCount": 1
    },
    {
      "type": "BuySellStrategy",
      "enabled": false,
      "initialQuantity": 150,
      "incrementFactor": "single",
      "incrementQuantity": 150,
      "averageThreshold": 10,
      "targetPrice": 5,
      "stopEnabled": false,
      "activateIntermittentCount": 100,
      "maxIterationCount": 10,
      "logEnabled": false,
      "right": "none"
    },
    {
      "type": "ContinuousStrategy",
      "enabled": false,
      "initialQuantity": 65,
      "slDistance": 10,
      "minPremium": 100,
      "allottedCapital": 200000,
      "spawnQuantityMode": "same",
      "averageQuantityMode": "same",
      "right": "none",
      "cooldownSeconds": 60,
      "refillCancelDistance": 50,
      "logEnabled": true
    },
    {
      "type": "IntermittentStrategy",
      "enabled": false,
      "loopCount": 3,
      "targetPrice": 2,
      "quantity": 75,
      "threshold": 10,
      "logEnabled": false
    },
    {
      "type": "RateOfChangeStrategy",
      "enabled": false,
      "pointsThreshold": 30,
      "accelerationThreshold": 5,
      "numberOfDatapointsReceived": 50,
      "quantity": 65,
      "targetPrice": 2,
      "stopLossPrice": 11,
      "maxHoldTimeMinutes": 30,
      "logEnabled": true
    },
    {
      "type": "GapStrategy",
      "enabled": false,
      "pointsThreshold": 20,
      "numberOfDatapointsReceived": 50,
      "quantity": 65,
      "targetPrice": 10,
      "stopLossPrice": 5,
      "maxHoldTimeMinutes": 600,
      "gapReversalMode": false,
      "gapReversalThreshold": 100,
      "logEnabled": true
    },
    {
      "type": "RuleBasedStrategy",
      "enabled": false,
      "indicators": [
        "RSI_5_70_30"
      ],
      "quantity": 65,
      "target": 10,
      "stopLoss": 20,
      "maxHoldTimeMinutes": 30,
      "logEnabled": true
    },
    {
      "type": "GoodMorningStrategy",
      "enabled": false,
      "quantity": 65,
      "targetPoints": 10,
      "stopLossPoints": 10,
      "logEnabled": true,
      "snapshotTime": "10:00",
      "confirmTime": "10:30",
      "previousClose": 24219,
      "minMovementPoints": 10
    },
    {
      "type": "GoodMorningSensexStrategy",
      "enabled": false,
      "quantity": 200,
      "targetPoints": 30,
      "stopLossPoints": 30,
      "logEnabled": true,
      "snapshotTime": "09:40",
      "confirmTime": "09:45",
      "minMovementPoints": 30
    },
    {
      "type": "SupportResistanceStrategy",
      "enabled": false,
      "supportPrice": 0,
      "resistancePrice": 0,
      "quantity": 1755,
      "targetPoints": 10,
      "stopLossPoints": 15,
      "logEnabled": true
    },
    {
      "type": "TargetReachStrategy",
      "enabled": false,
      "symbol": "NIFTY",
      "strike": 0,
      "expiry": "2026-01-01",
      "optionType": "CE",
      "targetPrice": 0,
      "quantity": 1755,
      "targetPoints": 10,
      "stopLossPoints": 15,
      "logEnabled": true
    }
  ]
}
[15:32:28] [Config._processFile] Dir Name: /home/karthikeyan/work/icici/dist/prism
[15:32:28] [Config._processFile] File Name: /home/karthikeyan/work/icici/dist/prism/config.js
[15:32:28] [NorenRestApi.reloadToken] Restored Shoonya access token from userToken.txt
Fri, 28 Aug 2026 10:02:29 GMT body-parser deprecated bodyParser: use individual json/urlencoded middlewares at dist/server.js:91:35
Fri, 28 Aug 2026 10:02:29 GMT body-parser deprecated undefined extended: provide extended option at node_modules/body-parser/index.js:104:29
[15:32:29] [Mongo.init] Mongo is initialized
[15:32:29] [Config._processFile] lot count: 1
[15:32:29] [Config._processFile] Auto Trade: false
[15:32:29] [Mongo._init] Mongo is initialized
[15:32:29] [Server.<anonymous>] [strategies] Frontend client connected
[15:32:29] [Server.<anonymous>] [order] Client connected, total: 2
[15:32:29] [Server.<anonymous>] [frontend] Listening on 3000
[15:32:29] [Socket.<anonymous>] [strategies] Connected to order process
[15:32:29] [Socket.<anonymous>] [frontend] Connected to strategies process
[orchestrator] [dev] Restarting frontend (data/order/strategies untouched)...
[15:32:49] [Socket.<anonymous>] [order] Client disconnected, total: 1
[orchestrator] [frontend] exited (code=0 signal=null)
[15:32:49] [ConfigService.loadConfig] Config Updated: {
  "srHypothesis": {
    "confirmWindowMin": 2,
    "maxJump": 15,
    "maxRangeWidth": 30,
    "buffer": 10,
    "target": 10,
    "stopLoss": 10,
    "breachBuffer": 0,
    "breachConfirmSec": 0,
    "heldMinSec": 407,
    "heldMaxSec": 651,
    "csvOutput": false
  },
  "rocHypothesis": {
    "target": 10,
    "stopLoss": 10,
    "cooldownSec": 60,
    "minWins": 2,
    "windowGridMin": [
      1,
      2,
      3,
      4,
      5,
      7,
      10,
      15
    ],
    "thresholdGrid": [
      5,
      10,
      15,
      20,
      25,
      30,
      40,
      50,
      60,
      75,
      100
    ],
    "csvOutput": false
  },
  "settings": {
    "minPrice": 20,
    "maxPrice": 30000,
    "targetPriceDiff": 2,
    "stopLossPriceDiff": 11,
    "trailingDistance": 4,
    "cooldownSeconds": 0,
    "logQuotes": false,
    "safetyBufferAmount": 5000,
    "consistencyLimitPercent": 40,
    "maxDailyDrawdownPercent": 25,
    "maxMonthlyDrawdownPercent": 50,
    "maxTradesPerDay": 10
  },
  "strategies": [
    {
      "type": "SentimentStrategy",
      "enabled": false,
      "averageThreshold": 20,
      "targetPrice": 2,
      "orderQuantity": 7200,
      "sentiment": "put",
      "loopCount": 1
    },
    {
      "type": "BuySellStrategy",
      "enabled": false,
      "initialQuantity": 150,
      "incrementFactor": "single",
      "incrementQuantity": 150,
      "averageThreshold": 10,
      "targetPrice": 5,
      "stopEnabled": false,
      "activateIntermittentCount": 100,
      "maxIterationCount": 10,
      "logEnabled": false,
      "right": "none"
    },
    {
      "type": "ContinuousStrategy",
      "enabled": false,
      "initialQuantity": 65,
      "slDistance": 10,
      "minPremium": 100,
      "allottedCapital": 200000,
      "spawnQuantityMode": "same",
      "averageQuantityMode": "same",
      "right": "none",
      "cooldownSeconds": 60,
      "refillCancelDistance": 50,
      "logEnabled": true
    },
    {
      "type": "IntermittentStrategy",
      "enabled": false,
      "loopCount": 3,
      "targetPrice": 2,
      "quantity": 75,
      "threshold": 10,
      "logEnabled": false
    },
    {
      "type": "RateOfChangeStrategy",
      "enabled": false,
      "pointsThreshold": 30,
      "accelerationThreshold": 5,
      "numberOfDatapointsReceived": 50,
      "quantity": 65,
      "targetPrice": 2,
      "stopLossPrice": 11,
      "maxHoldTimeMinutes": 30,
      "logEnabled": true
    },
    {
      "type": "GapStrategy",
      "enabled": false,
      "pointsThreshold": 20,
      "numberOfDatapointsReceived": 50,
      "quantity": 65,
      "targetPrice": 10,
      "stopLossPrice": 5,
      "maxHoldTimeMinutes": 600,
      "gapReversalMode": false,
      "gapReversalThreshold": 100,
      "logEnabled": true
    },
    {
      "type": "RuleBasedStrategy",
      "enabled": false,
      "indicators": [
        "RSI_5_70_30"
      ],
      "quantity": 65,
      "target": 10,
      "stopLoss": 20,
      "maxHoldTimeMinutes": 30,
      "logEnabled": true
    },
    {
      "type": "GoodMorningStrategy",
      "enabled": false,
      "quantity": 65,
      "targetPoints": 10,
      "stopLossPoints": 10,
      "logEnabled": true,
      "snapshotTime": "10:00",
      "confirmTime": "10:30",
      "previousClose": 24219,
      "minMovementPoints": 10
    },
    {
      "type": "GoodMorningSensexStrategy",
      "enabled": false,
      "quantity": 200,
      "targetPoints": 30,
      "stopLossPoints": 30,
      "logEnabled": true,
      "snapshotTime": "09:40",
      "confirmTime": "09:45",
      "minMovementPoints": 30
    },
    {
      "type": "SupportResistanceStrategy",
      "enabled": false,
      "supportPrice": 0,
      "resistancePrice": 0,
      "quantity": 1755,
      "targetPoints": 10,
      "stopLossPoints": 15,
      "logEnabled": true
    },
    {
      "type": "TargetReachStrategy",
      "enabled": false,
      "symbol": "NIFTY",
      "strike": 0,
      "expiry": "2026-01-01",
      "optionType": "CE",
      "targetPrice": 0,
      "quantity": 1755,
      "targetPoints": 10,
      "stopLossPoints": 15,
      "logEnabled": true
    }
  ]
}
[15:32:49] [Config._processFile] Dir Name: /home/karthikeyan/work/icici/dist/prism
[15:32:49] [Config._processFile] File Name: /home/karthikeyan/work/icici/dist/prism/config.js
[15:32:49] [NorenRestApi.reloadToken] Restored Shoonya access token from userToken.txt
Fri, 28 Aug 2026 10:02:50 GMT body-parser deprecated bodyParser: use individual json/urlencoded middlewares at dist/server.js:91:35
Fri, 28 Aug 2026 10:02:50 GMT body-parser deprecated undefined extended: provide extended option at node_modules/body-parser/index.js:104:29
[15:32:50] [Mongo.init] Mongo is initialized
[15:32:50] [Config._processFile] lot count: 1
[15:32:50] [Config._processFile] Auto Trade: false
[15:32:50] [Mongo._init] Mongo is initialized
[15:32:50] [Server.<anonymous>] [order] Client connected, total: 2
[15:32:50] [Server.<anonymous>] [strategies] Frontend client connected
[15:32:50] [Server.<anonymous>] [frontend] Listening on 3000
[15:32:50] [Socket.<anonymous>] [strategies] Connected to order process
[15:32:50] [Socket.<anonymous>] [frontend] Connected to strategies process
[orchestrator] [dev] Restarting order (data/strategies/frontend untouched)...
[20:27:21] [Socket.<anonymous>] [strategies] Disconnected from order process, retrying in 2s...
[orchestrator] [order] exited (code=0 signal=null)
[20:27:21] [Socket.<anonymous>] [strategies] Disconnected from order process, retrying in 2s...
[orchestrator] [dev] Restarting frontend (data/order/strategies untouched)...
[orchestrator] [frontend] exited (code=0 signal=null)
[orchestrator] [dev] Restarting strategies (data/order untouched)...
[orchestrator] [boot] Starting strategies...
[orchestrator] [strategies] exited (code=0 signal=null)
[20:27:22] [ConfigService.loadConfig] Config Updated: {
  "srHypothesis": {
    "confirmWindowMin": 2,
    "maxJump": 15,
    "maxRangeWidth": 30,
    "buffer": 10,
    "target": 10,
    "stopLoss": 10,
    "breachBuffer": 0,
    "breachConfirmSec": 0,
    "heldMinSec": 407,
    "heldMaxSec": 651,
    "csvOutput": false
  },
  "rocHypothesis": {
    "target": 10,
    "stopLoss": 10,
    "cooldownSec": 60,
    "minWins": 2,
    "windowGridMin": [
      1,
      2,
      3,
      4,
      5,
      7,
      10,
      15
    ],
    "thresholdGrid": [
      5,
      10,
      15,
      20,
      25,
      30,
      40,
      50,
      60,
      75,
      100
    ],
    "csvOutput": false
  },
  "settings": {
    "minPrice": 20,
    "maxPrice": 30000,
    "targetPriceDiff": 2,
    "stopLossPriceDiff": 11,
    "trailingDistance": 4,
    "cooldownSeconds": 0,
    "logQuotes": false,
    "safetyBufferAmount": 5000,
    "consistencyLimitPercent": 40,
    "maxDailyDrawdownPercent": 25,
    "maxMonthlyDrawdownPercent": 50,
    "maxTradesPerDay": 10
  },
  "strategies": [
    {
      "type": "SentimentStrategy",
      "enabled": false,
      "averageThreshold": 20,
      "targetPrice": 2,
      "orderQuantity": 7200,
      "sentiment": "put",
      "loopCount": 1
    },
    {
      "type": "BuySellStrategy",
      "enabled": false,
      "initialQuantity": 150,
      "incrementFactor": "single",
      "incrementQuantity": 150,
      "averageThreshold": 10,
      "targetPrice": 5,
      "stopEnabled": false,
      "activateIntermittentCount": 100,
      "maxIterationCount": 10,
      "logEnabled": false,
      "right": "none"
    },
    {
      "type": "ContinuousStrategy",
      "enabled": false,
      "initialQuantity": 65,
      "slDistance": 10,
      "minPremium": 100,
      "allottedCapital": 200000,
      "spawnQuantityMode": "same",
      "averageQuantityMode": "same",
      "right": "none",
      "cooldownSeconds": 60,
      "refillCancelDistance": 50,
      "logEnabled": true
    },
    {
      "type": "IntermittentStrategy",
      "enabled": false,
      "loopCount": 3,
      "targetPrice": 2,
      "quantity": 75,
      "threshold": 10,
      "logEnabled": false
    },
    {
      "type": "RateOfChangeStrategy",
      "enabled": false,
      "pointsThreshold": 30,
      "accelerationThreshold": 5,
      "numberOfDatapointsReceived": 50,
      "quantity": 65,
      "targetPrice": 2,
      "stopLossPrice": 11,
      "maxHoldTimeMinutes": 30,
      "logEnabled": true
    },
    {
      "type": "GapStrategy",
      "enabled": false,
      "pointsThreshold": 20,
      "numberOfDatapointsReceived": 50,
      "quantity": 65,
      "targetPrice": 10,
      "stopLossPrice": 5,
      "maxHoldTimeMinutes": 600,
      "gapReversalMode": false,
      "gapReversalThreshold": 100,
      "logEnabled": true
    },
    {
      "type": "RuleBasedStrategy",
      "enabled": false,
      "indicators": [
        "RSI_5_70_30"
      ],
      "quantity": 65,
      "target": 10,
      "stopLoss": 20,
      "maxHoldTimeMinutes": 30,
      "logEnabled": true
    },
    {
      "type": "GoodMorningStrategy",
      "enabled": false,
      "quantity": 65,
      "targetPoints": 10,
      "stopLossPoints": 10,
      "logEnabled": true,
      "snapshotTime": "10:00",
      "confirmTime": "10:30",
      "previousClose": 24219,
      "minMovementPoints": 10
    },
    {
      "type": "GoodMorningSensexStrategy",
      "enabled": false,
      "quantity": 200,
      "targetPoints": 30,
      "stopLossPoints": 30,
      "logEnabled": true,
      "snapshotTime": "09:40",
      "confirmTime": "09:45",
      "minMovementPoints": 30
    },
    {
      "type": "SupportResistanceStrategy",
      "enabled": false,
      "supportPrice": 0,
      "resistancePrice": 0,
      "quantity": 1755,
      "targetPoints": 10,
      "stopLossPoints": 15,
      "logEnabled": true
    },
    {
      "type": "TargetReachStrategy",
      "enabled": false,
      "symbol": "NIFTY",
      "strike": 0,
      "expiry": "2026-01-01",
      "optionType": "CE",
      "targetPrice": 0,
      "quantity": 1755,
      "targetPoints": 10,
      "stopLossPoints": 15,
      "logEnabled": true
    }
  ]
}
[20:27:22] [ConfigService.loadConfig] Config Updated: {
  "srHypothesis": {
    "confirmWindowMin": 2,
    "maxJump": 15,
    "maxRangeWidth": 30,
    "buffer": 10,
    "target": 10,
    "stopLoss": 10,
    "breachBuffer": 0,
    "breachConfirmSec": 0,
    "heldMinSec": 407,
    "heldMaxSec": 651,
    "csvOutput": false
  },
  "rocHypothesis": {
    "target": 10,
    "stopLoss": 10,
    "cooldownSec": 60,
    "minWins": 2,
    "windowGridMin": [
      1,
      2,
      3,
      4,
      5,
      7,
      10,
      15
    ],
    "thresholdGrid": [
      5,
      10,
      15,
      20,
      25,
      30,
      40,
      50,
      60,
      75,
      100
    ],
    "csvOutput": false
  },
  "settings": {
    "minPrice": 20,
    "maxPrice": 30000,
    "targetPriceDiff": 2,
    "stopLossPriceDiff": 11,
    "trailingDistance": 4,
    "cooldownSeconds": 0,
    "logQuotes": false,
    "safetyBufferAmount": 5000,
    "consistencyLimitPercent": 40,
    "maxDailyDrawdownPercent": 25,
    "maxMonthlyDrawdownPercent": 50,
    "maxTradesPerDay": 10
  },
  "strategies": [
    {
      "type": "SentimentStrategy",
      "enabled": false,
      "averageThreshold": 20,
      "targetPrice": 2,
      "orderQuantity": 7200,
      "sentiment": "put",
      "loopCount": 1
    },
    {
      "type": "BuySellStrategy",
      "enabled": false,
      "initialQuantity": 150,
      "incrementFactor": "single",
      "incrementQuantity": 150,
      "averageThreshold": 10,
      "targetPrice": 5,
      "stopEnabled": false,
      "activateIntermittentCount": 100,
      "maxIterationCount": 10,
      "logEnabled": false,
      "right": "none"
    },
    {
      "type": "ContinuousStrategy",
      "enabled": false,
      "initialQuantity": 65,
      "slDistance": 10,
      "minPremium": 100,
      "allottedCapital": 200000,
      "spawnQuantityMode": "same",
      "averageQuantityMode": "same",
      "right": "none",
      "cooldownSeconds": 60,
      "refillCancelDistance": 50,
      "logEnabled": true
    },
    {
      "type": "IntermittentStrategy",
      "enabled": false,
      "loopCount": 3,
      "targetPrice": 2,
      "quantity": 75,
      "threshold": 10,
      "logEnabled": false
    },
    {
      "type": "RateOfChangeStrategy",
      "enabled": false,
      "pointsThreshold": 30,
      "accelerationThreshold": 5,
      "numberOfDatapointsReceived": 50,
      "quantity": 65,
      "targetPrice": 2,
      "stopLossPrice": 11,
      "maxHoldTimeMinutes": 30,
      "logEnabled": true
    },
    {
      "type": "GapStrategy",
      "enabled": false,
      "pointsThreshold": 20,
      "numberOfDatapointsReceived": 50,
      "quantity": 65,
      "targetPrice": 10,
      "stopLossPrice": 5,
      "maxHoldTimeMinutes": 600,
      "gapReversalMode": false,
      "gapReversalThreshold": 100,
      "logEnabled": true
    },
    {
      "type": "RuleBasedStrategy",
      "enabled": false,
      "indicators": [
        "RSI_5_70_30"
      ],
      "quantity": 65,
      "target": 10,
      "stopLoss": 20,
      "maxHoldTimeMinutes": 30,
      "logEnabled": true
    },
    {
      "type": "GoodMorningStrategy",
      "enabled": false,
      "quantity": 65,
      "targetPoints": 10,
      "stopLossPoints": 10,
      "logEnabled": true,
      "snapshotTime": "10:00",
      "confirmTime": "10:30",
      "previousClose": 24219,
      "minMovementPoints": 10
    },
    {
      "type": "GoodMorningSensexStrategy",
      "enabled": false,
      "quantity": 200,
      "targetPoints": 30,
      "stopLossPoints": 30,
      "logEnabled": true,
      "snapshotTime": "09:40",
      "confirmTime": "09:45",
      "minMovementPoints": 30
    },
    {
      "type": "SupportResistanceStrategy",
      "enabled": false,
      "supportPrice": 0,
      "resistancePrice": 0,
      "quantity": 1755,
      "targetPoints": 10,
      "stopLossPoints": 15,
      "logEnabled": true
    },
    {
      "type": "TargetReachStrategy",
      "enabled": false,
      "symbol": "NIFTY",
      "strike": 0,
      "expiry": "2026-01-01",
      "optionType": "CE",
      "targetPrice": 0,
      "quantity": 1755,
      "targetPoints": 10,
      "stopLossPoints": 15,
      "logEnabled": true
    }
  ]
}
[20:27:22] [ConfigService.loadConfig] Config Updated: {
  "srHypothesis": {
    "confirmWindowMin": 2,
    "maxJump": 15,
    "maxRangeWidth": 30,
    "buffer": 10,
    "target": 10,
    "stopLoss": 10,
    "breachBuffer": 0,
    "breachConfirmSec": 0,
    "heldMinSec": 407,
    "heldMaxSec": 651,
    "csvOutput": false
  },
  "rocHypothesis": {
    "target": 10,
    "stopLoss": 10,
    "cooldownSec": 60,
    "minWins": 2,
    "windowGridMin": [
      1,
      2,
      3,
      4,
      5,
      7,
      10,
      15
    ],
    "thresholdGrid": [
      5,
      10,
      15,
      20,
      25,
      30,
      40,
      50,
      60,
      75,
      100
    ],
    "csvOutput": false
  },
  "settings": {
    "minPrice": 20,
    "maxPrice": 30000,
    "targetPriceDiff": 2,
    "stopLossPriceDiff": 11,
    "trailingDistance": 4,
    "cooldownSeconds": 0,
    "logQuotes": false,
    "safetyBufferAmount": 5000,
    "consistencyLimitPercent": 40,
    "maxDailyDrawdownPercent": 25,
    "maxMonthlyDrawdownPercent": 50,
    "maxTradesPerDay": 10
  },
  "strategies": [
    {
      "type": "SentimentStrategy",
      "enabled": false,
      "averageThreshold": 20,
      "targetPrice": 2,
      "orderQuantity": 7200,
      "sentiment": "put",
      "loopCount": 1
    },
    {
      "type": "BuySellStrategy",
      "enabled": false,
      "initialQuantity": 150,
      "incrementFactor": "single",
      "incrementQuantity": 150,
      "averageThreshold": 10,
      "targetPrice": 5,
      "stopEnabled": false,
      "activateIntermittentCount": 100,
      "maxIterationCount": 10,
      "logEnabled": false,
      "right": "none"
    },
    {
      "type": "ContinuousStrategy",
      "enabled": false,
      "initialQuantity": 65,
      "slDistance": 10,
      "minPremium": 100,
      "allottedCapital": 200000,
      "spawnQuantityMode": "same",
      "averageQuantityMode": "same",
      "right": "none",
      "cooldownSeconds": 60,
      "refillCancelDistance": 50,
      "logEnabled": true
    },
    {
      "type": "IntermittentStrategy",
      "enabled": false,
      "loopCount": 3,
      "targetPrice": 2,
      "quantity": 75,
      "threshold": 10,
      "logEnabled": false
    },
    {
      "type": "RateOfChangeStrategy",
      "enabled": false,
      "pointsThreshold": 30,
      "accelerationThreshold": 5,
      "numberOfDatapointsReceived": 50,
      "quantity": 65,
      "targetPrice": 2,
      "stopLossPrice": 11,
      "maxHoldTimeMinutes": 30,
      "logEnabled": true
    },
    {
      "type": "GapStrategy",
      "enabled": false,
      "pointsThreshold": 20,
      "numberOfDatapointsReceived": 50,
      "quantity": 65,
      "targetPrice": 10,
      "stopLossPrice": 5,
      "maxHoldTimeMinutes": 600,
      "gapReversalMode": false,
      "gapReversalThreshold": 100,
      "logEnabled": true
    },
    {
      "type": "RuleBasedStrategy",
      "enabled": false,
      "indicators": [
        "RSI_5_70_30"
      ],
      "quantity": 65,
      "target": 10,
      "stopLoss": 20,
      "maxHoldTimeMinutes": 30,
      "logEnabled": true
    },
    {
      "type": "GoodMorningStrategy",
      "enabled": false,
      "quantity": 65,
      "targetPoints": 10,
      "stopLossPoints": 10,
      "logEnabled": true,
      "snapshotTime": "10:00",
      "confirmTime": "10:30",
      "previousClose": 24219,
      "minMovementPoints": 10
    },
    {
      "type": "GoodMorningSensexStrategy",
      "enabled": false,
      "quantity": 200,
      "targetPoints": 30,
      "stopLossPoints": 30,
      "logEnabled": true,
      "snapshotTime": "09:40",
      "confirmTime": "09:45",
      "minMovementPoints": 30
    },
    {
      "type": "SupportResistanceStrategy",
      "enabled": false,
      "supportPrice": 0,
      "resistancePrice": 0,
      "quantity": 1755,
      "targetPoints": 10,
      "stopLossPoints": 15,
      "logEnabled": true
    },
    {
      "type": "TargetReachStrategy",
      "enabled": false,
      "symbol": "NIFTY",
      "strike": 0,
      "expiry": "2026-01-01",
      "optionType": "CE",
      "targetPrice": 0,
      "quantity": 1755,
      "targetPoints": 10,
      "stopLossPoints": 15,
      "logEnabled": true
    }
  ]
}
[20:27:22] [Config._processFile] Dir Name: /home/karthikeyan/work/icici/dist/prism
[20:27:22] [Config._processFile] File Name: /home/karthikeyan/work/icici/dist/prism/config.js
[20:27:22] [NorenRestApi.reloadToken] Restored Shoonya access token from userToken.txt
[20:27:23] [Config._processFile] Dir Name: /home/karthikeyan/work/icici/dist/prism
[20:27:23] [Config._processFile] File Name: /home/karthikeyan/work/icici/dist/prism/config.js
[20:27:23] [NorenRestApi.reloadToken] Restored Shoonya access token from userToken.txt
[20:27:23] [Mongo.init] Mongo is initialized
[20:27:23] [Mongo._init] Mongo is initialized
[20:27:23] [Config._processFile] lot count: 1
[20:27:23] [Config._processFile] Auto Trade: false
[20:27:23] [Config._processFile] Dir Name: /home/karthikeyan/work/icici/dist/prism
[20:27:23] [Config._processFile] File Name: /home/karthikeyan/work/icici/dist/prism/config.js
[20:27:23] [NorenRestApi.reloadToken] Restored Shoonya access token from userToken.txt
[20:27:23] [Mongo.init] Mongo is initialized
[20:27:23] [OrderBookkeeping.loadClosedTradesFromMongo] [order] Reloaded 6 closed trade(s) from Mongo for today
[20:27:23] [ANT.loadSession] ANT session loaded from file
[20:27:23] [Mongo._init] Mongo is initialized
[20:27:23] [expandRuleBasedConfig] [StrategyFactory] Expanded RuleBasedStrategy into 1 instances
[20:27:23] [Strategies.initialize] [] expandedConfigArray:  [
  {
    "type": "SentimentStrategy",
    "enabled": false,
    "averageThreshold": 20,
    "targetPrice": 2,
    "orderQuantity": 7200,
    "sentiment": "put",
    "loopCount": 1
  },
  {
    "type": "BuySellStrategy",
    "enabled": false,
    "initialQuantity": 150,
    "incrementFactor": "single",
    "incrementQuantity": 150,
    "averageThreshold": 10,
    "targetPrice": 5,
    "stopEnabled": false,
    "activateIntermittentCount": 100,
    "maxIterationCount": 10,
    "logEnabled": false,
    "right": "none"
  },
  {
    "type": "ContinuousStrategy",
    "enabled": false,
    "initialQuantity": 65,
    "slDistance": 10,
    "minPremium": 100,
    "allottedCapital": 200000,
    "spawnQuantityMode": "same",
    "averageQuantityMode": "same",
    "right": "none",
    "cooldownSeconds": 60,
    "refillCancelDistance": 50,
    "logEnabled": true
  },
  {
    "type": "IntermittentStrategy",
    "enabled": false,
    "loopCount": 3,
    "targetPrice": 2,
    "quantity": 75,
    "threshold": 10,
    "logEnabled": false
  },
  {
    "type": "RateOfChangeStrategy",
    "enabled": false,
    "pointsThreshold": 30,
    "accelerationThreshold": 5,
    "numberOfDatapointsReceived": 50,
    "quantity": 65,
    "targetPrice": 2,
    "stopLossPrice": 11,
    "maxHoldTimeMinutes": 30,
    "logEnabled": true
  },
  {
    "type": "GapStrategy",
    "enabled": false,
    "pointsThreshold": 20,
    "numberOfDatapointsReceived": 50,
    "quantity": 65,
    "targetPrice": 10,
    "stopLossPrice": 5,
    "maxHoldTimeMinutes": 600,
    "gapReversalMode": false,
    "gapReversalThreshold": 100,
    "logEnabled": true
  },
  {
    "type": "RuleBasedStrategy",
    "enabled": false,
    "indicators": [
      "RSI_5_70_30"
    ],
    "quantity": 65,
    "target": 10,
    "stopLoss": 20,
    "maxHoldTimeMinutes": 30,
    "logEnabled": true,
    "userId": "Rule-RSI_5_70_30"
  },
  {
    "type": "GoodMorningStrategy",
    "enabled": false,
    "quantity": 65,
    "targetPoints": 10,
    "stopLossPoints": 10,
    "logEnabled": true,
    "snapshotTime": "10:00",
    "confirmTime": "10:30",
    "previousClose": 24219,
    "minMovementPoints": 10
  },
  {
    "type": "GoodMorningSensexStrategy",
    "enabled": false,
    "quantity": 200,
    "targetPoints": 30,
    "stopLossPoints": 30,
    "logEnabled": true,
    "snapshotTime": "09:40",
    "confirmTime": "09:45",
    "minMovementPoints": 30
  },
  {
    "type": "SupportResistanceStrategy",
    "enabled": false,
    "supportPrice": 0,
    "resistancePrice": 0,
    "quantity": 1755,
    "targetPoints": 10,
    "stopLossPoints": 15,
    "logEnabled": true
  },
  {
    "type": "TargetReachStrategy",
    "enabled": false,
    "symbol": "NIFTY",
    "strike": 0,
    "expiry": "2026-01-01",
    "optionType": "CE",
    "targetPrice": 0,
    "quantity": 1755,
    "targetPoints": 10,
    "stopLossPoints": 15,
    "logEnabled": true
  }
]
[20:27:23] [expandRuleBasedConfig] [StrategyFactory] Expanded RuleBasedStrategy into 1 instances
[20:27:23] [new RuleBasedStrategy] [RuleBased:Rule-RSI_5_70_30] Initialized with indicators: RSI_5_70_30
[20:27:23] [Strategies.initialize] [Strategies] Initialized 11 strategies: [
  "SentimentStrategy(SentimentStrategy, enabled=false)",
  "BuySellStrategy(BuySellStrategy, enabled=false)",
  "ContinuousStrategy(ContinuousStrategy, enabled=false)",
  "IntermittentStrategy(IntermittentStrategy, enabled=false)",
  "RateOfChangeStrategy(RateOfChangeStrategy, enabled=false)",
  "GapStrategy(GapStrategy, enabled=false)",
  "RuleBasedStrategy(Rule-RSI_5_70_30, enabled=false)",
  "GoodMorningStrategy(GoodMorningStrategy, enabled=false)",
  "GoodMorningSensexStrategy(GoodMorningSensexStrategy, enabled=false)",
  "SupportResistanceStrategy(SupportResistanceStrategy, enabled=false)",
  "TargetReachStrategy(TargetReachStrategy, enabled=false)"
]
[20:27:23] [main] [strategies] Ready - 11 strategies loaded.
[20:27:23] [Server.<anonymous>] [strategies] Listening on /tmp/icici-strategies.sock
[20:27:23] [/home/karthikeyan/work/icici/dist/processes/strategies/OrderClient.js:53:41] [strategies] Failed to parse order-process message:  Error: connect ENOENT /tmp/icici-order.sock
    at PipeConnectWrap.afterConnect [as oncomplete] (node:net:1615:16)
[20:27:23] [Socket.<anonymous>] [strategies] Order socket error: Error: connect ENOENT /tmp/icici-order.sock
    at PipeConnectWrap.afterConnect [as oncomplete] (node:net:1615:16)
[20:27:23] [Socket.<anonymous>] [strategies] Disconnected from order process, retrying in 2s...
[20:27:23] [Config._processFile] lot count: 1
[20:27:23] [Config._processFile] Auto Trade: false
[20:27:23] [Server.<anonymous>] [order] Listening on /tmp/icici-order.sock
[20:27:24] [AntOrderNotifyStream.getWsToken] [AntOrderNotify] createWsToken response: {"status":"Ok","message":"200","result":[{"orderToken":"a1dab534e3e11278f5844327e89f2816e139ef8b6d40ab90772172c1a5f7754d"}]}
Fri, 28 Aug 2026 14:57:24 GMT body-parser deprecated bodyParser: use individual json/urlencoded middlewares at dist/server.js:91:35
Fri, 28 Aug 2026 14:57:24 GMT body-parser deprecated undefined extended: provide extended option at node_modules/body-parser/index.js:104:29
[20:27:24] [Mongo.init] Mongo is initialized
[20:27:24] [Mongo._init] Mongo is initialized
[20:27:24] [Server.<anonymous>] [order] Client connected, total: 1
[20:27:24] [Server.<anonymous>] [strategies] Frontend client connected
[20:27:24] [Server.<anonymous>] [frontend] Listening on 3000
[20:27:24] [Config._processFile] lot count: 1
[20:27:24] [Config._processFile] Auto Trade: false
[20:27:24] [Socket.<anonymous>] [strategies] Connected to order process
[20:27:24] [ws.onopen] [AntOrderNotify] Connected, subscribing...
[20:27:24] [Socket.<anonymous>] [frontend] Connected to strategies process
[orchestrator] [dev] Restarting order (data/strategies/frontend untouched)...
[orchestrator] [order] exited (code=0 signal=null)
[20:27:25] [Socket.<anonymous>] [strategies] Disconnected from order process, retrying in 2s...
[20:27:25] [ConfigService.loadConfig] Config Updated: {
  "srHypothesis": {
    "confirmWindowMin": 2,
    "maxJump": 15,
    "maxRangeWidth": 30,
    "buffer": 10,
    "target": 10,
    "stopLoss": 10,
    "breachBuffer": 0,
    "breachConfirmSec": 0,
    "heldMinSec": 407,
    "heldMaxSec": 651,
    "csvOutput": false
  },
  "rocHypothesis": {
    "target": 10,
    "stopLoss": 10,
    "cooldownSec": 60,
    "minWins": 2,
    "windowGridMin": [
      1,
      2,
      3,
      4,
      5,
      7,
      10,
      15
    ],
    "thresholdGrid": [
      5,
      10,
      15,
      20,
      25,
      30,
      40,
      50,
      60,
      75,
      100
    ],
    "csvOutput": false
  },
  "settings": {
    "minPrice": 20,
    "maxPrice": 30000,
    "targetPriceDiff": 2,
    "stopLossPriceDiff": 11,
    "trailingDistance": 4,
    "cooldownSeconds": 0,
    "logQuotes": false,
    "safetyBufferAmount": 5000,
    "consistencyLimitPercent": 40,
    "maxDailyDrawdownPercent": 25,
    "maxMonthlyDrawdownPercent": 50,
    "maxTradesPerDay": 10
  },
  "strategies": [
    {
      "type": "SentimentStrategy",
      "enabled": false,
      "averageThreshold": 20,
      "targetPrice": 2,
      "orderQuantity": 7200,
      "sentiment": "put",
      "loopCount": 1
    },
    {
      "type": "BuySellStrategy",
      "enabled": false,
      "initialQuantity": 150,
      "incrementFactor": "single",
      "incrementQuantity": 150,
      "averageThreshold": 10,
      "targetPrice": 5,
      "stopEnabled": false,
      "activateIntermittentCount": 100,
      "maxIterationCount": 10,
      "logEnabled": false,
      "right": "none"
    },
    {
      "type": "ContinuousStrategy",
      "enabled": false,
      "initialQuantity": 65,
      "slDistance": 10,
      "minPremium": 100,
      "allottedCapital": 200000,
      "spawnQuantityMode": "same",
      "averageQuantityMode": "same",
      "right": "none",
      "cooldownSeconds": 60,
      "refillCancelDistance": 50,
      "logEnabled": true
    },
    {
      "type": "IntermittentStrategy",
      "enabled": false,
      "loopCount": 3,
      "targetPrice": 2,
      "quantity": 75,
      "threshold": 10,
      "logEnabled": false
    },
    {
      "type": "RateOfChangeStrategy",
      "enabled": false,
      "pointsThreshold": 30,
      "accelerationThreshold": 5,
      "numberOfDatapointsReceived": 50,
      "quantity": 65,
      "targetPrice": 2,
      "stopLossPrice": 11,
      "maxHoldTimeMinutes": 30,
      "logEnabled": true
    },
    {
      "type": "GapStrategy",
      "enabled": false,
      "pointsThreshold": 20,
      "numberOfDatapointsReceived": 50,
      "quantity": 65,
      "targetPrice": 10,
      "stopLossPrice": 5,
      "maxHoldTimeMinutes": 600,
      "gapReversalMode": false,
      "gapReversalThreshold": 100,
      "logEnabled": true
    },
    {
      "type": "RuleBasedStrategy",
      "enabled": false,
      "indicators": [
        "RSI_5_70_30"
      ],
      "quantity": 65,
      "target": 10,
      "stopLoss": 20,
      "maxHoldTimeMinutes": 30,
      "logEnabled": true
    },
    {
      "type": "GoodMorningStrategy",
      "enabled": false,
      "quantity": 65,
      "targetPoints": 10,
      "stopLossPoints": 10,
      "logEnabled": true,
      "snapshotTime": "10:00",
      "confirmTime": "10:30",
      "previousClose": 24219,
      "minMovementPoints": 10
    },
    {
      "type": "GoodMorningSensexStrategy",
      "enabled": false,
      "quantity": 200,
      "targetPoints": 30,
      "stopLossPoints": 30,
      "logEnabled": true,
      "snapshotTime": "09:40",
      "confirmTime": "09:45",
      "minMovementPoints": 30
    },
    {
      "type": "SupportResistanceStrategy",
      "enabled": false,
      "supportPrice": 0,
      "resistancePrice": 0,
      "quantity": 1755,
      "targetPoints": 10,
      "stopLossPoints": 15,
      "logEnabled": true
    },
    {
      "type": "TargetReachStrategy",
      "enabled": false,
      "symbol": "NIFTY",
      "strike": 0,
      "expiry": "2026-01-01",
      "optionType": "CE",
      "targetPrice": 0,
      "quantity": 1755,
      "targetPoints": 10,
      "stopLossPoints": 15,
      "logEnabled": true
    }
  ]
}
[20:27:25] [/home/karthikeyan/work/icici/dist/processes/strategies/OrderClient.js:53:41] [strategies] Failed to parse order-process message:  Error: connect ENOENT /tmp/icici-order.sock
    at PipeConnectWrap.afterConnect [as oncomplete] (node:net:1615:16)
[20:27:25] [Socket.<anonymous>] [strategies] Order socket error: Error: connect ENOENT /tmp/icici-order.sock
    at PipeConnectWrap.afterConnect [as oncomplete] (node:net:1615:16)
[20:27:25] [Socket.<anonymous>] [strategies] Disconnected from order process, retrying in 2s...
[20:27:25] [Config._processFile] Dir Name: /home/karthikeyan/work/icici/dist/prism
[20:27:25] [Config._processFile] File Name: /home/karthikeyan/work/icici/dist/prism/config.js
[20:27:25] [NorenRestApi.reloadToken] Restored Shoonya access token from userToken.txt
[20:27:25] [Mongo.init] Mongo is initialized
[20:27:26] [Config._processFile] lot count: 1
[20:27:26] [Config._processFile] Auto Trade: false
[20:27:26] [Mongo._init] Mongo is initialized
[20:27:26] [OrderBookkeeping.loadClosedTradesFromMongo] [order] Reloaded 6 closed trade(s) from Mongo for today
[20:27:26] [ANT.loadSession] ANT session loaded from file
[20:27:26] [Server.<anonymous>] [order] Listening on /tmp/icici-order.sock
[20:27:26] [AntOrderNotifyStream.getWsToken] [AntOrderNotify] createWsToken response: {"status":"Ok","message":"200","result":[{"orderToken":"a1dab534e3e11278f5844327e89f2816e139ef8b6d40ab90772172c1a5f7754d"}]}
[20:27:26] [ws.onopen] [AntOrderNotify] Connected, subscribing...
[20:27:27] [Socket.<anonymous>] [strategies] Connected to order process
[20:27:27] [Server.<anonymous>] [order] Client connected, total: 1
[20:27:27] [Socket.<anonymous>] [strategies] Connected to order process
[20:27:27] [Server.<anonymous>] [order] Client connected, total: 2
[orchestrator] [dev] Restarting order (data/strategies/frontend untouched)...
[20:27:31] [Socket.<anonymous>] [strategies] Disconnected from order process, retrying in 2s...
[orchestrator] [order] exited (code=0 signal=null)
[20:27:31] [Socket.<anonymous>] [strategies] Disconnected from order process, retrying in 2s...
[20:27:31] [ConfigService.loadConfig] Config Updated: {
  "srHypothesis": {
    "confirmWindowMin": 2,
    "maxJump": 15,
    "maxRangeWidth": 30,
    "buffer": 10,
    "target": 10,
    "stopLoss": 10,
    "breachBuffer": 0,
    "breachConfirmSec": 0,
    "heldMinSec": 407,
    "heldMaxSec": 651,
    "csvOutput": false
  },
  "rocHypothesis": {
    "target": 10,
    "stopLoss": 10,
    "cooldownSec": 60,
    "minWins": 2,
    "windowGridMin": [
      1,
      2,
      3,
      4,
      5,
      7,
      10,
      15
    ],
    "thresholdGrid": [
      5,
      10,
      15,
      20,
      25,
      30,
      40,
      50,
      60,
      75,
      100
    ],
    "csvOutput": false
  },
  "settings": {
    "minPrice": 20,
    "maxPrice": 30000,
    "targetPriceDiff": 2,
    "stopLossPriceDiff": 11,
    "trailingDistance": 4,
    "cooldownSeconds": 0,
    "logQuotes": false,
    "safetyBufferAmount": 5000,
    "consistencyLimitPercent": 40,
    "maxDailyDrawdownPercent": 25,
    "maxMonthlyDrawdownPercent": 50,
    "maxTradesPerDay": 10
  },
  "strategies": [
    {
      "type": "SentimentStrategy",
      "enabled": false,
      "averageThreshold": 20,
      "targetPrice": 2,
      "orderQuantity": 7200,
      "sentiment": "put",
      "loopCount": 1
    },
    {
      "type": "BuySellStrategy",
      "enabled": false,
      "initialQuantity": 150,
      "incrementFactor": "single",
      "incrementQuantity": 150,
      "averageThreshold": 10,
      "targetPrice": 5,
      "stopEnabled": false,
      "activateIntermittentCount": 100,
      "maxIterationCount": 10,
      "logEnabled": false,
      "right": "none"
    },
    {
      "type": "ContinuousStrategy",
      "enabled": false,
      "initialQuantity": 65,
      "slDistance": 10,
      "minPremium": 100,
      "allottedCapital": 200000,
      "spawnQuantityMode": "same",
      "averageQuantityMode": "same",
      "right": "none",
      "cooldownSeconds": 60,
      "refillCancelDistance": 50,
      "logEnabled": true
    },
    {
      "type": "IntermittentStrategy",
      "enabled": false,
      "loopCount": 3,
      "targetPrice": 2,
      "quantity": 75,
      "threshold": 10,
      "logEnabled": false
    },
    {
      "type": "RateOfChangeStrategy",
      "enabled": false,
      "pointsThreshold": 30,
      "accelerationThreshold": 5,
      "numberOfDatapointsReceived": 50,
      "quantity": 65,
      "targetPrice": 2,
      "stopLossPrice": 11,
      "maxHoldTimeMinutes": 30,
      "logEnabled": true
    },
    {
      "type": "GapStrategy",
      "enabled": false,
      "pointsThreshold": 20,
      "numberOfDatapointsReceived": 50,
      "quantity": 65,
      "targetPrice": 10,
      "stopLossPrice": 5,
      "maxHoldTimeMinutes": 600,
      "gapReversalMode": false,
      "gapReversalThreshold": 100,
      "logEnabled": true
    },
    {
      "type": "RuleBasedStrategy",
      "enabled": false,
      "indicators": [
        "RSI_5_70_30"
      ],
      "quantity": 65,
      "target": 10,
      "stopLoss": 20,
      "maxHoldTimeMinutes": 30,
      "logEnabled": true
    },
    {
      "type": "GoodMorningStrategy",
      "enabled": false,
      "quantity": 65,
      "targetPoints": 10,
      "stopLossPoints": 10,
      "logEnabled": true,
      "snapshotTime": "10:00",
      "confirmTime": "10:30",
      "previousClose": 24219,
      "minMovementPoints": 10
    },
    {
      "type": "GoodMorningSensexStrategy",
      "enabled": false,
      "quantity": 200,
      "targetPoints": 30,
      "stopLossPoints": 30,
      "logEnabled": true,
      "snapshotTime": "09:40",
      "confirmTime": "09:45",
      "minMovementPoints": 30
    },
    {
      "type": "SupportResistanceStrategy",
      "enabled": false,
      "supportPrice": 0,
      "resistancePrice": 0,
      "quantity": 1755,
      "targetPoints": 10,
      "stopLossPoints": 15,
      "logEnabled": true
    },
    {
      "type": "TargetReachStrategy",
      "enabled": false,
      "symbol": "NIFTY",
      "strike": 0,
      "expiry": "2026-01-01",
      "optionType": "CE",
      "targetPrice": 0,
      "quantity": 1755,
      "targetPoints": 10,
      "stopLossPoints": 15,
      "logEnabled": true
    }
  ]
}
[20:27:31] [Config._processFile] Dir Name: /home/karthikeyan/work/icici/dist/prism
[20:27:31] [Config._processFile] File Name: /home/karthikeyan/work/icici/dist/prism/config.js
[20:27:31] [NorenRestApi.reloadToken] Restored Shoonya access token from userToken.txt
[20:27:31] [Mongo.init] Mongo is initialized
[20:27:31] [Config._processFile] lot count: 1
[20:27:31] [Config._processFile] Auto Trade: false
[20:27:31] [Mongo._init] Mongo is initialized
[20:27:31] [OrderBookkeeping.loadClosedTradesFromMongo] [order] Reloaded 6 closed trade(s) from Mongo for today
[20:27:31] [ANT.loadSession] ANT session loaded from file
[20:27:31] [Server.<anonymous>] [order] Listening on /tmp/icici-order.sock
[20:27:31] [AntOrderNotifyStream.getWsToken] [AntOrderNotify] createWsToken response: {"status":"Ok","message":"200","result":[{"orderToken":"a1dab534e3e11278f5844327e89f2816e139ef8b6d40ab90772172c1a5f7754d"}]}
[20:27:32] [ws.onopen] [AntOrderNotify] Connected, subscribing...
[20:27:33] [Socket.<anonymous>] [strategies] Connected to order process
[20:27:33] [Server.<anonymous>] [order] Client connected, total: 1
[20:27:33] [Server.<anonymous>] [order] Client connected, total: 2
[20:27:33] [Socket.<anonymous>] [strategies] Connected to order process
[orchestrator] [dev] Restarting order (data/strategies/frontend untouched)...
[20:27:35] [Socket.<anonymous>] [strategies] Disconnected from order process, retrying in 2s...
[orchestrator] [order] exited (code=0 signal=null)
[20:27:35] [Socket.<anonymous>] [strategies] Disconnected from order process, retrying in 2s...
[20:27:36] [ConfigService.loadConfig] Config Updated: {
  "srHypothesis": {
    "confirmWindowMin": 2,
    "maxJump": 15,
    "maxRangeWidth": 30,
    "buffer": 10,
    "target": 10,
    "stopLoss": 10,
    "breachBuffer": 0,
    "breachConfirmSec": 0,
    "heldMinSec": 407,
    "heldMaxSec": 651,
    "csvOutput": false
  },
  "rocHypothesis": {
    "target": 10,
    "stopLoss": 10,
    "cooldownSec": 60,
    "minWins": 2,
    "windowGridMin": [
      1,
      2,
      3,
      4,
      5,
      7,
      10,
      15
    ],
    "thresholdGrid": [
      5,
      10,
      15,
      20,
      25,
      30,
      40,
      50,
      60,
      75,
      100
    ],
    "csvOutput": false
  },
  "settings": {
    "minPrice": 20,
    "maxPrice": 30000,
    "targetPriceDiff": 2,
    "stopLossPriceDiff": 11,
    "trailingDistance": 4,
    "cooldownSeconds": 0,
    "logQuotes": false,
    "safetyBufferAmount": 5000,
    "consistencyLimitPercent": 40,
    "maxDailyDrawdownPercent": 25,
    "maxMonthlyDrawdownPercent": 50,
    "maxTradesPerDay": 10
  },
  "strategies": [
    {
      "type": "SentimentStrategy",
      "enabled": false,
      "averageThreshold": 20,
      "targetPrice": 2,
      "orderQuantity": 7200,
      "sentiment": "put",
      "loopCount": 1
    },
    {
      "type": "BuySellStrategy",
      "enabled": false,
      "initialQuantity": 150,
      "incrementFactor": "single",
      "incrementQuantity": 150,
      "averageThreshold": 10,
      "targetPrice": 5,
      "stopEnabled": false,
      "activateIntermittentCount": 100,
      "maxIterationCount": 10,
      "logEnabled": false,
      "right": "none"
    },
    {
      "type": "ContinuousStrategy",
      "enabled": false,
      "initialQuantity": 65,
      "slDistance": 10,
      "minPremium": 100,
      "allottedCapital": 200000,
      "spawnQuantityMode": "same",
      "averageQuantityMode": "same",
      "right": "none",
      "cooldownSeconds": 60,
      "refillCancelDistance": 50,
      "logEnabled": true
    },
    {
      "type": "IntermittentStrategy",
      "enabled": false,
      "loopCount": 3,
      "targetPrice": 2,
      "quantity": 75,
      "threshold": 10,
      "logEnabled": false
    },
    {
      "type": "RateOfChangeStrategy",
      "enabled": false,
      "pointsThreshold": 30,
      "accelerationThreshold": 5,
      "numberOfDatapointsReceived": 50,
      "quantity": 65,
      "targetPrice": 2,
      "stopLossPrice": 11,
      "maxHoldTimeMinutes": 30,
      "logEnabled": true
    },
    {
      "type": "GapStrategy",
      "enabled": false,
      "pointsThreshold": 20,
      "numberOfDatapointsReceived": 50,
      "quantity": 65,
      "targetPrice": 10,
      "stopLossPrice": 5,
      "maxHoldTimeMinutes": 600,
      "gapReversalMode": false,
      "gapReversalThreshold": 100,
      "logEnabled": true
    },
    {
      "type": "RuleBasedStrategy",
      "enabled": false,
      "indicators": [
        "RSI_5_70_30"
      ],
      "quantity": 65,
      "target": 10,
      "stopLoss": 20,
      "maxHoldTimeMinutes": 30,
      "logEnabled": true
    },
    {
      "type": "GoodMorningStrategy",
      "enabled": false,
      "quantity": 65,
      "targetPoints": 10,
      "stopLossPoints": 10,
      "logEnabled": true,
      "snapshotTime": "10:00",
      "confirmTime": "10:30",
      "previousClose": 24219,
      "minMovementPoints": 10
    },
    {
      "type": "GoodMorningSensexStrategy",
      "enabled": false,
      "quantity": 200,
      "targetPoints": 30,
      "stopLossPoints": 30,
      "logEnabled": true,
      "snapshotTime": "09:40",
      "confirmTime": "09:45",
      "minMovementPoints": 30
    },
    {
      "type": "SupportResistanceStrategy",
      "enabled": false,
      "supportPrice": 0,
      "resistancePrice": 0,
      "quantity": 1755,
      "targetPoints": 10,
      "stopLossPoints": 15,
      "logEnabled": true
    },
    {
      "type": "TargetReachStrategy",
      "enabled": false,
      "symbol": "NIFTY",
      "strike": 0,
      "expiry": "2026-01-01",
      "optionType": "CE",
      "targetPrice": 0,
      "quantity": 1755,
      "targetPoints": 10,
      "stopLossPoints": 15,
      "logEnabled": true
    }
  ]
}
[20:27:36] [Config._processFile] Dir Name: /home/karthikeyan/work/icici/dist/prism
[20:27:36] [Config._processFile] File Name: /home/karthikeyan/work/icici/dist/prism/config.js
[20:27:36] [NorenRestApi.reloadToken] Restored Shoonya access token from userToken.txt
[20:27:36] [Mongo.init] Mongo is initialized
[20:27:36] [Config._processFile] lot count: 1
[20:27:36] [Config._processFile] Auto Trade: false
[20:27:36] [Mongo._init] Mongo is initialized
[20:27:36] [OrderBookkeeping.loadClosedTradesFromMongo] [order] Reloaded 6 closed trade(s) from Mongo for today
[20:27:36] [ANT.loadSession] ANT session loaded from file
[20:27:36] [Server.<anonymous>] [order] Listening on /tmp/icici-order.sock
[20:27:36] [AntOrderNotifyStream.getWsToken] [AntOrderNotify] createWsToken response: {"status":"Ok","message":"200","result":[{"orderToken":"a1dab534e3e11278f5844327e89f2816e139ef8b6d40ab90772172c1a5f7754d"}]}
[20:27:36] [ws.onopen] [AntOrderNotify] Connected, subscribing...
[20:27:37] [Socket.<anonymous>] [strategies] Connected to order process
[20:27:37] [Server.<anonymous>] [order] Client connected, total: 1
[20:27:37] [Socket.<anonymous>] [strategies] Connected to order process
[20:27:37] [Server.<anonymous>] [order] Client connected, total: 2
[orchestrator] [dev] Restarting order (data/strategies/frontend untouched)...
[20:27:38] [Socket.<anonymous>] [strategies] Disconnected from order process, retrying in 2s...
[orchestrator] [order] exited (code=0 signal=null)
[20:27:38] [Socket.<anonymous>] [strategies] Disconnected from order process, retrying in 2s...
[20:27:38] [ConfigService.loadConfig] Config Updated: {
  "srHypothesis": {
    "confirmWindowMin": 2,
    "maxJump": 15,
    "maxRangeWidth": 30,
    "buffer": 10,
    "target": 10,
    "stopLoss": 10,
    "breachBuffer": 0,
    "breachConfirmSec": 0,
    "heldMinSec": 407,
    "heldMaxSec": 651,
    "csvOutput": false
  },
  "rocHypothesis": {
    "target": 10,
    "stopLoss": 10,
    "cooldownSec": 60,
    "minWins": 2,
    "windowGridMin": [
      1,
      2,
      3,
      4,
      5,
      7,
      10,
      15
    ],
    "thresholdGrid": [
      5,
      10,
      15,
      20,
      25,
      30,
      40,
      50,
      60,
      75,
      100
    ],
    "csvOutput": false
  },
  "settings": {
    "minPrice": 20,
    "maxPrice": 30000,
    "targetPriceDiff": 2,
    "stopLossPriceDiff": 11,
    "trailingDistance": 4,
    "cooldownSeconds": 0,
    "logQuotes": false,
    "safetyBufferAmount": 5000,
    "consistencyLimitPercent": 40,
    "maxDailyDrawdownPercent": 25,
    "maxMonthlyDrawdownPercent": 50,
    "maxTradesPerDay": 10
  },
  "strategies": [
    {
      "type": "SentimentStrategy",
      "enabled": false,
      "averageThreshold": 20,
      "targetPrice": 2,
      "orderQuantity": 7200,
      "sentiment": "put",
      "loopCount": 1
    },
    {
      "type": "BuySellStrategy",
      "enabled": false,
      "initialQuantity": 150,
      "incrementFactor": "single",
      "incrementQuantity": 150,
      "averageThreshold": 10,
      "targetPrice": 5,
      "stopEnabled": false,
      "activateIntermittentCount": 100,
      "maxIterationCount": 10,
      "logEnabled": false,
      "right": "none"
    },
    {
      "type": "ContinuousStrategy",
      "enabled": false,
      "initialQuantity": 65,
      "slDistance": 10,
      "minPremium": 100,
      "allottedCapital": 200000,
      "spawnQuantityMode": "same",
      "averageQuantityMode": "same",
      "right": "none",
      "cooldownSeconds": 60,
      "refillCancelDistance": 50,
      "logEnabled": true
    },
    {
      "type": "IntermittentStrategy",
      "enabled": false,
      "loopCount": 3,
      "targetPrice": 2,
      "quantity": 75,
      "threshold": 10,
      "logEnabled": false
    },
    {
      "type": "RateOfChangeStrategy",
      "enabled": false,
      "pointsThreshold": 30,
      "accelerationThreshold": 5,
      "numberOfDatapointsReceived": 50,
      "quantity": 65,
      "targetPrice": 2,
      "stopLossPrice": 11,
      "maxHoldTimeMinutes": 30,
      "logEnabled": true
    },
    {
      "type": "GapStrategy",
      "enabled": false,
      "pointsThreshold": 20,
      "numberOfDatapointsReceived": 50,
      "quantity": 65,
      "targetPrice": 10,
      "stopLossPrice": 5,
      "maxHoldTimeMinutes": 600,
      "gapReversalMode": false,
      "gapReversalThreshold": 100,
      "logEnabled": true
    },
    {
      "type": "RuleBasedStrategy",
      "enabled": false,
      "indicators": [
        "RSI_5_70_30"
      ],
      "quantity": 65,
      "target": 10,
      "stopLoss": 20,
      "maxHoldTimeMinutes": 30,
      "logEnabled": true
    },
    {
      "type": "GoodMorningStrategy",
      "enabled": false,
      "quantity": 65,
      "targetPoints": 10,
      "stopLossPoints": 10,
      "logEnabled": true,
      "snapshotTime": "10:00",
      "confirmTime": "10:30",
      "previousClose": 24219,
      "minMovementPoints": 10
    },
    {
      "type": "GoodMorningSensexStrategy",
      "enabled": false,
      "quantity": 200,
      "targetPoints": 30,
      "stopLossPoints": 30,
      "logEnabled": true,
      "snapshotTime": "09:40",
      "confirmTime": "09:45",
      "minMovementPoints": 30
    },
    {
      "type": "SupportResistanceStrategy",
      "enabled": false,
      "supportPrice": 0,
      "resistancePrice": 0,
      "quantity": 1755,
      "targetPoints": 10,
      "stopLossPoints": 15,
      "logEnabled": true
    },
    {
      "type": "TargetReachStrategy",
      "enabled": false,
      "symbol": "NIFTY",
      "strike": 0,
      "expiry": "2026-01-01",
      "optionType": "CE",
      "targetPrice": 0,
      "quantity": 1755,
      "targetPoints": 10,
      "stopLossPoints": 15,
      "logEnabled": true
    }
  ]
}
[20:27:38] [Config._processFile] Dir Name: /home/karthikeyan/work/icici/dist/prism
[20:27:39] [Config._processFile] File Name: /home/karthikeyan/work/icici/dist/prism/config.js
[20:27:39] [NorenRestApi.reloadToken] Restored Shoonya access token from userToken.txt
[20:27:39] [Mongo.init] Mongo is initialized
[20:27:39] [Config._processFile] lot count: 1
[20:27:39] [Config._processFile] Auto Trade: false
[20:27:39] [Mongo._init] Mongo is initialized
[20:27:39] [OrderBookkeeping.loadClosedTradesFromMongo] [order] Reloaded 6 closed trade(s) from Mongo for today
[20:27:39] [ANT.loadSession] ANT session loaded from file
[20:27:39] [Server.<anonymous>] [order] Listening on /tmp/icici-order.sock
[20:27:39] [AntOrderNotifyStream.getWsToken] [AntOrderNotify] createWsToken response: {"status":"Ok","message":"200","result":[{"orderToken":"a1dab534e3e11278f5844327e89f2816e139ef8b6d40ab90772172c1a5f7754d"}]}
[20:27:39] [ws.onopen] [AntOrderNotify] Connected, subscribing...
[20:27:40] [Server.<anonymous>] [order] Client connected, total: 1
[20:27:40] [Socket.<anonymous>] [strategies] Connected to order process
[20:27:40] [Server.<anonymous>] [order] Client connected, total: 2
[20:27:40] [Socket.<anonymous>] [strategies] Connected to order process
[orchestrator] [dev] Restarting order (data/strategies/frontend untouched)...
[20:27:45] [Socket.<anonymous>] [strategies] Disconnected from order process, retrying in 2s...
[20:27:45] [Socket.<anonymous>] [strategies] Disconnected from order process, retrying in 2s...
[orchestrator] [order] exited (code=0 signal=null)
[20:27:46] [ConfigService.loadConfig] Config Updated: {
  "srHypothesis": {
    "confirmWindowMin": 2,
    "maxJump": 15,
    "maxRangeWidth": 30,
    "buffer": 10,
    "target": 10,
    "stopLoss": 10,
    "breachBuffer": 0,
    "breachConfirmSec": 0,
    "heldMinSec": 407,
    "heldMaxSec": 651,
    "csvOutput": false
  },
  "rocHypothesis": {
    "target": 10,
    "stopLoss": 10,
    "cooldownSec": 60,
    "minWins": 2,
    "windowGridMin": [
      1,
      2,
      3,
      4,
      5,
      7,
      10,
      15
    ],
    "thresholdGrid": [
      5,
      10,
      15,
      20,
      25,
      30,
      40,
      50,
      60,
      75,
      100
    ],
    "csvOutput": false
  },
  "settings": {
    "minPrice": 20,
    "maxPrice": 30000,
    "targetPriceDiff": 2,
    "stopLossPriceDiff": 11,
    "trailingDistance": 4,
    "cooldownSeconds": 0,
    "logQuotes": false,
    "safetyBufferAmount": 5000,
    "consistencyLimitPercent": 40,
    "maxDailyDrawdownPercent": 25,
    "maxMonthlyDrawdownPercent": 50,
    "maxTradesPerDay": 10
  },
  "strategies": [
    {
      "type": "SentimentStrategy",
      "enabled": false,
      "averageThreshold": 20,
      "targetPrice": 2,
      "orderQuantity": 7200,
      "sentiment": "put",
      "loopCount": 1
    },
    {
      "type": "BuySellStrategy",
      "enabled": false,
      "initialQuantity": 150,
      "incrementFactor": "single",
      "incrementQuantity": 150,
      "averageThreshold": 10,
      "targetPrice": 5,
      "stopEnabled": false,
      "activateIntermittentCount": 100,
      "maxIterationCount": 10,
      "logEnabled": false,
      "right": "none"
    },
    {
      "type": "ContinuousStrategy",
      "enabled": false,
      "initialQuantity": 65,
      "slDistance": 10,
      "minPremium": 100,
      "allottedCapital": 200000,
      "spawnQuantityMode": "same",
      "averageQuantityMode": "same",
      "right": "none",
      "cooldownSeconds": 60,
      "refillCancelDistance": 50,
      "logEnabled": true
    },
    {
      "type": "IntermittentStrategy",
      "enabled": false,
      "loopCount": 3,
      "targetPrice": 2,
      "quantity": 75,
      "threshold": 10,
      "logEnabled": false
    },
    {
      "type": "RateOfChangeStrategy",
      "enabled": false,
      "pointsThreshold": 30,
      "accelerationThreshold": 5,
      "numberOfDatapointsReceived": 50,
      "quantity": 65,
      "targetPrice": 2,
      "stopLossPrice": 11,
      "maxHoldTimeMinutes": 30,
      "logEnabled": true
    },
    {
      "type": "GapStrategy",
      "enabled": false,
      "pointsThreshold": 20,
      "numberOfDatapointsReceived": 50,
      "quantity": 65,
      "targetPrice": 10,
      "stopLossPrice": 5,
      "maxHoldTimeMinutes": 600,
      "gapReversalMode": false,
      "gapReversalThreshold": 100,
      "logEnabled": true
    },
    {
      "type": "RuleBasedStrategy",
      "enabled": false,
      "indicators": [
        "RSI_5_70_30"
      ],
      "quantity": 65,
      "target": 10,
      "stopLoss": 20,
      "maxHoldTimeMinutes": 30,
      "logEnabled": true
    },
    {
      "type": "GoodMorningStrategy",
      "enabled": false,
      "quantity": 65,
      "targetPoints": 10,
      "stopLossPoints": 10,
      "logEnabled": true,
      "snapshotTime": "10:00",
      "confirmTime": "10:30",
      "previousClose": 24219,
      "minMovementPoints": 10
    },
    {
      "type": "GoodMorningSensexStrategy",
      "enabled": false,
      "quantity": 200,
      "targetPoints": 30,
      "stopLossPoints": 30,
      "logEnabled": true,
      "snapshotTime": "09:40",
      "confirmTime": "09:45",
      "minMovementPoints": 30
    },
    {
      "type": "SupportResistanceStrategy",
      "enabled": false,
      "supportPrice": 0,
      "resistancePrice": 0,
      "quantity": 1755,
      "targetPoints": 10,
      "stopLossPoints": 15,
      "logEnabled": true
    },
    {
      "type": "TargetReachStrategy",
      "enabled": false,
      "symbol": "NIFTY",
      "strike": 0,
      "expiry": "2026-01-01",
      "optionType": "CE",
      "targetPrice": 0,
      "quantity": 1755,
      "targetPoints": 10,
      "stopLossPoints": 15,
      "logEnabled": true
    }
  ]
}
[20:27:46] [Config._processFile] Dir Name: /home/karthikeyan/work/icici/dist/prism
[20:27:46] [Config._processFile] File Name: /home/karthikeyan/work/icici/dist/prism/config.js
[20:27:46] [NorenRestApi.reloadToken] Restored Shoonya access token from userToken.txt
[20:27:46] [Mongo.init] Mongo is initialized
[20:27:46] [Config._processFile] lot count: 1
[20:27:46] [Config._processFile] Auto Trade: false
[20:27:46] [Mongo._init] Mongo is initialized
[20:27:46] [OrderBookkeeping.loadClosedTradesFromMongo] [order] Reloaded 6 closed trade(s) from Mongo for today
[20:27:46] [ANT.loadSession] ANT session loaded from file
[20:27:46] [Server.<anonymous>] [order] Listening on /tmp/icici-order.sock
[20:27:46] [AntOrderNotifyStream.getWsToken] [AntOrderNotify] createWsToken response: {"status":"Ok","message":"200","result":[{"orderToken":"a1dab534e3e11278f5844327e89f2816e139ef8b6d40ab90772172c1a5f7754d"}]}
[20:27:46] [ws.onopen] [AntOrderNotify] Connected, subscribing...
[20:27:47] [Socket.<anonymous>] [strategies] Connected to order process
[20:27:47] [Server.<anonymous>] [order] Client connected, total: 1
[20:27:47] [Socket.<anonymous>] [strategies] Connected to order process
[20:27:47] [Server.<anonymous>] [order] Client connected, total: 2
[orchestrator] [dev] Restarting order (data/strategies/frontend untouched)...
[orchestrator] [order] exited (code=0 signal=null)
[20:27:50] [Socket.<anonymous>] [strategies] Disconnected from order process, retrying in 2s...
[20:27:50] [Socket.<anonymous>] [strategies] Disconnected from order process, retrying in 2s...
[20:27:51] [ConfigService.loadConfig] Config Updated: {
  "srHypothesis": {
    "confirmWindowMin": 2,
    "maxJump": 15,
    "maxRangeWidth": 30,
    "buffer": 10,
    "target": 10,
    "stopLoss": 10,
    "breachBuffer": 0,
    "breachConfirmSec": 0,
    "heldMinSec": 407,
    "heldMaxSec": 651,
    "csvOutput": false
  },
  "rocHypothesis": {
    "target": 10,
    "stopLoss": 10,
    "cooldownSec": 60,
    "minWins": 2,
    "windowGridMin": [
      1,
      2,
      3,
      4,
      5,
      7,
      10,
      15
    ],
    "thresholdGrid": [
      5,
      10,
      15,
      20,
      25,
      30,
      40,
      50,
      60,
      75,
      100
    ],
    "csvOutput": false
  },
  "settings": {
    "minPrice": 20,
    "maxPrice": 30000,
    "targetPriceDiff": 2,
    "stopLossPriceDiff": 11,
    "trailingDistance": 4,
    "cooldownSeconds": 0,
    "logQuotes": false,
    "safetyBufferAmount": 5000,
    "consistencyLimitPercent": 40,
    "maxDailyDrawdownPercent": 25,
    "maxMonthlyDrawdownPercent": 50,
    "maxTradesPerDay": 10
  },
  "strategies": [
    {
      "type": "SentimentStrategy",
      "enabled": false,
      "averageThreshold": 20,
      "targetPrice": 2,
      "orderQuantity": 7200,
      "sentiment": "put",
      "loopCount": 1
    },
    {
      "type": "BuySellStrategy",
      "enabled": false,
      "initialQuantity": 150,
      "incrementFactor": "single",
      "incrementQuantity": 150,
      "averageThreshold": 10,
      "targetPrice": 5,
      "stopEnabled": false,
      "activateIntermittentCount": 100,
      "maxIterationCount": 10,
      "logEnabled": false,
      "right": "none"
    },
    {
      "type": "ContinuousStrategy",
      "enabled": false,
      "initialQuantity": 65,
      "slDistance": 10,
      "minPremium": 100,
      "allottedCapital": 200000,
      "spawnQuantityMode": "same",
      "averageQuantityMode": "same",
      "right": "none",
      "cooldownSeconds": 60,
      "refillCancelDistance": 50,
      "logEnabled": true
    },
    {
      "type": "IntermittentStrategy",
      "enabled": false,
      "loopCount": 3,
      "targetPrice": 2,
      "quantity": 75,
      "threshold": 10,
      "logEnabled": false
    },
    {
      "type": "RateOfChangeStrategy",
      "enabled": false,
      "pointsThreshold": 30,
      "accelerationThreshold": 5,
      "numberOfDatapointsReceived": 50,
      "quantity": 65,
      "targetPrice": 2,
      "stopLossPrice": 11,
      "maxHoldTimeMinutes": 30,
      "logEnabled": true
    },
    {
      "type": "GapStrategy",
      "enabled": false,
      "pointsThreshold": 20,
      "numberOfDatapointsReceived": 50,
      "quantity": 65,
      "targetPrice": 10,
      "stopLossPrice": 5,
      "maxHoldTimeMinutes": 600,
      "gapReversalMode": false,
      "gapReversalThreshold": 100,
      "logEnabled": true
    },
    {
      "type": "RuleBasedStrategy",
      "enabled": false,
      "indicators": [
        "RSI_5_70_30"
      ],
      "quantity": 65,
      "target": 10,
      "stopLoss": 20,
      "maxHoldTimeMinutes": 30,
      "logEnabled": true
    },
    {
      "type": "GoodMorningStrategy",
      "enabled": false,
      "quantity": 65,
      "targetPoints": 10,
      "stopLossPoints": 10,
      "logEnabled": true,
      "snapshotTime": "10:00",
      "confirmTime": "10:30",
      "previousClose": 24219,
      "minMovementPoints": 10
    },
    {
      "type": "GoodMorningSensexStrategy",
      "enabled": false,
      "quantity": 200,
      "targetPoints": 30,
      "stopLossPoints": 30,
      "logEnabled": true,
      "snapshotTime": "09:40",
      "confirmTime": "09:45",
      "minMovementPoints": 30
    },
    {
      "type": "SupportResistanceStrategy",
      "enabled": false,
      "supportPrice": 0,
      "resistancePrice": 0,
      "quantity": 1755,
      "targetPoints": 10,
      "stopLossPoints": 15,
      "logEnabled": true
    },
    {
      "type": "TargetReachStrategy",
      "enabled": false,
      "symbol": "NIFTY",
      "strike": 0,
      "expiry": "2026-01-01",
      "optionType": "CE",
      "targetPrice": 0,
      "quantity": 1755,
      "targetPoints": 10,
      "stopLossPoints": 15,
      "logEnabled": true
    }
  ]
}
[20:27:51] [Config._processFile] Dir Name: /home/karthikeyan/work/icici/dist/prism
[20:27:51] [Config._processFile] File Name: /home/karthikeyan/work/icici/dist/prism/config.js
[20:27:51] [NorenRestApi.reloadToken] Restored Shoonya access token from userToken.txt
[20:27:51] [Mongo.init] Mongo is initialized
[20:27:51] [Mongo._init] Mongo is initialized
[20:27:51] [Config._processFile] lot count: 1
[20:27:51] [Config._processFile] Auto Trade: false
[20:27:51] [OrderBookkeeping.loadClosedTradesFromMongo] [order] Reloaded 6 closed trade(s) from Mongo for today
[20:27:51] [ANT.loadSession] ANT session loaded from file
[20:27:51] [Server.<anonymous>] [order] Listening on /tmp/icici-order.sock
[20:27:51] [AntOrderNotifyStream.getWsToken] [AntOrderNotify] createWsToken response: {"status":"Ok","message":"200","result":[{"orderToken":"a1dab534e3e11278f5844327e89f2816e139ef8b6d40ab90772172c1a5f7754d"}]}
[20:27:51] [ws.onopen] [AntOrderNotify] Connected, subscribing...
[20:27:52] [Socket.<anonymous>] [strategies] Connected to order process
[20:27:52] [Server.<anonymous>] [order] Client connected, total: 1
[20:27:52] [Socket.<anonymous>] [strategies] Connected to order process
[20:27:52] [Server.<anonymous>] [order] Client connected, total: 2
[orchestrator] [dev] Restarting order (data/strategies/frontend untouched)...
[20:27:56] [Socket.<anonymous>] [strategies] Disconnected from order process, retrying in 2s...
[20:27:56] [Socket.<anonymous>] [strategies] Disconnected from order process, retrying in 2s...
[orchestrator] [order] exited (code=0 signal=null)
[20:27:56] [ConfigService.loadConfig] Config Updated: {
  "srHypothesis": {
    "confirmWindowMin": 2,
    "maxJump": 15,
    "maxRangeWidth": 30,
    "buffer": 10,
    "target": 10,
    "stopLoss": 10,
    "breachBuffer": 0,
    "breachConfirmSec": 0,
    "heldMinSec": 407,
    "heldMaxSec": 651,
    "csvOutput": false
  },
  "rocHypothesis": {
    "target": 10,
    "stopLoss": 10,
    "cooldownSec": 60,
    "minWins": 2,
    "windowGridMin": [
      1,
      2,
      3,
      4,
      5,
      7,
      10,
      15
    ],
    "thresholdGrid": [
      5,
      10,
      15,
      20,
      25,
      30,
      40,
      50,
      60,
      75,
      100
    ],
    "csvOutput": false
  },
  "settings": {
    "minPrice": 20,
    "maxPrice": 30000,
    "targetPriceDiff": 2,
    "stopLossPriceDiff": 11,
    "trailingDistance": 4,
    "cooldownSeconds": 0,
    "logQuotes": false,
    "safetyBufferAmount": 5000,
    "consistencyLimitPercent": 40,
    "maxDailyDrawdownPercent": 25,
    "maxMonthlyDrawdownPercent": 50,
    "maxTradesPerDay": 10
  },
  "strategies": [
    {
      "type": "SentimentStrategy",
      "enabled": false,
      "averageThreshold": 20,
      "targetPrice": 2,
      "orderQuantity": 7200,
      "sentiment": "put",
      "loopCount": 1
    },
    {
      "type": "BuySellStrategy",
      "enabled": false,
      "initialQuantity": 150,
      "incrementFactor": "single",
      "incrementQuantity": 150,
      "averageThreshold": 10,
      "targetPrice": 5,
      "stopEnabled": false,
      "activateIntermittentCount": 100,
      "maxIterationCount": 10,
      "logEnabled": false,
      "right": "none"
    },
    {
      "type": "ContinuousStrategy",
      "enabled": false,
      "initialQuantity": 65,
      "slDistance": 10,
      "minPremium": 100,
      "allottedCapital": 200000,
      "spawnQuantityMode": "same",
      "averageQuantityMode": "same",
      "right": "none",
      "cooldownSeconds": 60,
      "refillCancelDistance": 50,
      "logEnabled": true
    },
    {
      "type": "IntermittentStrategy",
      "enabled": false,
      "loopCount": 3,
      "targetPrice": 2,
      "quantity": 75,
      "threshold": 10,
      "logEnabled": false
    },
    {
      "type": "RateOfChangeStrategy",
      "enabled": false,
      "pointsThreshold": 30,
      "accelerationThreshold": 5,
      "numberOfDatapointsReceived": 50,
      "quantity": 65,
      "targetPrice": 2,
      "stopLossPrice": 11,
      "maxHoldTimeMinutes": 30,
      "logEnabled": true
    },
    {
      "type": "GapStrategy",
      "enabled": false,
      "pointsThreshold": 20,
      "numberOfDatapointsReceived": 50,
      "quantity": 65,
      "targetPrice": 10,
      "stopLossPrice": 5,
      "maxHoldTimeMinutes": 600,
      "gapReversalMode": false,
      "gapReversalThreshold": 100,
      "logEnabled": true
    },
    {
      "type": "RuleBasedStrategy",
      "enabled": false,
      "indicators": [
        "RSI_5_70_30"
      ],
      "quantity": 65,
      "target": 10,
      "stopLoss": 20,
      "maxHoldTimeMinutes": 30,
      "logEnabled": true
    },
    {
      "type": "GoodMorningStrategy",
      "enabled": false,
      "quantity": 65,
      "targetPoints": 10,
      "stopLossPoints": 10,
      "logEnabled": true,
      "snapshotTime": "10:00",
      "confirmTime": "10:30",
      "previousClose": 24219,
      "minMovementPoints": 10
    },
    {
      "type": "GoodMorningSensexStrategy",
      "enabled": false,
      "quantity": 200,
      "targetPoints": 30,
      "stopLossPoints": 30,
      "logEnabled": true,
      "snapshotTime": "09:40",
      "confirmTime": "09:45",
      "minMovementPoints": 30
    },
    {
      "type": "SupportResistanceStrategy",
      "enabled": false,
      "supportPrice": 0,
      "resistancePrice": 0,
      "quantity": 1755,
      "targetPoints": 10,
      "stopLossPoints": 15,
      "logEnabled": true
    },
    {
      "type": "TargetReachStrategy",
      "enabled": false,
      "symbol": "NIFTY",
      "strike": 0,
      "expiry": "2026-01-01",
      "optionType": "CE",
      "targetPrice": 0,
      "quantity": 1755,
      "targetPoints": 10,
      "stopLossPoints": 15,
      "logEnabled": true
    }
  ]
}
[20:27:56] [Config._processFile] Dir Name: /home/karthikeyan/work/icici/dist/prism
[20:27:56] [Config._processFile] File Name: /home/karthikeyan/work/icici/dist/prism/config.js
[20:27:56] [NorenRestApi.reloadToken] Restored Shoonya access token from userToken.txt
[20:27:56] [Mongo.init] Mongo is initialized
[20:27:56] [Config._processFile] lot count: 1
[20:27:56] [Config._processFile] Auto Trade: false
[20:27:56] [Mongo._init] Mongo is initialized
[20:27:57] [OrderBookkeeping.loadClosedTradesFromMongo] [order] Reloaded 6 closed trade(s) from Mongo for today
[20:27:57] [ANT.loadSession] ANT session loaded from file
[20:27:57] [Server.<anonymous>] [order] Listening on /tmp/icici-order.sock
[20:27:57] [AntOrderNotifyStream.getWsToken] [AntOrderNotify] createWsToken response: {"status":"Ok","message":"200","result":[{"orderToken":"a1dab534e3e11278f5844327e89f2816e139ef8b6d40ab90772172c1a5f7754d"}]}
[20:27:57] [ws.onopen] [AntOrderNotify] Connected, subscribing...
[20:27:58] [Socket.<anonymous>] [strategies] Connected to order process
[20:27:58] [Server.<anonymous>] [order] Client connected, total: 1
[20:27:58] [Server.<anonymous>] [order] Client connected, total: 2
[20:27:58] [Socket.<anonymous>] [strategies] Connected to order process
[orchestrator] [dev] Restarting order (data/strategies/frontend untouched)...
[orchestrator] [order] exited (code=0 signal=null)
[20:28:00] [Socket.<anonymous>] [strategies] Disconnected from order process, retrying in 2s...
[20:28:00] [Socket.<anonymous>] [strategies] Disconnected from order process, retrying in 2s...
[20:28:00] [ConfigService.loadConfig] Config Updated: {
  "srHypothesis": {
    "confirmWindowMin": 2,
    "maxJump": 15,
    "maxRangeWidth": 30,
    "buffer": 10,
    "target": 10,
    "stopLoss": 10,
    "breachBuffer": 0,
    "breachConfirmSec": 0,
    "heldMinSec": 407,
    "heldMaxSec": 651,
    "csvOutput": false
  },
  "rocHypothesis": {
    "target": 10,
    "stopLoss": 10,
    "cooldownSec": 60,
    "minWins": 2,
    "windowGridMin": [
      1,
      2,
      3,
      4,
      5,
      7,
      10,
      15
    ],
    "thresholdGrid": [
      5,
      10,
      15,
      20,
      25,
      30,
      40,
      50,
      60,
      75,
      100
    ],
    "csvOutput": false
  },
  "settings": {
    "minPrice": 20,
    "maxPrice": 30000,
    "targetPriceDiff": 2,
    "stopLossPriceDiff": 11,
    "trailingDistance": 4,
    "cooldownSeconds": 0,
    "logQuotes": false,
    "safetyBufferAmount": 5000,
    "consistencyLimitPercent": 40,
    "maxDailyDrawdownPercent": 25,
    "maxMonthlyDrawdownPercent": 50,
    "maxTradesPerDay": 10
  },
  "strategies": [
    {
      "type": "SentimentStrategy",
      "enabled": false,
      "averageThreshold": 20,
      "targetPrice": 2,
      "orderQuantity": 7200,
      "sentiment": "put",
      "loopCount": 1
    },
    {
      "type": "BuySellStrategy",
      "enabled": false,
      "initialQuantity": 150,
      "incrementFactor": "single",
      "incrementQuantity": 150,
      "averageThreshold": 10,
      "targetPrice": 5,
      "stopEnabled": false,
      "activateIntermittentCount": 100,
      "maxIterationCount": 10,
      "logEnabled": false,
      "right": "none"
    },
    {
      "type": "ContinuousStrategy",
      "enabled": false,
      "initialQuantity": 65,
      "slDistance": 10,
      "minPremium": 100,
      "allottedCapital": 200000,
      "spawnQuantityMode": "same",
      "averageQuantityMode": "same",
      "right": "none",
      "cooldownSeconds": 60,
      "refillCancelDistance": 50,
      "logEnabled": true
    },
    {
      "type": "IntermittentStrategy",
      "enabled": false,
      "loopCount": 3,
      "targetPrice": 2,
      "quantity": 75,
      "threshold": 10,
      "logEnabled": false
    },
    {
      "type": "RateOfChangeStrategy",
      "enabled": false,
      "pointsThreshold": 30,
      "accelerationThreshold": 5,
      "numberOfDatapointsReceived": 50,
      "quantity": 65,
      "targetPrice": 2,
      "stopLossPrice": 11,
      "maxHoldTimeMinutes": 30,
      "logEnabled": true
    },
    {
      "type": "GapStrategy",
      "enabled": false,
      "pointsThreshold": 20,
      "numberOfDatapointsReceived": 50,
      "quantity": 65,
      "targetPrice": 10,
      "stopLossPrice": 5,
      "maxHoldTimeMinutes": 600,
      "gapReversalMode": false,
      "gapReversalThreshold": 100,
      "logEnabled": true
    },
    {
      "type": "RuleBasedStrategy",
      "enabled": false,
      "indicators": [
        "RSI_5_70_30"
      ],
      "quantity": 65,
      "target": 10,
      "stopLoss": 20,
      "maxHoldTimeMinutes": 30,
      "logEnabled": true
    },
    {
      "type": "GoodMorningStrategy",
      "enabled": false,
      "quantity": 65,
      "targetPoints": 10,
      "stopLossPoints": 10,
      "logEnabled": true,
      "snapshotTime": "10:00",
      "confirmTime": "10:30",
      "previousClose": 24219,
      "minMovementPoints": 10
    },
    {
      "type": "GoodMorningSensexStrategy",
      "enabled": false,
      "quantity": 200,
      "targetPoints": 30,
      "stopLossPoints": 30,
      "logEnabled": true,
      "snapshotTime": "09:40",
      "confirmTime": "09:45",
      "minMovementPoints": 30
    },
    {
      "type": "SupportResistanceStrategy",
      "enabled": false,
      "supportPrice": 0,
      "resistancePrice": 0,
      "quantity": 1755,
      "targetPoints": 10,
      "stopLossPoints": 15,
      "logEnabled": true
    },
    {
      "type": "TargetReachStrategy",
      "enabled": false,
      "symbol": "NIFTY",
      "strike": 0,
      "expiry": "2026-01-01",
      "optionType": "CE",
      "targetPrice": 0,
      "quantity": 1755,
      "targetPoints": 10,
      "stopLossPoints": 15,
      "logEnabled": true
    }
  ]
}
[20:28:01] [Config._processFile] Dir Name: /home/karthikeyan/work/icici/dist/prism
[20:28:01] [Config._processFile] File Name: /home/karthikeyan/work/icici/dist/prism/config.js
[20:28:01] [NorenRestApi.reloadToken] Restored Shoonya access token from userToken.txt
[20:28:01] [Mongo.init] Mongo is initialized
[20:28:01] [Mongo._init] Mongo is initialized
[20:28:01] [Config._processFile] lot count: 1
[20:28:01] [Config._processFile] Auto Trade: false
[20:28:01] [OrderBookkeeping.loadClosedTradesFromMongo] [order] Reloaded 6 closed trade(s) from Mongo for today
[20:28:01] [ANT.loadSession] ANT session loaded from file
[20:28:01] [Server.<anonymous>] [order] Listening on /tmp/icici-order.sock
[20:28:01] [AntOrderNotifyStream.getWsToken] [AntOrderNotify] createWsToken response: {"status":"Ok","message":"200","result":[{"orderToken":"a1dab534e3e11278f5844327e89f2816e139ef8b6d40ab90772172c1a5f7754d"}]}
[20:28:01] [ws.onopen] [AntOrderNotify] Connected, subscribing...
[20:28:02] [Socket.<anonymous>] [strategies] Connected to order process
[20:28:02] [Server.<anonymous>] [order] Client connected, total: 1
[20:28:02] [Socket.<anonymous>] [strategies] Connected to order process
[20:28:02] [Server.<anonymous>] [order] Client connected, total: 2
[orchestrator] [dev] Restarting order (data/strategies/frontend untouched)...
[20:28:06] [Socket.<anonymous>] [strategies] Disconnected from order process, retrying in 2s...
[20:28:06] [Socket.<anonymous>] [strategies] Disconnected from order process, retrying in 2s...
[orchestrator] [order] exited (code=0 signal=null)
[20:28:06] [ConfigService.loadConfig] Config Updated: {
  "srHypothesis": {
    "confirmWindowMin": 2,
    "maxJump": 15,
    "maxRangeWidth": 30,
    "buffer": 10,
    "target": 10,
    "stopLoss": 10,
    "breachBuffer": 0,
    "breachConfirmSec": 0,
    "heldMinSec": 407,
    "heldMaxSec": 651,
    "csvOutput": false
  },
  "rocHypothesis": {
    "target": 10,
    "stopLoss": 10,
    "cooldownSec": 60,
    "minWins": 2,
    "windowGridMin": [
      1,
      2,
      3,
      4,
      5,
      7,
      10,
      15
    ],
    "thresholdGrid": [
      5,
      10,
      15,
      20,
      25,
      30,
      40,
      50,
      60,
      75,
      100
    ],
    "csvOutput": false
  },
  "settings": {
    "minPrice": 20,
    "maxPrice": 30000,
    "targetPriceDiff": 2,
    "stopLossPriceDiff": 11,
    "trailingDistance": 4,
    "cooldownSeconds": 0,
    "logQuotes": false,
    "safetyBufferAmount": 5000,
    "consistencyLimitPercent": 40,
    "maxDailyDrawdownPercent": 25,
    "maxMonthlyDrawdownPercent": 50,
    "maxTradesPerDay": 10
  },
  "strategies": [
    {
      "type": "SentimentStrategy",
      "enabled": false,
      "averageThreshold": 20,
      "targetPrice": 2,
      "orderQuantity": 7200,
      "sentiment": "put",
      "loopCount": 1
    },
    {
      "type": "BuySellStrategy",
      "enabled": false,
      "initialQuantity": 150,
      "incrementFactor": "single",
      "incrementQuantity": 150,
      "averageThreshold": 10,
      "targetPrice": 5,
      "stopEnabled": false,
      "activateIntermittentCount": 100,
      "maxIterationCount": 10,
      "logEnabled": false,
      "right": "none"
    },
    {
      "type": "ContinuousStrategy",
      "enabled": false,
      "initialQuantity": 65,
      "slDistance": 10,
      "minPremium": 100,
      "allottedCapital": 200000,
      "spawnQuantityMode": "same",
      "averageQuantityMode": "same",
      "right": "none",
      "cooldownSeconds": 60,
      "refillCancelDistance": 50,
      "logEnabled": true
    },
    {
      "type": "IntermittentStrategy",
      "enabled": false,
      "loopCount": 3,
      "targetPrice": 2,
      "quantity": 75,
      "threshold": 10,
      "logEnabled": false
    },
    {
      "type": "RateOfChangeStrategy",
      "enabled": false,
      "pointsThreshold": 30,
      "accelerationThreshold": 5,
      "numberOfDatapointsReceived": 50,
      "quantity": 65,
      "targetPrice": 2,
      "stopLossPrice": 11,
      "maxHoldTimeMinutes": 30,
      "logEnabled": true
    },
    {
      "type": "GapStrategy",
      "enabled": false,
      "pointsThreshold": 20,
      "numberOfDatapointsReceived": 50,
      "quantity": 65,
      "targetPrice": 10,
      "stopLossPrice": 5,
      "maxHoldTimeMinutes": 600,
      "gapReversalMode": false,
      "gapReversalThreshold": 100,
      "logEnabled": true
    },
    {
      "type": "RuleBasedStrategy",
      "enabled": false,
      "indicators": [
        "RSI_5_70_30"
      ],
      "quantity": 65,
      "target": 10,
      "stopLoss": 20,
      "maxHoldTimeMinutes": 30,
      "logEnabled": true
    },
    {
      "type": "GoodMorningStrategy",
      "enabled": false,
      "quantity": 65,
      "targetPoints": 10,
      "stopLossPoints": 10,
      "logEnabled": true,
      "snapshotTime": "10:00",
      "confirmTime": "10:30",
      "previousClose": 24219,
      "minMovementPoints": 10
    },
    {
      "type": "GoodMorningSensexStrategy",
      "enabled": false,
      "quantity": 200,
      "targetPoints": 30,
      "stopLossPoints": 30,
      "logEnabled": true,
      "snapshotTime": "09:40",
      "confirmTime": "09:45",
      "minMovementPoints": 30
    },
    {
      "type": "SupportResistanceStrategy",
      "enabled": false,
      "supportPrice": 0,
      "resistancePrice": 0,
      "quantity": 1755,
      "targetPoints": 10,
      "stopLossPoints": 15,
      "logEnabled": true
    },
    {
      "type": "TargetReachStrategy",
      "enabled": false,
      "symbol": "NIFTY",
      "strike": 0,
      "expiry": "2026-01-01",
      "optionType": "CE",
      "targetPrice": 0,
      "quantity": 1755,
      "targetPoints": 10,
      "stopLossPoints": 15,
      "logEnabled": true
    }
  ]
}
[20:28:06] [Config._processFile] Dir Name: /home/karthikeyan/work/icici/dist/prism
[20:28:06] [Config._processFile] File Name: /home/karthikeyan/work/icici/dist/prism/config.js
[20:28:06] [NorenRestApi.reloadToken] Restored Shoonya access token from userToken.txt
[20:28:06] [Mongo.init] Mongo is initialized
[20:28:06] [Config._processFile] lot count: 1
[20:28:06] [Config._processFile] Auto Trade: false
[20:28:06] [Mongo._init] Mongo is initialized
[20:28:06] [OrderBookkeeping.loadClosedTradesFromMongo] [order] Reloaded 6 closed trade(s) from Mongo for today
[20:28:06] [ANT.loadSession] ANT session loaded from file
[20:28:06] [Server.<anonymous>] [order] Listening on /tmp/icici-order.sock
[20:28:07] [AntOrderNotifyStream.getWsToken] [AntOrderNotify] createWsToken response: {"status":"Ok","message":"200","result":[{"orderToken":"a1dab534e3e11278f5844327e89f2816e139ef8b6d40ab90772172c1a5f7754d"}]}
[20:28:07] [ws.onopen] [AntOrderNotify] Connected, subscribing...
[20:28:08] [Socket.<anonymous>] [strategies] Connected to order process
[20:28:08] [Server.<anonymous>] [order] Client connected, total: 1
[20:28:08] [Socket.<anonymous>] [strategies] Connected to order process
[20:28:08] [Server.<anonymous>] [order] Client connected, total: 2
[orchestrator] [dev] Restarting order (data/strategies/frontend untouched)...
[20:28:10] [Socket.<anonymous>] [strategies] Disconnected from order process, retrying in 2s...
[orchestrator] [order] exited (code=0 signal=null)
[20:28:10] [Socket.<anonymous>] [strategies] Disconnected from order process, retrying in 2s...
[20:28:10] [ConfigService.loadConfig] Config Updated: {
  "srHypothesis": {
    "confirmWindowMin": 2,
    "maxJump": 15,
    "maxRangeWidth": 30,
    "buffer": 10,
    "target": 10,
    "stopLoss": 10,
    "breachBuffer": 0,
    "breachConfirmSec": 0,
    "heldMinSec": 407,
    "heldMaxSec": 651,
    "csvOutput": false
  },
  "rocHypothesis": {
    "target": 10,
    "stopLoss": 10,
    "cooldownSec": 60,
    "minWins": 2,
    "windowGridMin": [
      1,
      2,
      3,
      4,
      5,
      7,
      10,
      15
    ],
    "thresholdGrid": [
      5,
      10,
      15,
      20,
      25,
      30,
      40,
      50,
      60,
      75,
      100
    ],
    "csvOutput": false
  },
  "settings": {
    "minPrice": 20,
    "maxPrice": 30000,
    "targetPriceDiff": 2,
    "stopLossPriceDiff": 11,
    "trailingDistance": 4,
    "cooldownSeconds": 0,
    "logQuotes": false,
    "safetyBufferAmount": 5000,
    "consistencyLimitPercent": 40,
    "maxDailyDrawdownPercent": 25,
    "maxMonthlyDrawdownPercent": 50,
    "maxTradesPerDay": 10
  },
  "strategies": [
    {
      "type": "SentimentStrategy",
      "enabled": false,
      "averageThreshold": 20,
      "targetPrice": 2,
      "orderQuantity": 7200,
      "sentiment": "put",
      "loopCount": 1
    },
    {
      "type": "BuySellStrategy",
      "enabled": false,
      "initialQuantity": 150,
      "incrementFactor": "single",
      "incrementQuantity": 150,
      "averageThreshold": 10,
      "targetPrice": 5,
      "stopEnabled": false,
      "activateIntermittentCount": 100,
      "maxIterationCount": 10,
      "logEnabled": false,
      "right": "none"
    },
    {
      "type": "ContinuousStrategy",
      "enabled": false,
      "initialQuantity": 65,
      "slDistance": 10,
      "minPremium": 100,
      "allottedCapital": 200000,
      "spawnQuantityMode": "same",
      "averageQuantityMode": "same",
      "right": "none",
      "cooldownSeconds": 60,
      "refillCancelDistance": 50,
      "logEnabled": true
    },
    {
      "type": "IntermittentStrategy",
      "enabled": false,
      "loopCount": 3,
      "targetPrice": 2,
      "quantity": 75,
      "threshold": 10,
      "logEnabled": false
    },
    {
      "type": "RateOfChangeStrategy",
      "enabled": false,
      "pointsThreshold": 30,
      "accelerationThreshold": 5,
      "numberOfDatapointsReceived": 50,
      "quantity": 65,
      "targetPrice": 2,
      "stopLossPrice": 11,
      "maxHoldTimeMinutes": 30,
      "logEnabled": true
    },
    {
      "type": "GapStrategy",
      "enabled": false,
      "pointsThreshold": 20,
      "numberOfDatapointsReceived": 50,
      "quantity": 65,
      "targetPrice": 10,
      "stopLossPrice": 5,
      "maxHoldTimeMinutes": 600,
      "gapReversalMode": false,
      "gapReversalThreshold": 100,
      "logEnabled": true
    },
    {
      "type": "RuleBasedStrategy",
      "enabled": false,
      "indicators": [
        "RSI_5_70_30"
      ],
      "quantity": 65,
      "target": 10,
      "stopLoss": 20,
      "maxHoldTimeMinutes": 30,
      "logEnabled": true
    },
    {
      "type": "GoodMorningStrategy",
      "enabled": false,
      "quantity": 65,
      "targetPoints": 10,
      "stopLossPoints": 10,
      "logEnabled": true,
      "snapshotTime": "10:00",
      "confirmTime": "10:30",
      "previousClose": 24219,
      "minMovementPoints": 10
    },
    {
      "type": "GoodMorningSensexStrategy",
      "enabled": false,
      "quantity": 200,
      "targetPoints": 30,
      "stopLossPoints": 30,
      "logEnabled": true,
      "snapshotTime": "09:40",
      "confirmTime": "09:45",
      "minMovementPoints": 30
    },
    {
      "type": "SupportResistanceStrategy",
      "enabled": false,
      "supportPrice": 0,
      "resistancePrice": 0,
      "quantity": 1755,
      "targetPoints": 10,
      "stopLossPoints": 15,
      "logEnabled": true
    },
    {
      "type": "TargetReachStrategy",
      "enabled": false,
      "symbol": "NIFTY",
      "strike": 0,
      "expiry": "2026-01-01",
      "optionType": "CE",
      "targetPrice": 0,
      "quantity": 1755,
      "targetPoints": 10,
      "stopLossPoints": 15,
      "logEnabled": true
    }
  ]
}
[20:28:11] [Config._processFile] Dir Name: /home/karthikeyan/work/icici/dist/prism
[20:28:11] [Config._processFile] File Name: /home/karthikeyan/work/icici/dist/prism/config.js
[20:28:11] [NorenRestApi.reloadToken] Restored Shoonya access token from userToken.txt
[20:28:11] [Mongo.init] Mongo is initialized
[20:28:11] [Config._processFile] lot count: 1
[20:28:11] [Config._processFile] Auto Trade: false
[20:28:11] [Mongo._init] Mongo is initialized
[20:28:11] [OrderBookkeeping.loadClosedTradesFromMongo] [order] Reloaded 6 closed trade(s) from Mongo for today
[20:28:11] [ANT.loadSession] ANT session loaded from file
[20:28:11] [Server.<anonymous>] [order] Listening on /tmp/icici-order.sock
[20:28:11] [AntOrderNotifyStream.getWsToken] [AntOrderNotify] createWsToken response: {"status":"Ok","message":"200","result":[{"orderToken":"a1dab534e3e11278f5844327e89f2816e139ef8b6d40ab90772172c1a5f7754d"}]}
[20:28:11] [ws.onopen] [AntOrderNotify] Connected, subscribing...
[20:28:12] [Socket.<anonymous>] [strategies] Connected to order process
[20:28:12] [Server.<anonymous>] [order] Client connected, total: 1
[20:28:12] [Socket.<anonymous>] [strategies] Connected to order process
[20:28:12] [Server.<anonymous>] [order] Client connected, total: 2
[orchestrator] [dev] Restarting order (data/strategies/frontend untouched)...
[20:28:15] [Socket.<anonymous>] [strategies] Disconnected from order process, retrying in 2s...
[20:28:15] [Socket.<anonymous>] [strategies] Disconnected from order process, retrying in 2s...
[orchestrator] [order] exited (code=0 signal=null)
[20:28:15] [ConfigService.loadConfig] Config Updated: {
  "srHypothesis": {
    "confirmWindowMin": 2,
    "maxJump": 15,
    "maxRangeWidth": 30,
    "buffer": 10,
    "target": 10,
    "stopLoss": 10,
    "breachBuffer": 0,
    "breachConfirmSec": 0,
    "heldMinSec": 407,
    "heldMaxSec": 651,
    "csvOutput": false
  },
  "rocHypothesis": {
    "target": 10,
    "stopLoss": 10,
    "cooldownSec": 60,
    "minWins": 2,
    "windowGridMin": [
      1,
      2,
      3,
      4,
      5,
      7,
      10,
      15
    ],
    "thresholdGrid": [
      5,
      10,
      15,
      20,
      25,
      30,
      40,
      50,
      60,
      75,
      100
    ],
    "csvOutput": false
  },
  "settings": {
    "minPrice": 20,
    "maxPrice": 30000,
    "targetPriceDiff": 2,
    "stopLossPriceDiff": 11,
    "trailingDistance": 4,
    "cooldownSeconds": 0,
    "logQuotes": false,
    "safetyBufferAmount": 5000,
    "consistencyLimitPercent": 40,
    "maxDailyDrawdownPercent": 25,
    "maxMonthlyDrawdownPercent": 50,
    "maxTradesPerDay": 10
  },
  "strategies": [
    {
      "type": "SentimentStrategy",
      "enabled": false,
      "averageThreshold": 20,
      "targetPrice": 2,
      "orderQuantity": 7200,
      "sentiment": "put",
      "loopCount": 1
    },
    {
      "type": "BuySellStrategy",
      "enabled": false,
      "initialQuantity": 150,
      "incrementFactor": "single",
      "incrementQuantity": 150,
      "averageThreshold": 10,
      "targetPrice": 5,
      "stopEnabled": false,
      "activateIntermittentCount": 100,
      "maxIterationCount": 10,
      "logEnabled": false,
      "right": "none"
    },
    {
      "type": "ContinuousStrategy",
      "enabled": false,
      "initialQuantity": 65,
      "slDistance": 10,
      "minPremium": 100,
      "allottedCapital": 200000,
      "spawnQuantityMode": "same",
      "averageQuantityMode": "same",
      "right": "none",
      "cooldownSeconds": 60,
      "refillCancelDistance": 50,
      "logEnabled": true
    },
    {
      "type": "IntermittentStrategy",
      "enabled": false,
      "loopCount": 3,
      "targetPrice": 2,
      "quantity": 75,
      "threshold": 10,
      "logEnabled": false
    },
    {
      "type": "RateOfChangeStrategy",
      "enabled": false,
      "pointsThreshold": 30,
      "accelerationThreshold": 5,
      "numberOfDatapointsReceived": 50,
      "quantity": 65,
      "targetPrice": 2,
      "stopLossPrice": 11,
      "maxHoldTimeMinutes": 30,
      "logEnabled": true
    },
    {
      "type": "GapStrategy",
      "enabled": false,
      "pointsThreshold": 20,
      "numberOfDatapointsReceived": 50,
      "quantity": 65,
      "targetPrice": 10,
      "stopLossPrice": 5,
      "maxHoldTimeMinutes": 600,
      "gapReversalMode": false,
      "gapReversalThreshold": 100,
      "logEnabled": true
    },
    {
      "type": "RuleBasedStrategy",
      "enabled": false,
      "indicators": [
        "RSI_5_70_30"
      ],
      "quantity": 65,
      "target": 10,
      "stopLoss": 20,
      "maxHoldTimeMinutes": 30,
      "logEnabled": true
    },
    {
      "type": "GoodMorningStrategy",
      "enabled": false,
      "quantity": 65,
      "targetPoints": 10,
      "stopLossPoints": 10,
      "logEnabled": true,
      "snapshotTime": "10:00",
      "confirmTime": "10:30",
      "previousClose": 24219,
      "minMovementPoints": 10
    },
    {
      "type": "GoodMorningSensexStrategy",
      "enabled": false,
      "quantity": 200,
      "targetPoints": 30,
      "stopLossPoints": 30,
      "logEnabled": true,
      "snapshotTime": "09:40",
      "confirmTime": "09:45",
      "minMovementPoints": 30
    },
    {
      "type": "SupportResistanceStrategy",
      "enabled": false,
      "supportPrice": 0,
      "resistancePrice": 0,
      "quantity": 1755,
      "targetPoints": 10,
      "stopLossPoints": 15,
      "logEnabled": true
    },
    {
      "type": "TargetReachStrategy",
      "enabled": false,
      "symbol": "NIFTY",
      "strike": 0,
      "expiry": "2026-01-01",
      "optionType": "CE",
      "targetPrice": 0,
      "quantity": 1755,
      "targetPoints": 10,
      "stopLossPoints": 15,
      "logEnabled": true
    }
  ]
}
[20:28:15] [Config._processFile] Dir Name: /home/karthikeyan/work/icici/dist/prism
[20:28:15] [Config._processFile] File Name: /home/karthikeyan/work/icici/dist/prism/config.js
[20:28:15] [NorenRestApi.reloadToken] Restored Shoonya access token from userToken.txt
[20:28:15] [Mongo.init] Mongo is initialized
[20:28:15] [Config._processFile] lot count: 1
[20:28:15] [Config._processFile] Auto Trade: false
[20:28:15] [Mongo._init] Mongo is initialized
[20:28:15] [OrderBookkeeping.loadClosedTradesFromMongo] [order] Reloaded 6 closed trade(s) from Mongo for today
[20:28:15] [ANT.loadSession] ANT session loaded from file
[20:28:15] [Server.<anonymous>] [order] Listening on /tmp/icici-order.sock
[20:28:15] [AntOrderNotifyStream.getWsToken] [AntOrderNotify] createWsToken response: {"status":"Ok","message":"200","result":[{"orderToken":"a1dab534e3e11278f5844327e89f2816e139ef8b6d40ab90772172c1a5f7754d"}]}
[20:28:16] [ws.onopen] [AntOrderNotify] Connected, subscribing...
[20:28:17] [Socket.<anonymous>] [strategies] Connected to order process
[20:28:17] [Server.<anonymous>] [order] Client connected, total: 1
[20:28:17] [Socket.<anonymous>] [strategies] Connected to order process
[20:28:17] [Server.<anonymous>] [order] Client connected, total: 2
[20:29:15] [Zerodha.loadSession] Zerodha session loaded from file
[orchestrator] [dev] Restarting strategies (data/order untouched)...
[orchestrator] [boot] Starting strategies...
[orchestrator] [strategies] exited (code=0 signal=null)
[20:29:22] [Socket.<anonymous>] [frontend] Disconnected from strategies process, retrying in 2s...
[20:29:22] [Socket.<anonymous>] [order] Client disconnected, total: 1
[orchestrator] [dev] Restarting order (data/strategies/frontend untouched)...
[20:29:23] [Socket.<anonymous>] [strategies] Disconnected from order process, retrying in 2s...
[orchestrator] [order] exited (code=0 signal=null)
[20:29:23] [ConfigService.loadConfig] Config Updated: {
  "srHypothesis": {
    "confirmWindowMin": 2,
    "maxJump": 15,
    "maxRangeWidth": 30,
    "buffer": 10,
    "target": 10,
    "stopLoss": 10,
    "breachBuffer": 0,
    "breachConfirmSec": 0,
    "heldMinSec": 407,
    "heldMaxSec": 651,
    "csvOutput": false
  },
  "rocHypothesis": {
    "target": 10,
    "stopLoss": 10,
    "cooldownSec": 60,
    "minWins": 2,
    "windowGridMin": [
      1,
      2,
      3,
      4,
      5,
      7,
      10,
      15
    ],
    "thresholdGrid": [
      5,
      10,
      15,
      20,
      25,
      30,
      40,
      50,
      60,
      75,
      100
    ],
    "csvOutput": false
  },
  "settings": {
    "minPrice": 20,
    "maxPrice": 30000,
    "targetPriceDiff": 2,
    "stopLossPriceDiff": 11,
    "trailingDistance": 4,
    "cooldownSeconds": 0,
    "logQuotes": false,
    "safetyBufferAmount": 5000,
    "consistencyLimitPercent": 40,
    "maxDailyDrawdownPercent": 25,
    "maxMonthlyDrawdownPercent": 50,
    "maxTradesPerDay": 10
  },
  "strategies": [
    {
      "type": "SentimentStrategy",
      "enabled": false,
      "averageThreshold": 20,
      "targetPrice": 2,
      "orderQuantity": 7200,
      "sentiment": "put",
      "loopCount": 1
    },
    {
      "type": "BuySellStrategy",
      "enabled": false,
      "initialQuantity": 150,
      "incrementFactor": "single",
      "incrementQuantity": 150,
      "averageThreshold": 10,
      "targetPrice": 5,
      "stopEnabled": false,
      "activateIntermittentCount": 100,
      "maxIterationCount": 10,
      "logEnabled": false,
      "right": "none"
    },
    {
      "type": "ContinuousStrategy",
      "enabled": false,
      "initialQuantity": 65,
      "slDistance": 10,
      "minPremium": 100,
      "allottedCapital": 200000,
      "spawnQuantityMode": "same",
      "averageQuantityMode": "same",
      "right": "none",
      "cooldownSeconds": 60,
      "refillCancelDistance": 50,
      "logEnabled": true
    },
    {
      "type": "IntermittentStrategy",
      "enabled": false,
      "loopCount": 3,
      "targetPrice": 2,
      "quantity": 75,
      "threshold": 10,
      "logEnabled": false
    },
    {
      "type": "RateOfChangeStrategy",
      "enabled": false,
      "pointsThreshold": 30,
      "accelerationThreshold": 5,
      "numberOfDatapointsReceived": 50,
      "quantity": 65,
      "targetPrice": 2,
      "stopLossPrice": 11,
      "maxHoldTimeMinutes": 30,
      "logEnabled": true
    },
    {
      "type": "GapStrategy",
      "enabled": false,
      "pointsThreshold": 20,
      "numberOfDatapointsReceived": 50,
      "quantity": 65,
      "targetPrice": 10,
      "stopLossPrice": 5,
      "maxHoldTimeMinutes": 600,
      "gapReversalMode": false,
      "gapReversalThreshold": 100,
      "logEnabled": true
    },
    {
      "type": "RuleBasedStrategy",
      "enabled": false,
      "indicators": [
        "RSI_5_70_30"
      ],
      "quantity": 65,
      "target": 10,
      "stopLoss": 20,
      "maxHoldTimeMinutes": 30,
      "logEnabled": true
    },
    {
      "type": "GoodMorningStrategy",
      "enabled": false,
      "quantity": 65,
      "targetPoints": 10,
      "stopLossPoints": 10,
      "logEnabled": true,
      "snapshotTime": "10:00",
      "confirmTime": "10:30",
      "previousClose": 24219,
      "minMovementPoints": 10
    },
    {
      "type": "GoodMorningSensexStrategy",
      "enabled": false,
      "quantity": 200,
      "targetPoints": 30,
      "stopLossPoints": 30,
      "logEnabled": true,
      "snapshotTime": "09:40",
      "confirmTime": "09:45",
      "minMovementPoints": 30
    },
    {
      "type": "SupportResistanceStrategy",
      "enabled": false,
      "supportPrice": 0,
      "resistancePrice": 0,
      "quantity": 1755,
      "targetPoints": 10,
      "stopLossPoints": 15,
      "logEnabled": true
    },
    {
      "type": "TargetReachStrategy",
      "enabled": false,
      "symbol": "NIFTY",
      "strike": 0,
      "expiry": "2026-01-01",
      "optionType": "CE",
      "targetPrice": 0,
      "quantity": 1755,
      "targetPoints": 10,
      "stopLossPoints": 15,
      "logEnabled": true
    }
  ]
}
[20:29:23] [Config._processFile] Dir Name: /home/karthikeyan/work/icici/dist/prism
[20:29:23] [Config._processFile] File Name: /home/karthikeyan/work/icici/dist/prism/config.js
[orchestrator] [dev] Restarting frontend (data/order/strategies untouched)...
[20:29:23] [NorenRestApi.reloadToken] Restored Shoonya access token from userToken.txt
[orchestrator] [frontend] exited (code=0 signal=null)
[orchestrator] [dev] Restarting data (order/strategies/frontend untouched)...
[orchestrator] [data] exited (code=0 signal=null)
[20:29:23] [ConfigService.loadConfig] Config Updated: {
  "srHypothesis": {
    "confirmWindowMin": 2,
    "maxJump": 15,
    "maxRangeWidth": 30,
    "buffer": 10,
    "target": 10,
    "stopLoss": 10,
    "breachBuffer": 0,
    "breachConfirmSec": 0,
    "heldMinSec": 407,
    "heldMaxSec": 651,
    "csvOutput": false
  },
  "rocHypothesis": {
    "target": 10,
    "stopLoss": 10,
    "cooldownSec": 60,
    "minWins": 2,
    "windowGridMin": [
      1,
      2,
      3,
      4,
      5,
      7,
      10,
      15
    ],
    "thresholdGrid": [
      5,
      10,
      15,
      20,
      25,
      30,
      40,
      50,
      60,
      75,
      100
    ],
    "csvOutput": false
  },
  "settings": {
    "minPrice": 20,
    "maxPrice": 30000,
    "targetPriceDiff": 2,
    "stopLossPriceDiff": 11,
    "trailingDistance": 4,
    "cooldownSeconds": 0,
    "logQuotes": false,
    "safetyBufferAmount": 5000,
    "consistencyLimitPercent": 40,
    "maxDailyDrawdownPercent": 25,
    "maxMonthlyDrawdownPercent": 50,
    "maxTradesPerDay": 10
  },
  "strategies": [
    {
      "type": "SentimentStrategy",
      "enabled": false,
      "averageThreshold": 20,
      "targetPrice": 2,
      "orderQuantity": 7200,
      "sentiment": "put",
      "loopCount": 1
    },
    {
      "type": "BuySellStrategy",
      "enabled": false,
      "initialQuantity": 150,
      "incrementFactor": "single",
      "incrementQuantity": 150,
      "averageThreshold": 10,
      "targetPrice": 5,
      "stopEnabled": false,
      "activateIntermittentCount": 100,
      "maxIterationCount": 10,
      "logEnabled": false,
      "right": "none"
    },
    {
      "type": "ContinuousStrategy",
      "enabled": false,
      "initialQuantity": 65,
      "slDistance": 10,
      "minPremium": 100,
      "allottedCapital": 200000,
      "spawnQuantityMode": "same",
      "averageQuantityMode": "same",
      "right": "none",
      "cooldownSeconds": 60,
      "refillCancelDistance": 50,
      "logEnabled": true
    },
    {
      "type": "IntermittentStrategy",
      "enabled": false,
      "loopCount": 3,
      "targetPrice": 2,
      "quantity": 75,
      "threshold": 10,
      "logEnabled": false
    },
    {
      "type": "RateOfChangeStrategy",
      "enabled": false,
      "pointsThreshold": 30,
      "accelerationThreshold": 5,
      "numberOfDatapointsReceived": 50,
      "quantity": 65,
      "targetPrice": 2,
      "stopLossPrice": 11,
      "maxHoldTimeMinutes": 30,
      "logEnabled": true
    },
    {
      "type": "GapStrategy",
      "enabled": false,
      "pointsThreshold": 20,
      "numberOfDatapointsReceived": 50,
      "quantity": 65,
      "targetPrice": 10,
      "stopLossPrice": 5,
      "maxHoldTimeMinutes": 600,
      "gapReversalMode": false,
      "gapReversalThreshold": 100,
      "logEnabled": true
    },
    {
      "type": "RuleBasedStrategy",
      "enabled": false,
      "indicators": [
        "RSI_5_70_30"
      ],
      "quantity": 65,
      "target": 10,
      "stopLoss": 20,
      "maxHoldTimeMinutes": 30,
      "logEnabled": true
    },
    {
      "type": "GoodMorningStrategy",
      "enabled": false,
      "quantity": 65,
      "targetPoints": 10,
      "stopLossPoints": 10,
      "logEnabled": true,
      "snapshotTime": "10:00",
      "confirmTime": "10:30",
      "previousClose": 24219,
      "minMovementPoints": 10
    },
    {
      "type": "GoodMorningSensexStrategy",
      "enabled": false,
      "quantity": 200,
      "targetPoints": 30,
      "stopLossPoints": 30,
      "logEnabled": true,
      "snapshotTime": "09:40",
      "confirmTime": "09:45",
      "minMovementPoints": 30
    },
    {
      "type": "SupportResistanceStrategy",
      "enabled": false,
      "supportPrice": 0,
      "resistancePrice": 0,
      "quantity": 1755,
      "targetPoints": 10,
      "stopLossPoints": 15,
      "logEnabled": true
    },
    {
      "type": "TargetReachStrategy",
      "enabled": false,
      "symbol": "NIFTY",
      "strike": 0,
      "expiry": "2026-01-01",
      "optionType": "CE",
      "targetPrice": 0,
      "quantity": 1755,
      "targetPoints": 10,
      "stopLossPoints": 15,
      "logEnabled": true
    }
  ]
}
[orchestrator] [dev] Restarting order (data/strategies/frontend untouched)...
[orchestrator] [order] exited (code=null signal=SIGTERM)
[orchestrator] [dev] Restarting strategies (data/order untouched)...
[orchestrator] [boot] Starting strategies...
[orchestrator] [strategies] exited (code=null signal=SIGTERM)
[20:29:24] [ConfigService.loadConfig] Config Updated: {
  "srHypothesis": {
    "confirmWindowMin": 2,
    "maxJump": 15,
    "maxRangeWidth": 30,
    "buffer": 10,
    "target": 10,
    "stopLoss": 10,
    "breachBuffer": 0,
    "breachConfirmSec": 0,
    "heldMinSec": 407,
    "heldMaxSec": 651,
    "csvOutput": false
  },
  "rocHypothesis": {
    "target": 10,
    "stopLoss": 10,
    "cooldownSec": 60,
    "minWins": 2,
    "windowGridMin": [
      1,
      2,
      3,
      4,
      5,
      7,
      10,
      15
    ],
    "thresholdGrid": [
      5,
      10,
      15,
      20,
      25,
      30,
      40,
      50,
      60,
      75,
      100
    ],
    "csvOutput": false
  },
  "settings": {
    "minPrice": 20,
    "maxPrice": 30000,
    "targetPriceDiff": 2,
    "stopLossPriceDiff": 11,
    "trailingDistance": 4,
    "cooldownSeconds": 0,
    "logQuotes": false,
    "safetyBufferAmount": 5000,
    "consistencyLimitPercent": 40,
    "maxDailyDrawdownPercent": 25,
    "maxMonthlyDrawdownPercent": 50,
    "maxTradesPerDay": 10
  },
  "strategies": [
    {
      "type": "SentimentStrategy",
      "enabled": false,
      "averageThreshold": 20,
      "targetPrice": 2,
      "orderQuantity": 7200,
      "sentiment": "put",
      "loopCount": 1
    },
    {
      "type": "BuySellStrategy",
      "enabled": false,
      "initialQuantity": 150,
      "incrementFactor": "single",
      "incrementQuantity": 150,
      "averageThreshold": 10,
      "targetPrice": 5,
      "stopEnabled": false,
      "activateIntermittentCount": 100,
      "maxIterationCount": 10,
      "logEnabled": false,
      "right": "none"
    },
    {
      "type": "ContinuousStrategy",
      "enabled": false,
      "initialQuantity": 65,
      "slDistance": 10,
      "minPremium": 100,
      "allottedCapital": 200000,
      "spawnQuantityMode": "same",
      "averageQuantityMode": "same",
      "right": "none",
      "cooldownSeconds": 60,
      "refillCancelDistance": 50,
      "logEnabled": true
    },
    {
      "type": "IntermittentStrategy",
      "enabled": false,
      "loopCount": 3,
      "targetPrice": 2,
      "quantity": 75,
      "threshold": 10,
      "logEnabled": false
    },
    {
      "type": "RateOfChangeStrategy",
      "enabled": false,
      "pointsThreshold": 30,
      "accelerationThreshold": 5,
      "numberOfDatapointsReceived": 50,
      "quantity": 65,
      "targetPrice": 2,
      "stopLossPrice": 11,
      "maxHoldTimeMinutes": 30,
      "logEnabled": true
    },
    {
      "type": "GapStrategy",
      "enabled": false,
      "pointsThreshold": 20,
      "numberOfDatapointsReceived": 50,
      "quantity": 65,
      "targetPrice": 10,
      "stopLossPrice": 5,
      "maxHoldTimeMinutes": 600,
      "gapReversalMode": false,
      "gapReversalThreshold": 100,
      "logEnabled": true
    },
    {
      "type": "RuleBasedStrategy",
      "enabled": false,
      "indicators": [
        "RSI_5_70_30"
      ],
      "quantity": 65,
      "target": 10,
      "stopLoss": 20,
      "maxHoldTimeMinutes": 30,
      "logEnabled": true
    },
    {
      "type": "GoodMorningStrategy",
      "enabled": false,
      "quantity": 65,
      "targetPoints": 10,
      "stopLossPoints": 10,
      "logEnabled": true,
      "snapshotTime": "10:00",
      "confirmTime": "10:30",
      "previousClose": 24219,
      "minMovementPoints": 10
    },
    {
      "type": "GoodMorningSensexStrategy",
      "enabled": false,
      "quantity": 200,
      "targetPoints": 30,
      "stopLossPoints": 30,
      "logEnabled": true,
      "snapshotTime": "09:40",
      "confirmTime": "09:45",
      "minMovementPoints": 30
    },
    {
      "type": "SupportResistanceStrategy",
      "enabled": false,
      "supportPrice": 0,
      "resistancePrice": 0,
      "quantity": 1755,
      "targetPoints": 10,
      "stopLossPoints": 15,
      "logEnabled": true
    },
    {
      "type": "TargetReachStrategy",
      "enabled": false,
      "symbol": "NIFTY",
      "strike": 0,
      "expiry": "2026-01-01",
      "optionType": "CE",
      "targetPrice": 0,
      "quantity": 1755,
      "targetPoints": 10,
      "stopLossPoints": 15,
      "logEnabled": true
    }
  ]
}
[20:29:24] [ConfigService.loadConfig] Config Updated: {
  "srHypothesis": {
    "confirmWindowMin": 2,
    "maxJump": 15,
    "maxRangeWidth": 30,
    "buffer": 10,
    "target": 10,
    "stopLoss": 10,
    "breachBuffer": 0,
    "breachConfirmSec": 0,
    "heldMinSec": 407,
    "heldMaxSec": 651,
    "csvOutput": false
  },
  "rocHypothesis": {
    "target": 10,
    "stopLoss": 10,
    "cooldownSec": 60,
    "minWins": 2,
    "windowGridMin": [
      1,
      2,
      3,
      4,
      5,
      7,
      10,
      15
    ],
    "thresholdGrid": [
      5,
      10,
      15,
      20,
      25,
      30,
      40,
      50,
      60,
      75,
      100
    ],
    "csvOutput": false
  },
  "settings": {
    "minPrice": 20,
    "maxPrice": 30000,
    "targetPriceDiff": 2,
    "stopLossPriceDiff": 11,
    "trailingDistance": 4,
    "cooldownSeconds": 0,
    "logQuotes": false,
    "safetyBufferAmount": 5000,
    "consistencyLimitPercent": 40,
    "maxDailyDrawdownPercent": 25,
    "maxMonthlyDrawdownPercent": 50,
    "maxTradesPerDay": 10
  },
  "strategies": [
    {
      "type": "SentimentStrategy",
      "enabled": false,
      "averageThreshold": 20,
      "targetPrice": 2,
      "orderQuantity": 7200,
      "sentiment": "put",
      "loopCount": 1
    },
    {
      "type": "BuySellStrategy",
      "enabled": false,
      "initialQuantity": 150,
      "incrementFactor": "single",
      "incrementQuantity": 150,
      "averageThreshold": 10,
      "targetPrice": 5,
      "stopEnabled": false,
      "activateIntermittentCount": 100,
      "maxIterationCount": 10,
      "logEnabled": false,
      "right": "none"
    },
    {
      "type": "ContinuousStrategy",
      "enabled": false,
      "initialQuantity": 65,
      "slDistance": 10,
      "minPremium": 100,
      "allottedCapital": 200000,
      "spawnQuantityMode": "same",
      "averageQuantityMode": "same",
      "right": "none",
      "cooldownSeconds": 60,
      "refillCancelDistance": 50,
      "logEnabled": true
    },
    {
      "type": "IntermittentStrategy",
      "enabled": false,
      "loopCount": 3,
      "targetPrice": 2,
      "quantity": 75,
      "threshold": 10,
      "logEnabled": false
    },
    {
      "type": "RateOfChangeStrategy",
      "enabled": false,
      "pointsThreshold": 30,
      "accelerationThreshold": 5,
      "numberOfDatapointsReceived": 50,
      "quantity": 65,
      "targetPrice": 2,
      "stopLossPrice": 11,
      "maxHoldTimeMinutes": 30,
      "logEnabled": true
    },
    {
      "type": "GapStrategy",
      "enabled": false,
      "pointsThreshold": 20,
      "numberOfDatapointsReceived": 50,
      "quantity": 65,
      "targetPrice": 10,
      "stopLossPrice": 5,
      "maxHoldTimeMinutes": 600,
      "gapReversalMode": false,
      "gapReversalThreshold": 100,
      "logEnabled": true
    },
    {
      "type": "RuleBasedStrategy",
      "enabled": false,
      "indicators": [
        "RSI_5_70_30"
      ],
      "quantity": 65,
      "target": 10,
      "stopLoss": 20,
      "maxHoldTimeMinutes": 30,
      "logEnabled": true
    },
    {
      "type": "GoodMorningStrategy",
      "enabled": false,
      "quantity": 65,
      "targetPoints": 10,
      "stopLossPoints": 10,
      "logEnabled": true,
      "snapshotTime": "10:00",
      "confirmTime": "10:30",
      "previousClose": 24219,
      "minMovementPoints": 10
    },
    {
      "type": "GoodMorningSensexStrategy",
      "enabled": false,
      "quantity": 200,
      "targetPoints": 30,
      "stopLossPoints": 30,
      "logEnabled": true,
      "snapshotTime": "09:40",
      "confirmTime": "09:45",
      "minMovementPoints": 30
    },
    {
      "type": "SupportResistanceStrategy",
      "enabled": false,
      "supportPrice": 0,
      "resistancePrice": 0,
      "quantity": 1755,
      "targetPoints": 10,
      "stopLossPoints": 15,
      "logEnabled": true
    },
    {
      "type": "TargetReachStrategy",
      "enabled": false,
      "symbol": "NIFTY",
      "strike": 0,
      "expiry": "2026-01-01",
      "optionType": "CE",
      "targetPrice": 0,
      "quantity": 1755,
      "targetPoints": 10,
      "stopLossPoints": 15,
      "logEnabled": true
    }
  ]
}
[20:29:24] [Mongo.init] Mongo is initialized
[20:29:24] [Mongo._init] Mongo is initialized
[20:29:24] [AntDataStream.connect] [AntDataStream] Connecting to ANT streaming...
[20:29:24] [ANT.loadSession] ANT session loaded from file
[20:29:24] [AntSession.prepareWsSession] [AntSession] Creating WS session (createWsSess)...
[20:29:24] [ConfigService.loadConfig] Config Updated: {
  "srHypothesis": {
    "confirmWindowMin": 2,
    "maxJump": 15,
    "maxRangeWidth": 30,
    "buffer": 10,
    "target": 10,
    "stopLoss": 10,
    "breachBuffer": 0,
    "breachConfirmSec": 0,
    "heldMinSec": 407,
    "heldMaxSec": 651,
    "csvOutput": false
  },
  "rocHypothesis": {
    "target": 10,
    "stopLoss": 10,
    "cooldownSec": 60,
    "minWins": 2,
    "windowGridMin": [
      1,
      2,
      3,
      4,
      5,
      7,
      10,
      15
    ],
    "thresholdGrid": [
      5,
      10,
      15,
      20,
      25,
      30,
      40,
      50,
      60,
      75,
      100
    ],
    "csvOutput": false
  },
  "settings": {
    "minPrice": 20,
    "maxPrice": 30000,
    "targetPriceDiff": 2,
    "stopLossPriceDiff": 11,
    "trailingDistance": 4,
    "cooldownSeconds": 0,
    "logQuotes": false,
    "safetyBufferAmount": 5000,
    "consistencyLimitPercent": 40,
    "maxDailyDrawdownPercent": 25,
    "maxMonthlyDrawdownPercent": 50,
    "maxTradesPerDay": 10
  },
  "strategies": [
    {
      "type": "SentimentStrategy",
      "enabled": false,
      "averageThreshold": 20,
      "targetPrice": 2,
      "orderQuantity": 7200,
      "sentiment": "put",
      "loopCount": 1
    },
    {
      "type": "BuySellStrategy",
      "enabled": false,
      "initialQuantity": 150,
      "incrementFactor": "single",
      "incrementQuantity": 150,
      "averageThreshold": 10,
      "targetPrice": 5,
      "stopEnabled": false,
      "activateIntermittentCount": 100,
      "maxIterationCount": 10,
      "logEnabled": false,
      "right": "none"
    },
    {
      "type": "ContinuousStrategy",
      "enabled": false,
      "initialQuantity": 65,
      "slDistance": 10,
      "minPremium": 100,
      "allottedCapital": 200000,
      "spawnQuantityMode": "same",
      "averageQuantityMode": "same",
      "right": "none",
      "cooldownSeconds": 60,
      "refillCancelDistance": 50,
      "logEnabled": true
    },
    {
      "type": "IntermittentStrategy",
      "enabled": false,
      "loopCount": 3,
      "targetPrice": 2,
      "quantity": 75,
      "threshold": 10,
      "logEnabled": false
    },
    {
      "type": "RateOfChangeStrategy",
      "enabled": false,
      "pointsThreshold": 30,
      "accelerationThreshold": 5,
      "numberOfDatapointsReceived": 50,
      "quantity": 65,
      "targetPrice": 2,
      "stopLossPrice": 11,
      "maxHoldTimeMinutes": 30,
      "logEnabled": true
    },
    {
      "type": "GapStrategy",
      "enabled": false,
      "pointsThreshold": 20,
      "numberOfDatapointsReceived": 50,
      "quantity": 65,
      "targetPrice": 10,
      "stopLossPrice": 5,
      "maxHoldTimeMinutes": 600,
      "gapReversalMode": false,
      "gapReversalThreshold": 100,
      "logEnabled": true
    },
    {
      "type": "RuleBasedStrategy",
      "enabled": false,
      "indicators": [
        "RSI_5_70_30"
      ],
      "quantity": 65,
      "target": 10,
      "stopLoss": 20,
      "maxHoldTimeMinutes": 30,
      "logEnabled": true
    },
    {
      "type": "GoodMorningStrategy",
      "enabled": false,
      "quantity": 65,
      "targetPoints": 10,
      "stopLossPoints": 10,
      "logEnabled": true,
      "snapshotTime": "10:00",
      "confirmTime": "10:30",
      "previousClose": 24219,
      "minMovementPoints": 10
    },
    {
      "type": "GoodMorningSensexStrategy",
      "enabled": false,
      "quantity": 200,
      "targetPoints": 30,
      "stopLossPoints": 30,
      "logEnabled": true,
      "snapshotTime": "09:40",
      "confirmTime": "09:45",
      "minMovementPoints": 30
    },
    {
      "type": "SupportResistanceStrategy",
      "enabled": false,
      "supportPrice": 0,
      "resistancePrice": 0,
      "quantity": 1755,
      "targetPoints": 10,
      "stopLossPoints": 15,
      "logEnabled": true
    },
    {
      "type": "TargetReachStrategy",
      "enabled": false,
      "symbol": "NIFTY",
      "strike": 0,
      "expiry": "2026-01-01",
      "optionType": "CE",
      "targetPrice": 0,
      "quantity": 1755,
      "targetPoints": 10,
      "stopLossPoints": 15,
      "logEnabled": true
    }
  ]
}
[20:29:24] [ConfigService.loadConfig] Config Updated: {
  "srHypothesis": {
    "confirmWindowMin": 2,
    "maxJump": 15,
    "maxRangeWidth": 30,
    "buffer": 10,
    "target": 10,
    "stopLoss": 10,
    "breachBuffer": 0,
    "breachConfirmSec": 0,
    "heldMinSec": 407,
    "heldMaxSec": 651,
    "csvOutput": false
  },
  "rocHypothesis": {
    "target": 10,
    "stopLoss": 10,
    "cooldownSec": 60,
    "minWins": 2,
    "windowGridMin": [
      1,
      2,
      3,
      4,
      5,
      7,
      10,
      15
    ],
    "thresholdGrid": [
      5,
      10,
      15,
      20,
      25,
      30,
      40,
      50,
      60,
      75,
      100
    ],
    "csvOutput": false
  },
  "settings": {
    "minPrice": 20,
    "maxPrice": 30000,
    "targetPriceDiff": 2,
    "stopLossPriceDiff": 11,
    "trailingDistance": 4,
    "cooldownSeconds": 0,
    "logQuotes": false,
    "safetyBufferAmount": 5000,
    "consistencyLimitPercent": 40,
    "maxDailyDrawdownPercent": 25,
    "maxMonthlyDrawdownPercent": 50,
    "maxTradesPerDay": 10
  },
  "strategies": [
    {
      "type": "SentimentStrategy",
      "enabled": false,
      "averageThreshold": 20,
      "targetPrice": 2,
      "orderQuantity": 7200,
      "sentiment": "put",
      "loopCount": 1
    },
    {
      "type": "BuySellStrategy",
      "enabled": false,
      "initialQuantity": 150,
      "incrementFactor": "single",
      "incrementQuantity": 150,
      "averageThreshold": 10,
      "targetPrice": 5,
      "stopEnabled": false,
      "activateIntermittentCount": 100,
      "maxIterationCount": 10,
      "logEnabled": false,
      "right": "none"
    },
    {
      "type": "ContinuousStrategy",
      "enabled": false,
      "initialQuantity": 65,
      "slDistance": 10,
      "minPremium": 100,
      "allottedCapital": 200000,
      "spawnQuantityMode": "same",
      "averageQuantityMode": "same",
      "right": "none",
      "cooldownSeconds": 60,
      "refillCancelDistance": 50,
      "logEnabled": true
    },
    {
      "type": "IntermittentStrategy",
      "enabled": false,
      "loopCount": 3,
      "targetPrice": 2,
      "quantity": 75,
      "threshold": 10,
      "logEnabled": false
    },
    {
      "type": "RateOfChangeStrategy",
      "enabled": false,
      "pointsThreshold": 30,
      "accelerationThreshold": 5,
      "numberOfDatapointsReceived": 50,
      "quantity": 65,
      "targetPrice": 2,
      "stopLossPrice": 11,
      "maxHoldTimeMinutes": 30,
      "logEnabled": true
    },
    {
      "type": "GapStrategy",
      "enabled": false,
      "pointsThreshold": 20,
      "numberOfDatapointsReceived": 50,
      "quantity": 65,
      "targetPrice": 10,
      "stopLossPrice": 5,
      "maxHoldTimeMinutes": 600,
      "gapReversalMode": false,
      "gapReversalThreshold": 100,
      "logEnabled": true
    },
    {
      "type": "RuleBasedStrategy",
      "enabled": false,
      "indicators": [
        "RSI_5_70_30"
      ],
      "quantity": 65,
      "target": 10,
      "stopLoss": 20,
      "maxHoldTimeMinutes": 30,
      "logEnabled": true
    },
    {
      "type": "GoodMorningStrategy",
      "enabled": false,
      "quantity": 65,
      "targetPoints": 10,
      "stopLossPoints": 10,
      "logEnabled": true,
      "snapshotTime": "10:00",
      "confirmTime": "10:30",
      "previousClose": 24219,
      "minMovementPoints": 10
    },
    {
      "type": "GoodMorningSensexStrategy",
      "enabled": false,
      "quantity": 200,
      "targetPoints": 30,
      "stopLossPoints": 30,
      "logEnabled": true,
      "snapshotTime": "09:40",
      "confirmTime": "09:45",
      "minMovementPoints": 30
    },
    {
      "type": "SupportResistanceStrategy",
      "enabled": false,
      "supportPrice": 0,
      "resistancePrice": 0,
      "quantity": 1755,
      "targetPoints": 10,
      "stopLossPoints": 15,
      "logEnabled": true
    },
    {
      "type": "TargetReachStrategy",
      "enabled": false,
      "symbol": "NIFTY",
      "strike": 0,
      "expiry": "2026-01-01",
      "optionType": "CE",
      "targetPrice": 0,
      "quantity": 1755,
      "targetPoints": 10,
      "stopLossPoints": 15,
      "logEnabled": true
    }
  ]
}
[20:29:24] [Config._processFile] Dir Name: /home/karthikeyan/work/icici/dist/prism
[20:29:24] [Config._processFile] File Name: /home/karthikeyan/work/icici/dist/prism/config.js
[20:29:25] [NorenRestApi.reloadToken] Restored Shoonya access token from userToken.txt
[20:29:25] [AntSession.prepareWsSession] [AntSession] createWsSess response: {
  "status": "Ok",
  "message": "Success",
  "result": [
    {
      "Status": "OK"
    }
  ]
}
[20:29:25] [AntSession.prepareWsSession] [AntSession] WS session prepared successfully
[20:29:25] [Config._processFile] Dir Name: /home/karthikeyan/work/icici/dist/prism
[20:29:25] [Config._processFile] File Name: /home/karthikeyan/work/icici/dist/prism/config.js
[20:29:25] [NorenRestApi.reloadToken] Restored Shoonya access token from userToken.txt
[20:29:25] [ws.onopen] [AntWS] Connected, sending auth payload...
[20:29:25] [AntDataStream.connect] [AntDataStream] Connected and streaming
[20:29:25] [main] [data] Ready - NIFTY/SENSEX always subscribed, streaming to stdout.
[20:29:25] [Config._processFile] Dir Name: /home/karthikeyan/work/icici/dist/prism
[20:29:25] [Config._processFile] File Name: /home/karthikeyan/work/icici/dist/prism/config.js
[20:29:25] [ws.onmessage] [AntWS] Connect ack: {
  "t": "ck",
  "s": "OK",
  "uid": "924118_API"
}
[20:29:25] [/home/karthikeyan/work/icici/dist/processes/data/AntDataStream.js:57:27] [AntDataStream] WebSocket open, subscribing to always-on instruments...
[20:29:25] [NorenRestApi.reloadToken] Restored Shoonya access token from userToken.txt
[20:29:25] [AntWebSocket.subscribe] [AntWS] Subscribing: NSE|26000#BSE|1
[20:29:25] [Mongo.init] Mongo is initialized
[20:29:25] [Mongo.init] Mongo is initialized
[20:29:25] [Mongo._init] Mongo is initialized
[20:29:25] [Config._processFile] lot count: 1
[20:29:25] [Config._processFile] Auto Trade: false
[20:29:25] [Mongo._init] Mongo is initialized
[20:29:25] [expandRuleBasedConfig] [StrategyFactory] Expanded RuleBasedStrategy into 1 instances
[20:29:25] [Strategies.initialize] [] expandedConfigArray:  [
  {
    "type": "SentimentStrategy",
    "enabled": false,
    "averageThreshold": 20,
    "targetPrice": 2,
    "orderQuantity": 7200,
    "sentiment": "put",
    "loopCount": 1
  },
  {
    "type": "BuySellStrategy",
    "enabled": false,
    "initialQuantity": 150,
    "incrementFactor": "single",
    "incrementQuantity": 150,
    "averageThreshold": 10,
    "targetPrice": 5,
    "stopEnabled": false,
    "activateIntermittentCount": 100,
    "maxIterationCount": 10,
    "logEnabled": false,
    "right": "none"
  },
  {
    "type": "ContinuousStrategy",
    "enabled": false,
    "initialQuantity": 65,
    "slDistance": 10,
    "minPremium": 100,
    "allottedCapital": 200000,
    "spawnQuantityMode": "same",
    "averageQuantityMode": "same",
    "right": "none",
    "cooldownSeconds": 60,
    "refillCancelDistance": 50,
    "logEnabled": true
  },
  {
    "type": "IntermittentStrategy",
    "enabled": false,
    "loopCount": 3,
    "targetPrice": 2,
    "quantity": 75,
    "threshold": 10,
    "logEnabled": false
  },
  {
    "type": "RateOfChangeStrategy",
    "enabled": false,
    "pointsThreshold": 30,
    "accelerationThreshold": 5,
    "numberOfDatapointsReceived": 50,
    "quantity": 65,
    "targetPrice": 2,
    "stopLossPrice": 11,
    "maxHoldTimeMinutes": 30,
    "logEnabled": true
  },
  {
    "type": "GapStrategy",
    "enabled": false,
    "pointsThreshold": 20,
    "numberOfDatapointsReceived": 50,
    "quantity": 65,
    "targetPrice": 10,
    "stopLossPrice": 5,
    "maxHoldTimeMinutes": 600,
    "gapReversalMode": false,
    "gapReversalThreshold": 100,
    "logEnabled": true
  },
  {
    "type": "RuleBasedStrategy",
    "enabled": false,
    "indicators": [
      "RSI_5_70_30"
    ],
    "quantity": 65,
    "target": 10,
    "stopLoss": 20,
    "maxHoldTimeMinutes": 30,
    "logEnabled": true,
    "userId": "Rule-RSI_5_70_30"
  },
  {
    "type": "GoodMorningStrategy",
    "enabled": false,
    "quantity": 65,
    "targetPoints": 10,
    "stopLossPoints": 10,
    "logEnabled": true,
    "snapshotTime": "10:00",
    "confirmTime": "10:30",
    "previousClose": 24219,
    "minMovementPoints": 10
  },
  {
    "type": "GoodMorningSensexStrategy",
    "enabled": false,
    "quantity": 200,
    "targetPoints": 30,
    "stopLossPoints": 30,
    "logEnabled": true,
    "snapshotTime": "09:40",
    "confirmTime": "09:45",
    "minMovementPoints": 30
  },
  {
    "type": "SupportResistanceStrategy",
    "enabled": false,
    "supportPrice": 0,
    "resistancePrice": 0,
    "quantity": 1755,
    "targetPoints": 10,
    "stopLossPoints": 15,
    "logEnabled": true
  },
  {
    "type": "TargetReachStrategy",
    "enabled": false,
    "symbol": "NIFTY",
    "strike": 0,
    "expiry": "2026-01-01",
    "optionType": "CE",
    "targetPrice": 0,
    "quantity": 1755,
    "targetPoints": 10,
    "stopLossPoints": 15,
    "logEnabled": true
  }
]
[20:29:25] [expandRuleBasedConfig] [StrategyFactory] Expanded RuleBasedStrategy into 1 instances
[20:29:25] [new RuleBasedStrategy] [RuleBased:Rule-RSI_5_70_30] Initialized with indicators: RSI_5_70_30
[20:29:25] [Strategies.initialize] [Strategies] Initialized 11 strategies: [
  "SentimentStrategy(SentimentStrategy, enabled=false)",
  "BuySellStrategy(BuySellStrategy, enabled=false)",
  "ContinuousStrategy(ContinuousStrategy, enabled=false)",
  "IntermittentStrategy(IntermittentStrategy, enabled=false)",
  "RateOfChangeStrategy(RateOfChangeStrategy, enabled=false)",
  "GapStrategy(GapStrategy, enabled=false)",
  "RuleBasedStrategy(Rule-RSI_5_70_30, enabled=false)",
  "GoodMorningStrategy(GoodMorningStrategy, enabled=false)",
  "GoodMorningSensexStrategy(GoodMorningSensexStrategy, enabled=false)",
  "SupportResistanceStrategy(SupportResistanceStrategy, enabled=false)",
  "TargetReachStrategy(TargetReachStrategy, enabled=false)"
]
[20:29:25] [main] [strategies] Ready - 11 strategies loaded.
[20:29:25] [Server.<anonymous>] [strategies] Listening on /tmp/icici-strategies.sock
[20:29:25] [OrderBookkeeping.loadClosedTradesFromMongo] [order] Reloaded 6 closed trade(s) from Mongo for today
[20:29:25] [ANT.loadSession] ANT session loaded from file
[20:29:25] [/home/karthikeyan/work/icici/dist/processes/strategies/OrderClient.js:53:41] [strategies] Failed to parse order-process message:  Error: connect ENOENT /tmp/icici-order.sock
    at PipeConnectWrap.afterConnect [as oncomplete] (node:net:1615:16)
[20:29:25] [Socket.<anonymous>] [strategies] Order socket error: Error: connect ENOENT /tmp/icici-order.sock
    at PipeConnectWrap.afterConnect [as oncomplete] (node:net:1615:16)
[20:29:25] [Socket.<anonymous>] [strategies] Disconnected from order process, retrying in 2s...
[20:29:25] [Config._processFile] lot count: 1
[20:29:25] [Config._processFile] Auto Trade: false
Fri, 28 Aug 2026 14:59:25 GMT body-parser deprecated bodyParser: use individual json/urlencoded middlewares at dist/server.js:91:35
Fri, 28 Aug 2026 14:59:25 GMT body-parser deprecated undefined extended: provide extended option at node_modules/body-parser/index.js:104:29
[20:29:25] [Mongo.init] Mongo is initialized
[20:29:25] [Server.<anonymous>] [order] Listening on /tmp/icici-order.sock
[20:29:25] [Config._processFile] lot count: 1
[20:29:25] [Config._processFile] Auto Trade: false
[20:29:25] [Mongo._init] Mongo is initialized
[20:29:25] [Server.<anonymous>] [order] Client connected, total: 1
[20:29:25] [Server.<anonymous>] [strategies] Frontend client connected
[20:29:25] [Server.<anonymous>] [frontend] Listening on 3000
[20:29:25] [Socket.<anonymous>] [strategies] Connected to order process
[20:29:25] [Socket.<anonymous>] [frontend] Connected to strategies process
[20:29:25] [/home/karthikeyan/work/icici/dist/server.js:1440:27] [frontend] nifty tick: {"ltp":24175.65,"ltt":"1787919089","token":"26000","changePercent":0.35,"prevClose":24091.33034379671} clients=0
[20:29:25] [AntOrderNotifyStream.getWsToken] [AntOrderNotify] createWsToken response: {"status":"Ok","message":"200","result":[{"orderToken":"a1dab534e3e11278f5844327e89f2816e139ef8b6d40ab90772172c1a5f7754d"}]}
[20:29:25] [ws.onopen] [AntOrderNotify] Connected, subscribing...
[20:29:27] [Socket.<anonymous>] [strategies] Connected to order process
[20:29:27] [Server.<anonymous>] [order] Client connected, total: 2
[20:30:25] [Zerodha.loadSession] Zerodha session loaded from file
[20:34:26] [ws.onclose] [AntOrderNotify] WebSocket closed
[20:34:26] [ws.onclose] [AntOrderNotify] Past market close - not reconnecting
[orchestrator] [dev] Restarting order (data/strategies/frontend untouched)...
[20:36:01] [Socket.<anonymous>] [strategies] Disconnected from order process, retrying in 2s...
[20:36:01] [Socket.<anonymous>] [strategies] Disconnected from order process, retrying in 2s...
[orchestrator] [order] exited (code=0 signal=null)
[20:36:01] [ConfigService.loadConfig] Config Updated: {
  "srHypothesis": {
    "confirmWindowMin": 2,
    "maxJump": 15,
    "maxRangeWidth": 30,
    "buffer": 10,
    "target": 10,
    "stopLoss": 10,
    "breachBuffer": 0,
    "breachConfirmSec": 0,
    "heldMinSec": 407,
    "heldMaxSec": 651,
    "csvOutput": false
  },
  "rocHypothesis": {
    "target": 10,
    "stopLoss": 10,
    "cooldownSec": 60,
    "minWins": 2,
    "windowGridMin": [
      1,
      2,
      3,
      4,
      5,
      7,
      10,
      15
    ],
    "thresholdGrid": [
      5,
      10,
      15,
      20,
      25,
      30,
      40,
      50,
      60,
      75,
      100
    ],
    "csvOutput": false
  },
  "settings": {
    "minPrice": 20,
    "maxPrice": 30000,
    "targetPriceDiff": 2,
    "stopLossPriceDiff": 11,
    "trailingDistance": 4,
    "cooldownSeconds": 0,
    "logQuotes": false,
    "safetyBufferAmount": 5000,
    "consistencyLimitPercent": 40,
    "maxDailyDrawdownPercent": 25,
    "maxMonthlyDrawdownPercent": 50,
    "maxTradesPerDay": 10
  },
  "strategies": [
    {
      "type": "SentimentStrategy",
      "enabled": false,
      "averageThreshold": 20,
      "targetPrice": 2,
      "orderQuantity": 7200,
      "sentiment": "put",
      "loopCount": 1
    },
    {
      "type": "BuySellStrategy",
      "enabled": false,
      "initialQuantity": 150,
      "incrementFactor": "single",
      "incrementQuantity": 150,
      "averageThreshold": 10,
      "targetPrice": 5,
      "stopEnabled": false,
      "activateIntermittentCount": 100,
      "maxIterationCount": 10,
      "logEnabled": false,
      "right": "none"
    },
    {
      "type": "ContinuousStrategy",
      "enabled": false,
      "initialQuantity": 65,
      "slDistance": 10,
      "minPremium": 100,
      "allottedCapital": 200000,
      "spawnQuantityMode": "same",
      "averageQuantityMode": "same",
      "right": "none",
      "cooldownSeconds": 60,
      "refillCancelDistance": 50,
      "logEnabled": true
    },
    {
      "type": "IntermittentStrategy",
      "enabled": false,
      "loopCount": 3,
      "targetPrice": 2,
      "quantity": 75,
      "threshold": 10,
      "logEnabled": false
    },
    {
      "type": "RateOfChangeStrategy",
      "enabled": false,
      "pointsThreshold": 30,
      "accelerationThreshold": 5,
      "numberOfDatapointsReceived": 50,
      "quantity": 65,
      "targetPrice": 2,
      "stopLossPrice": 11,
      "maxHoldTimeMinutes": 30,
      "logEnabled": true
    },
    {
      "type": "GapStrategy",
      "enabled": false,
      "pointsThreshold": 20,
      "numberOfDatapointsReceived": 50,
      "quantity": 65,
      "targetPrice": 10,
      "stopLossPrice": 5,
      "maxHoldTimeMinutes": 600,
      "gapReversalMode": false,
      "gapReversalThreshold": 100,
      "logEnabled": true
    },
    {
      "type": "RuleBasedStrategy",
      "enabled": false,
      "indicators": [
        "RSI_5_70_30"
      ],
      "quantity": 65,
      "target": 10,
      "stopLoss": 20,
      "maxHoldTimeMinutes": 30,
      "logEnabled": true
    },
    {
      "type": "GoodMorningStrategy",
      "enabled": false,
      "quantity": 65,
      "targetPoints": 10,
      "stopLossPoints": 10,
      "logEnabled": true,
      "snapshotTime": "10:00",
      "confirmTime": "10:30",
      "previousClose": 24219,
      "minMovementPoints": 10
    },
    {
      "type": "GoodMorningSensexStrategy",
      "enabled": false,
      "quantity": 200,
      "targetPoints": 30,
      "stopLossPoints": 30,
      "logEnabled": true,
      "snapshotTime": "09:40",
      "confirmTime": "09:45",
      "minMovementPoints": 30
    },
    {
      "type": "SupportResistanceStrategy",
      "enabled": false,
      "supportPrice": 0,
      "resistancePrice": 0,
      "quantity": 1755,
      "targetPoints": 10,
      "stopLossPoints": 15,
      "logEnabled": true
    },
    {
      "type": "TargetReachStrategy",
      "enabled": false,
      "symbol": "NIFTY",
      "strike": 0,
      "expiry": "2026-01-01",
      "optionType": "CE",
      "targetPrice": 0,
      "quantity": 1755,
      "targetPoints": 10,
      "stopLossPoints": 15,
      "logEnabled": true
    }
  ]
}
[20:36:01] [Config._processFile] Dir Name: /home/karthikeyan/work/icici/dist/prism
[20:36:01] [Config._processFile] File Name: /home/karthikeyan/work/icici/dist/prism/config.js
[20:36:01] [NorenRestApi.reloadToken] Restored Shoonya access token from userToken.txt
[20:36:02] [Mongo.init] Mongo is initialized
[20:36:02] [Mongo._init] Mongo is initialized
[20:36:02] [Config._processFile] lot count: 1
[20:36:02] [Config._processFile] Auto Trade: false
[20:36:02] [OrderBookkeeping.loadClosedTradesFromMongo] [order] Reloaded 6 closed trade(s) from Mongo for today
[20:36:02] [ANT.loadSession] ANT session loaded from file
[20:36:02] [Server.<anonymous>] [order] Listening on /tmp/icici-order.sock
[20:36:02] [AntOrderNotifyStream.getWsToken] [AntOrderNotify] createWsToken response: {"status":"Ok","message":"200","result":[{"orderToken":"a1dab534e3e11278f5844327e89f2816e139ef8b6d40ab90772172c1a5f7754d"}]}
[20:36:02] [ws.onopen] [AntOrderNotify] Connected, subscribing...
[20:36:03] [Socket.<anonymous>] [strategies] Connected to order process
[20:36:03] [Server.<anonymous>] [order] Client connected, total: 1
[20:36:03] [Socket.<anonymous>] [strategies] Connected to order process
[20:36:03] [Server.<anonymous>] [order] Client connected, total: 2
[orchestrator] [dev] Restarting order (data/strategies/frontend untouched)...
[20:36:09] [Socket.<anonymous>] [strategies] Disconnected from order process, retrying in 2s...
[20:36:09] [Socket.<anonymous>] [strategies] Disconnected from order process, retrying in 2s...
[orchestrator] [order] exited (code=0 signal=null)
[20:36:10] [ConfigService.loadConfig] Config Updated: {
  "srHypothesis": {
    "confirmWindowMin": 2,
    "maxJump": 15,
    "maxRangeWidth": 30,
    "buffer": 10,
    "target": 10,
    "stopLoss": 10,
    "breachBuffer": 0,
    "breachConfirmSec": 0,
    "heldMinSec": 407,
    "heldMaxSec": 651,
    "csvOutput": false
  },
  "rocHypothesis": {
    "target": 10,
    "stopLoss": 10,
    "cooldownSec": 60,
    "minWins": 2,
    "windowGridMin": [
      1,
      2,
      3,
      4,
      5,
      7,
      10,
      15
    ],
    "thresholdGrid": [
      5,
      10,
      15,
      20,
      25,
      30,
      40,
      50,
      60,
      75,
      100
    ],
    "csvOutput": false
  },
  "settings": {
    "minPrice": 20,
    "maxPrice": 30000,
    "targetPriceDiff": 2,
    "stopLossPriceDiff": 11,
    "trailingDistance": 4,
    "cooldownSeconds": 0,
    "logQuotes": false,
    "safetyBufferAmount": 5000,
    "consistencyLimitPercent": 40,
    "maxDailyDrawdownPercent": 25,
    "maxMonthlyDrawdownPercent": 50,
    "maxTradesPerDay": 10
  },
  "strategies": [
    {
      "type": "SentimentStrategy",
      "enabled": false,
      "averageThreshold": 20,
      "targetPrice": 2,
      "orderQuantity": 7200,
      "sentiment": "put",
      "loopCount": 1
    },
    {
      "type": "BuySellStrategy",
      "enabled": false,
      "initialQuantity": 150,
      "incrementFactor": "single",
      "incrementQuantity": 150,
      "averageThreshold": 10,
      "targetPrice": 5,
      "stopEnabled": false,
      "activateIntermittentCount": 100,
      "maxIterationCount": 10,
      "logEnabled": false,
      "right": "none"
    },
    {
      "type": "ContinuousStrategy",
      "enabled": false,
      "initialQuantity": 65,
      "slDistance": 10,
      "minPremium": 100,
      "allottedCapital": 200000,
      "spawnQuantityMode": "same",
      "averageQuantityMode": "same",
      "right": "none",
      "cooldownSeconds": 60,
      "refillCancelDistance": 50,
      "logEnabled": true
    },
    {
      "type": "IntermittentStrategy",
      "enabled": false,
      "loopCount": 3,
      "targetPrice": 2,
      "quantity": 75,
      "threshold": 10,
      "logEnabled": false
    },
    {
      "type": "RateOfChangeStrategy",
      "enabled": false,
      "pointsThreshold": 30,
      "accelerationThreshold": 5,
      "numberOfDatapointsReceived": 50,
      "quantity": 65,
      "targetPrice": 2,
      "stopLossPrice": 11,
      "maxHoldTimeMinutes": 30,
      "logEnabled": true
    },
    {
      "type": "GapStrategy",
      "enabled": false,
      "pointsThreshold": 20,
      "numberOfDatapointsReceived": 50,
      "quantity": 65,
      "targetPrice": 10,
      "stopLossPrice": 5,
      "maxHoldTimeMinutes": 600,
      "gapReversalMode": false,
      "gapReversalThreshold": 100,
      "logEnabled": true
    },
    {
      "type": "RuleBasedStrategy",
      "enabled": false,
      "indicators": [
        "RSI_5_70_30"
      ],
      "quantity": 65,
      "target": 10,
      "stopLoss": 20,
      "maxHoldTimeMinutes": 30,
      "logEnabled": true
    },
    {
      "type": "GoodMorningStrategy",
      "enabled": false,
      "quantity": 65,
      "targetPoints": 10,
      "stopLossPoints": 10,
      "logEnabled": true,
      "snapshotTime": "10:00",
      "confirmTime": "10:30",
      "previousClose": 24219,
      "minMovementPoints": 10
    },
    {
      "type": "GoodMorningSensexStrategy",
      "enabled": false,
      "quantity": 200,
      "targetPoints": 30,
      "stopLossPoints": 30,
      "logEnabled": true,
      "snapshotTime": "09:40",
      "confirmTime": "09:45",
      "minMovementPoints": 30
    },
    {
      "type": "SupportResistanceStrategy",
      "enabled": false,
      "supportPrice": 0,
      "resistancePrice": 0,
      "quantity": 1755,
      "targetPoints": 10,
      "stopLossPoints": 15,
      "logEnabled": true
    },
    {
      "type": "TargetReachStrategy",
      "enabled": false,
      "symbol": "NIFTY",
      "strike": 0,
      "expiry": "2026-01-01",
      "optionType": "CE",
      "targetPrice": 0,
      "quantity": 1755,
      "targetPoints": 10,
      "stopLossPoints": 15,
      "logEnabled": true
    }
  ]
}
[20:36:10] [Config._processFile] Dir Name: /home/karthikeyan/work/icici/dist/prism
[20:36:10] [Config._processFile] File Name: /home/karthikeyan/work/icici/dist/prism/config.js
[20:36:10] [NorenRestApi.reloadToken] Restored Shoonya access token from userToken.txt
[20:36:10] [Mongo.init] Mongo is initialized
[20:36:10] [Mongo._init] Mongo is initialized
[20:36:10] [Config._processFile] lot count: 1
[20:36:10] [Config._processFile] Auto Trade: false
[20:36:10] [OrderBookkeeping.loadClosedTradesFromMongo] [order] Reloaded 6 closed trade(s) from Mongo for today
[20:36:10] [ANT.loadSession] ANT session loaded from file
[20:36:10] [Server.<anonymous>] [order] Listening on /tmp/icici-order.sock
[20:36:10] [AntOrderNotifyStream.getWsToken] [AntOrderNotify] createWsToken response: {"status":"Ok","message":"200","result":[{"orderToken":"a1dab534e3e11278f5844327e89f2816e139ef8b6d40ab90772172c1a5f7754d"}]}
[20:36:11] [ws.onopen] [AntOrderNotify] Connected, subscribing...
[20:36:11] [Socket.<anonymous>] [strategies] Connected to order process
[20:36:11] [Server.<anonymous>] [order] Client connected, total: 1
[20:36:11] [Socket.<anonymous>] [strategies] Connected to order process
[20:36:11] [Server.<anonymous>] [order] Client connected, total: 2
[orchestrator] [dev] Restarting strategies (data/order untouched)...
[orchestrator] [boot] Starting strategies...
[20:36:42] [Socket.<anonymous>] [frontend] Disconnected from strategies process, retrying in 2s...
[orchestrator] [strategies] exited (code=0 signal=null)
[20:36:42] [Socket.<anonymous>] [order] Client disconnected, total: 1
[orchestrator] [dev] Restarting order (data/strategies/frontend untouched)...
[20:36:42] [Socket.<anonymous>] [strategies] Disconnected from order process, retrying in 2s...
[orchestrator] [order] exited (code=0 signal=null)
[20:36:43] [ConfigService.loadConfig] Config Updated: {
  "srHypothesis": {
    "confirmWindowMin": 2,
    "maxJump": 15,
    "maxRangeWidth": 30,
    "buffer": 10,
    "target": 10,
    "stopLoss": 10,
    "breachBuffer": 0,
    "breachConfirmSec": 0,
    "heldMinSec": 407,
    "heldMaxSec": 651,
    "csvOutput": false
  },
  "rocHypothesis": {
    "target": 10,
    "stopLoss": 10,
    "cooldownSec": 60,
    "minWins": 2,
    "windowGridMin": [
      1,
      2,
      3,
      4,
      5,
      7,
      10,
      15
    ],
    "thresholdGrid": [
      5,
      10,
      15,
      20,
      25,
      30,
      40,
      50,
      60,
      75,
      100
    ],
    "csvOutput": false
  },
  "settings": {
    "minPrice": 20,
    "maxPrice": 30000,
    "targetPriceDiff": 2,
    "stopLossPriceDiff": 11,
    "trailingDistance": 4,
    "cooldownSeconds": 0,
    "logQuotes": false,
    "safetyBufferAmount": 5000,
    "consistencyLimitPercent": 40,
    "maxDailyDrawdownPercent": 25,
    "maxMonthlyDrawdownPercent": 50,
    "maxTradesPerDay": 10
  },
  "strategies": [
    {
      "type": "SentimentStrategy",
      "enabled": false,
      "averageThreshold": 20,
      "targetPrice": 2,
      "orderQuantity": 7200,
      "sentiment": "put",
      "loopCount": 1
    },
    {
      "type": "BuySellStrategy",
      "enabled": false,
      "initialQuantity": 150,
      "incrementFactor": "single",
      "incrementQuantity": 150,
      "averageThreshold": 10,
      "targetPrice": 5,
      "stopEnabled": false,
      "activateIntermittentCount": 100,
      "maxIterationCount": 10,
      "logEnabled": false,
      "right": "none"
    },
    {
      "type": "ContinuousStrategy",
      "enabled": false,
      "initialQuantity": 65,
      "slDistance": 10,
      "minPremium": 100,
      "allottedCapital": 200000,
      "spawnQuantityMode": "same",
      "averageQuantityMode": "same",
      "right": "none",
      "cooldownSeconds": 60,
      "refillCancelDistance": 50,
      "logEnabled": true
    },
    {
      "type": "IntermittentStrategy",
      "enabled": false,
      "loopCount": 3,
      "targetPrice": 2,
      "quantity": 75,
      "threshold": 10,
      "logEnabled": false
    },
    {
      "type": "RateOfChangeStrategy",
      "enabled": false,
      "pointsThreshold": 30,
      "accelerationThreshold": 5,
      "numberOfDatapointsReceived": 50,
      "quantity": 65,
      "targetPrice": 2,
      "stopLossPrice": 11,
      "maxHoldTimeMinutes": 30,
      "logEnabled": true
    },
    {
      "type": "GapStrategy",
      "enabled": false,
      "pointsThreshold": 20,
      "numberOfDatapointsReceived": 50,
      "quantity": 65,
      "targetPrice": 10,
      "stopLossPrice": 5,
      "maxHoldTimeMinutes": 600,
      "gapReversalMode": false,
      "gapReversalThreshold": 100,
      "logEnabled": true
    },
    {
      "type": "RuleBasedStrategy",
      "enabled": false,
      "indicators": [
        "RSI_5_70_30"
      ],
      "quantity": 65,
      "target": 10,
      "stopLoss": 20,
      "maxHoldTimeMinutes": 30,
      "logEnabled": true
    },
    {
      "type": "GoodMorningStrategy",
      "enabled": false,
      "quantity": 65,
      "targetPoints": 10,
      "stopLossPoints": 10,
      "logEnabled": true,
      "snapshotTime": "10:00",
      "confirmTime": "10:30",
      "previousClose": 24219,
      "minMovementPoints": 10
    },
    {
      "type": "GoodMorningSensexStrategy",
      "enabled": false,
      "quantity": 200,
      "targetPoints": 30,
      "stopLossPoints": 30,
      "logEnabled": true,
      "snapshotTime": "09:40",
      "confirmTime": "09:45",
      "minMovementPoints": 30
    },
    {
      "type": "SupportResistanceStrategy",
      "enabled": false,
      "supportPrice": 0,
      "resistancePrice": 0,
      "quantity": 1755,
      "targetPoints": 10,
      "stopLossPoints": 15,
      "logEnabled": true
    },
    {
      "type": "TargetReachStrategy",
      "enabled": false,
      "symbol": "NIFTY",
      "strike": 0,
      "expiry": "2026-01-01",
      "optionType": "CE",
      "targetPrice": 0,
      "quantity": 1755,
      "targetPoints": 10,
      "stopLossPoints": 15,
      "logEnabled": true
    }
  ]
}
[orchestrator] [dev] Restarting frontend (data/order/strategies untouched)...
[20:36:43] [Config._processFile] Dir Name: /home/karthikeyan/work/icici/dist/prism
[20:36:43] [Config._processFile] File Name: /home/karthikeyan/work/icici/dist/prism/config.js
[orchestrator] [frontend] exited (code=0 signal=null)
[20:36:43] [NorenRestApi.reloadToken] Restored Shoonya access token from userToken.txt
[orchestrator] [dev] Restarting data (order/strategies/frontend untouched)...
[orchestrator] [data] exited (code=0 signal=null)
[20:36:43] [ConfigService.loadConfig] Config Updated: {
  "srHypothesis": {
    "confirmWindowMin": 2,
    "maxJump": 15,
    "maxRangeWidth": 30,
    "buffer": 10,
    "target": 10,
    "stopLoss": 10,
    "breachBuffer": 0,
    "breachConfirmSec": 0,
    "heldMinSec": 407,
    "heldMaxSec": 651,
    "csvOutput": false
  },
  "rocHypothesis": {
    "target": 10,
    "stopLoss": 10,
    "cooldownSec": 60,
    "minWins": 2,
    "windowGridMin": [
      1,
      2,
      3,
      4,
      5,
      7,
      10,
      15
    ],
    "thresholdGrid": [
      5,
      10,
      15,
      20,
      25,
      30,
      40,
      50,
      60,
      75,
      100
    ],
    "csvOutput": false
  },
  "settings": {
    "minPrice": 20,
    "maxPrice": 30000,
    "targetPriceDiff": 2,
    "stopLossPriceDiff": 11,
    "trailingDistance": 4,
    "cooldownSeconds": 0,
    "logQuotes": false,
    "safetyBufferAmount": 5000,
    "consistencyLimitPercent": 40,
    "maxDailyDrawdownPercent": 25,
    "maxMonthlyDrawdownPercent": 50,
    "maxTradesPerDay": 10
  },
  "strategies": [
    {
      "type": "SentimentStrategy",
      "enabled": false,
      "averageThreshold": 20,
      "targetPrice": 2,
      "orderQuantity": 7200,
      "sentiment": "put",
      "loopCount": 1
    },
    {
      "type": "BuySellStrategy",
      "enabled": false,
      "initialQuantity": 150,
      "incrementFactor": "single",
      "incrementQuantity": 150,
      "averageThreshold": 10,
      "targetPrice": 5,
      "stopEnabled": false,
      "activateIntermittentCount": 100,
      "maxIterationCount": 10,
      "logEnabled": false,
      "right": "none"
    },
    {
      "type": "ContinuousStrategy",
      "enabled": false,
      "initialQuantity": 65,
      "slDistance": 10,
      "minPremium": 100,
      "allottedCapital": 200000,
      "spawnQuantityMode": "same",
      "averageQuantityMode": "same",
      "right": "none",
      "cooldownSeconds": 60,
      "refillCancelDistance": 50,
      "logEnabled": true
    },
    {
      "type": "IntermittentStrategy",
      "enabled": false,
      "loopCount": 3,
      "targetPrice": 2,
      "quantity": 75,
      "threshold": 10,
      "logEnabled": false
    },
    {
      "type": "RateOfChangeStrategy",
      "enabled": false,
      "pointsThreshold": 30,
      "accelerationThreshold": 5,
      "numberOfDatapointsReceived": 50,
      "quantity": 65,
      "targetPrice": 2,
      "stopLossPrice": 11,
      "maxHoldTimeMinutes": 30,
      "logEnabled": true
    },
    {
      "type": "GapStrategy",
      "enabled": false,
      "pointsThreshold": 20,
      "numberOfDatapointsReceived": 50,
      "quantity": 65,
      "targetPrice": 10,
      "stopLossPrice": 5,
      "maxHoldTimeMinutes": 600,
      "gapReversalMode": false,
      "gapReversalThreshold": 100,
      "logEnabled": true
    },
    {
      "type": "RuleBasedStrategy",
      "enabled": false,
      "indicators": [
        "RSI_5_70_30"
      ],
      "quantity": 65,
      "target": 10,
      "stopLoss": 20,
      "maxHoldTimeMinutes": 30,
      "logEnabled": true
    },
    {
      "type": "GoodMorningStrategy",
      "enabled": false,
      "quantity": 65,
      "targetPoints": 10,
      "stopLossPoints": 10,
      "logEnabled": true,
      "snapshotTime": "10:00",
      "confirmTime": "10:30",
      "previousClose": 24219,
      "minMovementPoints": 10
    },
    {
      "type": "GoodMorningSensexStrategy",
      "enabled": false,
      "quantity": 200,
      "targetPoints": 30,
      "stopLossPoints": 30,
      "logEnabled": true,
      "snapshotTime": "09:40",
      "confirmTime": "09:45",
      "minMovementPoints": 30
    },
    {
      "type": "SupportResistanceStrategy",
      "enabled": false,
      "supportPrice": 0,
      "resistancePrice": 0,
      "quantity": 1755,
      "targetPoints": 10,
      "stopLossPoints": 15,
      "logEnabled": true
    },
    {
      "type": "TargetReachStrategy",
      "enabled": false,
      "symbol": "NIFTY",
      "strike": 0,
      "expiry": "2026-01-01",
      "optionType": "CE",
      "targetPrice": 0,
      "quantity": 1755,
      "targetPoints": 10,
      "stopLossPoints": 15,
      "logEnabled": true
    }
  ]
}
[orchestrator] [dev] Restarting order (data/strategies/frontend untouched)...
[orchestrator] [dev] Restarting strategies (data/order untouched)...
[orchestrator] [boot] Starting strategies...
[orchestrator] [order] exited (code=null signal=SIGTERM)
[orchestrator] [strategies] exited (code=null signal=SIGTERM)
[20:36:44] [ConfigService.loadConfig] Config Updated: {
  "srHypothesis": {
    "confirmWindowMin": 2,
    "maxJump": 15,
    "maxRangeWidth": 30,
    "buffer": 10,
    "target": 10,
    "stopLoss": 10,
    "breachBuffer": 0,
    "breachConfirmSec": 0,
    "heldMinSec": 407,
    "heldMaxSec": 651,
    "csvOutput": false
  },
  "rocHypothesis": {
    "target": 10,
    "stopLoss": 10,
    "cooldownSec": 60,
    "minWins": 2,
    "windowGridMin": [
      1,
      2,
      3,
      4,
      5,
      7,
      10,
      15
    ],
    "thresholdGrid": [
      5,
      10,
      15,
      20,
      25,
      30,
      40,
      50,
      60,
      75,
      100
    ],
    "csvOutput": false
  },
  "settings": {
    "minPrice": 20,
    "maxPrice": 30000,
    "targetPriceDiff": 2,
    "stopLossPriceDiff": 11,
    "trailingDistance": 4,
    "cooldownSeconds": 0,
    "logQuotes": false,
    "safetyBufferAmount": 5000,
    "consistencyLimitPercent": 40,
    "maxDailyDrawdownPercent": 25,
    "maxMonthlyDrawdownPercent": 50,
    "maxTradesPerDay": 10
  },
  "strategies": [
    {
      "type": "SentimentStrategy",
      "enabled": false,
      "averageThreshold": 20,
      "targetPrice": 2,
      "orderQuantity": 7200,
      "sentiment": "put",
      "loopCount": 1
    },
    {
      "type": "BuySellStrategy",
      "enabled": false,
      "initialQuantity": 150,
      "incrementFactor": "single",
      "incrementQuantity": 150,
      "averageThreshold": 10,
      "targetPrice": 5,
      "stopEnabled": false,
      "activateIntermittentCount": 100,
      "maxIterationCount": 10,
      "logEnabled": false,
      "right": "none"
    },
    {
      "type": "ContinuousStrategy",
      "enabled": false,
      "initialQuantity": 65,
      "slDistance": 10,
      "minPremium": 100,
      "allottedCapital": 200000,
      "spawnQuantityMode": "same",
      "averageQuantityMode": "same",
      "right": "none",
      "cooldownSeconds": 60,
      "refillCancelDistance": 50,
      "logEnabled": true
    },
    {
      "type": "IntermittentStrategy",
      "enabled": false,
      "loopCount": 3,
      "targetPrice": 2,
      "quantity": 75,
      "threshold": 10,
      "logEnabled": false
    },
    {
      "type": "RateOfChangeStrategy",
      "enabled": false,
      "pointsThreshold": 30,
      "accelerationThreshold": 5,
      "numberOfDatapointsReceived": 50,
      "quantity": 65,
      "targetPrice": 2,
      "stopLossPrice": 11,
      "maxHoldTimeMinutes": 30,
      "logEnabled": true
    },
    {
      "type": "GapStrategy",
      "enabled": false,
      "pointsThreshold": 20,
      "numberOfDatapointsReceived": 50,
      "quantity": 65,
      "targetPrice": 10,
      "stopLossPrice": 5,
      "maxHoldTimeMinutes": 600,
      "gapReversalMode": false,
      "gapReversalThreshold": 100,
      "logEnabled": true
    },
    {
      "type": "RuleBasedStrategy",
      "enabled": false,
      "indicators": [
        "RSI_5_70_30"
      ],
      "quantity": 65,
      "target": 10,
      "stopLoss": 20,
      "maxHoldTimeMinutes": 30,
      "logEnabled": true
    },
    {
      "type": "GoodMorningStrategy",
      "enabled": false,
      "quantity": 65,
      "targetPoints": 10,
      "stopLossPoints": 10,
      "logEnabled": true,
      "snapshotTime": "10:00",
      "confirmTime": "10:30",
      "previousClose": 24219,
      "minMovementPoints": 10
    },
    {
      "type": "GoodMorningSensexStrategy",
      "enabled": false,
      "quantity": 200,
      "targetPoints": 30,
      "stopLossPoints": 30,
      "logEnabled": true,
      "snapshotTime": "09:40",
      "confirmTime": "09:45",
      "minMovementPoints": 30
    },
    {
      "type": "SupportResistanceStrategy",
      "enabled": false,
      "supportPrice": 0,
      "resistancePrice": 0,
      "quantity": 1755,
      "targetPoints": 10,
      "stopLossPoints": 15,
      "logEnabled": true
    },
    {
      "type": "TargetReachStrategy",
      "enabled": false,
      "symbol": "NIFTY",
      "strike": 0,
      "expiry": "2026-01-01",
      "optionType": "CE",
      "targetPrice": 0,
      "quantity": 1755,
      "targetPoints": 10,
      "stopLossPoints": 15,
      "logEnabled": true
    }
  ]
}
[20:36:44] [ConfigService.loadConfig] Config Updated: {
  "srHypothesis": {
    "confirmWindowMin": 2,
    "maxJump": 15,
    "maxRangeWidth": 30,
    "buffer": 10,
    "target": 10,
    "stopLoss": 10,
    "breachBuffer": 0,
    "breachConfirmSec": 0,
    "heldMinSec": 407,
    "heldMaxSec": 651,
    "csvOutput": false
  },
  "rocHypothesis": {
    "target": 10,
    "stopLoss": 10,
    "cooldownSec": 60,
    "minWins": 2,
    "windowGridMin": [
      1,
      2,
      3,
      4,
      5,
      7,
      10,
      15
    ],
    "thresholdGrid": [
      5,
      10,
      15,
      20,
      25,
      30,
      40,
      50,
      60,
      75,
      100
    ],
    "csvOutput": false
  },
  "settings": {
    "minPrice": 20,
    "maxPrice": 30000,
    "targetPriceDiff": 2,
    "stopLossPriceDiff": 11,
    "trailingDistance": 4,
    "cooldownSeconds": 0,
    "logQuotes": false,
    "safetyBufferAmount": 5000,
    "consistencyLimitPercent": 40,
    "maxDailyDrawdownPercent": 25,
    "maxMonthlyDrawdownPercent": 50,
    "maxTradesPerDay": 10
  },
  "strategies": [
    {
      "type": "SentimentStrategy",
      "enabled": false,
      "averageThreshold": 20,
      "targetPrice": 2,
      "orderQuantity": 7200,
      "sentiment": "put",
      "loopCount": 1
    },
    {
      "type": "BuySellStrategy",
      "enabled": false,
      "initialQuantity": 150,
      "incrementFactor": "single",
      "incrementQuantity": 150,
      "averageThreshold": 10,
      "targetPrice": 5,
      "stopEnabled": false,
      "activateIntermittentCount": 100,
      "maxIterationCount": 10,
      "logEnabled": false,
      "right": "none"
    },
    {
      "type": "ContinuousStrategy",
      "enabled": false,
      "initialQuantity": 65,
      "slDistance": 10,
      "minPremium": 100,
      "allottedCapital": 200000,
      "spawnQuantityMode": "same",
      "averageQuantityMode": "same",
      "right": "none",
      "cooldownSeconds": 60,
      "refillCancelDistance": 50,
      "logEnabled": true
    },
    {
      "type": "IntermittentStrategy",
      "enabled": false,
      "loopCount": 3,
      "targetPrice": 2,
      "quantity": 75,
      "threshold": 10,
      "logEnabled": false
    },
    {
      "type": "RateOfChangeStrategy",
      "enabled": false,
      "pointsThreshold": 30,
      "accelerationThreshold": 5,
      "numberOfDatapointsReceived": 50,
      "quantity": 65,
      "targetPrice": 2,
      "stopLossPrice": 11,
      "maxHoldTimeMinutes": 30,
      "logEnabled": true
    },
    {
      "type": "GapStrategy",
      "enabled": false,
      "pointsThreshold": 20,
      "numberOfDatapointsReceived": 50,
      "quantity": 65,
      "targetPrice": 10,
      "stopLossPrice": 5,
      "maxHoldTimeMinutes": 600,
      "gapReversalMode": false,
      "gapReversalThreshold": 100,
      "logEnabled": true
    },
    {
      "type": "RuleBasedStrategy",
      "enabled": false,
      "indicators": [
        "RSI_5_70_30"
      ],
      "quantity": 65,
      "target": 10,
      "stopLoss": 20,
      "maxHoldTimeMinutes": 30,
      "logEnabled": true
    },
    {
      "type": "GoodMorningStrategy",
      "enabled": false,
      "quantity": 65,
      "targetPoints": 10,
      "stopLossPoints": 10,
      "logEnabled": true,
      "snapshotTime": "10:00",
      "confirmTime": "10:30",
      "previousClose": 24219,
      "minMovementPoints": 10
    },
    {
      "type": "GoodMorningSensexStrategy",
      "enabled": false,
      "quantity": 200,
      "targetPoints": 30,
      "stopLossPoints": 30,
      "logEnabled": true,
      "snapshotTime": "09:40",
      "confirmTime": "09:45",
      "minMovementPoints": 30
    },
    {
      "type": "SupportResistanceStrategy",
      "enabled": false,
      "supportPrice": 0,
      "resistancePrice": 0,
      "quantity": 1755,
      "targetPoints": 10,
      "stopLossPoints": 15,
      "logEnabled": true
    },
    {
      "type": "TargetReachStrategy",
      "enabled": false,
      "symbol": "NIFTY",
      "strike": 0,
      "expiry": "2026-01-01",
      "optionType": "CE",
      "targetPrice": 0,
      "quantity": 1755,
      "targetPoints": 10,
      "stopLossPoints": 15,
      "logEnabled": true
    }
  ]
}
[20:36:44] [ConfigService.loadConfig] Config Updated: {
  "srHypothesis": {
    "confirmWindowMin": 2,
    "maxJump": 15,
    "maxRangeWidth": 30,
    "buffer": 10,
    "target": 10,
    "stopLoss": 10,
    "breachBuffer": 0,
    "breachConfirmSec": 0,
    "heldMinSec": 407,
    "heldMaxSec": 651,
    "csvOutput": false
  },
  "rocHypothesis": {
    "target": 10,
    "stopLoss": 10,
    "cooldownSec": 60,
    "minWins": 2,
    "windowGridMin": [
      1,
      2,
      3,
      4,
      5,
      7,
      10,
      15
    ],
    "thresholdGrid": [
      5,
      10,
      15,
      20,
      25,
      30,
      40,
      50,
      60,
      75,
      100
    ],
    "csvOutput": false
  },
  "settings": {
    "minPrice": 20,
    "maxPrice": 30000,
    "targetPriceDiff": 2,
    "stopLossPriceDiff": 11,
    "trailingDistance": 4,
    "cooldownSeconds": 0,
    "logQuotes": false,
    "safetyBufferAmount": 5000,
    "consistencyLimitPercent": 40,
    "maxDailyDrawdownPercent": 25,
    "maxMonthlyDrawdownPercent": 50,
    "maxTradesPerDay": 10
  },
  "strategies": [
    {
      "type": "SentimentStrategy",
      "enabled": false,
      "averageThreshold": 20,
      "targetPrice": 2,
      "orderQuantity": 7200,
      "sentiment": "put",
      "loopCount": 1
    },
    {
      "type": "BuySellStrategy",
      "enabled": false,
      "initialQuantity": 150,
      "incrementFactor": "single",
      "incrementQuantity": 150,
      "averageThreshold": 10,
      "targetPrice": 5,
      "stopEnabled": false,
      "activateIntermittentCount": 100,
      "maxIterationCount": 10,
      "logEnabled": false,
      "right": "none"
    },
    {
      "type": "ContinuousStrategy",
      "enabled": false,
      "initialQuantity": 65,
      "slDistance": 10,
      "minPremium": 100,
      "allottedCapital": 200000,
      "spawnQuantityMode": "same",
      "averageQuantityMode": "same",
      "right": "none",
      "cooldownSeconds": 60,
      "refillCancelDistance": 50,
      "logEnabled": true
    },
    {
      "type": "IntermittentStrategy",
      "enabled": false,
      "loopCount": 3,
      "targetPrice": 2,
      "quantity": 75,
      "threshold": 10,
      "logEnabled": false
    },
    {
      "type": "RateOfChangeStrategy",
      "enabled": false,
      "pointsThreshold": 30,
      "accelerationThreshold": 5,
      "numberOfDatapointsReceived": 50,
      "quantity": 65,
      "targetPrice": 2,
      "stopLossPrice": 11,
      "maxHoldTimeMinutes": 30,
      "logEnabled": true
    },
    {
      "type": "GapStrategy",
      "enabled": false,
      "pointsThreshold": 20,
      "numberOfDatapointsReceived": 50,
      "quantity": 65,
      "targetPrice": 10,
      "stopLossPrice": 5,
      "maxHoldTimeMinutes": 600,
      "gapReversalMode": false,
      "gapReversalThreshold": 100,
      "logEnabled": true
    },
    {
      "type": "RuleBasedStrategy",
      "enabled": false,
      "indicators": [
        "RSI_5_70_30"
      ],
      "quantity": 65,
      "target": 10,
      "stopLoss": 20,
      "maxHoldTimeMinutes": 30,
      "logEnabled": true
    },
    {
      "type": "GoodMorningStrategy",
      "enabled": false,
      "quantity": 65,
      "targetPoints": 10,
      "stopLossPoints": 10,
      "logEnabled": true,
      "snapshotTime": "10:00",
      "confirmTime": "10:30",
      "previousClose": 24219,
      "minMovementPoints": 10
    },
    {
      "type": "GoodMorningSensexStrategy",
      "enabled": false,
      "quantity": 200,
      "targetPoints": 30,
      "stopLossPoints": 30,
      "logEnabled": true,
      "snapshotTime": "09:40",
      "confirmTime": "09:45",
      "minMovementPoints": 30
    },
    {
      "type": "SupportResistanceStrategy",
      "enabled": false,
      "supportPrice": 0,
      "resistancePrice": 0,
      "quantity": 1755,
      "targetPoints": 10,
      "stopLossPoints": 15,
      "logEnabled": true
    },
    {
      "type": "TargetReachStrategy",
      "enabled": false,
      "symbol": "NIFTY",
      "strike": 0,
      "expiry": "2026-01-01",
      "optionType": "CE",
      "targetPrice": 0,
      "quantity": 1755,
      "targetPoints": 10,
      "stopLossPoints": 15,
      "logEnabled": true
    }
  ]
}
[20:36:44] [Mongo.init] Mongo is initialized
[20:36:44] [ConfigService.loadConfig] Config Updated: {
  "srHypothesis": {
    "confirmWindowMin": 2,
    "maxJump": 15,
    "maxRangeWidth": 30,
    "buffer": 10,
    "target": 10,
    "stopLoss": 10,
    "breachBuffer": 0,
    "breachConfirmSec": 0,
    "heldMinSec": 407,
    "heldMaxSec": 651,
    "csvOutput": false
  },
  "rocHypothesis": {
    "target": 10,
    "stopLoss": 10,
    "cooldownSec": 60,
    "minWins": 2,
    "windowGridMin": [
      1,
      2,
      3,
      4,
      5,
      7,
      10,
      15
    ],
    "thresholdGrid": [
      5,
      10,
      15,
      20,
      25,
      30,
      40,
      50,
      60,
      75,
      100
    ],
    "csvOutput": false
  },
  "settings": {
    "minPrice": 20,
    "maxPrice": 30000,
    "targetPriceDiff": 2,
    "stopLossPriceDiff": 11,
    "trailingDistance": 4,
    "cooldownSeconds": 0,
    "logQuotes": false,
    "safetyBufferAmount": 5000,
    "consistencyLimitPercent": 40,
    "maxDailyDrawdownPercent": 25,
    "maxMonthlyDrawdownPercent": 50,
    "maxTradesPerDay": 10
  },
  "strategies": [
    {
      "type": "SentimentStrategy",
      "enabled": false,
      "averageThreshold": 20,
      "targetPrice": 2,
      "orderQuantity": 7200,
      "sentiment": "put",
      "loopCount": 1
    },
    {
      "type": "BuySellStrategy",
      "enabled": false,
      "initialQuantity": 150,
      "incrementFactor": "single",
      "incrementQuantity": 150,
      "averageThreshold": 10,
      "targetPrice": 5,
      "stopEnabled": false,
      "activateIntermittentCount": 100,
      "maxIterationCount": 10,
      "logEnabled": false,
      "right": "none"
    },
    {
      "type": "ContinuousStrategy",
      "enabled": false,
      "initialQuantity": 65,
      "slDistance": 10,
      "minPremium": 100,
      "allottedCapital": 200000,
      "spawnQuantityMode": "same",
      "averageQuantityMode": "same",
      "right": "none",
      "cooldownSeconds": 60,
      "refillCancelDistance": 50,
      "logEnabled": true
    },
    {
      "type": "IntermittentStrategy",
      "enabled": false,
      "loopCount": 3,
      "targetPrice": 2,
      "quantity": 75,
      "threshold": 10,
      "logEnabled": false
    },
    {
      "type": "RateOfChangeStrategy",
      "enabled": false,
      "pointsThreshold": 30,
      "accelerationThreshold": 5,
      "numberOfDatapointsReceived": 50,
      "quantity": 65,
      "targetPrice": 2,
      "stopLossPrice": 11,
      "maxHoldTimeMinutes": 30,
      "logEnabled": true
    },
    {
      "type": "GapStrategy",
      "enabled": false,
      "pointsThreshold": 20,
      "numberOfDatapointsReceived": 50,
      "quantity": 65,
      "targetPrice": 10,
      "stopLossPrice": 5,
      "maxHoldTimeMinutes": 600,
      "gapReversalMode": false,
      "gapReversalThreshold": 100,
      "logEnabled": true
    },
    {
      "type": "RuleBasedStrategy",
      "enabled": false,
      "indicators": [
        "RSI_5_70_30"
      ],
      "quantity": 65,
      "target": 10,
      "stopLoss": 20,
      "maxHoldTimeMinutes": 30,
      "logEnabled": true
    },
    {
      "type": "GoodMorningStrategy",
      "enabled": false,
      "quantity": 65,
      "targetPoints": 10,
      "stopLossPoints": 10,
      "logEnabled": true,
      "snapshotTime": "10:00",
      "confirmTime": "10:30",
      "previousClose": 24219,
      "minMovementPoints": 10
    },
    {
      "type": "GoodMorningSensexStrategy",
      "enabled": false,
      "quantity": 200,
      "targetPoints": 30,
      "stopLossPoints": 30,
      "logEnabled": true,
      "snapshotTime": "09:40",
      "confirmTime": "09:45",
      "minMovementPoints": 30
    },
    {
      "type": "SupportResistanceStrategy",
      "enabled": false,
      "supportPrice": 0,
      "resistancePrice": 0,
      "quantity": 1755,
      "targetPoints": 10,
      "stopLossPoints": 15,
      "logEnabled": true
    },
    {
      "type": "TargetReachStrategy",
      "enabled": false,
      "symbol": "NIFTY",
      "strike": 0,
      "expiry": "2026-01-01",
      "optionType": "CE",
      "targetPrice": 0,
      "quantity": 1755,
      "targetPoints": 10,
      "stopLossPoints": 15,
      "logEnabled": true
    }
  ]
}
[20:36:44] [Config._processFile] Dir Name: /home/karthikeyan/work/icici/dist/prism
[20:36:44] [Config._processFile] File Name: /home/karthikeyan/work/icici/dist/prism/config.js
[20:36:44] [Mongo._init] Mongo is initialized
[20:36:44] [AntDataStream.connect] [AntDataStream] Connecting to ANT streaming...
[20:36:44] [NorenRestApi.reloadToken] Restored Shoonya access token from userToken.txt
[20:36:44] [ANT.loadSession] ANT session loaded from file
[20:36:44] [AntSession.prepareWsSession] [AntSession] Creating WS session (createWsSess)...
[20:36:45] [Mongo.init] Mongo is initialized
[20:36:45] [Mongo._init] Mongo is initialized
[20:36:45] [expandRuleBasedConfig] [StrategyFactory] Expanded RuleBasedStrategy into 1 instances
[20:36:45] [Strategies.initialize] [] expandedConfigArray:  [
  {
    "type": "SentimentStrategy",
    "enabled": false,
    "averageThreshold": 20,
    "targetPrice": 2,
    "orderQuantity": 7200,
    "sentiment": "put",
    "loopCount": 1
  },
  {
    "type": "BuySellStrategy",
    "enabled": false,
    "initialQuantity": 150,
    "incrementFactor": "single",
    "incrementQuantity": 150,
    "averageThreshold": 10,
    "targetPrice": 5,
    "stopEnabled": false,
    "activateIntermittentCount": 100,
    "maxIterationCount": 10,
    "logEnabled": false,
    "right": "none"
  },
  {
    "type": "ContinuousStrategy",
    "enabled": false,
    "initialQuantity": 65,
    "slDistance": 10,
    "minPremium": 100,
    "allottedCapital": 200000,
    "spawnQuantityMode": "same",
    "averageQuantityMode": "same",
    "right": "none",
    "cooldownSeconds": 60,
    "refillCancelDistance": 50,
    "logEnabled": true
  },
  {
    "type": "IntermittentStrategy",
    "enabled": false,
    "loopCount": 3,
    "targetPrice": 2,
    "quantity": 75,
    "threshold": 10,
    "logEnabled": false
  },
  {
    "type": "RateOfChangeStrategy",
    "enabled": false,
    "pointsThreshold": 30,
    "accelerationThreshold": 5,
    "numberOfDatapointsReceived": 50,
    "quantity": 65,
    "targetPrice": 2,
    "stopLossPrice": 11,
    "maxHoldTimeMinutes": 30,
    "logEnabled": true
  },
  {
    "type": "GapStrategy",
    "enabled": false,
    "pointsThreshold": 20,
    "numberOfDatapointsReceived": 50,
    "quantity": 65,
    "targetPrice": 10,
    "stopLossPrice": 5,
    "maxHoldTimeMinutes": 600,
    "gapReversalMode": false,
    "gapReversalThreshold": 100,
    "logEnabled": true
  },
  {
    "type": "RuleBasedStrategy",
    "enabled": false,
    "indicators": [
      "RSI_5_70_30"
    ],
    "quantity": 65,
    "target": 10,
    "stopLoss": 20,
    "maxHoldTimeMinutes": 30,
    "logEnabled": true,
    "userId": "Rule-RSI_5_70_30"
  },
  {
    "type": "GoodMorningStrategy",
    "enabled": false,
    "quantity": 65,
    "targetPoints": 10,
    "stopLossPoints": 10,
    "logEnabled": true,
    "snapshotTime": "10:00",
    "confirmTime": "10:30",
    "previousClose": 24219,
    "minMovementPoints": 10
  },
  {
    "type": "GoodMorningSensexStrategy",
    "enabled": false,
    "quantity": 200,
    "targetPoints": 30,
    "stopLossPoints": 30,
    "logEnabled": true,
    "snapshotTime": "09:40",
    "confirmTime": "09:45",
    "minMovementPoints": 30
  },
  {
    "type": "SupportResistanceStrategy",
    "enabled": false,
    "supportPrice": 0,
    "resistancePrice": 0,
    "quantity": 1755,
    "targetPoints": 10,
    "stopLossPoints": 15,
    "logEnabled": true
  },
  {
    "type": "TargetReachStrategy",
    "enabled": false,
    "symbol": "NIFTY",
    "strike": 0,
    "expiry": "2026-01-01",
    "optionType": "CE",
    "targetPrice": 0,
    "quantity": 1755,
    "targetPoints": 10,
    "stopLossPoints": 15,
    "logEnabled": true
  }
]
[20:36:45] [expandRuleBasedConfig] [StrategyFactory] Expanded RuleBasedStrategy into 1 instances
[20:36:45] [new RuleBasedStrategy] [RuleBased:Rule-RSI_5_70_30] Initialized with indicators: RSI_5_70_30
[20:36:45] [Strategies.initialize] [Strategies] Initialized 11 strategies: [
  "SentimentStrategy(SentimentStrategy, enabled=false)",
  "BuySellStrategy(BuySellStrategy, enabled=false)",
  "ContinuousStrategy(ContinuousStrategy, enabled=false)",
  "IntermittentStrategy(IntermittentStrategy, enabled=false)",
  "RateOfChangeStrategy(RateOfChangeStrategy, enabled=false)",
  "GapStrategy(GapStrategy, enabled=false)",
  "RuleBasedStrategy(Rule-RSI_5_70_30, enabled=false)",
  "GoodMorningStrategy(GoodMorningStrategy, enabled=false)",
  "GoodMorningSensexStrategy(GoodMorningSensexStrategy, enabled=false)",
  "SupportResistanceStrategy(SupportResistanceStrategy, enabled=false)",
  "TargetReachStrategy(TargetReachStrategy, enabled=false)"
]
[20:36:45] [main] [strategies] Ready - 11 strategies loaded.
[20:36:45] [Server.<anonymous>] [strategies] Listening on /tmp/icici-strategies.sock
[20:36:45] [/home/karthikeyan/work/icici/dist/processes/strategies/OrderClient.js:53:41] [strategies] Failed to parse order-process message:  Error: connect ENOENT /tmp/icici-order.sock
    at PipeConnectWrap.afterConnect [as oncomplete] (node:net:1615:16)
[20:36:45] [Socket.<anonymous>] [strategies] Order socket error: Error: connect ENOENT /tmp/icici-order.sock
    at PipeConnectWrap.afterConnect [as oncomplete] (node:net:1615:16)
[20:36:45] [Socket.<anonymous>] [strategies] Disconnected from order process, retrying in 2s...
[20:36:45] [Config._processFile] lot count: 1
[20:36:45] [Config._processFile] Auto Trade: false
[20:36:45] [Config._processFile] Dir Name: /home/karthikeyan/work/icici/dist/prism
[20:36:45] [Config._processFile] File Name: /home/karthikeyan/work/icici/dist/prism/config.js
[20:36:45] [NorenRestApi.reloadToken] Restored Shoonya access token from userToken.txt
[20:36:45] [Config._processFile] Dir Name: /home/karthikeyan/work/icici/dist/prism
[20:36:45] [Config._processFile] File Name: /home/karthikeyan/work/icici/dist/prism/config.js
[20:36:45] [AntSession.prepareWsSession] [AntSession] createWsSess response: {
  "status": "Ok",
  "message": "Success",
  "result": [
    {
      "Status": "OK"
    }
  ]
}
[20:36:45] [AntSession.prepareWsSession] [AntSession] WS session prepared successfully
[20:36:45] [NorenRestApi.reloadToken] Restored Shoonya access token from userToken.txt
[20:36:45] [Mongo.init] Mongo is initialized
[20:36:45] [ws.onopen] [AntWS] Connected, sending auth payload...
[20:36:45] [AntDataStream.connect] [AntDataStream] Connected and streaming
[20:36:45] [main] [data] Ready - NIFTY/SENSEX always subscribed, streaming to stdout.
[20:36:45] [ws.onmessage] [AntWS] Connect ack: {
  "t": "ck",
  "s": "OK",
  "uid": "924118_API"
}
[20:36:45] [/home/karthikeyan/work/icici/dist/processes/data/AntDataStream.js:57:27] [AntDataStream] WebSocket open, subscribing to always-on instruments...
[20:36:45] [AntWebSocket.subscribe] [AntWS] Subscribing: NSE|26000#BSE|1
[20:36:45] [Mongo._init] Mongo is initialized
[20:36:45] [Config._processFile] lot count: 1
[20:36:45] [Config._processFile] Auto Trade: false
Fri, 28 Aug 2026 15:06:45 GMT body-parser deprecated bodyParser: use individual json/urlencoded middlewares at dist/server.js:91:35
Fri, 28 Aug 2026 15:06:45 GMT body-parser deprecated undefined extended: provide extended option at node_modules/body-parser/index.js:104:29
[20:36:45] [Mongo.init] Mongo is initialized
[20:36:45] [OrderBookkeeping.loadClosedTradesFromMongo] [order] Reloaded 6 closed trade(s) from Mongo for today
[20:36:45] [ANT.loadSession] ANT session loaded from file
[20:36:45] [Mongo._init] Mongo is initialized
[20:36:45] [Server.<anonymous>] [strategies] Frontend client connected
[20:36:45] [Server.<anonymous>] [frontend] Listening on 3000
[20:36:45] [Config._processFile] lot count: 1
[20:36:45] [Config._processFile] Auto Trade: false
[20:36:45] [/home/karthikeyan/work/icici/dist/processes/strategies/OrderClient.js:53:41] [strategies] Failed to parse order-process message:  Error: connect ENOENT /tmp/icici-order.sock
    at PipeConnectWrap.afterConnect [as oncomplete] (node:net:1615:16)
[20:36:45] [Socket.<anonymous>] [strategies] Order socket error: Error: connect ENOENT /tmp/icici-order.sock
    at PipeConnectWrap.afterConnect [as oncomplete] (node:net:1615:16)
[20:36:45] [Socket.<anonymous>] [strategies] Disconnected from order process, retrying in 2s...
[20:36:45] [Socket.<anonymous>] [frontend] Connected to strategies process
[20:36:45] [/home/karthikeyan/work/icici/dist/server.js:1440:27] [frontend] nifty tick: {"ltp":24175.65,"ltt":"1787919089","token":"26000","changePercent":0.35,"prevClose":24091.33034379671} clients=0
[20:36:45] [Server.<anonymous>] [order] Listening on /tmp/icici-order.sock
[20:36:45] [AntOrderNotifyStream.getWsToken] [AntOrderNotify] createWsToken response: {"status":"Ok","message":"200","result":[{"orderToken":"a1dab534e3e11278f5844327e89f2816e139ef8b6d40ab90772172c1a5f7754d"}]}
[20:36:45] [ws.onopen] [AntOrderNotify] Connected, subscribing...
[20:36:46] [pushPositionSnapshot] [frontend] positionstream push failed: Error: Not connected to order process
    at /home/karthikeyan/work/icici/dist/processes/strategies/OrderClient.js:73:31
    at new Promise (<anonymous>)
    at OrderClient.request (/home/karthikeyan/work/icici/dist/processes/strategies/OrderClient.js:71:16)
    at OrderClient.stats (/home/karthikeyan/work/icici/dist/processes/strategies/OrderClient.js:150:32)
    at pushPositionSnapshot (/home/karthikeyan/work/icici/dist/server.js:1172:41)
    at /home/karthikeyan/work/icici/dist/server.js:1191:11
    at Layer.handle [as handle_request] (/home/karthikeyan/work/icici/node_modules/express/lib/router/layer.js:95:5)
    at next (/home/karthikeyan/work/icici/node_modules/express/lib/router/route.js:144:13)
    at Route.dispatch (/home/karthikeyan/work/icici/node_modules/express/lib/router/route.js:114:3)
    at Layer.handle [as handle_request] (/home/karthikeyan/work/icici/node_modules/express/lib/router/layer.js:95:5)
[20:36:46] [pushPositionSnapshot] [frontend] positionstream push failed: Error: Not connected to order process
    at /home/karthikeyan/work/icici/dist/processes/strategies/OrderClient.js:73:31
    at new Promise (<anonymous>)
    at OrderClient.request (/home/karthikeyan/work/icici/dist/processes/strategies/OrderClient.js:71:16)
    at OrderClient.stats (/home/karthikeyan/work/icici/dist/processes/strategies/OrderClient.js:150:32)
    at pushPositionSnapshot (/home/karthikeyan/work/icici/dist/server.js:1172:41)
    at /home/karthikeyan/work/icici/dist/server.js:1191:11
    at Layer.handle [as handle_request] (/home/karthikeyan/work/icici/node_modules/express/lib/router/layer.js:95:5)
    at next (/home/karthikeyan/work/icici/node_modules/express/lib/router/route.js:144:13)
    at Route.dispatch (/home/karthikeyan/work/icici/node_modules/express/lib/router/route.js:114:3)
    at Layer.handle [as handle_request] (/home/karthikeyan/work/icici/node_modules/express/lib/router/layer.js:95:5)
[20:36:47] [Socket.<anonymous>] [strategies] Connected to order process
[20:36:47] [Server.<anonymous>] [order] Client connected, total: 1
[20:36:47] [Server.<anonymous>] [order] Client connected, total: 2
[20:36:47] [Socket.<anonymous>] [strategies] Connected to order process
[20:37:45] [Zerodha.loadSession] Zerodha session loaded from file
[orchestrator] [dev] Restarting order (data/strategies/frontend untouched)...
[orchestrator] [order] exited (code=0 signal=null)
[20:40:13] [Socket.<anonymous>] [strategies] Disconnected from order process, retrying in 2s...
[20:40:13] [Socket.<anonymous>] [strategies] Disconnected from order process, retrying in 2s...
[20:40:13] [ConfigService.loadConfig] Config Updated: {
  "srHypothesis": {
    "confirmWindowMin": 2,
    "maxJump": 15,
    "maxRangeWidth": 30,
    "buffer": 10,
    "target": 10,
    "stopLoss": 10,
    "breachBuffer": 0,
    "breachConfirmSec": 0,
    "heldMinSec": 407,
    "heldMaxSec": 651,
    "csvOutput": false
  },
  "rocHypothesis": {
    "target": 10,
    "stopLoss": 10,
    "cooldownSec": 60,
    "minWins": 2,
    "windowGridMin": [
      1,
      2,
      3,
      4,
      5,
      7,
      10,
      15
    ],
    "thresholdGrid": [
      5,
      10,
      15,
      20,
      25,
      30,
      40,
      50,
      60,
      75,
      100
    ],
    "csvOutput": false
  },
  "settings": {
    "minPrice": 20,
    "maxPrice": 30000,
    "targetPriceDiff": 2,
    "stopLossPriceDiff": 11,
    "trailingDistance": 4,
    "cooldownSeconds": 0,
    "logQuotes": false,
    "safetyBufferAmount": 5000,
    "consistencyLimitPercent": 40,
    "maxDailyDrawdownPercent": 25,
    "maxMonthlyDrawdownPercent": 50,
    "maxTradesPerDay": 10
  },
  "strategies": [
    {
      "type": "SentimentStrategy",
      "enabled": false,
      "averageThreshold": 20,
      "targetPrice": 2,
      "orderQuantity": 7200,
      "sentiment": "put",
      "loopCount": 1
    },
    {
      "type": "BuySellStrategy",
      "enabled": false,
      "initialQuantity": 150,
      "incrementFactor": "single",
      "incrementQuantity": 150,
      "averageThreshold": 10,
      "targetPrice": 5,
      "stopEnabled": false,
      "activateIntermittentCount": 100,
      "maxIterationCount": 10,
      "logEnabled": false,
      "right": "none"
    },
    {
      "type": "ContinuousStrategy",
      "enabled": false,
      "initialQuantity": 65,
      "slDistance": 10,
      "minPremium": 100,
      "allottedCapital": 200000,
      "spawnQuantityMode": "same",
      "averageQuantityMode": "same",
      "right": "none",
      "cooldownSeconds": 60,
      "refillCancelDistance": 50,
      "logEnabled": true
    },
    {
      "type": "IntermittentStrategy",
      "enabled": false,
      "loopCount": 3,
      "targetPrice": 2,
      "quantity": 75,
      "threshold": 10,
      "logEnabled": false
    },
    {
      "type": "RateOfChangeStrategy",
      "enabled": false,
      "pointsThreshold": 30,
      "accelerationThreshold": 5,
      "numberOfDatapointsReceived": 50,
      "quantity": 65,
      "targetPrice": 2,
      "stopLossPrice": 11,
      "maxHoldTimeMinutes": 30,
      "logEnabled": true
    },
    {
      "type": "GapStrategy",
      "enabled": false,
      "pointsThreshold": 20,
      "numberOfDatapointsReceived": 50,
      "quantity": 65,
      "targetPrice": 10,
      "stopLossPrice": 5,
      "maxHoldTimeMinutes": 600,
      "gapReversalMode": false,
      "gapReversalThreshold": 100,
      "logEnabled": true
    },
    {
      "type": "RuleBasedStrategy",
      "enabled": false,
      "indicators": [
        "RSI_5_70_30"
      ],
      "quantity": 65,
      "target": 10,
      "stopLoss": 20,
      "maxHoldTimeMinutes": 30,
      "logEnabled": true
    },
    {
      "type": "GoodMorningStrategy",
      "enabled": false,
      "quantity": 65,
      "targetPoints": 10,
      "stopLossPoints": 10,
      "logEnabled": true,
      "snapshotTime": "10:00",
      "confirmTime": "10:30",
      "previousClose": 24219,
      "minMovementPoints": 10
    },
    {
      "type": "GoodMorningSensexStrategy",
      "enabled": false,
      "quantity": 200,
      "targetPoints": 30,
      "stopLossPoints": 30,
      "logEnabled": true,
      "snapshotTime": "09:40",
      "confirmTime": "09:45",
      "minMovementPoints": 30
    },
    {
      "type": "SupportResistanceStrategy",
      "enabled": false,
      "supportPrice": 0,
      "resistancePrice": 0,
      "quantity": 1755,
      "targetPoints": 10,
      "stopLossPoints": 15,
      "logEnabled": true
    },
    {
      "type": "TargetReachStrategy",
      "enabled": false,
      "symbol": "NIFTY",
      "strike": 0,
      "expiry": "2026-01-01",
      "optionType": "CE",
      "targetPrice": 0,
      "quantity": 1755,
      "targetPoints": 10,
      "stopLossPoints": 15,
      "logEnabled": true
    }
  ]
}
[20:40:13] [Config._processFile] Dir Name: /home/karthikeyan/work/icici/dist/prism
[20:40:13] [Config._processFile] File Name: /home/karthikeyan/work/icici/dist/prism/config.js
[20:40:13] [NorenRestApi.reloadToken] Restored Shoonya access token from userToken.txt
[20:40:13] [Mongo.init] Mongo is initialized
[20:40:13] [Mongo._init] Mongo is initialized
[20:40:13] [Config._processFile] lot count: 1
[20:40:13] [Config._processFile] Auto Trade: false
[20:40:13] [OrderBookkeeping.loadClosedTradesFromMongo] [order] Reloaded 6 closed trade(s) from Mongo for today
[20:40:13] [ANT.loadSession] ANT session loaded from file
[20:40:14] [Server.<anonymous>] [order] Listening on /tmp/icici-order.sock
[20:40:14] [AntOrderNotifyStream.getWsToken] [AntOrderNotify] createWsToken response: {"status":"Ok","message":"200","result":[{"orderToken":"a1dab534e3e11278f5844327e89f2816e139ef8b6d40ab90772172c1a5f7754d"}]}
[orchestrator] [dev] Restarting order (data/strategies/frontend untouched)...
[orchestrator] [order] exited (code=0 signal=null)
[20:40:14] [ConfigService.loadConfig] Config Updated: {
  "srHypothesis": {
    "confirmWindowMin": 2,
    "maxJump": 15,
    "maxRangeWidth": 30,
    "buffer": 10,
    "target": 10,
    "stopLoss": 10,
    "breachBuffer": 0,
    "breachConfirmSec": 0,
    "heldMinSec": 407,
    "heldMaxSec": 651,
    "csvOutput": false
  },
  "rocHypothesis": {
    "target": 10,
    "stopLoss": 10,
    "cooldownSec": 60,
    "minWins": 2,
    "windowGridMin": [
      1,
      2,
      3,
      4,
      5,
      7,
      10,
      15
    ],
    "thresholdGrid": [
      5,
      10,
      15,
      20,
      25,
      30,
      40,
      50,
      60,
      75,
      100
    ],
    "csvOutput": false
  },
  "settings": {
    "minPrice": 20,
    "maxPrice": 30000,
    "targetPriceDiff": 2,
    "stopLossPriceDiff": 11,
    "trailingDistance": 4,
    "cooldownSeconds": 0,
    "logQuotes": false,
    "safetyBufferAmount": 5000,
    "consistencyLimitPercent": 40,
    "maxDailyDrawdownPercent": 25,
    "maxMonthlyDrawdownPercent": 50,
    "maxTradesPerDay": 10
  },
  "strategies": [
    {
      "type": "SentimentStrategy",
      "enabled": false,
      "averageThreshold": 20,
      "targetPrice": 2,
      "orderQuantity": 7200,
      "sentiment": "put",
      "loopCount": 1
    },
    {
      "type": "BuySellStrategy",
      "enabled": false,
      "initialQuantity": 150,
      "incrementFactor": "single",
      "incrementQuantity": 150,
      "averageThreshold": 10,
      "targetPrice": 5,
      "stopEnabled": false,
      "activateIntermittentCount": 100,
      "maxIterationCount": 10,
      "logEnabled": false,
      "right": "none"
    },
    {
      "type": "ContinuousStrategy",
      "enabled": false,
      "initialQuantity": 65,
      "slDistance": 10,
      "minPremium": 100,
      "allottedCapital": 200000,
      "spawnQuantityMode": "same",
      "averageQuantityMode": "same",
      "right": "none",
      "cooldownSeconds": 60,
      "refillCancelDistance": 50,
      "logEnabled": true
    },
    {
      "type": "IntermittentStrategy",
      "enabled": false,
      "loopCount": 3,
      "targetPrice": 2,
      "quantity": 75,
      "threshold": 10,
      "logEnabled": false
    },
    {
      "type": "RateOfChangeStrategy",
      "enabled": false,
      "pointsThreshold": 30,
      "accelerationThreshold": 5,
      "numberOfDatapointsReceived": 50,
      "quantity": 65,
      "targetPrice": 2,
      "stopLossPrice": 11,
      "maxHoldTimeMinutes": 30,
      "logEnabled": true
    },
    {
      "type": "GapStrategy",
      "enabled": false,
      "pointsThreshold": 20,
      "numberOfDatapointsReceived": 50,
      "quantity": 65,
      "targetPrice": 10,
      "stopLossPrice": 5,
      "maxHoldTimeMinutes": 600,
      "gapReversalMode": false,
      "gapReversalThreshold": 100,
      "logEnabled": true
    },
    {
      "type": "RuleBasedStrategy",
      "enabled": false,
      "indicators": [
        "RSI_5_70_30"
      ],
      "quantity": 65,
      "target": 10,
      "stopLoss": 20,
      "maxHoldTimeMinutes": 30,
      "logEnabled": true
    },
    {
      "type": "GoodMorningStrategy",
      "enabled": false,
      "quantity": 65,
      "targetPoints": 10,
      "stopLossPoints": 10,
      "logEnabled": true,
      "snapshotTime": "10:00",
      "confirmTime": "10:30",
      "previousClose": 24219,
      "minMovementPoints": 10
    },
    {
      "type": "GoodMorningSensexStrategy",
      "enabled": false,
      "quantity": 200,
      "targetPoints": 30,
      "stopLossPoints": 30,
      "logEnabled": true,
      "snapshotTime": "09:40",
      "confirmTime": "09:45",
      "minMovementPoints": 30
    },
    {
      "type": "SupportResistanceStrategy",
      "enabled": false,
      "supportPrice": 0,
      "resistancePrice": 0,
      "quantity": 1755,
      "targetPoints": 10,
      "stopLossPoints": 15,
      "logEnabled": true
    },
    {
      "type": "TargetReachStrategy",
      "enabled": false,
      "symbol": "NIFTY",
      "strike": 0,
      "expiry": "2026-01-01",
      "optionType": "CE",
      "targetPrice": 0,
      "quantity": 1755,
      "targetPoints": 10,
      "stopLossPoints": 15,
      "logEnabled": true
    }
  ]
}
[20:40:14] [Config._processFile] Dir Name: /home/karthikeyan/work/icici/dist/prism
[20:40:14] [Config._processFile] File Name: /home/karthikeyan/work/icici/dist/prism/config.js
[20:40:14] [NorenRestApi.reloadToken] Restored Shoonya access token from userToken.txt
[20:40:14] [Mongo.init] Mongo is initialized
[20:40:14] [Config._processFile] lot count: 1
[20:40:14] [Config._processFile] Auto Trade: false
[20:40:14] [Mongo._init] Mongo is initialized
[20:40:14] [OrderBookkeeping.loadClosedTradesFromMongo] [order] Reloaded 6 closed trade(s) from Mongo for today
[20:40:14] [ANT.loadSession] ANT session loaded from file
[20:40:15] [Server.<anonymous>] [order] Listening on /tmp/icici-order.sock
[20:40:15] [Socket.<anonymous>] [strategies] Connected to order process
[20:40:15] [Server.<anonymous>] [order] Client connected, total: 1
[20:40:15] [Server.<anonymous>] [order] Client connected, total: 2
[20:40:15] [Socket.<anonymous>] [strategies] Connected to order process
[20:40:15] [AntOrderNotifyStream.getWsToken] [AntOrderNotify] createWsToken response: {"status":"Ok","message":"200","result":[{"orderToken":"a1dab534e3e11278f5844327e89f2816e139ef8b6d40ab90772172c1a5f7754d"}]}
[20:40:15] [ws.onopen] [AntOrderNotify] Connected, subscribing...
[orchestrator] [dev] Restarting strategies (data/order untouched)...
[orchestrator] [boot] Starting strategies...
[orchestrator] [strategies] exited (code=0 signal=null)
[20:40:58] [Socket.<anonymous>] [order] Client disconnected, total: 1
[20:40:58] [Socket.<anonymous>] [frontend] Disconnected from strategies process, retrying in 2s...
[orchestrator] [dev] Restarting order (data/strategies/frontend untouched)...
[20:40:58] [Socket.<anonymous>] [strategies] Disconnected from order process, retrying in 2s...
[orchestrator] [order] exited (code=0 signal=null)
[20:40:59] [ConfigService.loadConfig] Config Updated: {
  "srHypothesis": {
    "confirmWindowMin": 2,
    "maxJump": 15,
    "maxRangeWidth": 30,
    "buffer": 10,
    "target": 10,
    "stopLoss": 10,
    "breachBuffer": 0,
    "breachConfirmSec": 0,
    "heldMinSec": 407,
    "heldMaxSec": 651,
    "csvOutput": false
  },
  "rocHypothesis": {
    "target": 10,
    "stopLoss": 10,
    "cooldownSec": 60,
    "minWins": 2,
    "windowGridMin": [
      1,
      2,
      3,
      4,
      5,
      7,
      10,
      15
    ],
    "thresholdGrid": [
      5,
      10,
      15,
      20,
      25,
      30,
      40,
      50,
      60,
      75,
      100
    ],
    "csvOutput": false
  },
  "settings": {
    "minPrice": 20,
    "maxPrice": 30000,
    "targetPriceDiff": 2,
    "stopLossPriceDiff": 11,
    "trailingDistance": 4,
    "cooldownSeconds": 0,
    "logQuotes": false,
    "safetyBufferAmount": 5000,
    "consistencyLimitPercent": 40,
    "maxDailyDrawdownPercent": 25,
    "maxMonthlyDrawdownPercent": 50,
    "maxTradesPerDay": 10
  },
  "strategies": [
    {
      "type": "SentimentStrategy",
      "enabled": false,
      "averageThreshold": 20,
      "targetPrice": 2,
      "orderQuantity": 7200,
      "sentiment": "put",
      "loopCount": 1
    },
    {
      "type": "BuySellStrategy",
      "enabled": false,
      "initialQuantity": 150,
      "incrementFactor": "single",
      "incrementQuantity": 150,
      "averageThreshold": 10,
      "targetPrice": 5,
      "stopEnabled": false,
      "activateIntermittentCount": 100,
      "maxIterationCount": 10,
      "logEnabled": false,
      "right": "none"
    },
    {
      "type": "ContinuousStrategy",
      "enabled": false,
      "initialQuantity": 65,
      "slDistance": 10,
      "minPremium": 100,
      "allottedCapital": 200000,
      "spawnQuantityMode": "same",
      "averageQuantityMode": "same",
      "right": "none",
      "cooldownSeconds": 60,
      "refillCancelDistance": 50,
      "logEnabled": true
    },
    {
      "type": "IntermittentStrategy",
      "enabled": false,
      "loopCount": 3,
      "targetPrice": 2,
      "quantity": 75,
      "threshold": 10,
      "logEnabled": false
    },
    {
      "type": "RateOfChangeStrategy",
      "enabled": false,
      "pointsThreshold": 30,
      "accelerationThreshold": 5,
      "numberOfDatapointsReceived": 50,
      "quantity": 65,
      "targetPrice": 2,
      "stopLossPrice": 11,
      "maxHoldTimeMinutes": 30,
      "logEnabled": true
    },
    {
      "type": "GapStrategy",
      "enabled": false,
      "pointsThreshold": 20,
      "numberOfDatapointsReceived": 50,
      "quantity": 65,
      "targetPrice": 10,
      "stopLossPrice": 5,
      "maxHoldTimeMinutes": 600,
      "gapReversalMode": false,
      "gapReversalThreshold": 100,
      "logEnabled": true
    },
    {
      "type": "RuleBasedStrategy",
      "enabled": false,
      "indicators": [
        "RSI_5_70_30"
      ],
      "quantity": 65,
      "target": 10,
      "stopLoss": 20,
      "maxHoldTimeMinutes": 30,
      "logEnabled": true
    },
    {
      "type": "GoodMorningStrategy",
      "enabled": false,
      "quantity": 65,
      "targetPoints": 10,
      "stopLossPoints": 10,
      "logEnabled": true,
      "snapshotTime": "10:00",
      "confirmTime": "10:30",
      "previousClose": 24219,
      "minMovementPoints": 10
    },
    {
      "type": "GoodMorningSensexStrategy",
      "enabled": false,
      "quantity": 200,
      "targetPoints": 30,
      "stopLossPoints": 30,
      "logEnabled": true,
      "snapshotTime": "09:40",
      "confirmTime": "09:45",
      "minMovementPoints": 30
    },
    {
      "type": "SupportResistanceStrategy",
      "enabled": false,
      "supportPrice": 0,
      "resistancePrice": 0,
      "quantity": 1755,
      "targetPoints": 10,
      "stopLossPoints": 15,
      "logEnabled": true
    },
    {
      "type": "TargetReachStrategy",
      "enabled": false,
      "symbol": "NIFTY",
      "strike": 0,
      "expiry": "2026-01-01",
      "optionType": "CE",
      "targetPrice": 0,
      "quantity": 1755,
      "targetPoints": 10,
      "stopLossPoints": 15,
      "logEnabled": true
    }
  ]
}
[orchestrator] [dev] Restarting frontend (data/order/strategies untouched)...
[orchestrator] [frontend] exited (code=0 signal=null)
[20:40:59] [Config._processFile] Dir Name: /home/karthikeyan/work/icici/dist/prism
[20:40:59] [Config._processFile] File Name: /home/karthikeyan/work/icici/dist/prism/config.js
[orchestrator] [dev] Restarting data (order/strategies/frontend untouched)...
[20:40:59] [NorenRestApi.reloadToken] Restored Shoonya access token from userToken.txt
[orchestrator] [data] exited (code=0 signal=null)
[20:40:59] [ConfigService.loadConfig] Config Updated: {
  "srHypothesis": {
    "confirmWindowMin": 2,
    "maxJump": 15,
    "maxRangeWidth": 30,
    "buffer": 10,
    "target": 10,
    "stopLoss": 10,
    "breachBuffer": 0,
    "breachConfirmSec": 0,
    "heldMinSec": 407,
    "heldMaxSec": 651,
    "csvOutput": false
  },
  "rocHypothesis": {
    "target": 10,
    "stopLoss": 10,
    "cooldownSec": 60,
    "minWins": 2,
    "windowGridMin": [
      1,
      2,
      3,
      4,
      5,
      7,
      10,
      15
    ],
    "thresholdGrid": [
      5,
      10,
      15,
      20,
      25,
      30,
      40,
      50,
      60,
      75,
      100
    ],
    "csvOutput": false
  },
  "settings": {
    "minPrice": 20,
    "maxPrice": 30000,
    "targetPriceDiff": 2,
    "stopLossPriceDiff": 11,
    "trailingDistance": 4,
    "cooldownSeconds": 0,
    "logQuotes": false,
    "safetyBufferAmount": 5000,
    "consistencyLimitPercent": 40,
    "maxDailyDrawdownPercent": 25,
    "maxMonthlyDrawdownPercent": 50,
    "maxTradesPerDay": 10
  },
  "strategies": [
    {
      "type": "SentimentStrategy",
      "enabled": false,
      "averageThreshold": 20,
      "targetPrice": 2,
      "orderQuantity": 7200,
      "sentiment": "put",
      "loopCount": 1
    },
    {
      "type": "BuySellStrategy",
      "enabled": false,
      "initialQuantity": 150,
      "incrementFactor": "single",
      "incrementQuantity": 150,
      "averageThreshold": 10,
      "targetPrice": 5,
      "stopEnabled": false,
      "activateIntermittentCount": 100,
      "maxIterationCount": 10,
      "logEnabled": false,
      "right": "none"
    },
    {
      "type": "ContinuousStrategy",
      "enabled": false,
      "initialQuantity": 65,
      "slDistance": 10,
      "minPremium": 100,
      "allottedCapital": 200000,
      "spawnQuantityMode": "same",
      "averageQuantityMode": "same",
      "right": "none",
      "cooldownSeconds": 60,
      "refillCancelDistance": 50,
      "logEnabled": true
    },
    {
      "type": "IntermittentStrategy",
      "enabled": false,
      "loopCount": 3,
      "targetPrice": 2,
      "quantity": 75,
      "threshold": 10,
      "logEnabled": false
    },
    {
      "type": "RateOfChangeStrategy",
      "enabled": false,
      "pointsThreshold": 30,
      "accelerationThreshold": 5,
      "numberOfDatapointsReceived": 50,
      "quantity": 65,
      "targetPrice": 2,
      "stopLossPrice": 11,
      "maxHoldTimeMinutes": 30,
      "logEnabled": true
    },
    {
      "type": "GapStrategy",
      "enabled": false,
      "pointsThreshold": 20,
      "numberOfDatapointsReceived": 50,
      "quantity": 65,
      "targetPrice": 10,
      "stopLossPrice": 5,
      "maxHoldTimeMinutes": 600,
      "gapReversalMode": false,
      "gapReversalThreshold": 100,
      "logEnabled": true
    },
    {
      "type": "RuleBasedStrategy",
      "enabled": false,
      "indicators": [
        "RSI_5_70_30"
      ],
      "quantity": 65,
      "target": 10,
      "stopLoss": 20,
      "maxHoldTimeMinutes": 30,
      "logEnabled": true
    },
    {
      "type": "GoodMorningStrategy",
      "enabled": false,
      "quantity": 65,
      "targetPoints": 10,
      "stopLossPoints": 10,
      "logEnabled": true,
      "snapshotTime": "10:00",
      "confirmTime": "10:30",
      "previousClose": 24219,
      "minMovementPoints": 10
    },
    {
      "type": "GoodMorningSensexStrategy",
      "enabled": false,
      "quantity": 200,
      "targetPoints": 30,
      "stopLossPoints": 30,
      "logEnabled": true,
      "snapshotTime": "09:40",
      "confirmTime": "09:45",
      "minMovementPoints": 30
    },
    {
      "type": "SupportResistanceStrategy",
      "enabled": false,
      "supportPrice": 0,
      "resistancePrice": 0,
      "quantity": 1755,
      "targetPoints": 10,
      "stopLossPoints": 15,
      "logEnabled": true
    },
    {
      "type": "TargetReachStrategy",
      "enabled": false,
      "symbol": "NIFTY",
      "strike": 0,
      "expiry": "2026-01-01",
      "optionType": "CE",
      "targetPrice": 0,
      "quantity": 1755,
      "targetPoints": 10,
      "stopLossPoints": 15,
      "logEnabled": true
    }
  ]
}
[orchestrator] [dev] Restarting order (data/strategies/frontend untouched)...
[orchestrator] [order] exited (code=null signal=SIGTERM)
[orchestrator] [dev] Restarting strategies (data/order untouched)...
[orchestrator] [boot] Starting strategies...
[orchestrator] [strategies] exited (code=null signal=SIGTERM)
[20:41:00] [ConfigService.loadConfig] Config Updated: {
  "srHypothesis": {
    "confirmWindowMin": 2,
    "maxJump": 15,
    "maxRangeWidth": 30,
    "buffer": 10,
    "target": 10,
    "stopLoss": 10,
    "breachBuffer": 0,
    "breachConfirmSec": 0,
    "heldMinSec": 407,
    "heldMaxSec": 651,
    "csvOutput": false
  },
  "rocHypothesis": {
    "target": 10,
    "stopLoss": 10,
    "cooldownSec": 60,
    "minWins": 2,
    "windowGridMin": [
      1,
      2,
      3,
      4,
      5,
      7,
      10,
      15
    ],
    "thresholdGrid": [
      5,
      10,
      15,
      20,
      25,
      30,
      40,
      50,
      60,
      75,
      100
    ],
    "csvOutput": false
  },
  "settings": {
    "minPrice": 20,
    "maxPrice": 30000,
    "targetPriceDiff": 2,
    "stopLossPriceDiff": 11,
    "trailingDistance": 4,
    "cooldownSeconds": 0,
    "logQuotes": false,
    "safetyBufferAmount": 5000,
    "consistencyLimitPercent": 40,
    "maxDailyDrawdownPercent": 25,
    "maxMonthlyDrawdownPercent": 50,
    "maxTradesPerDay": 10
  },
  "strategies": [
    {
      "type": "SentimentStrategy",
      "enabled": false,
      "averageThreshold": 20,
      "targetPrice": 2,
      "orderQuantity": 7200,
      "sentiment": "put",
      "loopCount": 1
    },
    {
      "type": "BuySellStrategy",
      "enabled": false,
      "initialQuantity": 150,
      "incrementFactor": "single",
      "incrementQuantity": 150,
      "averageThreshold": 10,
      "targetPrice": 5,
      "stopEnabled": false,
      "activateIntermittentCount": 100,
      "maxIterationCount": 10,
      "logEnabled": false,
      "right": "none"
    },
    {
      "type": "ContinuousStrategy",
      "enabled": false,
      "initialQuantity": 65,
      "slDistance": 10,
      "minPremium": 100,
      "allottedCapital": 200000,
      "spawnQuantityMode": "same",
      "averageQuantityMode": "same",
      "right": "none",
      "cooldownSeconds": 60,
      "refillCancelDistance": 50,
      "logEnabled": true
    },
    {
      "type": "IntermittentStrategy",
      "enabled": false,
      "loopCount": 3,
      "targetPrice": 2,
      "quantity": 75,
      "threshold": 10,
      "logEnabled": false
    },
    {
      "type": "RateOfChangeStrategy",
      "enabled": false,
      "pointsThreshold": 30,
      "accelerationThreshold": 5,
      "numberOfDatapointsReceived": 50,
      "quantity": 65,
      "targetPrice": 2,
      "stopLossPrice": 11,
      "maxHoldTimeMinutes": 30,
      "logEnabled": true
    },
    {
      "type": "GapStrategy",
      "enabled": false,
      "pointsThreshold": 20,
      "numberOfDatapointsReceived": 50,
      "quantity": 65,
      "targetPrice": 10,
      "stopLossPrice": 5,
      "maxHoldTimeMinutes": 600,
      "gapReversalMode": false,
      "gapReversalThreshold": 100,
      "logEnabled": true
    },
    {
      "type": "RuleBasedStrategy",
      "enabled": false,
      "indicators": [
        "RSI_5_70_30"
      ],
      "quantity": 65,
      "target": 10,
      "stopLoss": 20,
      "maxHoldTimeMinutes": 30,
      "logEnabled": true
    },
    {
      "type": "GoodMorningStrategy",
      "enabled": false,
      "quantity": 65,
      "targetPoints": 10,
      "stopLossPoints": 10,
      "logEnabled": true,
      "snapshotTime": "10:00",
      "confirmTime": "10:30",
      "previousClose": 24219,
      "minMovementPoints": 10
    },
    {
      "type": "GoodMorningSensexStrategy",
      "enabled": false,
      "quantity": 200,
      "targetPoints": 30,
      "stopLossPoints": 30,
      "logEnabled": true,
      "snapshotTime": "09:40",
      "confirmTime": "09:45",
      "minMovementPoints": 30
    },
    {
      "type": "SupportResistanceStrategy",
      "enabled": false,
      "supportPrice": 0,
      "resistancePrice": 0,
      "quantity": 1755,
      "targetPoints": 10,
      "stopLossPoints": 15,
      "logEnabled": true
    },
    {
      "type": "TargetReachStrategy",
      "enabled": false,
      "symbol": "NIFTY",
      "strike": 0,
      "expiry": "2026-01-01",
      "optionType": "CE",
      "targetPrice": 0,
      "quantity": 1755,
      "targetPoints": 10,
      "stopLossPoints": 15,
      "logEnabled": true
    }
  ]
}
[20:41:00] [ConfigService.loadConfig] Config Updated: {
  "srHypothesis": {
    "confirmWindowMin": 2,
    "maxJump": 15,
    "maxRangeWidth": 30,
    "buffer": 10,
    "target": 10,
    "stopLoss": 10,
    "breachBuffer": 0,
    "breachConfirmSec": 0,
    "heldMinSec": 407,
    "heldMaxSec": 651,
    "csvOutput": false
  },
  "rocHypothesis": {
    "target": 10,
    "stopLoss": 10,
    "cooldownSec": 60,
    "minWins": 2,
    "windowGridMin": [
      1,
      2,
      3,
      4,
      5,
      7,
      10,
      15
    ],
    "thresholdGrid": [
      5,
      10,
      15,
      20,
      25,
      30,
      40,
      50,
      60,
      75,
      100
    ],
    "csvOutput": false
  },
  "settings": {
    "minPrice": 20,
    "maxPrice": 30000,
    "targetPriceDiff": 2,
    "stopLossPriceDiff": 11,
    "trailingDistance": 4,
    "cooldownSeconds": 0,
    "logQuotes": false,
    "safetyBufferAmount": 5000,
    "consistencyLimitPercent": 40,
    "maxDailyDrawdownPercent": 25,
    "maxMonthlyDrawdownPercent": 50,
    "maxTradesPerDay": 10
  },
  "strategies": [
    {
      "type": "SentimentStrategy",
      "enabled": false,
      "averageThreshold": 20,
      "targetPrice": 2,
      "orderQuantity": 7200,
      "sentiment": "put",
      "loopCount": 1
    },
    {
      "type": "BuySellStrategy",
      "enabled": false,
      "initialQuantity": 150,
      "incrementFactor": "single",
      "incrementQuantity": 150,
      "averageThreshold": 10,
      "targetPrice": 5,
      "stopEnabled": false,
      "activateIntermittentCount": 100,
      "maxIterationCount": 10,
      "logEnabled": false,
      "right": "none"
    },
    {
      "type": "ContinuousStrategy",
      "enabled": false,
      "initialQuantity": 65,
      "slDistance": 10,
      "minPremium": 100,
      "allottedCapital": 200000,
      "spawnQuantityMode": "same",
      "averageQuantityMode": "same",
      "right": "none",
      "cooldownSeconds": 60,
      "refillCancelDistance": 50,
      "logEnabled": true
    },
    {
      "type": "IntermittentStrategy",
      "enabled": false,
      "loopCount": 3,
      "targetPrice": 2,
      "quantity": 75,
      "threshold": 10,
      "logEnabled": false
    },
    {
      "type": "RateOfChangeStrategy",
      "enabled": false,
      "pointsThreshold": 30,
      "accelerationThreshold": 5,
      "numberOfDatapointsReceived": 50,
      "quantity": 65,
      "targetPrice": 2,
      "stopLossPrice": 11,
      "maxHoldTimeMinutes": 30,
      "logEnabled": true
    },
    {
      "type": "GapStrategy",
      "enabled": false,
      "pointsThreshold": 20,
      "numberOfDatapointsReceived": 50,
      "quantity": 65,
      "targetPrice": 10,
      "stopLossPrice": 5,
      "maxHoldTimeMinutes": 600,
      "gapReversalMode": false,
      "gapReversalThreshold": 100,
      "logEnabled": true
    },
    {
      "type": "RuleBasedStrategy",
      "enabled": false,
      "indicators": [
        "RSI_5_70_30"
      ],
      "quantity": 65,
      "target": 10,
      "stopLoss": 20,
      "maxHoldTimeMinutes": 30,
      "logEnabled": true
    },
    {
      "type": "GoodMorningStrategy",
      "enabled": false,
      "quantity": 65,
      "targetPoints": 10,
      "stopLossPoints": 10,
      "logEnabled": true,
      "snapshotTime": "10:00",
      "confirmTime": "10:30",
      "previousClose": 24219,
      "minMovementPoints": 10
    },
    {
      "type": "GoodMorningSensexStrategy",
      "enabled": false,
      "quantity": 200,
      "targetPoints": 30,
      "stopLossPoints": 30,
      "logEnabled": true,
      "snapshotTime": "09:40",
      "confirmTime": "09:45",
      "minMovementPoints": 30
    },
    {
      "type": "SupportResistanceStrategy",
      "enabled": false,
      "supportPrice": 0,
      "resistancePrice": 0,
      "quantity": 1755,
      "targetPoints": 10,
      "stopLossPoints": 15,
      "logEnabled": true
    },
    {
      "type": "TargetReachStrategy",
      "enabled": false,
      "symbol": "NIFTY",
      "strike": 0,
      "expiry": "2026-01-01",
      "optionType": "CE",
      "targetPrice": 0,
      "quantity": 1755,
      "targetPoints": 10,
      "stopLossPoints": 15,
      "logEnabled": true
    }
  ]
}
[20:41:00] [ConfigService.loadConfig] Config Updated: {
  "srHypothesis": {
    "confirmWindowMin": 2,
    "maxJump": 15,
    "maxRangeWidth": 30,
    "buffer": 10,
    "target": 10,
    "stopLoss": 10,
    "breachBuffer": 0,
    "breachConfirmSec": 0,
    "heldMinSec": 407,
    "heldMaxSec": 651,
    "csvOutput": false
  },
  "rocHypothesis": {
    "target": 10,
    "stopLoss": 10,
    "cooldownSec": 60,
    "minWins": 2,
    "windowGridMin": [
      1,
      2,
      3,
      4,
      5,
      7,
      10,
      15
    ],
    "thresholdGrid": [
      5,
      10,
      15,
      20,
      25,
      30,
      40,
      50,
      60,
      75,
      100
    ],
    "csvOutput": false
  },
  "settings": {
    "minPrice": 20,
    "maxPrice": 30000,
    "targetPriceDiff": 2,
    "stopLossPriceDiff": 11,
    "trailingDistance": 4,
    "cooldownSeconds": 0,
    "logQuotes": false,
    "safetyBufferAmount": 5000,
    "consistencyLimitPercent": 40,
    "maxDailyDrawdownPercent": 25,
    "maxMonthlyDrawdownPercent": 50,
    "maxTradesPerDay": 10
  },
  "strategies": [
    {
      "type": "SentimentStrategy",
      "enabled": false,
      "averageThreshold": 20,
      "targetPrice": 2,
      "orderQuantity": 7200,
      "sentiment": "put",
      "loopCount": 1
    },
    {
      "type": "BuySellStrategy",
      "enabled": false,
      "initialQuantity": 150,
      "incrementFactor": "single",
      "incrementQuantity": 150,
      "averageThreshold": 10,
      "targetPrice": 5,
      "stopEnabled": false,
      "activateIntermittentCount": 100,
      "maxIterationCount": 10,
      "logEnabled": false,
      "right": "none"
    },
    {
      "type": "ContinuousStrategy",
      "enabled": false,
      "initialQuantity": 65,
      "slDistance": 10,
      "minPremium": 100,
      "allottedCapital": 200000,
      "spawnQuantityMode": "same",
      "averageQuantityMode": "same",
      "right": "none",
      "cooldownSeconds": 60,
      "refillCancelDistance": 50,
      "logEnabled": true
    },
    {
      "type": "IntermittentStrategy",
      "enabled": false,
      "loopCount": 3,
      "targetPrice": 2,
      "quantity": 75,
      "threshold": 10,
      "logEnabled": false
    },
    {
      "type": "RateOfChangeStrategy",
      "enabled": false,
      "pointsThreshold": 30,
      "accelerationThreshold": 5,
      "numberOfDatapointsReceived": 50,
      "quantity": 65,
      "targetPrice": 2,
      "stopLossPrice": 11,
      "maxHoldTimeMinutes": 30,
      "logEnabled": true
    },
    {
      "type": "GapStrategy",
      "enabled": false,
      "pointsThreshold": 20,
      "numberOfDatapointsReceived": 50,
      "quantity": 65,
      "targetPrice": 10,
      "stopLossPrice": 5,
      "maxHoldTimeMinutes": 600,
      "gapReversalMode": false,
      "gapReversalThreshold": 100,
      "logEnabled": true
    },
    {
      "type": "RuleBasedStrategy",
      "enabled": false,
      "indicators": [
        "RSI_5_70_30"
      ],
      "quantity": 65,
      "target": 10,
      "stopLoss": 20,
      "maxHoldTimeMinutes": 30,
      "logEnabled": true
    },
    {
      "type": "GoodMorningStrategy",
      "enabled": false,
      "quantity": 65,
      "targetPoints": 10,
      "stopLossPoints": 10,
      "logEnabled": true,
      "snapshotTime": "10:00",
      "confirmTime": "10:30",
      "previousClose": 24219,
      "minMovementPoints": 10
    },
    {
      "type": "GoodMorningSensexStrategy",
      "enabled": false,
      "quantity": 200,
      "targetPoints": 30,
      "stopLossPoints": 30,
      "logEnabled": true,
      "snapshotTime": "09:40",
      "confirmTime": "09:45",
      "minMovementPoints": 30
    },
    {
      "type": "SupportResistanceStrategy",
      "enabled": false,
      "supportPrice": 0,
      "resistancePrice": 0,
      "quantity": 1755,
      "targetPoints": 10,
      "stopLossPoints": 15,
      "logEnabled": true
    },
    {
      "type": "TargetReachStrategy",
      "enabled": false,
      "symbol": "NIFTY",
      "strike": 0,
      "expiry": "2026-01-01",
      "optionType": "CE",
      "targetPrice": 0,
      "quantity": 1755,
      "targetPoints": 10,
      "stopLossPoints": 15,
      "logEnabled": true
    }
  ]
}
[20:41:00] [Mongo.init] Mongo is initialized
[20:41:00] [ConfigService.loadConfig] Config Updated: {
  "srHypothesis": {
    "confirmWindowMin": 2,
    "maxJump": 15,
    "maxRangeWidth": 30,
    "buffer": 10,
    "target": 10,
    "stopLoss": 10,
    "breachBuffer": 0,
    "breachConfirmSec": 0,
    "heldMinSec": 407,
    "heldMaxSec": 651,
    "csvOutput": false
  },
  "rocHypothesis": {
    "target": 10,
    "stopLoss": 10,
    "cooldownSec": 60,
    "minWins": 2,
    "windowGridMin": [
      1,
      2,
      3,
      4,
      5,
      7,
      10,
      15
    ],
    "thresholdGrid": [
      5,
      10,
      15,
      20,
      25,
      30,
      40,
      50,
      60,
      75,
      100
    ],
    "csvOutput": false
  },
  "settings": {
    "minPrice": 20,
    "maxPrice": 30000,
    "targetPriceDiff": 2,
    "stopLossPriceDiff": 11,
    "trailingDistance": 4,
    "cooldownSeconds": 0,
    "logQuotes": false,
    "safetyBufferAmount": 5000,
    "consistencyLimitPercent": 40,
    "maxDailyDrawdownPercent": 25,
    "maxMonthlyDrawdownPercent": 50,
    "maxTradesPerDay": 10
  },
  "strategies": [
    {
      "type": "SentimentStrategy",
      "enabled": false,
      "averageThreshold": 20,
      "targetPrice": 2,
      "orderQuantity": 7200,
      "sentiment": "put",
      "loopCount": 1
    },
    {
      "type": "BuySellStrategy",
      "enabled": false,
      "initialQuantity": 150,
      "incrementFactor": "single",
      "incrementQuantity": 150,
      "averageThreshold": 10,
      "targetPrice": 5,
      "stopEnabled": false,
      "activateIntermittentCount": 100,
      "maxIterationCount": 10,
      "logEnabled": false,
      "right": "none"
    },
    {
      "type": "ContinuousStrategy",
      "enabled": false,
      "initialQuantity": 65,
      "slDistance": 10,
      "minPremium": 100,
      "allottedCapital": 200000,
      "spawnQuantityMode": "same",
      "averageQuantityMode": "same",
      "right": "none",
      "cooldownSeconds": 60,
      "refillCancelDistance": 50,
      "logEnabled": true
    },
    {
      "type": "IntermittentStrategy",
      "enabled": false,
      "loopCount": 3,
      "targetPrice": 2,
      "quantity": 75,
      "threshold": 10,
      "logEnabled": false
    },
    {
      "type": "RateOfChangeStrategy",
      "enabled": false,
      "pointsThreshold": 30,
      "accelerationThreshold": 5,
      "numberOfDatapointsReceived": 50,
      "quantity": 65,
      "targetPrice": 2,
      "stopLossPrice": 11,
      "maxHoldTimeMinutes": 30,
      "logEnabled": true
    },
    {
      "type": "GapStrategy",
      "enabled": false,
      "pointsThreshold": 20,
      "numberOfDatapointsReceived": 50,
      "quantity": 65,
      "targetPrice": 10,
      "stopLossPrice": 5,
      "maxHoldTimeMinutes": 600,
      "gapReversalMode": false,
      "gapReversalThreshold": 100,
      "logEnabled": true
    },
    {
      "type": "RuleBasedStrategy",
      "enabled": false,
      "indicators": [
        "RSI_5_70_30"
      ],
      "quantity": 65,
      "target": 10,
      "stopLoss": 20,
      "maxHoldTimeMinutes": 30,
      "logEnabled": true
    },
    {
      "type": "GoodMorningStrategy",
      "enabled": false,
      "quantity": 65,
      "targetPoints": 10,
      "stopLossPoints": 10,
      "logEnabled": true,
      "snapshotTime": "10:00",
      "confirmTime": "10:30",
      "previousClose": 24219,
      "minMovementPoints": 10
    },
    {
      "type": "GoodMorningSensexStrategy",
      "enabled": false,
      "quantity": 200,
      "targetPoints": 30,
      "stopLossPoints": 30,
      "logEnabled": true,
      "snapshotTime": "09:40",
      "confirmTime": "09:45",
      "minMovementPoints": 30
    },
    {
      "type": "SupportResistanceStrategy",
      "enabled": false,
      "supportPrice": 0,
      "resistancePrice": 0,
      "quantity": 1755,
      "targetPoints": 10,
      "stopLossPoints": 15,
      "logEnabled": true
    },
    {
      "type": "TargetReachStrategy",
      "enabled": false,
      "symbol": "NIFTY",
      "strike": 0,
      "expiry": "2026-01-01",
      "optionType": "CE",
      "targetPrice": 0,
      "quantity": 1755,
      "targetPoints": 10,
      "stopLossPoints": 15,
      "logEnabled": true
    }
  ]
}
[20:41:00] [Mongo._init] Mongo is initialized
[20:41:00] [AntDataStream.connect] [AntDataStream] Connecting to ANT streaming...
[20:41:00] [ANT.loadSession] ANT session loaded from file
[20:41:00] [AntSession.prepareWsSession] [AntSession] Creating WS session (createWsSess)...
[20:41:00] [Config._processFile] Dir Name: /home/karthikeyan/work/icici/dist/prism
[20:41:00] [Config._processFile] File Name: /home/karthikeyan/work/icici/dist/prism/config.js
[20:41:00] [Config._processFile] Dir Name: /home/karthikeyan/work/icici/dist/prism
[20:41:00] [Config._processFile] File Name: /home/karthikeyan/work/icici/dist/prism/config.js
[20:41:00] [NorenRestApi.reloadToken] Restored Shoonya access token from userToken.txt
[20:41:00] [NorenRestApi.reloadToken] Restored Shoonya access token from userToken.txt
[20:41:00] [AntSession.prepareWsSession] [AntSession] createWsSess response: {
  "status": "Ok",
  "message": "Success",
  "result": [
    {
      "Status": "OK"
    }
  ]
}
[20:41:00] [AntSession.prepareWsSession] [AntSession] WS session prepared successfully
[20:41:00] [Config._processFile] Dir Name: /home/karthikeyan/work/icici/dist/prism
[20:41:00] [Config._processFile] File Name: /home/karthikeyan/work/icici/dist/prism/config.js
[20:41:00] [NorenRestApi.reloadToken] Restored Shoonya access token from userToken.txt
[20:41:00] [ws.onopen] [AntWS] Connected, sending auth payload...
[20:41:00] [AntDataStream.connect] [AntDataStream] Connected and streaming
[20:41:00] [main] [data] Ready - NIFTY/SENSEX always subscribed, streaming to stdout.
[20:41:00] [ws.onmessage] [AntWS] Connect ack: {
  "t": "ck",
  "s": "OK",
  "uid": "924118_API"
}
[20:41:00] [Mongo.init] Mongo is initialized
[20:41:00] [/home/karthikeyan/work/icici/dist/processes/data/AntDataStream.js:57:27] [AntDataStream] WebSocket open, subscribing to always-on instruments...
[20:41:00] [AntWebSocket.subscribe] [AntWS] Subscribing: NSE|26000#BSE|1
[20:41:01] [Mongo.init] Mongo is initialized
[20:41:01] [Config._processFile] lot count: 1
[20:41:01] [Config._processFile] Auto Trade: false
[20:41:01] [Mongo._init] Mongo is initialized
Fri, 28 Aug 2026 15:11:01 GMT body-parser deprecated bodyParser: use individual json/urlencoded middlewares at dist/server.js:91:35
Fri, 28 Aug 2026 15:11:01 GMT body-parser deprecated undefined extended: provide extended option at node_modules/body-parser/index.js:104:29
[20:41:01] [Config._processFile] lot count: 1
[20:41:01] [Config._processFile] Auto Trade: false
[20:41:01] [Mongo.init] Mongo is initialized
[20:41:01] [Mongo._init] Mongo is initialized
[20:41:01] [expandRuleBasedConfig] [StrategyFactory] Expanded RuleBasedStrategy into 1 instances
[20:41:01] [Strategies.initialize] [] expandedConfigArray:  [
  {
    "type": "SentimentStrategy",
    "enabled": false,
    "averageThreshold": 20,
    "targetPrice": 2,
    "orderQuantity": 7200,
    "sentiment": "put",
    "loopCount": 1
  },
  {
    "type": "BuySellStrategy",
    "enabled": false,
    "initialQuantity": 150,
    "incrementFactor": "single",
    "incrementQuantity": 150,
    "averageThreshold": 10,
    "targetPrice": 5,
    "stopEnabled": false,
    "activateIntermittentCount": 100,
    "maxIterationCount": 10,
    "logEnabled": false,
    "right": "none"
  },
  {
    "type": "ContinuousStrategy",
    "enabled": false,
    "initialQuantity": 65,
    "slDistance": 10,
    "minPremium": 100,
    "allottedCapital": 200000,
    "spawnQuantityMode": "same",
    "averageQuantityMode": "same",
    "right": "none",
    "cooldownSeconds": 60,
    "refillCancelDistance": 50,
    "logEnabled": true
  },
  {
    "type": "IntermittentStrategy",
    "enabled": false,
    "loopCount": 3,
    "targetPrice": 2,
    "quantity": 75,
    "threshold": 10,
    "logEnabled": false
  },
  {
    "type": "RateOfChangeStrategy",
    "enabled": false,
    "pointsThreshold": 30,
    "accelerationThreshold": 5,
    "numberOfDatapointsReceived": 50,
    "quantity": 65,
    "targetPrice": 2,
    "stopLossPrice": 11,
    "maxHoldTimeMinutes": 30,
    "logEnabled": true
  },
  {
    "type": "GapStrategy",
    "enabled": false,
    "pointsThreshold": 20,
    "numberOfDatapointsReceived": 50,
    "quantity": 65,
    "targetPrice": 10,
    "stopLossPrice": 5,
    "maxHoldTimeMinutes": 600,
    "gapReversalMode": false,
    "gapReversalThreshold": 100,
    "logEnabled": true
  },
  {
    "type": "RuleBasedStrategy",
    "enabled": false,
    "indicators": [
      "RSI_5_70_30"
    ],
    "quantity": 65,
    "target": 10,
    "stopLoss": 20,
    "maxHoldTimeMinutes": 30,
    "logEnabled": true,
    "userId": "Rule-RSI_5_70_30"
  },
  {
    "type": "GoodMorningStrategy",
    "enabled": false,
    "quantity": 65,
    "targetPoints": 10,
    "stopLossPoints": 10,
    "logEnabled": true,
    "snapshotTime": "10:00",
    "confirmTime": "10:30",
    "previousClose": 24219,
    "minMovementPoints": 10
  },
  {
    "type": "GoodMorningSensexStrategy",
    "enabled": false,
    "quantity": 200,
    "targetPoints": 30,
    "stopLossPoints": 30,
    "logEnabled": true,
    "snapshotTime": "09:40",
    "confirmTime": "09:45",
    "minMovementPoints": 30
  },
  {
    "type": "SupportResistanceStrategy",
    "enabled": false,
    "supportPrice": 0,
    "resistancePrice": 0,
    "quantity": 1755,
    "targetPoints": 10,
    "stopLossPoints": 15,
    "logEnabled": true
  },
  {
    "type": "TargetReachStrategy",
    "enabled": false,
    "symbol": "NIFTY",
    "strike": 0,
    "expiry": "2026-01-01",
    "optionType": "CE",
    "targetPrice": 0,
    "quantity": 1755,
    "targetPoints": 10,
    "stopLossPoints": 15,
    "logEnabled": true
  }
]
[20:41:01] [expandRuleBasedConfig] [StrategyFactory] Expanded RuleBasedStrategy into 1 instances
[20:41:01] [new RuleBasedStrategy] [RuleBased:Rule-RSI_5_70_30] Initialized with indicators: RSI_5_70_30
[20:41:01] [Strategies.initialize] [Strategies] Initialized 11 strategies: [
  "SentimentStrategy(SentimentStrategy, enabled=false)",
  "BuySellStrategy(BuySellStrategy, enabled=false)",
  "ContinuousStrategy(ContinuousStrategy, enabled=false)",
  "IntermittentStrategy(IntermittentStrategy, enabled=false)",
  "RateOfChangeStrategy(RateOfChangeStrategy, enabled=false)",
  "GapStrategy(GapStrategy, enabled=false)",
  "RuleBasedStrategy(Rule-RSI_5_70_30, enabled=false)",
  "GoodMorningStrategy(GoodMorningStrategy, enabled=false)",
  "GoodMorningSensexStrategy(GoodMorningSensexStrategy, enabled=false)",
  "SupportResistanceStrategy(SupportResistanceStrategy, enabled=false)",
  "TargetReachStrategy(TargetReachStrategy, enabled=false)"
]
[20:41:01] [main] [strategies] Ready - 11 strategies loaded.
[20:41:01] [Server.<anonymous>] [strategies] Listening on /tmp/icici-strategies.sock
[20:41:01] [/home/karthikeyan/work/icici/dist/processes/strategies/OrderClient.js:53:41] [strategies] Failed to parse order-process message:  Error: connect ENOENT /tmp/icici-order.sock
    at PipeConnectWrap.afterConnect [as oncomplete] (node:net:1615:16)
[20:41:01] [Socket.<anonymous>] [strategies] Order socket error: Error: connect ENOENT /tmp/icici-order.sock
    at PipeConnectWrap.afterConnect [as oncomplete] (node:net:1615:16)
[20:41:01] [Socket.<anonymous>] [strategies] Disconnected from order process, retrying in 2s...
[20:41:01] [OrderBookkeeping.loadClosedTradesFromMongo] [order] Reloaded 6 closed trade(s) from Mongo for today
[20:41:01] [ANT.loadSession] ANT session loaded from file
[20:41:01] [Config._processFile] lot count: 1
[20:41:01] [Config._processFile] Auto Trade: false
[20:41:01] [Mongo._init] Mongo is initialized
[20:41:01] [Server.<anonymous>] [strategies] Frontend client connected
[20:41:01] [Server.<anonymous>] [frontend] Listening on 3000
[20:41:01] [/home/karthikeyan/work/icici/dist/processes/strategies/OrderClient.js:53:41] [strategies] Failed to parse order-process message:  Error: connect ENOENT /tmp/icici-order.sock
    at PipeConnectWrap.afterConnect [as oncomplete] (node:net:1615:16)
[20:41:01] [Socket.<anonymous>] [strategies] Order socket error: Error: connect ENOENT /tmp/icici-order.sock
    at PipeConnectWrap.afterConnect [as oncomplete] (node:net:1615:16)
[20:41:01] [Socket.<anonymous>] [strategies] Disconnected from order process, retrying in 2s...
[20:41:01] [Socket.<anonymous>] [frontend] Connected to strategies process
[20:41:01] [/home/karthikeyan/work/icici/dist/server.js:1440:27] [frontend] nifty tick: {"ltp":24175.65,"ltt":"1787919089","token":"26000","changePercent":0.35,"prevClose":24091.33034379671} clients=0
[20:41:01] [Server.<anonymous>] [order] Listening on /tmp/icici-order.sock
[20:41:01] [AntOrderNotifyStream.getWsToken] [AntOrderNotify] createWsToken response: {"status":"Ok","message":"200","result":[{"orderToken":"a1dab534e3e11278f5844327e89f2816e139ef8b6d40ab90772172c1a5f7754d"}]}
[20:41:01] [ws.onopen] [AntOrderNotify] Connected, subscribing...
[20:41:02] [pushPositionSnapshot] [frontend] positionstream push failed: Error: Not connected to order process
    at /home/karthikeyan/work/icici/dist/processes/strategies/OrderClient.js:73:31
    at new Promise (<anonymous>)
    at OrderClient.request (/home/karthikeyan/work/icici/dist/processes/strategies/OrderClient.js:71:16)
    at OrderClient.stats (/home/karthikeyan/work/icici/dist/processes/strategies/OrderClient.js:150:32)
    at pushPositionSnapshot (/home/karthikeyan/work/icici/dist/server.js:1172:41)
    at /home/karthikeyan/work/icici/dist/server.js:1191:11
    at Layer.handle [as handle_request] (/home/karthikeyan/work/icici/node_modules/express/lib/router/layer.js:95:5)
    at next (/home/karthikeyan/work/icici/node_modules/express/lib/router/route.js:144:13)
    at Route.dispatch (/home/karthikeyan/work/icici/node_modules/express/lib/router/route.js:114:3)
    at Layer.handle [as handle_request] (/home/karthikeyan/work/icici/node_modules/express/lib/router/layer.js:95:5)
[20:41:03] [Socket.<anonymous>] [strategies] Connected to order process
[20:41:03] [Server.<anonymous>] [order] Client connected, total: 1
[20:41:03] [pushPositionSnapshot] [frontend] positionstream push failed: Error: Not connected to order process
    at /home/karthikeyan/work/icici/dist/processes/strategies/OrderClient.js:73:31
    at new Promise (<anonymous>)
    at OrderClient.request (/home/karthikeyan/work/icici/dist/processes/strategies/OrderClient.js:71:16)
    at OrderClient.stats (/home/karthikeyan/work/icici/dist/processes/strategies/OrderClient.js:150:32)
    at pushPositionSnapshot (/home/karthikeyan/work/icici/dist/server.js:1172:41)
    at /home/karthikeyan/work/icici/dist/server.js:1191:11
    at Layer.handle [as handle_request] (/home/karthikeyan/work/icici/node_modules/express/lib/router/layer.js:95:5)
    at next (/home/karthikeyan/work/icici/node_modules/express/lib/router/route.js:144:13)
    at Route.dispatch (/home/karthikeyan/work/icici/node_modules/express/lib/router/route.js:114:3)
    at Layer.handle [as handle_request] (/home/karthikeyan/work/icici/node_modules/express/lib/router/layer.js:95:5)
[20:41:03] [Socket.<anonymous>] [strategies] Connected to order process
[20:41:03] [Server.<anonymous>] [order] Client connected, total: 2
[20:42:01] [Zerodha.loadSession] Zerodha session loaded from file
[orchestrator] [dev] Restarting order (data/strategies/frontend untouched)...
[20:43:20] [Socket.<anonymous>] [strategies] Disconnected from order process, retrying in 2s...
[orchestrator] [order] exited (code=0 signal=null)
[20:43:20] [Socket.<anonymous>] [strategies] Disconnected from order process, retrying in 2s...
[20:43:20] [ConfigService.loadConfig] Config Updated: {
  "srHypothesis": {
    "confirmWindowMin": 2,
    "maxJump": 15,
    "maxRangeWidth": 30,
    "buffer": 10,
    "target": 10,
    "stopLoss": 10,
    "breachBuffer": 0,
    "breachConfirmSec": 0,
    "heldMinSec": 407,
    "heldMaxSec": 651,
    "csvOutput": false
  },
  "rocHypothesis": {
    "target": 10,
    "stopLoss": 10,
    "cooldownSec": 60,
    "minWins": 2,
    "windowGridMin": [
      1,
      2,
      3,
      4,
      5,
      7,
      10,
      15
    ],
    "thresholdGrid": [
      5,
      10,
      15,
      20,
      25,
      30,
      40,
      50,
      60,
      75,
      100
    ],
    "csvOutput": false
  },
  "settings": {
    "minPrice": 20,
    "maxPrice": 30000,
    "targetPriceDiff": 2,
    "stopLossPriceDiff": 11,
    "trailingDistance": 4,
    "cooldownSeconds": 0,
    "logQuotes": false,
    "safetyBufferAmount": 5000,
    "consistencyLimitPercent": 40,
    "maxDailyDrawdownPercent": 25,
    "maxMonthlyDrawdownPercent": 50,
    "maxTradesPerDay": 10
  },
  "strategies": [
    {
      "type": "SentimentStrategy",
      "enabled": false,
      "averageThreshold": 20,
      "targetPrice": 2,
      "orderQuantity": 7200,
      "sentiment": "put",
      "loopCount": 1
    },
    {
      "type": "BuySellStrategy",
      "enabled": false,
      "initialQuantity": 150,
      "incrementFactor": "single",
      "incrementQuantity": 150,
      "averageThreshold": 10,
      "targetPrice": 5,
      "stopEnabled": false,
      "activateIntermittentCount": 100,
      "maxIterationCount": 10,
      "logEnabled": false,
      "right": "none"
    },
    {
      "type": "ContinuousStrategy",
      "enabled": false,
      "initialQuantity": 65,
      "slDistance": 10,
      "minPremium": 100,
      "allottedCapital": 200000,
      "spawnQuantityMode": "same",
      "averageQuantityMode": "same",
      "right": "none",
      "cooldownSeconds": 60,
      "refillCancelDistance": 50,
      "logEnabled": true
    },
    {
      "type": "IntermittentStrategy",
      "enabled": false,
      "loopCount": 3,
      "targetPrice": 2,
      "quantity": 75,
      "threshold": 10,
      "logEnabled": false
    },
    {
      "type": "RateOfChangeStrategy",
      "enabled": false,
      "pointsThreshold": 30,
      "accelerationThreshold": 5,
      "numberOfDatapointsReceived": 50,
      "quantity": 65,
      "targetPrice": 2,
      "stopLossPrice": 11,
      "maxHoldTimeMinutes": 30,
      "logEnabled": true
    },
    {
      "type": "GapStrategy",
      "enabled": false,
      "pointsThreshold": 20,
      "numberOfDatapointsReceived": 50,
      "quantity": 65,
      "targetPrice": 10,
      "stopLossPrice": 5,
      "maxHoldTimeMinutes": 600,
      "gapReversalMode": false,
      "gapReversalThreshold": 100,
      "logEnabled": true
    },
    {
      "type": "RuleBasedStrategy",
      "enabled": false,
      "indicators": [
        "RSI_5_70_30"
      ],
      "quantity": 65,
      "target": 10,
      "stopLoss": 20,
      "maxHoldTimeMinutes": 30,
      "logEnabled": true
    },
    {
      "type": "GoodMorningStrategy",
      "enabled": false,
      "quantity": 65,
      "targetPoints": 10,
      "stopLossPoints": 10,
      "logEnabled": true,
      "snapshotTime": "10:00",
      "confirmTime": "10:30",
      "previousClose": 24219,
      "minMovementPoints": 10
    },
    {
      "type": "GoodMorningSensexStrategy",
      "enabled": false,
      "quantity": 200,
      "targetPoints": 30,
      "stopLossPoints": 30,
      "logEnabled": true,
      "snapshotTime": "09:40",
      "confirmTime": "09:45",
      "minMovementPoints": 30
    },
    {
      "type": "SupportResistanceStrategy",
      "enabled": false,
      "supportPrice": 0,
      "resistancePrice": 0,
      "quantity": 1755,
      "targetPoints": 10,
      "stopLossPoints": 15,
      "logEnabled": true
    },
    {
      "type": "TargetReachStrategy",
      "enabled": false,
      "symbol": "NIFTY",
      "strike": 0,
      "expiry": "2026-01-01",
      "optionType": "CE",
      "targetPrice": 0,
      "quantity": 1755,
      "targetPoints": 10,
      "stopLossPoints": 15,
      "logEnabled": true
    }
  ]
}
[20:43:20] [Config._processFile] Dir Name: /home/karthikeyan/work/icici/dist/prism
[20:43:20] [Config._processFile] File Name: /home/karthikeyan/work/icici/dist/prism/config.js
[20:43:20] [NorenRestApi.reloadToken] Restored Shoonya access token from userToken.txt
[20:43:21] [Mongo.init] Mongo is initialized
[20:43:21] [Mongo._init] Mongo is initialized
[20:43:21] [Config._processFile] lot count: 1
[20:43:21] [Config._processFile] Auto Trade: false
[20:43:21] [OrderBookkeeping.loadClosedTradesFromMongo] [order] Reloaded 6 closed trade(s) from Mongo for today
[20:43:21] [ANT.loadSession] ANT session loaded from file
[20:43:21] [Server.<anonymous>] [order] Listening on /tmp/icici-order.sock
[20:43:21] [AntOrderNotifyStream.getWsToken] [AntOrderNotify] createWsToken response: {"status":"Ok","message":"200","result":[{"orderToken":"a1dab534e3e11278f5844327e89f2816e139ef8b6d40ab90772172c1a5f7754d"}]}
[20:43:21] [ws.onopen] [AntOrderNotify] Connected, subscribing...
[20:43:22] [Socket.<anonymous>] [strategies] Connected to order process
[20:43:22] [Server.<anonymous>] [order] Client connected, total: 1
[20:43:22] [Socket.<anonymous>] [strategies] Connected to order process
[20:43:22] [Server.<anonymous>] [order] Client connected, total: 2
[orchestrator] [dev] Restarting strategies (data/order untouched)...
[orchestrator] [boot] Starting strategies...
[orchestrator] [strategies] exited (code=0 signal=null)
[20:43:59] [Socket.<anonymous>] [frontend] Disconnected from strategies process, retrying in 2s...
[20:43:59] [Socket.<anonymous>] [order] Client disconnected, total: 1
[orchestrator] [dev] Restarting order (data/strategies/frontend untouched)...
[orchestrator] [order] exited (code=0 signal=null)
[20:43:59] [Socket.<anonymous>] [strategies] Disconnected from order process, retrying in 2s...
[20:44:00] [ConfigService.loadConfig] Config Updated: {
  "srHypothesis": {
    "confirmWindowMin": 2,
    "maxJump": 15,
    "maxRangeWidth": 30,
    "buffer": 10,
    "target": 10,
    "stopLoss": 10,
    "breachBuffer": 0,
    "breachConfirmSec": 0,
    "heldMinSec": 407,
    "heldMaxSec": 651,
    "csvOutput": false
  },
  "rocHypothesis": {
    "target": 10,
    "stopLoss": 10,
    "cooldownSec": 60,
    "minWins": 2,
    "windowGridMin": [
      1,
      2,
      3,
      4,
      5,
      7,
      10,
      15
    ],
    "thresholdGrid": [
      5,
      10,
      15,
      20,
      25,
      30,
      40,
      50,
      60,
      75,
      100
    ],
    "csvOutput": false
  },
  "settings": {
    "minPrice": 20,
    "maxPrice": 30000,
    "targetPriceDiff": 2,
    "stopLossPriceDiff": 11,
    "trailingDistance": 4,
    "cooldownSeconds": 0,
    "logQuotes": false,
    "safetyBufferAmount": 5000,
    "consistencyLimitPercent": 40,
    "maxDailyDrawdownPercent": 25,
    "maxMonthlyDrawdownPercent": 50,
    "maxTradesPerDay": 10
  },
  "strategies": [
    {
      "type": "SentimentStrategy",
      "enabled": false,
      "averageThreshold": 20,
      "targetPrice": 2,
      "orderQuantity": 7200,
      "sentiment": "put",
      "loopCount": 1
    },
    {
      "type": "BuySellStrategy",
      "enabled": false,
      "initialQuantity": 150,
      "incrementFactor": "single",
      "incrementQuantity": 150,
      "averageThreshold": 10,
      "targetPrice": 5,
      "stopEnabled": false,
      "activateIntermittentCount": 100,
      "maxIterationCount": 10,
      "logEnabled": false,
      "right": "none"
    },
    {
      "type": "ContinuousStrategy",
      "enabled": false,
      "initialQuantity": 65,
      "slDistance": 10,
      "minPremium": 100,
      "allottedCapital": 200000,
      "spawnQuantityMode": "same",
      "averageQuantityMode": "same",
      "right": "none",
      "cooldownSeconds": 60,
      "refillCancelDistance": 50,
      "logEnabled": true
    },
    {
      "type": "IntermittentStrategy",
      "enabled": false,
      "loopCount": 3,
      "targetPrice": 2,
      "quantity": 75,
      "threshold": 10,
      "logEnabled": false
    },
    {
      "type": "RateOfChangeStrategy",
      "enabled": false,
      "pointsThreshold": 30,
      "accelerationThreshold": 5,
      "numberOfDatapointsReceived": 50,
      "quantity": 65,
      "targetPrice": 2,
      "stopLossPrice": 11,
      "maxHoldTimeMinutes": 30,
      "logEnabled": true
    },
    {
      "type": "GapStrategy",
      "enabled": false,
      "pointsThreshold": 20,
      "numberOfDatapointsReceived": 50,
      "quantity": 65,
      "targetPrice": 10,
      "stopLossPrice": 5,
      "maxHoldTimeMinutes": 600,
      "gapReversalMode": false,
      "gapReversalThreshold": 100,
      "logEnabled": true
    },
    {
      "type": "RuleBasedStrategy",
      "enabled": false,
      "indicators": [
        "RSI_5_70_30"
      ],
      "quantity": 65,
      "target": 10,
      "stopLoss": 20,
      "maxHoldTimeMinutes": 30,
      "logEnabled": true
    },
    {
      "type": "GoodMorningStrategy",
      "enabled": false,
      "quantity": 65,
      "targetPoints": 10,
      "stopLossPoints": 10,
      "logEnabled": true,
      "snapshotTime": "10:00",
      "confirmTime": "10:30",
      "previousClose": 24219,
      "minMovementPoints": 10
    },
    {
      "type": "GoodMorningSensexStrategy",
      "enabled": false,
      "quantity": 200,
      "targetPoints": 30,
      "stopLossPoints": 30,
      "logEnabled": true,
      "snapshotTime": "09:40",
      "confirmTime": "09:45",
      "minMovementPoints": 30
    },
    {
      "type": "SupportResistanceStrategy",
      "enabled": false,
      "supportPrice": 0,
      "resistancePrice": 0,
      "quantity": 1755,
      "targetPoints": 10,
      "stopLossPoints": 15,
      "logEnabled": true
    },
    {
      "type": "TargetReachStrategy",
      "enabled": false,
      "symbol": "NIFTY",
      "strike": 0,
      "expiry": "2026-01-01",
      "optionType": "CE",
      "targetPrice": 0,
      "quantity": 1755,
      "targetPoints": 10,
      "stopLossPoints": 15,
      "logEnabled": true
    }
  ]
}
[20:44:00] [ConfigService.loadConfig] Config Updated: {
  "srHypothesis": {
    "confirmWindowMin": 2,
    "maxJump": 15,
    "maxRangeWidth": 30,
    "buffer": 10,
    "target": 10,
    "stopLoss": 10,
    "breachBuffer": 0,
    "breachConfirmSec": 0,
    "heldMinSec": 407,
    "heldMaxSec": 651,
    "csvOutput": false
  },
  "rocHypothesis": {
    "target": 10,
    "stopLoss": 10,
    "cooldownSec": 60,
    "minWins": 2,
    "windowGridMin": [
      1,
      2,
      3,
      4,
      5,
      7,
      10,
      15
    ],
    "thresholdGrid": [
      5,
      10,
      15,
      20,
      25,
      30,
      40,
      50,
      60,
      75,
      100
    ],
    "csvOutput": false
  },
  "settings": {
    "minPrice": 20,
    "maxPrice": 30000,
    "targetPriceDiff": 2,
    "stopLossPriceDiff": 11,
    "trailingDistance": 4,
    "cooldownSeconds": 0,
    "logQuotes": false,
    "safetyBufferAmount": 5000,
    "consistencyLimitPercent": 40,
    "maxDailyDrawdownPercent": 25,
    "maxMonthlyDrawdownPercent": 50,
    "maxTradesPerDay": 10
  },
  "strategies": [
    {
      "type": "SentimentStrategy",
      "enabled": false,
      "averageThreshold": 20,
      "targetPrice": 2,
      "orderQuantity": 7200,
      "sentiment": "put",
      "loopCount": 1
    },
    {
      "type": "BuySellStrategy",
      "enabled": false,
      "initialQuantity": 150,
      "incrementFactor": "single",
      "incrementQuantity": 150,
      "averageThreshold": 10,
      "targetPrice": 5,
      "stopEnabled": false,
      "activateIntermittentCount": 100,
      "maxIterationCount": 10,
      "logEnabled": false,
      "right": "none"
    },
    {
      "type": "ContinuousStrategy",
      "enabled": false,
      "initialQuantity": 65,
      "slDistance": 10,
      "minPremium": 100,
      "allottedCapital": 200000,
      "spawnQuantityMode": "same",
      "averageQuantityMode": "same",
      "right": "none",
      "cooldownSeconds": 60,
      "refillCancelDistance": 50,
      "logEnabled": true
    },
    {
      "type": "IntermittentStrategy",
      "enabled": false,
      "loopCount": 3,
      "targetPrice": 2,
      "quantity": 75,
      "threshold": 10,
      "logEnabled": false
    },
    {
      "type": "RateOfChangeStrategy",
      "enabled": false,
      "pointsThreshold": 30,
      "accelerationThreshold": 5,
      "numberOfDatapointsReceived": 50,
      "quantity": 65,
      "targetPrice": 2,
      "stopLossPrice": 11,
      "maxHoldTimeMinutes": 30,
      "logEnabled": true
    },
    {
      "type": "GapStrategy",
      "enabled": false,
      "pointsThreshold": 20,
      "numberOfDatapointsReceived": 50,
      "quantity": 65,
      "targetPrice": 10,
      "stopLossPrice": 5,
      "maxHoldTimeMinutes": 600,
      "gapReversalMode": false,
      "gapReversalThreshold": 100,
      "logEnabled": true
    },
    {
      "type": "RuleBasedStrategy",
      "enabled": false,
      "indicators": [
        "RSI_5_70_30"
      ],
      "quantity": 65,
      "target": 10,
      "stopLoss": 20,
      "maxHoldTimeMinutes": 30,
      "logEnabled": true
    },
    {
      "type": "GoodMorningStrategy",
      "enabled": false,
      "quantity": 65,
      "targetPoints": 10,
      "stopLossPoints": 10,
      "logEnabled": true,
      "snapshotTime": "10:00",
      "confirmTime": "10:30",
      "previousClose": 24219,
      "minMovementPoints": 10
    },
    {
      "type": "GoodMorningSensexStrategy",
      "enabled": false,
      "quantity": 200,
      "targetPoints": 30,
      "stopLossPoints": 30,
      "logEnabled": true,
      "snapshotTime": "09:40",
      "confirmTime": "09:45",
      "minMovementPoints": 30
    },
    {
      "type": "SupportResistanceStrategy",
      "enabled": false,
      "supportPrice": 0,
      "resistancePrice": 0,
      "quantity": 1755,
      "targetPoints": 10,
      "stopLossPoints": 15,
      "logEnabled": true
    },
    {
      "type": "TargetReachStrategy",
      "enabled": false,
      "symbol": "NIFTY",
      "strike": 0,
      "expiry": "2026-01-01",
      "optionType": "CE",
      "targetPrice": 0,
      "quantity": 1755,
      "targetPoints": 10,
      "stopLossPoints": 15,
      "logEnabled": true
    }
  ]
}
[20:44:00] [Config._processFile] Dir Name: /home/karthikeyan/work/icici/dist/prism
[20:44:00] [Config._processFile] File Name: /home/karthikeyan/work/icici/dist/prism/config.js
[20:44:00] [NorenRestApi.reloadToken] Restored Shoonya access token from userToken.txt
[20:44:00] [Config._processFile] Dir Name: /home/karthikeyan/work/icici/dist/prism
[20:44:00] [Config._processFile] File Name: /home/karthikeyan/work/icici/dist/prism/config.js
[20:44:00] [NorenRestApi.reloadToken] Restored Shoonya access token from userToken.txt
[orchestrator] [dev] Restarting frontend (data/order/strategies untouched)...
[orchestrator] [frontend] exited (code=0 signal=null)
[orchestrator] [dev] Restarting data (order/strategies/frontend untouched)...
[orchestrator] [data] exited (code=0 signal=null)
[orchestrator] [dev] Restarting order (data/strategies/frontend untouched)...
[orchestrator] [dev] Restarting strategies (data/order untouched)...
[orchestrator] [boot] Starting strategies...
[orchestrator] [order] exited (code=null signal=SIGTERM)
[orchestrator] [strategies] exited (code=null signal=SIGTERM)
[20:44:01] [ConfigService.loadConfig] Config Updated: {
  "srHypothesis": {
    "confirmWindowMin": 2,
    "maxJump": 15,
    "maxRangeWidth": 30,
    "buffer": 10,
    "target": 10,
    "stopLoss": 10,
    "breachBuffer": 0,
    "breachConfirmSec": 0,
    "heldMinSec": 407,
    "heldMaxSec": 651,
    "csvOutput": false
  },
  "rocHypothesis": {
    "target": 10,
    "stopLoss": 10,
    "cooldownSec": 60,
    "minWins": 2,
    "windowGridMin": [
      1,
      2,
      3,
      4,
      5,
      7,
      10,
      15
    ],
    "thresholdGrid": [
      5,
      10,
      15,
      20,
      25,
      30,
      40,
      50,
      60,
      75,
      100
    ],
    "csvOutput": false
  },
  "settings": {
    "minPrice": 20,
    "maxPrice": 30000,
    "targetPriceDiff": 2,
    "stopLossPriceDiff": 11,
    "trailingDistance": 4,
    "cooldownSeconds": 0,
    "logQuotes": false,
    "safetyBufferAmount": 5000,
    "consistencyLimitPercent": 40,
    "maxDailyDrawdownPercent": 25,
    "maxMonthlyDrawdownPercent": 50,
    "maxTradesPerDay": 10
  },
  "strategies": [
    {
      "type": "SentimentStrategy",
      "enabled": false,
      "averageThreshold": 20,
      "targetPrice": 2,
      "orderQuantity": 7200,
      "sentiment": "put",
      "loopCount": 1
    },
    {
      "type": "BuySellStrategy",
      "enabled": false,
      "initialQuantity": 150,
      "incrementFactor": "single",
      "incrementQuantity": 150,
      "averageThreshold": 10,
      "targetPrice": 5,
      "stopEnabled": false,
      "activateIntermittentCount": 100,
      "maxIterationCount": 10,
      "logEnabled": false,
      "right": "none"
    },
    {
      "type": "ContinuousStrategy",
      "enabled": false,
      "initialQuantity": 65,
      "slDistance": 10,
      "minPremium": 100,
      "allottedCapital": 200000,
      "spawnQuantityMode": "same",
      "averageQuantityMode": "same",
      "right": "none",
      "cooldownSeconds": 60,
      "refillCancelDistance": 50,
      "logEnabled": true
    },
    {
      "type": "IntermittentStrategy",
      "enabled": false,
      "loopCount": 3,
      "targetPrice": 2,
      "quantity": 75,
      "threshold": 10,
      "logEnabled": false
    },
    {
      "type": "RateOfChangeStrategy",
      "enabled": false,
      "pointsThreshold": 30,
      "accelerationThreshold": 5,
      "numberOfDatapointsReceived": 50,
      "quantity": 65,
      "targetPrice": 2,
      "stopLossPrice": 11,
      "maxHoldTimeMinutes": 30,
      "logEnabled": true
    },
    {
      "type": "GapStrategy",
      "enabled": false,
      "pointsThreshold": 20,
      "numberOfDatapointsReceived": 50,
      "quantity": 65,
      "targetPrice": 10,
      "stopLossPrice": 5,
      "maxHoldTimeMinutes": 600,
      "gapReversalMode": false,
      "gapReversalThreshold": 100,
      "logEnabled": true
    },
    {
      "type": "RuleBasedStrategy",
      "enabled": false,
      "indicators": [
        "RSI_5_70_30"
      ],
      "quantity": 65,
      "target": 10,
      "stopLoss": 20,
      "maxHoldTimeMinutes": 30,
      "logEnabled": true
    },
    {
      "type": "GoodMorningStrategy",
      "enabled": false,
      "quantity": 65,
      "targetPoints": 10,
      "stopLossPoints": 10,
      "logEnabled": true,
      "snapshotTime": "10:00",
      "confirmTime": "10:30",
      "previousClose": 24219,
      "minMovementPoints": 10
    },
    {
      "type": "GoodMorningSensexStrategy",
      "enabled": false,
      "quantity": 200,
      "targetPoints": 30,
      "stopLossPoints": 30,
      "logEnabled": true,
      "snapshotTime": "09:40",
      "confirmTime": "09:45",
      "minMovementPoints": 30
    },
    {
      "type": "SupportResistanceStrategy",
      "enabled": false,
      "supportPrice": 0,
      "resistancePrice": 0,
      "quantity": 1755,
      "targetPoints": 10,
      "stopLossPoints": 15,
      "logEnabled": true
    },
    {
      "type": "TargetReachStrategy",
      "enabled": false,
      "symbol": "NIFTY",
      "strike": 0,
      "expiry": "2026-01-01",
      "optionType": "CE",
      "targetPrice": 0,
      "quantity": 1755,
      "targetPoints": 10,
      "stopLossPoints": 15,
      "logEnabled": true
    }
  ]
}
[20:44:01] [ConfigService.loadConfig] Config Updated: {
  "srHypothesis": {
    "confirmWindowMin": 2,
    "maxJump": 15,
    "maxRangeWidth": 30,
    "buffer": 10,
    "target": 10,
    "stopLoss": 10,
    "breachBuffer": 0,
    "breachConfirmSec": 0,
    "heldMinSec": 407,
    "heldMaxSec": 651,
    "csvOutput": false
  },
  "rocHypothesis": {
    "target": 10,
    "stopLoss": 10,
    "cooldownSec": 60,
    "minWins": 2,
    "windowGridMin": [
      1,
      2,
      3,
      4,
      5,
      7,
      10,
      15
    ],
    "thresholdGrid": [
      5,
      10,
      15,
      20,
      25,
      30,
      40,
      50,
      60,
      75,
      100
    ],
    "csvOutput": false
  },
  "settings": {
    "minPrice": 20,
    "maxPrice": 30000,
    "targetPriceDiff": 2,
    "stopLossPriceDiff": 11,
    "trailingDistance": 4,
    "cooldownSeconds": 0,
    "logQuotes": false,
    "safetyBufferAmount": 5000,
    "consistencyLimitPercent": 40,
    "maxDailyDrawdownPercent": 25,
    "maxMonthlyDrawdownPercent": 50,
    "maxTradesPerDay": 10
  },
  "strategies": [
    {
      "type": "SentimentStrategy",
      "enabled": false,
      "averageThreshold": 20,
      "targetPrice": 2,
      "orderQuantity": 7200,
      "sentiment": "put",
      "loopCount": 1
    },
    {
      "type": "BuySellStrategy",
      "enabled": false,
      "initialQuantity": 150,
      "incrementFactor": "single",
      "incrementQuantity": 150,
      "averageThreshold": 10,
      "targetPrice": 5,
      "stopEnabled": false,
      "activateIntermittentCount": 100,
      "maxIterationCount": 10,
      "logEnabled": false,
      "right": "none"
    },
    {
      "type": "ContinuousStrategy",
      "enabled": false,
      "initialQuantity": 65,
      "slDistance": 10,
      "minPremium": 100,
      "allottedCapital": 200000,
      "spawnQuantityMode": "same",
      "averageQuantityMode": "same",
      "right": "none",
      "cooldownSeconds": 60,
      "refillCancelDistance": 50,
      "logEnabled": true
    },
    {
      "type": "IntermittentStrategy",
      "enabled": false,
      "loopCount": 3,
      "targetPrice": 2,
      "quantity": 75,
      "threshold": 10,
      "logEnabled": false
    },
    {
      "type": "RateOfChangeStrategy",
      "enabled": false,
      "pointsThreshold": 30,
      "accelerationThreshold": 5,
      "numberOfDatapointsReceived": 50,
      "quantity": 65,
      "targetPrice": 2,
      "stopLossPrice": 11,
      "maxHoldTimeMinutes": 30,
      "logEnabled": true
    },
    {
      "type": "GapStrategy",
      "enabled": false,
      "pointsThreshold": 20,
      "numberOfDatapointsReceived": 50,
      "quantity": 65,
      "targetPrice": 10,
      "stopLossPrice": 5,
      "maxHoldTimeMinutes": 600,
      "gapReversalMode": false,
      "gapReversalThreshold": 100,
      "logEnabled": true
    },
    {
      "type": "RuleBasedStrategy",
      "enabled": false,
      "indicators": [
        "RSI_5_70_30"
      ],
      "quantity": 65,
      "target": 10,
      "stopLoss": 20,
      "maxHoldTimeMinutes": 30,
      "logEnabled": true
    },
    {
      "type": "GoodMorningStrategy",
      "enabled": false,
      "quantity": 65,
      "targetPoints": 10,
      "stopLossPoints": 10,
      "logEnabled": true,
      "snapshotTime": "10:00",
      "confirmTime": "10:30",
      "previousClose": 24219,
      "minMovementPoints": 10
    },
    {
      "type": "GoodMorningSensexStrategy",
      "enabled": false,
      "quantity": 200,
      "targetPoints": 30,
      "stopLossPoints": 30,
      "logEnabled": true,
      "snapshotTime": "09:40",
      "confirmTime": "09:45",
      "minMovementPoints": 30
    },
    {
      "type": "SupportResistanceStrategy",
      "enabled": false,
      "supportPrice": 0,
      "resistancePrice": 0,
      "quantity": 1755,
      "targetPoints": 10,
      "stopLossPoints": 15,
      "logEnabled": true
    },
    {
      "type": "TargetReachStrategy",
      "enabled": false,
      "symbol": "NIFTY",
      "strike": 0,
      "expiry": "2026-01-01",
      "optionType": "CE",
      "targetPrice": 0,
      "quantity": 1755,
      "targetPoints": 10,
      "stopLossPoints": 15,
      "logEnabled": true
    }
  ]
}
[20:44:01] [Mongo.init] Mongo is initialized
[20:44:01] [ConfigService.loadConfig] Config Updated: {
  "srHypothesis": {
    "confirmWindowMin": 2,
    "maxJump": 15,
    "maxRangeWidth": 30,
    "buffer": 10,
    "target": 10,
    "stopLoss": 10,
    "breachBuffer": 0,
    "breachConfirmSec": 0,
    "heldMinSec": 407,
    "heldMaxSec": 651,
    "csvOutput": false
  },
  "rocHypothesis": {
    "target": 10,
    "stopLoss": 10,
    "cooldownSec": 60,
    "minWins": 2,
    "windowGridMin": [
      1,
      2,
      3,
      4,
      5,
      7,
      10,
      15
    ],
    "thresholdGrid": [
      5,
      10,
      15,
      20,
      25,
      30,
      40,
      50,
      60,
      75,
      100
    ],
    "csvOutput": false
  },
  "settings": {
    "minPrice": 20,
    "maxPrice": 30000,
    "targetPriceDiff": 2,
    "stopLossPriceDiff": 11,
    "trailingDistance": 4,
    "cooldownSeconds": 0,
    "logQuotes": false,
    "safetyBufferAmount": 5000,
    "consistencyLimitPercent": 40,
    "maxDailyDrawdownPercent": 25,
    "maxMonthlyDrawdownPercent": 50,
    "maxTradesPerDay": 10
  },
  "strategies": [
    {
      "type": "SentimentStrategy",
      "enabled": false,
      "averageThreshold": 20,
      "targetPrice": 2,
      "orderQuantity": 7200,
      "sentiment": "put",
      "loopCount": 1
    },
    {
      "type": "BuySellStrategy",
      "enabled": false,
      "initialQuantity": 150,
      "incrementFactor": "single",
      "incrementQuantity": 150,
      "averageThreshold": 10,
      "targetPrice": 5,
      "stopEnabled": false,
      "activateIntermittentCount": 100,
      "maxIterationCount": 10,
      "logEnabled": false,
      "right": "none"
    },
    {
      "type": "ContinuousStrategy",
      "enabled": false,
      "initialQuantity": 65,
      "slDistance": 10,
      "minPremium": 100,
      "allottedCapital": 200000,
      "spawnQuantityMode": "same",
      "averageQuantityMode": "same",
      "right": "none",
      "cooldownSeconds": 60,
      "refillCancelDistance": 50,
      "logEnabled": true
    },
    {
      "type": "IntermittentStrategy",
      "enabled": false,
      "loopCount": 3,
      "targetPrice": 2,
      "quantity": 75,
      "threshold": 10,
      "logEnabled": false
    },
    {
      "type": "RateOfChangeStrategy",
      "enabled": false,
      "pointsThreshold": 30,
      "accelerationThreshold": 5,
      "numberOfDatapointsReceived": 50,
      "quantity": 65,
      "targetPrice": 2,
      "stopLossPrice": 11,
      "maxHoldTimeMinutes": 30,
      "logEnabled": true
    },
    {
      "type": "GapStrategy",
      "enabled": false,
      "pointsThreshold": 20,
      "numberOfDatapointsReceived": 50,
      "quantity": 65,
      "targetPrice": 10,
      "stopLossPrice": 5,
      "maxHoldTimeMinutes": 600,
      "gapReversalMode": false,
      "gapReversalThreshold": 100,
      "logEnabled": true
    },
    {
      "type": "RuleBasedStrategy",
      "enabled": false,
      "indicators": [
        "RSI_5_70_30"
      ],
      "quantity": 65,
      "target": 10,
      "stopLoss": 20,
      "maxHoldTimeMinutes": 30,
      "logEnabled": true
    },
    {
      "type": "GoodMorningStrategy",
      "enabled": false,
      "quantity": 65,
      "targetPoints": 10,
      "stopLossPoints": 10,
      "logEnabled": true,
      "snapshotTime": "10:00",
      "confirmTime": "10:30",
      "previousClose": 24219,
      "minMovementPoints": 10
    },
    {
      "type": "GoodMorningSensexStrategy",
      "enabled": false,
      "quantity": 200,
      "targetPoints": 30,
      "stopLossPoints": 30,
      "logEnabled": true,
      "snapshotTime": "09:40",
      "confirmTime": "09:45",
      "minMovementPoints": 30
    },
    {
      "type": "SupportResistanceStrategy",
      "enabled": false,
      "supportPrice": 0,
      "resistancePrice": 0,
      "quantity": 1755,
      "targetPoints": 10,
      "stopLossPoints": 15,
      "logEnabled": true
    },
    {
      "type": "TargetReachStrategy",
      "enabled": false,
      "symbol": "NIFTY",
      "strike": 0,
      "expiry": "2026-01-01",
      "optionType": "CE",
      "targetPrice": 0,
      "quantity": 1755,
      "targetPoints": 10,
      "stopLossPoints": 15,
      "logEnabled": true
    }
  ]
}
[20:44:01] [Mongo._init] Mongo is initialized
[20:44:01] [AntDataStream.connect] [AntDataStream] Connecting to ANT streaming...
[20:44:01] [ANT.loadSession] ANT session loaded from file
[20:44:01] [AntSession.prepareWsSession] [AntSession] Creating WS session (createWsSess)...
[20:44:01] [ConfigService.loadConfig] Config Updated: {
  "srHypothesis": {
    "confirmWindowMin": 2,
    "maxJump": 15,
    "maxRangeWidth": 30,
    "buffer": 10,
    "target": 10,
    "stopLoss": 10,
    "breachBuffer": 0,
    "breachConfirmSec": 0,
    "heldMinSec": 407,
    "heldMaxSec": 651,
    "csvOutput": false
  },
  "rocHypothesis": {
    "target": 10,
    "stopLoss": 10,
    "cooldownSec": 60,
    "minWins": 2,
    "windowGridMin": [
      1,
      2,
      3,
      4,
      5,
      7,
      10,
      15
    ],
    "thresholdGrid": [
      5,
      10,
      15,
      20,
      25,
      30,
      40,
      50,
      60,
      75,
      100
    ],
    "csvOutput": false
  },
  "settings": {
    "minPrice": 20,
    "maxPrice": 30000,
    "targetPriceDiff": 2,
    "stopLossPriceDiff": 11,
    "trailingDistance": 4,
    "cooldownSeconds": 0,
    "logQuotes": false,
    "safetyBufferAmount": 5000,
    "consistencyLimitPercent": 40,
    "maxDailyDrawdownPercent": 25,
    "maxMonthlyDrawdownPercent": 50,
    "maxTradesPerDay": 10
  },
  "strategies": [
    {
      "type": "SentimentStrategy",
      "enabled": false,
      "averageThreshold": 20,
      "targetPrice": 2,
      "orderQuantity": 7200,
      "sentiment": "put",
      "loopCount": 1
    },
    {
      "type": "BuySellStrategy",
      "enabled": false,
      "initialQuantity": 150,
      "incrementFactor": "single",
      "incrementQuantity": 150,
      "averageThreshold": 10,
      "targetPrice": 5,
      "stopEnabled": false,
      "activateIntermittentCount": 100,
      "maxIterationCount": 10,
      "logEnabled": false,
      "right": "none"
    },
    {
      "type": "ContinuousStrategy",
      "enabled": false,
      "initialQuantity": 65,
      "slDistance": 10,
      "minPremium": 100,
      "allottedCapital": 200000,
      "spawnQuantityMode": "same",
      "averageQuantityMode": "same",
      "right": "none",
      "cooldownSeconds": 60,
      "refillCancelDistance": 50,
      "logEnabled": true
    },
    {
      "type": "IntermittentStrategy",
      "enabled": false,
      "loopCount": 3,
      "targetPrice": 2,
      "quantity": 75,
      "threshold": 10,
      "logEnabled": false
    },
    {
      "type": "RateOfChangeStrategy",
      "enabled": false,
      "pointsThreshold": 30,
      "accelerationThreshold": 5,
      "numberOfDatapointsReceived": 50,
      "quantity": 65,
      "targetPrice": 2,
      "stopLossPrice": 11,
      "maxHoldTimeMinutes": 30,
      "logEnabled": true
    },
    {
      "type": "GapStrategy",
      "enabled": false,
      "pointsThreshold": 20,
      "numberOfDatapointsReceived": 50,
      "quantity": 65,
      "targetPrice": 10,
      "stopLossPrice": 5,
      "maxHoldTimeMinutes": 600,
      "gapReversalMode": false,
      "gapReversalThreshold": 100,
      "logEnabled": true
    },
    {
      "type": "RuleBasedStrategy",
      "enabled": false,
      "indicators": [
        "RSI_5_70_30"
      ],
      "quantity": 65,
      "target": 10,
      "stopLoss": 20,
      "maxHoldTimeMinutes": 30,
      "logEnabled": true
    },
    {
      "type": "GoodMorningStrategy",
      "enabled": false,
      "quantity": 65,
      "targetPoints": 10,
      "stopLossPoints": 10,
      "logEnabled": true,
      "snapshotTime": "10:00",
      "confirmTime": "10:30",
      "previousClose": 24219,
      "minMovementPoints": 10
    },
    {
      "type": "GoodMorningSensexStrategy",
      "enabled": false,
      "quantity": 200,
      "targetPoints": 30,
      "stopLossPoints": 30,
      "logEnabled": true,
      "snapshotTime": "09:40",
      "confirmTime": "09:45",
      "minMovementPoints": 30
    },
    {
      "type": "SupportResistanceStrategy",
      "enabled": false,
      "supportPrice": 0,
      "resistancePrice": 0,
      "quantity": 1755,
      "targetPoints": 10,
      "stopLossPoints": 15,
      "logEnabled": true
    },
    {
      "type": "TargetReachStrategy",
      "enabled": false,
      "symbol": "NIFTY",
      "strike": 0,
      "expiry": "2026-01-01",
      "optionType": "CE",
      "targetPrice": 0,
      "quantity": 1755,
      "targetPoints": 10,
      "stopLossPoints": 15,
      "logEnabled": true
    }
  ]
}
[20:44:01] [Config._processFile] Dir Name: /home/karthikeyan/work/icici/dist/prism
[20:44:01] [Config._processFile] File Name: /home/karthikeyan/work/icici/dist/prism/config.js
[20:44:01] [NorenRestApi.reloadToken] Restored Shoonya access token from userToken.txt
[20:44:02] [Config._processFile] Dir Name: /home/karthikeyan/work/icici/dist/prism
[20:44:02] [Config._processFile] File Name: /home/karthikeyan/work/icici/dist/prism/config.js
[20:44:02] [Mongo.init] Mongo is initialized
[20:44:02] [NorenRestApi.reloadToken] Restored Shoonya access token from userToken.txt
[20:44:02] [AntSession.prepareWsSession] [AntSession] createWsSess response: {
  "status": "Ok",
  "message": "Success",
  "result": [
    {
      "Status": "OK"
    }
  ]
}
[20:44:02] [AntSession.prepareWsSession] [AntSession] WS session prepared successfully
[20:44:02] [Config._processFile] Dir Name: /home/karthikeyan/work/icici/dist/prism
[20:44:02] [Config._processFile] File Name: /home/karthikeyan/work/icici/dist/prism/config.js
[20:44:02] [NorenRestApi.reloadToken] Restored Shoonya access token from userToken.txt
[20:44:02] [Mongo._init] Mongo is initialized
[20:44:02] [Config._processFile] lot count: 1
[20:44:02] [Config._processFile] Auto Trade: false
[20:44:02] [ws.onopen] [AntWS] Connected, sending auth payload...
[20:44:02] [OrderBookkeeping.loadClosedTradesFromMongo] [order] Reloaded 6 closed trade(s) from Mongo for today
[20:44:02] [AntDataStream.connect] [AntDataStream] Connected and streaming
[20:44:02] [main] [data] Ready - NIFTY/SENSEX always subscribed, streaming to stdout.
[20:44:02] [ANT.loadSession] ANT session loaded from file
[20:44:02] [ws.onmessage] [AntWS] Connect ack: {
  "t": "ck",
  "s": "OK",
  "uid": "924118_API"
}
[20:44:02] [/home/karthikeyan/work/icici/dist/processes/data/AntDataStream.js:57:27] [AntDataStream] WebSocket open, subscribing to always-on instruments...
[20:44:02] [AntWebSocket.subscribe] [AntWS] Subscribing: NSE|26000#BSE|1
[20:44:02] [Server.<anonymous>] [order] Listening on /tmp/icici-order.sock
[20:44:02] [Mongo.init] Mongo is initialized
[20:44:02] [Mongo._init] Mongo is initialized
[20:44:02] [Server.<anonymous>] [order] Client connected, total: 1
[20:44:02] [expandRuleBasedConfig] [StrategyFactory] Expanded RuleBasedStrategy into 1 instances
[20:44:02] [Strategies.initialize] [] expandedConfigArray:  [
  {
    "type": "SentimentStrategy",
    "enabled": false,
    "averageThreshold": 20,
    "targetPrice": 2,
    "orderQuantity": 7200,
    "sentiment": "put",
    "loopCount": 1
  },
  {
    "type": "BuySellStrategy",
    "enabled": false,
    "initialQuantity": 150,
    "incrementFactor": "single",
    "incrementQuantity": 150,
    "averageThreshold": 10,
    "targetPrice": 5,
    "stopEnabled": false,
    "activateIntermittentCount": 100,
    "maxIterationCount": 10,
    "logEnabled": false,
    "right": "none"
  },
  {
    "type": "ContinuousStrategy",
    "enabled": false,
    "initialQuantity": 65,
    "slDistance": 10,
    "minPremium": 100,
    "allottedCapital": 200000,
    "spawnQuantityMode": "same",
    "averageQuantityMode": "same",
    "right": "none",
    "cooldownSeconds": 60,
    "refillCancelDistance": 50,
    "logEnabled": true
  },
  {
    "type": "IntermittentStrategy",
    "enabled": false,
    "loopCount": 3,
    "targetPrice": 2,
    "quantity": 75,
    "threshold": 10,
    "logEnabled": false
  },
  {
    "type": "RateOfChangeStrategy",
    "enabled": false,
    "pointsThreshold": 30,
    "accelerationThreshold": 5,
    "numberOfDatapointsReceived": 50,
    "quantity": 65,
    "targetPrice": 2,
    "stopLossPrice": 11,
    "maxHoldTimeMinutes": 30,
    "logEnabled": true
  },
  {
    "type": "GapStrategy",
    "enabled": false,
    "pointsThreshold": 20,
    "numberOfDatapointsReceived": 50,
    "quantity": 65,
    "targetPrice": 10,
    "stopLossPrice": 5,
    "maxHoldTimeMinutes": 600,
    "gapReversalMode": false,
    "gapReversalThreshold": 100,
    "logEnabled": true
  },
  {
    "type": "RuleBasedStrategy",
    "enabled": false,
    "indicators": [
      "RSI_5_70_30"
    ],
    "quantity": 65,
    "target": 10,
    "stopLoss": 20,
    "maxHoldTimeMinutes": 30,
    "logEnabled": true,
    "userId": "Rule-RSI_5_70_30"
  },
  {
    "type": "GoodMorningStrategy",
    "enabled": false,
    "quantity": 65,
    "targetPoints": 10,
    "stopLossPoints": 10,
    "logEnabled": true,
    "snapshotTime": "10:00",
    "confirmTime": "10:30",
    "previousClose": 24219,
    "minMovementPoints": 10
  },
  {
    "type": "GoodMorningSensexStrategy",
    "enabled": false,
    "quantity": 200,
    "targetPoints": 30,
    "stopLossPoints": 30,
    "logEnabled": true,
    "snapshotTime": "09:40",
    "confirmTime": "09:45",
    "minMovementPoints": 30
  },
  {
    "type": "SupportResistanceStrategy",
    "enabled": false,
    "supportPrice": 0,
    "resistancePrice": 0,
    "quantity": 1755,
    "targetPoints": 10,
    "stopLossPoints": 15,
    "logEnabled": true
  },
  {
    "type": "TargetReachStrategy",
    "enabled": false,
    "symbol": "NIFTY",
    "strike": 0,
    "expiry": "2026-01-01",
    "optionType": "CE",
    "targetPrice": 0,
    "quantity": 1755,
    "targetPoints": 10,
    "stopLossPoints": 15,
    "logEnabled": true
  }
]
[20:44:02] [expandRuleBasedConfig] [StrategyFactory] Expanded RuleBasedStrategy into 1 instances
Fri, 28 Aug 2026 15:14:02 GMT body-parser deprecated bodyParser: use individual json/urlencoded middlewares at dist/server.js:91:35
Fri, 28 Aug 2026 15:14:02 GMT body-parser deprecated undefined extended: provide extended option at node_modules/body-parser/index.js:104:29
[20:44:02] [new RuleBasedStrategy] [RuleBased:Rule-RSI_5_70_30] Initialized with indicators: RSI_5_70_30
[20:44:02] [Mongo.init] Mongo is initialized
[20:44:02] [Strategies.initialize] [Strategies] Initialized 11 strategies: [
  "SentimentStrategy(SentimentStrategy, enabled=false)",
  "BuySellStrategy(BuySellStrategy, enabled=false)",
  "ContinuousStrategy(ContinuousStrategy, enabled=false)",
  "IntermittentStrategy(IntermittentStrategy, enabled=false)",
  "RateOfChangeStrategy(RateOfChangeStrategy, enabled=false)",
  "GapStrategy(GapStrategy, enabled=false)",
  "RuleBasedStrategy(Rule-RSI_5_70_30, enabled=false)",
  "GoodMorningStrategy(GoodMorningStrategy, enabled=false)",
  "GoodMorningSensexStrategy(GoodMorningSensexStrategy, enabled=false)",
  "SupportResistanceStrategy(SupportResistanceStrategy, enabled=false)",
  "TargetReachStrategy(TargetReachStrategy, enabled=false)"
]
[20:44:02] [main] [strategies] Ready - 11 strategies loaded.
[20:44:02] [Server.<anonymous>] [strategies] Listening on /tmp/icici-strategies.sock
[20:44:02] [Config._processFile] lot count: 1
[20:44:02] [Config._processFile] Auto Trade: false
[20:44:02] [Socket.<anonymous>] [strategies] Connected to order process
[20:44:02] [Config._processFile] lot count: 1
[20:44:02] [Config._processFile] Auto Trade: false
[20:44:02] [Mongo._init] Mongo is initialized
[20:44:02] [Server.<anonymous>] [order] Client connected, total: 2
[20:44:02] [Server.<anonymous>] [strategies] Frontend client connected
[20:44:02] [Server.<anonymous>] [frontend] Listening on 3000
[20:44:02] [AntOrderNotifyStream.getWsToken] [AntOrderNotify] createWsToken response: {"status":"Ok","message":"200","result":[{"orderToken":"a1dab534e3e11278f5844327e89f2816e139ef8b6d40ab90772172c1a5f7754d"}]}
[20:44:02] [Socket.<anonymous>] [strategies] Connected to order process
[20:44:02] [Socket.<anonymous>] [frontend] Connected to strategies process
[20:44:02] [/home/karthikeyan/work/icici/dist/server.js:1440:27] [frontend] nifty tick: {"ltp":24175.65,"ltt":"1787919089","token":"26000","changePercent":0.35,"prevClose":24091.33034379671} clients=0
[20:44:02] [ws.onopen] [AntOrderNotify] Connected, subscribing...
[20:45:02] [Zerodha.loadSession] Zerodha session loaded from file
[orchestrator] [dev] Restarting order (data/strategies/frontend untouched)...
[orchestrator] [order] exited (code=0 signal=null)
[20:45:09] [Socket.<anonymous>] [strategies] Disconnected from order process, retrying in 2s...
[20:45:09] [Socket.<anonymous>] [strategies] Disconnected from order process, retrying in 2s...
[20:45:09] [ConfigService.loadConfig] Config Updated: {
  "srHypothesis": {
    "confirmWindowMin": 2,
    "maxJump": 15,
    "maxRangeWidth": 30,
    "buffer": 10,
    "target": 10,
    "stopLoss": 10,
    "breachBuffer": 0,
    "breachConfirmSec": 0,
    "heldMinSec": 407,
    "heldMaxSec": 651,
    "csvOutput": false
  },
  "rocHypothesis": {
    "target": 10,
    "stopLoss": 10,
    "cooldownSec": 60,
    "minWins": 2,
    "windowGridMin": [
      1,
      2,
      3,
      4,
      5,
      7,
      10,
      15
    ],
    "thresholdGrid": [
      5,
      10,
      15,
      20,
      25,
      30,
      40,
      50,
      60,
      75,
      100
    ],
    "csvOutput": false
  },
  "settings": {
    "minPrice": 20,
    "maxPrice": 30000,
    "targetPriceDiff": 2,
    "stopLossPriceDiff": 11,
    "trailingDistance": 4,
    "cooldownSeconds": 0,
    "logQuotes": false,
    "safetyBufferAmount": 5000,
    "consistencyLimitPercent": 40,
    "maxDailyDrawdownPercent": 25,
    "maxMonthlyDrawdownPercent": 50,
    "maxTradesPerDay": 10
  },
  "strategies": [
    {
      "type": "SentimentStrategy",
      "enabled": false,
      "averageThreshold": 20,
      "targetPrice": 2,
      "orderQuantity": 7200,
      "sentiment": "put",
      "loopCount": 1
    },
    {
      "type": "BuySellStrategy",
      "enabled": false,
      "initialQuantity": 150,
      "incrementFactor": "single",
      "incrementQuantity": 150,
      "averageThreshold": 10,
      "targetPrice": 5,
      "stopEnabled": false,
      "activateIntermittentCount": 100,
      "maxIterationCount": 10,
      "logEnabled": false,
      "right": "none"
    },
    {
      "type": "ContinuousStrategy",
      "enabled": false,
      "initialQuantity": 65,
      "slDistance": 10,
      "minPremium": 100,
      "allottedCapital": 200000,
      "spawnQuantityMode": "same",
      "averageQuantityMode": "same",
      "right": "none",
      "cooldownSeconds": 60,
      "refillCancelDistance": 50,
      "logEnabled": true
    },
    {
      "type": "IntermittentStrategy",
      "enabled": false,
      "loopCount": 3,
      "targetPrice": 2,
      "quantity": 75,
      "threshold": 10,
      "logEnabled": false
    },
    {
      "type": "RateOfChangeStrategy",
      "enabled": false,
      "pointsThreshold": 30,
      "accelerationThreshold": 5,
      "numberOfDatapointsReceived": 50,
      "quantity": 65,
      "targetPrice": 2,
      "stopLossPrice": 11,
      "maxHoldTimeMinutes": 30,
      "logEnabled": true
    },
    {
      "type": "GapStrategy",
      "enabled": false,
      "pointsThreshold": 20,
      "numberOfDatapointsReceived": 50,
      "quantity": 65,
      "targetPrice": 10,
      "stopLossPrice": 5,
      "maxHoldTimeMinutes": 600,
      "gapReversalMode": false,
      "gapReversalThreshold": 100,
      "logEnabled": true
    },
    {
      "type": "RuleBasedStrategy",
      "enabled": false,
      "indicators": [
        "RSI_5_70_30"
      ],
      "quantity": 65,
      "target": 10,
      "stopLoss": 20,
      "maxHoldTimeMinutes": 30,
      "logEnabled": true
    },
    {
      "type": "GoodMorningStrategy",
      "enabled": false,
      "quantity": 65,
      "targetPoints": 10,
      "stopLossPoints": 10,
      "logEnabled": true,
      "snapshotTime": "10:00",
      "confirmTime": "10:30",
      "previousClose": 24219,
      "minMovementPoints": 10
    },
    {
      "type": "GoodMorningSensexStrategy",
      "enabled": false,
      "quantity": 200,
      "targetPoints": 30,
      "stopLossPoints": 30,
      "logEnabled": true,
      "snapshotTime": "09:40",
      "confirmTime": "09:45",
      "minMovementPoints": 30
    },
    {
      "type": "SupportResistanceStrategy",
      "enabled": false,
      "supportPrice": 0,
      "resistancePrice": 0,
      "quantity": 1755,
      "targetPoints": 10,
      "stopLossPoints": 15,
      "logEnabled": true
    },
    {
      "type": "TargetReachStrategy",
      "enabled": false,
      "symbol": "NIFTY",
      "strike": 0,
      "expiry": "2026-01-01",
      "optionType": "CE",
      "targetPrice": 0,
      "quantity": 1755,
      "targetPoints": 10,
      "stopLossPoints": 15,
      "logEnabled": true
    }
  ]
}
[20:45:09] [Config._processFile] Dir Name: /home/karthikeyan/work/icici/dist/prism
[20:45:09] [Config._processFile] File Name: /home/karthikeyan/work/icici/dist/prism/config.js
[20:45:09] [NorenRestApi.reloadToken] Restored Shoonya access token from userToken.txt
[20:45:09] [Mongo.init] Mongo is initialized
[20:45:09] [Config._processFile] lot count: 1
[20:45:09] [Config._processFile] Auto Trade: false
[20:45:09] [Mongo._init] Mongo is initialized
[20:45:09] [OrderBookkeeping.loadClosedTradesFromMongo] [order] Reloaded 6 closed trade(s) from Mongo for today
[20:45:09] [ANT.loadSession] ANT session loaded from file
[20:45:09] [Server.<anonymous>] [order] Listening on /tmp/icici-order.sock
[20:45:10] [AntOrderNotifyStream.getWsToken] [AntOrderNotify] createWsToken response: {"status":"Ok","message":"200","result":[{"orderToken":"a1dab534e3e11278f5844327e89f2816e139ef8b6d40ab90772172c1a5f7754d"}]}
[20:45:10] [ws.onopen] [AntOrderNotify] Connected, subscribing...
[20:45:11] [Socket.<anonymous>] [strategies] Connected to order process
[20:45:11] [Server.<anonymous>] [order] Client connected, total: 1
[20:45:11] [Socket.<anonymous>] [strategies] Connected to order process
[20:45:11] [Server.<anonymous>] [order] Client connected, total: 2
[orchestrator] [dev] Restarting order (data/strategies/frontend untouched)...
[orchestrator] [order] exited (code=0 signal=null)
[20:45:16] [Socket.<anonymous>] [strategies] Disconnected from order process, retrying in 2s...
[20:45:16] [Socket.<anonymous>] [strategies] Disconnected from order process, retrying in 2s...
[20:45:17] [ConfigService.loadConfig] Config Updated: {
  "srHypothesis": {
    "confirmWindowMin": 2,
    "maxJump": 15,
    "maxRangeWidth": 30,
    "buffer": 10,
    "target": 10,
    "stopLoss": 10,
    "breachBuffer": 0,
    "breachConfirmSec": 0,
    "heldMinSec": 407,
    "heldMaxSec": 651,
    "csvOutput": false
  },
  "rocHypothesis": {
    "target": 10,
    "stopLoss": 10,
    "cooldownSec": 60,
    "minWins": 2,
    "windowGridMin": [
      1,
      2,
      3,
      4,
      5,
      7,
      10,
      15
    ],
    "thresholdGrid": [
      5,
      10,
      15,
      20,
      25,
      30,
      40,
      50,
      60,
      75,
      100
    ],
    "csvOutput": false
  },
  "settings": {
    "minPrice": 20,
    "maxPrice": 30000,
    "targetPriceDiff": 2,
    "stopLossPriceDiff": 11,
    "trailingDistance": 4,
    "cooldownSeconds": 0,
    "logQuotes": false,
    "safetyBufferAmount": 5000,
    "consistencyLimitPercent": 40,
    "maxDailyDrawdownPercent": 25,
    "maxMonthlyDrawdownPercent": 50,
    "maxTradesPerDay": 10
  },
  "strategies": [
    {
      "type": "SentimentStrategy",
      "enabled": false,
      "averageThreshold": 20,
      "targetPrice": 2,
      "orderQuantity": 7200,
      "sentiment": "put",
      "loopCount": 1
    },
    {
      "type": "BuySellStrategy",
      "enabled": false,
      "initialQuantity": 150,
      "incrementFactor": "single",
      "incrementQuantity": 150,
      "averageThreshold": 10,
      "targetPrice": 5,
      "stopEnabled": false,
      "activateIntermittentCount": 100,
      "maxIterationCount": 10,
      "logEnabled": false,
      "right": "none"
    },
    {
      "type": "ContinuousStrategy",
      "enabled": false,
      "initialQuantity": 65,
      "slDistance": 10,
      "minPremium": 100,
      "allottedCapital": 200000,
      "spawnQuantityMode": "same",
      "averageQuantityMode": "same",
      "right": "none",
      "cooldownSeconds": 60,
      "refillCancelDistance": 50,
      "logEnabled": true
    },
    {
      "type": "IntermittentStrategy",
      "enabled": false,
      "loopCount": 3,
      "targetPrice": 2,
      "quantity": 75,
      "threshold": 10,
      "logEnabled": false
    },
    {
      "type": "RateOfChangeStrategy",
      "enabled": false,
      "pointsThreshold": 30,
      "accelerationThreshold": 5,
      "numberOfDatapointsReceived": 50,
      "quantity": 65,
      "targetPrice": 2,
      "stopLossPrice": 11,
      "maxHoldTimeMinutes": 30,
      "logEnabled": true
    },
    {
      "type": "GapStrategy",
      "enabled": false,
      "pointsThreshold": 20,
      "numberOfDatapointsReceived": 50,
      "quantity": 65,
      "targetPrice": 10,
      "stopLossPrice": 5,
      "maxHoldTimeMinutes": 600,
      "gapReversalMode": false,
      "gapReversalThreshold": 100,
      "logEnabled": true
    },
    {
      "type": "RuleBasedStrategy",
      "enabled": false,
      "indicators": [
        "RSI_5_70_30"
      ],
      "quantity": 65,
      "target": 10,
      "stopLoss": 20,
      "maxHoldTimeMinutes": 30,
      "logEnabled": true
    },
    {
      "type": "GoodMorningStrategy",
      "enabled": false,
      "quantity": 65,
      "targetPoints": 10,
      "stopLossPoints": 10,
      "logEnabled": true,
      "snapshotTime": "10:00",
      "confirmTime": "10:30",
      "previousClose": 24219,
      "minMovementPoints": 10
    },
    {
      "type": "GoodMorningSensexStrategy",
      "enabled": false,
      "quantity": 200,
      "targetPoints": 30,
      "stopLossPoints": 30,
      "logEnabled": true,
      "snapshotTime": "09:40",
      "confirmTime": "09:45",
      "minMovementPoints": 30
    },
    {
      "type": "SupportResistanceStrategy",
      "enabled": false,
      "supportPrice": 0,
      "resistancePrice": 0,
      "quantity": 1755,
      "targetPoints": 10,
      "stopLossPoints": 15,
      "logEnabled": true
    },
    {
      "type": "TargetReachStrategy",
      "enabled": false,
      "symbol": "NIFTY",
      "strike": 0,
      "expiry": "2026-01-01",
      "optionType": "CE",
      "targetPrice": 0,
      "quantity": 1755,
      "targetPoints": 10,
      "stopLossPoints": 15,
      "logEnabled": true
    }
  ]
}
[20:45:17] [Config._processFile] Dir Name: /home/karthikeyan/work/icici/dist/prism
[20:45:17] [Config._processFile] File Name: /home/karthikeyan/work/icici/dist/prism/config.js
[20:45:17] [NorenRestApi.reloadToken] Restored Shoonya access token from userToken.txt
[20:45:17] [Mongo.init] Mongo is initialized
[20:45:17] [Config._processFile] lot count: 1
[20:45:17] [Config._processFile] Auto Trade: false
[20:45:17] [Mongo._init] Mongo is initialized
[20:45:17] [OrderBookkeeping.loadClosedTradesFromMongo] [order] Reloaded 6 closed trade(s) from Mongo for today
[20:45:17] [ANT.loadSession] ANT session loaded from file
[20:45:17] [Server.<anonymous>] [order] Listening on /tmp/icici-order.sock
[20:45:17] [AntOrderNotifyStream.getWsToken] [AntOrderNotify] createWsToken response: {"status":"Ok","message":"200","result":[{"orderToken":"a1dab534e3e11278f5844327e89f2816e139ef8b6d40ab90772172c1a5f7754d"}]}
[20:45:17] [ws.onopen] [AntOrderNotify] Connected, subscribing...
[20:45:18] [Socket.<anonymous>] [strategies] Connected to order process
[20:45:18] [Server.<anonymous>] [order] Client connected, total: 1
[20:45:18] [Socket.<anonymous>] [strategies] Connected to order process
[20:45:18] [Server.<anonymous>] [order] Client connected, total: 2
[orchestrator] [dev] Restarting strategies (data/order untouched)...
[orchestrator] [boot] Starting strategies...
[orchestrator] [strategies] exited (code=0 signal=null)
[20:45:51] [Socket.<anonymous>] [frontend] Disconnected from strategies process, retrying in 2s...
[20:45:51] [Socket.<anonymous>] [order] Client disconnected, total: 1
[orchestrator] [dev] Restarting order (data/strategies/frontend untouched)...
[20:45:51] [Socket.<anonymous>] [strategies] Disconnected from order process, retrying in 2s...
[orchestrator] [order] exited (code=0 signal=null)
[20:45:51] [ConfigService.loadConfig] Config Updated: {
  "srHypothesis": {
    "confirmWindowMin": 2,
    "maxJump": 15,
    "maxRangeWidth": 30,
    "buffer": 10,
    "target": 10,
    "stopLoss": 10,
    "breachBuffer": 0,
    "breachConfirmSec": 0,
    "heldMinSec": 407,
    "heldMaxSec": 651,
    "csvOutput": false
  },
  "rocHypothesis": {
    "target": 10,
    "stopLoss": 10,
    "cooldownSec": 60,
    "minWins": 2,
    "windowGridMin": [
      1,
      2,
      3,
      4,
      5,
      7,
      10,
      15
    ],
    "thresholdGrid": [
      5,
      10,
      15,
      20,
      25,
      30,
      40,
      50,
      60,
      75,
      100
    ],
    "csvOutput": false
  },
  "settings": {
    "minPrice": 20,
    "maxPrice": 30000,
    "targetPriceDiff": 2,
    "stopLossPriceDiff": 11,
    "trailingDistance": 4,
    "cooldownSeconds": 0,
    "logQuotes": false,
    "safetyBufferAmount": 5000,
    "consistencyLimitPercent": 40,
    "maxDailyDrawdownPercent": 25,
    "maxMonthlyDrawdownPercent": 50,
    "maxTradesPerDay": 10
  },
  "strategies": [
    {
      "type": "SentimentStrategy",
      "enabled": false,
      "averageThreshold": 20,
      "targetPrice": 2,
      "orderQuantity": 7200,
      "sentiment": "put",
      "loopCount": 1
    },
    {
      "type": "BuySellStrategy",
      "enabled": false,
      "initialQuantity": 150,
      "incrementFactor": "single",
      "incrementQuantity": 150,
      "averageThreshold": 10,
      "targetPrice": 5,
      "stopEnabled": false,
      "activateIntermittentCount": 100,
      "maxIterationCount": 10,
      "logEnabled": false,
      "right": "none"
    },
    {
      "type": "ContinuousStrategy",
      "enabled": false,
      "initialQuantity": 65,
      "slDistance": 10,
      "minPremium": 100,
      "allottedCapital": 200000,
      "spawnQuantityMode": "same",
      "averageQuantityMode": "same",
      "right": "none",
      "cooldownSeconds": 60,
      "refillCancelDistance": 50,
      "logEnabled": true
    },
    {
      "type": "IntermittentStrategy",
      "enabled": false,
      "loopCount": 3,
      "targetPrice": 2,
      "quantity": 75,
      "threshold": 10,
      "logEnabled": false
    },
    {
      "type": "RateOfChangeStrategy",
      "enabled": false,
      "pointsThreshold": 30,
      "accelerationThreshold": 5,
      "numberOfDatapointsReceived": 50,
      "quantity": 65,
      "targetPrice": 2,
      "stopLossPrice": 11,
      "maxHoldTimeMinutes": 30,
      "logEnabled": true
    },
    {
      "type": "GapStrategy",
      "enabled": false,
      "pointsThreshold": 20,
      "numberOfDatapointsReceived": 50,
      "quantity": 65,
      "targetPrice": 10,
      "stopLossPrice": 5,
      "maxHoldTimeMinutes": 600,
      "gapReversalMode": false,
      "gapReversalThreshold": 100,
      "logEnabled": true
    },
    {
      "type": "RuleBasedStrategy",
      "enabled": false,
      "indicators": [
        "RSI_5_70_30"
      ],
      "quantity": 65,
      "target": 10,
      "stopLoss": 20,
      "maxHoldTimeMinutes": 30,
      "logEnabled": true
    },
    {
      "type": "GoodMorningStrategy",
      "enabled": false,
      "quantity": 65,
      "targetPoints": 10,
      "stopLossPoints": 10,
      "logEnabled": true,
      "snapshotTime": "10:00",
      "confirmTime": "10:30",
      "previousClose": 24219,
      "minMovementPoints": 10
    },
    {
      "type": "GoodMorningSensexStrategy",
      "enabled": false,
      "quantity": 200,
      "targetPoints": 30,
      "stopLossPoints": 30,
      "logEnabled": true,
      "snapshotTime": "09:40",
      "confirmTime": "09:45",
      "minMovementPoints": 30
    },
    {
      "type": "SupportResistanceStrategy",
      "enabled": false,
      "supportPrice": 0,
      "resistancePrice": 0,
      "quantity": 1755,
      "targetPoints": 10,
      "stopLossPoints": 15,
      "logEnabled": true
    },
    {
      "type": "TargetReachStrategy",
      "enabled": false,
      "symbol": "NIFTY",
      "strike": 0,
      "expiry": "2026-01-01",
      "optionType": "CE",
      "targetPrice": 0,
      "quantity": 1755,
      "targetPoints": 10,
      "stopLossPoints": 15,
      "logEnabled": true
    }
  ]
}
[20:45:52] [ConfigService.loadConfig] Config Updated: {
  "srHypothesis": {
    "confirmWindowMin": 2,
    "maxJump": 15,
    "maxRangeWidth": 30,
    "buffer": 10,
    "target": 10,
    "stopLoss": 10,
    "breachBuffer": 0,
    "breachConfirmSec": 0,
    "heldMinSec": 407,
    "heldMaxSec": 651,
    "csvOutput": false
  },
  "rocHypothesis": {
    "target": 10,
    "stopLoss": 10,
    "cooldownSec": 60,
    "minWins": 2,
    "windowGridMin": [
      1,
      2,
      3,
      4,
      5,
      7,
      10,
      15
    ],
    "thresholdGrid": [
      5,
      10,
      15,
      20,
      25,
      30,
      40,
      50,
      60,
      75,
      100
    ],
    "csvOutput": false
  },
  "settings": {
    "minPrice": 20,
    "maxPrice": 30000,
    "targetPriceDiff": 2,
    "stopLossPriceDiff": 11,
    "trailingDistance": 4,
    "cooldownSeconds": 0,
    "logQuotes": false,
    "safetyBufferAmount": 5000,
    "consistencyLimitPercent": 40,
    "maxDailyDrawdownPercent": 25,
    "maxMonthlyDrawdownPercent": 50,
    "maxTradesPerDay": 10
  },
  "strategies": [
    {
      "type": "SentimentStrategy",
      "enabled": false,
      "averageThreshold": 20,
      "targetPrice": 2,
      "orderQuantity": 7200,
      "sentiment": "put",
      "loopCount": 1
    },
    {
      "type": "BuySellStrategy",
      "enabled": false,
      "initialQuantity": 150,
      "incrementFactor": "single",
      "incrementQuantity": 150,
      "averageThreshold": 10,
      "targetPrice": 5,
      "stopEnabled": false,
      "activateIntermittentCount": 100,
      "maxIterationCount": 10,
      "logEnabled": false,
      "right": "none"
    },
    {
      "type": "ContinuousStrategy",
      "enabled": false,
      "initialQuantity": 65,
      "slDistance": 10,
      "minPremium": 100,
      "allottedCapital": 200000,
      "spawnQuantityMode": "same",
      "averageQuantityMode": "same",
      "right": "none",
      "cooldownSeconds": 60,
      "refillCancelDistance": 50,
      "logEnabled": true
    },
    {
      "type": "IntermittentStrategy",
      "enabled": false,
      "loopCount": 3,
      "targetPrice": 2,
      "quantity": 75,
      "threshold": 10,
      "logEnabled": false
    },
    {
      "type": "RateOfChangeStrategy",
      "enabled": false,
      "pointsThreshold": 30,
      "accelerationThreshold": 5,
      "numberOfDatapointsReceived": 50,
      "quantity": 65,
      "targetPrice": 2,
      "stopLossPrice": 11,
      "maxHoldTimeMinutes": 30,
      "logEnabled": true
    },
    {
      "type": "GapStrategy",
      "enabled": false,
      "pointsThreshold": 20,
      "numberOfDatapointsReceived": 50,
      "quantity": 65,
      "targetPrice": 10,
      "stopLossPrice": 5,
      "maxHoldTimeMinutes": 600,
      "gapReversalMode": false,
      "gapReversalThreshold": 100,
      "logEnabled": true
    },
    {
      "type": "RuleBasedStrategy",
      "enabled": false,
      "indicators": [
        "RSI_5_70_30"
      ],
      "quantity": 65,
      "target": 10,
      "stopLoss": 20,
      "maxHoldTimeMinutes": 30,
      "logEnabled": true
    },
    {
      "type": "GoodMorningStrategy",
      "enabled": false,
      "quantity": 65,
      "targetPoints": 10,
      "stopLossPoints": 10,
      "logEnabled": true,
      "snapshotTime": "10:00",
      "confirmTime": "10:30",
      "previousClose": 24219,
      "minMovementPoints": 10
    },
    {
      "type": "GoodMorningSensexStrategy",
      "enabled": false,
      "quantity": 200,
      "targetPoints": 30,
      "stopLossPoints": 30,
      "logEnabled": true,
      "snapshotTime": "09:40",
      "confirmTime": "09:45",
      "minMovementPoints": 30
    },
    {
      "type": "SupportResistanceStrategy",
      "enabled": false,
      "supportPrice": 0,
      "resistancePrice": 0,
      "quantity": 1755,
      "targetPoints": 10,
      "stopLossPoints": 15,
      "logEnabled": true
    },
    {
      "type": "TargetReachStrategy",
      "enabled": false,
      "symbol": "NIFTY",
      "strike": 0,
      "expiry": "2026-01-01",
      "optionType": "CE",
      "targetPrice": 0,
      "quantity": 1755,
      "targetPoints": 10,
      "stopLossPoints": 15,
      "logEnabled": true
    }
  ]
}
[orchestrator] [dev] Restarting frontend (data/order/strategies untouched)...
[orchestrator] [frontend] exited (code=0 signal=null)
[20:45:52] [Config._processFile] Dir Name: /home/karthikeyan/work/icici/dist/prism
[20:45:52] [Config._processFile] File Name: /home/karthikeyan/work/icici/dist/prism/config.js
[20:45:52] [NorenRestApi.reloadToken] Restored Shoonya access token from userToken.txt
[orchestrator] [dev] Restarting data (order/strategies/frontend untouched)...
[20:45:52] [Config._processFile] Dir Name: /home/karthikeyan/work/icici/dist/prism
[20:45:52] [Config._processFile] File Name: /home/karthikeyan/work/icici/dist/prism/config.js
[orchestrator] [data] exited (code=0 signal=null)
[20:45:52] [NorenRestApi.reloadToken] Restored Shoonya access token from userToken.txt
[orchestrator] [dev] Restarting order (data/strategies/frontend untouched)...
[orchestrator] [order] exited (code=null signal=SIGTERM)
[orchestrator] [dev] Restarting strategies (data/order untouched)...
[orchestrator] [boot] Starting strategies...
[orchestrator] [strategies] exited (code=null signal=SIGTERM)
[20:45:53] [ConfigService.loadConfig] Config Updated: {
  "srHypothesis": {
    "confirmWindowMin": 2,
    "maxJump": 15,
    "maxRangeWidth": 30,
    "buffer": 10,
    "target": 10,
    "stopLoss": 10,
    "breachBuffer": 0,
    "breachConfirmSec": 0,
    "heldMinSec": 407,
    "heldMaxSec": 651,
    "csvOutput": false
  },
  "rocHypothesis": {
    "target": 10,
    "stopLoss": 10,
    "cooldownSec": 60,
    "minWins": 2,
    "windowGridMin": [
      1,
      2,
      3,
      4,
      5,
      7,
      10,
      15
    ],
    "thresholdGrid": [
      5,
      10,
      15,
      20,
      25,
      30,
      40,
      50,
      60,
      75,
      100
    ],
    "csvOutput": false
  },
  "settings": {
    "minPrice": 20,
    "maxPrice": 30000,
    "targetPriceDiff": 2,
    "stopLossPriceDiff": 11,
    "trailingDistance": 4,
    "cooldownSeconds": 0,
    "logQuotes": false,
    "safetyBufferAmount": 5000,
    "consistencyLimitPercent": 40,
    "maxDailyDrawdownPercent": 25,
    "maxMonthlyDrawdownPercent": 50,
    "maxTradesPerDay": 10
  },
  "strategies": [
    {
      "type": "SentimentStrategy",
      "enabled": false,
      "averageThreshold": 20,
      "targetPrice": 2,
      "orderQuantity": 7200,
      "sentiment": "put",
      "loopCount": 1
    },
    {
      "type": "BuySellStrategy",
      "enabled": false,
      "initialQuantity": 150,
      "incrementFactor": "single",
      "incrementQuantity": 150,
      "averageThreshold": 10,
      "targetPrice": 5,
      "stopEnabled": false,
      "activateIntermittentCount": 100,
      "maxIterationCount": 10,
      "logEnabled": false,
      "right": "none"
    },
    {
      "type": "ContinuousStrategy",
      "enabled": false,
      "initialQuantity": 65,
      "slDistance": 10,
      "minPremium": 100,
      "allottedCapital": 200000,
      "spawnQuantityMode": "same",
      "averageQuantityMode": "same",
      "right": "none",
      "cooldownSeconds": 60,
      "refillCancelDistance": 50,
      "logEnabled": true
    },
    {
      "type": "IntermittentStrategy",
      "enabled": false,
      "loopCount": 3,
      "targetPrice": 2,
      "quantity": 75,
      "threshold": 10,
      "logEnabled": false
    },
    {
      "type": "RateOfChangeStrategy",
      "enabled": false,
      "pointsThreshold": 30,
      "accelerationThreshold": 5,
      "numberOfDatapointsReceived": 50,
      "quantity": 65,
      "targetPrice": 2,
      "stopLossPrice": 11,
      "maxHoldTimeMinutes": 30,
      "logEnabled": true
    },
    {
      "type": "GapStrategy",
      "enabled": false,
      "pointsThreshold": 20,
      "numberOfDatapointsReceived": 50,
      "quantity": 65,
      "targetPrice": 10,
      "stopLossPrice": 5,
      "maxHoldTimeMinutes": 600,
      "gapReversalMode": false,
      "gapReversalThreshold": 100,
      "logEnabled": true
    },
    {
      "type": "RuleBasedStrategy",
      "enabled": false,
      "indicators": [
        "RSI_5_70_30"
      ],
      "quantity": 65,
      "target": 10,
      "stopLoss": 20,
      "maxHoldTimeMinutes": 30,
      "logEnabled": true
    },
    {
      "type": "GoodMorningStrategy",
      "enabled": false,
      "quantity": 65,
      "targetPoints": 10,
      "stopLossPoints": 10,
      "logEnabled": true,
      "snapshotTime": "10:00",
      "confirmTime": "10:30",
      "previousClose": 24219,
      "minMovementPoints": 10
    },
    {
      "type": "GoodMorningSensexStrategy",
      "enabled": false,
      "quantity": 200,
      "targetPoints": 30,
      "stopLossPoints": 30,
      "logEnabled": true,
      "snapshotTime": "09:40",
      "confirmTime": "09:45",
      "minMovementPoints": 30
    },
    {
      "type": "SupportResistanceStrategy",
      "enabled": false,
      "supportPrice": 0,
      "resistancePrice": 0,
      "quantity": 1755,
      "targetPoints": 10,
      "stopLossPoints": 15,
      "logEnabled": true
    },
    {
      "type": "TargetReachStrategy",
      "enabled": false,
      "symbol": "NIFTY",
      "strike": 0,
      "expiry": "2026-01-01",
      "optionType": "CE",
      "targetPrice": 0,
      "quantity": 1755,
      "targetPoints": 10,
      "stopLossPoints": 15,
      "logEnabled": true
    }
  ]
}
[20:45:53] [ConfigService.loadConfig] Config Updated: {
  "srHypothesis": {
    "confirmWindowMin": 2,
    "maxJump": 15,
    "maxRangeWidth": 30,
    "buffer": 10,
    "target": 10,
    "stopLoss": 10,
    "breachBuffer": 0,
    "breachConfirmSec": 0,
    "heldMinSec": 407,
    "heldMaxSec": 651,
    "csvOutput": false
  },
  "rocHypothesis": {
    "target": 10,
    "stopLoss": 10,
    "cooldownSec": 60,
    "minWins": 2,
    "windowGridMin": [
      1,
      2,
      3,
      4,
      5,
      7,
      10,
      15
    ],
    "thresholdGrid": [
      5,
      10,
      15,
      20,
      25,
      30,
      40,
      50,
      60,
      75,
      100
    ],
    "csvOutput": false
  },
  "settings": {
    "minPrice": 20,
    "maxPrice": 30000,
    "targetPriceDiff": 2,
    "stopLossPriceDiff": 11,
    "trailingDistance": 4,
    "cooldownSeconds": 0,
    "logQuotes": false,
    "safetyBufferAmount": 5000,
    "consistencyLimitPercent": 40,
    "maxDailyDrawdownPercent": 25,
    "maxMonthlyDrawdownPercent": 50,
    "maxTradesPerDay": 10
  },
  "strategies": [
    {
      "type": "SentimentStrategy",
      "enabled": false,
      "averageThreshold": 20,
      "targetPrice": 2,
      "orderQuantity": 7200,
      "sentiment": "put",
      "loopCount": 1
    },
    {
      "type": "BuySellStrategy",
      "enabled": false,
      "initialQuantity": 150,
      "incrementFactor": "single",
      "incrementQuantity": 150,
      "averageThreshold": 10,
      "targetPrice": 5,
      "stopEnabled": false,
      "activateIntermittentCount": 100,
      "maxIterationCount": 10,
      "logEnabled": false,
      "right": "none"
    },
    {
      "type": "ContinuousStrategy",
      "enabled": false,
      "initialQuantity": 65,
      "slDistance": 10,
      "minPremium": 100,
      "allottedCapital": 200000,
      "spawnQuantityMode": "same",
      "averageQuantityMode": "same",
      "right": "none",
      "cooldownSeconds": 60,
      "refillCancelDistance": 50,
      "logEnabled": true
    },
    {
      "type": "IntermittentStrategy",
      "enabled": false,
      "loopCount": 3,
      "targetPrice": 2,
      "quantity": 75,
      "threshold": 10,
      "logEnabled": false
    },
    {
      "type": "RateOfChangeStrategy",
      "enabled": false,
      "pointsThreshold": 30,
      "accelerationThreshold": 5,
      "numberOfDatapointsReceived": 50,
      "quantity": 65,
      "targetPrice": 2,
      "stopLossPrice": 11,
      "maxHoldTimeMinutes": 30,
      "logEnabled": true
    },
    {
      "type": "GapStrategy",
      "enabled": false,
      "pointsThreshold": 20,
      "numberOfDatapointsReceived": 50,
      "quantity": 65,
      "targetPrice": 10,
      "stopLossPrice": 5,
      "maxHoldTimeMinutes": 600,
      "gapReversalMode": false,
      "gapReversalThreshold": 100,
      "logEnabled": true
    },
    {
      "type": "RuleBasedStrategy",
      "enabled": false,
      "indicators": [
        "RSI_5_70_30"
      ],
      "quantity": 65,
      "target": 10,
      "stopLoss": 20,
      "maxHoldTimeMinutes": 30,
      "logEnabled": true
    },
    {
      "type": "GoodMorningStrategy",
      "enabled": false,
      "quantity": 65,
      "targetPoints": 10,
      "stopLossPoints": 10,
      "logEnabled": true,
      "snapshotTime": "10:00",
      "confirmTime": "10:30",
      "previousClose": 24219,
      "minMovementPoints": 10
    },
    {
      "type": "GoodMorningSensexStrategy",
      "enabled": false,
      "quantity": 200,
      "targetPoints": 30,
      "stopLossPoints": 30,
      "logEnabled": true,
      "snapshotTime": "09:40",
      "confirmTime": "09:45",
      "minMovementPoints": 30
    },
    {
      "type": "SupportResistanceStrategy",
      "enabled": false,
      "supportPrice": 0,
      "resistancePrice": 0,
      "quantity": 1755,
      "targetPoints": 10,
      "stopLossPoints": 15,
      "logEnabled": true
    },
    {
      "type": "TargetReachStrategy",
      "enabled": false,
      "symbol": "NIFTY",
      "strike": 0,
      "expiry": "2026-01-01",
      "optionType": "CE",
      "targetPrice": 0,
      "quantity": 1755,
      "targetPoints": 10,
      "stopLossPoints": 15,
      "logEnabled": true
    }
  ]
}
[20:45:53] [Mongo.init] Mongo is initialized
[20:45:53] [Mongo._init] Mongo is initialized
[20:45:53] [AntDataStream.connect] [AntDataStream] Connecting to ANT streaming...
[20:45:53] [ANT.loadSession] ANT session loaded from file
[20:45:53] [AntSession.prepareWsSession] [AntSession] Creating WS session (createWsSess)...
[20:45:53] [ConfigService.loadConfig] Config Updated: {
  "srHypothesis": {
    "confirmWindowMin": 2,
    "maxJump": 15,
    "maxRangeWidth": 30,
    "buffer": 10,
    "target": 10,
    "stopLoss": 10,
    "breachBuffer": 0,
    "breachConfirmSec": 0,
    "heldMinSec": 407,
    "heldMaxSec": 651,
    "csvOutput": false
  },
  "rocHypothesis": {
    "target": 10,
    "stopLoss": 10,
    "cooldownSec": 60,
    "minWins": 2,
    "windowGridMin": [
      1,
      2,
      3,
      4,
      5,
      7,
      10,
      15
    ],
    "thresholdGrid": [
      5,
      10,
      15,
      20,
      25,
      30,
      40,
      50,
      60,
      75,
      100
    ],
    "csvOutput": false
  },
  "settings": {
    "minPrice": 20,
    "maxPrice": 30000,
    "targetPriceDiff": 2,
    "stopLossPriceDiff": 11,
    "trailingDistance": 4,
    "cooldownSeconds": 0,
    "logQuotes": false,
    "safetyBufferAmount": 5000,
    "consistencyLimitPercent": 40,
    "maxDailyDrawdownPercent": 25,
    "maxMonthlyDrawdownPercent": 50,
    "maxTradesPerDay": 10
  },
  "strategies": [
    {
      "type": "SentimentStrategy",
      "enabled": false,
      "averageThreshold": 20,
      "targetPrice": 2,
      "orderQuantity": 7200,
      "sentiment": "put",
      "loopCount": 1
    },
    {
      "type": "BuySellStrategy",
      "enabled": false,
      "initialQuantity": 150,
      "incrementFactor": "single",
      "incrementQuantity": 150,
      "averageThreshold": 10,
      "targetPrice": 5,
      "stopEnabled": false,
      "activateIntermittentCount": 100,
      "maxIterationCount": 10,
      "logEnabled": false,
      "right": "none"
    },
    {
      "type": "ContinuousStrategy",
      "enabled": false,
      "initialQuantity": 65,
      "slDistance": 10,
      "minPremium": 100,
      "allottedCapital": 200000,
      "spawnQuantityMode": "same",
      "averageQuantityMode": "same",
      "right": "none",
      "cooldownSeconds": 60,
      "refillCancelDistance": 50,
      "logEnabled": true
    },
    {
      "type": "IntermittentStrategy",
      "enabled": false,
      "loopCount": 3,
      "targetPrice": 2,
      "quantity": 75,
      "threshold": 10,
      "logEnabled": false
    },
    {
      "type": "RateOfChangeStrategy",
      "enabled": false,
      "pointsThreshold": 30,
      "accelerationThreshold": 5,
      "numberOfDatapointsReceived": 50,
      "quantity": 65,
      "targetPrice": 2,
      "stopLossPrice": 11,
      "maxHoldTimeMinutes": 30,
      "logEnabled": true
    },
    {
      "type": "GapStrategy",
      "enabled": false,
      "pointsThreshold": 20,
      "numberOfDatapointsReceived": 50,
      "quantity": 65,
      "targetPrice": 10,
      "stopLossPrice": 5,
      "maxHoldTimeMinutes": 600,
      "gapReversalMode": false,
      "gapReversalThreshold": 100,
      "logEnabled": true
    },
    {
      "type": "RuleBasedStrategy",
      "enabled": false,
      "indicators": [
        "RSI_5_70_30"
      ],
      "quantity": 65,
      "target": 10,
      "stopLoss": 20,
      "maxHoldTimeMinutes": 30,
      "logEnabled": true
    },
    {
      "type": "GoodMorningStrategy",
      "enabled": false,
      "quantity": 65,
      "targetPoints": 10,
      "stopLossPoints": 10,
      "logEnabled": true,
      "snapshotTime": "10:00",
      "confirmTime": "10:30",
      "previousClose": 24219,
      "minMovementPoints": 10
    },
    {
      "type": "GoodMorningSensexStrategy",
      "enabled": false,
      "quantity": 200,
      "targetPoints": 30,
      "stopLossPoints": 30,
      "logEnabled": true,
      "snapshotTime": "09:40",
      "confirmTime": "09:45",
      "minMovementPoints": 30
    },
    {
      "type": "SupportResistanceStrategy",
      "enabled": false,
      "supportPrice": 0,
      "resistancePrice": 0,
      "quantity": 1755,
      "targetPoints": 10,
      "stopLossPoints": 15,
      "logEnabled": true
    },
    {
      "type": "TargetReachStrategy",
      "enabled": false,
      "symbol": "NIFTY",
      "strike": 0,
      "expiry": "2026-01-01",
      "optionType": "CE",
      "targetPrice": 0,
      "quantity": 1755,
      "targetPoints": 10,
      "stopLossPoints": 15,
      "logEnabled": true
    }
  ]
}
[20:45:53] [ConfigService.loadConfig] Config Updated: {
  "srHypothesis": {
    "confirmWindowMin": 2,
    "maxJump": 15,
    "maxRangeWidth": 30,
    "buffer": 10,
    "target": 10,
    "stopLoss": 10,
    "breachBuffer": 0,
    "breachConfirmSec": 0,
    "heldMinSec": 407,
    "heldMaxSec": 651,
    "csvOutput": false
  },
  "rocHypothesis": {
    "target": 10,
    "stopLoss": 10,
    "cooldownSec": 60,
    "minWins": 2,
    "windowGridMin": [
      1,
      2,
      3,
      4,
      5,
      7,
      10,
      15
    ],
    "thresholdGrid": [
      5,
      10,
      15,
      20,
      25,
      30,
      40,
      50,
      60,
      75,
      100
    ],
    "csvOutput": false
  },
  "settings": {
    "minPrice": 20,
    "maxPrice": 30000,
    "targetPriceDiff": 2,
    "stopLossPriceDiff": 11,
    "trailingDistance": 4,
    "cooldownSeconds": 0,
    "logQuotes": false,
    "safetyBufferAmount": 5000,
    "consistencyLimitPercent": 40,
    "maxDailyDrawdownPercent": 25,
    "maxMonthlyDrawdownPercent": 50,
    "maxTradesPerDay": 10
  },
  "strategies": [
    {
      "type": "SentimentStrategy",
      "enabled": false,
      "averageThreshold": 20,
      "targetPrice": 2,
      "orderQuantity": 7200,
      "sentiment": "put",
      "loopCount": 1
    },
    {
      "type": "BuySellStrategy",
      "enabled": false,
      "initialQuantity": 150,
      "incrementFactor": "single",
      "incrementQuantity": 150,
      "averageThreshold": 10,
      "targetPrice": 5,
      "stopEnabled": false,
      "activateIntermittentCount": 100,
      "maxIterationCount": 10,
      "logEnabled": false,
      "right": "none"
    },
    {
      "type": "ContinuousStrategy",
      "enabled": false,
      "initialQuantity": 65,
      "slDistance": 10,
      "minPremium": 100,
      "allottedCapital": 200000,
      "spawnQuantityMode": "same",
      "averageQuantityMode": "same",
      "right": "none",
      "cooldownSeconds": 60,
      "refillCancelDistance": 50,
      "logEnabled": true
    },
    {
      "type": "IntermittentStrategy",
      "enabled": false,
      "loopCount": 3,
      "targetPrice": 2,
      "quantity": 75,
      "threshold": 10,
      "logEnabled": false
    },
    {
      "type": "RateOfChangeStrategy",
      "enabled": false,
      "pointsThreshold": 30,
      "accelerationThreshold": 5,
      "numberOfDatapointsReceived": 50,
      "quantity": 65,
      "targetPrice": 2,
      "stopLossPrice": 11,
      "maxHoldTimeMinutes": 30,
      "logEnabled": true
    },
    {
      "type": "GapStrategy",
      "enabled": false,
      "pointsThreshold": 20,
      "numberOfDatapointsReceived": 50,
      "quantity": 65,
      "targetPrice": 10,
      "stopLossPrice": 5,
      "maxHoldTimeMinutes": 600,
      "gapReversalMode": false,
      "gapReversalThreshold": 100,
      "logEnabled": true
    },
    {
      "type": "RuleBasedStrategy",
      "enabled": false,
      "indicators": [
        "RSI_5_70_30"
      ],
      "quantity": 65,
      "target": 10,
      "stopLoss": 20,
      "maxHoldTimeMinutes": 30,
      "logEnabled": true
    },
    {
      "type": "GoodMorningStrategy",
      "enabled": false,
      "quantity": 65,
      "targetPoints": 10,
      "stopLossPoints": 10,
      "logEnabled": true,
      "snapshotTime": "10:00",
      "confirmTime": "10:30",
      "previousClose": 24219,
      "minMovementPoints": 10
    },
    {
      "type": "GoodMorningSensexStrategy",
      "enabled": false,
      "quantity": 200,
      "targetPoints": 30,
      "stopLossPoints": 30,
      "logEnabled": true,
      "snapshotTime": "09:40",
      "confirmTime": "09:45",
      "minMovementPoints": 30
    },
    {
      "type": "SupportResistanceStrategy",
      "enabled": false,
      "supportPrice": 0,
      "resistancePrice": 0,
      "quantity": 1755,
      "targetPoints": 10,
      "stopLossPoints": 15,
      "logEnabled": true
    },
    {
      "type": "TargetReachStrategy",
      "enabled": false,
      "symbol": "NIFTY",
      "strike": 0,
      "expiry": "2026-01-01",
      "optionType": "CE",
      "targetPrice": 0,
      "quantity": 1755,
      "targetPoints": 10,
      "stopLossPoints": 15,
      "logEnabled": true
    }
  ]
}
[20:45:53] [AntSession.prepareWsSession] [AntSession] createWsSess response: {
  "status": "Ok",
  "message": "Success",
  "result": [
    {
      "Status": "OK"
    }
  ]
}
[20:45:53] [AntSession.prepareWsSession] [AntSession] WS session prepared successfully
[20:45:53] [Config._processFile] Dir Name: /home/karthikeyan/work/icici/dist/prism
[20:45:53] [Config._processFile] File Name: /home/karthikeyan/work/icici/dist/prism/config.js
[20:45:53] [ws.onopen] [AntWS] Connected, sending auth payload...
[20:45:53] [AntDataStream.connect] [AntDataStream] Connected and streaming
[20:45:53] [main] [data] Ready - NIFTY/SENSEX always subscribed, streaming to stdout.
[20:45:53] [ws.onmessage] [AntWS] Connect ack: {
  "t": "ck",
  "s": "OK",
  "uid": "924118_API"
}
[20:45:53] [Config._processFile] Dir Name: /home/karthikeyan/work/icici/dist/prism
[20:45:53] [Config._processFile] File Name: /home/karthikeyan/work/icici/dist/prism/config.js
[20:45:53] [/home/karthikeyan/work/icici/dist/processes/data/AntDataStream.js:57:27] [AntDataStream] WebSocket open, subscribing to always-on instruments...
[20:45:53] [AntWebSocket.subscribe] [AntWS] Subscribing: NSE|26000#BSE|1
[20:45:53] [NorenRestApi.reloadToken] Restored Shoonya access token from userToken.txt
[20:45:53] [NorenRestApi.reloadToken] Restored Shoonya access token from userToken.txt
[20:45:53] [Config._processFile] Dir Name: /home/karthikeyan/work/icici/dist/prism
[20:45:53] [Config._processFile] File Name: /home/karthikeyan/work/icici/dist/prism/config.js
[20:45:53] [NorenRestApi.reloadToken] Restored Shoonya access token from userToken.txt
Fri, 28 Aug 2026 15:15:54 GMT body-parser deprecated bodyParser: use individual json/urlencoded middlewares at dist/server.js:91:35
Fri, 28 Aug 2026 15:15:54 GMT body-parser deprecated undefined extended: provide extended option at node_modules/body-parser/index.js:104:29
[20:45:54] [Mongo.init] Mongo is initialized
[20:45:54] [Mongo.init] Mongo is initialized
[20:45:54] [Mongo._init] Mongo is initialized
[20:45:54] [expandRuleBasedConfig] [StrategyFactory] Expanded RuleBasedStrategy into 1 instances
[20:45:54] [Strategies.initialize] [] expandedConfigArray:  [
  {
    "type": "SentimentStrategy",
    "enabled": false,
    "averageThreshold": 20,
    "targetPrice": 2,
    "orderQuantity": 7200,
    "sentiment": "put",
    "loopCount": 1
  },
  {
    "type": "BuySellStrategy",
    "enabled": false,
    "initialQuantity": 150,
    "incrementFactor": "single",
    "incrementQuantity": 150,
    "averageThreshold": 10,
    "targetPrice": 5,
    "stopEnabled": false,
    "activateIntermittentCount": 100,
    "maxIterationCount": 10,
    "logEnabled": false,
    "right": "none"
  },
  {
    "type": "ContinuousStrategy",
    "enabled": false,
    "initialQuantity": 65,
    "slDistance": 10,
    "minPremium": 100,
    "allottedCapital": 200000,
    "spawnQuantityMode": "same",
    "averageQuantityMode": "same",
    "right": "none",
    "cooldownSeconds": 60,
    "refillCancelDistance": 50,
    "logEnabled": true
  },
  {
    "type": "IntermittentStrategy",
    "enabled": false,
    "loopCount": 3,
    "targetPrice": 2,
    "quantity": 75,
    "threshold": 10,
    "logEnabled": false
  },
  {
    "type": "RateOfChangeStrategy",
    "enabled": false,
    "pointsThreshold": 30,
    "accelerationThreshold": 5,
    "numberOfDatapointsReceived": 50,
    "quantity": 65,
    "targetPrice": 2,
    "stopLossPrice": 11,
    "maxHoldTimeMinutes": 30,
    "logEnabled": true
  },
  {
    "type": "GapStrategy",
    "enabled": false,
    "pointsThreshold": 20,
    "numberOfDatapointsReceived": 50,
    "quantity": 65,
    "targetPrice": 10,
    "stopLossPrice": 5,
    "maxHoldTimeMinutes": 600,
    "gapReversalMode": false,
    "gapReversalThreshold": 100,
    "logEnabled": true
  },
  {
    "type": "RuleBasedStrategy",
    "enabled": false,
    "indicators": [
      "RSI_5_70_30"
    ],
    "quantity": 65,
    "target": 10,
    "stopLoss": 20,
    "maxHoldTimeMinutes": 30,
    "logEnabled": true,
    "userId": "Rule-RSI_5_70_30"
  },
  {
    "type": "GoodMorningStrategy",
    "enabled": false,
    "quantity": 65,
    "targetPoints": 10,
    "stopLossPoints": 10,
    "logEnabled": true,
    "snapshotTime": "10:00",
    "confirmTime": "10:30",
    "previousClose": 24219,
    "minMovementPoints": 10
  },
  {
    "type": "GoodMorningSensexStrategy",
    "enabled": false,
    "quantity": 200,
    "targetPoints": 30,
    "stopLossPoints": 30,
    "logEnabled": true,
    "snapshotTime": "09:40",
    "confirmTime": "09:45",
    "minMovementPoints": 30
  },
  {
    "type": "SupportResistanceStrategy",
    "enabled": false,
    "supportPrice": 0,
    "resistancePrice": 0,
    "quantity": 1755,
    "targetPoints": 10,
    "stopLossPoints": 15,
    "logEnabled": true
  },
  {
    "type": "TargetReachStrategy",
    "enabled": false,
    "symbol": "NIFTY",
    "strike": 0,
    "expiry": "2026-01-01",
    "optionType": "CE",
    "targetPrice": 0,
    "quantity": 1755,
    "targetPoints": 10,
    "stopLossPoints": 15,
    "logEnabled": true
  }
]
[20:45:54] [expandRuleBasedConfig] [StrategyFactory] Expanded RuleBasedStrategy into 1 instances
[20:45:54] [new RuleBasedStrategy] [RuleBased:Rule-RSI_5_70_30] Initialized with indicators: RSI_5_70_30
[20:45:54] [Strategies.initialize] [Strategies] Initialized 11 strategies: [
  "SentimentStrategy(SentimentStrategy, enabled=false)",
  "BuySellStrategy(BuySellStrategy, enabled=false)",
  "ContinuousStrategy(ContinuousStrategy, enabled=false)",
  "IntermittentStrategy(IntermittentStrategy, enabled=false)",
  "RateOfChangeStrategy(RateOfChangeStrategy, enabled=false)",
  "GapStrategy(GapStrategy, enabled=false)",
  "RuleBasedStrategy(Rule-RSI_5_70_30, enabled=false)",
  "GoodMorningStrategy(GoodMorningStrategy, enabled=false)",
  "GoodMorningSensexStrategy(GoodMorningSensexStrategy, enabled=false)",
  "SupportResistanceStrategy(SupportResistanceStrategy, enabled=false)",
  "TargetReachStrategy(TargetReachStrategy, enabled=false)"
]
[20:45:54] [main] [strategies] Ready - 11 strategies loaded.
[20:45:54] [Server.<anonymous>] [strategies] Listening on /tmp/icici-strategies.sock
[20:45:54] [/home/karthikeyan/work/icici/dist/processes/strategies/OrderClient.js:53:41] [strategies] Failed to parse order-process message:  Error: connect ENOENT /tmp/icici-order.sock
    at PipeConnectWrap.afterConnect [as oncomplete] (node:net:1615:16)
[20:45:54] [Socket.<anonymous>] [strategies] Order socket error: Error: connect ENOENT /tmp/icici-order.sock
    at PipeConnectWrap.afterConnect [as oncomplete] (node:net:1615:16)
[20:45:54] [Socket.<anonymous>] [strategies] Disconnected from order process, retrying in 2s...
[20:45:54] [Config._processFile] lot count: 1
[20:45:54] [Config._processFile] Auto Trade: false
[20:45:54] [Mongo._init] Mongo is initialized
[20:45:54] [Server.<anonymous>] [strategies] Frontend client connected
[20:45:54] [Server.<anonymous>] [frontend] Listening on 3000
[20:45:54] [/home/karthikeyan/work/icici/dist/processes/strategies/OrderClient.js:53:41] [strategies] Failed to parse order-process message:  Error: connect ENOENT /tmp/icici-order.sock
    at PipeConnectWrap.afterConnect [as oncomplete] (node:net:1615:16)
[20:45:54] [Socket.<anonymous>] [strategies] Order socket error: Error: connect ENOENT /tmp/icici-order.sock
    at PipeConnectWrap.afterConnect [as oncomplete] (node:net:1615:16)
[20:45:54] [Socket.<anonymous>] [strategies] Disconnected from order process, retrying in 2s...
[20:45:54] [Config._processFile] lot count: 1
[20:45:54] [Config._processFile] Auto Trade: false
[20:45:54] [Socket.<anonymous>] [frontend] Connected to strategies process
[20:45:54] [/home/karthikeyan/work/icici/dist/server.js:1440:27] [frontend] nifty tick: {"ltp":24175.65,"ltt":"1787919089","token":"26000","changePercent":0.35,"prevClose":24091.33034379671} clients=0
[20:45:54] [Mongo.init] Mongo is initialized
[20:45:54] [Config._processFile] lot count: 1
[20:45:54] [Config._processFile] Auto Trade: false
[20:45:54] [Mongo._init] Mongo is initialized
[20:45:54] [OrderBookkeeping.loadClosedTradesFromMongo] [order] Reloaded 6 closed trade(s) from Mongo for today
[20:45:54] [ANT.loadSession] ANT session loaded from file
[20:45:54] [Server.<anonymous>] [order] Listening on /tmp/icici-order.sock
[20:45:54] [AntOrderNotifyStream.getWsToken] [AntOrderNotify] createWsToken response: {"status":"Ok","message":"200","result":[{"orderToken":"a1dab534e3e11278f5844327e89f2816e139ef8b6d40ab90772172c1a5f7754d"}]}
[20:45:54] [ws.onopen] [AntOrderNotify] Connected, subscribing...
[20:45:55] [pushPositionSnapshot] [frontend] positionstream push failed: Error: Not connected to order process
    at /home/karthikeyan/work/icici/dist/processes/strategies/OrderClient.js:73:31
    at new Promise (<anonymous>)
    at OrderClient.request (/home/karthikeyan/work/icici/dist/processes/strategies/OrderClient.js:71:16)
    at OrderClient.stats (/home/karthikeyan/work/icici/dist/processes/strategies/OrderClient.js:150:32)
    at pushPositionSnapshot (/home/karthikeyan/work/icici/dist/server.js:1172:41)
    at /home/karthikeyan/work/icici/dist/server.js:1191:11
    at Layer.handle [as handle_request] (/home/karthikeyan/work/icici/node_modules/express/lib/router/layer.js:95:5)
    at next (/home/karthikeyan/work/icici/node_modules/express/lib/router/route.js:144:13)
    at Route.dispatch (/home/karthikeyan/work/icici/node_modules/express/lib/router/route.js:114:3)
    at Layer.handle [as handle_request] (/home/karthikeyan/work/icici/node_modules/express/lib/router/layer.js:95:5)
[20:45:56] [Socket.<anonymous>] [strategies] Connected to order process
[20:45:56] [Server.<anonymous>] [order] Client connected, total: 1
[20:45:56] [Server.<anonymous>] [order] Client connected, total: 2
[20:45:56] [Socket.<anonymous>] [strategies] Connected to order process
[20:46:54] [Zerodha.loadSession] Zerodha session loaded from file
[orchestrator] [dev] Restarting order (data/strategies/frontend untouched)...
[20:48:29] [Socket.<anonymous>] [strategies] Disconnected from order process, retrying in 2s...
[orchestrator] [order] exited (code=0 signal=null)
[20:48:29] [Socket.<anonymous>] [strategies] Disconnected from order process, retrying in 2s...
[orchestrator] [dev] Restarting frontend (data/order/strategies untouched)...
[orchestrator] [frontend] exited (code=0 signal=null)
[20:48:29] [ConfigService.loadConfig] Config Updated: {
  "srHypothesis": {
    "confirmWindowMin": 2,
    "maxJump": 15,
    "maxRangeWidth": 30,
    "buffer": 10,
    "target": 10,
    "stopLoss": 10,
    "breachBuffer": 0,
    "breachConfirmSec": 0,
    "heldMinSec": 407,
    "heldMaxSec": 651,
    "csvOutput": false
  },
  "rocHypothesis": {
    "target": 10,
    "stopLoss": 10,
    "cooldownSec": 60,
    "minWins": 2,
    "windowGridMin": [
      1,
      2,
      3,
      4,
      5,
      7,
      10,
      15
    ],
    "thresholdGrid": [
      5,
      10,
      15,
      20,
      25,
      30,
      40,
      50,
      60,
      75,
      100
    ],
    "csvOutput": false
  },
  "settings": {
    "minPrice": 20,
    "maxPrice": 30000,
    "targetPriceDiff": 2,
    "stopLossPriceDiff": 11,
    "trailingDistance": 4,
    "cooldownSeconds": 0,
    "logQuotes": false,
    "safetyBufferAmount": 5000,
    "consistencyLimitPercent": 40,
    "maxDailyDrawdownPercent": 25,
    "maxMonthlyDrawdownPercent": 50,
    "maxTradesPerDay": 10
  },
  "strategies": [
    {
      "type": "SentimentStrategy",
      "enabled": false,
      "averageThreshold": 20,
      "targetPrice": 2,
      "orderQuantity": 7200,
      "sentiment": "put",
      "loopCount": 1
    },
    {
      "type": "BuySellStrategy",
      "enabled": false,
      "initialQuantity": 150,
      "incrementFactor": "single",
      "incrementQuantity": 150,
      "averageThreshold": 10,
      "targetPrice": 5,
      "stopEnabled": false,
      "activateIntermittentCount": 100,
      "maxIterationCount": 10,
      "logEnabled": false,
      "right": "none"
    },
    {
      "type": "ContinuousStrategy",
      "enabled": false,
      "initialQuantity": 65,
      "slDistance": 10,
      "minPremium": 100,
      "allottedCapital": 200000,
      "spawnQuantityMode": "same",
      "averageQuantityMode": "same",
      "right": "none",
      "cooldownSeconds": 60,
      "refillCancelDistance": 50,
      "logEnabled": true
    },
    {
      "type": "IntermittentStrategy",
      "enabled": false,
      "loopCount": 3,
      "targetPrice": 2,
      "quantity": 75,
      "threshold": 10,
      "logEnabled": false
    },
    {
      "type": "RateOfChangeStrategy",
      "enabled": false,
      "pointsThreshold": 30,
      "accelerationThreshold": 5,
      "numberOfDatapointsReceived": 50,
      "quantity": 65,
      "targetPrice": 2,
      "stopLossPrice": 11,
      "maxHoldTimeMinutes": 30,
      "logEnabled": true
    },
    {
      "type": "GapStrategy",
      "enabled": false,
      "pointsThreshold": 20,
      "numberOfDatapointsReceived": 50,
      "quantity": 65,
      "targetPrice": 10,
      "stopLossPrice": 5,
      "maxHoldTimeMinutes": 600,
      "gapReversalMode": false,
      "gapReversalThreshold": 100,
      "logEnabled": true
    },
    {
      "type": "RuleBasedStrategy",
      "enabled": false,
      "indicators": [
        "RSI_5_70_30"
      ],
      "quantity": 65,
      "target": 10,
      "stopLoss": 20,
      "maxHoldTimeMinutes": 30,
      "logEnabled": true
    },
    {
      "type": "GoodMorningStrategy",
      "enabled": false,
      "quantity": 65,
      "targetPoints": 10,
      "stopLossPoints": 10,
      "logEnabled": true,
      "snapshotTime": "10:00",
      "confirmTime": "10:30",
      "previousClose": 24219,
      "minMovementPoints": 10
    },
    {
      "type": "GoodMorningSensexStrategy",
      "enabled": false,
      "quantity": 200,
      "targetPoints": 30,
      "stopLossPoints": 30,
      "logEnabled": true,
      "snapshotTime": "09:40",
      "confirmTime": "09:45",
      "minMovementPoints": 30
    },
    {
      "type": "SupportResistanceStrategy",
      "enabled": false,
      "supportPrice": 0,
      "resistancePrice": 0,
      "quantity": 1755,
      "targetPoints": 10,
      "stopLossPoints": 15,
      "logEnabled": true
    },
    {
      "type": "TargetReachStrategy",
      "enabled": false,
      "symbol": "NIFTY",
      "strike": 0,
      "expiry": "2026-01-01",
      "optionType": "CE",
      "targetPrice": 0,
      "quantity": 1755,
      "targetPoints": 10,
      "stopLossPoints": 15,
      "logEnabled": true
    }
  ]
}
[20:48:29] [ConfigService.loadConfig] Config Updated: {
  "srHypothesis": {
    "confirmWindowMin": 2,
    "maxJump": 15,
    "maxRangeWidth": 30,
    "buffer": 10,
    "target": 10,
    "stopLoss": 10,
    "breachBuffer": 0,
    "breachConfirmSec": 0,
    "heldMinSec": 407,
    "heldMaxSec": 651,
    "csvOutput": false
  },
  "rocHypothesis": {
    "target": 10,
    "stopLoss": 10,
    "cooldownSec": 60,
    "minWins": 2,
    "windowGridMin": [
      1,
      2,
      3,
      4,
      5,
      7,
      10,
      15
    ],
    "thresholdGrid": [
      5,
      10,
      15,
      20,
      25,
      30,
      40,
      50,
      60,
      75,
      100
    ],
    "csvOutput": false
  },
  "settings": {
    "minPrice": 20,
    "maxPrice": 30000,
    "targetPriceDiff": 2,
    "stopLossPriceDiff": 11,
    "trailingDistance": 4,
    "cooldownSeconds": 0,
    "logQuotes": false,
    "safetyBufferAmount": 5000,
    "consistencyLimitPercent": 40,
    "maxDailyDrawdownPercent": 25,
    "maxMonthlyDrawdownPercent": 50,
    "maxTradesPerDay": 10
  },
  "strategies": [
    {
      "type": "SentimentStrategy",
      "enabled": false,
      "averageThreshold": 20,
      "targetPrice": 2,
      "orderQuantity": 7200,
      "sentiment": "put",
      "loopCount": 1
    },
    {
      "type": "BuySellStrategy",
      "enabled": false,
      "initialQuantity": 150,
      "incrementFactor": "single",
      "incrementQuantity": 150,
      "averageThreshold": 10,
      "targetPrice": 5,
      "stopEnabled": false,
      "activateIntermittentCount": 100,
      "maxIterationCount": 10,
      "logEnabled": false,
      "right": "none"
    },
    {
      "type": "ContinuousStrategy",
      "enabled": false,
      "initialQuantity": 65,
      "slDistance": 10,
      "minPremium": 100,
      "allottedCapital": 200000,
      "spawnQuantityMode": "same",
      "averageQuantityMode": "same",
      "right": "none",
      "cooldownSeconds": 60,
      "refillCancelDistance": 50,
      "logEnabled": true
    },
    {
      "type": "IntermittentStrategy",
      "enabled": false,
      "loopCount": 3,
      "targetPrice": 2,
      "quantity": 75,
      "threshold": 10,
      "logEnabled": false
    },
    {
      "type": "RateOfChangeStrategy",
      "enabled": false,
      "pointsThreshold": 30,
      "accelerationThreshold": 5,
      "numberOfDatapointsReceived": 50,
      "quantity": 65,
      "targetPrice": 2,
      "stopLossPrice": 11,
      "maxHoldTimeMinutes": 30,
      "logEnabled": true
    },
    {
      "type": "GapStrategy",
      "enabled": false,
      "pointsThreshold": 20,
      "numberOfDatapointsReceived": 50,
      "quantity": 65,
      "targetPrice": 10,
      "stopLossPrice": 5,
      "maxHoldTimeMinutes": 600,
      "gapReversalMode": false,
      "gapReversalThreshold": 100,
      "logEnabled": true
    },
    {
      "type": "RuleBasedStrategy",
      "enabled": false,
      "indicators": [
        "RSI_5_70_30"
      ],
      "quantity": 65,
      "target": 10,
      "stopLoss": 20,
      "maxHoldTimeMinutes": 30,
      "logEnabled": true
    },
    {
      "type": "GoodMorningStrategy",
      "enabled": false,
      "quantity": 65,
      "targetPoints": 10,
      "stopLossPoints": 10,
      "logEnabled": true,
      "snapshotTime": "10:00",
      "confirmTime": "10:30",
      "previousClose": 24219,
      "minMovementPoints": 10
    },
    {
      "type": "GoodMorningSensexStrategy",
      "enabled": false,
      "quantity": 200,
      "targetPoints": 30,
      "stopLossPoints": 30,
      "logEnabled": true,
      "snapshotTime": "09:40",
      "confirmTime": "09:45",
      "minMovementPoints": 30
    },
    {
      "type": "SupportResistanceStrategy",
      "enabled": false,
      "supportPrice": 0,
      "resistancePrice": 0,
      "quantity": 1755,
      "targetPoints": 10,
      "stopLossPoints": 15,
      "logEnabled": true
    },
    {
      "type": "TargetReachStrategy",
      "enabled": false,
      "symbol": "NIFTY",
      "strike": 0,
      "expiry": "2026-01-01",
      "optionType": "CE",
      "targetPrice": 0,
      "quantity": 1755,
      "targetPoints": 10,
      "stopLossPoints": 15,
      "logEnabled": true
    }
  ]
}
[20:48:29] [Config._processFile] Dir Name: /home/karthikeyan/work/icici/dist/prism
[20:48:29] [Config._processFile] File Name: /home/karthikeyan/work/icici/dist/prism/config.js
[20:48:29] [NorenRestApi.reloadToken] Restored Shoonya access token from userToken.txt
[orchestrator] [dev] Restarting strategies (data/order untouched)...
[orchestrator] [boot] Starting strategies...
[orchestrator] [strategies] exited (code=0 signal=null)
[20:48:29] [Mongo.init] Mongo is initialized
[20:48:29] [Mongo._init] Mongo is initialized
[20:48:29] [Config._processFile] lot count: 1
[20:48:29] [Config._processFile] Auto Trade: false
[20:48:29] [OrderBookkeeping.loadClosedTradesFromMongo] [order] Reloaded 6 closed trade(s) from Mongo for today
[20:48:29] [ANT.loadSession] ANT session loaded from file
[20:48:30] [ConfigService.loadConfig] Config Updated: {
  "srHypothesis": {
    "confirmWindowMin": 2,
    "maxJump": 15,
    "maxRangeWidth": 30,
    "buffer": 10,
    "target": 10,
    "stopLoss": 10,
    "breachBuffer": 0,
    "breachConfirmSec": 0,
    "heldMinSec": 407,
    "heldMaxSec": 651,
    "csvOutput": false
  },
  "rocHypothesis": {
    "target": 10,
    "stopLoss": 10,
    "cooldownSec": 60,
    "minWins": 2,
    "windowGridMin": [
      1,
      2,
      3,
      4,
      5,
      7,
      10,
      15
    ],
    "thresholdGrid": [
      5,
      10,
      15,
      20,
      25,
      30,
      40,
      50,
      60,
      75,
      100
    ],
    "csvOutput": false
  },
  "settings": {
    "minPrice": 20,
    "maxPrice": 30000,
    "targetPriceDiff": 2,
    "stopLossPriceDiff": 11,
    "trailingDistance": 4,
    "cooldownSeconds": 0,
    "logQuotes": false,
    "safetyBufferAmount": 5000,
    "consistencyLimitPercent": 40,
    "maxDailyDrawdownPercent": 25,
    "maxMonthlyDrawdownPercent": 50,
    "maxTradesPerDay": 10
  },
  "strategies": [
    {
      "type": "SentimentStrategy",
      "enabled": false,
      "averageThreshold": 20,
      "targetPrice": 2,
      "orderQuantity": 7200,
      "sentiment": "put",
      "loopCount": 1
    },
    {
      "type": "BuySellStrategy",
      "enabled": false,
      "initialQuantity": 150,
      "incrementFactor": "single",
      "incrementQuantity": 150,
      "averageThreshold": 10,
      "targetPrice": 5,
      "stopEnabled": false,
      "activateIntermittentCount": 100,
      "maxIterationCount": 10,
      "logEnabled": false,
      "right": "none"
    },
    {
      "type": "ContinuousStrategy",
      "enabled": false,
      "initialQuantity": 65,
      "slDistance": 10,
      "minPremium": 100,
      "allottedCapital": 200000,
      "spawnQuantityMode": "same",
      "averageQuantityMode": "same",
      "right": "none",
      "cooldownSeconds": 60,
      "refillCancelDistance": 50,
      "logEnabled": true
    },
    {
      "type": "IntermittentStrategy",
      "enabled": false,
      "loopCount": 3,
      "targetPrice": 2,
      "quantity": 75,
      "threshold": 10,
      "logEnabled": false
    },
    {
      "type": "RateOfChangeStrategy",
      "enabled": false,
      "pointsThreshold": 30,
      "accelerationThreshold": 5,
      "numberOfDatapointsReceived": 50,
      "quantity": 65,
      "targetPrice": 2,
      "stopLossPrice": 11,
      "maxHoldTimeMinutes": 30,
      "logEnabled": true
    },
    {
      "type": "GapStrategy",
      "enabled": false,
      "pointsThreshold": 20,
      "numberOfDatapointsReceived": 50,
      "quantity": 65,
      "targetPrice": 10,
      "stopLossPrice": 5,
      "maxHoldTimeMinutes": 600,
      "gapReversalMode": false,
      "gapReversalThreshold": 100,
      "logEnabled": true
    },
    {
      "type": "RuleBasedStrategy",
      "enabled": false,
      "indicators": [
        "RSI_5_70_30"
      ],
      "quantity": 65,
      "target": 10,
      "stopLoss": 20,
      "maxHoldTimeMinutes": 30,
      "logEnabled": true
    },
    {
      "type": "GoodMorningStrategy",
      "enabled": false,
      "quantity": 65,
      "targetPoints": 10,
      "stopLossPoints": 10,
      "logEnabled": true,
      "snapshotTime": "10:00",
      "confirmTime": "10:30",
      "previousClose": 24219,
      "minMovementPoints": 10
    },
    {
      "type": "GoodMorningSensexStrategy",
      "enabled": false,
      "quantity": 200,
      "targetPoints": 30,
      "stopLossPoints": 30,
      "logEnabled": true,
      "snapshotTime": "09:40",
      "confirmTime": "09:45",
      "minMovementPoints": 30
    },
    {
      "type": "SupportResistanceStrategy",
      "enabled": false,
      "supportPrice": 0,
      "resistancePrice": 0,
      "quantity": 1755,
      "targetPoints": 10,
      "stopLossPoints": 15,
      "logEnabled": true
    },
    {
      "type": "TargetReachStrategy",
      "enabled": false,
      "symbol": "NIFTY",
      "strike": 0,
      "expiry": "2026-01-01",
      "optionType": "CE",
      "targetPrice": 0,
      "quantity": 1755,
      "targetPoints": 10,
      "stopLossPoints": 15,
      "logEnabled": true
    }
  ]
}
[20:48:30] [Server.<anonymous>] [order] Listening on /tmp/icici-order.sock
[20:48:30] [Config._processFile] Dir Name: /home/karthikeyan/work/icici/dist/prism
[20:48:30] [Config._processFile] File Name: /home/karthikeyan/work/icici/dist/prism/config.js
[20:48:30] [NorenRestApi.reloadToken] Restored Shoonya access token from userToken.txt
[20:48:30] [Config._processFile] Dir Name: /home/karthikeyan/work/icici/dist/prism
[20:48:30] [Config._processFile] File Name: /home/karthikeyan/work/icici/dist/prism/config.js
[20:48:30] [NorenRestApi.reloadToken] Restored Shoonya access token from userToken.txt
[20:48:30] [AntOrderNotifyStream.getWsToken] [AntOrderNotify] createWsToken response: {"status":"Ok","message":"200","result":[{"orderToken":"a1dab534e3e11278f5844327e89f2816e139ef8b6d40ab90772172c1a5f7754d"}]}
[20:48:30] [ws.onopen] [AntOrderNotify] Connected, subscribing...
Fri, 28 Aug 2026 15:18:30 GMT body-parser deprecated bodyParser: use individual json/urlencoded middlewares at dist/server.js:91:35
Fri, 28 Aug 2026 15:18:30 GMT body-parser deprecated undefined extended: provide extended option at node_modules/body-parser/index.js:104:29
[20:48:30] [Mongo.init] Mongo is initialized
[20:48:30] [Mongo.init] Mongo is initialized
[20:48:30] [Config._processFile] lot count: 1
[20:48:30] [Config._processFile] lot count: 1
[20:48:30] [Config._processFile] Auto Trade: false
[20:48:30] [Config._processFile] Auto Trade: false
[20:48:30] [Mongo._init] Mongo is initialized
[20:48:30] [Server.<anonymous>] [order] Client connected, total: 1
[20:48:30] [Mongo._init] Mongo is initialized
[20:48:30] [Server.<anonymous>] [order] Client connected, total: 2
[20:48:30] [expandRuleBasedConfig] [StrategyFactory] Expanded RuleBasedStrategy into 1 instances
[20:48:30] [Server.<anonymous>] [frontend] Listening on 3000
[20:48:30] [Strategies.initialize] [] expandedConfigArray:  [
  {
    "type": "SentimentStrategy",
    "enabled": false,
    "averageThreshold": 20,
    "targetPrice": 2,
    "orderQuantity": 7200,
    "sentiment": "put",
    "loopCount": 1
  },
  {
    "type": "BuySellStrategy",
    "enabled": false,
    "initialQuantity": 150,
    "incrementFactor": "single",
    "incrementQuantity": 150,
    "averageThreshold": 10,
    "targetPrice": 5,
    "stopEnabled": false,
    "activateIntermittentCount": 100,
    "maxIterationCount": 10,
    "logEnabled": false,
    "right": "none"
  },
  {
    "type": "ContinuousStrategy",
    "enabled": false,
    "initialQuantity": 65,
    "slDistance": 10,
    "minPremium": 100,
    "allottedCapital": 200000,
    "spawnQuantityMode": "same",
    "averageQuantityMode": "same",
    "right": "none",
    "cooldownSeconds": 60,
    "refillCancelDistance": 50,
    "logEnabled": true
  },
  {
    "type": "IntermittentStrategy",
    "enabled": false,
    "loopCount": 3,
    "targetPrice": 2,
    "quantity": 75,
    "threshold": 10,
    "logEnabled": false
  },
  {
    "type": "RateOfChangeStrategy",
    "enabled": false,
    "pointsThreshold": 30,
    "accelerationThreshold": 5,
    "numberOfDatapointsReceived": 50,
    "quantity": 65,
    "targetPrice": 2,
    "stopLossPrice": 11,
    "maxHoldTimeMinutes": 30,
    "logEnabled": true
  },
  {
    "type": "GapStrategy",
    "enabled": false,
    "pointsThreshold": 20,
    "numberOfDatapointsReceived": 50,
    "quantity": 65,
    "targetPrice": 10,
    "stopLossPrice": 5,
    "maxHoldTimeMinutes": 600,
    "gapReversalMode": false,
    "gapReversalThreshold": 100,
    "logEnabled": true
  },
  {
    "type": "RuleBasedStrategy",
    "enabled": false,
    "indicators": [
      "RSI_5_70_30"
    ],
    "quantity": 65,
    "target": 10,
    "stopLoss": 20,
    "maxHoldTimeMinutes": 30,
    "logEnabled": true,
    "userId": "Rule-RSI_5_70_30"
  },
  {
    "type": "GoodMorningStrategy",
    "enabled": false,
    "quantity": 65,
    "targetPoints": 10,
    "stopLossPoints": 10,
    "logEnabled": true,
    "snapshotTime": "10:00",
    "confirmTime": "10:30",
    "previousClose": 24219,
    "minMovementPoints": 10
  },
  {
    "type": "GoodMorningSensexStrategy",
    "enabled": false,
    "quantity": 200,
    "targetPoints": 30,
    "stopLossPoints": 30,
    "logEnabled": true,
    "snapshotTime": "09:40",
    "confirmTime": "09:45",
    "minMovementPoints": 30
  },
  {
    "type": "SupportResistanceStrategy",
    "enabled": false,
    "supportPrice": 0,
    "resistancePrice": 0,
    "quantity": 1755,
    "targetPoints": 10,
    "stopLossPoints": 15,
    "logEnabled": true
  },
  {
    "type": "TargetReachStrategy",
    "enabled": false,
    "symbol": "NIFTY",
    "strike": 0,
    "expiry": "2026-01-01",
    "optionType": "CE",
    "targetPrice": 0,
    "quantity": 1755,
    "targetPoints": 10,
    "stopLossPoints": 15,
    "logEnabled": true
  }
]
[20:48:30] [/home/karthikeyan/work/icici/dist/ipc/StrategiesClient.js:35:41] [frontend] Failed to parse strategies-process message:  Error: connect ENOENT /tmp/icici-strategies.sock
    at PipeConnectWrap.afterConnect [as oncomplete] (node:net:1615:16)
[20:48:30] [Socket.<anonymous>] [frontend] Strategies socket error: Error: connect ENOENT /tmp/icici-strategies.sock
    at PipeConnectWrap.afterConnect [as oncomplete] (node:net:1615:16)
[20:48:30] [Socket.<anonymous>] [frontend] Disconnected from strategies process, retrying in 2s...
[20:48:30] [Socket.<anonymous>] [strategies] Connected to order process
[20:48:30] [expandRuleBasedConfig] [StrategyFactory] Expanded RuleBasedStrategy into 1 instances
[20:48:30] [new RuleBasedStrategy] [RuleBased:Rule-RSI_5_70_30] Initialized with indicators: RSI_5_70_30
[20:48:30] [Strategies.initialize] [Strategies] Initialized 11 strategies: [
  "SentimentStrategy(SentimentStrategy, enabled=false)",
  "BuySellStrategy(BuySellStrategy, enabled=false)",
  "ContinuousStrategy(ContinuousStrategy, enabled=false)",
  "IntermittentStrategy(IntermittentStrategy, enabled=false)",
  "RateOfChangeStrategy(RateOfChangeStrategy, enabled=false)",
  "GapStrategy(GapStrategy, enabled=false)",
  "RuleBasedStrategy(Rule-RSI_5_70_30, enabled=false)",
  "GoodMorningStrategy(GoodMorningStrategy, enabled=false)",
  "GoodMorningSensexStrategy(GoodMorningSensexStrategy, enabled=false)",
  "SupportResistanceStrategy(SupportResistanceStrategy, enabled=false)",
  "TargetReachStrategy(TargetReachStrategy, enabled=false)"
]
[20:48:30] [main] [strategies] Ready - 11 strategies loaded.
[20:48:30] [Server.<anonymous>] [strategies] Listening on /tmp/icici-strategies.sock
[20:48:30] [Socket.<anonymous>] [strategies] Connected to order process
[20:48:32] [Socket.<anonymous>] [frontend] Connected to strategies process
[20:48:32] [Server.<anonymous>] [strategies] Frontend client connected
[orchestrator] [dev] Restarting order (data/strategies/frontend untouched)...
[orchestrator] [order] exited (code=0 signal=null)
[20:48:40] [Socket.<anonymous>] [strategies] Disconnected from order process, retrying in 2s...
[20:48:40] [Socket.<anonymous>] [strategies] Disconnected from order process, retrying in 2s...
[20:48:41] [ConfigService.loadConfig] Config Updated: {
  "srHypothesis": {
    "confirmWindowMin": 2,
    "maxJump": 15,
    "maxRangeWidth": 30,
    "buffer": 10,
    "target": 10,
    "stopLoss": 10,
    "breachBuffer": 0,
    "breachConfirmSec": 0,
    "heldMinSec": 407,
    "heldMaxSec": 651,
    "csvOutput": false
  },
  "rocHypothesis": {
    "target": 10,
    "stopLoss": 10,
    "cooldownSec": 60,
    "minWins": 2,
    "windowGridMin": [
      1,
      2,
      3,
      4,
      5,
      7,
      10,
      15
    ],
    "thresholdGrid": [
      5,
      10,
      15,
      20,
      25,
      30,
      40,
      50,
      60,
      75,
      100
    ],
    "csvOutput": false
  },
  "settings": {
    "minPrice": 20,
    "maxPrice": 30000,
    "targetPriceDiff": 2,
    "stopLossPriceDiff": 11,
    "trailingDistance": 4,
    "cooldownSeconds": 0,
    "logQuotes": false,
    "safetyBufferAmount": 5000,
    "consistencyLimitPercent": 40,
    "maxDailyDrawdownPercent": 25,
    "maxMonthlyDrawdownPercent": 50,
    "maxTradesPerDay": 10
  },
  "strategies": [
    {
      "type": "SentimentStrategy",
      "enabled": false,
      "averageThreshold": 20,
      "targetPrice": 2,
      "orderQuantity": 7200,
      "sentiment": "put",
      "loopCount": 1
    },
    {
      "type": "BuySellStrategy",
      "enabled": false,
      "initialQuantity": 150,
      "incrementFactor": "single",
      "incrementQuantity": 150,
      "averageThreshold": 10,
      "targetPrice": 5,
      "stopEnabled": false,
      "activateIntermittentCount": 100,
      "maxIterationCount": 10,
      "logEnabled": false,
      "right": "none"
    },
    {
      "type": "ContinuousStrategy",
      "enabled": false,
      "initialQuantity": 65,
      "slDistance": 10,
      "minPremium": 100,
      "allottedCapital": 200000,
      "spawnQuantityMode": "same",
      "averageQuantityMode": "same",
      "right": "none",
      "cooldownSeconds": 60,
      "refillCancelDistance": 50,
      "logEnabled": true
    },
    {
      "type": "IntermittentStrategy",
      "enabled": false,
      "loopCount": 3,
      "targetPrice": 2,
      "quantity": 75,
      "threshold": 10,
      "logEnabled": false
    },
    {
      "type": "RateOfChangeStrategy",
      "enabled": false,
      "pointsThreshold": 30,
      "accelerationThreshold": 5,
      "numberOfDatapointsReceived": 50,
      "quantity": 65,
      "targetPrice": 2,
      "stopLossPrice": 11,
      "maxHoldTimeMinutes": 30,
      "logEnabled": true
    },
    {
      "type": "GapStrategy",
      "enabled": false,
      "pointsThreshold": 20,
      "numberOfDatapointsReceived": 50,
      "quantity": 65,
      "targetPrice": 10,
      "stopLossPrice": 5,
      "maxHoldTimeMinutes": 600,
      "gapReversalMode": false,
      "gapReversalThreshold": 100,
      "logEnabled": true
    },
    {
      "type": "RuleBasedStrategy",
      "enabled": false,
      "indicators": [
        "RSI_5_70_30"
      ],
      "quantity": 65,
      "target": 10,
      "stopLoss": 20,
      "maxHoldTimeMinutes": 30,
      "logEnabled": true
    },
    {
      "type": "GoodMorningStrategy",
      "enabled": false,
      "quantity": 65,
      "targetPoints": 10,
      "stopLossPoints": 10,
      "logEnabled": true,
      "snapshotTime": "10:00",
      "confirmTime": "10:30",
      "previousClose": 24219,
      "minMovementPoints": 10
    },
    {
      "type": "GoodMorningSensexStrategy",
      "enabled": false,
      "quantity": 200,
      "targetPoints": 30,
      "stopLossPoints": 30,
      "logEnabled": true,
      "snapshotTime": "09:40",
      "confirmTime": "09:45",
      "minMovementPoints": 30
    },
    {
      "type": "SupportResistanceStrategy",
      "enabled": false,
      "supportPrice": 0,
      "resistancePrice": 0,
      "quantity": 1755,
      "targetPoints": 10,
      "stopLossPoints": 15,
      "logEnabled": true
    },
    {
      "type": "TargetReachStrategy",
      "enabled": false,
      "symbol": "NIFTY",
      "strike": 0,
      "expiry": "2026-01-01",
      "optionType": "CE",
      "targetPrice": 0,
      "quantity": 1755,
      "targetPoints": 10,
      "stopLossPoints": 15,
      "logEnabled": true
    }
  ]
}
[20:48:41] [Config._processFile] Dir Name: /home/karthikeyan/work/icici/dist/prism
[20:48:41] [Config._processFile] File Name: /home/karthikeyan/work/icici/dist/prism/config.js
[20:48:41] [NorenRestApi.reloadToken] Restored Shoonya access token from userToken.txt
[20:48:41] [Mongo.init] Mongo is initialized
[20:48:41] [Config._processFile] lot count: 1
[20:48:41] [Config._processFile] Auto Trade: false
[20:48:41] [Mongo._init] Mongo is initialized
[20:48:41] [OrderBookkeeping.loadClosedTradesFromMongo] [order] Reloaded 6 closed trade(s) from Mongo for today
[20:48:41] [ANT.loadSession] ANT session loaded from file
[20:48:41] [Server.<anonymous>] [order] Listening on /tmp/icici-order.sock
[20:48:41] [AntOrderNotifyStream.getWsToken] [AntOrderNotify] createWsToken response: {"status":"Ok","message":"200","result":[{"orderToken":"a1dab534e3e11278f5844327e89f2816e139ef8b6d40ab90772172c1a5f7754d"}]}
[20:48:41] [ws.onopen] [AntOrderNotify] Connected, subscribing...
[20:48:42] [Socket.<anonymous>] [strategies] Connected to order process
[20:48:42] [Server.<anonymous>] [order] Client connected, total: 1
[20:48:42] [Socket.<anonymous>] [strategies] Connected to order process
[20:48:42] [Server.<anonymous>] [order] Client connected, total: 2
[orchestrator] [dev] Restarting strategies (data/order untouched)...
[orchestrator] [boot] Starting strategies...
[20:49:25] [Socket.<anonymous>] [order] Client disconnected, total: 1
[20:49:25] [Socket.<anonymous>] [frontend] Disconnected from strategies process, retrying in 2s...
[orchestrator] [strategies] exited (code=0 signal=null)
[orchestrator] [dev] Restarting order (data/strategies/frontend untouched)...
[20:49:25] [Socket.<anonymous>] [strategies] Disconnected from order process, retrying in 2s...
[orchestrator] [order] exited (code=0 signal=null)
[20:49:25] [ConfigService.loadConfig] Config Updated: {
  "srHypothesis": {
    "confirmWindowMin": 2,
    "maxJump": 15,
    "maxRangeWidth": 30,
    "buffer": 10,
    "target": 10,
    "stopLoss": 10,
    "breachBuffer": 0,
    "breachConfirmSec": 0,
    "heldMinSec": 407,
    "heldMaxSec": 651,
    "csvOutput": false
  },
  "rocHypothesis": {
    "target": 10,
    "stopLoss": 10,
    "cooldownSec": 60,
    "minWins": 2,
    "windowGridMin": [
      1,
      2,
      3,
      4,
      5,
      7,
      10,
      15
    ],
    "thresholdGrid": [
      5,
      10,
      15,
      20,
      25,
      30,
      40,
      50,
      60,
      75,
      100
    ],
    "csvOutput": false
  },
  "settings": {
    "minPrice": 20,
    "maxPrice": 30000,
    "targetPriceDiff": 2,
    "stopLossPriceDiff": 11,
    "trailingDistance": 4,
    "cooldownSeconds": 0,
    "logQuotes": false,
    "safetyBufferAmount": 5000,
    "consistencyLimitPercent": 40,
    "maxDailyDrawdownPercent": 25,
    "maxMonthlyDrawdownPercent": 50,
    "maxTradesPerDay": 10
  },
  "strategies": [
    {
      "type": "SentimentStrategy",
      "enabled": false,
      "averageThreshold": 20,
      "targetPrice": 2,
      "orderQuantity": 7200,
      "sentiment": "put",
      "loopCount": 1
    },
    {
      "type": "BuySellStrategy",
      "enabled": false,
      "initialQuantity": 150,
      "incrementFactor": "single",
      "incrementQuantity": 150,
      "averageThreshold": 10,
      "targetPrice": 5,
      "stopEnabled": false,
      "activateIntermittentCount": 100,
      "maxIterationCount": 10,
      "logEnabled": false,
      "right": "none"
    },
    {
      "type": "ContinuousStrategy",
      "enabled": false,
      "initialQuantity": 65,
      "slDistance": 10,
      "minPremium": 100,
      "allottedCapital": 200000,
      "spawnQuantityMode": "same",
      "averageQuantityMode": "same",
      "right": "none",
      "cooldownSeconds": 60,
      "refillCancelDistance": 50,
      "logEnabled": true
    },
    {
      "type": "IntermittentStrategy",
      "enabled": false,
      "loopCount": 3,
      "targetPrice": 2,
      "quantity": 75,
      "threshold": 10,
      "logEnabled": false
    },
    {
      "type": "RateOfChangeStrategy",
      "enabled": false,
      "pointsThreshold": 30,
      "accelerationThreshold": 5,
      "numberOfDatapointsReceived": 50,
      "quantity": 65,
      "targetPrice": 2,
      "stopLossPrice": 11,
      "maxHoldTimeMinutes": 30,
      "logEnabled": true
    },
    {
      "type": "GapStrategy",
      "enabled": false,
      "pointsThreshold": 20,
      "numberOfDatapointsReceived": 50,
      "quantity": 65,
      "targetPrice": 10,
      "stopLossPrice": 5,
      "maxHoldTimeMinutes": 600,
      "gapReversalMode": false,
      "gapReversalThreshold": 100,
      "logEnabled": true
    },
    {
      "type": "RuleBasedStrategy",
      "enabled": false,
      "indicators": [
        "RSI_5_70_30"
      ],
      "quantity": 65,
      "target": 10,
      "stopLoss": 20,
      "maxHoldTimeMinutes": 30,
      "logEnabled": true
    },
    {
      "type": "GoodMorningStrategy",
      "enabled": false,
      "quantity": 65,
      "targetPoints": 10,
      "stopLossPoints": 10,
      "logEnabled": true,
      "snapshotTime": "10:00",
      "confirmTime": "10:30",
      "previousClose": 24219,
      "minMovementPoints": 10
    },
    {
      "type": "GoodMorningSensexStrategy",
      "enabled": false,
      "quantity": 200,
      "targetPoints": 30,
      "stopLossPoints": 30,
      "logEnabled": true,
      "snapshotTime": "09:40",
      "confirmTime": "09:45",
      "minMovementPoints": 30
    },
    {
      "type": "SupportResistanceStrategy",
      "enabled": false,
      "supportPrice": 0,
      "resistancePrice": 0,
      "quantity": 1755,
      "targetPoints": 10,
      "stopLossPoints": 15,
      "logEnabled": true
    },
    {
      "type": "TargetReachStrategy",
      "enabled": false,
      "symbol": "NIFTY",
      "strike": 0,
      "expiry": "2026-01-01",
      "optionType": "CE",
      "targetPrice": 0,
      "quantity": 1755,
      "targetPoints": 10,
      "stopLossPoints": 15,
      "logEnabled": true
    }
  ]
}
[20:49:26] [Config._processFile] Dir Name: /home/karthikeyan/work/icici/dist/prism
[20:49:26] [Config._processFile] File Name: /home/karthikeyan/work/icici/dist/prism/config.js
[20:49:26] [NorenRestApi.reloadToken] Restored Shoonya access token from userToken.txt
[orchestrator] [dev] Restarting frontend (data/order/strategies untouched)...
[orchestrator] [frontend] exited (code=0 signal=null)
[20:49:26] [ConfigService.loadConfig] Config Updated: {
  "srHypothesis": {
    "confirmWindowMin": 2,
    "maxJump": 15,
    "maxRangeWidth": 30,
    "buffer": 10,
    "target": 10,
    "stopLoss": 10,
    "breachBuffer": 0,
    "breachConfirmSec": 0,
    "heldMinSec": 407,
    "heldMaxSec": 651,
    "csvOutput": false
  },
  "rocHypothesis": {
    "target": 10,
    "stopLoss": 10,
    "cooldownSec": 60,
    "minWins": 2,
    "windowGridMin": [
      1,
      2,
      3,
      4,
      5,
      7,
      10,
      15
    ],
    "thresholdGrid": [
      5,
      10,
      15,
      20,
      25,
      30,
      40,
      50,
      60,
      75,
      100
    ],
    "csvOutput": false
  },
  "settings": {
    "minPrice": 20,
    "maxPrice": 30000,
    "targetPriceDiff": 2,
    "stopLossPriceDiff": 11,
    "trailingDistance": 4,
    "cooldownSeconds": 0,
    "logQuotes": false,
    "safetyBufferAmount": 5000,
    "consistencyLimitPercent": 40,
    "maxDailyDrawdownPercent": 25,
    "maxMonthlyDrawdownPercent": 50,
    "maxTradesPerDay": 10
  },
  "strategies": [
    {
      "type": "SentimentStrategy",
      "enabled": false,
      "averageThreshold": 20,
      "targetPrice": 2,
      "orderQuantity": 7200,
      "sentiment": "put",
      "loopCount": 1
    },
    {
      "type": "BuySellStrategy",
      "enabled": false,
      "initialQuantity": 150,
      "incrementFactor": "single",
      "incrementQuantity": 150,
      "averageThreshold": 10,
      "targetPrice": 5,
      "stopEnabled": false,
      "activateIntermittentCount": 100,
      "maxIterationCount": 10,
      "logEnabled": false,
      "right": "none"
    },
    {
      "type": "ContinuousStrategy",
      "enabled": false,
      "initialQuantity": 65,
      "slDistance": 10,
      "minPremium": 100,
      "allottedCapital": 200000,
      "spawnQuantityMode": "same",
      "averageQuantityMode": "same",
      "right": "none",
      "cooldownSeconds": 60,
      "refillCancelDistance": 50,
      "logEnabled": true
    },
    {
      "type": "IntermittentStrategy",
      "enabled": false,
      "loopCount": 3,
      "targetPrice": 2,
      "quantity": 75,
      "threshold": 10,
      "logEnabled": false
    },
    {
      "type": "RateOfChangeStrategy",
      "enabled": false,
      "pointsThreshold": 30,
      "accelerationThreshold": 5,
      "numberOfDatapointsReceived": 50,
      "quantity": 65,
      "targetPrice": 2,
      "stopLossPrice": 11,
      "maxHoldTimeMinutes": 30,
      "logEnabled": true
    },
    {
      "type": "GapStrategy",
      "enabled": false,
      "pointsThreshold": 20,
      "numberOfDatapointsReceived": 50,
      "quantity": 65,
      "targetPrice": 10,
      "stopLossPrice": 5,
      "maxHoldTimeMinutes": 600,
      "gapReversalMode": false,
      "gapReversalThreshold": 100,
      "logEnabled": true
    },
    {
      "type": "RuleBasedStrategy",
      "enabled": false,
      "indicators": [
        "RSI_5_70_30"
      ],
      "quantity": 65,
      "target": 10,
      "stopLoss": 20,
      "maxHoldTimeMinutes": 30,
      "logEnabled": true
    },
    {
      "type": "GoodMorningStrategy",
      "enabled": false,
      "quantity": 65,
      "targetPoints": 10,
      "stopLossPoints": 10,
      "logEnabled": true,
      "snapshotTime": "10:00",
      "confirmTime": "10:30",
      "previousClose": 24219,
      "minMovementPoints": 10
    },
    {
      "type": "GoodMorningSensexStrategy",
      "enabled": false,
      "quantity": 200,
      "targetPoints": 30,
      "stopLossPoints": 30,
      "logEnabled": true,
      "snapshotTime": "09:40",
      "confirmTime": "09:45",
      "minMovementPoints": 30
    },
    {
      "type": "SupportResistanceStrategy",
      "enabled": false,
      "supportPrice": 0,
      "resistancePrice": 0,
      "quantity": 1755,
      "targetPoints": 10,
      "stopLossPoints": 15,
      "logEnabled": true
    },
    {
      "type": "TargetReachStrategy",
      "enabled": false,
      "symbol": "NIFTY",
      "strike": 0,
      "expiry": "2026-01-01",
      "optionType": "CE",
      "targetPrice": 0,
      "quantity": 1755,
      "targetPoints": 10,
      "stopLossPoints": 15,
      "logEnabled": true
    }
  ]
}
[orchestrator] [dev] Restarting data (order/strategies/frontend untouched)...
[orchestrator] [data] exited (code=0 signal=null)
[orchestrator] [dev] Restarting order (data/strategies/frontend untouched)...
[orchestrator] [dev] Restarting strategies (data/order untouched)...
[orchestrator] [boot] Starting strategies...
[orchestrator] [order] exited (code=null signal=SIGTERM)
[orchestrator] [strategies] exited (code=null signal=SIGTERM)
[20:49:27] [ConfigService.loadConfig] Config Updated: {
  "srHypothesis": {
    "confirmWindowMin": 2,
    "maxJump": 15,
    "maxRangeWidth": 30,
    "buffer": 10,
    "target": 10,
    "stopLoss": 10,
    "breachBuffer": 0,
    "breachConfirmSec": 0,
    "heldMinSec": 407,
    "heldMaxSec": 651,
    "csvOutput": false
  },
  "rocHypothesis": {
    "target": 10,
    "stopLoss": 10,
    "cooldownSec": 60,
    "minWins": 2,
    "windowGridMin": [
      1,
      2,
      3,
      4,
      5,
      7,
      10,
      15
    ],
    "thresholdGrid": [
      5,
      10,
      15,
      20,
      25,
      30,
      40,
      50,
      60,
      75,
      100
    ],
    "csvOutput": false
  },
  "settings": {
    "minPrice": 20,
    "maxPrice": 30000,
    "targetPriceDiff": 2,
    "stopLossPriceDiff": 11,
    "trailingDistance": 4,
    "cooldownSeconds": 0,
    "logQuotes": false,
    "safetyBufferAmount": 5000,
    "consistencyLimitPercent": 40,
    "maxDailyDrawdownPercent": 25,
    "maxMonthlyDrawdownPercent": 50,
    "maxTradesPerDay": 10
  },
  "strategies": [
    {
      "type": "SentimentStrategy",
      "enabled": false,
      "averageThreshold": 20,
      "targetPrice": 2,
      "orderQuantity": 7200,
      "sentiment": "put",
      "loopCount": 1
    },
    {
      "type": "BuySellStrategy",
      "enabled": false,
      "initialQuantity": 150,
      "incrementFactor": "single",
      "incrementQuantity": 150,
      "averageThreshold": 10,
      "targetPrice": 5,
      "stopEnabled": false,
      "activateIntermittentCount": 100,
      "maxIterationCount": 10,
      "logEnabled": false,
      "right": "none"
    },
    {
      "type": "ContinuousStrategy",
      "enabled": false,
      "initialQuantity": 65,
      "slDistance": 10,
      "minPremium": 100,
      "allottedCapital": 200000,
      "spawnQuantityMode": "same",
      "averageQuantityMode": "same",
      "right": "none",
      "cooldownSeconds": 60,
      "refillCancelDistance": 50,
      "logEnabled": true
    },
    {
      "type": "IntermittentStrategy",
      "enabled": false,
      "loopCount": 3,
      "targetPrice": 2,
      "quantity": 75,
      "threshold": 10,
      "logEnabled": false
    },
    {
      "type": "RateOfChangeStrategy",
      "enabled": false,
      "pointsThreshold": 30,
      "accelerationThreshold": 5,
      "numberOfDatapointsReceived": 50,
      "quantity": 65,
      "targetPrice": 2,
      "stopLossPrice": 11,
      "maxHoldTimeMinutes": 30,
      "logEnabled": true
    },
    {
      "type": "GapStrategy",
      "enabled": false,
      "pointsThreshold": 20,
      "numberOfDatapointsReceived": 50,
      "quantity": 65,
      "targetPrice": 10,
      "stopLossPrice": 5,
      "maxHoldTimeMinutes": 600,
      "gapReversalMode": false,
      "gapReversalThreshold": 100,
      "logEnabled": true
    },
    {
      "type": "RuleBasedStrategy",
      "enabled": false,
      "indicators": [
        "RSI_5_70_30"
      ],
      "quantity": 65,
      "target": 10,
      "stopLoss": 20,
      "maxHoldTimeMinutes": 30,
      "logEnabled": true
    },
    {
      "type": "GoodMorningStrategy",
      "enabled": false,
      "quantity": 65,
      "targetPoints": 10,
      "stopLossPoints": 10,
      "logEnabled": true,
      "snapshotTime": "10:00",
      "confirmTime": "10:30",
      "previousClose": 24219,
      "minMovementPoints": 10
    },
    {
      "type": "GoodMorningSensexStrategy",
      "enabled": false,
      "quantity": 200,
      "targetPoints": 30,
      "stopLossPoints": 30,
      "logEnabled": true,
      "snapshotTime": "09:40",
      "confirmTime": "09:45",
      "minMovementPoints": 30
    },
    {
      "type": "SupportResistanceStrategy",
      "enabled": false,
      "supportPrice": 0,
      "resistancePrice": 0,
      "quantity": 1755,
      "targetPoints": 10,
      "stopLossPoints": 15,
      "logEnabled": true
    },
    {
      "type": "TargetReachStrategy",
      "enabled": false,
      "symbol": "NIFTY",
      "strike": 0,
      "expiry": "2026-01-01",
      "optionType": "CE",
      "targetPrice": 0,
      "quantity": 1755,
      "targetPoints": 10,
      "stopLossPoints": 15,
      "logEnabled": true
    }
  ]
}
[20:49:27] [ConfigService.loadConfig] Config Updated: {
  "srHypothesis": {
    "confirmWindowMin": 2,
    "maxJump": 15,
    "maxRangeWidth": 30,
    "buffer": 10,
    "target": 10,
    "stopLoss": 10,
    "breachBuffer": 0,
    "breachConfirmSec": 0,
    "heldMinSec": 407,
    "heldMaxSec": 651,
    "csvOutput": false
  },
  "rocHypothesis": {
    "target": 10,
    "stopLoss": 10,
    "cooldownSec": 60,
    "minWins": 2,
    "windowGridMin": [
      1,
      2,
      3,
      4,
      5,
      7,
      10,
      15
    ],
    "thresholdGrid": [
      5,
      10,
      15,
      20,
      25,
      30,
      40,
      50,
      60,
      75,
      100
    ],
    "csvOutput": false
  },
  "settings": {
    "minPrice": 20,
    "maxPrice": 30000,
    "targetPriceDiff": 2,
    "stopLossPriceDiff": 11,
    "trailingDistance": 4,
    "cooldownSeconds": 0,
    "logQuotes": false,
    "safetyBufferAmount": 5000,
    "consistencyLimitPercent": 40,
    "maxDailyDrawdownPercent": 25,
    "maxMonthlyDrawdownPercent": 50,
    "maxTradesPerDay": 10
  },
  "strategies": [
    {
      "type": "SentimentStrategy",
      "enabled": false,
      "averageThreshold": 20,
      "targetPrice": 2,
      "orderQuantity": 7200,
      "sentiment": "put",
      "loopCount": 1
    },
    {
      "type": "BuySellStrategy",
      "enabled": false,
      "initialQuantity": 150,
      "incrementFactor": "single",
      "incrementQuantity": 150,
      "averageThreshold": 10,
      "targetPrice": 5,
      "stopEnabled": false,
      "activateIntermittentCount": 100,
      "maxIterationCount": 10,
      "logEnabled": false,
      "right": "none"
    },
    {
      "type": "ContinuousStrategy",
      "enabled": false,
      "initialQuantity": 65,
      "slDistance": 10,
      "minPremium": 100,
      "allottedCapital": 200000,
      "spawnQuantityMode": "same",
      "averageQuantityMode": "same",
      "right": "none",
      "cooldownSeconds": 60,
      "refillCancelDistance": 50,
      "logEnabled": true
    },
    {
      "type": "IntermittentStrategy",
      "enabled": false,
      "loopCount": 3,
      "targetPrice": 2,
      "quantity": 75,
      "threshold": 10,
      "logEnabled": false
    },
    {
      "type": "RateOfChangeStrategy",
      "enabled": false,
      "pointsThreshold": 30,
      "accelerationThreshold": 5,
      "numberOfDatapointsReceived": 50,
      "quantity": 65,
      "targetPrice": 2,
      "stopLossPrice": 11,
      "maxHoldTimeMinutes": 30,
      "logEnabled": true
    },
    {
      "type": "GapStrategy",
      "enabled": false,
      "pointsThreshold": 20,
      "numberOfDatapointsReceived": 50,
      "quantity": 65,
      "targetPrice": 10,
      "stopLossPrice": 5,
      "maxHoldTimeMinutes": 600,
      "gapReversalMode": false,
      "gapReversalThreshold": 100,
      "logEnabled": true
    },
    {
      "type": "RuleBasedStrategy",
      "enabled": false,
      "indicators": [
        "RSI_5_70_30"
      ],
      "quantity": 65,
      "target": 10,
      "stopLoss": 20,
      "maxHoldTimeMinutes": 30,
      "logEnabled": true
    },
    {
      "type": "GoodMorningStrategy",
      "enabled": false,
      "quantity": 65,
      "targetPoints": 10,
      "stopLossPoints": 10,
      "logEnabled": true,
      "snapshotTime": "10:00",
      "confirmTime": "10:30",
      "previousClose": 24219,
      "minMovementPoints": 10
    },
    {
      "type": "GoodMorningSensexStrategy",
      "enabled": false,
      "quantity": 200,
      "targetPoints": 30,
      "stopLossPoints": 30,
      "logEnabled": true,
      "snapshotTime": "09:40",
      "confirmTime": "09:45",
      "minMovementPoints": 30
    },
    {
      "type": "SupportResistanceStrategy",
      "enabled": false,
      "supportPrice": 0,
      "resistancePrice": 0,
      "quantity": 1755,
      "targetPoints": 10,
      "stopLossPoints": 15,
      "logEnabled": true
    },
    {
      "type": "TargetReachStrategy",
      "enabled": false,
      "symbol": "NIFTY",
      "strike": 0,
      "expiry": "2026-01-01",
      "optionType": "CE",
      "targetPrice": 0,
      "quantity": 1755,
      "targetPoints": 10,
      "stopLossPoints": 15,
      "logEnabled": true
    }
  ]
}
[20:49:27] [ConfigService.loadConfig] Config Updated: {
  "srHypothesis": {
    "confirmWindowMin": 2,
    "maxJump": 15,
    "maxRangeWidth": 30,
    "buffer": 10,
    "target": 10,
    "stopLoss": 10,
    "breachBuffer": 0,
    "breachConfirmSec": 0,
    "heldMinSec": 407,
    "heldMaxSec": 651,
    "csvOutput": false
  },
  "rocHypothesis": {
    "target": 10,
    "stopLoss": 10,
    "cooldownSec": 60,
    "minWins": 2,
    "windowGridMin": [
      1,
      2,
      3,
      4,
      5,
      7,
      10,
      15
    ],
    "thresholdGrid": [
      5,
      10,
      15,
      20,
      25,
      30,
      40,
      50,
      60,
      75,
      100
    ],
    "csvOutput": false
  },
  "settings": {
    "minPrice": 20,
    "maxPrice": 30000,
    "targetPriceDiff": 2,
    "stopLossPriceDiff": 11,
    "trailingDistance": 4,
    "cooldownSeconds": 0,
    "logQuotes": false,
    "safetyBufferAmount": 5000,
    "consistencyLimitPercent": 40,
    "maxDailyDrawdownPercent": 25,
    "maxMonthlyDrawdownPercent": 50,
    "maxTradesPerDay": 10
  },
  "strategies": [
    {
      "type": "SentimentStrategy",
      "enabled": false,
      "averageThreshold": 20,
      "targetPrice": 2,
      "orderQuantity": 7200,
      "sentiment": "put",
      "loopCount": 1
    },
    {
      "type": "BuySellStrategy",
      "enabled": false,
      "initialQuantity": 150,
      "incrementFactor": "single",
      "incrementQuantity": 150,
      "averageThreshold": 10,
      "targetPrice": 5,
      "stopEnabled": false,
      "activateIntermittentCount": 100,
      "maxIterationCount": 10,
      "logEnabled": false,
      "right": "none"
    },
    {
      "type": "ContinuousStrategy",
      "enabled": false,
      "initialQuantity": 65,
      "slDistance": 10,
      "minPremium": 100,
      "allottedCapital": 200000,
      "spawnQuantityMode": "same",
      "averageQuantityMode": "same",
      "right": "none",
      "cooldownSeconds": 60,
      "refillCancelDistance": 50,
      "logEnabled": true
    },
    {
      "type": "IntermittentStrategy",
      "enabled": false,
      "loopCount": 3,
      "targetPrice": 2,
      "quantity": 75,
      "threshold": 10,
      "logEnabled": false
    },
    {
      "type": "RateOfChangeStrategy",
      "enabled": false,
      "pointsThreshold": 30,
      "accelerationThreshold": 5,
      "numberOfDatapointsReceived": 50,
      "quantity": 65,
      "targetPrice": 2,
      "stopLossPrice": 11,
      "maxHoldTimeMinutes": 30,
      "logEnabled": true
    },
    {
      "type": "GapStrategy",
      "enabled": false,
      "pointsThreshold": 20,
      "numberOfDatapointsReceived": 50,
      "quantity": 65,
      "targetPrice": 10,
      "stopLossPrice": 5,
      "maxHoldTimeMinutes": 600,
      "gapReversalMode": false,
      "gapReversalThreshold": 100,
      "logEnabled": true
    },
    {
      "type": "RuleBasedStrategy",
      "enabled": false,
      "indicators": [
        "RSI_5_70_30"
      ],
      "quantity": 65,
      "target": 10,
      "stopLoss": 20,
      "maxHoldTimeMinutes": 30,
      "logEnabled": true
    },
    {
      "type": "GoodMorningStrategy",
      "enabled": false,
      "quantity": 65,
      "targetPoints": 10,
      "stopLossPoints": 10,
      "logEnabled": true,
      "snapshotTime": "10:00",
      "confirmTime": "10:30",
      "previousClose": 24219,
      "minMovementPoints": 10
    },
    {
      "type": "GoodMorningSensexStrategy",
      "enabled": false,
      "quantity": 200,
      "targetPoints": 30,
      "stopLossPoints": 30,
      "logEnabled": true,
      "snapshotTime": "09:40",
      "confirmTime": "09:45",
      "minMovementPoints": 30
    },
    {
      "type": "SupportResistanceStrategy",
      "enabled": false,
      "supportPrice": 0,
      "resistancePrice": 0,
      "quantity": 1755,
      "targetPoints": 10,
      "stopLossPoints": 15,
      "logEnabled": true
    },
    {
      "type": "TargetReachStrategy",
      "enabled": false,
      "symbol": "NIFTY",
      "strike": 0,
      "expiry": "2026-01-01",
      "optionType": "CE",
      "targetPrice": 0,
      "quantity": 1755,
      "targetPoints": 10,
      "stopLossPoints": 15,
      "logEnabled": true
    }
  ]
}
[20:49:27] [Mongo.init] Mongo is initialized
[20:49:27] [ConfigService.loadConfig] Config Updated: {
  "srHypothesis": {
    "confirmWindowMin": 2,
    "maxJump": 15,
    "maxRangeWidth": 30,
    "buffer": 10,
    "target": 10,
    "stopLoss": 10,
    "breachBuffer": 0,
    "breachConfirmSec": 0,
    "heldMinSec": 407,
    "heldMaxSec": 651,
    "csvOutput": false
  },
  "rocHypothesis": {
    "target": 10,
    "stopLoss": 10,
    "cooldownSec": 60,
    "minWins": 2,
    "windowGridMin": [
      1,
      2,
      3,
      4,
      5,
      7,
      10,
      15
    ],
    "thresholdGrid": [
      5,
      10,
      15,
      20,
      25,
      30,
      40,
      50,
      60,
      75,
      100
    ],
    "csvOutput": false
  },
  "settings": {
    "minPrice": 20,
    "maxPrice": 30000,
    "targetPriceDiff": 2,
    "stopLossPriceDiff": 11,
    "trailingDistance": 4,
    "cooldownSeconds": 0,
    "logQuotes": false,
    "safetyBufferAmount": 5000,
    "consistencyLimitPercent": 40,
    "maxDailyDrawdownPercent": 25,
    "maxMonthlyDrawdownPercent": 50,
    "maxTradesPerDay": 10
  },
  "strategies": [
    {
      "type": "SentimentStrategy",
      "enabled": false,
      "averageThreshold": 20,
      "targetPrice": 2,
      "orderQuantity": 7200,
      "sentiment": "put",
      "loopCount": 1
    },
    {
      "type": "BuySellStrategy",
      "enabled": false,
      "initialQuantity": 150,
      "incrementFactor": "single",
      "incrementQuantity": 150,
      "averageThreshold": 10,
      "targetPrice": 5,
      "stopEnabled": false,
      "activateIntermittentCount": 100,
      "maxIterationCount": 10,
      "logEnabled": false,
      "right": "none"
    },
    {
      "type": "ContinuousStrategy",
      "enabled": false,
      "initialQuantity": 65,
      "slDistance": 10,
      "minPremium": 100,
      "allottedCapital": 200000,
      "spawnQuantityMode": "same",
      "averageQuantityMode": "same",
      "right": "none",
      "cooldownSeconds": 60,
      "refillCancelDistance": 50,
      "logEnabled": true
    },
    {
      "type": "IntermittentStrategy",
      "enabled": false,
      "loopCount": 3,
      "targetPrice": 2,
      "quantity": 75,
      "threshold": 10,
      "logEnabled": false
    },
    {
      "type": "RateOfChangeStrategy",
      "enabled": false,
      "pointsThreshold": 30,
      "accelerationThreshold": 5,
      "numberOfDatapointsReceived": 50,
      "quantity": 65,
      "targetPrice": 2,
      "stopLossPrice": 11,
      "maxHoldTimeMinutes": 30,
      "logEnabled": true
    },
    {
      "type": "GapStrategy",
      "enabled": false,
      "pointsThreshold": 20,
      "numberOfDatapointsReceived": 50,
      "quantity": 65,
      "targetPrice": 10,
      "stopLossPrice": 5,
      "maxHoldTimeMinutes": 600,
      "gapReversalMode": false,
      "gapReversalThreshold": 100,
      "logEnabled": true
    },
    {
      "type": "RuleBasedStrategy",
      "enabled": false,
      "indicators": [
        "RSI_5_70_30"
      ],
      "quantity": 65,
      "target": 10,
      "stopLoss": 20,
      "maxHoldTimeMinutes": 30,
      "logEnabled": true
    },
    {
      "type": "GoodMorningStrategy",
      "enabled": false,
      "quantity": 65,
      "targetPoints": 10,
      "stopLossPoints": 10,
      "logEnabled": true,
      "snapshotTime": "10:00",
      "confirmTime": "10:30",
      "previousClose": 24219,
      "minMovementPoints": 10
    },
    {
      "type": "GoodMorningSensexStrategy",
      "enabled": false,
      "quantity": 200,
      "targetPoints": 30,
      "stopLossPoints": 30,
      "logEnabled": true,
      "snapshotTime": "09:40",
      "confirmTime": "09:45",
      "minMovementPoints": 30
    },
    {
      "type": "SupportResistanceStrategy",
      "enabled": false,
      "supportPrice": 0,
      "resistancePrice": 0,
      "quantity": 1755,
      "targetPoints": 10,
      "stopLossPoints": 15,
      "logEnabled": true
    },
    {
      "type": "TargetReachStrategy",
      "enabled": false,
      "symbol": "NIFTY",
      "strike": 0,
      "expiry": "2026-01-01",
      "optionType": "CE",
      "targetPrice": 0,
      "quantity": 1755,
      "targetPoints": 10,
      "stopLossPoints": 15,
      "logEnabled": true
    }
  ]
}
[20:49:27] [Mongo._init] Mongo is initialized
[20:49:27] [AntDataStream.connect] [AntDataStream] Connecting to ANT streaming...
[20:49:27] [ANT.loadSession] ANT session loaded from file
[20:49:27] [AntSession.prepareWsSession] [AntSession] Creating WS session (createWsSess)...
[20:49:27] [Config._processFile] Dir Name: /home/karthikeyan/work/icici/dist/prism
[20:49:27] [Config._processFile] File Name: /home/karthikeyan/work/icici/dist/prism/config.js
[20:49:27] [NorenRestApi.reloadToken] Restored Shoonya access token from userToken.txt
[20:49:27] [Config._processFile] Dir Name: /home/karthikeyan/work/icici/dist/prism
[20:49:27] [Config._processFile] File Name: /home/karthikeyan/work/icici/dist/prism/config.js
[20:49:27] [NorenRestApi.reloadToken] Restored Shoonya access token from userToken.txt
[20:49:28] [Mongo.init] Mongo is initialized
[20:49:28] [Config._processFile] Dir Name: /home/karthikeyan/work/icici/dist/prism
[20:49:28] [Config._processFile] File Name: /home/karthikeyan/work/icici/dist/prism/config.js
[20:49:28] [Mongo._init] Mongo is initialized
[20:49:28] [expandRuleBasedConfig] [StrategyFactory] Expanded RuleBasedStrategy into 1 instances
[20:49:28] [NorenRestApi.reloadToken] Restored Shoonya access token from userToken.txt
[20:49:28] [Strategies.initialize] [] expandedConfigArray:  [
  {
    "type": "SentimentStrategy",
    "enabled": false,
    "averageThreshold": 20,
    "targetPrice": 2,
    "orderQuantity": 7200,
    "sentiment": "put",
    "loopCount": 1
  },
  {
    "type": "BuySellStrategy",
    "enabled": false,
    "initialQuantity": 150,
    "incrementFactor": "single",
    "incrementQuantity": 150,
    "averageThreshold": 10,
    "targetPrice": 5,
    "stopEnabled": false,
    "activateIntermittentCount": 100,
    "maxIterationCount": 10,
    "logEnabled": false,
    "right": "none"
  },
  {
    "type": "ContinuousStrategy",
    "enabled": false,
    "initialQuantity": 65,
    "slDistance": 10,
    "minPremium": 100,
    "allottedCapital": 200000,
    "spawnQuantityMode": "same",
    "averageQuantityMode": "same",
    "right": "none",
    "cooldownSeconds": 60,
    "refillCancelDistance": 50,
    "logEnabled": true
  },
  {
    "type": "IntermittentStrategy",
    "enabled": false,
    "loopCount": 3,
    "targetPrice": 2,
    "quantity": 75,
    "threshold": 10,
    "logEnabled": false
  },
  {
    "type": "RateOfChangeStrategy",
    "enabled": false,
    "pointsThreshold": 30,
    "accelerationThreshold": 5,
    "numberOfDatapointsReceived": 50,
    "quantity": 65,
    "targetPrice": 2,
    "stopLossPrice": 11,
    "maxHoldTimeMinutes": 30,
    "logEnabled": true
  },
  {
    "type": "GapStrategy",
    "enabled": false,
    "pointsThreshold": 20,
    "numberOfDatapointsReceived": 50,
    "quantity": 65,
    "targetPrice": 10,
    "stopLossPrice": 5,
    "maxHoldTimeMinutes": 600,
    "gapReversalMode": false,
    "gapReversalThreshold": 100,
    "logEnabled": true
  },
  {
    "type": "RuleBasedStrategy",
    "enabled": false,
    "indicators": [
      "RSI_5_70_30"
    ],
    "quantity": 65,
    "target": 10,
    "stopLoss": 20,
    "maxHoldTimeMinutes": 30,
    "logEnabled": true,
    "userId": "Rule-RSI_5_70_30"
  },
  {
    "type": "GoodMorningStrategy",
    "enabled": false,
    "quantity": 65,
    "targetPoints": 10,
    "stopLossPoints": 10,
    "logEnabled": true,
    "snapshotTime": "10:00",
    "confirmTime": "10:30",
    "previousClose": 24219,
    "minMovementPoints": 10
  },
  {
    "type": "GoodMorningSensexStrategy",
    "enabled": false,
    "quantity": 200,
    "targetPoints": 30,
    "stopLossPoints": 30,
    "logEnabled": true,
    "snapshotTime": "09:40",
    "confirmTime": "09:45",
    "minMovementPoints": 30
  },
  {
    "type": "SupportResistanceStrategy",
    "enabled": false,
    "supportPrice": 0,
    "resistancePrice": 0,
    "quantity": 1755,
    "targetPoints": 10,
    "stopLossPoints": 15,
    "logEnabled": true
  },
  {
    "type": "TargetReachStrategy",
    "enabled": false,
    "symbol": "NIFTY",
    "strike": 0,
    "expiry": "2026-01-01",
    "optionType": "CE",
    "targetPrice": 0,
    "quantity": 1755,
    "targetPoints": 10,
    "stopLossPoints": 15,
    "logEnabled": true
  }
]
[20:49:28] [expandRuleBasedConfig] [StrategyFactory] Expanded RuleBasedStrategy into 1 instances
[20:49:28] [new RuleBasedStrategy] [RuleBased:Rule-RSI_5_70_30] Initialized with indicators: RSI_5_70_30
[20:49:28] [Strategies.initialize] [Strategies] Initialized 11 strategies: [
  "SentimentStrategy(SentimentStrategy, enabled=false)",
  "BuySellStrategy(BuySellStrategy, enabled=false)",
  "ContinuousStrategy(ContinuousStrategy, enabled=false)",
  "IntermittentStrategy(IntermittentStrategy, enabled=false)",
  "RateOfChangeStrategy(RateOfChangeStrategy, enabled=false)",
  "GapStrategy(GapStrategy, enabled=false)",
  "RuleBasedStrategy(Rule-RSI_5_70_30, enabled=false)",
  "GoodMorningStrategy(GoodMorningStrategy, enabled=false)",
  "GoodMorningSensexStrategy(GoodMorningSensexStrategy, enabled=false)",
  "SupportResistanceStrategy(SupportResistanceStrategy, enabled=false)",
  "TargetReachStrategy(TargetReachStrategy, enabled=false)"
]
[20:49:28] [main] [strategies] Ready - 11 strategies loaded.
[20:49:28] [Server.<anonymous>] [strategies] Listening on /tmp/icici-strategies.sock
[20:49:28] [/home/karthikeyan/work/icici/dist/processes/strategies/OrderClient.js:53:41] [strategies] Failed to parse order-process message:  Error: connect ENOENT /tmp/icici-order.sock
    at PipeConnectWrap.afterConnect [as oncomplete] (node:net:1615:16)
[20:49:28] [Socket.<anonymous>] [strategies] Order socket error: Error: connect ENOENT /tmp/icici-order.sock
    at PipeConnectWrap.afterConnect [as oncomplete] (node:net:1615:16)
[20:49:28] [Socket.<anonymous>] [strategies] Disconnected from order process, retrying in 2s...
[20:49:28] [Config._processFile] lot count: 1
[20:49:28] [Config._processFile] Auto Trade: false
[20:49:28] [AntSession.prepareWsSession] [AntSession] createWsSess response: {
  "status": "Ok",
  "message": "Success",
  "result": [
    {
      "Status": "OK"
    }
  ]
}
[20:49:28] [AntSession.prepareWsSession] [AntSession] WS session prepared successfully
[20:49:28] [Mongo.init] Mongo is initialized
[20:49:28] [Mongo._init] Mongo is initialized
[20:49:28] [Config._processFile] lot count: 1
[20:49:28] [Config._processFile] Auto Trade: false
[20:49:28] [OrderBookkeeping.loadClosedTradesFromMongo] [order] Reloaded 6 closed trade(s) from Mongo for today
[20:49:28] [ANT.loadSession] ANT session loaded from file
Fri, 28 Aug 2026 15:19:28 GMT body-parser deprecated bodyParser: use individual json/urlencoded middlewares at dist/server.js:91:35
Fri, 28 Aug 2026 15:19:28 GMT body-parser deprecated undefined extended: provide extended option at node_modules/body-parser/index.js:104:29
[20:49:28] [Mongo.init] Mongo is initialized
[20:49:28] [ws.onopen] [AntWS] Connected, sending auth payload...
[20:49:28] [AntDataStream.connect] [AntDataStream] Connected and streaming
[20:49:28] [main] [data] Ready - NIFTY/SENSEX always subscribed, streaming to stdout.
[20:49:28] [ws.onmessage] [AntWS] Connect ack: {
  "t": "ck",
  "s": "OK",
  "uid": "924118_API"
}
[20:49:28] [/home/karthikeyan/work/icici/dist/processes/data/AntDataStream.js:57:27] [AntDataStream] WebSocket open, subscribing to always-on instruments...
[20:49:28] [AntWebSocket.subscribe] [AntWS] Subscribing: NSE|26000#BSE|1
[20:49:28] [Mongo._init] Mongo is initialized
[20:49:28] [Server.<anonymous>] [strategies] Frontend client connected
[20:49:28] [Server.<anonymous>] [frontend] Listening on 3000
[20:49:28] [Config._processFile] lot count: 1
[20:49:28] [Config._processFile] Auto Trade: false
[20:49:28] [Server.<anonymous>] [order] Listening on /tmp/icici-order.sock
[20:49:28] [/home/karthikeyan/work/icici/dist/processes/strategies/OrderClient.js:53:41] [strategies] Failed to parse order-process message:  Error: connect ENOENT /tmp/icici-order.sock
    at PipeConnectWrap.afterConnect [as oncomplete] (node:net:1615:16)
[20:49:28] [Socket.<anonymous>] [strategies] Order socket error: Error: connect ENOENT /tmp/icici-order.sock
    at PipeConnectWrap.afterConnect [as oncomplete] (node:net:1615:16)
[20:49:28] [Socket.<anonymous>] [strategies] Disconnected from order process, retrying in 2s...
[20:49:28] [Socket.<anonymous>] [frontend] Connected to strategies process
[20:49:28] [/home/karthikeyan/work/icici/dist/server.js:1440:27] [frontend] nifty tick: {"ltp":24175.65,"ltt":"1787919089","token":"26000","changePercent":0.35,"prevClose":24091.33034379671} clients=0
[20:49:28] [AntOrderNotifyStream.getWsToken] [AntOrderNotify] createWsToken response: {"status":"Ok","message":"200","result":[{"orderToken":"a1dab534e3e11278f5844327e89f2816e139ef8b6d40ab90772172c1a5f7754d"}]}
[20:49:28] [ws.onopen] [AntOrderNotify] Connected, subscribing...
[20:49:29] [pushPositionSnapshot] [frontend] positionstream push failed: Error: Not connected to order process
    at /home/karthikeyan/work/icici/dist/processes/strategies/OrderClient.js:73:31
    at new Promise (<anonymous>)
    at OrderClient.request (/home/karthikeyan/work/icici/dist/processes/strategies/OrderClient.js:71:16)
    at OrderClient.stats (/home/karthikeyan/work/icici/dist/processes/strategies/OrderClient.js:150:32)
    at pushPositionSnapshot (/home/karthikeyan/work/icici/dist/server.js:1172:41)
    at /home/karthikeyan/work/icici/dist/server.js:1191:11
    at Layer.handle [as handle_request] (/home/karthikeyan/work/icici/node_modules/express/lib/router/layer.js:95:5)
    at next (/home/karthikeyan/work/icici/node_modules/express/lib/router/route.js:144:13)
    at Route.dispatch (/home/karthikeyan/work/icici/node_modules/express/lib/router/route.js:114:3)
    at Layer.handle [as handle_request] (/home/karthikeyan/work/icici/node_modules/express/lib/router/layer.js:95:5)
[20:49:30] [Socket.<anonymous>] [strategies] Connected to order process
[20:49:30] [Server.<anonymous>] [order] Client connected, total: 1
[20:49:30] [pushPositionSnapshot] [frontend] positionstream push failed: Error: Not connected to order process
    at /home/karthikeyan/work/icici/dist/processes/strategies/OrderClient.js:73:31
    at new Promise (<anonymous>)
    at OrderClient.request (/home/karthikeyan/work/icici/dist/processes/strategies/OrderClient.js:71:16)
    at OrderClient.stats (/home/karthikeyan/work/icici/dist/processes/strategies/OrderClient.js:150:32)
    at pushPositionSnapshot (/home/karthikeyan/work/icici/dist/server.js:1172:41)
    at /home/karthikeyan/work/icici/dist/server.js:1191:11
    at Layer.handle [as handle_request] (/home/karthikeyan/work/icici/node_modules/express/lib/router/layer.js:95:5)
    at next (/home/karthikeyan/work/icici/node_modules/express/lib/router/route.js:144:13)
    at Route.dispatch (/home/karthikeyan/work/icici/node_modules/express/lib/router/route.js:114:3)
    at Layer.handle [as handle_request] (/home/karthikeyan/work/icici/node_modules/express/lib/router/layer.js:95:5)
[20:49:30] [Socket.<anonymous>] [strategies] Connected to order process
[20:49:30] [Server.<anonymous>] [order] Client connected, total: 2
[20:50:28] [Zerodha.loadSession] Zerodha session loaded from file
[orchestrator] [dev] Restarting strategies (data/order untouched)...
[orchestrator] [boot] Starting strategies...
[20:52:52] [Socket.<anonymous>] [frontend] Disconnected from strategies process, retrying in 2s...
[20:52:52] [Socket.<anonymous>] [order] Client disconnected, total: 1
[orchestrator] [strategies] exited (code=0 signal=null)
[20:52:52] [ConfigService.loadConfig] Config Updated: {
  "srHypothesis": {
    "confirmWindowMin": 2,
    "maxJump": 15,
    "maxRangeWidth": 30,
    "buffer": 10,
    "target": 10,
    "stopLoss": 10,
    "breachBuffer": 0,
    "breachConfirmSec": 0,
    "heldMinSec": 407,
    "heldMaxSec": 651,
    "csvOutput": false
  },
  "rocHypothesis": {
    "target": 10,
    "stopLoss": 10,
    "cooldownSec": 60,
    "minWins": 2,
    "windowGridMin": [
      1,
      2,
      3,
      4,
      5,
      7,
      10,
      15
    ],
    "thresholdGrid": [
      5,
      10,
      15,
      20,
      25,
      30,
      40,
      50,
      60,
      75,
      100
    ],
    "csvOutput": false
  },
  "settings": {
    "minPrice": 20,
    "maxPrice": 30000,
    "targetPriceDiff": 2,
    "stopLossPriceDiff": 11,
    "trailingDistance": 4,
    "cooldownSeconds": 0,
    "logQuotes": false,
    "safetyBufferAmount": 5000,
    "consistencyLimitPercent": 40,
    "maxDailyDrawdownPercent": 25,
    "maxMonthlyDrawdownPercent": 50,
    "maxTradesPerDay": 10
  },
  "strategies": [
    {
      "type": "SentimentStrategy",
      "enabled": false,
      "averageThreshold": 20,
      "targetPrice": 2,
      "orderQuantity": 7200,
      "sentiment": "put",
      "loopCount": 1
    },
    {
      "type": "BuySellStrategy",
      "enabled": false,
      "initialQuantity": 150,
      "incrementFactor": "single",
      "incrementQuantity": 150,
      "averageThreshold": 10,
      "targetPrice": 5,
      "stopEnabled": false,
      "activateIntermittentCount": 100,
      "maxIterationCount": 10,
      "logEnabled": false,
      "right": "none"
    },
    {
      "type": "ContinuousStrategy",
      "enabled": false,
      "initialQuantity": 65,
      "slDistance": 10,
      "minPremium": 100,
      "allottedCapital": 200000,
      "spawnQuantityMode": "same",
      "averageQuantityMode": "same",
      "right": "none",
      "cooldownSeconds": 60,
      "refillCancelDistance": 50,
      "logEnabled": true
    },
    {
      "type": "IntermittentStrategy",
      "enabled": false,
      "loopCount": 3,
      "targetPrice": 2,
      "quantity": 75,
      "threshold": 10,
      "logEnabled": false
    },
    {
      "type": "RateOfChangeStrategy",
      "enabled": false,
      "pointsThreshold": 30,
      "accelerationThreshold": 5,
      "numberOfDatapointsReceived": 50,
      "quantity": 65,
      "targetPrice": 2,
      "stopLossPrice": 11,
      "maxHoldTimeMinutes": 30,
      "logEnabled": true
    },
    {
      "type": "GapStrategy",
      "enabled": false,
      "pointsThreshold": 20,
      "numberOfDatapointsReceived": 50,
      "quantity": 65,
      "targetPrice": 10,
      "stopLossPrice": 5,
      "maxHoldTimeMinutes": 600,
      "gapReversalMode": false,
      "gapReversalThreshold": 100,
      "logEnabled": true
    },
    {
      "type": "RuleBasedStrategy",
      "enabled": false,
      "indicators": [
        "RSI_5_70_30"
      ],
      "quantity": 65,
      "target": 10,
      "stopLoss": 20,
      "maxHoldTimeMinutes": 30,
      "logEnabled": true
    },
    {
      "type": "GoodMorningStrategy",
      "enabled": false,
      "quantity": 65,
      "targetPoints": 10,
      "stopLossPoints": 10,
      "logEnabled": true,
      "snapshotTime": "10:00",
      "confirmTime": "10:30",
      "previousClose": 24219,
      "minMovementPoints": 10
    },
    {
      "type": "GoodMorningSensexStrategy",
      "enabled": false,
      "quantity": 200,
      "targetPoints": 30,
      "stopLossPoints": 30,
      "logEnabled": true,
      "snapshotTime": "09:40",
      "confirmTime": "09:45",
      "minMovementPoints": 30
    },
    {
      "type": "SupportResistanceStrategy",
      "enabled": false,
      "supportPrice": 0,
      "resistancePrice": 0,
      "quantity": 1755,
      "targetPoints": 10,
      "stopLossPoints": 15,
      "logEnabled": true
    },
    {
      "type": "TargetReachStrategy",
      "enabled": false,
      "symbol": "NIFTY",
      "strike": 0,
      "expiry": "2026-01-01",
      "optionType": "CE",
      "targetPrice": 0,
      "quantity": 1755,
      "targetPoints": 10,
      "stopLossPoints": 15,
      "logEnabled": true
    }
  ]
}
[20:52:53] [Config._processFile] Dir Name: /home/karthikeyan/work/icici/dist/prism
[20:52:53] [Config._processFile] File Name: /home/karthikeyan/work/icici/dist/prism/config.js
[20:52:53] [NorenRestApi.reloadToken] Restored Shoonya access token from userToken.txt
[20:52:53] [Mongo.init] Mongo is initialized
[20:52:53] [Mongo._init] Mongo is initialized
[20:52:53] [Server.<anonymous>] [order] Client connected, total: 2
[20:52:53] [expandRuleBasedConfig] [StrategyFactory] Expanded RuleBasedStrategy into 1 instances
[20:52:53] [Strategies.initialize] [] expandedConfigArray:  [
  {
    "type": "SentimentStrategy",
    "enabled": false,
    "averageThreshold": 20,
    "targetPrice": 2,
    "orderQuantity": 7200,
    "sentiment": "put",
    "loopCount": 1
  },
  {
    "type": "BuySellStrategy",
    "enabled": false,
    "initialQuantity": 150,
    "incrementFactor": "single",
    "incrementQuantity": 150,
    "averageThreshold": 10,
    "targetPrice": 5,
    "stopEnabled": false,
    "activateIntermittentCount": 100,
    "maxIterationCount": 10,
    "logEnabled": false,
    "right": "none"
  },
  {
    "type": "ContinuousStrategy",
    "enabled": false,
    "initialQuantity": 65,
    "slDistance": 10,
    "minPremium": 100,
    "allottedCapital": 200000,
    "spawnQuantityMode": "same",
    "averageQuantityMode": "same",
    "right": "none",
    "cooldownSeconds": 60,
    "refillCancelDistance": 50,
    "logEnabled": true
  },
  {
    "type": "IntermittentStrategy",
    "enabled": false,
    "loopCount": 3,
    "targetPrice": 2,
    "quantity": 75,
    "threshold": 10,
    "logEnabled": false
  },
  {
    "type": "RateOfChangeStrategy",
    "enabled": false,
    "pointsThreshold": 30,
    "accelerationThreshold": 5,
    "numberOfDatapointsReceived": 50,
    "quantity": 65,
    "targetPrice": 2,
    "stopLossPrice": 11,
    "maxHoldTimeMinutes": 30,
    "logEnabled": true
  },
  {
    "type": "GapStrategy",
    "enabled": false,
    "pointsThreshold": 20,
    "numberOfDatapointsReceived": 50,
    "quantity": 65,
    "targetPrice": 10,
    "stopLossPrice": 5,
    "maxHoldTimeMinutes": 600,
    "gapReversalMode": false,
    "gapReversalThreshold": 100,
    "logEnabled": true
  },
  {
    "type": "RuleBasedStrategy",
    "enabled": false,
    "indicators": [
      "RSI_5_70_30"
    ],
    "quantity": 65,
    "target": 10,
    "stopLoss": 20,
    "maxHoldTimeMinutes": 30,
    "logEnabled": true,
    "userId": "Rule-RSI_5_70_30"
  },
  {
    "type": "GoodMorningStrategy",
    "enabled": false,
    "quantity": 65,
    "targetPoints": 10,
    "stopLossPoints": 10,
    "logEnabled": true,
    "snapshotTime": "10:00",
    "confirmTime": "10:30",
    "previousClose": 24219,
    "minMovementPoints": 10
  },
  {
    "type": "GoodMorningSensexStrategy",
    "enabled": false,
    "quantity": 200,
    "targetPoints": 30,
    "stopLossPoints": 30,
    "logEnabled": true,
    "snapshotTime": "09:40",
    "confirmTime": "09:45",
    "minMovementPoints": 30
  },
  {
    "type": "SupportResistanceStrategy",
    "enabled": false,
    "supportPrice": 0,
    "resistancePrice": 0,
    "quantity": 1755,
    "targetPoints": 10,
    "stopLossPoints": 15,
    "logEnabled": true
  },
  {
    "type": "TargetReachStrategy",
    "enabled": false,
    "symbol": "NIFTY",
    "strike": 0,
    "expiry": "2026-01-01",
    "optionType": "CE",
    "targetPrice": 0,
    "quantity": 1755,
    "targetPoints": 10,
    "stopLossPoints": 15,
    "logEnabled": true
  }
]
[20:52:53] [expandRuleBasedConfig] [StrategyFactory] Expanded RuleBasedStrategy into 1 instances
[20:52:53] [new RuleBasedStrategy] [RuleBased:Rule-RSI_5_70_30] Initialized with indicators: RSI_5_70_30
[20:52:53] [Strategies.initialize] [Strategies] Initialized 11 strategies: [
  "SentimentStrategy(SentimentStrategy, enabled=false)",
  "BuySellStrategy(BuySellStrategy, enabled=false)",
  "ContinuousStrategy(ContinuousStrategy, enabled=false)",
  "IntermittentStrategy(IntermittentStrategy, enabled=false)",
  "RateOfChangeStrategy(RateOfChangeStrategy, enabled=false)",
  "GapStrategy(GapStrategy, enabled=false)",
  "RuleBasedStrategy(Rule-RSI_5_70_30, enabled=false)",
  "GoodMorningStrategy(GoodMorningStrategy, enabled=false)",
  "GoodMorningSensexStrategy(GoodMorningSensexStrategy, enabled=false)",
  "SupportResistanceStrategy(SupportResistanceStrategy, enabled=false)",
  "TargetReachStrategy(TargetReachStrategy, enabled=false)"
]
[20:52:53] [main] [strategies] Ready - 11 strategies loaded.
[20:52:53] [BuySellStrategy.reconcileOrderState] BuySellStrategy  BuySellStrategy: reconcileOrderState attempt 1/15 failed:  Not connected to order process
[20:52:53] [Server.<anonymous>] [strategies] Listening on /tmp/icici-strategies.sock
[20:52:53] [Config._processFile] lot count: 1
[20:52:53] [Config._processFile] Auto Trade: false
[20:52:53] [Socket.<anonymous>] [strategies] Connected to order process
[20:52:54] [Socket.<anonymous>] [frontend] Connected to strategies process
[20:52:54] [Server.<anonymous>] [strategies] Frontend client connected
[20:52:55] [BuySellStrategy.reconcileOrderState] BuySellStrategy  BuySellStrategy: reconciled - no existing open trade, ordered=false
[orchestrator] [dev] Restarting data (order/strategies/frontend untouched)...
[orchestrator] [data] exited (code=0 signal=null)
[orchestrator] [dev] Restarting order (data/strategies/frontend untouched)...
[orchestrator] [order] exited (code=0 signal=null)
[20:53:00] [Socket.<anonymous>] [strategies] Disconnected from order process, retrying in 2s...
[20:53:00] [Socket.<anonymous>] [strategies] Disconnected from order process, retrying in 2s...
[orchestrator] [dev] Restarting frontend (data/order/strategies untouched)...
[orchestrator] [frontend] exited (code=0 signal=null)
[20:53:01] [ConfigService.loadConfig] Config Updated: {
  "srHypothesis": {
    "confirmWindowMin": 2,
    "maxJump": 15,
    "maxRangeWidth": 30,
    "buffer": 10,
    "target": 10,
    "stopLoss": 10,
    "breachBuffer": 0,
    "breachConfirmSec": 0,
    "heldMinSec": 407,
    "heldMaxSec": 651,
    "csvOutput": false
  },
  "rocHypothesis": {
    "target": 10,
    "stopLoss": 10,
    "cooldownSec": 60,
    "minWins": 2,
    "windowGridMin": [
      1,
      2,
      3,
      4,
      5,
      7,
      10,
      15
    ],
    "thresholdGrid": [
      5,
      10,
      15,
      20,
      25,
      30,
      40,
      50,
      60,
      75,
      100
    ],
    "csvOutput": false
  },
  "settings": {
    "minPrice": 20,
    "maxPrice": 30000,
    "targetPriceDiff": 2,
    "stopLossPriceDiff": 11,
    "trailingDistance": 4,
    "cooldownSeconds": 0,
    "logQuotes": false,
    "safetyBufferAmount": 5000,
    "consistencyLimitPercent": 40,
    "maxDailyDrawdownPercent": 25,
    "maxMonthlyDrawdownPercent": 50,
    "maxTradesPerDay": 10
  },
  "strategies": [
    {
      "type": "SentimentStrategy",
      "enabled": false,
      "averageThreshold": 20,
      "targetPrice": 2,
      "orderQuantity": 7200,
      "sentiment": "put",
      "loopCount": 1
    },
    {
      "type": "BuySellStrategy",
      "enabled": false,
      "initialQuantity": 150,
      "incrementFactor": "single",
      "incrementQuantity": 150,
      "averageThreshold": 10,
      "targetPrice": 5,
      "stopEnabled": false,
      "activateIntermittentCount": 100,
      "maxIterationCount": 10,
      "logEnabled": false,
      "right": "none"
    },
    {
      "type": "ContinuousStrategy",
      "enabled": false,
      "initialQuantity": 65,
      "slDistance": 10,
      "minPremium": 100,
      "allottedCapital": 200000,
      "spawnQuantityMode": "same",
      "averageQuantityMode": "same",
      "right": "none",
      "cooldownSeconds": 60,
      "refillCancelDistance": 50,
      "logEnabled": true
    },
    {
      "type": "IntermittentStrategy",
      "enabled": false,
      "loopCount": 3,
      "targetPrice": 2,
      "quantity": 75,
      "threshold": 10,
      "logEnabled": false
    },
    {
      "type": "RateOfChangeStrategy",
      "enabled": false,
      "pointsThreshold": 30,
      "accelerationThreshold": 5,
      "numberOfDatapointsReceived": 50,
      "quantity": 65,
      "targetPrice": 2,
      "stopLossPrice": 11,
      "maxHoldTimeMinutes": 30,
      "logEnabled": true
    },
    {
      "type": "GapStrategy",
      "enabled": false,
      "pointsThreshold": 20,
      "numberOfDatapointsReceived": 50,
      "quantity": 65,
      "targetPrice": 10,
      "stopLossPrice": 5,
      "maxHoldTimeMinutes": 600,
      "gapReversalMode": false,
      "gapReversalThreshold": 100,
      "logEnabled": true
    },
    {
      "type": "RuleBasedStrategy",
      "enabled": false,
      "indicators": [
        "RSI_5_70_30"
      ],
      "quantity": 65,
      "target": 10,
      "stopLoss": 20,
      "maxHoldTimeMinutes": 30,
      "logEnabled": true
    },
    {
      "type": "GoodMorningStrategy",
      "enabled": false,
      "quantity": 65,
      "targetPoints": 10,
      "stopLossPoints": 10,
      "logEnabled": true,
      "snapshotTime": "10:00",
      "confirmTime": "10:30",
      "previousClose": 24219,
      "minMovementPoints": 10
    },
    {
      "type": "GoodMorningSensexStrategy",
      "enabled": false,
      "quantity": 200,
      "targetPoints": 30,
      "stopLossPoints": 30,
      "logEnabled": true,
      "snapshotTime": "09:40",
      "confirmTime": "09:45",
      "minMovementPoints": 30
    },
    {
      "type": "SupportResistanceStrategy",
      "enabled": false,
      "supportPrice": 0,
      "resistancePrice": 0,
      "quantity": 1755,
      "targetPoints": 10,
      "stopLossPoints": 15,
      "logEnabled": true
    },
    {
      "type": "TargetReachStrategy",
      "enabled": false,
      "symbol": "NIFTY",
      "strike": 0,
      "expiry": "2026-01-01",
      "optionType": "CE",
      "targetPrice": 0,
      "quantity": 1755,
      "targetPoints": 10,
      "stopLossPoints": 15,
      "logEnabled": true
    }
  ]
}
[20:53:01] [Mongo.init] Mongo is initialized
[20:53:01] [Mongo._init] Mongo is initialized
[20:53:01] [AntDataStream.connect] [AntDataStream] Connecting to ANT streaming...
[20:53:01] [ANT.loadSession] ANT session loaded from file
[20:53:01] [AntSession.prepareWsSession] [AntSession] Creating WS session (createWsSess)...
[20:53:01] [ConfigService.loadConfig] Config Updated: {
  "srHypothesis": {
    "confirmWindowMin": 2,
    "maxJump": 15,
    "maxRangeWidth": 30,
    "buffer": 10,
    "target": 10,
    "stopLoss": 10,
    "breachBuffer": 0,
    "breachConfirmSec": 0,
    "heldMinSec": 407,
    "heldMaxSec": 651,
    "csvOutput": false
  },
  "rocHypothesis": {
    "target": 10,
    "stopLoss": 10,
    "cooldownSec": 60,
    "minWins": 2,
    "windowGridMin": [
      1,
      2,
      3,
      4,
      5,
      7,
      10,
      15
    ],
    "thresholdGrid": [
      5,
      10,
      15,
      20,
      25,
      30,
      40,
      50,
      60,
      75,
      100
    ],
    "csvOutput": false
  },
  "settings": {
    "minPrice": 20,
    "maxPrice": 30000,
    "targetPriceDiff": 2,
    "stopLossPriceDiff": 11,
    "trailingDistance": 4,
    "cooldownSeconds": 0,
    "logQuotes": false,
    "safetyBufferAmount": 5000,
    "consistencyLimitPercent": 40,
    "maxDailyDrawdownPercent": 25,
    "maxMonthlyDrawdownPercent": 50,
    "maxTradesPerDay": 10
  },
  "strategies": [
    {
      "type": "SentimentStrategy",
      "enabled": false,
      "averageThreshold": 20,
      "targetPrice": 2,
      "orderQuantity": 7200,
      "sentiment": "put",
      "loopCount": 1
    },
    {
      "type": "BuySellStrategy",
      "enabled": false,
      "initialQuantity": 150,
      "incrementFactor": "single",
      "incrementQuantity": 150,
      "averageThreshold": 10,
      "targetPrice": 5,
      "stopEnabled": false,
      "activateIntermittentCount": 100,
      "maxIterationCount": 10,
      "logEnabled": false,
      "right": "none"
    },
    {
      "type": "ContinuousStrategy",
      "enabled": false,
      "initialQuantity": 65,
      "slDistance": 10,
      "minPremium": 100,
      "allottedCapital": 200000,
      "spawnQuantityMode": "same",
      "averageQuantityMode": "same",
      "right": "none",
      "cooldownSeconds": 60,
      "refillCancelDistance": 50,
      "logEnabled": true
    },
    {
      "type": "IntermittentStrategy",
      "enabled": false,
      "loopCount": 3,
      "targetPrice": 2,
      "quantity": 75,
      "threshold": 10,
      "logEnabled": false
    },
    {
      "type": "RateOfChangeStrategy",
      "enabled": false,
      "pointsThreshold": 30,
      "accelerationThreshold": 5,
      "numberOfDatapointsReceived": 50,
      "quantity": 65,
      "targetPrice": 2,
      "stopLossPrice": 11,
      "maxHoldTimeMinutes": 30,
      "logEnabled": true
    },
    {
      "type": "GapStrategy",
      "enabled": false,
      "pointsThreshold": 20,
      "numberOfDatapointsReceived": 50,
      "quantity": 65,
      "targetPrice": 10,
      "stopLossPrice": 5,
      "maxHoldTimeMinutes": 600,
      "gapReversalMode": false,
      "gapReversalThreshold": 100,
      "logEnabled": true
    },
    {
      "type": "RuleBasedStrategy",
      "enabled": false,
      "indicators": [
        "RSI_5_70_30"
      ],
      "quantity": 65,
      "target": 10,
      "stopLoss": 20,
      "maxHoldTimeMinutes": 30,
      "logEnabled": true
    },
    {
      "type": "GoodMorningStrategy",
      "enabled": false,
      "quantity": 65,
      "targetPoints": 10,
      "stopLossPoints": 10,
      "logEnabled": true,
      "snapshotTime": "10:00",
      "confirmTime": "10:30",
      "previousClose": 24219,
      "minMovementPoints": 10
    },
    {
      "type": "GoodMorningSensexStrategy",
      "enabled": false,
      "quantity": 200,
      "targetPoints": 30,
      "stopLossPoints": 30,
      "logEnabled": true,
      "snapshotTime": "09:40",
      "confirmTime": "09:45",
      "minMovementPoints": 30
    },
    {
      "type": "SupportResistanceStrategy",
      "enabled": false,
      "supportPrice": 0,
      "resistancePrice": 0,
      "quantity": 1755,
      "targetPoints": 10,
      "stopLossPoints": 15,
      "logEnabled": true
    },
    {
      "type": "TargetReachStrategy",
      "enabled": false,
      "symbol": "NIFTY",
      "strike": 0,
      "expiry": "2026-01-01",
      "optionType": "CE",
      "targetPrice": 0,
      "quantity": 1755,
      "targetPoints": 10,
      "stopLossPoints": 15,
      "logEnabled": true
    }
  ]
}
[orchestrator] [dev] Restarting strategies (data/order untouched)...
[orchestrator] [boot] Starting strategies...
[orchestrator] [strategies] exited (code=0 signal=null)
[20:53:01] [ConfigService.loadConfig] Config Updated: {
  "srHypothesis": {
    "confirmWindowMin": 2,
    "maxJump": 15,
    "maxRangeWidth": 30,
    "buffer": 10,
    "target": 10,
    "stopLoss": 10,
    "breachBuffer": 0,
    "breachConfirmSec": 0,
    "heldMinSec": 407,
    "heldMaxSec": 651,
    "csvOutput": false
  },
  "rocHypothesis": {
    "target": 10,
    "stopLoss": 10,
    "cooldownSec": 60,
    "minWins": 2,
    "windowGridMin": [
      1,
      2,
      3,
      4,
      5,
      7,
      10,
      15
    ],
    "thresholdGrid": [
      5,
      10,
      15,
      20,
      25,
      30,
      40,
      50,
      60,
      75,
      100
    ],
    "csvOutput": false
  },
  "settings": {
    "minPrice": 20,
    "maxPrice": 30000,
    "targetPriceDiff": 2,
    "stopLossPriceDiff": 11,
    "trailingDistance": 4,
    "cooldownSeconds": 0,
    "logQuotes": false,
    "safetyBufferAmount": 5000,
    "consistencyLimitPercent": 40,
    "maxDailyDrawdownPercent": 25,
    "maxMonthlyDrawdownPercent": 50,
    "maxTradesPerDay": 10
  },
  "strategies": [
    {
      "type": "SentimentStrategy",
      "enabled": false,
      "averageThreshold": 20,
      "targetPrice": 2,
      "orderQuantity": 7200,
      "sentiment": "put",
      "loopCount": 1
    },
    {
      "type": "BuySellStrategy",
      "enabled": false,
      "initialQuantity": 150,
      "incrementFactor": "single",
      "incrementQuantity": 150,
      "averageThreshold": 10,
      "targetPrice": 5,
      "stopEnabled": false,
      "activateIntermittentCount": 100,
      "maxIterationCount": 10,
      "logEnabled": false,
      "right": "none"
    },
    {
      "type": "ContinuousStrategy",
      "enabled": false,
      "initialQuantity": 65,
      "slDistance": 10,
      "minPremium": 100,
      "allottedCapital": 200000,
      "spawnQuantityMode": "same",
      "averageQuantityMode": "same",
      "right": "none",
      "cooldownSeconds": 60,
      "refillCancelDistance": 50,
      "logEnabled": true
    },
    {
      "type": "IntermittentStrategy",
      "enabled": false,
      "loopCount": 3,
      "targetPrice": 2,
      "quantity": 75,
      "threshold": 10,
      "logEnabled": false
    },
    {
      "type": "RateOfChangeStrategy",
      "enabled": false,
      "pointsThreshold": 30,
      "accelerationThreshold": 5,
      "numberOfDatapointsReceived": 50,
      "quantity": 65,
      "targetPrice": 2,
      "stopLossPrice": 11,
      "maxHoldTimeMinutes": 30,
      "logEnabled": true
    },
    {
      "type": "GapStrategy",
      "enabled": false,
      "pointsThreshold": 20,
      "numberOfDatapointsReceived": 50,
      "quantity": 65,
      "targetPrice": 10,
      "stopLossPrice": 5,
      "maxHoldTimeMinutes": 600,
      "gapReversalMode": false,
      "gapReversalThreshold": 100,
      "logEnabled": true
    },
    {
      "type": "RuleBasedStrategy",
      "enabled": false,
      "indicators": [
        "RSI_5_70_30"
      ],
      "quantity": 65,
      "target": 10,
      "stopLoss": 20,
      "maxHoldTimeMinutes": 30,
      "logEnabled": true
    },
    {
      "type": "GoodMorningStrategy",
      "enabled": false,
      "quantity": 65,
      "targetPoints": 10,
      "stopLossPoints": 10,
      "logEnabled": true,
      "snapshotTime": "10:00",
      "confirmTime": "10:30",
      "previousClose": 24219,
      "minMovementPoints": 10
    },
    {
      "type": "GoodMorningSensexStrategy",
      "enabled": false,
      "quantity": 200,
      "targetPoints": 30,
      "stopLossPoints": 30,
      "logEnabled": true,
      "snapshotTime": "09:40",
      "confirmTime": "09:45",
      "minMovementPoints": 30
    },
    {
      "type": "SupportResistanceStrategy",
      "enabled": false,
      "supportPrice": 0,
      "resistancePrice": 0,
      "quantity": 1755,
      "targetPoints": 10,
      "stopLossPoints": 15,
      "logEnabled": true
    },
    {
      "type": "TargetReachStrategy",
      "enabled": false,
      "symbol": "NIFTY",
      "strike": 0,
      "expiry": "2026-01-01",
      "optionType": "CE",
      "targetPrice": 0,
      "quantity": 1755,
      "targetPoints": 10,
      "stopLossPoints": 15,
      "logEnabled": true
    }
  ]
}
[20:53:01] [AntSession.prepareWsSession] [AntSession] createWsSess response: {
  "status": "Ok",
  "message": "Success",
  "result": [
    {
      "Status": "OK"
    }
  ]
}
[20:53:01] [AntSession.prepareWsSession] [AntSession] WS session prepared successfully
[20:53:01] [Config._processFile] Dir Name: /home/karthikeyan/work/icici/dist/prism
[20:53:01] [Config._processFile] File Name: /home/karthikeyan/work/icici/dist/prism/config.js
[20:53:01] [NorenRestApi.reloadToken] Restored Shoonya access token from userToken.txt
[20:53:01] [ws.onopen] [AntWS] Connected, sending auth payload...
[20:53:01] [AntDataStream.connect] [AntDataStream] Connected and streaming
[20:53:01] [main] [data] Ready - NIFTY/SENSEX always subscribed, streaming to stdout.
[20:53:01] [ConfigService.loadConfig] Config Updated: {
  "srHypothesis": {
    "confirmWindowMin": 2,
    "maxJump": 15,
    "maxRangeWidth": 30,
    "buffer": 10,
    "target": 10,
    "stopLoss": 10,
    "breachBuffer": 0,
    "breachConfirmSec": 0,
    "heldMinSec": 407,
    "heldMaxSec": 651,
    "csvOutput": false
  },
  "rocHypothesis": {
    "target": 10,
    "stopLoss": 10,
    "cooldownSec": 60,
    "minWins": 2,
    "windowGridMin": [
      1,
      2,
      3,
      4,
      5,
      7,
      10,
      15
    ],
    "thresholdGrid": [
      5,
      10,
      15,
      20,
      25,
      30,
      40,
      50,
      60,
      75,
      100
    ],
    "csvOutput": false
  },
  "settings": {
    "minPrice": 20,
    "maxPrice": 30000,
    "targetPriceDiff": 2,
    "stopLossPriceDiff": 11,
    "trailingDistance": 4,
    "cooldownSeconds": 0,
    "logQuotes": false,
    "safetyBufferAmount": 5000,
    "consistencyLimitPercent": 40,
    "maxDailyDrawdownPercent": 25,
    "maxMonthlyDrawdownPercent": 50,
    "maxTradesPerDay": 10
  },
  "strategies": [
    {
      "type": "SentimentStrategy",
      "enabled": false,
      "averageThreshold": 20,
      "targetPrice": 2,
      "orderQuantity": 7200,
      "sentiment": "put",
      "loopCount": 1
    },
    {
      "type": "BuySellStrategy",
      "enabled": false,
      "initialQuantity": 150,
      "incrementFactor": "single",
      "incrementQuantity": 150,
      "averageThreshold": 10,
      "targetPrice": 5,
      "stopEnabled": false,
      "activateIntermittentCount": 100,
      "maxIterationCount": 10,
      "logEnabled": false,
      "right": "none"
    },
    {
      "type": "ContinuousStrategy",
      "enabled": false,
      "initialQuantity": 65,
      "slDistance": 10,
      "minPremium": 100,
      "allottedCapital": 200000,
      "spawnQuantityMode": "same",
      "averageQuantityMode": "same",
      "right": "none",
      "cooldownSeconds": 60,
      "refillCancelDistance": 50,
      "logEnabled": true
    },
    {
      "type": "IntermittentStrategy",
      "enabled": false,
      "loopCount": 3,
      "targetPrice": 2,
      "quantity": 75,
      "threshold": 10,
      "logEnabled": false
    },
    {
      "type": "RateOfChangeStrategy",
      "enabled": false,
      "pointsThreshold": 30,
      "accelerationThreshold": 5,
      "numberOfDatapointsReceived": 50,
      "quantity": 65,
      "targetPrice": 2,
      "stopLossPrice": 11,
      "maxHoldTimeMinutes": 30,
      "logEnabled": true
    },
    {
      "type": "GapStrategy",
      "enabled": false,
      "pointsThreshold": 20,
      "numberOfDatapointsReceived": 50,
      "quantity": 65,
      "targetPrice": 10,
      "stopLossPrice": 5,
      "maxHoldTimeMinutes": 600,
      "gapReversalMode": false,
      "gapReversalThreshold": 100,
      "logEnabled": true
    },
    {
      "type": "RuleBasedStrategy",
      "enabled": false,
      "indicators": [
        "RSI_5_70_30"
      ],
      "quantity": 65,
      "target": 10,
      "stopLoss": 20,
      "maxHoldTimeMinutes": 30,
      "logEnabled": true
    },
    {
      "type": "GoodMorningStrategy",
      "enabled": false,
      "quantity": 65,
      "targetPoints": 10,
      "stopLossPoints": 10,
      "logEnabled": true,
      "snapshotTime": "10:00",
      "confirmTime": "10:30",
      "previousClose": 24219,
      "minMovementPoints": 10
    },
    {
      "type": "GoodMorningSensexStrategy",
      "enabled": false,
      "quantity": 200,
      "targetPoints": 30,
      "stopLossPoints": 30,
      "logEnabled": true,
      "snapshotTime": "09:40",
      "confirmTime": "09:45",
      "minMovementPoints": 30
    },
    {
      "type": "SupportResistanceStrategy",
      "enabled": false,
      "supportPrice": 0,
      "resistancePrice": 0,
      "quantity": 1755,
      "targetPoints": 10,
      "stopLossPoints": 15,
      "logEnabled": true
    },
    {
      "type": "TargetReachStrategy",
      "enabled": false,
      "symbol": "NIFTY",
      "strike": 0,
      "expiry": "2026-01-01",
      "optionType": "CE",
      "targetPrice": 0,
      "quantity": 1755,
      "targetPoints": 10,
      "stopLossPoints": 15,
      "logEnabled": true
    }
  ]
}
[20:53:01] [ws.onmessage] [AntWS] Connect ack: {
  "t": "ck",
  "s": "OK",
  "uid": "924118_API"
}
[20:53:01] [/home/karthikeyan/work/icici/dist/processes/data/AntDataStream.js:57:27] [AntDataStream] WebSocket open, subscribing to always-on instruments...
[20:53:01] [AntWebSocket.subscribe] [AntWS] Subscribing: NSE|26000#BSE|1
[20:53:01] [Config._processFile] Dir Name: /home/karthikeyan/work/icici/dist/prism
[20:53:01] [Config._processFile] File Name: /home/karthikeyan/work/icici/dist/prism/config.js
[20:53:02] [NorenRestApi.reloadToken] Restored Shoonya access token from userToken.txt
[20:53:02] [Mongo.init] Mongo is initialized
[20:53:02] [Config._processFile] Dir Name: /home/karthikeyan/work/icici/dist/prism
[20:53:02] [Config._processFile] File Name: /home/karthikeyan/work/icici/dist/prism/config.js
[20:53:02] [NorenRestApi.reloadToken] Restored Shoonya access token from userToken.txt
[20:53:02] [Mongo._init] Mongo is initialized
[20:53:02] [Config._processFile] lot count: 1
[20:53:02] [Config._processFile] Auto Trade: false
[20:53:02] [OrderBookkeeping.loadClosedTradesFromMongo] [order] Reloaded 6 closed trade(s) from Mongo for today
[20:53:02] [ANT.loadSession] ANT session loaded from file
[20:53:02] [Mongo.init] Mongo is initialized
[20:53:02] [Server.<anonymous>] [order] Listening on /tmp/icici-order.sock
[20:53:02] [Config._processFile] lot count: 1
[20:53:02] [Config._processFile] Auto Trade: false
[20:53:02] [Mongo._init] Mongo is initialized
[20:53:02] [expandRuleBasedConfig] [StrategyFactory] Expanded RuleBasedStrategy into 1 instances
[20:53:02] [Strategies.initialize] [] expandedConfigArray:  [
  {
    "type": "SentimentStrategy",
    "enabled": false,
    "averageThreshold": 20,
    "targetPrice": 2,
    "orderQuantity": 7200,
    "sentiment": "put",
    "loopCount": 1
  },
  {
    "type": "BuySellStrategy",
    "enabled": false,
    "initialQuantity": 150,
    "incrementFactor": "single",
    "incrementQuantity": 150,
    "averageThreshold": 10,
    "targetPrice": 5,
    "stopEnabled": false,
    "activateIntermittentCount": 100,
    "maxIterationCount": 10,
    "logEnabled": false,
    "right": "none"
  },
  {
    "type": "ContinuousStrategy",
    "enabled": false,
    "initialQuantity": 65,
    "slDistance": 10,
    "minPremium": 100,
    "allottedCapital": 200000,
    "spawnQuantityMode": "same",
    "averageQuantityMode": "same",
    "right": "none",
    "cooldownSeconds": 60,
    "refillCancelDistance": 50,
    "logEnabled": true
  },
  {
    "type": "IntermittentStrategy",
    "enabled": false,
    "loopCount": 3,
    "targetPrice": 2,
    "quantity": 75,
    "threshold": 10,
    "logEnabled": false
  },
  {
    "type": "RateOfChangeStrategy",
    "enabled": false,
    "pointsThreshold": 30,
    "accelerationThreshold": 5,
    "numberOfDatapointsReceived": 50,
    "quantity": 65,
    "targetPrice": 2,
    "stopLossPrice": 11,
    "maxHoldTimeMinutes": 30,
    "logEnabled": true
  },
  {
    "type": "GapStrategy",
    "enabled": false,
    "pointsThreshold": 20,
    "numberOfDatapointsReceived": 50,
    "quantity": 65,
    "targetPrice": 10,
    "stopLossPrice": 5,
    "maxHoldTimeMinutes": 600,
    "gapReversalMode": false,
    "gapReversalThreshold": 100,
    "logEnabled": true
  },
  {
    "type": "RuleBasedStrategy",
    "enabled": false,
    "indicators": [
      "RSI_5_70_30"
    ],
    "quantity": 65,
    "target": 10,
    "stopLoss": 20,
    "maxHoldTimeMinutes": 30,
    "logEnabled": true,
    "userId": "Rule-RSI_5_70_30"
  },
  {
    "type": "GoodMorningStrategy",
    "enabled": false,
    "quantity": 65,
    "targetPoints": 10,
    "stopLossPoints": 10,
    "logEnabled": true,
    "snapshotTime": "10:00",
    "confirmTime": "10:30",
    "previousClose": 24219,
    "minMovementPoints": 10
  },
  {
    "type": "GoodMorningSensexStrategy",
    "enabled": false,
    "quantity": 200,
    "targetPoints": 30,
    "stopLossPoints": 30,
    "logEnabled": true,
    "snapshotTime": "09:40",
    "confirmTime": "09:45",
    "minMovementPoints": 30
  },
  {
    "type": "SupportResistanceStrategy",
    "enabled": false,
    "supportPrice": 0,
    "resistancePrice": 0,
    "quantity": 1755,
    "targetPoints": 10,
    "stopLossPoints": 15,
    "logEnabled": true
  },
  {
    "type": "TargetReachStrategy",
    "enabled": false,
    "symbol": "NIFTY",
    "strike": 0,
    "expiry": "2026-01-01",
    "optionType": "CE",
    "targetPrice": 0,
    "quantity": 1755,
    "targetPoints": 10,
    "stopLossPoints": 15,
    "logEnabled": true
  }
]
[20:53:02] [expandRuleBasedConfig] [StrategyFactory] Expanded RuleBasedStrategy into 1 instances
[20:53:02] [Server.<anonymous>] [order] Client connected, total: 1
[20:53:02] [new RuleBasedStrategy] [RuleBased:Rule-RSI_5_70_30] Initialized with indicators: RSI_5_70_30
[20:53:02] [Strategies.initialize] [Strategies] Initialized 11 strategies: [
  "SentimentStrategy(SentimentStrategy, enabled=false)",
  "BuySellStrategy(BuySellStrategy, enabled=false)",
  "ContinuousStrategy(ContinuousStrategy, enabled=false)",
  "IntermittentStrategy(IntermittentStrategy, enabled=false)",
  "RateOfChangeStrategy(RateOfChangeStrategy, enabled=false)",
  "GapStrategy(GapStrategy, enabled=false)",
  "RuleBasedStrategy(Rule-RSI_5_70_30, enabled=false)",
  "GoodMorningStrategy(GoodMorningStrategy, enabled=false)",
  "GoodMorningSensexStrategy(GoodMorningSensexStrategy, enabled=false)",
  "SupportResistanceStrategy(SupportResistanceStrategy, enabled=false)",
  "TargetReachStrategy(TargetReachStrategy, enabled=false)"
]
[20:53:02] [main] [strategies] Ready - 11 strategies loaded.
[20:53:02] [BuySellStrategy.reconcileOrderState] BuySellStrategy  BuySellStrategy: reconcileOrderState attempt 1/15 failed:  Not connected to order process
[20:53:02] [Server.<anonymous>] [strategies] Listening on /tmp/icici-strategies.sock
[20:53:02] [Socket.<anonymous>] [strategies] Connected to order process
Fri, 28 Aug 2026 15:23:02 GMT body-parser deprecated bodyParser: use individual json/urlencoded middlewares at dist/server.js:91:35
Fri, 28 Aug 2026 15:23:02 GMT body-parser deprecated undefined extended: provide extended option at node_modules/body-parser/index.js:104:29
[20:53:02] [Mongo.init] Mongo is initialized
[20:53:02] [AntOrderNotifyStream.getWsToken] [AntOrderNotify] createWsToken response: {"status":"Ok","message":"200","result":[{"orderToken":"a1dab534e3e11278f5844327e89f2816e139ef8b6d40ab90772172c1a5f7754d"}]}
[20:53:02] [Config._processFile] lot count: 1
[20:53:02] [Config._processFile] Auto Trade: false
[20:53:02] [Mongo._init] Mongo is initialized
[20:53:02] [Server.<anonymous>] [strategies] Frontend client connected
[20:53:02] [Server.<anonymous>] [order] Client connected, total: 2
[20:53:02] [Server.<anonymous>] [frontend] Listening on 3000
[20:53:02] [Socket.<anonymous>] [strategies] Connected to order process
[20:53:02] [Socket.<anonymous>] [frontend] Connected to strategies process
[20:53:02] [/home/karthikeyan/work/icici/dist/server.js:1440:27] [frontend] nifty tick: {"ltp":24175.65,"ltt":"1787919089","token":"26000","changePercent":0.35,"prevClose":24091.33034379671} clients=0
[20:53:02] [ws.onopen] [AntOrderNotify] Connected, subscribing...
[20:53:04] [BuySellStrategy.reconcileOrderState] BuySellStrategy  BuySellStrategy: reconciled - no existing open trade, ordered=false
[orchestrator] [dev] Restarting frontend (data/order/strategies untouched)...
[orchestrator] [frontend] exited (code=0 signal=null)
[20:53:38] [Socket.<anonymous>] [order] Client disconnected, total: 1
[20:53:38] [ConfigService.loadConfig] Config Updated: {
  "srHypothesis": {
    "confirmWindowMin": 2,
    "maxJump": 15,
    "maxRangeWidth": 30,
    "buffer": 10,
    "target": 10,
    "stopLoss": 10,
    "breachBuffer": 0,
    "breachConfirmSec": 0,
    "heldMinSec": 407,
    "heldMaxSec": 651,
    "csvOutput": false
  },
  "rocHypothesis": {
    "target": 10,
    "stopLoss": 10,
    "cooldownSec": 60,
    "minWins": 2,
    "windowGridMin": [
      1,
      2,
      3,
      4,
      5,
      7,
      10,
      15
    ],
    "thresholdGrid": [
      5,
      10,
      15,
      20,
      25,
      30,
      40,
      50,
      60,
      75,
      100
    ],
    "csvOutput": false
  },
  "settings": {
    "minPrice": 20,
    "maxPrice": 30000,
    "targetPriceDiff": 2,
    "stopLossPriceDiff": 11,
    "trailingDistance": 4,
    "cooldownSeconds": 0,
    "logQuotes": false,
    "safetyBufferAmount": 5000,
    "consistencyLimitPercent": 40,
    "maxDailyDrawdownPercent": 25,
    "maxMonthlyDrawdownPercent": 50,
    "maxTradesPerDay": 10
  },
  "strategies": [
    {
      "type": "SentimentStrategy",
      "enabled": false,
      "averageThreshold": 20,
      "targetPrice": 2,
      "orderQuantity": 7200,
      "sentiment": "put",
      "loopCount": 1
    },
    {
      "type": "BuySellStrategy",
      "enabled": false,
      "initialQuantity": 150,
      "incrementFactor": "single",
      "incrementQuantity": 150,
      "averageThreshold": 10,
      "targetPrice": 5,
      "stopEnabled": false,
      "activateIntermittentCount": 100,
      "maxIterationCount": 10,
      "logEnabled": false,
      "right": "none"
    },
    {
      "type": "ContinuousStrategy",
      "enabled": false,
      "initialQuantity": 65,
      "slDistance": 10,
      "minPremium": 100,
      "allottedCapital": 200000,
      "spawnQuantityMode": "same",
      "averageQuantityMode": "same",
      "right": "none",
      "cooldownSeconds": 60,
      "refillCancelDistance": 50,
      "logEnabled": true
    },
    {
      "type": "IntermittentStrategy",
      "enabled": false,
      "loopCount": 3,
      "targetPrice": 2,
      "quantity": 75,
      "threshold": 10,
      "logEnabled": false
    },
    {
      "type": "RateOfChangeStrategy",
      "enabled": false,
      "pointsThreshold": 30,
      "accelerationThreshold": 5,
      "numberOfDatapointsReceived": 50,
      "quantity": 65,
      "targetPrice": 2,
      "stopLossPrice": 11,
      "maxHoldTimeMinutes": 30,
      "logEnabled": true
    },
    {
      "type": "GapStrategy",
      "enabled": false,
      "pointsThreshold": 20,
      "numberOfDatapointsReceived": 50,
      "quantity": 65,
      "targetPrice": 10,
      "stopLossPrice": 5,
      "maxHoldTimeMinutes": 600,
      "gapReversalMode": false,
      "gapReversalThreshold": 100,
      "logEnabled": true
    },
    {
      "type": "RuleBasedStrategy",
      "enabled": false,
      "indicators": [
        "RSI_5_70_30"
      ],
      "quantity": 65,
      "target": 10,
      "stopLoss": 20,
      "maxHoldTimeMinutes": 30,
      "logEnabled": true
    },
    {
      "type": "GoodMorningStrategy",
      "enabled": false,
      "quantity": 65,
      "targetPoints": 10,
      "stopLossPoints": 10,
      "logEnabled": true,
      "snapshotTime": "10:00",
      "confirmTime": "10:30",
      "previousClose": 24219,
      "minMovementPoints": 10
    },
    {
      "type": "GoodMorningSensexStrategy",
      "enabled": false,
      "quantity": 200,
      "targetPoints": 30,
      "stopLossPoints": 30,
      "logEnabled": true,
      "snapshotTime": "09:40",
      "confirmTime": "09:45",
      "minMovementPoints": 30
    },
    {
      "type": "SupportResistanceStrategy",
      "enabled": false,
      "supportPrice": 0,
      "resistancePrice": 0,
      "quantity": 1755,
      "targetPoints": 10,
      "stopLossPoints": 15,
      "logEnabled": true
    },
    {
      "type": "TargetReachStrategy",
      "enabled": false,
      "symbol": "NIFTY",
      "strike": 0,
      "expiry": "2026-01-01",
      "optionType": "CE",
      "targetPrice": 0,
      "quantity": 1755,
      "targetPoints": 10,
      "stopLossPoints": 15,
      "logEnabled": true
    }
  ]
}
[20:53:40] [Config._processFile] Dir Name: /home/karthikeyan/work/icici/dist/prism
[20:53:40] [Config._processFile] File Name: /home/karthikeyan/work/icici/dist/prism/config.js
[20:53:40] [NorenRestApi.reloadToken] Restored Shoonya access token from userToken.txt
Fri, 28 Aug 2026 15:23:41 GMT body-parser deprecated bodyParser: use individual json/urlencoded middlewares at dist/server.js:91:35
Fri, 28 Aug 2026 15:23:41 GMT body-parser deprecated undefined extended: provide extended option at node_modules/body-parser/index.js:104:29
[20:53:41] [Mongo.init] Mongo is initialized
[20:53:41] [Mongo._init] Mongo is initialized
[20:53:41] [Server.<anonymous>] [strategies] Frontend client connected
[20:53:41] [Server.<anonymous>] [order] Client connected, total: 2
[20:53:41] [Server.<anonymous>] [frontend] Listening on 3000
[20:53:41] [Socket.<anonymous>] [strategies] Connected to order process
[20:53:41] [Socket.<anonymous>] [frontend] Connected to strategies process
[20:53:41] [Config._processFile] lot count: 1
[20:53:41] [Config._processFile] Auto Trade: false
[orchestrator] [dev] Restarting frontend (data/order/strategies untouched)...
[orchestrator] [frontend] exited (code=0 signal=null)
[20:53:42] [Socket.<anonymous>] [order] Client disconnected, total: 1
[20:53:42] [ConfigService.loadConfig] Config Updated: {
  "srHypothesis": {
    "confirmWindowMin": 2,
    "maxJump": 15,
    "maxRangeWidth": 30,
    "buffer": 10,
    "target": 10,
    "stopLoss": 10,
    "breachBuffer": 0,
    "breachConfirmSec": 0,
    "heldMinSec": 407,
    "heldMaxSec": 651,
    "csvOutput": false
  },
  "rocHypothesis": {
    "target": 10,
    "stopLoss": 10,
    "cooldownSec": 60,
    "minWins": 2,
    "windowGridMin": [
      1,
      2,
      3,
      4,
      5,
      7,
      10,
      15
    ],
    "thresholdGrid": [
      5,
      10,
      15,
      20,
      25,
      30,
      40,
      50,
      60,
      75,
      100
    ],
    "csvOutput": false
  },
  "settings": {
    "minPrice": 20,
    "maxPrice": 30000,
    "targetPriceDiff": 2,
    "stopLossPriceDiff": 11,
    "trailingDistance": 4,
    "cooldownSeconds": 0,
    "logQuotes": false,
    "safetyBufferAmount": 5000,
    "consistencyLimitPercent": 40,
    "maxDailyDrawdownPercent": 25,
    "maxMonthlyDrawdownPercent": 50,
    "maxTradesPerDay": 10
  },
  "strategies": [
    {
      "type": "SentimentStrategy",
      "enabled": false,
      "averageThreshold": 20,
      "targetPrice": 2,
      "orderQuantity": 7200,
      "sentiment": "put",
      "loopCount": 1
    },
    {
      "type": "BuySellStrategy",
      "enabled": false,
      "initialQuantity": 150,
      "incrementFactor": "single",
      "incrementQuantity": 150,
      "averageThreshold": 10,
      "targetPrice": 5,
      "stopEnabled": false,
      "activateIntermittentCount": 100,
      "maxIterationCount": 10,
      "logEnabled": false,
      "right": "none"
    },
    {
      "type": "ContinuousStrategy",
      "enabled": false,
      "initialQuantity": 65,
      "slDistance": 10,
      "minPremium": 100,
      "allottedCapital": 200000,
      "spawnQuantityMode": "same",
      "averageQuantityMode": "same",
      "right": "none",
      "cooldownSeconds": 60,
      "refillCancelDistance": 50,
      "logEnabled": true
    },
    {
      "type": "IntermittentStrategy",
      "enabled": false,
      "loopCount": 3,
      "targetPrice": 2,
      "quantity": 75,
      "threshold": 10,
      "logEnabled": false
    },
    {
      "type": "RateOfChangeStrategy",
      "enabled": false,
      "pointsThreshold": 30,
      "accelerationThreshold": 5,
      "numberOfDatapointsReceived": 50,
      "quantity": 65,
      "targetPrice": 2,
      "stopLossPrice": 11,
      "maxHoldTimeMinutes": 30,
      "logEnabled": true
    },
    {
      "type": "GapStrategy",
      "enabled": false,
      "pointsThreshold": 20,
      "numberOfDatapointsReceived": 50,
      "quantity": 65,
      "targetPrice": 10,
      "stopLossPrice": 5,
      "maxHoldTimeMinutes": 600,
      "gapReversalMode": false,
      "gapReversalThreshold": 100,
      "logEnabled": true
    },
    {
      "type": "RuleBasedStrategy",
      "enabled": false,
      "indicators": [
        "RSI_5_70_30"
      ],
      "quantity": 65,
      "target": 10,
      "stopLoss": 20,
      "maxHoldTimeMinutes": 30,
      "logEnabled": true
    },
    {
      "type": "GoodMorningStrategy",
      "enabled": false,
      "quantity": 65,
      "targetPoints": 10,
      "stopLossPoints": 10,
      "logEnabled": true,
      "snapshotTime": "10:00",
      "confirmTime": "10:30",
      "previousClose": 24219,
      "minMovementPoints": 10
    },
    {
      "type": "GoodMorningSensexStrategy",
      "enabled": false,
      "quantity": 200,
      "targetPoints": 30,
      "stopLossPoints": 30,
      "logEnabled": true,
      "snapshotTime": "09:40",
      "confirmTime": "09:45",
      "minMovementPoints": 30
    },
    {
      "type": "SupportResistanceStrategy",
      "enabled": false,
      "supportPrice": 0,
      "resistancePrice": 0,
      "quantity": 1755,
      "targetPoints": 10,
      "stopLossPoints": 15,
      "logEnabled": true
    },
    {
      "type": "TargetReachStrategy",
      "enabled": false,
      "symbol": "NIFTY",
      "strike": 0,
      "expiry": "2026-01-01",
      "optionType": "CE",
      "targetPrice": 0,
      "quantity": 1755,
      "targetPoints": 10,
      "stopLossPoints": 15,
      "logEnabled": true
    }
  ]
}
[20:53:43] [Config._processFile] Dir Name: /home/karthikeyan/work/icici/dist/prism
[20:53:43] [Config._processFile] File Name: /home/karthikeyan/work/icici/dist/prism/config.js
[20:53:43] [NorenRestApi.reloadToken] Restored Shoonya access token from userToken.txt
Fri, 28 Aug 2026 15:23:44 GMT body-parser deprecated bodyParser: use individual json/urlencoded middlewares at dist/server.js:92:35
Fri, 28 Aug 2026 15:23:44 GMT body-parser deprecated undefined extended: provide extended option at node_modules/body-parser/index.js:104:29
[20:53:44] [Mongo.init] Mongo is initialized
[20:53:44] [Mongo._init] Mongo is initialized
[20:53:44] [Server.<anonymous>] [order] Client connected, total: 2
[20:53:44] [Server.<anonymous>] [strategies] Frontend client connected
[20:53:44] [Server.<anonymous>] [frontend] Listening on 3000
[20:53:44] [Config._processFile] lot count: 1
[20:53:44] [Config._processFile] Auto Trade: false
[20:53:44] [Socket.<anonymous>] [strategies] Connected to order process
[20:53:44] [Socket.<anonymous>] [frontend] Connected to strategies process
[orchestrator] [dev] Restarting strategies (data/order untouched)...
[orchestrator] [boot] Starting strategies...
[orchestrator] [strategies] exited (code=0 signal=null)
[20:53:46] [Socket.<anonymous>] [order] Client disconnected, total: 1
[20:53:46] [Socket.<anonymous>] [frontend] Disconnected from strategies process, retrying in 2s...
[20:53:47] [ConfigService.loadConfig] Config Updated: {
  "srHypothesis": {
    "confirmWindowMin": 2,
    "maxJump": 15,
    "maxRangeWidth": 30,
    "buffer": 10,
    "target": 10,
    "stopLoss": 10,
    "breachBuffer": 0,
    "breachConfirmSec": 0,
    "heldMinSec": 407,
    "heldMaxSec": 651,
    "csvOutput": false
  },
  "rocHypothesis": {
    "target": 10,
    "stopLoss": 10,
    "cooldownSec": 60,
    "minWins": 2,
    "windowGridMin": [
      1,
      2,
      3,
      4,
      5,
      7,
      10,
      15
    ],
    "thresholdGrid": [
      5,
      10,
      15,
      20,
      25,
      30,
      40,
      50,
      60,
      75,
      100
    ],
    "csvOutput": false
  },
  "settings": {
    "minPrice": 20,
    "maxPrice": 30000,
    "targetPriceDiff": 2,
    "stopLossPriceDiff": 11,
    "trailingDistance": 4,
    "cooldownSeconds": 0,
    "logQuotes": false,
    "safetyBufferAmount": 5000,
    "consistencyLimitPercent": 40,
    "maxDailyDrawdownPercent": 25,
    "maxMonthlyDrawdownPercent": 50,
    "maxTradesPerDay": 10
  },
  "strategies": [
    {
      "type": "SentimentStrategy",
      "enabled": false,
      "averageThreshold": 20,
      "targetPrice": 2,
      "orderQuantity": 7200,
      "sentiment": "put",
      "loopCount": 1
    },
    {
      "type": "BuySellStrategy",
      "enabled": false,
      "initialQuantity": 150,
      "incrementFactor": "single",
      "incrementQuantity": 150,
      "averageThreshold": 10,
      "targetPrice": 5,
      "stopEnabled": false,
      "activateIntermittentCount": 100,
      "maxIterationCount": 10,
      "logEnabled": false,
      "right": "none"
    },
    {
      "type": "ContinuousStrategy",
      "enabled": false,
      "initialQuantity": 65,
      "slDistance": 10,
      "minPremium": 100,
      "allottedCapital": 200000,
      "spawnQuantityMode": "same",
      "averageQuantityMode": "same",
      "right": "none",
      "cooldownSeconds": 60,
      "refillCancelDistance": 50,
      "logEnabled": true
    },
    {
      "type": "IntermittentStrategy",
      "enabled": false,
      "loopCount": 3,
      "targetPrice": 2,
      "quantity": 75,
      "threshold": 10,
      "logEnabled": false
    },
    {
      "type": "RateOfChangeStrategy",
      "enabled": false,
      "pointsThreshold": 30,
      "accelerationThreshold": 5,
      "numberOfDatapointsReceived": 50,
      "quantity": 65,
      "targetPrice": 2,
      "stopLossPrice": 11,
      "maxHoldTimeMinutes": 30,
      "logEnabled": true
    },
    {
      "type": "GapStrategy",
      "enabled": false,
      "pointsThreshold": 20,
      "numberOfDatapointsReceived": 50,
      "quantity": 65,
      "targetPrice": 10,
      "stopLossPrice": 5,
      "maxHoldTimeMinutes": 600,
      "gapReversalMode": false,
      "gapReversalThreshold": 100,
      "logEnabled": true
    },
    {
      "type": "RuleBasedStrategy",
      "enabled": false,
      "indicators": [
        "RSI_5_70_30"
      ],
      "quantity": 65,
      "target": 10,
      "stopLoss": 20,
      "maxHoldTimeMinutes": 30,
      "logEnabled": true
    },
    {
      "type": "GoodMorningStrategy",
      "enabled": false,
      "quantity": 65,
      "targetPoints": 10,
      "stopLossPoints": 10,
      "logEnabled": true,
      "snapshotTime": "10:00",
      "confirmTime": "10:30",
      "previousClose": 24219,
      "minMovementPoints": 10
    },
    {
      "type": "GoodMorningSensexStrategy",
      "enabled": false,
      "quantity": 200,
      "targetPoints": 30,
      "stopLossPoints": 30,
      "logEnabled": true,
      "snapshotTime": "09:40",
      "confirmTime": "09:45",
      "minMovementPoints": 30
    },
    {
      "type": "SupportResistanceStrategy",
      "enabled": false,
      "supportPrice": 0,
      "resistancePrice": 0,
      "quantity": 1755,
      "targetPoints": 10,
      "stopLossPoints": 15,
      "logEnabled": true
    },
    {
      "type": "TargetReachStrategy",
      "enabled": false,
      "symbol": "NIFTY",
      "strike": 0,
      "expiry": "2026-01-01",
      "optionType": "CE",
      "targetPrice": 0,
      "quantity": 1755,
      "targetPoints": 10,
      "stopLossPoints": 15,
      "logEnabled": true
    }
  ]
}
[20:53:47] [Config._processFile] Dir Name: /home/karthikeyan/work/icici/dist/prism
[20:53:47] [Config._processFile] File Name: /home/karthikeyan/work/icici/dist/prism/config.js
[20:53:48] [NorenRestApi.reloadToken] Restored Shoonya access token from userToken.txt
[orchestrator] [dev] Restarting strategies (data/order untouched)...
[orchestrator] [boot] Starting strategies...
[orchestrator] [strategies] exited (code=null signal=SIGTERM)
[20:53:49] [/home/karthikeyan/work/icici/dist/ipc/StrategiesClient.js:35:41] [frontend] Failed to parse strategies-process message:  Error: connect ENOENT /tmp/icici-strategies.sock
    at PipeConnectWrap.afterConnect [as oncomplete] (node:net:1615:16)
[20:53:49] [Socket.<anonymous>] [frontend] Strategies socket error: Error: connect ENOENT /tmp/icici-strategies.sock
    at PipeConnectWrap.afterConnect [as oncomplete] (node:net:1615:16)
[20:53:49] [Socket.<anonymous>] [frontend] Disconnected from strategies process, retrying in 2s...
[orchestrator] [dev] Restarting order (data/strategies/frontend untouched)...
[orchestrator] [order] exited (code=0 signal=null)
[20:53:49] [Socket.<anonymous>] [strategies] Disconnected from order process, retrying in 2s...
[20:53:49] [ConfigService.loadConfig] Config Updated: {
  "srHypothesis": {
    "confirmWindowMin": 2,
    "maxJump": 15,
    "maxRangeWidth": 30,
    "buffer": 10,
    "target": 10,
    "stopLoss": 10,
    "breachBuffer": 0,
    "breachConfirmSec": 0,
    "heldMinSec": 407,
    "heldMaxSec": 651,
    "csvOutput": false
  },
  "rocHypothesis": {
    "target": 10,
    "stopLoss": 10,
    "cooldownSec": 60,
    "minWins": 2,
    "windowGridMin": [
      1,
      2,
      3,
      4,
      5,
      7,
      10,
      15
    ],
    "thresholdGrid": [
      5,
      10,
      15,
      20,
      25,
      30,
      40,
      50,
      60,
      75,
      100
    ],
    "csvOutput": false
  },
  "settings": {
    "minPrice": 20,
    "maxPrice": 30000,
    "targetPriceDiff": 2,
    "stopLossPriceDiff": 11,
    "trailingDistance": 4,
    "cooldownSeconds": 0,
    "logQuotes": false,
    "safetyBufferAmount": 5000,
    "consistencyLimitPercent": 40,
    "maxDailyDrawdownPercent": 25,
    "maxMonthlyDrawdownPercent": 50,
    "maxTradesPerDay": 10
  },
  "strategies": [
    {
      "type": "SentimentStrategy",
      "enabled": false,
      "averageThreshold": 20,
      "targetPrice": 2,
      "orderQuantity": 7200,
      "sentiment": "put",
      "loopCount": 1
    },
    {
      "type": "BuySellStrategy",
      "enabled": false,
      "initialQuantity": 150,
      "incrementFactor": "single",
      "incrementQuantity": 150,
      "averageThreshold": 10,
      "targetPrice": 5,
      "stopEnabled": false,
      "activateIntermittentCount": 100,
      "maxIterationCount": 10,
      "logEnabled": false,
      "right": "none"
    },
    {
      "type": "ContinuousStrategy",
      "enabled": false,
      "initialQuantity": 65,
      "slDistance": 10,
      "minPremium": 100,
      "allottedCapital": 200000,
      "spawnQuantityMode": "same",
      "averageQuantityMode": "same",
      "right": "none",
      "cooldownSeconds": 60,
      "refillCancelDistance": 50,
      "logEnabled": true
    },
    {
      "type": "IntermittentStrategy",
      "enabled": false,
      "loopCount": 3,
      "targetPrice": 2,
      "quantity": 75,
      "threshold": 10,
      "logEnabled": false
    },
    {
      "type": "RateOfChangeStrategy",
      "enabled": false,
      "pointsThreshold": 30,
      "accelerationThreshold": 5,
      "numberOfDatapointsReceived": 50,
      "quantity": 65,
      "targetPrice": 2,
      "stopLossPrice": 11,
      "maxHoldTimeMinutes": 30,
      "logEnabled": true
    },
    {
      "type": "GapStrategy",
      "enabled": false,
      "pointsThreshold": 20,
      "numberOfDatapointsReceived": 50,
      "quantity": 65,
      "targetPrice": 10,
      "stopLossPrice": 5,
      "maxHoldTimeMinutes": 600,
      "gapReversalMode": false,
      "gapReversalThreshold": 100,
      "logEnabled": true
    },
    {
      "type": "RuleBasedStrategy",
      "enabled": false,
      "indicators": [
        "RSI_5_70_30"
      ],
      "quantity": 65,
      "target": 10,
      "stopLoss": 20,
      "maxHoldTimeMinutes": 30,
      "logEnabled": true
    },
    {
      "type": "GoodMorningStrategy",
      "enabled": false,
      "quantity": 65,
      "targetPoints": 10,
      "stopLossPoints": 10,
      "logEnabled": true,
      "snapshotTime": "10:00",
      "confirmTime": "10:30",
      "previousClose": 24219,
      "minMovementPoints": 10
    },
    {
      "type": "GoodMorningSensexStrategy",
      "enabled": false,
      "quantity": 200,
      "targetPoints": 30,
      "stopLossPoints": 30,
      "logEnabled": true,
      "snapshotTime": "09:40",
      "confirmTime": "09:45",
      "minMovementPoints": 30
    },
    {
      "type": "SupportResistanceStrategy",
      "enabled": false,
      "supportPrice": 0,
      "resistancePrice": 0,
      "quantity": 1755,
      "targetPoints": 10,
      "stopLossPoints": 15,
      "logEnabled": true
    },
    {
      "type": "TargetReachStrategy",
      "enabled": false,
      "symbol": "NIFTY",
      "strike": 0,
      "expiry": "2026-01-01",
      "optionType": "CE",
      "targetPrice": 0,
      "quantity": 1755,
      "targetPoints": 10,
      "stopLossPoints": 15,
      "logEnabled": true
    }
  ]
}
[20:53:49] [Config._processFile] Dir Name: /home/karthikeyan/work/icici/dist/prism
[20:53:49] [Config._processFile] File Name: /home/karthikeyan/work/icici/dist/prism/config.js
[20:53:49] [NorenRestApi.reloadToken] Restored Shoonya access token from userToken.txt
[20:53:50] [Mongo.init] Mongo is initialized
[20:53:50] [Mongo._init] Mongo is initialized
[20:53:50] [expandRuleBasedConfig] [StrategyFactory] Expanded RuleBasedStrategy into 1 instances
[20:53:50] [Strategies.initialize] [] expandedConfigArray:  [
  {
    "type": "SentimentStrategy",
    "enabled": false,
    "averageThreshold": 20,
    "targetPrice": 2,
    "orderQuantity": 7200,
    "sentiment": "put",
    "loopCount": 1
  },
  {
    "type": "BuySellStrategy",
    "enabled": false,
    "initialQuantity": 150,
    "incrementFactor": "single",
    "incrementQuantity": 150,
    "averageThreshold": 10,
    "targetPrice": 5,
    "stopEnabled": false,
    "activateIntermittentCount": 100,
    "maxIterationCount": 10,
    "logEnabled": false,
    "right": "none"
  },
  {
    "type": "ContinuousStrategy",
    "enabled": false,
    "initialQuantity": 65,
    "slDistance": 10,
    "minPremium": 100,
    "allottedCapital": 200000,
    "spawnQuantityMode": "same",
    "averageQuantityMode": "same",
    "right": "none",
    "cooldownSeconds": 60,
    "refillCancelDistance": 50,
    "logEnabled": true
  },
  {
    "type": "IntermittentStrategy",
    "enabled": false,
    "loopCount": 3,
    "targetPrice": 2,
    "quantity": 75,
    "threshold": 10,
    "logEnabled": false
  },
  {
    "type": "RateOfChangeStrategy",
    "enabled": false,
    "pointsThreshold": 30,
    "accelerationThreshold": 5,
    "numberOfDatapointsReceived": 50,
    "quantity": 65,
    "targetPrice": 2,
    "stopLossPrice": 11,
    "maxHoldTimeMinutes": 30,
    "logEnabled": true
  },
  {
    "type": "GapStrategy",
    "enabled": false,
    "pointsThreshold": 20,
    "numberOfDatapointsReceived": 50,
    "quantity": 65,
    "targetPrice": 10,
    "stopLossPrice": 5,
    "maxHoldTimeMinutes": 600,
    "gapReversalMode": false,
    "gapReversalThreshold": 100,
    "logEnabled": true
  },
  {
    "type": "RuleBasedStrategy",
    "enabled": false,
    "indicators": [
      "RSI_5_70_30"
    ],
    "quantity": 65,
    "target": 10,
    "stopLoss": 20,
    "maxHoldTimeMinutes": 30,
    "logEnabled": true,
    "userId": "Rule-RSI_5_70_30"
  },
  {
    "type": "GoodMorningStrategy",
    "enabled": false,
    "quantity": 65,
    "targetPoints": 10,
    "stopLossPoints": 10,
    "logEnabled": true,
    "snapshotTime": "10:00",
    "confirmTime": "10:30",
    "previousClose": 24219,
    "minMovementPoints": 10
  },
  {
    "type": "GoodMorningSensexStrategy",
    "enabled": false,
    "quantity": 200,
    "targetPoints": 30,
    "stopLossPoints": 30,
    "logEnabled": true,
    "snapshotTime": "09:40",
    "confirmTime": "09:45",
    "minMovementPoints": 30
  },
  {
    "type": "SupportResistanceStrategy",
    "enabled": false,
    "supportPrice": 0,
    "resistancePrice": 0,
    "quantity": 1755,
    "targetPoints": 10,
    "stopLossPoints": 15,
    "logEnabled": true
  },
  {
    "type": "TargetReachStrategy",
    "enabled": false,
    "symbol": "NIFTY",
    "strike": 0,
    "expiry": "2026-01-01",
    "optionType": "CE",
    "targetPrice": 0,
    "quantity": 1755,
    "targetPoints": 10,
    "stopLossPoints": 15,
    "logEnabled": true
  }
]
[20:53:50] [expandRuleBasedConfig] [StrategyFactory] Expanded RuleBasedStrategy into 1 instances
[20:53:50] [new RuleBasedStrategy] [RuleBased:Rule-RSI_5_70_30] Initialized with indicators: RSI_5_70_30
[20:53:50] [Strategies.initialize] [Strategies] Initialized 11 strategies: [
  "SentimentStrategy(SentimentStrategy, enabled=false)",
  "BuySellStrategy(BuySellStrategy, enabled=false)",
  "ContinuousStrategy(ContinuousStrategy, enabled=false)",
  "IntermittentStrategy(IntermittentStrategy, enabled=false)",
  "RateOfChangeStrategy(RateOfChangeStrategy, enabled=false)",
  "GapStrategy(GapStrategy, enabled=false)",
  "RuleBasedStrategy(Rule-RSI_5_70_30, enabled=false)",
  "GoodMorningStrategy(GoodMorningStrategy, enabled=false)",
  "GoodMorningSensexStrategy(GoodMorningSensexStrategy, enabled=false)",
  "SupportResistanceStrategy(SupportResistanceStrategy, enabled=false)",
  "TargetReachStrategy(TargetReachStrategy, enabled=false)"
]
[20:53:50] [main] [strategies] Ready - 11 strategies loaded.
[20:53:50] [BuySellStrategy.reconcileOrderState] BuySellStrategy  BuySellStrategy: reconcileOrderState attempt 1/15 failed:  Not connected to order process
[20:53:50] [ConfigService.loadConfig] Config Updated: {
  "srHypothesis": {
    "confirmWindowMin": 2,
    "maxJump": 15,
    "maxRangeWidth": 30,
    "buffer": 10,
    "target": 10,
    "stopLoss": 10,
    "breachBuffer": 0,
    "breachConfirmSec": 0,
    "heldMinSec": 407,
    "heldMaxSec": 651,
    "csvOutput": false
  },
  "rocHypothesis": {
    "target": 10,
    "stopLoss": 10,
    "cooldownSec": 60,
    "minWins": 2,
    "windowGridMin": [
      1,
      2,
      3,
      4,
      5,
      7,
      10,
      15
    ],
    "thresholdGrid": [
      5,
      10,
      15,
      20,
      25,
      30,
      40,
      50,
      60,
      75,
      100
    ],
    "csvOutput": false
  },
  "settings": {
    "minPrice": 20,
    "maxPrice": 30000,
    "targetPriceDiff": 2,
    "stopLossPriceDiff": 11,
    "trailingDistance": 4,
    "cooldownSeconds": 0,
    "logQuotes": false,
    "safetyBufferAmount": 5000,
    "consistencyLimitPercent": 40,
    "maxDailyDrawdownPercent": 25,
    "maxMonthlyDrawdownPercent": 50,
    "maxTradesPerDay": 10
  },
  "strategies": [
    {
      "type": "SentimentStrategy",
      "enabled": false,
      "averageThreshold": 20,
      "targetPrice": 2,
      "orderQuantity": 7200,
      "sentiment": "put",
      "loopCount": 1
    },
    {
      "type": "BuySellStrategy",
      "enabled": false,
      "initialQuantity": 150,
      "incrementFactor": "single",
      "incrementQuantity": 150,
      "averageThreshold": 10,
      "targetPrice": 5,
      "stopEnabled": false,
      "activateIntermittentCount": 100,
      "maxIterationCount": 10,
      "logEnabled": false,
      "right": "none"
    },
    {
      "type": "ContinuousStrategy",
      "enabled": false,
      "initialQuantity": 65,
      "slDistance": 10,
      "minPremium": 100,
      "allottedCapital": 200000,
      "spawnQuantityMode": "same",
      "averageQuantityMode": "same",
      "right": "none",
      "cooldownSeconds": 60,
      "refillCancelDistance": 50,
      "logEnabled": true
    },
    {
      "type": "IntermittentStrategy",
      "enabled": false,
      "loopCount": 3,
      "targetPrice": 2,
      "quantity": 75,
      "threshold": 10,
      "logEnabled": false
    },
    {
      "type": "RateOfChangeStrategy",
      "enabled": false,
      "pointsThreshold": 30,
      "accelerationThreshold": 5,
      "numberOfDatapointsReceived": 50,
      "quantity": 65,
      "targetPrice": 2,
      "stopLossPrice": 11,
      "maxHoldTimeMinutes": 30,
      "logEnabled": true
    },
    {
      "type": "GapStrategy",
      "enabled": false,
      "pointsThreshold": 20,
      "numberOfDatapointsReceived": 50,
      "quantity": 65,
      "targetPrice": 10,
      "stopLossPrice": 5,
      "maxHoldTimeMinutes": 600,
      "gapReversalMode": false,
      "gapReversalThreshold": 100,
      "logEnabled": true
    },
    {
      "type": "RuleBasedStrategy",
      "enabled": false,
      "indicators": [
        "RSI_5_70_30"
      ],
      "quantity": 65,
      "target": 10,
      "stopLoss": 20,
      "maxHoldTimeMinutes": 30,
      "logEnabled": true
    },
    {
      "type": "GoodMorningStrategy",
      "enabled": false,
      "quantity": 65,
      "targetPoints": 10,
      "stopLossPoints": 10,
      "logEnabled": true,
      "snapshotTime": "10:00",
      "confirmTime": "10:30",
      "previousClose": 24219,
      "minMovementPoints": 10
    },
    {
      "type": "GoodMorningSensexStrategy",
      "enabled": false,
      "quantity": 200,
      "targetPoints": 30,
      "stopLossPoints": 30,
      "logEnabled": true,
      "snapshotTime": "09:40",
      "confirmTime": "09:45",
      "minMovementPoints": 30
    },
    {
      "type": "SupportResistanceStrategy",
      "enabled": false,
      "supportPrice": 0,
      "resistancePrice": 0,
      "quantity": 1755,
      "targetPoints": 10,
      "stopLossPoints": 15,
      "logEnabled": true
    },
    {
      "type": "TargetReachStrategy",
      "enabled": false,
      "symbol": "NIFTY",
      "strike": 0,
      "expiry": "2026-01-01",
      "optionType": "CE",
      "targetPrice": 0,
      "quantity": 1755,
      "targetPoints": 10,
      "stopLossPoints": 15,
      "logEnabled": true
    }
  ]
}
[20:53:50] [Server.<anonymous>] [strategies] Listening on /tmp/icici-strategies.sock
[20:53:50] [/home/karthikeyan/work/icici/dist/processes/strategies/OrderClient.js:53:41] [strategies] Failed to parse order-process message:  Error: connect ENOENT /tmp/icici-order.sock
    at PipeConnectWrap.afterConnect [as oncomplete] (node:net:1615:16)
[20:53:50] [Socket.<anonymous>] [strategies] Order socket error: Error: connect ENOENT /tmp/icici-order.sock
    at PipeConnectWrap.afterConnect [as oncomplete] (node:net:1615:16)
[20:53:50] [Socket.<anonymous>] [strategies] Disconnected from order process, retrying in 2s...
[20:53:50] [Config._processFile] lot count: 1
[20:53:50] [Config._processFile] Auto Trade: false
[orchestrator] [dev] Restarting frontend (data/order/strategies untouched)...
[orchestrator] [frontend] exited (code=0 signal=null)
[20:53:51] [Config._processFile] Dir Name: /home/karthikeyan/work/icici/dist/prism
[20:53:51] [Config._processFile] File Name: /home/karthikeyan/work/icici/dist/prism/config.js
[20:53:51] [NorenRestApi.reloadToken] Restored Shoonya access token from userToken.txt
[orchestrator] [dev] Restarting data (order/strategies/frontend untouched)...
[orchestrator] [data] exited (code=0 signal=null)
[orchestrator] [dev] Restarting order (data/strategies/frontend untouched)...
[orchestrator] [dev] Restarting strategies (data/order untouched)...
[orchestrator] [boot] Starting strategies...
[orchestrator] [order] exited (code=null signal=SIGTERM)
[orchestrator] [strategies] exited (code=0 signal=null)
[20:53:52] [ConfigService.loadConfig] Config Updated: {
  "srHypothesis": {
    "confirmWindowMin": 2,
    "maxJump": 15,
    "maxRangeWidth": 30,
    "buffer": 10,
    "target": 10,
    "stopLoss": 10,
    "breachBuffer": 0,
    "breachConfirmSec": 0,
    "heldMinSec": 407,
    "heldMaxSec": 651,
    "csvOutput": false
  },
  "rocHypothesis": {
    "target": 10,
    "stopLoss": 10,
    "cooldownSec": 60,
    "minWins": 2,
    "windowGridMin": [
      1,
      2,
      3,
      4,
      5,
      7,
      10,
      15
    ],
    "thresholdGrid": [
      5,
      10,
      15,
      20,
      25,
      30,
      40,
      50,
      60,
      75,
      100
    ],
    "csvOutput": false
  },
  "settings": {
    "minPrice": 20,
    "maxPrice": 30000,
    "targetPriceDiff": 2,
    "stopLossPriceDiff": 11,
    "trailingDistance": 4,
    "cooldownSeconds": 0,
    "logQuotes": false,
    "safetyBufferAmount": 5000,
    "consistencyLimitPercent": 40,
    "maxDailyDrawdownPercent": 25,
    "maxMonthlyDrawdownPercent": 50,
    "maxTradesPerDay": 10
  },
  "strategies": [
    {
      "type": "SentimentStrategy",
      "enabled": false,
      "averageThreshold": 20,
      "targetPrice": 2,
      "orderQuantity": 7200,
      "sentiment": "put",
      "loopCount": 1
    },
    {
      "type": "BuySellStrategy",
      "enabled": false,
      "initialQuantity": 150,
      "incrementFactor": "single",
      "incrementQuantity": 150,
      "averageThreshold": 10,
      "targetPrice": 5,
      "stopEnabled": false,
      "activateIntermittentCount": 100,
      "maxIterationCount": 10,
      "logEnabled": false,
      "right": "none"
    },
    {
      "type": "ContinuousStrategy",
      "enabled": false,
      "initialQuantity": 65,
      "slDistance": 10,
      "minPremium": 100,
      "allottedCapital": 200000,
      "spawnQuantityMode": "same",
      "averageQuantityMode": "same",
      "right": "none",
      "cooldownSeconds": 60,
      "refillCancelDistance": 50,
      "logEnabled": true
    },
    {
      "type": "IntermittentStrategy",
      "enabled": false,
      "loopCount": 3,
      "targetPrice": 2,
      "quantity": 75,
      "threshold": 10,
      "logEnabled": false
    },
    {
      "type": "RateOfChangeStrategy",
      "enabled": false,
      "pointsThreshold": 30,
      "accelerationThreshold": 5,
      "numberOfDatapointsReceived": 50,
      "quantity": 65,
      "targetPrice": 2,
      "stopLossPrice": 11,
      "maxHoldTimeMinutes": 30,
      "logEnabled": true
    },
    {
      "type": "GapStrategy",
      "enabled": false,
      "pointsThreshold": 20,
      "numberOfDatapointsReceived": 50,
      "quantity": 65,
      "targetPrice": 10,
      "stopLossPrice": 5,
      "maxHoldTimeMinutes": 600,
      "gapReversalMode": false,
      "gapReversalThreshold": 100,
      "logEnabled": true
    },
    {
      "type": "RuleBasedStrategy",
      "enabled": false,
      "indicators": [
        "RSI_5_70_30"
      ],
      "quantity": 65,
      "target": 10,
      "stopLoss": 20,
      "maxHoldTimeMinutes": 30,
      "logEnabled": true
    },
    {
      "type": "GoodMorningStrategy",
      "enabled": false,
      "quantity": 65,
      "targetPoints": 10,
      "stopLossPoints": 10,
      "logEnabled": true,
      "snapshotTime": "10:00",
      "confirmTime": "10:30",
      "previousClose": 24219,
      "minMovementPoints": 10
    },
    {
      "type": "GoodMorningSensexStrategy",
      "enabled": false,
      "quantity": 200,
      "targetPoints": 30,
      "stopLossPoints": 30,
      "logEnabled": true,
      "snapshotTime": "09:40",
      "confirmTime": "09:45",
      "minMovementPoints": 30
    },
    {
      "type": "SupportResistanceStrategy",
      "enabled": false,
      "supportPrice": 0,
      "resistancePrice": 0,
      "quantity": 1755,
      "targetPoints": 10,
      "stopLossPoints": 15,
      "logEnabled": true
    },
    {
      "type": "TargetReachStrategy",
      "enabled": false,
      "symbol": "NIFTY",
      "strike": 0,
      "expiry": "2026-01-01",
      "optionType": "CE",
      "targetPrice": 0,
      "quantity": 1755,
      "targetPoints": 10,
      "stopLossPoints": 15,
      "logEnabled": true
    }
  ]
}
[20:53:53] [ConfigService.loadConfig] Config Updated: {
  "srHypothesis": {
    "confirmWindowMin": 2,
    "maxJump": 15,
    "maxRangeWidth": 30,
    "buffer": 10,
    "target": 10,
    "stopLoss": 10,
    "breachBuffer": 0,
    "breachConfirmSec": 0,
    "heldMinSec": 407,
    "heldMaxSec": 651,
    "csvOutput": false
  },
  "rocHypothesis": {
    "target": 10,
    "stopLoss": 10,
    "cooldownSec": 60,
    "minWins": 2,
    "windowGridMin": [
      1,
      2,
      3,
      4,
      5,
      7,
      10,
      15
    ],
    "thresholdGrid": [
      5,
      10,
      15,
      20,
      25,
      30,
      40,
      50,
      60,
      75,
      100
    ],
    "csvOutput": false
  },
  "settings": {
    "minPrice": 20,
    "maxPrice": 30000,
    "targetPriceDiff": 2,
    "stopLossPriceDiff": 11,
    "trailingDistance": 4,
    "cooldownSeconds": 0,
    "logQuotes": false,
    "safetyBufferAmount": 5000,
    "consistencyLimitPercent": 40,
    "maxDailyDrawdownPercent": 25,
    "maxMonthlyDrawdownPercent": 50,
    "maxTradesPerDay": 10
  },
  "strategies": [
    {
      "type": "SentimentStrategy",
      "enabled": false,
      "averageThreshold": 20,
      "targetPrice": 2,
      "orderQuantity": 7200,
      "sentiment": "put",
      "loopCount": 1
    },
    {
      "type": "BuySellStrategy",
      "enabled": false,
      "initialQuantity": 150,
      "incrementFactor": "single",
      "incrementQuantity": 150,
      "averageThreshold": 10,
      "targetPrice": 5,
      "stopEnabled": false,
      "activateIntermittentCount": 100,
      "maxIterationCount": 10,
      "logEnabled": false,
      "right": "none"
    },
    {
      "type": "ContinuousStrategy",
      "enabled": false,
      "initialQuantity": 65,
      "slDistance": 10,
      "minPremium": 100,
      "allottedCapital": 200000,
      "spawnQuantityMode": "same",
      "averageQuantityMode": "same",
      "right": "none",
      "cooldownSeconds": 60,
      "refillCancelDistance": 50,
      "logEnabled": true
    },
    {
      "type": "IntermittentStrategy",
      "enabled": false,
      "loopCount": 3,
      "targetPrice": 2,
      "quantity": 75,
      "threshold": 10,
      "logEnabled": false
    },
    {
      "type": "RateOfChangeStrategy",
      "enabled": false,
      "pointsThreshold": 30,
      "accelerationThreshold": 5,
      "numberOfDatapointsReceived": 50,
      "quantity": 65,
      "targetPrice": 2,
      "stopLossPrice": 11,
      "maxHoldTimeMinutes": 30,
      "logEnabled": true
    },
    {
      "type": "GapStrategy",
      "enabled": false,
      "pointsThreshold": 20,
      "numberOfDatapointsReceived": 50,
      "quantity": 65,
      "targetPrice": 10,
      "stopLossPrice": 5,
      "maxHoldTimeMinutes": 600,
      "gapReversalMode": false,
      "gapReversalThreshold": 100,
      "logEnabled": true
    },
    {
      "type": "RuleBasedStrategy",
      "enabled": false,
      "indicators": [
        "RSI_5_70_30"
      ],
      "quantity": 65,
      "target": 10,
      "stopLoss": 20,
      "maxHoldTimeMinutes": 30,
      "logEnabled": true
    },
    {
      "type": "GoodMorningStrategy",
      "enabled": false,
      "quantity": 65,
      "targetPoints": 10,
      "stopLossPoints": 10,
      "logEnabled": true,
      "snapshotTime": "10:00",
      "confirmTime": "10:30",
      "previousClose": 24219,
      "minMovementPoints": 10
    },
    {
      "type": "GoodMorningSensexStrategy",
      "enabled": false,
      "quantity": 200,
      "targetPoints": 30,
      "stopLossPoints": 30,
      "logEnabled": true,
      "snapshotTime": "09:40",
      "confirmTime": "09:45",
      "minMovementPoints": 30
    },
    {
      "type": "SupportResistanceStrategy",
      "enabled": false,
      "supportPrice": 0,
      "resistancePrice": 0,
      "quantity": 1755,
      "targetPoints": 10,
      "stopLossPoints": 15,
      "logEnabled": true
    },
    {
      "type": "TargetReachStrategy",
      "enabled": false,
      "symbol": "NIFTY",
      "strike": 0,
      "expiry": "2026-01-01",
      "optionType": "CE",
      "targetPrice": 0,
      "quantity": 1755,
      "targetPoints": 10,
      "stopLossPoints": 15,
      "logEnabled": true
    }
  ]
}
[20:53:53] [Mongo.init] Mongo is initialized
[20:53:54] [ConfigService.loadConfig] Config Updated: {
  "srHypothesis": {
    "confirmWindowMin": 2,
    "maxJump": 15,
    "maxRangeWidth": 30,
    "buffer": 10,
    "target": 10,
    "stopLoss": 10,
    "breachBuffer": 0,
    "breachConfirmSec": 0,
    "heldMinSec": 407,
    "heldMaxSec": 651,
    "csvOutput": false
  },
  "rocHypothesis": {
    "target": 10,
    "stopLoss": 10,
    "cooldownSec": 60,
    "minWins": 2,
    "windowGridMin": [
      1,
      2,
      3,
      4,
      5,
      7,
      10,
      15
    ],
    "thresholdGrid": [
      5,
      10,
      15,
      20,
      25,
      30,
      40,
      50,
      60,
      75,
      100
    ],
    "csvOutput": false
  },
  "settings": {
    "minPrice": 20,
    "maxPrice": 30000,
    "targetPriceDiff": 2,
    "stopLossPriceDiff": 11,
    "trailingDistance": 4,
    "cooldownSeconds": 0,
    "logQuotes": false,
    "safetyBufferAmount": 5000,
    "consistencyLimitPercent": 40,
    "maxDailyDrawdownPercent": 25,
    "maxMonthlyDrawdownPercent": 50,
    "maxTradesPerDay": 10
  },
  "strategies": [
    {
      "type": "SentimentStrategy",
      "enabled": false,
      "averageThreshold": 20,
      "targetPrice": 2,
      "orderQuantity": 7200,
      "sentiment": "put",
      "loopCount": 1
    },
    {
      "type": "BuySellStrategy",
      "enabled": false,
      "initialQuantity": 150,
      "incrementFactor": "single",
      "incrementQuantity": 150,
      "averageThreshold": 10,
      "targetPrice": 5,
      "stopEnabled": false,
      "activateIntermittentCount": 100,
      "maxIterationCount": 10,
      "logEnabled": false,
      "right": "none"
    },
    {
      "type": "ContinuousStrategy",
      "enabled": false,
      "initialQuantity": 65,
      "slDistance": 10,
      "minPremium": 100,
      "allottedCapital": 200000,
      "spawnQuantityMode": "same",
      "averageQuantityMode": "same",
      "right": "none",
      "cooldownSeconds": 60,
      "refillCancelDistance": 50,
      "logEnabled": true
    },
    {
      "type": "IntermittentStrategy",
      "enabled": false,
      "loopCount": 3,
      "targetPrice": 2,
      "quantity": 75,
      "threshold": 10,
      "logEnabled": false
    },
    {
      "type": "RateOfChangeStrategy",
      "enabled": false,
      "pointsThreshold": 30,
      "accelerationThreshold": 5,
      "numberOfDatapointsReceived": 50,
      "quantity": 65,
      "targetPrice": 2,
      "stopLossPrice": 11,
      "maxHoldTimeMinutes": 30,
      "logEnabled": true
    },
    {
      "type": "GapStrategy",
      "enabled": false,
      "pointsThreshold": 20,
      "numberOfDatapointsReceived": 50,
      "quantity": 65,
      "targetPrice": 10,
      "stopLossPrice": 5,
      "maxHoldTimeMinutes": 600,
      "gapReversalMode": false,
      "gapReversalThreshold": 100,
      "logEnabled": true
    },
    {
      "type": "RuleBasedStrategy",
      "enabled": false,
      "indicators": [
        "RSI_5_70_30"
      ],
      "quantity": 65,
      "target": 10,
      "stopLoss": 20,
      "maxHoldTimeMinutes": 30,
      "logEnabled": true
    },
    {
      "type": "GoodMorningStrategy",
      "enabled": false,
      "quantity": 65,
      "targetPoints": 10,
      "stopLossPoints": 10,
      "logEnabled": true,
      "snapshotTime": "10:00",
      "confirmTime": "10:30",
      "previousClose": 24219,
      "minMovementPoints": 10
    },
    {
      "type": "GoodMorningSensexStrategy",
      "enabled": false,
      "quantity": 200,
      "targetPoints": 30,
      "stopLossPoints": 30,
      "logEnabled": true,
      "snapshotTime": "09:40",
      "confirmTime": "09:45",
      "minMovementPoints": 30
    },
    {
      "type": "SupportResistanceStrategy",
      "enabled": false,
      "supportPrice": 0,
      "resistancePrice": 0,
      "quantity": 1755,
      "targetPoints": 10,
      "stopLossPoints": 15,
      "logEnabled": true
    },
    {
      "type": "TargetReachStrategy",
      "enabled": false,
      "symbol": "NIFTY",
      "strike": 0,
      "expiry": "2026-01-01",
      "optionType": "CE",
      "targetPrice": 0,
      "quantity": 1755,
      "targetPoints": 10,
      "stopLossPoints": 15,
      "logEnabled": true
    }
  ]
}
[20:53:54] [Mongo._init] Mongo is initialized
[20:53:54] [ConfigService.loadConfig] Config Updated: {
  "srHypothesis": {
    "confirmWindowMin": 2,
    "maxJump": 15,
    "maxRangeWidth": 30,
    "buffer": 10,
    "target": 10,
    "stopLoss": 10,
    "breachBuffer": 0,
    "breachConfirmSec": 0,
    "heldMinSec": 407,
    "heldMaxSec": 651,
    "csvOutput": false
  },
  "rocHypothesis": {
    "target": 10,
    "stopLoss": 10,
    "cooldownSec": 60,
    "minWins": 2,
    "windowGridMin": [
      1,
      2,
      3,
      4,
      5,
      7,
      10,
      15
    ],
    "thresholdGrid": [
      5,
      10,
      15,
      20,
      25,
      30,
      40,
      50,
      60,
      75,
      100
    ],
    "csvOutput": false
  },
  "settings": {
    "minPrice": 20,
    "maxPrice": 30000,
    "targetPriceDiff": 2,
    "stopLossPriceDiff": 11,
    "trailingDistance": 4,
    "cooldownSeconds": 0,
    "logQuotes": false,
    "safetyBufferAmount": 5000,
    "consistencyLimitPercent": 40,
    "maxDailyDrawdownPercent": 25,
    "maxMonthlyDrawdownPercent": 50,
    "maxTradesPerDay": 10
  },
  "strategies": [
    {
      "type": "SentimentStrategy",
      "enabled": false,
      "averageThreshold": 20,
      "targetPrice": 2,
      "orderQuantity": 7200,
      "sentiment": "put",
      "loopCount": 1
    },
    {
      "type": "BuySellStrategy",
      "enabled": false,
      "initialQuantity": 150,
      "incrementFactor": "single",
      "incrementQuantity": 150,
      "averageThreshold": 10,
      "targetPrice": 5,
      "stopEnabled": false,
      "activateIntermittentCount": 100,
      "maxIterationCount": 10,
      "logEnabled": false,
      "right": "none"
    },
    {
      "type": "ContinuousStrategy",
      "enabled": false,
      "initialQuantity": 65,
      "slDistance": 10,
      "minPremium": 100,
      "allottedCapital": 200000,
      "spawnQuantityMode": "same",
      "averageQuantityMode": "same",
      "right": "none",
      "cooldownSeconds": 60,
      "refillCancelDistance": 50,
      "logEnabled": true
    },
    {
      "type": "IntermittentStrategy",
      "enabled": false,
      "loopCount": 3,
      "targetPrice": 2,
      "quantity": 75,
      "threshold": 10,
      "logEnabled": false
    },
    {
      "type": "RateOfChangeStrategy",
      "enabled": false,
      "pointsThreshold": 30,
      "accelerationThreshold": 5,
      "numberOfDatapointsReceived": 50,
      "quantity": 65,
      "targetPrice": 2,
      "stopLossPrice": 11,
      "maxHoldTimeMinutes": 30,
      "logEnabled": true
    },
    {
      "type": "GapStrategy",
      "enabled": false,
      "pointsThreshold": 20,
      "numberOfDatapointsReceived": 50,
      "quantity": 65,
      "targetPrice": 10,
      "stopLossPrice": 5,
      "maxHoldTimeMinutes": 600,
      "gapReversalMode": false,
      "gapReversalThreshold": 100,
      "logEnabled": true
    },
    {
      "type": "RuleBasedStrategy",
      "enabled": false,
      "indicators": [
        "RSI_5_70_30"
      ],
      "quantity": 65,
      "target": 10,
      "stopLoss": 20,
      "maxHoldTimeMinutes": 30,
      "logEnabled": true
    },
    {
      "type": "GoodMorningStrategy",
      "enabled": false,
      "quantity": 65,
      "targetPoints": 10,
      "stopLossPoints": 10,
      "logEnabled": true,
      "snapshotTime": "10:00",
      "confirmTime": "10:30",
      "previousClose": 24219,
      "minMovementPoints": 10
    },
    {
      "type": "GoodMorningSensexStrategy",
      "enabled": false,
      "quantity": 200,
      "targetPoints": 30,
      "stopLossPoints": 30,
      "logEnabled": true,
      "snapshotTime": "09:40",
      "confirmTime": "09:45",
      "minMovementPoints": 30
    },
    {
      "type": "SupportResistanceStrategy",
      "enabled": false,
      "supportPrice": 0,
      "resistancePrice": 0,
      "quantity": 1755,
      "targetPoints": 10,
      "stopLossPoints": 15,
      "logEnabled": true
    },
    {
      "type": "TargetReachStrategy",
      "enabled": false,
      "symbol": "NIFTY",
      "strike": 0,
      "expiry": "2026-01-01",
      "optionType": "CE",
      "targetPrice": 0,
      "quantity": 1755,
      "targetPoints": 10,
      "stopLossPoints": 15,
      "logEnabled": true
    }
  ]
}
[20:53:54] [AntDataStream.connect] [AntDataStream] Connecting to ANT streaming...
[20:53:54] [ANT.loadSession] ANT session loaded from file
[20:53:54] [AntSession.prepareWsSession] [AntSession] Creating WS session (createWsSess)...
[20:53:54] [Config._processFile] Dir Name: /home/karthikeyan/work/icici/dist/prism
[20:53:54] [Config._processFile] File Name: /home/karthikeyan/work/icici/dist/prism/config.js
[20:53:54] [NorenRestApi.reloadToken] Restored Shoonya access token from userToken.txt
[20:53:54] [Config._processFile] Dir Name: /home/karthikeyan/work/icici/dist/prism
[20:53:54] [Config._processFile] File Name: /home/karthikeyan/work/icici/dist/prism/config.js
[20:53:54] [NorenRestApi.reloadToken] Restored Shoonya access token from userToken.txt
[20:53:55] [Config._processFile] Dir Name: /home/karthikeyan/work/icici/dist/prism
[20:53:55] [Config._processFile] File Name: /home/karthikeyan/work/icici/dist/prism/config.js
[20:53:55] [AntSession.prepareWsSession] [AntSession] createWsSess response: {
  "status": "Ok",
  "message": "Success",
  "result": [
    {
      "Status": "OK"
    }
  ]
}
[20:53:55] [AntSession.prepareWsSession] [AntSession] WS session prepared successfully
[20:53:55] [NorenRestApi.reloadToken] Restored Shoonya access token from userToken.txt
[20:53:55] [ws.onopen] [AntWS] Connected, sending auth payload...
[20:53:55] [AntDataStream.connect] [AntDataStream] Connected and streaming
[20:53:55] [main] [data] Ready - NIFTY/SENSEX always subscribed, streaming to stdout.
[20:53:55] [ws.onmessage] [AntWS] Connect ack: {
  "t": "ck",
  "s": "OK",
  "uid": "924118_API"
}
[20:53:55] [/home/karthikeyan/work/icici/dist/processes/data/AntDataStream.js:57:27] [AntDataStream] WebSocket open, subscribing to always-on instruments...
[20:53:55] [AntWebSocket.subscribe] [AntWS] Subscribing: NSE|26000#BSE|1
[20:53:55] [Mongo.init] Mongo is initialized
[20:53:55] [Config._processFile] lot count: 1
[20:53:55] [Config._processFile] Auto Trade: false
[20:53:56] [Mongo._init] Mongo is initialized
[20:53:56] [expandRuleBasedConfig] [StrategyFactory] Expanded RuleBasedStrategy into 1 instances
[20:53:56] [Strategies.initialize] [] expandedConfigArray:  [
  {
    "type": "SentimentStrategy",
    "enabled": false,
    "averageThreshold": 20,
    "targetPrice": 2,
    "orderQuantity": 7200,
    "sentiment": "put",
    "loopCount": 1
  },
  {
    "type": "BuySellStrategy",
    "enabled": false,
    "initialQuantity": 150,
    "incrementFactor": "single",
    "incrementQuantity": 150,
    "averageThreshold": 10,
    "targetPrice": 5,
    "stopEnabled": false,
    "activateIntermittentCount": 100,
    "maxIterationCount": 10,
    "logEnabled": false,
    "right": "none"
  },
  {
    "type": "ContinuousStrategy",
    "enabled": false,
    "initialQuantity": 65,
    "slDistance": 10,
    "minPremium": 100,
    "allottedCapital": 200000,
    "spawnQuantityMode": "same",
    "averageQuantityMode": "same",
    "right": "none",
    "cooldownSeconds": 60,
    "refillCancelDistance": 50,
    "logEnabled": true
  },
  {
    "type": "IntermittentStrategy",
    "enabled": false,
    "loopCount": 3,
    "targetPrice": 2,
    "quantity": 75,
    "threshold": 10,
    "logEnabled": false
  },
  {
    "type": "RateOfChangeStrategy",
    "enabled": false,
    "pointsThreshold": 30,
    "accelerationThreshold": 5,
    "numberOfDatapointsReceived": 50,
    "quantity": 65,
    "targetPrice": 2,
    "stopLossPrice": 11,
    "maxHoldTimeMinutes": 30,
    "logEnabled": true
  },
  {
    "type": "GapStrategy",
    "enabled": false,
    "pointsThreshold": 20,
    "numberOfDatapointsReceived": 50,
    "quantity": 65,
    "targetPrice": 10,
    "stopLossPrice": 5,
    "maxHoldTimeMinutes": 600,
    "gapReversalMode": false,
    "gapReversalThreshold": 100,
    "logEnabled": true
  },
  {
    "type": "RuleBasedStrategy",
    "enabled": false,
    "indicators": [
      "RSI_5_70_30"
    ],
    "quantity": 65,
    "target": 10,
    "stopLoss": 20,
    "maxHoldTimeMinutes": 30,
    "logEnabled": true,
    "userId": "Rule-RSI_5_70_30"
  },
  {
    "type": "GoodMorningStrategy",
    "enabled": false,
    "quantity": 65,
    "targetPoints": 10,
    "stopLossPoints": 10,
    "logEnabled": true,
    "snapshotTime": "10:00",
    "confirmTime": "10:30",
    "previousClose": 24219,
    "minMovementPoints": 10
  },
  {
    "type": "GoodMorningSensexStrategy",
    "enabled": false,
    "quantity": 200,
    "targetPoints": 30,
    "stopLossPoints": 30,
    "logEnabled": true,
    "snapshotTime": "09:40",
    "confirmTime": "09:45",
    "minMovementPoints": 30
  },
  {
    "type": "SupportResistanceStrategy",
    "enabled": false,
    "supportPrice": 0,
    "resistancePrice": 0,
    "quantity": 1755,
    "targetPoints": 10,
    "stopLossPoints": 15,
    "logEnabled": true
  },
  {
    "type": "TargetReachStrategy",
    "enabled": false,
    "symbol": "NIFTY",
    "strike": 0,
    "expiry": "2026-01-01",
    "optionType": "CE",
    "targetPrice": 0,
    "quantity": 1755,
    "targetPoints": 10,
    "stopLossPoints": 15,
    "logEnabled": true
  }
]
[20:53:56] [expandRuleBasedConfig] [StrategyFactory] Expanded RuleBasedStrategy into 1 instances
[20:53:56] [new RuleBasedStrategy] [RuleBased:Rule-RSI_5_70_30] Initialized with indicators: RSI_5_70_30
[20:53:56] [Strategies.initialize] [Strategies] Initialized 11 strategies: [
  "SentimentStrategy(SentimentStrategy, enabled=false)",
  "BuySellStrategy(BuySellStrategy, enabled=false)",
  "ContinuousStrategy(ContinuousStrategy, enabled=false)",
  "IntermittentStrategy(IntermittentStrategy, enabled=false)",
  "RateOfChangeStrategy(RateOfChangeStrategy, enabled=false)",
  "GapStrategy(GapStrategy, enabled=false)",
  "RuleBasedStrategy(Rule-RSI_5_70_30, enabled=false)",
  "GoodMorningStrategy(GoodMorningStrategy, enabled=false)",
  "GoodMorningSensexStrategy(GoodMorningSensexStrategy, enabled=false)",
  "SupportResistanceStrategy(SupportResistanceStrategy, enabled=false)",
  "TargetReachStrategy(TargetReachStrategy, enabled=false)"
]
[20:53:56] [main] [strategies] Ready - 11 strategies loaded.
[20:53:56] [BuySellStrategy.reconcileOrderState] BuySellStrategy  BuySellStrategy: reconcileOrderState attempt 1/15 failed:  Not connected to order process
[20:53:56] [Server.<anonymous>] [strategies] Listening on /tmp/icici-strategies.sock
[20:53:56] [/home/karthikeyan/work/icici/dist/processes/strategies/OrderClient.js:53:41] [strategies] Failed to parse order-process message:  Error: connect ENOENT /tmp/icici-order.sock
    at PipeConnectWrap.afterConnect [as oncomplete] (node:net:1615:16)
[20:53:56] [Socket.<anonymous>] [strategies] Order socket error: Error: connect ENOENT /tmp/icici-order.sock
    at PipeConnectWrap.afterConnect [as oncomplete] (node:net:1615:16)
[20:53:56] [Socket.<anonymous>] [strategies] Disconnected from order process, retrying in 2s...
[20:53:56] [Mongo.init] Mongo is initialized
Fri, 28 Aug 2026 15:23:56 GMT body-parser deprecated bodyParser: use individual json/urlencoded middlewares at dist/server.js:91:35
Fri, 28 Aug 2026 15:23:56 GMT body-parser deprecated undefined extended: provide extended option at node_modules/body-parser/index.js:104:29
[20:53:56] [Mongo.init] Mongo is initialized
[20:53:56] [Mongo._init] Mongo is initialized
[20:53:56] [Config._processFile] lot count: 1
[20:53:56] [Config._processFile] Auto Trade: false
[20:53:56] [OrderBookkeeping.loadClosedTradesFromMongo] [order] Reloaded 6 closed trade(s) from Mongo for today
[20:53:56] [ANT.loadSession] ANT session loaded from file
[20:53:56] [Mongo._init] Mongo is initialized
[20:53:56] [Server.<anonymous>] [strategies] Frontend client connected
[20:53:56] [Server.<anonymous>] [order] Listening on /tmp/icici-order.sock
[20:53:56] [Server.<anonymous>] [frontend] Listening on 3000
[20:53:56] [/home/karthikeyan/work/icici/dist/processes/strategies/OrderClient.js:53:41] [strategies] Failed to parse order-process message:  Error: connect ENOENT /tmp/icici-order.sock
    at PipeConnectWrap.afterConnect [as oncomplete] (node:net:1615:16)
[20:53:56] [Socket.<anonymous>] [strategies] Order socket error: Error: connect ENOENT /tmp/icici-order.sock
    at PipeConnectWrap.afterConnect [as oncomplete] (node:net:1615:16)
[20:53:56] [Socket.<anonymous>] [strategies] Disconnected from order process, retrying in 2s...
[20:53:56] [Config._processFile] lot count: 1
[20:53:56] [Config._processFile] Auto Trade: false
[20:53:56] [Socket.<anonymous>] [frontend] Connected to strategies process
[20:53:56] [/home/karthikeyan/work/icici/dist/server.js:1440:27] [frontend] nifty tick: {"ltp":24175.65,"ltt":"1787919089","token":"26000","changePercent":0.35,"prevClose":24091.33034379671} clients=0
[20:53:56] [AntOrderNotifyStream.getWsToken] [AntOrderNotify] createWsToken response: {"status":"Ok","message":"200","result":[{"orderToken":"a1dab534e3e11278f5844327e89f2816e139ef8b6d40ab90772172c1a5f7754d"}]}
[20:53:56] [ws.onopen] [AntOrderNotify] Connected, subscribing...
[20:53:58] [BuySellStrategy.reconcileOrderState] BuySellStrategy  BuySellStrategy: reconcileOrderState attempt 2/15 failed:  Not connected to order process
[20:53:58] [Socket.<anonymous>] [strategies] Connected to order process
[20:53:58] [Server.<anonymous>] [order] Client connected, total: 1
[20:53:58] [Socket.<anonymous>] [strategies] Connected to order process
[20:53:58] [Server.<anonymous>] [order] Client connected, total: 2
[20:54:00] [BuySellStrategy.reconcileOrderState] BuySellStrategy  BuySellStrategy: reconciled - no existing open trade, ordered=false
[orchestrator] [dev] Restarting strategies (data/order untouched)...
[orchestrator] [boot] Starting strategies...
[orchestrator] [strategies] exited (code=0 signal=null)
[20:54:02] [Socket.<anonymous>] [frontend] Disconnected from strategies process, retrying in 2s...
[20:54:02] [Socket.<anonymous>] [order] Client disconnected, total: 1
[orchestrator] [dev] Restarting order (data/strategies/frontend untouched)...
[20:54:02] [Socket.<anonymous>] [strategies] Disconnected from order process, retrying in 2s...
[orchestrator] [order] exited (code=0 signal=null)
[20:54:03] [ConfigService.loadConfig] Config Updated: {
  "srHypothesis": {
    "confirmWindowMin": 2,
    "maxJump": 15,
    "maxRangeWidth": 30,
    "buffer": 10,
    "target": 10,
    "stopLoss": 10,
    "breachBuffer": 0,
    "breachConfirmSec": 0,
    "heldMinSec": 407,
    "heldMaxSec": 651,
    "csvOutput": false
  },
  "rocHypothesis": {
    "target": 10,
    "stopLoss": 10,
    "cooldownSec": 60,
    "minWins": 2,
    "windowGridMin": [
      1,
      2,
      3,
      4,
      5,
      7,
      10,
      15
    ],
    "thresholdGrid": [
      5,
      10,
      15,
      20,
      25,
      30,
      40,
      50,
      60,
      75,
      100
    ],
    "csvOutput": false
  },
  "settings": {
    "minPrice": 20,
    "maxPrice": 30000,
    "targetPriceDiff": 2,
    "stopLossPriceDiff": 11,
    "trailingDistance": 4,
    "cooldownSeconds": 0,
    "logQuotes": false,
    "safetyBufferAmount": 5000,
    "consistencyLimitPercent": 40,
    "maxDailyDrawdownPercent": 25,
    "maxMonthlyDrawdownPercent": 50,
    "maxTradesPerDay": 10
  },
  "strategies": [
    {
      "type": "SentimentStrategy",
      "enabled": false,
      "averageThreshold": 20,
      "targetPrice": 2,
      "orderQuantity": 7200,
      "sentiment": "put",
      "loopCount": 1
    },
    {
      "type": "BuySellStrategy",
      "enabled": false,
      "initialQuantity": 150,
      "incrementFactor": "single",
      "incrementQuantity": 150,
      "averageThreshold": 10,
      "targetPrice": 5,
      "stopEnabled": false,
      "activateIntermittentCount": 100,
      "maxIterationCount": 10,
      "logEnabled": false,
      "right": "none"
    },
    {
      "type": "ContinuousStrategy",
      "enabled": false,
      "initialQuantity": 65,
      "slDistance": 10,
      "minPremium": 100,
      "allottedCapital": 200000,
      "spawnQuantityMode": "same",
      "averageQuantityMode": "same",
      "right": "none",
      "cooldownSeconds": 60,
      "refillCancelDistance": 50,
      "logEnabled": true
    },
    {
      "type": "IntermittentStrategy",
      "enabled": false,
      "loopCount": 3,
      "targetPrice": 2,
      "quantity": 75,
      "threshold": 10,
      "logEnabled": false
    },
    {
      "type": "RateOfChangeStrategy",
      "enabled": false,
      "pointsThreshold": 30,
      "accelerationThreshold": 5,
      "numberOfDatapointsReceived": 50,
      "quantity": 65,
      "targetPrice": 2,
      "stopLossPrice": 11,
      "maxHoldTimeMinutes": 30,
      "logEnabled": true
    },
    {
      "type": "GapStrategy",
      "enabled": false,
      "pointsThreshold": 20,
      "numberOfDatapointsReceived": 50,
      "quantity": 65,
      "targetPrice": 10,
      "stopLossPrice": 5,
      "maxHoldTimeMinutes": 600,
      "gapReversalMode": false,
      "gapReversalThreshold": 100,
      "logEnabled": true
    },
    {
      "type": "RuleBasedStrategy",
      "enabled": false,
      "indicators": [
        "RSI_5_70_30"
      ],
      "quantity": 65,
      "target": 10,
      "stopLoss": 20,
      "maxHoldTimeMinutes": 30,
      "logEnabled": true
    },
    {
      "type": "GoodMorningStrategy",
      "enabled": false,
      "quantity": 65,
      "targetPoints": 10,
      "stopLossPoints": 10,
      "logEnabled": true,
      "snapshotTime": "10:00",
      "confirmTime": "10:30",
      "previousClose": 24219,
      "minMovementPoints": 10
    },
    {
      "type": "GoodMorningSensexStrategy",
      "enabled": false,
      "quantity": 200,
      "targetPoints": 30,
      "stopLossPoints": 30,
      "logEnabled": true,
      "snapshotTime": "09:40",
      "confirmTime": "09:45",
      "minMovementPoints": 30
    },
    {
      "type": "SupportResistanceStrategy",
      "enabled": false,
      "supportPrice": 0,
      "resistancePrice": 0,
      "quantity": 1755,
      "targetPoints": 10,
      "stopLossPoints": 15,
      "logEnabled": true
    },
    {
      "type": "TargetReachStrategy",
      "enabled": false,
      "symbol": "NIFTY",
      "strike": 0,
      "expiry": "2026-01-01",
      "optionType": "CE",
      "targetPrice": 0,
      "quantity": 1755,
      "targetPoints": 10,
      "stopLossPoints": 15,
      "logEnabled": true
    }
  ]
}
[20:54:03] [Config._processFile] Dir Name: /home/karthikeyan/work/icici/dist/prism
[20:54:03] [Config._processFile] File Name: /home/karthikeyan/work/icici/dist/prism/config.js
[20:54:03] [NorenRestApi.reloadToken] Restored Shoonya access token from userToken.txt
[20:54:03] [ConfigService.loadConfig] Config Updated: {
  "srHypothesis": {
    "confirmWindowMin": 2,
    "maxJump": 15,
    "maxRangeWidth": 30,
    "buffer": 10,
    "target": 10,
    "stopLoss": 10,
    "breachBuffer": 0,
    "breachConfirmSec": 0,
    "heldMinSec": 407,
    "heldMaxSec": 651,
    "csvOutput": false
  },
  "rocHypothesis": {
    "target": 10,
    "stopLoss": 10,
    "cooldownSec": 60,
    "minWins": 2,
    "windowGridMin": [
      1,
      2,
      3,
      4,
      5,
      7,
      10,
      15
    ],
    "thresholdGrid": [
      5,
      10,
      15,
      20,
      25,
      30,
      40,
      50,
      60,
      75,
      100
    ],
    "csvOutput": false
  },
  "settings": {
    "minPrice": 20,
    "maxPrice": 30000,
    "targetPriceDiff": 2,
    "stopLossPriceDiff": 11,
    "trailingDistance": 4,
    "cooldownSeconds": 0,
    "logQuotes": false,
    "safetyBufferAmount": 5000,
    "consistencyLimitPercent": 40,
    "maxDailyDrawdownPercent": 25,
    "maxMonthlyDrawdownPercent": 50,
    "maxTradesPerDay": 10
  },
  "strategies": [
    {
      "type": "SentimentStrategy",
      "enabled": false,
      "averageThreshold": 20,
      "targetPrice": 2,
      "orderQuantity": 7200,
      "sentiment": "put",
      "loopCount": 1
    },
    {
      "type": "BuySellStrategy",
      "enabled": false,
      "initialQuantity": 150,
      "incrementFactor": "single",
      "incrementQuantity": 150,
      "averageThreshold": 10,
      "targetPrice": 5,
      "stopEnabled": false,
      "activateIntermittentCount": 100,
      "maxIterationCount": 10,
      "logEnabled": false,
      "right": "none"
    },
    {
      "type": "ContinuousStrategy",
      "enabled": false,
      "initialQuantity": 65,
      "slDistance": 10,
      "minPremium": 100,
      "allottedCapital": 200000,
      "spawnQuantityMode": "same",
      "averageQuantityMode": "same",
      "right": "none",
      "cooldownSeconds": 60,
      "refillCancelDistance": 50,
      "logEnabled": true
    },
    {
      "type": "IntermittentStrategy",
      "enabled": false,
      "loopCount": 3,
      "targetPrice": 2,
      "quantity": 75,
      "threshold": 10,
      "logEnabled": false
    },
    {
      "type": "RateOfChangeStrategy",
      "enabled": false,
      "pointsThreshold": 30,
      "accelerationThreshold": 5,
      "numberOfDatapointsReceived": 50,
      "quantity": 65,
      "targetPrice": 2,
      "stopLossPrice": 11,
      "maxHoldTimeMinutes": 30,
      "logEnabled": true
    },
    {
      "type": "GapStrategy",
      "enabled": false,
      "pointsThreshold": 20,
      "numberOfDatapointsReceived": 50,
      "quantity": 65,
      "targetPrice": 10,
      "stopLossPrice": 5,
      "maxHoldTimeMinutes": 600,
      "gapReversalMode": false,
      "gapReversalThreshold": 100,
      "logEnabled": true
    },
    {
      "type": "RuleBasedStrategy",
      "enabled": false,
      "indicators": [
        "RSI_5_70_30"
      ],
      "quantity": 65,
      "target": 10,
      "stopLoss": 20,
      "maxHoldTimeMinutes": 30,
      "logEnabled": true
    },
    {
      "type": "GoodMorningStrategy",
      "enabled": false,
      "quantity": 65,
      "targetPoints": 10,
      "stopLossPoints": 10,
      "logEnabled": true,
      "snapshotTime": "10:00",
      "confirmTime": "10:30",
      "previousClose": 24219,
      "minMovementPoints": 10
    },
    {
      "type": "GoodMorningSensexStrategy",
      "enabled": false,
      "quantity": 200,
      "targetPoints": 30,
      "stopLossPoints": 30,
      "logEnabled": true,
      "snapshotTime": "09:40",
      "confirmTime": "09:45",
      "minMovementPoints": 30
    },
    {
      "type": "SupportResistanceStrategy",
      "enabled": false,
      "supportPrice": 0,
      "resistancePrice": 0,
      "quantity": 1755,
      "targetPoints": 10,
      "stopLossPoints": 15,
      "logEnabled": true
    },
    {
      "type": "TargetReachStrategy",
      "enabled": false,
      "symbol": "NIFTY",
      "strike": 0,
      "expiry": "2026-01-01",
      "optionType": "CE",
      "targetPrice": 0,
      "quantity": 1755,
      "targetPoints": 10,
      "stopLossPoints": 15,
      "logEnabled": true
    }
  ]
}
[orchestrator] [dev] Restarting frontend (data/order/strategies untouched)...
[orchestrator] [frontend] exited (code=0 signal=null)
[20:54:04] [Config._processFile] Dir Name: /home/karthikeyan/work/icici/dist/prism
[20:54:04] [Config._processFile] File Name: /home/karthikeyan/work/icici/dist/prism/config.js
[20:54:04] [NorenRestApi.reloadToken] Restored Shoonya access token from userToken.txt
[20:54:04] [Mongo.init] Mongo is initialized
[orchestrator] [dev] Restarting data (order/strategies/frontend untouched)...
[orchestrator] [data] exited (code=0 signal=null)
[20:54:05] [Mongo._init] Mongo is initialized
[20:54:05] [expandRuleBasedConfig] [StrategyFactory] Expanded RuleBasedStrategy into 1 instances
[20:54:05] [Strategies.initialize] [] expandedConfigArray:  [
  {
    "type": "SentimentStrategy",
    "enabled": false,
    "averageThreshold": 20,
    "targetPrice": 2,
    "orderQuantity": 7200,
    "sentiment": "put",
    "loopCount": 1
  },
  {
    "type": "BuySellStrategy",
    "enabled": false,
    "initialQuantity": 150,
    "incrementFactor": "single",
    "incrementQuantity": 150,
    "averageThreshold": 10,
    "targetPrice": 5,
    "stopEnabled": false,
    "activateIntermittentCount": 100,
    "maxIterationCount": 10,
    "logEnabled": false,
    "right": "none"
  },
  {
    "type": "ContinuousStrategy",
    "enabled": false,
    "initialQuantity": 65,
    "slDistance": 10,
    "minPremium": 100,
    "allottedCapital": 200000,
    "spawnQuantityMode": "same",
    "averageQuantityMode": "same",
    "right": "none",
    "cooldownSeconds": 60,
    "refillCancelDistance": 50,
    "logEnabled": true
  },
  {
    "type": "IntermittentStrategy",
    "enabled": false,
    "loopCount": 3,
    "targetPrice": 2,
    "quantity": 75,
    "threshold": 10,
    "logEnabled": false
  },
  {
    "type": "RateOfChangeStrategy",
    "enabled": false,
    "pointsThreshold": 30,
    "accelerationThreshold": 5,
    "numberOfDatapointsReceived": 50,
    "quantity": 65,
    "targetPrice": 2,
    "stopLossPrice": 11,
    "maxHoldTimeMinutes": 30,
    "logEnabled": true
  },
  {
    "type": "GapStrategy",
    "enabled": false,
    "pointsThreshold": 20,
    "numberOfDatapointsReceived": 50,
    "quantity": 65,
    "targetPrice": 10,
    "stopLossPrice": 5,
    "maxHoldTimeMinutes": 600,
    "gapReversalMode": false,
    "gapReversalThreshold": 100,
    "logEnabled": true
  },
  {
    "type": "RuleBasedStrategy",
    "enabled": false,
    "indicators": [
      "RSI_5_70_30"
    ],
    "quantity": 65,
    "target": 10,
    "stopLoss": 20,
    "maxHoldTimeMinutes": 30,
    "logEnabled": true,
    "userId": "Rule-RSI_5_70_30"
  },
  {
    "type": "GoodMorningStrategy",
    "enabled": false,
    "quantity": 65,
    "targetPoints": 10,
    "stopLossPoints": 10,
    "logEnabled": true,
    "snapshotTime": "10:00",
    "confirmTime": "10:30",
    "previousClose": 24219,
    "minMovementPoints": 10
  },
  {
    "type": "GoodMorningSensexStrategy",
    "enabled": false,
    "quantity": 200,
    "targetPoints": 30,
    "stopLossPoints": 30,
    "logEnabled": true,
    "snapshotTime": "09:40",
    "confirmTime": "09:45",
    "minMovementPoints": 30
  },
  {
    "type": "SupportResistanceStrategy",
    "enabled": false,
    "supportPrice": 0,
    "resistancePrice": 0,
    "quantity": 1755,
    "targetPoints": 10,
    "stopLossPoints": 15,
    "logEnabled": true
  },
  {
    "type": "TargetReachStrategy",
    "enabled": false,
    "symbol": "NIFTY",
    "strike": 0,
    "expiry": "2026-01-01",
    "optionType": "CE",
    "targetPrice": 0,
    "quantity": 1755,
    "targetPoints": 10,
    "stopLossPoints": 15,
    "logEnabled": true
  }
]
[20:54:05] [expandRuleBasedConfig] [StrategyFactory] Expanded RuleBasedStrategy into 1 instances
[20:54:05] [new RuleBasedStrategy] [RuleBased:Rule-RSI_5_70_30] Initialized with indicators: RSI_5_70_30
[20:54:05] [Strategies.initialize] [Strategies] Initialized 11 strategies: [
  "SentimentStrategy(SentimentStrategy, enabled=false)",
  "BuySellStrategy(BuySellStrategy, enabled=false)",
  "ContinuousStrategy(ContinuousStrategy, enabled=false)",
  "IntermittentStrategy(IntermittentStrategy, enabled=false)",
  "RateOfChangeStrategy(RateOfChangeStrategy, enabled=false)",
  "GapStrategy(GapStrategy, enabled=false)",
  "RuleBasedStrategy(Rule-RSI_5_70_30, enabled=false)",
  "GoodMorningStrategy(GoodMorningStrategy, enabled=false)",
  "GoodMorningSensexStrategy(GoodMorningSensexStrategy, enabled=false)",
  "SupportResistanceStrategy(SupportResistanceStrategy, enabled=false)",
  "TargetReachStrategy(TargetReachStrategy, enabled=false)"
]
[20:54:05] [main] [strategies] Ready - 11 strategies loaded.
[20:54:05] [BuySellStrategy.reconcileOrderState] BuySellStrategy  BuySellStrategy: reconcileOrderState attempt 1/15 failed:  Not connected to order process
[20:54:05] [Server.<anonymous>] [strategies] Listening on /tmp/icici-strategies.sock
[20:54:05] [/home/karthikeyan/work/icici/dist/processes/strategies/OrderClient.js:53:41] [strategies] Failed to parse order-process message:  Error: connect ENOENT /tmp/icici-order.sock
    at PipeConnectWrap.afterConnect [as oncomplete] (node:net:1615:16)
[20:54:05] [Socket.<anonymous>] [strategies] Order socket error: Error: connect ENOENT /tmp/icici-order.sock
    at PipeConnectWrap.afterConnect [as oncomplete] (node:net:1615:16)
[20:54:05] [Socket.<anonymous>] [strategies] Disconnected from order process, retrying in 2s...
[orchestrator] [dev] Restarting order (data/strategies/frontend untouched)...
[20:54:05] [Config._processFile] lot count: 1
[20:54:05] [Config._processFile] Auto Trade: false
[orchestrator] [order] exited (code=null signal=SIGTERM)
[orchestrator] [dev] Restarting strategies (data/order untouched)...
[orchestrator] [boot] Starting strategies...
[orchestrator] [strategies] exited (code=0 signal=null)
[20:54:05] [ConfigService.loadConfig] Config Updated: {
  "srHypothesis": {
    "confirmWindowMin": 2,
    "maxJump": 15,
    "maxRangeWidth": 30,
    "buffer": 10,
    "target": 10,
    "stopLoss": 10,
    "breachBuffer": 0,
    "breachConfirmSec": 0,
    "heldMinSec": 407,
    "heldMaxSec": 651,
    "csvOutput": false
  },
  "rocHypothesis": {
    "target": 10,
    "stopLoss": 10,
    "cooldownSec": 60,
    "minWins": 2,
    "windowGridMin": [
      1,
      2,
      3,
      4,
      5,
      7,
      10,
      15
    ],
    "thresholdGrid": [
      5,
      10,
      15,
      20,
      25,
      30,
      40,
      50,
      60,
      75,
      100
    ],
    "csvOutput": false
  },
  "settings": {
    "minPrice": 20,
    "maxPrice": 30000,
    "targetPriceDiff": 2,
    "stopLossPriceDiff": 11,
    "trailingDistance": 4,
    "cooldownSeconds": 0,
    "logQuotes": false,
    "safetyBufferAmount": 5000,
    "consistencyLimitPercent": 40,
    "maxDailyDrawdownPercent": 25,
    "maxMonthlyDrawdownPercent": 50,
    "maxTradesPerDay": 10
  },
  "strategies": [
    {
      "type": "SentimentStrategy",
      "enabled": false,
      "averageThreshold": 20,
      "targetPrice": 2,
      "orderQuantity": 7200,
      "sentiment": "put",
      "loopCount": 1
    },
    {
      "type": "BuySellStrategy",
      "enabled": false,
      "initialQuantity": 150,
      "incrementFactor": "single",
      "incrementQuantity": 150,
      "averageThreshold": 10,
      "targetPrice": 5,
      "stopEnabled": false,
      "activateIntermittentCount": 100,
      "maxIterationCount": 10,
      "logEnabled": false,
      "right": "none"
    },
    {
      "type": "ContinuousStrategy",
      "enabled": false,
      "initialQuantity": 65,
      "slDistance": 10,
      "minPremium": 100,
      "allottedCapital": 200000,
      "spawnQuantityMode": "same",
      "averageQuantityMode": "same",
      "right": "none",
      "cooldownSeconds": 60,
      "refillCancelDistance": 50,
      "logEnabled": true
    },
    {
      "type": "IntermittentStrategy",
      "enabled": false,
      "loopCount": 3,
      "targetPrice": 2,
      "quantity": 75,
      "threshold": 10,
      "logEnabled": false
    },
    {
      "type": "RateOfChangeStrategy",
      "enabled": false,
      "pointsThreshold": 30,
      "accelerationThreshold": 5,
      "numberOfDatapointsReceived": 50,
      "quantity": 65,
      "targetPrice": 2,
      "stopLossPrice": 11,
      "maxHoldTimeMinutes": 30,
      "logEnabled": true
    },
    {
      "type": "GapStrategy",
      "enabled": false,
      "pointsThreshold": 20,
      "numberOfDatapointsReceived": 50,
      "quantity": 65,
      "targetPrice": 10,
      "stopLossPrice": 5,
      "maxHoldTimeMinutes": 600,
      "gapReversalMode": false,
      "gapReversalThreshold": 100,
      "logEnabled": true
    },
    {
      "type": "RuleBasedStrategy",
      "enabled": false,
      "indicators": [
        "RSI_5_70_30"
      ],
      "quantity": 65,
      "target": 10,
      "stopLoss": 20,
      "maxHoldTimeMinutes": 30,
      "logEnabled": true
    },
    {
      "type": "GoodMorningStrategy",
      "enabled": false,
      "quantity": 65,
      "targetPoints": 10,
      "stopLossPoints": 10,
      "logEnabled": true,
      "snapshotTime": "10:00",
      "confirmTime": "10:30",
      "previousClose": 24219,
      "minMovementPoints": 10
    },
    {
      "type": "GoodMorningSensexStrategy",
      "enabled": false,
      "quantity": 200,
      "targetPoints": 30,
      "stopLossPoints": 30,
      "logEnabled": true,
      "snapshotTime": "09:40",
      "confirmTime": "09:45",
      "minMovementPoints": 30
    },
    {
      "type": "SupportResistanceStrategy",
      "enabled": false,
      "supportPrice": 0,
      "resistancePrice": 0,
      "quantity": 1755,
      "targetPoints": 10,
      "stopLossPoints": 15,
      "logEnabled": true
    },
    {
      "type": "TargetReachStrategy",
      "enabled": false,
      "symbol": "NIFTY",
      "strike": 0,
      "expiry": "2026-01-01",
      "optionType": "CE",
      "targetPrice": 0,
      "quantity": 1755,
      "targetPoints": 10,
      "stopLossPoints": 15,
      "logEnabled": true
    }
  ]
}
[20:54:06] [ConfigService.loadConfig] Config Updated: {
  "srHypothesis": {
    "confirmWindowMin": 2,
    "maxJump": 15,
    "maxRangeWidth": 30,
    "buffer": 10,
    "target": 10,
    "stopLoss": 10,
    "breachBuffer": 0,
    "breachConfirmSec": 0,
    "heldMinSec": 407,
    "heldMaxSec": 651,
    "csvOutput": false
  },
  "rocHypothesis": {
    "target": 10,
    "stopLoss": 10,
    "cooldownSec": 60,
    "minWins": 2,
    "windowGridMin": [
      1,
      2,
      3,
      4,
      5,
      7,
      10,
      15
    ],
    "thresholdGrid": [
      5,
      10,
      15,
      20,
      25,
      30,
      40,
      50,
      60,
      75,
      100
    ],
    "csvOutput": false
  },
  "settings": {
    "minPrice": 20,
    "maxPrice": 30000,
    "targetPriceDiff": 2,
    "stopLossPriceDiff": 11,
    "trailingDistance": 4,
    "cooldownSeconds": 0,
    "logQuotes": false,
    "safetyBufferAmount": 5000,
    "consistencyLimitPercent": 40,
    "maxDailyDrawdownPercent": 25,
    "maxMonthlyDrawdownPercent": 50,
    "maxTradesPerDay": 10
  },
  "strategies": [
    {
      "type": "SentimentStrategy",
      "enabled": false,
      "averageThreshold": 20,
      "targetPrice": 2,
      "orderQuantity": 7200,
      "sentiment": "put",
      "loopCount": 1
    },
    {
      "type": "BuySellStrategy",
      "enabled": false,
      "initialQuantity": 150,
      "incrementFactor": "single",
      "incrementQuantity": 150,
      "averageThreshold": 10,
      "targetPrice": 5,
      "stopEnabled": false,
      "activateIntermittentCount": 100,
      "maxIterationCount": 10,
      "logEnabled": false,
      "right": "none"
    },
    {
      "type": "ContinuousStrategy",
      "enabled": false,
      "initialQuantity": 65,
      "slDistance": 10,
      "minPremium": 100,
      "allottedCapital": 200000,
      "spawnQuantityMode": "same",
      "averageQuantityMode": "same",
      "right": "none",
      "cooldownSeconds": 60,
      "refillCancelDistance": 50,
      "logEnabled": true
    },
    {
      "type": "IntermittentStrategy",
      "enabled": false,
      "loopCount": 3,
      "targetPrice": 2,
      "quantity": 75,
      "threshold": 10,
      "logEnabled": false
    },
    {
      "type": "RateOfChangeStrategy",
      "enabled": false,
      "pointsThreshold": 30,
      "accelerationThreshold": 5,
      "numberOfDatapointsReceived": 50,
      "quantity": 65,
      "targetPrice": 2,
      "stopLossPrice": 11,
      "maxHoldTimeMinutes": 30,
      "logEnabled": true
    },
    {
      "type": "GapStrategy",
      "enabled": false,
      "pointsThreshold": 20,
      "numberOfDatapointsReceived": 50,
      "quantity": 65,
      "targetPrice": 10,
      "stopLossPrice": 5,
      "maxHoldTimeMinutes": 600,
      "gapReversalMode": false,
      "gapReversalThreshold": 100,
      "logEnabled": true
    },
    {
      "type": "RuleBasedStrategy",
      "enabled": false,
      "indicators": [
        "RSI_5_70_30"
      ],
      "quantity": 65,
      "target": 10,
      "stopLoss": 20,
      "maxHoldTimeMinutes": 30,
      "logEnabled": true
    },
    {
      "type": "GoodMorningStrategy",
      "enabled": false,
      "quantity": 65,
      "targetPoints": 10,
      "stopLossPoints": 10,
      "logEnabled": true,
      "snapshotTime": "10:00",
      "confirmTime": "10:30",
      "previousClose": 24219,
      "minMovementPoints": 10
    },
    {
      "type": "GoodMorningSensexStrategy",
      "enabled": false,
      "quantity": 200,
      "targetPoints": 30,
      "stopLossPoints": 30,
      "logEnabled": true,
      "snapshotTime": "09:40",
      "confirmTime": "09:45",
      "minMovementPoints": 30
    },
    {
      "type": "SupportResistanceStrategy",
      "enabled": false,
      "supportPrice": 0,
      "resistancePrice": 0,
      "quantity": 1755,
      "targetPoints": 10,
      "stopLossPoints": 15,
      "logEnabled": true
    },
    {
      "type": "TargetReachStrategy",
      "enabled": false,
      "symbol": "NIFTY",
      "strike": 0,
      "expiry": "2026-01-01",
      "optionType": "CE",
      "targetPrice": 0,
      "quantity": 1755,
      "targetPoints": 10,
      "stopLossPoints": 15,
      "logEnabled": true
    }
  ]
}
[20:54:06] [Mongo.init] Mongo is initialized
[20:54:06] [Mongo._init] Mongo is initialized
[20:54:06] [AntDataStream.connect] [AntDataStream] Connecting to ANT streaming...
[20:54:06] [ANT.loadSession] ANT session loaded from file
[20:54:07] [AntSession.prepareWsSession] [AntSession] Creating WS session (createWsSess)...
[20:54:07] [ConfigService.loadConfig] Config Updated: {
  "srHypothesis": {
    "confirmWindowMin": 2,
    "maxJump": 15,
    "maxRangeWidth": 30,
    "buffer": 10,
    "target": 10,
    "stopLoss": 10,
    "breachBuffer": 0,
    "breachConfirmSec": 0,
    "heldMinSec": 407,
    "heldMaxSec": 651,
    "csvOutput": false
  },
  "rocHypothesis": {
    "target": 10,
    "stopLoss": 10,
    "cooldownSec": 60,
    "minWins": 2,
    "windowGridMin": [
      1,
      2,
      3,
      4,
      5,
      7,
      10,
      15
    ],
    "thresholdGrid": [
      5,
      10,
      15,
      20,
      25,
      30,
      40,
      50,
      60,
      75,
      100
    ],
    "csvOutput": false
  },
  "settings": {
    "minPrice": 20,
    "maxPrice": 30000,
    "targetPriceDiff": 2,
    "stopLossPriceDiff": 11,
    "trailingDistance": 4,
    "cooldownSeconds": 0,
    "logQuotes": false,
    "safetyBufferAmount": 5000,
    "consistencyLimitPercent": 40,
    "maxDailyDrawdownPercent": 25,
    "maxMonthlyDrawdownPercent": 50,
    "maxTradesPerDay": 10
  },
  "strategies": [
    {
      "type": "SentimentStrategy",
      "enabled": false,
      "averageThreshold": 20,
      "targetPrice": 2,
      "orderQuantity": 7200,
      "sentiment": "put",
      "loopCount": 1
    },
    {
      "type": "BuySellStrategy",
      "enabled": false,
      "initialQuantity": 150,
      "incrementFactor": "single",
      "incrementQuantity": 150,
      "averageThreshold": 10,
      "targetPrice": 5,
      "stopEnabled": false,
      "activateIntermittentCount": 100,
      "maxIterationCount": 10,
      "logEnabled": false,
      "right": "none"
    },
    {
      "type": "ContinuousStrategy",
      "enabled": false,
      "initialQuantity": 65,
      "slDistance": 10,
      "minPremium": 100,
      "allottedCapital": 200000,
      "spawnQuantityMode": "same",
      "averageQuantityMode": "same",
      "right": "none",
      "cooldownSeconds": 60,
      "refillCancelDistance": 50,
      "logEnabled": true
    },
    {
      "type": "IntermittentStrategy",
      "enabled": false,
      "loopCount": 3,
      "targetPrice": 2,
      "quantity": 75,
      "threshold": 10,
      "logEnabled": false
    },
    {
      "type": "RateOfChangeStrategy",
      "enabled": false,
      "pointsThreshold": 30,
      "accelerationThreshold": 5,
      "numberOfDatapointsReceived": 50,
      "quantity": 65,
      "targetPrice": 2,
      "stopLossPrice": 11,
      "maxHoldTimeMinutes": 30,
      "logEnabled": true
    },
    {
      "type": "GapStrategy",
      "enabled": false,
      "pointsThreshold": 20,
      "numberOfDatapointsReceived": 50,
      "quantity": 65,
      "targetPrice": 10,
      "stopLossPrice": 5,
      "maxHoldTimeMinutes": 600,
      "gapReversalMode": false,
      "gapReversalThreshold": 100,
      "logEnabled": true
    },
    {
      "type": "RuleBasedStrategy",
      "enabled": false,
      "indicators": [
        "RSI_5_70_30"
      ],
      "quantity": 65,
      "target": 10,
      "stopLoss": 20,
      "maxHoldTimeMinutes": 30,
      "logEnabled": true
    },
    {
      "type": "GoodMorningStrategy",
      "enabled": false,
      "quantity": 65,
      "targetPoints": 10,
      "stopLossPoints": 10,
      "logEnabled": true,
      "snapshotTime": "10:00",
      "confirmTime": "10:30",
      "previousClose": 24219,
      "minMovementPoints": 10
    },
    {
      "type": "GoodMorningSensexStrategy",
      "enabled": false,
      "quantity": 200,
      "targetPoints": 30,
      "stopLossPoints": 30,
      "logEnabled": true,
      "snapshotTime": "09:40",
      "confirmTime": "09:45",
      "minMovementPoints": 30
    },
    {
      "type": "SupportResistanceStrategy",
      "enabled": false,
      "supportPrice": 0,
      "resistancePrice": 0,
      "quantity": 1755,
      "targetPoints": 10,
      "stopLossPoints": 15,
      "logEnabled": true
    },
    {
      "type": "TargetReachStrategy",
      "enabled": false,
      "symbol": "NIFTY",
      "strike": 0,
      "expiry": "2026-01-01",
      "optionType": "CE",
      "targetPrice": 0,
      "quantity": 1755,
      "targetPoints": 10,
      "stopLossPoints": 15,
      "logEnabled": true
    }
  ]
}
[20:54:07] [ConfigService.loadConfig] Config Updated: {
  "srHypothesis": {
    "confirmWindowMin": 2,
    "maxJump": 15,
    "maxRangeWidth": 30,
    "buffer": 10,
    "target": 10,
    "stopLoss": 10,
    "breachBuffer": 0,
    "breachConfirmSec": 0,
    "heldMinSec": 407,
    "heldMaxSec": 651,
    "csvOutput": false
  },
  "rocHypothesis": {
    "target": 10,
    "stopLoss": 10,
    "cooldownSec": 60,
    "minWins": 2,
    "windowGridMin": [
      1,
      2,
      3,
      4,
      5,
      7,
      10,
      15
    ],
    "thresholdGrid": [
      5,
      10,
      15,
      20,
      25,
      30,
      40,
      50,
      60,
      75,
      100
    ],
    "csvOutput": false
  },
  "settings": {
    "minPrice": 20,
    "maxPrice": 30000,
    "targetPriceDiff": 2,
    "stopLossPriceDiff": 11,
    "trailingDistance": 4,
    "cooldownSeconds": 0,
    "logQuotes": false,
    "safetyBufferAmount": 5000,
    "consistencyLimitPercent": 40,
    "maxDailyDrawdownPercent": 25,
    "maxMonthlyDrawdownPercent": 50,
    "maxTradesPerDay": 10
  },
  "strategies": [
    {
      "type": "SentimentStrategy",
      "enabled": false,
      "averageThreshold": 20,
      "targetPrice": 2,
      "orderQuantity": 7200,
      "sentiment": "put",
      "loopCount": 1
    },
    {
      "type": "BuySellStrategy",
      "enabled": false,
      "initialQuantity": 150,
      "incrementFactor": "single",
      "incrementQuantity": 150,
      "averageThreshold": 10,
      "targetPrice": 5,
      "stopEnabled": false,
      "activateIntermittentCount": 100,
      "maxIterationCount": 10,
      "logEnabled": false,
      "right": "none"
    },
    {
      "type": "ContinuousStrategy",
      "enabled": false,
      "initialQuantity": 65,
      "slDistance": 10,
      "minPremium": 100,
      "allottedCapital": 200000,
      "spawnQuantityMode": "same",
      "averageQuantityMode": "same",
      "right": "none",
      "cooldownSeconds": 60,
      "refillCancelDistance": 50,
      "logEnabled": true
    },
    {
      "type": "IntermittentStrategy",
      "enabled": false,
      "loopCount": 3,
      "targetPrice": 2,
      "quantity": 75,
      "threshold": 10,
      "logEnabled": false
    },
    {
      "type": "RateOfChangeStrategy",
      "enabled": false,
      "pointsThreshold": 30,
      "accelerationThreshold": 5,
      "numberOfDatapointsReceived": 50,
      "quantity": 65,
      "targetPrice": 2,
      "stopLossPrice": 11,
      "maxHoldTimeMinutes": 30,
      "logEnabled": true
    },
    {
      "type": "GapStrategy",
      "enabled": false,
      "pointsThreshold": 20,
      "numberOfDatapointsReceived": 50,
      "quantity": 65,
      "targetPrice": 10,
      "stopLossPrice": 5,
      "maxHoldTimeMinutes": 600,
      "gapReversalMode": false,
      "gapReversalThreshold": 100,
      "logEnabled": true
    },
    {
      "type": "RuleBasedStrategy",
      "enabled": false,
      "indicators": [
        "RSI_5_70_30"
      ],
      "quantity": 65,
      "target": 10,
      "stopLoss": 20,
      "maxHoldTimeMinutes": 30,
      "logEnabled": true
    },
    {
      "type": "GoodMorningStrategy",
      "enabled": false,
      "quantity": 65,
      "targetPoints": 10,
      "stopLossPoints": 10,
      "logEnabled": true,
      "snapshotTime": "10:00",
      "confirmTime": "10:30",
      "previousClose": 24219,
      "minMovementPoints": 10
    },
    {
      "type": "GoodMorningSensexStrategy",
      "enabled": false,
      "quantity": 200,
      "targetPoints": 30,
      "stopLossPoints": 30,
      "logEnabled": true,
      "snapshotTime": "09:40",
      "confirmTime": "09:45",
      "minMovementPoints": 30
    },
    {
      "type": "SupportResistanceStrategy",
      "enabled": false,
      "supportPrice": 0,
      "resistancePrice": 0,
      "quantity": 1755,
      "targetPoints": 10,
      "stopLossPoints": 15,
      "logEnabled": true
    },
    {
      "type": "TargetReachStrategy",
      "enabled": false,
      "symbol": "NIFTY",
      "strike": 0,
      "expiry": "2026-01-01",
      "optionType": "CE",
      "targetPrice": 0,
      "quantity": 1755,
      "targetPoints": 10,
      "stopLossPoints": 15,
      "logEnabled": true
    }
  ]
}
[20:54:07] [Config._processFile] Dir Name: /home/karthikeyan/work/icici/dist/prism
[20:54:07] [Config._processFile] File Name: /home/karthikeyan/work/icici/dist/prism/config.js
[20:54:07] [NorenRestApi.reloadToken] Restored Shoonya access token from userToken.txt
[20:54:07] [AntSession.prepareWsSession] [AntSession] createWsSess response: {
  "status": "Ok",
  "message": "Success",
  "result": [
    {
      "Status": "OK"
    }
  ]
}
[20:54:07] [AntSession.prepareWsSession] [AntSession] WS session prepared successfully
[20:54:07] [Config._processFile] Dir Name: /home/karthikeyan/work/icici/dist/prism
[20:54:07] [Config._processFile] File Name: /home/karthikeyan/work/icici/dist/prism/config.js
[20:54:07] [NorenRestApi.reloadToken] Restored Shoonya access token from userToken.txt
[20:54:07] [Config._processFile] Dir Name: /home/karthikeyan/work/icici/dist/prism
[20:54:07] [Config._processFile] File Name: /home/karthikeyan/work/icici/dist/prism/config.js
[20:54:07] [NorenRestApi.reloadToken] Restored Shoonya access token from userToken.txt
[20:54:07] [ws.onopen] [AntWS] Connected, sending auth payload...
[20:54:07] [AntDataStream.connect] [AntDataStream] Connected and streaming
[20:54:07] [main] [data] Ready - NIFTY/SENSEX always subscribed, streaming to stdout.
[20:54:07] [ws.onmessage] [AntWS] Connect ack: {
  "t": "ck",
  "s": "OK",
  "uid": "924118_API"
}
[20:54:07] [/home/karthikeyan/work/icici/dist/processes/data/AntDataStream.js:57:27] [AntDataStream] WebSocket open, subscribing to always-on instruments...
[20:54:07] [AntWebSocket.subscribe] [AntWS] Subscribing: NSE|26000#BSE|1
[20:54:07] [Mongo.init] Mongo is initialized
Fri, 28 Aug 2026 15:24:07 GMT body-parser deprecated bodyParser: use individual json/urlencoded middlewares at dist/server.js:92:35
Fri, 28 Aug 2026 15:24:07 GMT body-parser deprecated undefined extended: provide extended option at node_modules/body-parser/index.js:104:29
[20:54:07] [Mongo.init] Mongo is initialized
[20:54:07] [Mongo._init] Mongo is initialized
[20:54:07] [expandRuleBasedConfig] [StrategyFactory] Expanded RuleBasedStrategy into 1 instances
[20:54:07] [Strategies.initialize] [] expandedConfigArray:  [
  {
    "type": "SentimentStrategy",
    "enabled": false,
    "averageThreshold": 20,
    "targetPrice": 2,
    "orderQuantity": 7200,
    "sentiment": "put",
    "loopCount": 1
  },
  {
    "type": "BuySellStrategy",
    "enabled": false,
    "initialQuantity": 150,
    "incrementFactor": "single",
    "incrementQuantity": 150,
    "averageThreshold": 10,
    "targetPrice": 5,
    "stopEnabled": false,
    "activateIntermittentCount": 100,
    "maxIterationCount": 10,
    "logEnabled": false,
    "right": "none"
  },
  {
    "type": "ContinuousStrategy",
    "enabled": false,
    "initialQuantity": 65,
    "slDistance": 10,
    "minPremium": 100,
    "allottedCapital": 200000,
    "spawnQuantityMode": "same",
    "averageQuantityMode": "same",
    "right": "none",
    "cooldownSeconds": 60,
    "refillCancelDistance": 50,
    "logEnabled": true
  },
  {
    "type": "IntermittentStrategy",
    "enabled": false,
    "loopCount": 3,
    "targetPrice": 2,
    "quantity": 75,
    "threshold": 10,
    "logEnabled": false
  },
  {
    "type": "RateOfChangeStrategy",
    "enabled": false,
    "pointsThreshold": 30,
    "accelerationThreshold": 5,
    "numberOfDatapointsReceived": 50,
    "quantity": 65,
    "targetPrice": 2,
    "stopLossPrice": 11,
    "maxHoldTimeMinutes": 30,
    "logEnabled": true
  },
  {
    "type": "GapStrategy",
    "enabled": false,
    "pointsThreshold": 20,
    "numberOfDatapointsReceived": 50,
    "quantity": 65,
    "targetPrice": 10,
    "stopLossPrice": 5,
    "maxHoldTimeMinutes": 600,
    "gapReversalMode": false,
    "gapReversalThreshold": 100,
    "logEnabled": true
  },
  {
    "type": "RuleBasedStrategy",
    "enabled": false,
    "indicators": [
      "RSI_5_70_30"
    ],
    "quantity": 65,
    "target": 10,
    "stopLoss": 20,
    "maxHoldTimeMinutes": 30,
    "logEnabled": true,
    "userId": "Rule-RSI_5_70_30"
  },
  {
    "type": "GoodMorningStrategy",
    "enabled": false,
    "quantity": 65,
    "targetPoints": 10,
    "stopLossPoints": 10,
    "logEnabled": true,
    "snapshotTime": "10:00",
    "confirmTime": "10:30",
    "previousClose": 24219,
    "minMovementPoints": 10
  },
  {
    "type": "GoodMorningSensexStrategy",
    "enabled": false,
    "quantity": 200,
    "targetPoints": 30,
    "stopLossPoints": 30,
    "logEnabled": true,
    "snapshotTime": "09:40",
    "confirmTime": "09:45",
    "minMovementPoints": 30
  },
  {
    "type": "SupportResistanceStrategy",
    "enabled": false,
    "supportPrice": 0,
    "resistancePrice": 0,
    "quantity": 1755,
    "targetPoints": 10,
    "stopLossPoints": 15,
    "logEnabled": true
  },
  {
    "type": "TargetReachStrategy",
    "enabled": false,
    "symbol": "NIFTY",
    "strike": 0,
    "expiry": "2026-01-01",
    "optionType": "CE",
    "targetPrice": 0,
    "quantity": 1755,
    "targetPoints": 10,
    "stopLossPoints": 15,
    "logEnabled": true
  }
]
[20:54:07] [expandRuleBasedConfig] [StrategyFactory] Expanded RuleBasedStrategy into 1 instances
[20:54:07] [new RuleBasedStrategy] [RuleBased:Rule-RSI_5_70_30] Initialized with indicators: RSI_5_70_30
[20:54:07] [Strategies.initialize] [Strategies] Initialized 11 strategies: [
  "SentimentStrategy(SentimentStrategy, enabled=false)",
  "BuySellStrategy(BuySellStrategy, enabled=false)",
  "ContinuousStrategy(ContinuousStrategy, enabled=false)",
  "IntermittentStrategy(IntermittentStrategy, enabled=false)",
  "RateOfChangeStrategy(RateOfChangeStrategy, enabled=false)",
  "GapStrategy(GapStrategy, enabled=false)",
  "RuleBasedStrategy(Rule-RSI_5_70_30, enabled=false)",
  "GoodMorningStrategy(GoodMorningStrategy, enabled=false)",
  "GoodMorningSensexStrategy(GoodMorningSensexStrategy, enabled=false)",
  "SupportResistanceStrategy(SupportResistanceStrategy, enabled=false)",
  "TargetReachStrategy(TargetReachStrategy, enabled=false)"
]
[20:54:07] [main] [strategies] Ready - 11 strategies loaded.
[20:54:07] [BuySellStrategy.reconcileOrderState] BuySellStrategy  BuySellStrategy: reconcileOrderState attempt 1/15 failed:  Not connected to order process
[20:54:07] [Server.<anonymous>] [strategies] Listening on /tmp/icici-strategies.sock
[20:54:07] [Mongo._init] Mongo is initialized
[20:54:07] [/home/karthikeyan/work/icici/dist/processes/strategies/OrderClient.js:53:41] [strategies] Failed to parse order-process message:  Error: connect ENOENT /tmp/icici-order.sock
    at PipeConnectWrap.afterConnect [as oncomplete] (node:net:1615:16)
[20:54:07] [Socket.<anonymous>] [strategies] Order socket error: Error: connect ENOENT /tmp/icici-order.sock
    at PipeConnectWrap.afterConnect [as oncomplete] (node:net:1615:16)
[20:54:07] [Socket.<anonymous>] [strategies] Disconnected from order process, retrying in 2s...
[20:54:07] [Config._processFile] lot count: 1
[20:54:07] [Config._processFile] Auto Trade: false
[20:54:08] [Server.<anonymous>] [frontend] Listening on 3000
[20:54:08] [Server.<anonymous>] [strategies] Frontend client connected
[20:54:08] [/home/karthikeyan/work/icici/dist/processes/strategies/OrderClient.js:53:41] [strategies] Failed to parse order-process message:  Error: connect ENOENT /tmp/icici-order.sock
    at PipeConnectWrap.afterConnect [as oncomplete] (node:net:1615:16)
[20:54:08] [Socket.<anonymous>] [strategies] Order socket error: Error: connect ENOENT /tmp/icici-order.sock
    at PipeConnectWrap.afterConnect [as oncomplete] (node:net:1615:16)
[20:54:08] [Socket.<anonymous>] [strategies] Disconnected from order process, retrying in 2s...
[20:54:08] [Config._processFile] lot count: 1
[20:54:08] [Config._processFile] Auto Trade: false
[20:54:08] [Socket.<anonymous>] [frontend] Connected to strategies process
[20:54:08] [/home/karthikeyan/work/icici/dist/server.js:1446:27] [frontend] nifty tick: {"ltp":24175.65,"ltt":"1787919089","token":"26000","changePercent":0.35,"prevClose":24091.33034379671} clients=0
[20:54:08] [Mongo.init] Mongo is initialized
[20:54:08] [Config._processFile] lot count: 1
[20:54:08] [Config._processFile] Auto Trade: false
[20:54:08] [Mongo._init] Mongo is initialized
[20:54:08] [OrderBookkeeping.loadClosedTradesFromMongo] [order] Reloaded 6 closed trade(s) from Mongo for today
[20:54:08] [ANT.loadSession] ANT session loaded from file
[20:54:08] [Server.<anonymous>] [order] Listening on /tmp/icici-order.sock
[20:54:08] [AntOrderNotifyStream.getWsToken] [AntOrderNotify] createWsToken response: {"status":"Ok","message":"200","result":[{"orderToken":"a1dab534e3e11278f5844327e89f2816e139ef8b6d40ab90772172c1a5f7754d"}]}
[20:54:08] [ws.onopen] [AntOrderNotify] Connected, subscribing...
[20:54:08] [ws.onmessage] [AntOrderNotify] Message: {"status":"Ok"}
[20:54:09] [BuySellStrategy.reconcileOrderState] BuySellStrategy  BuySellStrategy: reconcileOrderState attempt 2/15 failed:  Not connected to order process
[20:54:09] [Socket.<anonymous>] [strategies] Connected to order process
[20:54:09] [Server.<anonymous>] [order] Client connected, total: 1
[20:54:10] [Server.<anonymous>] [order] Client connected, total: 2
[20:54:10] [Socket.<anonymous>] [strategies] Connected to order process
[20:54:11] [BuySellStrategy.reconcileOrderState] BuySellStrategy  BuySellStrategy: reconciled - no existing open trade, ordered=false
[orchestrator] [dev] Restarting strategies (data/order untouched)...
[orchestrator] [boot] Starting strategies...
[orchestrator] [strategies] exited (code=0 signal=null)
[20:54:19] [Socket.<anonymous>] [order] Client disconnected, total: 1
[20:54:19] [Socket.<anonymous>] [frontend] Disconnected from strategies process, retrying in 2s...
[orchestrator] [dev] Restarting order (data/strategies/frontend untouched)...
[20:54:19] [Socket.<anonymous>] [strategies] Disconnected from order process, retrying in 2s...
[orchestrator] [order] exited (code=0 signal=null)
[20:54:19] [ConfigService.loadConfig] Config Updated: {
  "srHypothesis": {
    "confirmWindowMin": 2,
    "maxJump": 15,
    "maxRangeWidth": 30,
    "buffer": 10,
    "target": 10,
    "stopLoss": 10,
    "breachBuffer": 0,
    "breachConfirmSec": 0,
    "heldMinSec": 407,
    "heldMaxSec": 651,
    "csvOutput": false
  },
  "rocHypothesis": {
    "target": 10,
    "stopLoss": 10,
    "cooldownSec": 60,
    "minWins": 2,
    "windowGridMin": [
      1,
      2,
      3,
      4,
      5,
      7,
      10,
      15
    ],
    "thresholdGrid": [
      5,
      10,
      15,
      20,
      25,
      30,
      40,
      50,
      60,
      75,
      100
    ],
    "csvOutput": false
  },
  "settings": {
    "minPrice": 20,
    "maxPrice": 30000,
    "targetPriceDiff": 2,
    "stopLossPriceDiff": 11,
    "trailingDistance": 4,
    "cooldownSeconds": 0,
    "logQuotes": false,
    "safetyBufferAmount": 5000,
    "consistencyLimitPercent": 40,
    "maxDailyDrawdownPercent": 25,
    "maxMonthlyDrawdownPercent": 50,
    "maxTradesPerDay": 10
  },
  "strategies": [
    {
      "type": "SentimentStrategy",
      "enabled": false,
      "averageThreshold": 20,
      "targetPrice": 2,
      "orderQuantity": 7200,
      "sentiment": "put",
      "loopCount": 1
    },
    {
      "type": "BuySellStrategy",
      "enabled": false,
      "initialQuantity": 150,
      "incrementFactor": "single",
      "incrementQuantity": 150,
      "averageThreshold": 10,
      "targetPrice": 5,
      "stopEnabled": false,
      "activateIntermittentCount": 100,
      "maxIterationCount": 10,
      "logEnabled": false,
      "right": "none"
    },
    {
      "type": "ContinuousStrategy",
      "enabled": false,
      "initialQuantity": 65,
      "slDistance": 10,
      "minPremium": 100,
      "allottedCapital": 200000,
      "spawnQuantityMode": "same",
      "averageQuantityMode": "same",
      "right": "none",
      "cooldownSeconds": 60,
      "refillCancelDistance": 50,
      "logEnabled": true
    },
    {
      "type": "IntermittentStrategy",
      "enabled": false,
      "loopCount": 3,
      "targetPrice": 2,
      "quantity": 75,
      "threshold": 10,
      "logEnabled": false
    },
    {
      "type": "RateOfChangeStrategy",
      "enabled": false,
      "pointsThreshold": 30,
      "accelerationThreshold": 5,
      "numberOfDatapointsReceived": 50,
      "quantity": 65,
      "targetPrice": 2,
      "stopLossPrice": 11,
      "maxHoldTimeMinutes": 30,
      "logEnabled": true
    },
    {
      "type": "GapStrategy",
      "enabled": false,
      "pointsThreshold": 20,
      "numberOfDatapointsReceived": 50,
      "quantity": 65,
      "targetPrice": 10,
      "stopLossPrice": 5,
      "maxHoldTimeMinutes": 600,
      "gapReversalMode": false,
      "gapReversalThreshold": 100,
      "logEnabled": true
    },
    {
      "type": "RuleBasedStrategy",
      "enabled": false,
      "indicators": [
        "RSI_5_70_30"
      ],
      "quantity": 65,
      "target": 10,
      "stopLoss": 20,
      "maxHoldTimeMinutes": 30,
      "logEnabled": true
    },
    {
      "type": "GoodMorningStrategy",
      "enabled": false,
      "quantity": 65,
      "targetPoints": 10,
      "stopLossPoints": 10,
      "logEnabled": true,
      "snapshotTime": "10:00",
      "confirmTime": "10:30",
      "previousClose": 24219,
      "minMovementPoints": 10
    },
    {
      "type": "GoodMorningSensexStrategy",
      "enabled": false,
      "quantity": 200,
      "targetPoints": 30,
      "stopLossPoints": 30,
      "logEnabled": true,
      "snapshotTime": "09:40",
      "confirmTime": "09:45",
      "minMovementPoints": 30
    },
    {
      "type": "SupportResistanceStrategy",
      "enabled": false,
      "supportPrice": 0,
      "resistancePrice": 0,
      "quantity": 1755,
      "targetPoints": 10,
      "stopLossPoints": 15,
      "logEnabled": true
    },
    {
      "type": "TargetReachStrategy",
      "enabled": false,
      "symbol": "NIFTY",
      "strike": 0,
      "expiry": "2026-01-01",
      "optionType": "CE",
      "targetPrice": 0,
      "quantity": 1755,
      "targetPoints": 10,
      "stopLossPoints": 15,
      "logEnabled": true
    }
  ]
}
[20:54:20] [Config._processFile] Dir Name: /home/karthikeyan/work/icici/dist/prism
[20:54:20] [Config._processFile] File Name: /home/karthikeyan/work/icici/dist/prism/config.js
[20:54:20] [NorenRestApi.reloadToken] Restored Shoonya access token from userToken.txt
[20:54:20] [ConfigService.loadConfig] Config Updated: {
  "srHypothesis": {
    "confirmWindowMin": 2,
    "maxJump": 15,
    "maxRangeWidth": 30,
    "buffer": 10,
    "target": 10,
    "stopLoss": 10,
    "breachBuffer": 0,
    "breachConfirmSec": 0,
    "heldMinSec": 407,
    "heldMaxSec": 651,
    "csvOutput": false
  },
  "rocHypothesis": {
    "target": 10,
    "stopLoss": 10,
    "cooldownSec": 60,
    "minWins": 2,
    "windowGridMin": [
      1,
      2,
      3,
      4,
      5,
      7,
      10,
      15
    ],
    "thresholdGrid": [
      5,
      10,
      15,
      20,
      25,
      30,
      40,
      50,
      60,
      75,
      100
    ],
    "csvOutput": false
  },
  "settings": {
    "minPrice": 20,
    "maxPrice": 30000,
    "targetPriceDiff": 2,
    "stopLossPriceDiff": 11,
    "trailingDistance": 4,
    "cooldownSeconds": 0,
    "logQuotes": false,
    "safetyBufferAmount": 5000,
    "consistencyLimitPercent": 40,
    "maxDailyDrawdownPercent": 25,
    "maxMonthlyDrawdownPercent": 50,
    "maxTradesPerDay": 10
  },
  "strategies": [
    {
      "type": "SentimentStrategy",
      "enabled": false,
      "averageThreshold": 20,
      "targetPrice": 2,
      "orderQuantity": 7200,
      "sentiment": "put",
      "loopCount": 1
    },
    {
      "type": "BuySellStrategy",
      "enabled": false,
      "initialQuantity": 150,
      "incrementFactor": "single",
      "incrementQuantity": 150,
      "averageThreshold": 10,
      "targetPrice": 5,
      "stopEnabled": false,
      "activateIntermittentCount": 100,
      "maxIterationCount": 10,
      "logEnabled": false,
      "right": "none"
    },
    {
      "type": "ContinuousStrategy",
      "enabled": false,
      "initialQuantity": 65,
      "slDistance": 10,
      "minPremium": 100,
      "allottedCapital": 200000,
      "spawnQuantityMode": "same",
      "averageQuantityMode": "same",
      "right": "none",
      "cooldownSeconds": 60,
      "refillCancelDistance": 50,
      "logEnabled": true
    },
    {
      "type": "IntermittentStrategy",
      "enabled": false,
      "loopCount": 3,
      "targetPrice": 2,
      "quantity": 75,
      "threshold": 10,
      "logEnabled": false
    },
    {
      "type": "RateOfChangeStrategy",
      "enabled": false,
      "pointsThreshold": 30,
      "accelerationThreshold": 5,
      "numberOfDatapointsReceived": 50,
      "quantity": 65,
      "targetPrice": 2,
      "stopLossPrice": 11,
      "maxHoldTimeMinutes": 30,
      "logEnabled": true
    },
    {
      "type": "GapStrategy",
      "enabled": false,
      "pointsThreshold": 20,
      "numberOfDatapointsReceived": 50,
      "quantity": 65,
      "targetPrice": 10,
      "stopLossPrice": 5,
      "maxHoldTimeMinutes": 600,
      "gapReversalMode": false,
      "gapReversalThreshold": 100,
      "logEnabled": true
    },
    {
      "type": "RuleBasedStrategy",
      "enabled": false,
      "indicators": [
        "RSI_5_70_30"
      ],
      "quantity": 65,
      "target": 10,
      "stopLoss": 20,
      "maxHoldTimeMinutes": 30,
      "logEnabled": true
    },
    {
      "type": "GoodMorningStrategy",
      "enabled": false,
      "quantity": 65,
      "targetPoints": 10,
      "stopLossPoints": 10,
      "logEnabled": true,
      "snapshotTime": "10:00",
      "confirmTime": "10:30",
      "previousClose": 24219,
      "minMovementPoints": 10
    },
    {
      "type": "GoodMorningSensexStrategy",
      "enabled": false,
      "quantity": 200,
      "targetPoints": 30,
      "stopLossPoints": 30,
      "logEnabled": true,
      "snapshotTime": "09:40",
      "confirmTime": "09:45",
      "minMovementPoints": 30
    },
    {
      "type": "SupportResistanceStrategy",
      "enabled": false,
      "supportPrice": 0,
      "resistancePrice": 0,
      "quantity": 1755,
      "targetPoints": 10,
      "stopLossPoints": 15,
      "logEnabled": true
    },
    {
      "type": "TargetReachStrategy",
      "enabled": false,
      "symbol": "NIFTY",
      "strike": 0,
      "expiry": "2026-01-01",
      "optionType": "CE",
      "targetPrice": 0,
      "quantity": 1755,
      "targetPoints": 10,
      "stopLossPoints": 15,
      "logEnabled": true
    }
  ]
}
[orchestrator] [dev] Restarting frontend (data/order/strategies untouched)...
[orchestrator] [frontend] exited (code=0 signal=null)
[orchestrator] [dev] Restarting data (order/strategies/frontend untouched)...
[orchestrator] [data] exited (code=0 signal=null)
[20:54:20] [Mongo.init] Mongo is initialized
[orchestrator] [dev] Restarting order (data/strategies/frontend untouched)...
[orchestrator] [dev] Restarting strategies (data/order untouched)...
[orchestrator] [boot] Starting strategies...
[orchestrator] [order] exited (code=null signal=SIGTERM)
[orchestrator] [strategies] exited (code=null signal=SIGTERM)
[20:54:22] [ConfigService.loadConfig] Config Updated: {
  "srHypothesis": {
    "confirmWindowMin": 2,
    "maxJump": 15,
    "maxRangeWidth": 30,
    "buffer": 10,
    "target": 10,
    "stopLoss": 10,
    "breachBuffer": 0,
    "breachConfirmSec": 0,
    "heldMinSec": 407,
    "heldMaxSec": 651,
    "csvOutput": false
  },
  "rocHypothesis": {
    "target": 10,
    "stopLoss": 10,
    "cooldownSec": 60,
    "minWins": 2,
    "windowGridMin": [
      1,
      2,
      3,
      4,
      5,
      7,
      10,
      15
    ],
    "thresholdGrid": [
      5,
      10,
      15,
      20,
      25,
      30,
      40,
      50,
      60,
      75,
      100
    ],
    "csvOutput": false
  },
  "settings": {
    "minPrice": 20,
    "maxPrice": 30000,
    "targetPriceDiff": 2,
    "stopLossPriceDiff": 11,
    "trailingDistance": 4,
    "cooldownSeconds": 0,
    "logQuotes": false,
    "safetyBufferAmount": 5000,
    "consistencyLimitPercent": 40,
    "maxDailyDrawdownPercent": 25,
    "maxMonthlyDrawdownPercent": 50,
    "maxTradesPerDay": 10
  },
  "strategies": [
    {
      "type": "SentimentStrategy",
      "enabled": false,
      "averageThreshold": 20,
      "targetPrice": 2,
      "orderQuantity": 7200,
      "sentiment": "put",
      "loopCount": 1
    },
    {
      "type": "BuySellStrategy",
      "enabled": false,
      "initialQuantity": 150,
      "incrementFactor": "single",
      "incrementQuantity": 150,
      "averageThreshold": 10,
      "targetPrice": 5,
      "stopEnabled": false,
      "activateIntermittentCount": 100,
      "maxIterationCount": 10,
      "logEnabled": false,
      "right": "none"
    },
    {
      "type": "ContinuousStrategy",
      "enabled": false,
      "initialQuantity": 65,
      "slDistance": 10,
      "minPremium": 100,
      "allottedCapital": 200000,
      "spawnQuantityMode": "same",
      "averageQuantityMode": "same",
      "right": "none",
      "cooldownSeconds": 60,
      "refillCancelDistance": 50,
      "logEnabled": true
    },
    {
      "type": "IntermittentStrategy",
      "enabled": false,
      "loopCount": 3,
      "targetPrice": 2,
      "quantity": 75,
      "threshold": 10,
      "logEnabled": false
    },
    {
      "type": "RateOfChangeStrategy",
      "enabled": false,
      "pointsThreshold": 30,
      "accelerationThreshold": 5,
      "numberOfDatapointsReceived": 50,
      "quantity": 65,
      "targetPrice": 2,
      "stopLossPrice": 11,
      "maxHoldTimeMinutes": 30,
      "logEnabled": true
    },
    {
      "type": "GapStrategy",
      "enabled": false,
      "pointsThreshold": 20,
      "numberOfDatapointsReceived": 50,
      "quantity": 65,
      "targetPrice": 10,
      "stopLossPrice": 5,
      "maxHoldTimeMinutes": 600,
      "gapReversalMode": false,
      "gapReversalThreshold": 100,
      "logEnabled": true
    },
    {
      "type": "RuleBasedStrategy",
      "enabled": false,
      "indicators": [
        "RSI_5_70_30"
      ],
      "quantity": 65,
      "target": 10,
      "stopLoss": 20,
      "maxHoldTimeMinutes": 30,
      "logEnabled": true
    },
    {
      "type": "GoodMorningStrategy",
      "enabled": false,
      "quantity": 65,
      "targetPoints": 10,
      "stopLossPoints": 10,
      "logEnabled": true,
      "snapshotTime": "10:00",
      "confirmTime": "10:30",
      "previousClose": 24219,
      "minMovementPoints": 10
    },
    {
      "type": "GoodMorningSensexStrategy",
      "enabled": false,
      "quantity": 200,
      "targetPoints": 30,
      "stopLossPoints": 30,
      "logEnabled": true,
      "snapshotTime": "09:40",
      "confirmTime": "09:45",
      "minMovementPoints": 30
    },
    {
      "type": "SupportResistanceStrategy",
      "enabled": false,
      "supportPrice": 0,
      "resistancePrice": 0,
      "quantity": 1755,
      "targetPoints": 10,
      "stopLossPoints": 15,
      "logEnabled": true
    },
    {
      "type": "TargetReachStrategy",
      "enabled": false,
      "symbol": "NIFTY",
      "strike": 0,
      "expiry": "2026-01-01",
      "optionType": "CE",
      "targetPrice": 0,
      "quantity": 1755,
      "targetPoints": 10,
      "stopLossPoints": 15,
      "logEnabled": true
    }
  ]
}
[20:54:22] [ConfigService.loadConfig] Config Updated: {
  "srHypothesis": {
    "confirmWindowMin": 2,
    "maxJump": 15,
    "maxRangeWidth": 30,
    "buffer": 10,
    "target": 10,
    "stopLoss": 10,
    "breachBuffer": 0,
    "breachConfirmSec": 0,
    "heldMinSec": 407,
    "heldMaxSec": 651,
    "csvOutput": false
  },
  "rocHypothesis": {
    "target": 10,
    "stopLoss": 10,
    "cooldownSec": 60,
    "minWins": 2,
    "windowGridMin": [
      1,
      2,
      3,
      4,
      5,
      7,
      10,
      15
    ],
    "thresholdGrid": [
      5,
      10,
      15,
      20,
      25,
      30,
      40,
      50,
      60,
      75,
      100
    ],
    "csvOutput": false
  },
  "settings": {
    "minPrice": 20,
    "maxPrice": 30000,
    "targetPriceDiff": 2,
    "stopLossPriceDiff": 11,
    "trailingDistance": 4,
    "cooldownSeconds": 0,
    "logQuotes": false,
    "safetyBufferAmount": 5000,
    "consistencyLimitPercent": 40,
    "maxDailyDrawdownPercent": 25,
    "maxMonthlyDrawdownPercent": 50,
    "maxTradesPerDay": 10
  },
  "strategies": [
    {
      "type": "SentimentStrategy",
      "enabled": false,
      "averageThreshold": 20,
      "targetPrice": 2,
      "orderQuantity": 7200,
      "sentiment": "put",
      "loopCount": 1
    },
    {
      "type": "BuySellStrategy",
      "enabled": false,
      "initialQuantity": 150,
      "incrementFactor": "single",
      "incrementQuantity": 150,
      "averageThreshold": 10,
      "targetPrice": 5,
      "stopEnabled": false,
      "activateIntermittentCount": 100,
      "maxIterationCount": 10,
      "logEnabled": false,
      "right": "none"
    },
    {
      "type": "ContinuousStrategy",
      "enabled": false,
      "initialQuantity": 65,
      "slDistance": 10,
      "minPremium": 100,
      "allottedCapital": 200000,
      "spawnQuantityMode": "same",
      "averageQuantityMode": "same",
      "right": "none",
      "cooldownSeconds": 60,
      "refillCancelDistance": 50,
      "logEnabled": true
    },
    {
      "type": "IntermittentStrategy",
      "enabled": false,
      "loopCount": 3,
      "targetPrice": 2,
      "quantity": 75,
      "threshold": 10,
      "logEnabled": false
    },
    {
      "type": "RateOfChangeStrategy",
      "enabled": false,
      "pointsThreshold": 30,
      "accelerationThreshold": 5,
      "numberOfDatapointsReceived": 50,
      "quantity": 65,
      "targetPrice": 2,
      "stopLossPrice": 11,
      "maxHoldTimeMinutes": 30,
      "logEnabled": true
    },
    {
      "type": "GapStrategy",
      "enabled": false,
      "pointsThreshold": 20,
      "numberOfDatapointsReceived": 50,
      "quantity": 65,
      "targetPrice": 10,
      "stopLossPrice": 5,
      "maxHoldTimeMinutes": 600,
      "gapReversalMode": false,
      "gapReversalThreshold": 100,
      "logEnabled": true
    },
    {
      "type": "RuleBasedStrategy",
      "enabled": false,
      "indicators": [
        "RSI_5_70_30"
      ],
      "quantity": 65,
      "target": 10,
      "stopLoss": 20,
      "maxHoldTimeMinutes": 30,
      "logEnabled": true
    },
    {
      "type": "GoodMorningStrategy",
      "enabled": false,
      "quantity": 65,
      "targetPoints": 10,
      "stopLossPoints": 10,
      "logEnabled": true,
      "snapshotTime": "10:00",
      "confirmTime": "10:30",
      "previousClose": 24219,
      "minMovementPoints": 10
    },
    {
      "type": "GoodMorningSensexStrategy",
      "enabled": false,
      "quantity": 200,
      "targetPoints": 30,
      "stopLossPoints": 30,
      "logEnabled": true,
      "snapshotTime": "09:40",
      "confirmTime": "09:45",
      "minMovementPoints": 30
    },
    {
      "type": "SupportResistanceStrategy",
      "enabled": false,
      "supportPrice": 0,
      "resistancePrice": 0,
      "quantity": 1755,
      "targetPoints": 10,
      "stopLossPoints": 15,
      "logEnabled": true
    },
    {
      "type": "TargetReachStrategy",
      "enabled": false,
      "symbol": "NIFTY",
      "strike": 0,
      "expiry": "2026-01-01",
      "optionType": "CE",
      "targetPrice": 0,
      "quantity": 1755,
      "targetPoints": 10,
      "stopLossPoints": 15,
      "logEnabled": true
    }
  ]
}
[20:54:22] [Mongo.init] Mongo is initialized
[20:54:22] [ConfigService.loadConfig] Config Updated: {
  "srHypothesis": {
    "confirmWindowMin": 2,
    "maxJump": 15,
    "maxRangeWidth": 30,
    "buffer": 10,
    "target": 10,
    "stopLoss": 10,
    "breachBuffer": 0,
    "breachConfirmSec": 0,
    "heldMinSec": 407,
    "heldMaxSec": 651,
    "csvOutput": false
  },
  "rocHypothesis": {
    "target": 10,
    "stopLoss": 10,
    "cooldownSec": 60,
    "minWins": 2,
    "windowGridMin": [
      1,
      2,
      3,
      4,
      5,
      7,
      10,
      15
    ],
    "thresholdGrid": [
      5,
      10,
      15,
      20,
      25,
      30,
      40,
      50,
      60,
      75,
      100
    ],
    "csvOutput": false
  },
  "settings": {
    "minPrice": 20,
    "maxPrice": 30000,
    "targetPriceDiff": 2,
    "stopLossPriceDiff": 11,
    "trailingDistance": 4,
    "cooldownSeconds": 0,
    "logQuotes": false,
    "safetyBufferAmount": 5000,
    "consistencyLimitPercent": 40,
    "maxDailyDrawdownPercent": 25,
    "maxMonthlyDrawdownPercent": 50,
    "maxTradesPerDay": 10
  },
  "strategies": [
    {
      "type": "SentimentStrategy",
      "enabled": false,
      "averageThreshold": 20,
      "targetPrice": 2,
      "orderQuantity": 7200,
      "sentiment": "put",
      "loopCount": 1
    },
    {
      "type": "BuySellStrategy",
      "enabled": false,
      "initialQuantity": 150,
      "incrementFactor": "single",
      "incrementQuantity": 150,
      "averageThreshold": 10,
      "targetPrice": 5,
      "stopEnabled": false,
      "activateIntermittentCount": 100,
      "maxIterationCount": 10,
      "logEnabled": false,
      "right": "none"
    },
    {
      "type": "ContinuousStrategy",
      "enabled": false,
      "initialQuantity": 65,
      "slDistance": 10,
      "minPremium": 100,
      "allottedCapital": 200000,
      "spawnQuantityMode": "same",
      "averageQuantityMode": "same",
      "right": "none",
      "cooldownSeconds": 60,
      "refillCancelDistance": 50,
      "logEnabled": true
    },
    {
      "type": "IntermittentStrategy",
      "enabled": false,
      "loopCount": 3,
      "targetPrice": 2,
      "quantity": 75,
      "threshold": 10,
      "logEnabled": false
    },
    {
      "type": "RateOfChangeStrategy",
      "enabled": false,
      "pointsThreshold": 30,
      "accelerationThreshold": 5,
      "numberOfDatapointsReceived": 50,
      "quantity": 65,
      "targetPrice": 2,
      "stopLossPrice": 11,
      "maxHoldTimeMinutes": 30,
      "logEnabled": true
    },
    {
      "type": "GapStrategy",
      "enabled": false,
      "pointsThreshold": 20,
      "numberOfDatapointsReceived": 50,
      "quantity": 65,
      "targetPrice": 10,
      "stopLossPrice": 5,
      "maxHoldTimeMinutes": 600,
      "gapReversalMode": false,
      "gapReversalThreshold": 100,
      "logEnabled": true
    },
    {
      "type": "RuleBasedStrategy",
      "enabled": false,
      "indicators": [
        "RSI_5_70_30"
      ],
      "quantity": 65,
      "target": 10,
      "stopLoss": 20,
      "maxHoldTimeMinutes": 30,
      "logEnabled": true
    },
    {
      "type": "GoodMorningStrategy",
      "enabled": false,
      "quantity": 65,
      "targetPoints": 10,
      "stopLossPoints": 10,
      "logEnabled": true,
      "snapshotTime": "10:00",
      "confirmTime": "10:30",
      "previousClose": 24219,
      "minMovementPoints": 10
    },
    {
      "type": "GoodMorningSensexStrategy",
      "enabled": false,
      "quantity": 200,
      "targetPoints": 30,
      "stopLossPoints": 30,
      "logEnabled": true,
      "snapshotTime": "09:40",
      "confirmTime": "09:45",
      "minMovementPoints": 30
    },
    {
      "type": "SupportResistanceStrategy",
      "enabled": false,
      "supportPrice": 0,
      "resistancePrice": 0,
      "quantity": 1755,
      "targetPoints": 10,
      "stopLossPoints": 15,
      "logEnabled": true
    },
    {
      "type": "TargetReachStrategy",
      "enabled": false,
      "symbol": "NIFTY",
      "strike": 0,
      "expiry": "2026-01-01",
      "optionType": "CE",
      "targetPrice": 0,
      "quantity": 1755,
      "targetPoints": 10,
      "stopLossPoints": 15,
      "logEnabled": true
    }
  ]
}
[20:54:23] [ConfigService.loadConfig] Config Updated: {
  "srHypothesis": {
    "confirmWindowMin": 2,
    "maxJump": 15,
    "maxRangeWidth": 30,
    "buffer": 10,
    "target": 10,
    "stopLoss": 10,
    "breachBuffer": 0,
    "breachConfirmSec": 0,
    "heldMinSec": 407,
    "heldMaxSec": 651,
    "csvOutput": false
  },
  "rocHypothesis": {
    "target": 10,
    "stopLoss": 10,
    "cooldownSec": 60,
    "minWins": 2,
    "windowGridMin": [
      1,
      2,
      3,
      4,
      5,
      7,
      10,
      15
    ],
    "thresholdGrid": [
      5,
      10,
      15,
      20,
      25,
      30,
      40,
      50,
      60,
      75,
      100
    ],
    "csvOutput": false
  },
  "settings": {
    "minPrice": 20,
    "maxPrice": 30000,
    "targetPriceDiff": 2,
    "stopLossPriceDiff": 11,
    "trailingDistance": 4,
    "cooldownSeconds": 0,
    "logQuotes": false,
    "safetyBufferAmount": 5000,
    "consistencyLimitPercent": 40,
    "maxDailyDrawdownPercent": 25,
    "maxMonthlyDrawdownPercent": 50,
    "maxTradesPerDay": 10
  },
  "strategies": [
    {
      "type": "SentimentStrategy",
      "enabled": false,
      "averageThreshold": 20,
      "targetPrice": 2,
      "orderQuantity": 7200,
      "sentiment": "put",
      "loopCount": 1
    },
    {
      "type": "BuySellStrategy",
      "enabled": false,
      "initialQuantity": 150,
      "incrementFactor": "single",
      "incrementQuantity": 150,
      "averageThreshold": 10,
      "targetPrice": 5,
      "stopEnabled": false,
      "activateIntermittentCount": 100,
      "maxIterationCount": 10,
      "logEnabled": false,
      "right": "none"
    },
    {
      "type": "ContinuousStrategy",
      "enabled": false,
      "initialQuantity": 65,
      "slDistance": 10,
      "minPremium": 100,
      "allottedCapital": 200000,
      "spawnQuantityMode": "same",
      "averageQuantityMode": "same",
      "right": "none",
      "cooldownSeconds": 60,
      "refillCancelDistance": 50,
      "logEnabled": true
    },
    {
      "type": "IntermittentStrategy",
      "enabled": false,
      "loopCount": 3,
      "targetPrice": 2,
      "quantity": 75,
      "threshold": 10,
      "logEnabled": false
    },
    {
      "type": "RateOfChangeStrategy",
      "enabled": false,
      "pointsThreshold": 30,
      "accelerationThreshold": 5,
      "numberOfDatapointsReceived": 50,
      "quantity": 65,
      "targetPrice": 2,
      "stopLossPrice": 11,
      "maxHoldTimeMinutes": 30,
      "logEnabled": true
    },
    {
      "type": "GapStrategy",
      "enabled": false,
      "pointsThreshold": 20,
      "numberOfDatapointsReceived": 50,
      "quantity": 65,
      "targetPrice": 10,
      "stopLossPrice": 5,
      "maxHoldTimeMinutes": 600,
      "gapReversalMode": false,
      "gapReversalThreshold": 100,
      "logEnabled": true
    },
    {
      "type": "RuleBasedStrategy",
      "enabled": false,
      "indicators": [
        "RSI_5_70_30"
      ],
      "quantity": 65,
      "target": 10,
      "stopLoss": 20,
      "maxHoldTimeMinutes": 30,
      "logEnabled": true
    },
    {
      "type": "GoodMorningStrategy",
      "enabled": false,
      "quantity": 65,
      "targetPoints": 10,
      "stopLossPoints": 10,
      "logEnabled": true,
      "snapshotTime": "10:00",
      "confirmTime": "10:30",
      "previousClose": 24219,
      "minMovementPoints": 10
    },
    {
      "type": "GoodMorningSensexStrategy",
      "enabled": false,
      "quantity": 200,
      "targetPoints": 30,
      "stopLossPoints": 30,
      "logEnabled": true,
      "snapshotTime": "09:40",
      "confirmTime": "09:45",
      "minMovementPoints": 30
    },
    {
      "type": "SupportResistanceStrategy",
      "enabled": false,
      "supportPrice": 0,
      "resistancePrice": 0,
      "quantity": 1755,
      "targetPoints": 10,
      "stopLossPoints": 15,
      "logEnabled": true
    },
    {
      "type": "TargetReachStrategy",
      "enabled": false,
      "symbol": "NIFTY",
      "strike": 0,
      "expiry": "2026-01-01",
      "optionType": "CE",
      "targetPrice": 0,
      "quantity": 1755,
      "targetPoints": 10,
      "stopLossPoints": 15,
      "logEnabled": true
    }
  ]
}
[20:54:23] [Mongo._init] Mongo is initialized
[20:54:23] [AntDataStream.connect] [AntDataStream] Connecting to ANT streaming...
[20:54:23] [ANT.loadSession] ANT session loaded from file
[20:54:23] [AntSession.prepareWsSession] [AntSession] Creating WS session (createWsSess)...
[20:54:23] [Config._processFile] Dir Name: /home/karthikeyan/work/icici/dist/prism
[20:54:23] [Config._processFile] File Name: /home/karthikeyan/work/icici/dist/prism/config.js
[20:54:23] [NorenRestApi.reloadToken] Restored Shoonya access token from userToken.txt
[20:54:23] [Config._processFile] Dir Name: /home/karthikeyan/work/icici/dist/prism
[20:54:23] [Config._processFile] File Name: /home/karthikeyan/work/icici/dist/prism/config.js
[20:54:23] [NorenRestApi.reloadToken] Restored Shoonya access token from userToken.txt
[20:54:24] [Config._processFile] Dir Name: /home/karthikeyan/work/icici/dist/prism
[20:54:24] [Config._processFile] File Name: /home/karthikeyan/work/icici/dist/prism/config.js
[20:54:24] [AntSession.prepareWsSession] [AntSession] createWsSess response: {
  "status": "Ok",
  "message": "Success",
  "result": [
    {
      "Status": "OK"
    }
  ]
}
[20:54:24] [AntSession.prepareWsSession] [AntSession] WS session prepared successfully
[20:54:24] [NorenRestApi.reloadToken] Restored Shoonya access token from userToken.txt
[20:54:24] [Mongo.init] Mongo is initialized
[20:54:24] [ws.onopen] [AntWS] Connected, sending auth payload...
[20:54:24] [AntDataStream.connect] [AntDataStream] Connected and streaming
[20:54:24] [main] [data] Ready - NIFTY/SENSEX always subscribed, streaming to stdout.
[20:54:24] [Mongo.init] Mongo is initialized
[20:54:24] [ws.onmessage] [AntWS] Connect ack: {
  "t": "ck",
  "s": "OK",
  "uid": "924118_API"
}
[20:54:24] [/home/karthikeyan/work/icici/dist/processes/data/AntDataStream.js:57:27] [AntDataStream] WebSocket open, subscribing to always-on instruments...
[20:54:24] [AntWebSocket.subscribe] [AntWS] Subscribing: NSE|26000#BSE|1
[20:54:24] [Config._processFile] lot count: 1
[20:54:24] [Config._processFile] Auto Trade: false
[20:54:24] [Mongo._init] Mongo is initialized
[20:54:24] [expandRuleBasedConfig] [StrategyFactory] Expanded RuleBasedStrategy into 1 instances
[20:54:24] [Strategies.initialize] [] expandedConfigArray:  [
  {
    "type": "SentimentStrategy",
    "enabled": false,
    "averageThreshold": 20,
    "targetPrice": 2,
    "orderQuantity": 7200,
    "sentiment": "put",
    "loopCount": 1
  },
  {
    "type": "BuySellStrategy",
    "enabled": false,
    "initialQuantity": 150,
    "incrementFactor": "single",
    "incrementQuantity": 150,
    "averageThreshold": 10,
    "targetPrice": 5,
    "stopEnabled": false,
    "activateIntermittentCount": 100,
    "maxIterationCount": 10,
    "logEnabled": false,
    "right": "none"
  },
  {
    "type": "ContinuousStrategy",
    "enabled": false,
    "initialQuantity": 65,
    "slDistance": 10,
    "minPremium": 100,
    "allottedCapital": 200000,
    "spawnQuantityMode": "same",
    "averageQuantityMode": "same",
    "right": "none",
    "cooldownSeconds": 60,
    "refillCancelDistance": 50,
    "logEnabled": true
  },
  {
    "type": "IntermittentStrategy",
    "enabled": false,
    "loopCount": 3,
    "targetPrice": 2,
    "quantity": 75,
    "threshold": 10,
    "logEnabled": false
  },
  {
    "type": "RateOfChangeStrategy",
    "enabled": false,
    "pointsThreshold": 30,
    "accelerationThreshold": 5,
    "numberOfDatapointsReceived": 50,
    "quantity": 65,
    "targetPrice": 2,
    "stopLossPrice": 11,
    "maxHoldTimeMinutes": 30,
    "logEnabled": true
  },
  {
    "type": "GapStrategy",
    "enabled": false,
    "pointsThreshold": 20,
    "numberOfDatapointsReceived": 50,
    "quantity": 65,
    "targetPrice": 10,
    "stopLossPrice": 5,
    "maxHoldTimeMinutes": 600,
    "gapReversalMode": false,
    "gapReversalThreshold": 100,
    "logEnabled": true
  },
  {
    "type": "RuleBasedStrategy",
    "enabled": false,
    "indicators": [
      "RSI_5_70_30"
    ],
    "quantity": 65,
    "target": 10,
    "stopLoss": 20,
    "maxHoldTimeMinutes": 30,
    "logEnabled": true,
    "userId": "Rule-RSI_5_70_30"
  },
  {
    "type": "GoodMorningStrategy",
    "enabled": false,
    "quantity": 65,
    "targetPoints": 10,
    "stopLossPoints": 10,
    "logEnabled": true,
    "snapshotTime": "10:00",
    "confirmTime": "10:30",
    "previousClose": 24219,
    "minMovementPoints": 10
  },
  {
    "type": "GoodMorningSensexStrategy",
    "enabled": false,
    "quantity": 200,
    "targetPoints": 30,
    "stopLossPoints": 30,
    "logEnabled": true,
    "snapshotTime": "09:40",
    "confirmTime": "09:45",
    "minMovementPoints": 30
  },
  {
    "type": "SupportResistanceStrategy",
    "enabled": false,
    "supportPrice": 0,
    "resistancePrice": 0,
    "quantity": 1755,
    "targetPoints": 10,
    "stopLossPoints": 15,
    "logEnabled": true
  },
  {
    "type": "TargetReachStrategy",
    "enabled": false,
    "symbol": "NIFTY",
    "strike": 0,
    "expiry": "2026-01-01",
    "optionType": "CE",
    "targetPrice": 0,
    "quantity": 1755,
    "targetPoints": 10,
    "stopLossPoints": 15,
    "logEnabled": true
  }
]
[20:54:24] [expandRuleBasedConfig] [StrategyFactory] Expanded RuleBasedStrategy into 1 instances
[20:54:24] [new RuleBasedStrategy] [RuleBased:Rule-RSI_5_70_30] Initialized with indicators: RSI_5_70_30
[20:54:24] [Strategies.initialize] [Strategies] Initialized 11 strategies: [
  "SentimentStrategy(SentimentStrategy, enabled=false)",
  "BuySellStrategy(BuySellStrategy, enabled=false)",
  "ContinuousStrategy(ContinuousStrategy, enabled=false)",
  "IntermittentStrategy(IntermittentStrategy, enabled=false)",
  "RateOfChangeStrategy(RateOfChangeStrategy, enabled=false)",
  "GapStrategy(GapStrategy, enabled=false)",
  "RuleBasedStrategy(Rule-RSI_5_70_30, enabled=false)",
  "GoodMorningStrategy(GoodMorningStrategy, enabled=false)",
  "GoodMorningSensexStrategy(GoodMorningSensexStrategy, enabled=false)",
  "SupportResistanceStrategy(SupportResistanceStrategy, enabled=false)",
  "TargetReachStrategy(TargetReachStrategy, enabled=false)"
]
[20:54:24] [main] [strategies] Ready - 11 strategies loaded.
[20:54:24] [BuySellStrategy.reconcileOrderState] BuySellStrategy  BuySellStrategy: reconcileOrderState attempt 1/15 failed:  Not connected to order process
[20:54:24] [Server.<anonymous>] [strategies] Listening on /tmp/icici-strategies.sock
[20:54:24] [/home/karthikeyan/work/icici/dist/processes/strategies/OrderClient.js:53:41] [strategies] Failed to parse order-process message:  Error: connect ENOENT /tmp/icici-order.sock
    at PipeConnectWrap.afterConnect [as oncomplete] (node:net:1615:16)
[20:54:24] [Socket.<anonymous>] [strategies] Order socket error: Error: connect ENOENT /tmp/icici-order.sock
    at PipeConnectWrap.afterConnect [as oncomplete] (node:net:1615:16)
[20:54:24] [Socket.<anonymous>] [strategies] Disconnected from order process, retrying in 2s...
[20:54:24] [Mongo._init] Mongo is initialized
[20:54:24] [Config._processFile] lot count: 1
[20:54:24] [Config._processFile] Auto Trade: false
[20:54:24] [OrderBookkeeping.loadClosedTradesFromMongo] [order] Reloaded 6 closed trade(s) from Mongo for today
[20:54:24] [ANT.loadSession] ANT session loaded from file
Fri, 28 Aug 2026 15:24:24 GMT body-parser deprecated bodyParser: use individual json/urlencoded middlewares at dist/server.js:92:35
Fri, 28 Aug 2026 15:24:24 GMT body-parser deprecated undefined extended: provide extended option at node_modules/body-parser/index.js:104:29
[20:54:24] [Mongo.init] Mongo is initialized
[20:54:25] [Mongo._init] Mongo is initialized
[20:54:25] [Server.<anonymous>] [strategies] Frontend client connected
[20:54:25] [Server.<anonymous>] [frontend] Listening on 3000
[20:54:25] [Config._processFile] lot count: 1
[20:54:25] [Config._processFile] Auto Trade: false
[20:54:25] [/home/karthikeyan/work/icici/dist/processes/strategies/OrderClient.js:53:41] [strategies] Failed to parse order-process message:  Error: connect ENOENT /tmp/icici-order.sock
    at PipeConnectWrap.afterConnect [as oncomplete] (node:net:1615:16)
[20:54:25] [Socket.<anonymous>] [strategies] Order socket error: Error: connect ENOENT /tmp/icici-order.sock
    at PipeConnectWrap.afterConnect [as oncomplete] (node:net:1615:16)
[20:54:25] [Socket.<anonymous>] [strategies] Disconnected from order process, retrying in 2s...
[20:54:25] [Socket.<anonymous>] [frontend] Connected to strategies process
[20:54:25] [/home/karthikeyan/work/icici/dist/server.js:1446:27] [frontend] nifty tick: {"ltp":24175.65,"ltt":"1787919089","token":"26000","changePercent":0.35,"prevClose":24091.33034379671} clients=0
[20:54:25] [Server.<anonymous>] [order] Listening on /tmp/icici-order.sock
[20:54:25] [AntOrderNotifyStream.getWsToken] [AntOrderNotify] createWsToken response: {"status":"Ok","message":"200","result":[{"orderToken":"a1dab534e3e11278f5844327e89f2816e139ef8b6d40ab90772172c1a5f7754d"}]}
[20:54:25] [ws.onopen] [AntOrderNotify] Connected, subscribing...
[20:54:26] [BuySellStrategy.reconcileOrderState] BuySellStrategy  BuySellStrategy: reconcileOrderState attempt 2/15 failed:  Not connected to order process
[20:54:26] [Socket.<anonymous>] [strategies] Connected to order process
[20:54:26] [Server.<anonymous>] [order] Client connected, total: 1
[20:54:27] [Server.<anonymous>] [order] Client connected, total: 2
[20:54:27] [Socket.<anonymous>] [strategies] Connected to order process
[20:54:28] [BuySellStrategy.reconcileOrderState] BuySellStrategy  BuySellStrategy: reconciled - no existing open trade, ordered=false
[20:55:25] [Zerodha.loadSession] Zerodha session loaded from file
[orchestrator] [dev] Restarting frontend (data/order/strategies untouched)...
[orchestrator] [frontend] exited (code=0 signal=null)
[20:55:40] [Socket.<anonymous>] [order] Client disconnected, total: 1
[20:55:41] [ConfigService.loadConfig] Config Updated: {
  "srHypothesis": {
    "confirmWindowMin": 2,
    "maxJump": 15,
    "maxRangeWidth": 30,
    "buffer": 10,
    "target": 10,
    "stopLoss": 10,
    "breachBuffer": 0,
    "breachConfirmSec": 0,
    "heldMinSec": 407,
    "heldMaxSec": 651,
    "csvOutput": false
  },
  "rocHypothesis": {
    "target": 10,
    "stopLoss": 10,
    "cooldownSec": 60,
    "minWins": 2,
    "windowGridMin": [
      1,
      2,
      3,
      4,
      5,
      7,
      10,
      15
    ],
    "thresholdGrid": [
      5,
      10,
      15,
      20,
      25,
      30,
      40,
      50,
      60,
      75,
      100
    ],
    "csvOutput": false
  },
  "settings": {
    "minPrice": 20,
    "maxPrice": 30000,
    "targetPriceDiff": 2,
    "stopLossPriceDiff": 11,
    "trailingDistance": 4,
    "cooldownSeconds": 0,
    "logQuotes": false,
    "safetyBufferAmount": 5000,
    "consistencyLimitPercent": 40,
    "maxDailyDrawdownPercent": 25,
    "maxMonthlyDrawdownPercent": 50,
    "maxTradesPerDay": 10
  },
  "strategies": [
    {
      "type": "SentimentStrategy",
      "enabled": false,
      "averageThreshold": 20,
      "targetPrice": 2,
      "orderQuantity": 7200,
      "sentiment": "put",
      "loopCount": 1
    },
    {
      "type": "BuySellStrategy",
      "enabled": false,
      "initialQuantity": 150,
      "incrementFactor": "single",
      "incrementQuantity": 150,
      "averageThreshold": 10,
      "targetPrice": 5,
      "stopEnabled": false,
      "activateIntermittentCount": 100,
      "maxIterationCount": 10,
      "logEnabled": false,
      "right": "none"
    },
    {
      "type": "ContinuousStrategy",
      "enabled": false,
      "initialQuantity": 65,
      "slDistance": 10,
      "minPremium": 100,
      "allottedCapital": 200000,
      "spawnQuantityMode": "same",
      "averageQuantityMode": "same",
      "right": "none",
      "cooldownSeconds": 60,
      "refillCancelDistance": 50,
      "logEnabled": true
    },
    {
      "type": "IntermittentStrategy",
      "enabled": false,
      "loopCount": 3,
      "targetPrice": 2,
      "quantity": 75,
      "threshold": 10,
      "logEnabled": false
    },
    {
      "type": "RateOfChangeStrategy",
      "enabled": false,
      "pointsThreshold": 30,
      "accelerationThreshold": 5,
      "numberOfDatapointsReceived": 50,
      "quantity": 65,
      "targetPrice": 2,
      "stopLossPrice": 11,
      "maxHoldTimeMinutes": 30,
      "logEnabled": true
    },
    {
      "type": "GapStrategy",
      "enabled": false,
      "pointsThreshold": 20,
      "numberOfDatapointsReceived": 50,
      "quantity": 65,
      "targetPrice": 10,
      "stopLossPrice": 5,
      "maxHoldTimeMinutes": 600,
      "gapReversalMode": false,
      "gapReversalThreshold": 100,
      "logEnabled": true
    },
    {
      "type": "RuleBasedStrategy",
      "enabled": false,
      "indicators": [
        "RSI_5_70_30"
      ],
      "quantity": 65,
      "target": 10,
      "stopLoss": 20,
      "maxHoldTimeMinutes": 30,
      "logEnabled": true
    },
    {
      "type": "GoodMorningStrategy",
      "enabled": false,
      "quantity": 65,
      "targetPoints": 10,
      "stopLossPoints": 10,
      "logEnabled": true,
      "snapshotTime": "10:00",
      "confirmTime": "10:30",
      "previousClose": 24219,
      "minMovementPoints": 10
    },
    {
      "type": "GoodMorningSensexStrategy",
      "enabled": false,
      "quantity": 200,
      "targetPoints": 30,
      "stopLossPoints": 30,
      "logEnabled": true,
      "snapshotTime": "09:40",
      "confirmTime": "09:45",
      "minMovementPoints": 30
    },
    {
      "type": "SupportResistanceStrategy",
      "enabled": false,
      "supportPrice": 0,
      "resistancePrice": 0,
      "quantity": 1755,
      "targetPoints": 10,
      "stopLossPoints": 15,
      "logEnabled": true
    },
    {
      "type": "TargetReachStrategy",
      "enabled": false,
      "symbol": "NIFTY",
      "strike": 0,
      "expiry": "2026-01-01",
      "optionType": "CE",
      "targetPrice": 0,
      "quantity": 1755,
      "targetPoints": 10,
      "stopLossPoints": 15,
      "logEnabled": true
    }
  ]
}
[20:55:41] [Config._processFile] Dir Name: /home/karthikeyan/work/icici/dist/prism
[20:55:41] [Config._processFile] File Name: /home/karthikeyan/work/icici/dist/prism/config.js
[20:55:41] [NorenRestApi.reloadToken] Restored Shoonya access token from userToken.txt
Fri, 28 Aug 2026 15:25:42 GMT body-parser deprecated bodyParser: use individual json/urlencoded middlewares at dist/server.js:92:35
Fri, 28 Aug 2026 15:25:42 GMT body-parser deprecated undefined extended: provide extended option at node_modules/body-parser/index.js:104:29
[20:55:42] [Mongo.init] Mongo is initialized
[20:55:42] [Mongo._init] Mongo is initialized
[20:55:42] [Server.<anonymous>] [order] Client connected, total: 2
[20:55:42] [Server.<anonymous>] [strategies] Frontend client connected
[20:55:42] [Server.<anonymous>] [frontend] Listening on 3000
[20:55:42] [Config._processFile] lot count: 1
[20:55:42] [Config._processFile] Auto Trade: false
[20:55:42] [Socket.<anonymous>] [strategies] Connected to order process
[20:55:42] [Socket.<anonymous>] [frontend] Connected to strategies process
[orchestrator] [dev] Restarting frontend (data/order/strategies untouched)...
[20:55:43] [Socket.<anonymous>] [order] Client disconnected, total: 1
[orchestrator] [frontend] exited (code=0 signal=null)
[20:55:44] [ConfigService.loadConfig] Config Updated: {
  "srHypothesis": {
    "confirmWindowMin": 2,
    "maxJump": 15,
    "maxRangeWidth": 30,
    "buffer": 10,
    "target": 10,
    "stopLoss": 10,
    "breachBuffer": 0,
    "breachConfirmSec": 0,
    "heldMinSec": 407,
    "heldMaxSec": 651,
    "csvOutput": false
  },
  "rocHypothesis": {
    "target": 10,
    "stopLoss": 10,
    "cooldownSec": 60,
    "minWins": 2,
    "windowGridMin": [
      1,
      2,
      3,
      4,
      5,
      7,
      10,
      15
    ],
    "thresholdGrid": [
      5,
      10,
      15,
      20,
      25,
      30,
      40,
      50,
      60,
      75,
      100
    ],
    "csvOutput": false
  },
  "settings": {
    "minPrice": 20,
    "maxPrice": 30000,
    "targetPriceDiff": 2,
    "stopLossPriceDiff": 11,
    "trailingDistance": 4,
    "cooldownSeconds": 0,
    "logQuotes": false,
    "safetyBufferAmount": 5000,
    "consistencyLimitPercent": 40,
    "maxDailyDrawdownPercent": 25,
    "maxMonthlyDrawdownPercent": 50,
    "maxTradesPerDay": 10
  },
  "strategies": [
    {
      "type": "SentimentStrategy",
      "enabled": false,
      "averageThreshold": 20,
      "targetPrice": 2,
      "orderQuantity": 7200,
      "sentiment": "put",
      "loopCount": 1
    },
    {
      "type": "BuySellStrategy",
      "enabled": false,
      "initialQuantity": 150,
      "incrementFactor": "single",
      "incrementQuantity": 150,
      "averageThreshold": 10,
      "targetPrice": 5,
      "stopEnabled": false,
      "activateIntermittentCount": 100,
      "maxIterationCount": 10,
      "logEnabled": false,
      "right": "none"
    },
    {
      "type": "ContinuousStrategy",
      "enabled": false,
      "initialQuantity": 65,
      "slDistance": 10,
      "minPremium": 100,
      "allottedCapital": 200000,
      "spawnQuantityMode": "same",
      "averageQuantityMode": "same",
      "right": "none",
      "cooldownSeconds": 60,
      "refillCancelDistance": 50,
      "logEnabled": true
    },
    {
      "type": "IntermittentStrategy",
      "enabled": false,
      "loopCount": 3,
      "targetPrice": 2,
      "quantity": 75,
      "threshold": 10,
      "logEnabled": false
    },
    {
      "type": "RateOfChangeStrategy",
      "enabled": false,
      "pointsThreshold": 30,
      "accelerationThreshold": 5,
      "numberOfDatapointsReceived": 50,
      "quantity": 65,
      "targetPrice": 2,
      "stopLossPrice": 11,
      "maxHoldTimeMinutes": 30,
      "logEnabled": true
    },
    {
      "type": "GapStrategy",
      "enabled": false,
      "pointsThreshold": 20,
      "numberOfDatapointsReceived": 50,
      "quantity": 65,
      "targetPrice": 10,
      "stopLossPrice": 5,
      "maxHoldTimeMinutes": 600,
      "gapReversalMode": false,
      "gapReversalThreshold": 100,
      "logEnabled": true
    },
    {
      "type": "RuleBasedStrategy",
      "enabled": false,
      "indicators": [
        "RSI_5_70_30"
      ],
      "quantity": 65,
      "target": 10,
      "stopLoss": 20,
      "maxHoldTimeMinutes": 30,
      "logEnabled": true
    },
    {
      "type": "GoodMorningStrategy",
      "enabled": false,
      "quantity": 65,
      "targetPoints": 10,
      "stopLossPoints": 10,
      "logEnabled": true,
      "snapshotTime": "10:00",
      "confirmTime": "10:30",
      "previousClose": 24219,
      "minMovementPoints": 10
    },
    {
      "type": "GoodMorningSensexStrategy",
      "enabled": false,
      "quantity": 200,
      "targetPoints": 30,
      "stopLossPoints": 30,
      "logEnabled": true,
      "snapshotTime": "09:40",
      "confirmTime": "09:45",
      "minMovementPoints": 30
    },
    {
      "type": "SupportResistanceStrategy",
      "enabled": false,
      "supportPrice": 0,
      "resistancePrice": 0,
      "quantity": 1755,
      "targetPoints": 10,
      "stopLossPoints": 15,
      "logEnabled": true
    },
    {
      "type": "TargetReachStrategy",
      "enabled": false,
      "symbol": "NIFTY",
      "strike": 0,
      "expiry": "2026-01-01",
      "optionType": "CE",
      "targetPrice": 0,
      "quantity": 1755,
      "targetPoints": 10,
      "stopLossPoints": 15,
      "logEnabled": true
    }
  ]
}
[20:55:45] [Config._processFile] Dir Name: /home/karthikeyan/work/icici/dist/prism
[20:55:45] [Config._processFile] File Name: /home/karthikeyan/work/icici/dist/prism/config.js
[20:55:45] [NorenRestApi.reloadToken] Restored Shoonya access token from userToken.txt
Fri, 28 Aug 2026 15:25:45 GMT body-parser deprecated bodyParser: use individual json/urlencoded middlewares at dist/server.js:93:35
Fri, 28 Aug 2026 15:25:45 GMT body-parser deprecated undefined extended: provide extended option at node_modules/body-parser/index.js:104:29
[20:55:45] [Mongo.init] Mongo is initialized
[20:55:45] [Mongo._init] Mongo is initialized
[20:55:45] [Server.<anonymous>] [order] Client connected, total: 2
[20:55:45] [Server.<anonymous>] [strategies] Frontend client connected
[20:55:45] [Server.<anonymous>] [frontend] Listening on 3000
[20:55:45] [Config._processFile] lot count: 1
[20:55:45] [Config._processFile] Auto Trade: false
[20:55:45] [Socket.<anonymous>] [strategies] Connected to order process
[20:55:45] [Socket.<anonymous>] [frontend] Connected to strategies process
[orchestrator] [dev] Restarting order (data/strategies/frontend untouched)...
[20:55:54] [Socket.<anonymous>] [strategies] Disconnected from order process, retrying in 2s...
[orchestrator] [order] exited (code=0 signal=null)
[20:55:54] [Socket.<anonymous>] [strategies] Disconnected from order process, retrying in 2s...
[20:55:54] [ConfigService.loadConfig] Config Updated: {
  "srHypothesis": {
    "confirmWindowMin": 2,
    "maxJump": 15,
    "maxRangeWidth": 30,
    "buffer": 10,
    "target": 10,
    "stopLoss": 10,
    "breachBuffer": 0,
    "breachConfirmSec": 0,
    "heldMinSec": 407,
    "heldMaxSec": 651,
    "csvOutput": false
  },
  "rocHypothesis": {
    "target": 10,
    "stopLoss": 10,
    "cooldownSec": 60,
    "minWins": 2,
    "windowGridMin": [
      1,
      2,
      3,
      4,
      5,
      7,
      10,
      15
    ],
    "thresholdGrid": [
      5,
      10,
      15,
      20,
      25,
      30,
      40,
      50,
      60,
      75,
      100
    ],
    "csvOutput": false
  },
  "settings": {
    "minPrice": 20,
    "maxPrice": 30000,
    "targetPriceDiff": 2,
    "stopLossPriceDiff": 11,
    "trailingDistance": 4,
    "cooldownSeconds": 0,
    "logQuotes": false,
    "safetyBufferAmount": 5000,
    "consistencyLimitPercent": 40,
    "maxDailyDrawdownPercent": 25,
    "maxMonthlyDrawdownPercent": 50,
    "maxTradesPerDay": 10
  },
  "strategies": [
    {
      "type": "SentimentStrategy",
      "enabled": false,
      "averageThreshold": 20,
      "targetPrice": 2,
      "orderQuantity": 7200,
      "sentiment": "put",
      "loopCount": 1
    },
    {
      "type": "BuySellStrategy",
      "enabled": false,
      "initialQuantity": 150,
      "incrementFactor": "single",
      "incrementQuantity": 150,
      "averageThreshold": 10,
      "targetPrice": 5,
      "stopEnabled": false,
      "activateIntermittentCount": 100,
      "maxIterationCount": 10,
      "logEnabled": false,
      "right": "none"
    },
    {
      "type": "ContinuousStrategy",
      "enabled": false,
      "initialQuantity": 65,
      "slDistance": 10,
      "minPremium": 100,
      "allottedCapital": 200000,
      "spawnQuantityMode": "same",
      "averageQuantityMode": "same",
      "right": "none",
      "cooldownSeconds": 60,
      "refillCancelDistance": 50,
      "logEnabled": true
    },
    {
      "type": "IntermittentStrategy",
      "enabled": false,
      "loopCount": 3,
      "targetPrice": 2,
      "quantity": 75,
      "threshold": 10,
      "logEnabled": false
    },
    {
      "type": "RateOfChangeStrategy",
      "enabled": false,
      "pointsThreshold": 30,
      "accelerationThreshold": 5,
      "numberOfDatapointsReceived": 50,
      "quantity": 65,
      "targetPrice": 2,
      "stopLossPrice": 11,
      "maxHoldTimeMinutes": 30,
      "logEnabled": true
    },
    {
      "type": "GapStrategy",
      "enabled": false,
      "pointsThreshold": 20,
      "numberOfDatapointsReceived": 50,
      "quantity": 65,
      "targetPrice": 10,
      "stopLossPrice": 5,
      "maxHoldTimeMinutes": 600,
      "gapReversalMode": false,
      "gapReversalThreshold": 100,
      "logEnabled": true
    },
    {
      "type": "RuleBasedStrategy",
      "enabled": false,
      "indicators": [
        "RSI_5_70_30"
      ],
      "quantity": 65,
      "target": 10,
      "stopLoss": 20,
      "maxHoldTimeMinutes": 30,
      "logEnabled": true
    },
    {
      "type": "GoodMorningStrategy",
      "enabled": false,
      "quantity": 65,
      "targetPoints": 10,
      "stopLossPoints": 10,
      "logEnabled": true,
      "snapshotTime": "10:00",
      "confirmTime": "10:30",
      "previousClose": 24219,
      "minMovementPoints": 10
    },
    {
      "type": "GoodMorningSensexStrategy",
      "enabled": false,
      "quantity": 200,
      "targetPoints": 30,
      "stopLossPoints": 30,
      "logEnabled": true,
      "snapshotTime": "09:40",
      "confirmTime": "09:45",
      "minMovementPoints": 30
    },
    {
      "type": "SupportResistanceStrategy",
      "enabled": false,
      "supportPrice": 0,
      "resistancePrice": 0,
      "quantity": 1755,
      "targetPoints": 10,
      "stopLossPoints": 15,
      "logEnabled": true
    },
    {
      "type": "TargetReachStrategy",
      "enabled": false,
      "symbol": "NIFTY",
      "strike": 0,
      "expiry": "2026-01-01",
      "optionType": "CE",
      "targetPrice": 0,
      "quantity": 1755,
      "targetPoints": 10,
      "stopLossPoints": 15,
      "logEnabled": true
    }
  ]
}
[20:55:54] [Config._processFile] Dir Name: /home/karthikeyan/work/icici/dist/prism
[20:55:54] [Config._processFile] File Name: /home/karthikeyan/work/icici/dist/prism/config.js
[20:55:54] [NorenRestApi.reloadToken] Restored Shoonya access token from userToken.txt
[20:55:54] [Mongo.init] Mongo is initialized
[20:55:54] [Config._processFile] lot count: 1
[20:55:54] [Config._processFile] Auto Trade: false
[20:55:54] [Mongo._init] Mongo is initialized
[20:55:54] [OrderBookkeeping.loadClosedTradesFromMongo] [order] Reloaded 6 closed trade(s) from Mongo for today
[20:55:54] [ANT.loadSession] ANT session loaded from file
[20:55:54] [Server.<anonymous>] [order] Listening on /tmp/icici-order.sock
[20:55:54] [AntOrderNotifyStream.getWsToken] [AntOrderNotify] createWsToken response: {"status":"Ok","message":"200","result":[{"orderToken":"a1dab534e3e11278f5844327e89f2816e139ef8b6d40ab90772172c1a5f7754d"}]}
[20:55:55] [ws.onopen] [AntOrderNotify] Connected, subscribing...
[20:55:56] [Socket.<anonymous>] [strategies] Connected to order process
[20:55:56] [Server.<anonymous>] [order] Client connected, total: 1
[20:55:56] [Server.<anonymous>] [order] Client connected, total: 2
[20:55:56] [Socket.<anonymous>] [strategies] Connected to order process
[orchestrator] [dev] Restarting order (data/strategies/frontend untouched)...
[20:56:29] [Socket.<anonymous>] [strategies] Disconnected from order process, retrying in 2s...
[20:56:29] [Socket.<anonymous>] [strategies] Disconnected from order process, retrying in 2s...
[orchestrator] [dev] Restarting data (order/strategies/frontend untouched)...
[orchestrator] [order] exited (code=0 signal=null)
[orchestrator] [data] exited (code=0 signal=null)
[orchestrator] [dev] Restarting frontend (data/order/strategies untouched)...
[orchestrator] [frontend] exited (code=0 signal=null)
[20:56:31] [ConfigService.loadConfig] Config Updated: {
  "srHypothesis": {
    "confirmWindowMin": 2,
    "maxJump": 15,
    "maxRangeWidth": 30,
    "buffer": 10,
    "target": 10,
    "stopLoss": 10,
    "breachBuffer": 0,
    "breachConfirmSec": 0,
    "heldMinSec": 407,
    "heldMaxSec": 651,
    "csvOutput": false
  },
  "rocHypothesis": {
    "target": 10,
    "stopLoss": 10,
    "cooldownSec": 60,
    "minWins": 2,
    "windowGridMin": [
      1,
      2,
      3,
      4,
      5,
      7,
      10,
      15
    ],
    "thresholdGrid": [
      5,
      10,
      15,
      20,
      25,
      30,
      40,
      50,
      60,
      75,
      100
    ],
    "csvOutput": false
  },
  "settings": {
    "minPrice": 20,
    "maxPrice": 30000,
    "targetPriceDiff": 2,
    "stopLossPriceDiff": 11,
    "trailingDistance": 4,
    "cooldownSeconds": 0,
    "logQuotes": false,
    "safetyBufferAmount": 5000,
    "consistencyLimitPercent": 40,
    "maxDailyDrawdownPercent": 25,
    "maxMonthlyDrawdownPercent": 50,
    "maxTradesPerDay": 10
  },
  "strategies": [
    {
      "type": "SentimentStrategy",
      "enabled": false,
      "averageThreshold": 20,
      "targetPrice": 2,
      "orderQuantity": 7200,
      "sentiment": "put",
      "loopCount": 1
    },
    {
      "type": "BuySellStrategy",
      "enabled": false,
      "initialQuantity": 150,
      "incrementFactor": "single",
      "incrementQuantity": 150,
      "averageThreshold": 10,
      "targetPrice": 5,
      "stopEnabled": false,
      "activateIntermittentCount": 100,
      "maxIterationCount": 10,
      "logEnabled": false,
      "right": "none"
    },
    {
      "type": "ContinuousStrategy",
      "enabled": false,
      "initialQuantity": 65,
      "slDistance": 10,
      "minPremium": 100,
      "allottedCapital": 200000,
      "spawnQuantityMode": "same",
      "averageQuantityMode": "same",
      "right": "none",
      "cooldownSeconds": 60,
      "refillCancelDistance": 50,
      "logEnabled": true
    },
    {
      "type": "IntermittentStrategy",
      "enabled": false,
      "loopCount": 3,
      "targetPrice": 2,
      "quantity": 75,
      "threshold": 10,
      "logEnabled": false
    },
    {
      "type": "RateOfChangeStrategy",
      "enabled": false,
      "pointsThreshold": 30,
      "accelerationThreshold": 5,
      "numberOfDatapointsReceived": 50,
      "quantity": 65,
      "targetPrice": 2,
      "stopLossPrice": 11,
      "maxHoldTimeMinutes": 30,
      "logEnabled": true
    },
    {
      "type": "GapStrategy",
      "enabled": false,
      "pointsThreshold": 20,
      "numberOfDatapointsReceived": 50,
      "quantity": 65,
      "targetPrice": 10,
      "stopLossPrice": 5,
      "maxHoldTimeMinutes": 600,
      "gapReversalMode": false,
      "gapReversalThreshold": 100,
      "logEnabled": true
    },
    {
      "type": "RuleBasedStrategy",
      "enabled": false,
      "indicators": [
        "RSI_5_70_30"
      ],
      "quantity": 65,
      "target": 10,
      "stopLoss": 20,
      "maxHoldTimeMinutes": 30,
      "logEnabled": true
    },
    {
      "type": "GoodMorningStrategy",
      "enabled": false,
      "quantity": 65,
      "targetPoints": 10,
      "stopLossPoints": 10,
      "logEnabled": true,
      "snapshotTime": "10:00",
      "confirmTime": "10:30",
      "previousClose": 24219,
      "minMovementPoints": 10
    },
    {
      "type": "GoodMorningSensexStrategy",
      "enabled": false,
      "quantity": 200,
      "targetPoints": 30,
      "stopLossPoints": 30,
      "logEnabled": true,
      "snapshotTime": "09:40",
      "confirmTime": "09:45",
      "minMovementPoints": 30
    },
    {
      "type": "SupportResistanceStrategy",
      "enabled": false,
      "supportPrice": 0,
      "resistancePrice": 0,
      "quantity": 1755,
      "targetPoints": 10,
      "stopLossPoints": 15,
      "logEnabled": true
    },
    {
      "type": "TargetReachStrategy",
      "enabled": false,
      "symbol": "NIFTY",
      "strike": 0,
      "expiry": "2026-01-01",
      "optionType": "CE",
      "targetPrice": 0,
      "quantity": 1755,
      "targetPoints": 10,
      "stopLossPoints": 15,
      "logEnabled": true
    }
  ]
}
[20:56:31] [ConfigService.loadConfig] Config Updated: {
  "srHypothesis": {
    "confirmWindowMin": 2,
    "maxJump": 15,
    "maxRangeWidth": 30,
    "buffer": 10,
    "target": 10,
    "stopLoss": 10,
    "breachBuffer": 0,
    "breachConfirmSec": 0,
    "heldMinSec": 407,
    "heldMaxSec": 651,
    "csvOutput": false
  },
  "rocHypothesis": {
    "target": 10,
    "stopLoss": 10,
    "cooldownSec": 60,
    "minWins": 2,
    "windowGridMin": [
      1,
      2,
      3,
      4,
      5,
      7,
      10,
      15
    ],
    "thresholdGrid": [
      5,
      10,
      15,
      20,
      25,
      30,
      40,
      50,
      60,
      75,
      100
    ],
    "csvOutput": false
  },
  "settings": {
    "minPrice": 20,
    "maxPrice": 30000,
    "targetPriceDiff": 2,
    "stopLossPriceDiff": 11,
    "trailingDistance": 4,
    "cooldownSeconds": 0,
    "logQuotes": false,
    "safetyBufferAmount": 5000,
    "consistencyLimitPercent": 40,
    "maxDailyDrawdownPercent": 25,
    "maxMonthlyDrawdownPercent": 50,
    "maxTradesPerDay": 10
  },
  "strategies": [
    {
      "type": "SentimentStrategy",
      "enabled": false,
      "averageThreshold": 20,
      "targetPrice": 2,
      "orderQuantity": 7200,
      "sentiment": "put",
      "loopCount": 1
    },
    {
      "type": "BuySellStrategy",
      "enabled": false,
      "initialQuantity": 150,
      "incrementFactor": "single",
      "incrementQuantity": 150,
      "averageThreshold": 10,
      "targetPrice": 5,
      "stopEnabled": false,
      "activateIntermittentCount": 100,
      "maxIterationCount": 10,
      "logEnabled": false,
      "right": "none"
    },
    {
      "type": "ContinuousStrategy",
      "enabled": false,
      "initialQuantity": 65,
      "slDistance": 10,
      "minPremium": 100,
      "allottedCapital": 200000,
      "spawnQuantityMode": "same",
      "averageQuantityMode": "same",
      "right": "none",
      "cooldownSeconds": 60,
      "refillCancelDistance": 50,
      "logEnabled": true
    },
    {
      "type": "IntermittentStrategy",
      "enabled": false,
      "loopCount": 3,
      "targetPrice": 2,
      "quantity": 75,
      "threshold": 10,
      "logEnabled": false
    },
    {
      "type": "RateOfChangeStrategy",
      "enabled": false,
      "pointsThreshold": 30,
      "accelerationThreshold": 5,
      "numberOfDatapointsReceived": 50,
      "quantity": 65,
      "targetPrice": 2,
      "stopLossPrice": 11,
      "maxHoldTimeMinutes": 30,
      "logEnabled": true
    },
    {
      "type": "GapStrategy",
      "enabled": false,
      "pointsThreshold": 20,
      "numberOfDatapointsReceived": 50,
      "quantity": 65,
      "targetPrice": 10,
      "stopLossPrice": 5,
      "maxHoldTimeMinutes": 600,
      "gapReversalMode": false,
      "gapReversalThreshold": 100,
      "logEnabled": true
    },
    {
      "type": "RuleBasedStrategy",
      "enabled": false,
      "indicators": [
        "RSI_5_70_30"
      ],
      "quantity": 65,
      "target": 10,
      "stopLoss": 20,
      "maxHoldTimeMinutes": 30,
      "logEnabled": true
    },
    {
      "type": "GoodMorningStrategy",
      "enabled": false,
      "quantity": 65,
      "targetPoints": 10,
      "stopLossPoints": 10,
      "logEnabled": true,
      "snapshotTime": "10:00",
      "confirmTime": "10:30",
      "previousClose": 24219,
      "minMovementPoints": 10
    },
    {
      "type": "GoodMorningSensexStrategy",
      "enabled": false,
      "quantity": 200,
      "targetPoints": 30,
      "stopLossPoints": 30,
      "logEnabled": true,
      "snapshotTime": "09:40",
      "confirmTime": "09:45",
      "minMovementPoints": 30
    },
    {
      "type": "SupportResistanceStrategy",
      "enabled": false,
      "supportPrice": 0,
      "resistancePrice": 0,
      "quantity": 1755,
      "targetPoints": 10,
      "stopLossPoints": 15,
      "logEnabled": true
    },
    {
      "type": "TargetReachStrategy",
      "enabled": false,
      "symbol": "NIFTY",
      "strike": 0,
      "expiry": "2026-01-01",
      "optionType": "CE",
      "targetPrice": 0,
      "quantity": 1755,
      "targetPoints": 10,
      "stopLossPoints": 15,
      "logEnabled": true
    }
  ]
}
[20:56:31] [Config._processFile] Dir Name: /home/karthikeyan/work/icici/dist/prism
[20:56:31] [Config._processFile] File Name: /home/karthikeyan/work/icici/dist/prism/config.js
[20:56:31] [ConfigService.loadConfig] Config Updated: {
  "srHypothesis": {
    "confirmWindowMin": 2,
    "maxJump": 15,
    "maxRangeWidth": 30,
    "buffer": 10,
    "target": 10,
    "stopLoss": 10,
    "breachBuffer": 0,
    "breachConfirmSec": 0,
    "heldMinSec": 407,
    "heldMaxSec": 651,
    "csvOutput": false
  },
  "rocHypothesis": {
    "target": 10,
    "stopLoss": 10,
    "cooldownSec": 60,
    "minWins": 2,
    "windowGridMin": [
      1,
      2,
      3,
      4,
      5,
      7,
      10,
      15
    ],
    "thresholdGrid": [
      5,
      10,
      15,
      20,
      25,
      30,
      40,
      50,
      60,
      75,
      100
    ],
    "csvOutput": false
  },
  "settings": {
    "minPrice": 20,
    "maxPrice": 30000,
    "targetPriceDiff": 2,
    "stopLossPriceDiff": 11,
    "trailingDistance": 4,
    "cooldownSeconds": 0,
    "logQuotes": false,
    "safetyBufferAmount": 5000,
    "consistencyLimitPercent": 40,
    "maxDailyDrawdownPercent": 25,
    "maxMonthlyDrawdownPercent": 50,
    "maxTradesPerDay": 10
  },
  "strategies": [
    {
      "type": "SentimentStrategy",
      "enabled": false,
      "averageThreshold": 20,
      "targetPrice": 2,
      "orderQuantity": 7200,
      "sentiment": "put",
      "loopCount": 1
    },
    {
      "type": "BuySellStrategy",
      "enabled": false,
      "initialQuantity": 150,
      "incrementFactor": "single",
      "incrementQuantity": 150,
      "averageThreshold": 10,
      "targetPrice": 5,
      "stopEnabled": false,
      "activateIntermittentCount": 100,
      "maxIterationCount": 10,
      "logEnabled": false,
      "right": "none"
    },
    {
      "type": "ContinuousStrategy",
      "enabled": false,
      "initialQuantity": 65,
      "slDistance": 10,
      "minPremium": 100,
      "allottedCapital": 200000,
      "spawnQuantityMode": "same",
      "averageQuantityMode": "same",
      "right": "none",
      "cooldownSeconds": 60,
      "refillCancelDistance": 50,
      "logEnabled": true
    },
    {
      "type": "IntermittentStrategy",
      "enabled": false,
      "loopCount": 3,
      "targetPrice": 2,
      "quantity": 75,
      "threshold": 10,
      "logEnabled": false
    },
    {
      "type": "RateOfChangeStrategy",
      "enabled": false,
      "pointsThreshold": 30,
      "accelerationThreshold": 5,
      "numberOfDatapointsReceived": 50,
      "quantity": 65,
      "targetPrice": 2,
      "stopLossPrice": 11,
      "maxHoldTimeMinutes": 30,
      "logEnabled": true
    },
    {
      "type": "GapStrategy",
      "enabled": false,
      "pointsThreshold": 20,
      "numberOfDatapointsReceived": 50,
      "quantity": 65,
      "targetPrice": 10,
      "stopLossPrice": 5,
      "maxHoldTimeMinutes": 600,
      "gapReversalMode": false,
      "gapReversalThreshold": 100,
      "logEnabled": true
    },
    {
      "type": "RuleBasedStrategy",
      "enabled": false,
      "indicators": [
        "RSI_5_70_30"
      ],
      "quantity": 65,
      "target": 10,
      "stopLoss": 20,
      "maxHoldTimeMinutes": 30,
      "logEnabled": true
    },
    {
      "type": "GoodMorningStrategy",
      "enabled": false,
      "quantity": 65,
      "targetPoints": 10,
      "stopLossPoints": 10,
      "logEnabled": true,
      "snapshotTime": "10:00",
      "confirmTime": "10:30",
      "previousClose": 24219,
      "minMovementPoints": 10
    },
    {
      "type": "GoodMorningSensexStrategy",
      "enabled": false,
      "quantity": 200,
      "targetPoints": 30,
      "stopLossPoints": 30,
      "logEnabled": true,
      "snapshotTime": "09:40",
      "confirmTime": "09:45",
      "minMovementPoints": 30
    },
    {
      "type": "SupportResistanceStrategy",
      "enabled": false,
      "supportPrice": 0,
      "resistancePrice": 0,
      "quantity": 1755,
      "targetPoints": 10,
      "stopLossPoints": 15,
      "logEnabled": true
    },
    {
      "type": "TargetReachStrategy",
      "enabled": false,
      "symbol": "NIFTY",
      "strike": 0,
      "expiry": "2026-01-01",
      "optionType": "CE",
      "targetPrice": 0,
      "quantity": 1755,
      "targetPoints": 10,
      "stopLossPoints": 15,
      "logEnabled": true
    }
  ]
}
[20:56:31] [Mongo.init] Mongo is initialized
[20:56:31] [NorenRestApi.reloadToken] Restored Shoonya access token from userToken.txt
[20:56:31] [Mongo._init] Mongo is initialized
[20:56:31] [AntDataStream.connect] [AntDataStream] Connecting to ANT streaming...
[20:56:31] [ANT.loadSession] ANT session loaded from file
[20:56:31] [AntSession.prepareWsSession] [AntSession] Creating WS session (createWsSess)...
[20:56:31] [Mongo.init] Mongo is initialized
[20:56:31] [/home/karthikeyan/work/icici/dist/processes/strategies/OrderClient.js:53:41] [strategies] Failed to parse order-process message:  Error: connect ENOENT /tmp/icici-order.sock
    at PipeConnectWrap.afterConnect [as oncomplete] (node:net:1615:16)
[20:56:31] [Socket.<anonymous>] [strategies] Order socket error: Error: connect ENOENT /tmp/icici-order.sock
    at PipeConnectWrap.afterConnect [as oncomplete] (node:net:1615:16)
[20:56:31] [Socket.<anonymous>] [strategies] Disconnected from order process, retrying in 2s...
[20:56:32] [Config._processFile] lot count: 1
[20:56:32] [Config._processFile] Auto Trade: false
[20:56:32] [Mongo._init] Mongo is initialized
[20:56:32] [OrderBookkeeping.loadClosedTradesFromMongo] [order] Reloaded 6 closed trade(s) from Mongo for today
[20:56:32] [ANT.loadSession] ANT session loaded from file
[20:56:32] [Server.<anonymous>] [order] Listening on /tmp/icici-order.sock
[20:56:32] [AntSession.prepareWsSession] [AntSession] createWsSess response: {
  "status": "Ok",
  "message": "Success",
  "result": [
    {
      "Status": "OK"
    }
  ]
}
[20:56:32] [AntSession.prepareWsSession] [AntSession] WS session prepared successfully
[20:56:32] [Config._processFile] Dir Name: /home/karthikeyan/work/icici/dist/prism
[20:56:32] [Config._processFile] File Name: /home/karthikeyan/work/icici/dist/prism/config.js
[20:56:32] [AntOrderNotifyStream.getWsToken] [AntOrderNotify] createWsToken response: {"status":"Ok","message":"200","result":[{"orderToken":"a1dab534e3e11278f5844327e89f2816e139ef8b6d40ab90772172c1a5f7754d"}]}
[20:56:32] [NorenRestApi.reloadToken] Restored Shoonya access token from userToken.txt
[20:56:32] [ws.onopen] [AntWS] Connected, sending auth payload...
[20:56:32] [AntDataStream.connect] [AntDataStream] Connected and streaming
[20:56:32] [main] [data] Ready - NIFTY/SENSEX always subscribed, streaming to stdout.
[20:56:32] [ws.onmessage] [AntWS] Connect ack: {
  "t": "ck",
  "s": "OK",
  "uid": "924118_API"
}
[20:56:32] [/home/karthikeyan/work/icici/dist/processes/data/AntDataStream.js:57:27] [AntDataStream] WebSocket open, subscribing to always-on instruments...
[20:56:32] [AntWebSocket.subscribe] [AntWS] Subscribing: NSE|26000#BSE|1
Fri, 28 Aug 2026 15:26:32 GMT body-parser deprecated bodyParser: use individual json/urlencoded middlewares at dist/server.js:93:35
Fri, 28 Aug 2026 15:26:32 GMT body-parser deprecated undefined extended: provide extended option at node_modules/body-parser/index.js:104:29
[20:56:32] [Mongo.init] Mongo is initialized
[20:56:32] [Config._processFile] lot count: 1
[20:56:32] [Config._processFile] Auto Trade: false
[20:56:32] [Mongo._init] Mongo is initialized
[20:56:32] [Server.<anonymous>] [order] Client connected, total: 1
[20:56:32] [Server.<anonymous>] [strategies] Frontend client connected
[20:56:32] [Server.<anonymous>] [frontend] Listening on 3000
[20:56:32] [Socket.<anonymous>] [strategies] Connected to order process
[20:56:32] [Socket.<anonymous>] [frontend] Connected to strategies process
[20:56:32] [/home/karthikeyan/work/icici/dist/server.js:1452:27] [frontend] nifty tick: {"ltp":24175.65,"ltt":"1787919089","token":"26000","changePercent":0.35,"prevClose":24091.33034379671} clients=0
[20:56:32] [ws.onopen] [AntOrderNotify] Connected, subscribing...
[20:56:33] [Server.<anonymous>] [order] Client connected, total: 2
[20:56:33] [Socket.<anonymous>] [strategies] Connected to order process
[orchestrator] [dev] Restarting strategies (data/order untouched)...
[orchestrator] [boot] Starting strategies...
[orchestrator] [strategies] exited (code=0 signal=null)
[20:56:36] [Socket.<anonymous>] [frontend] Disconnected from strategies process, retrying in 2s...
[20:56:36] [Socket.<anonymous>] [order] Client disconnected, total: 1
[orchestrator] [dev] Restarting strategies (data/order untouched)...
[orchestrator] [boot] Starting strategies...
[orchestrator] [strategies] exited (code=null signal=SIGTERM)
[orchestrator] [dev] Restarting frontend (data/order/strategies untouched)...
[orchestrator] [frontend] exited (code=0 signal=null)
[20:56:36] [Socket.<anonymous>] [order] Client disconnected, total: 0
[orchestrator] [dev] Restarting strategies (data/order untouched)...
[orchestrator] [boot] Starting strategies...
[orchestrator] [strategies] exited (code=null signal=SIGTERM)
[20:56:37] [ConfigService.loadConfig] Config Updated: {
  "srHypothesis": {
    "confirmWindowMin": 2,
    "maxJump": 15,
    "maxRangeWidth": 30,
    "buffer": 10,
    "target": 10,
    "stopLoss": 10,
    "breachBuffer": 0,
    "breachConfirmSec": 0,
    "heldMinSec": 407,
    "heldMaxSec": 651,
    "csvOutput": false
  },
  "rocHypothesis": {
    "target": 10,
    "stopLoss": 10,
    "cooldownSec": 60,
    "minWins": 2,
    "windowGridMin": [
      1,
      2,
      3,
      4,
      5,
      7,
      10,
      15
    ],
    "thresholdGrid": [
      5,
      10,
      15,
      20,
      25,
      30,
      40,
      50,
      60,
      75,
      100
    ],
    "csvOutput": false
  },
  "settings": {
    "minPrice": 20,
    "maxPrice": 30000,
    "targetPriceDiff": 2,
    "stopLossPriceDiff": 11,
    "trailingDistance": 4,
    "cooldownSeconds": 0,
    "logQuotes": false,
    "safetyBufferAmount": 5000,
    "consistencyLimitPercent": 40,
    "maxDailyDrawdownPercent": 25,
    "maxMonthlyDrawdownPercent": 50,
    "maxTradesPerDay": 10
  },
  "strategies": [
    {
      "type": "SentimentStrategy",
      "enabled": false,
      "averageThreshold": 20,
      "targetPrice": 2,
      "orderQuantity": 7200,
      "sentiment": "put",
      "loopCount": 1
    },
    {
      "type": "BuySellStrategy",
      "enabled": false,
      "initialQuantity": 150,
      "incrementFactor": "single",
      "incrementQuantity": 150,
      "averageThreshold": 10,
      "targetPrice": 5,
      "stopEnabled": false,
      "activateIntermittentCount": 100,
      "maxIterationCount": 10,
      "logEnabled": false,
      "right": "none"
    },
    {
      "type": "ContinuousStrategy",
      "enabled": false,
      "initialQuantity": 65,
      "slDistance": 10,
      "minPremium": 100,
      "allottedCapital": 200000,
      "spawnQuantityMode": "same",
      "averageQuantityMode": "same",
      "right": "none",
      "cooldownSeconds": 60,
      "refillCancelDistance": 50,
      "logEnabled": true
    },
    {
      "type": "IntermittentStrategy",
      "enabled": false,
      "loopCount": 3,
      "targetPrice": 2,
      "quantity": 75,
      "threshold": 10,
      "logEnabled": false
    },
    {
      "type": "RateOfChangeStrategy",
      "enabled": false,
      "pointsThreshold": 30,
      "accelerationThreshold": 5,
      "numberOfDatapointsReceived": 50,
      "quantity": 65,
      "targetPrice": 2,
      "stopLossPrice": 11,
      "maxHoldTimeMinutes": 30,
      "logEnabled": true
    },
    {
      "type": "GapStrategy",
      "enabled": false,
      "pointsThreshold": 20,
      "numberOfDatapointsReceived": 50,
      "quantity": 65,
      "targetPrice": 10,
      "stopLossPrice": 5,
      "maxHoldTimeMinutes": 600,
      "gapReversalMode": false,
      "gapReversalThreshold": 100,
      "logEnabled": true
    },
    {
      "type": "RuleBasedStrategy",
      "enabled": false,
      "indicators": [
        "RSI_5_70_30"
      ],
      "quantity": 65,
      "target": 10,
      "stopLoss": 20,
      "maxHoldTimeMinutes": 30,
      "logEnabled": true
    },
    {
      "type": "GoodMorningStrategy",
      "enabled": false,
      "quantity": 65,
      "targetPoints": 10,
      "stopLossPoints": 10,
      "logEnabled": true,
      "snapshotTime": "10:00",
      "confirmTime": "10:30",
      "previousClose": 24219,
      "minMovementPoints": 10
    },
    {
      "type": "GoodMorningSensexStrategy",
      "enabled": false,
      "quantity": 200,
      "targetPoints": 30,
      "stopLossPoints": 30,
      "logEnabled": true,
      "snapshotTime": "09:40",
      "confirmTime": "09:45",
      "minMovementPoints": 30
    },
    {
      "type": "SupportResistanceStrategy",
      "enabled": false,
      "supportPrice": 0,
      "resistancePrice": 0,
      "quantity": 1755,
      "targetPoints": 10,
      "stopLossPoints": 15,
      "logEnabled": true
    },
    {
      "type": "TargetReachStrategy",
      "enabled": false,
      "symbol": "NIFTY",
      "strike": 0,
      "expiry": "2026-01-01",
      "optionType": "CE",
      "targetPrice": 0,
      "quantity": 1755,
      "targetPoints": 10,
      "stopLossPoints": 15,
      "logEnabled": true
    }
  ]
}
[20:56:38] [ConfigService.loadConfig] Config Updated: {
  "srHypothesis": {
    "confirmWindowMin": 2,
    "maxJump": 15,
    "maxRangeWidth": 30,
    "buffer": 10,
    "target": 10,
    "stopLoss": 10,
    "breachBuffer": 0,
    "breachConfirmSec": 0,
    "heldMinSec": 407,
    "heldMaxSec": 651,
    "csvOutput": false
  },
  "rocHypothesis": {
    "target": 10,
    "stopLoss": 10,
    "cooldownSec": 60,
    "minWins": 2,
    "windowGridMin": [
      1,
      2,
      3,
      4,
      5,
      7,
      10,
      15
    ],
    "thresholdGrid": [
      5,
      10,
      15,
      20,
      25,
      30,
      40,
      50,
      60,
      75,
      100
    ],
    "csvOutput": false
  },
  "settings": {
    "minPrice": 20,
    "maxPrice": 30000,
    "targetPriceDiff": 2,
    "stopLossPriceDiff": 11,
    "trailingDistance": 4,
    "cooldownSeconds": 0,
    "logQuotes": false,
    "safetyBufferAmount": 5000,
    "consistencyLimitPercent": 40,
    "maxDailyDrawdownPercent": 25,
    "maxMonthlyDrawdownPercent": 50,
    "maxTradesPerDay": 10
  },
  "strategies": [
    {
      "type": "SentimentStrategy",
      "enabled": false,
      "averageThreshold": 20,
      "targetPrice": 2,
      "orderQuantity": 7200,
      "sentiment": "put",
      "loopCount": 1
    },
    {
      "type": "BuySellStrategy",
      "enabled": false,
      "initialQuantity": 150,
      "incrementFactor": "single",
      "incrementQuantity": 150,
      "averageThreshold": 10,
      "targetPrice": 5,
      "stopEnabled": false,
      "activateIntermittentCount": 100,
      "maxIterationCount": 10,
      "logEnabled": false,
      "right": "none"
    },
    {
      "type": "ContinuousStrategy",
      "enabled": false,
      "initialQuantity": 65,
      "slDistance": 10,
      "minPremium": 100,
      "allottedCapital": 200000,
      "spawnQuantityMode": "same",
      "averageQuantityMode": "same",
      "right": "none",
      "cooldownSeconds": 60,
      "refillCancelDistance": 50,
      "logEnabled": true
    },
    {
      "type": "IntermittentStrategy",
      "enabled": false,
      "loopCount": 3,
      "targetPrice": 2,
      "quantity": 75,
      "threshold": 10,
      "logEnabled": false
    },
    {
      "type": "RateOfChangeStrategy",
      "enabled": false,
      "pointsThreshold": 30,
      "accelerationThreshold": 5,
      "numberOfDatapointsReceived": 50,
      "quantity": 65,
      "targetPrice": 2,
      "stopLossPrice": 11,
      "maxHoldTimeMinutes": 30,
      "logEnabled": true
    },
    {
      "type": "GapStrategy",
      "enabled": false,
      "pointsThreshold": 20,
      "numberOfDatapointsReceived": 50,
      "quantity": 65,
      "targetPrice": 10,
      "stopLossPrice": 5,
      "maxHoldTimeMinutes": 600,
      "gapReversalMode": false,
      "gapReversalThreshold": 100,
      "logEnabled": true
    },
    {
      "type": "RuleBasedStrategy",
      "enabled": false,
      "indicators": [
        "RSI_5_70_30"
      ],
      "quantity": 65,
      "target": 10,
      "stopLoss": 20,
      "maxHoldTimeMinutes": 30,
      "logEnabled": true
    },
    {
      "type": "GoodMorningStrategy",
      "enabled": false,
      "quantity": 65,
      "targetPoints": 10,
      "stopLossPoints": 10,
      "logEnabled": true,
      "snapshotTime": "10:00",
      "confirmTime": "10:30",
      "previousClose": 24219,
      "minMovementPoints": 10
    },
    {
      "type": "GoodMorningSensexStrategy",
      "enabled": false,
      "quantity": 200,
      "targetPoints": 30,
      "stopLossPoints": 30,
      "logEnabled": true,
      "snapshotTime": "09:40",
      "confirmTime": "09:45",
      "minMovementPoints": 30
    },
    {
      "type": "SupportResistanceStrategy",
      "enabled": false,
      "supportPrice": 0,
      "resistancePrice": 0,
      "quantity": 1755,
      "targetPoints": 10,
      "stopLossPoints": 15,
      "logEnabled": true
    },
    {
      "type": "TargetReachStrategy",
      "enabled": false,
      "symbol": "NIFTY",
      "strike": 0,
      "expiry": "2026-01-01",
      "optionType": "CE",
      "targetPrice": 0,
      "quantity": 1755,
      "targetPoints": 10,
      "stopLossPoints": 15,
      "logEnabled": true
    }
  ]
}
[20:56:38] [Config._processFile] Dir Name: /home/karthikeyan/work/icici/dist/prism
[20:56:38] [Config._processFile] File Name: /home/karthikeyan/work/icici/dist/prism/config.js
[20:56:38] [NorenRestApi.reloadToken] Restored Shoonya access token from userToken.txt
[20:56:39] [Mongo.init] Mongo is initialized
[orchestrator] [dev] Restarting strategies (data/order untouched)...
[orchestrator] [boot] Starting strategies...
[orchestrator] [strategies] exited (code=null signal=SIGTERM)
[20:56:39] [Config._processFile] Dir Name: /home/karthikeyan/work/icici/dist/prism
[20:56:39] [Config._processFile] File Name: /home/karthikeyan/work/icici/dist/prism/config.js
[20:56:39] [NorenRestApi.reloadToken] Restored Shoonya access token from userToken.txt
[20:56:39] [ConfigService.loadConfig] Config Updated: {
  "srHypothesis": {
    "confirmWindowMin": 2,
    "maxJump": 15,
    "maxRangeWidth": 30,
    "buffer": 10,
    "target": 10,
    "stopLoss": 10,
    "breachBuffer": 0,
    "breachConfirmSec": 0,
    "heldMinSec": 407,
    "heldMaxSec": 651,
    "csvOutput": false
  },
  "rocHypothesis": {
    "target": 10,
    "stopLoss": 10,
    "cooldownSec": 60,
    "minWins": 2,
    "windowGridMin": [
      1,
      2,
      3,
      4,
      5,
      7,
      10,
      15
    ],
    "thresholdGrid": [
      5,
      10,
      15,
      20,
      25,
      30,
      40,
      50,
      60,
      75,
      100
    ],
    "csvOutput": false
  },
  "settings": {
    "minPrice": 20,
    "maxPrice": 30000,
    "targetPriceDiff": 2,
    "stopLossPriceDiff": 11,
    "trailingDistance": 4,
    "cooldownSeconds": 0,
    "logQuotes": false,
    "safetyBufferAmount": 5000,
    "consistencyLimitPercent": 40,
    "maxDailyDrawdownPercent": 25,
    "maxMonthlyDrawdownPercent": 50,
    "maxTradesPerDay": 10
  },
  "strategies": [
    {
      "type": "SentimentStrategy",
      "enabled": false,
      "averageThreshold": 20,
      "targetPrice": 2,
      "orderQuantity": 7200,
      "sentiment": "put",
      "loopCount": 1
    },
    {
      "type": "BuySellStrategy",
      "enabled": false,
      "initialQuantity": 150,
      "incrementFactor": "single",
      "incrementQuantity": 150,
      "averageThreshold": 10,
      "targetPrice": 5,
      "stopEnabled": false,
      "activateIntermittentCount": 100,
      "maxIterationCount": 10,
      "logEnabled": false,
      "right": "none"
    },
    {
      "type": "ContinuousStrategy",
      "enabled": false,
      "initialQuantity": 65,
      "slDistance": 10,
      "minPremium": 100,
      "allottedCapital": 200000,
      "spawnQuantityMode": "same",
      "averageQuantityMode": "same",
      "right": "none",
      "cooldownSeconds": 60,
      "refillCancelDistance": 50,
      "logEnabled": true
    },
    {
      "type": "IntermittentStrategy",
      "enabled": false,
      "loopCount": 3,
      "targetPrice": 2,
      "quantity": 75,
      "threshold": 10,
      "logEnabled": false
    },
    {
      "type": "RateOfChangeStrategy",
      "enabled": false,
      "pointsThreshold": 30,
      "accelerationThreshold": 5,
      "numberOfDatapointsReceived": 50,
      "quantity": 65,
      "targetPrice": 2,
      "stopLossPrice": 11,
      "maxHoldTimeMinutes": 30,
      "logEnabled": true
    },
    {
      "type": "GapStrategy",
      "enabled": false,
      "pointsThreshold": 20,
      "numberOfDatapointsReceived": 50,
      "quantity": 65,
      "targetPrice": 10,
      "stopLossPrice": 5,
      "maxHoldTimeMinutes": 600,
      "gapReversalMode": false,
      "gapReversalThreshold": 100,
      "logEnabled": true
    },
    {
      "type": "RuleBasedStrategy",
      "enabled": false,
      "indicators": [
        "RSI_5_70_30"
      ],
      "quantity": 65,
      "target": 10,
      "stopLoss": 20,
      "maxHoldTimeMinutes": 30,
      "logEnabled": true
    },
    {
      "type": "GoodMorningStrategy",
      "enabled": false,
      "quantity": 65,
      "targetPoints": 10,
      "stopLossPoints": 10,
      "logEnabled": true,
      "snapshotTime": "10:00",
      "confirmTime": "10:30",
      "previousClose": 24219,
      "minMovementPoints": 10
    },
    {
      "type": "GoodMorningSensexStrategy",
      "enabled": false,
      "quantity": 200,
      "targetPoints": 30,
      "stopLossPoints": 30,
      "logEnabled": true,
      "snapshotTime": "09:40",
      "confirmTime": "09:45",
      "minMovementPoints": 30
    },
    {
      "type": "SupportResistanceStrategy",
      "enabled": false,
      "supportPrice": 0,
      "resistancePrice": 0,
      "quantity": 1755,
      "targetPoints": 10,
      "stopLossPoints": 15,
      "logEnabled": true
    },
    {
      "type": "TargetReachStrategy",
      "enabled": false,
      "symbol": "NIFTY",
      "strike": 0,
      "expiry": "2026-01-01",
      "optionType": "CE",
      "targetPrice": 0,
      "quantity": 1755,
      "targetPoints": 10,
      "stopLossPoints": 15,
      "logEnabled": true
    }
  ]
}
Fri, 28 Aug 2026 15:26:39 GMT body-parser deprecated bodyParser: use individual json/urlencoded middlewares at dist/server.js:93:35
Fri, 28 Aug 2026 15:26:39 GMT body-parser deprecated undefined extended: provide extended option at node_modules/body-parser/index.js:104:29
[20:56:39] [Mongo.init] Mongo is initialized
[20:56:39] [Mongo._init] Mongo is initialized
[20:56:39] [Server.<anonymous>] [order] Client connected, total: 1
[20:56:39] [Config._processFile] Dir Name: /home/karthikeyan/work/icici/dist/prism
[20:56:39] [Config._processFile] File Name: /home/karthikeyan/work/icici/dist/prism/config.js
[20:56:39] [Server.<anonymous>] [frontend] Listening on 3000
[20:56:39] [Config._processFile] lot count: 1
[20:56:39] [Config._processFile] Auto Trade: false
[20:56:39] [/home/karthikeyan/work/icici/dist/ipc/StrategiesClient.js:35:41] [frontend] Failed to parse strategies-process message:  Error: connect ENOENT /tmp/icici-strategies.sock
    at PipeConnectWrap.afterConnect [as oncomplete] (node:net:1615:16)
[20:56:39] [NorenRestApi.reloadToken] Restored Shoonya access token from userToken.txt
[20:56:39] [Socket.<anonymous>] [frontend] Strategies socket error: Error: connect ENOENT /tmp/icici-strategies.sock
    at PipeConnectWrap.afterConnect [as oncomplete] (node:net:1615:16)
[20:56:39] [Socket.<anonymous>] [frontend] Disconnected from strategies process, retrying in 2s...
[20:56:39] [Socket.<anonymous>] [strategies] Connected to order process
[20:56:40] [Mongo.init] Mongo is initialized
[20:56:40] [Mongo._init] Mongo is initialized
[20:56:40] [Server.<anonymous>] [order] Client connected, total: 2
[20:56:40] [expandRuleBasedConfig] [StrategyFactory] Expanded RuleBasedStrategy into 1 instances
[20:56:40] [Strategies.initialize] [] expandedConfigArray:  [
  {
    "type": "SentimentStrategy",
    "enabled": false,
    "averageThreshold": 20,
    "targetPrice": 2,
    "orderQuantity": 7200,
    "sentiment": "put",
    "loopCount": 1
  },
  {
    "type": "BuySellStrategy",
    "enabled": false,
    "initialQuantity": 150,
    "incrementFactor": "single",
    "incrementQuantity": 150,
    "averageThreshold": 10,
    "targetPrice": 5,
    "stopEnabled": false,
    "activateIntermittentCount": 100,
    "maxIterationCount": 10,
    "logEnabled": false,
    "right": "none"
  },
  {
    "type": "ContinuousStrategy",
    "enabled": false,
    "initialQuantity": 65,
    "slDistance": 10,
    "minPremium": 100,
    "allottedCapital": 200000,
    "spawnQuantityMode": "same",
    "averageQuantityMode": "same",
    "right": "none",
    "cooldownSeconds": 60,
    "refillCancelDistance": 50,
    "logEnabled": true
  },
  {
    "type": "IntermittentStrategy",
    "enabled": false,
    "loopCount": 3,
    "targetPrice": 2,
    "quantity": 75,
    "threshold": 10,
    "logEnabled": false
  },
  {
    "type": "RateOfChangeStrategy",
    "enabled": false,
    "pointsThreshold": 30,
    "accelerationThreshold": 5,
    "numberOfDatapointsReceived": 50,
    "quantity": 65,
    "targetPrice": 2,
    "stopLossPrice": 11,
    "maxHoldTimeMinutes": 30,
    "logEnabled": true
  },
  {
    "type": "GapStrategy",
    "enabled": false,
    "pointsThreshold": 20,
    "numberOfDatapointsReceived": 50,
    "quantity": 65,
    "targetPrice": 10,
    "stopLossPrice": 5,
    "maxHoldTimeMinutes": 600,
    "gapReversalMode": false,
    "gapReversalThreshold": 100,
    "logEnabled": true
  },
  {
    "type": "RuleBasedStrategy",
    "enabled": false,
    "indicators": [
      "RSI_5_70_30"
    ],
    "quantity": 65,
    "target": 10,
    "stopLoss": 20,
    "maxHoldTimeMinutes": 30,
    "logEnabled": true,
    "userId": "Rule-RSI_5_70_30"
  },
  {
    "type": "GoodMorningStrategy",
    "enabled": false,
    "quantity": 65,
    "targetPoints": 10,
    "stopLossPoints": 10,
    "logEnabled": true,
    "snapshotTime": "10:00",
    "confirmTime": "10:30",
    "previousClose": 24219,
    "minMovementPoints": 10
  },
  {
    "type": "GoodMorningSensexStrategy",
    "enabled": false,
    "quantity": 200,
    "targetPoints": 30,
    "stopLossPoints": 30,
    "logEnabled": true,
    "snapshotTime": "09:40",
    "confirmTime": "09:45",
    "minMovementPoints": 30
  },
  {
    "type": "SupportResistanceStrategy",
    "enabled": false,
    "supportPrice": 0,
    "resistancePrice": 0,
    "quantity": 1755,
    "targetPoints": 10,
    "stopLossPoints": 15,
    "logEnabled": true
  },
  {
    "type": "TargetReachStrategy",
    "enabled": false,
    "symbol": "NIFTY",
    "strike": 0,
    "expiry": "2026-01-01",
    "optionType": "CE",
    "targetPrice": 0,
    "quantity": 1755,
    "targetPoints": 10,
    "stopLossPoints": 15,
    "logEnabled": true
  }
]
[20:56:40] [expandRuleBasedConfig] [StrategyFactory] Expanded RuleBasedStrategy into 1 instances
[20:56:40] [new RuleBasedStrategy] [RuleBased:Rule-RSI_5_70_30] Initialized with indicators: RSI_5_70_30
[20:56:40] [Strategies.initialize] [Strategies] Initialized 11 strategies: [
  "SentimentStrategy(SentimentStrategy, enabled=false)",
  "BuySellStrategy(BuySellStrategy, enabled=false)",
  "ContinuousStrategy(ContinuousStrategy, enabled=false)",
  "IntermittentStrategy(IntermittentStrategy, enabled=false)",
  "RateOfChangeStrategy(RateOfChangeStrategy, enabled=false)",
  "GapStrategy(GapStrategy, enabled=false)",
  "RuleBasedStrategy(Rule-RSI_5_70_30, enabled=false)",
  "GoodMorningStrategy(GoodMorningStrategy, enabled=false)",
  "GoodMorningSensexStrategy(GoodMorningSensexStrategy, enabled=false)",
  "SupportResistanceStrategy(SupportResistanceStrategy, enabled=false)",
  "TargetReachStrategy(TargetReachStrategy, enabled=false)"
]
[20:56:40] [main] [strategies] Ready - 11 strategies loaded.
[20:56:40] [BuySellStrategy.reconcileOrderState] BuySellStrategy  BuySellStrategy: reconcileOrderState attempt 1/15 failed:  Not connected to order process
[20:56:40] [Server.<anonymous>] [strategies] Listening on /tmp/icici-strategies.sock
[20:56:40] [Config._processFile] lot count: 1
[20:56:40] [Config._processFile] Auto Trade: false
[20:56:40] [Socket.<anonymous>] [strategies] Connected to order process
[orchestrator] [dev] Restarting strategies (data/order untouched)...
[orchestrator] [boot] Starting strategies...
[20:56:41] [Socket.<anonymous>] [order] Client disconnected, total: 1
[orchestrator] [strategies] exited (code=0 signal=null)
[20:56:41] [ConfigService.loadConfig] Config Updated: {
  "srHypothesis": {
    "confirmWindowMin": 2,
    "maxJump": 15,
    "maxRangeWidth": 30,
    "buffer": 10,
    "target": 10,
    "stopLoss": 10,
    "breachBuffer": 0,
    "breachConfirmSec": 0,
    "heldMinSec": 407,
    "heldMaxSec": 651,
    "csvOutput": false
  },
  "rocHypothesis": {
    "target": 10,
    "stopLoss": 10,
    "cooldownSec": 60,
    "minWins": 2,
    "windowGridMin": [
      1,
      2,
      3,
      4,
      5,
      7,
      10,
      15
    ],
    "thresholdGrid": [
      5,
      10,
      15,
      20,
      25,
      30,
      40,
      50,
      60,
      75,
      100
    ],
    "csvOutput": false
  },
  "settings": {
    "minPrice": 20,
    "maxPrice": 30000,
    "targetPriceDiff": 2,
    "stopLossPriceDiff": 11,
    "trailingDistance": 4,
    "cooldownSeconds": 0,
    "logQuotes": false,
    "safetyBufferAmount": 5000,
    "consistencyLimitPercent": 40,
    "maxDailyDrawdownPercent": 25,
    "maxMonthlyDrawdownPercent": 50,
    "maxTradesPerDay": 10
  },
  "strategies": [
    {
      "type": "SentimentStrategy",
      "enabled": false,
      "averageThreshold": 20,
      "targetPrice": 2,
      "orderQuantity": 7200,
      "sentiment": "put",
      "loopCount": 1
    },
    {
      "type": "BuySellStrategy",
      "enabled": false,
      "initialQuantity": 150,
      "incrementFactor": "single",
      "incrementQuantity": 150,
      "averageThreshold": 10,
      "targetPrice": 5,
      "stopEnabled": false,
      "activateIntermittentCount": 100,
      "maxIterationCount": 10,
      "logEnabled": false,
      "right": "none"
    },
    {
      "type": "ContinuousStrategy",
      "enabled": false,
      "initialQuantity": 65,
      "slDistance": 10,
      "minPremium": 100,
      "allottedCapital": 200000,
      "spawnQuantityMode": "same",
      "averageQuantityMode": "same",
      "right": "none",
      "cooldownSeconds": 60,
      "refillCancelDistance": 50,
      "logEnabled": true
    },
    {
      "type": "IntermittentStrategy",
      "enabled": false,
      "loopCount": 3,
      "targetPrice": 2,
      "quantity": 75,
      "threshold": 10,
      "logEnabled": false
    },
    {
      "type": "RateOfChangeStrategy",
      "enabled": false,
      "pointsThreshold": 30,
      "accelerationThreshold": 5,
      "numberOfDatapointsReceived": 50,
      "quantity": 65,
      "targetPrice": 2,
      "stopLossPrice": 11,
      "maxHoldTimeMinutes": 30,
      "logEnabled": true
    },
    {
      "type": "GapStrategy",
      "enabled": false,
      "pointsThreshold": 20,
      "numberOfDatapointsReceived": 50,
      "quantity": 65,
      "targetPrice": 10,
      "stopLossPrice": 5,
      "maxHoldTimeMinutes": 600,
      "gapReversalMode": false,
      "gapReversalThreshold": 100,
      "logEnabled": true
    },
    {
      "type": "RuleBasedStrategy",
      "enabled": false,
      "indicators": [
        "RSI_5_70_30"
      ],
      "quantity": 65,
      "target": 10,
      "stopLoss": 20,
      "maxHoldTimeMinutes": 30,
      "logEnabled": true
    },
    {
      "type": "GoodMorningStrategy",
      "enabled": false,
      "quantity": 65,
      "targetPoints": 10,
      "stopLossPoints": 10,
      "logEnabled": true,
      "snapshotTime": "10:00",
      "confirmTime": "10:30",
      "previousClose": 24219,
      "minMovementPoints": 10
    },
    {
      "type": "GoodMorningSensexStrategy",
      "enabled": false,
      "quantity": 200,
      "targetPoints": 30,
      "stopLossPoints": 30,
      "logEnabled": true,
      "snapshotTime": "09:40",
      "confirmTime": "09:45",
      "minMovementPoints": 30
    },
    {
      "type": "SupportResistanceStrategy",
      "enabled": false,
      "supportPrice": 0,
      "resistancePrice": 0,
      "quantity": 1755,
      "targetPoints": 10,
      "stopLossPoints": 15,
      "logEnabled": true
    },
    {
      "type": "TargetReachStrategy",
      "enabled": false,
      "symbol": "NIFTY",
      "strike": 0,
      "expiry": "2026-01-01",
      "optionType": "CE",
      "targetPrice": 0,
      "quantity": 1755,
      "targetPoints": 10,
      "stopLossPoints": 15,
      "logEnabled": true
    }
  ]
}
[20:56:41] [Config._processFile] Dir Name: /home/karthikeyan/work/icici/dist/prism
[20:56:41] [Config._processFile] File Name: /home/karthikeyan/work/icici/dist/prism/config.js
[20:56:41] [/home/karthikeyan/work/icici/dist/ipc/StrategiesClient.js:35:41] [frontend] Failed to parse strategies-process message:  Error: connect ENOENT /tmp/icici-strategies.sock
    at PipeConnectWrap.afterConnect [as oncomplete] (node:net:1615:16)
[20:56:41] [Socket.<anonymous>] [frontend] Strategies socket error: Error: connect ENOENT /tmp/icici-strategies.sock
    at PipeConnectWrap.afterConnect [as oncomplete] (node:net:1615:16)
[20:56:41] [Socket.<anonymous>] [frontend] Disconnected from strategies process, retrying in 2s...
[20:56:41] [NorenRestApi.reloadToken] Restored Shoonya access token from userToken.txt
[20:56:42] [Mongo.init] Mongo is initialized
[20:56:42] [Mongo._init] Mongo is initialized
[20:56:42] [Server.<anonymous>] [order] Client connected, total: 2
[20:56:42] [expandRuleBasedConfig] [StrategyFactory] Expanded RuleBasedStrategy into 1 instances
[20:56:42] [Strategies.initialize] [] expandedConfigArray:  [
  {
    "type": "SentimentStrategy",
    "enabled": false,
    "averageThreshold": 20,
    "targetPrice": 2,
    "orderQuantity": 7200,
    "sentiment": "put",
    "loopCount": 1
  },
  {
    "type": "BuySellStrategy",
    "enabled": false,
    "initialQuantity": 150,
    "incrementFactor": "single",
    "incrementQuantity": 150,
    "averageThreshold": 10,
    "targetPrice": 5,
    "stopEnabled": false,
    "activateIntermittentCount": 100,
    "maxIterationCount": 10,
    "logEnabled": false,
    "right": "none"
  },
  {
    "type": "ContinuousStrategy",
    "enabled": false,
    "initialQuantity": 65,
    "slDistance": 10,
    "minPremium": 100,
    "allottedCapital": 200000,
    "spawnQuantityMode": "same",
    "averageQuantityMode": "same",
    "right": "none",
    "cooldownSeconds": 60,
    "refillCancelDistance": 50,
    "logEnabled": true
  },
  {
    "type": "IntermittentStrategy",
    "enabled": false,
    "loopCount": 3,
    "targetPrice": 2,
    "quantity": 75,
    "threshold": 10,
    "logEnabled": false
  },
  {
    "type": "RateOfChangeStrategy",
    "enabled": false,
    "pointsThreshold": 30,
    "accelerationThreshold": 5,
    "numberOfDatapointsReceived": 50,
    "quantity": 65,
    "targetPrice": 2,
    "stopLossPrice": 11,
    "maxHoldTimeMinutes": 30,
    "logEnabled": true
  },
  {
    "type": "GapStrategy",
    "enabled": false,
    "pointsThreshold": 20,
    "numberOfDatapointsReceived": 50,
    "quantity": 65,
    "targetPrice": 10,
    "stopLossPrice": 5,
    "maxHoldTimeMinutes": 600,
    "gapReversalMode": false,
    "gapReversalThreshold": 100,
    "logEnabled": true
  },
  {
    "type": "RuleBasedStrategy",
    "enabled": false,
    "indicators": [
      "RSI_5_70_30"
    ],
    "quantity": 65,
    "target": 10,
    "stopLoss": 20,
    "maxHoldTimeMinutes": 30,
    "logEnabled": true,
    "userId": "Rule-RSI_5_70_30"
  },
  {
    "type": "GoodMorningStrategy",
    "enabled": false,
    "quantity": 65,
    "targetPoints": 10,
    "stopLossPoints": 10,
    "logEnabled": true,
    "snapshotTime": "10:00",
    "confirmTime": "10:30",
    "previousClose": 24219,
    "minMovementPoints": 10
  },
  {
    "type": "GoodMorningSensexStrategy",
    "enabled": false,
    "quantity": 200,
    "targetPoints": 30,
    "stopLossPoints": 30,
    "logEnabled": true,
    "snapshotTime": "09:40",
    "confirmTime": "09:45",
    "minMovementPoints": 30
  },
  {
    "type": "SupportResistanceStrategy",
    "enabled": false,
    "supportPrice": 0,
    "resistancePrice": 0,
    "quantity": 1755,
    "targetPoints": 10,
    "stopLossPoints": 15,
    "logEnabled": true
  },
  {
    "type": "TargetReachStrategy",
    "enabled": false,
    "symbol": "NIFTY",
    "strike": 0,
    "expiry": "2026-01-01",
    "optionType": "CE",
    "targetPrice": 0,
    "quantity": 1755,
    "targetPoints": 10,
    "stopLossPoints": 15,
    "logEnabled": true
  }
]
[20:56:42] [expandRuleBasedConfig] [StrategyFactory] Expanded RuleBasedStrategy into 1 instances
[20:56:42] [new RuleBasedStrategy] [RuleBased:Rule-RSI_5_70_30] Initialized with indicators: RSI_5_70_30
[20:56:42] [Strategies.initialize] [Strategies] Initialized 11 strategies: [
  "SentimentStrategy(SentimentStrategy, enabled=false)",
  "BuySellStrategy(BuySellStrategy, enabled=false)",
  "ContinuousStrategy(ContinuousStrategy, enabled=false)",
  "IntermittentStrategy(IntermittentStrategy, enabled=false)",
  "RateOfChangeStrategy(RateOfChangeStrategy, enabled=false)",
  "GapStrategy(GapStrategy, enabled=false)",
  "RuleBasedStrategy(Rule-RSI_5_70_30, enabled=false)",
  "GoodMorningStrategy(GoodMorningStrategy, enabled=false)",
  "GoodMorningSensexStrategy(GoodMorningSensexStrategy, enabled=false)",
  "SupportResistanceStrategy(SupportResistanceStrategy, enabled=false)",
  "TargetReachStrategy(TargetReachStrategy, enabled=false)"
]
[20:56:42] [main] [strategies] Ready - 11 strategies loaded.
[20:56:42] [BuySellStrategy.reconcileOrderState] BuySellStrategy  BuySellStrategy: reconcileOrderState attempt 1/15 failed:  Not connected to order process
[20:56:42] [Server.<anonymous>] [strategies] Listening on /tmp/icici-strategies.sock
[20:56:42] [Config._processFile] lot count: 1
[20:56:42] [Config._processFile] Auto Trade: false
[20:56:42] [Socket.<anonymous>] [strategies] Connected to order process
[20:56:43] [Socket.<anonymous>] [frontend] Connected to strategies process
[20:56:43] [Server.<anonymous>] [strategies] Frontend client connected
[20:56:44] [BuySellStrategy.reconcileOrderState] BuySellStrategy  BuySellStrategy: reconciled - no existing open trade, ordered=false
[orchestrator] [dev] Restarting strategies (data/order untouched)...
[orchestrator] [boot] Starting strategies...
[20:56:48] [Socket.<anonymous>] [order] Client disconnected, total: 1
[orchestrator] [strategies] exited (code=0 signal=null)
[20:56:48] [Socket.<anonymous>] [frontend] Disconnected from strategies process, retrying in 2s...
[orchestrator] [dev] Restarting order (data/strategies/frontend untouched)...
[20:56:49] [Socket.<anonymous>] [strategies] Disconnected from order process, retrying in 2s...
[orchestrator] [order] exited (code=0 signal=null)
[20:56:49] [ConfigService.loadConfig] Config Updated: {
  "srHypothesis": {
    "confirmWindowMin": 2,
    "maxJump": 15,
    "maxRangeWidth": 30,
    "buffer": 10,
    "target": 10,
    "stopLoss": 10,
    "breachBuffer": 0,
    "breachConfirmSec": 0,
    "heldMinSec": 407,
    "heldMaxSec": 651,
    "csvOutput": false
  },
  "rocHypothesis": {
    "target": 10,
    "stopLoss": 10,
    "cooldownSec": 60,
    "minWins": 2,
    "windowGridMin": [
      1,
      2,
      3,
      4,
      5,
      7,
      10,
      15
    ],
    "thresholdGrid": [
      5,
      10,
      15,
      20,
      25,
      30,
      40,
      50,
      60,
      75,
      100
    ],
    "csvOutput": false
  },
  "settings": {
    "minPrice": 20,
    "maxPrice": 30000,
    "targetPriceDiff": 2,
    "stopLossPriceDiff": 11,
    "trailingDistance": 4,
    "cooldownSeconds": 0,
    "logQuotes": false,
    "safetyBufferAmount": 5000,
    "consistencyLimitPercent": 40,
    "maxDailyDrawdownPercent": 25,
    "maxMonthlyDrawdownPercent": 50,
    "maxTradesPerDay": 10
  },
  "strategies": [
    {
      "type": "SentimentStrategy",
      "enabled": false,
      "averageThreshold": 20,
      "targetPrice": 2,
      "orderQuantity": 7200,
      "sentiment": "put",
      "loopCount": 1
    },
    {
      "type": "BuySellStrategy",
      "enabled": false,
      "initialQuantity": 150,
      "incrementFactor": "single",
      "incrementQuantity": 150,
      "averageThreshold": 10,
      "targetPrice": 5,
      "stopEnabled": false,
      "activateIntermittentCount": 100,
      "maxIterationCount": 10,
      "logEnabled": false,
      "right": "none"
    },
    {
      "type": "ContinuousStrategy",
      "enabled": false,
      "initialQuantity": 65,
      "slDistance": 10,
      "minPremium": 100,
      "allottedCapital": 200000,
      "spawnQuantityMode": "same",
      "averageQuantityMode": "same",
      "right": "none",
      "cooldownSeconds": 60,
      "refillCancelDistance": 50,
      "logEnabled": true
    },
    {
      "type": "IntermittentStrategy",
      "enabled": false,
      "loopCount": 3,
      "targetPrice": 2,
      "quantity": 75,
      "threshold": 10,
      "logEnabled": false
    },
    {
      "type": "RateOfChangeStrategy",
      "enabled": false,
      "pointsThreshold": 30,
      "accelerationThreshold": 5,
      "numberOfDatapointsReceived": 50,
      "quantity": 65,
      "targetPrice": 2,
      "stopLossPrice": 11,
      "maxHoldTimeMinutes": 30,
      "logEnabled": true
    },
    {
      "type": "GapStrategy",
      "enabled": false,
      "pointsThreshold": 20,
      "numberOfDatapointsReceived": 50,
      "quantity": 65,
      "targetPrice": 10,
      "stopLossPrice": 5,
      "maxHoldTimeMinutes": 600,
      "gapReversalMode": false,
      "gapReversalThreshold": 100,
      "logEnabled": true
    },
    {
      "type": "RuleBasedStrategy",
      "enabled": false,
      "indicators": [
        "RSI_5_70_30"
      ],
      "quantity": 65,
      "target": 10,
      "stopLoss": 20,
      "maxHoldTimeMinutes": 30,
      "logEnabled": true
    },
    {
      "type": "GoodMorningStrategy",
      "enabled": false,
      "quantity": 65,
      "targetPoints": 10,
      "stopLossPoints": 10,
      "logEnabled": true,
      "snapshotTime": "10:00",
      "confirmTime": "10:30",
      "previousClose": 24219,
      "minMovementPoints": 10
    },
    {
      "type": "GoodMorningSensexStrategy",
      "enabled": false,
      "quantity": 200,
      "targetPoints": 30,
      "stopLossPoints": 30,
      "logEnabled": true,
      "snapshotTime": "09:40",
      "confirmTime": "09:45",
      "minMovementPoints": 30
    },
    {
      "type": "SupportResistanceStrategy",
      "enabled": false,
      "supportPrice": 0,
      "resistancePrice": 0,
      "quantity": 1755,
      "targetPoints": 10,
      "stopLossPoints": 15,
      "logEnabled": true
    },
    {
      "type": "TargetReachStrategy",
      "enabled": false,
      "symbol": "NIFTY",
      "strike": 0,
      "expiry": "2026-01-01",
      "optionType": "CE",
      "targetPrice": 0,
      "quantity": 1755,
      "targetPoints": 10,
      "stopLossPoints": 15,
      "logEnabled": true
    }
  ]
}
[20:56:49] [Config._processFile] Dir Name: /home/karthikeyan/work/icici/dist/prism
[20:56:49] [Config._processFile] File Name: /home/karthikeyan/work/icici/dist/prism/config.js
[20:56:49] [NorenRestApi.reloadToken] Restored Shoonya access token from userToken.txt
[orchestrator] [dev] Restarting frontend (data/order/strategies untouched)...
[orchestrator] [frontend] exited (code=0 signal=null)
[20:56:50] [ConfigService.loadConfig] Config Updated: {
  "srHypothesis": {
    "confirmWindowMin": 2,
    "maxJump": 15,
    "maxRangeWidth": 30,
    "buffer": 10,
    "target": 10,
    "stopLoss": 10,
    "breachBuffer": 0,
    "breachConfirmSec": 0,
    "heldMinSec": 407,
    "heldMaxSec": 651,
    "csvOutput": false
  },
  "rocHypothesis": {
    "target": 10,
    "stopLoss": 10,
    "cooldownSec": 60,
    "minWins": 2,
    "windowGridMin": [
      1,
      2,
      3,
      4,
      5,
      7,
      10,
      15
    ],
    "thresholdGrid": [
      5,
      10,
      15,
      20,
      25,
      30,
      40,
      50,
      60,
      75,
      100
    ],
    "csvOutput": false
  },
  "settings": {
    "minPrice": 20,
    "maxPrice": 30000,
    "targetPriceDiff": 2,
    "stopLossPriceDiff": 11,
    "trailingDistance": 4,
    "cooldownSeconds": 0,
    "logQuotes": false,
    "safetyBufferAmount": 5000,
    "consistencyLimitPercent": 40,
    "maxDailyDrawdownPercent": 25,
    "maxMonthlyDrawdownPercent": 50,
    "maxTradesPerDay": 10
  },
  "strategies": [
    {
      "type": "SentimentStrategy",
      "enabled": false,
      "averageThreshold": 20,
      "targetPrice": 2,
      "orderQuantity": 7200,
      "sentiment": "put",
      "loopCount": 1
    },
    {
      "type": "BuySellStrategy",
      "enabled": false,
      "initialQuantity": 150,
      "incrementFactor": "single",
      "incrementQuantity": 150,
      "averageThreshold": 10,
      "targetPrice": 5,
      "stopEnabled": false,
      "activateIntermittentCount": 100,
      "maxIterationCount": 10,
      "logEnabled": false,
      "right": "none"
    },
    {
      "type": "ContinuousStrategy",
      "enabled": false,
      "initialQuantity": 65,
      "slDistance": 10,
      "minPremium": 100,
      "allottedCapital": 200000,
      "spawnQuantityMode": "same",
      "averageQuantityMode": "same",
      "right": "none",
      "cooldownSeconds": 60,
      "refillCancelDistance": 50,
      "logEnabled": true
    },
    {
      "type": "IntermittentStrategy",
      "enabled": false,
      "loopCount": 3,
      "targetPrice": 2,
      "quantity": 75,
      "threshold": 10,
      "logEnabled": false
    },
    {
      "type": "RateOfChangeStrategy",
      "enabled": false,
      "pointsThreshold": 30,
      "accelerationThreshold": 5,
      "numberOfDatapointsReceived": 50,
      "quantity": 65,
      "targetPrice": 2,
      "stopLossPrice": 11,
      "maxHoldTimeMinutes": 30,
      "logEnabled": true
    },
    {
      "type": "GapStrategy",
      "enabled": false,
      "pointsThreshold": 20,
      "numberOfDatapointsReceived": 50,
      "quantity": 65,
      "targetPrice": 10,
      "stopLossPrice": 5,
      "maxHoldTimeMinutes": 600,
      "gapReversalMode": false,
      "gapReversalThreshold": 100,
      "logEnabled": true
    },
    {
      "type": "RuleBasedStrategy",
      "enabled": false,
      "indicators": [
        "RSI_5_70_30"
      ],
      "quantity": 65,
      "target": 10,
      "stopLoss": 20,
      "maxHoldTimeMinutes": 30,
      "logEnabled": true
    },
    {
      "type": "GoodMorningStrategy",
      "enabled": false,
      "quantity": 65,
      "targetPoints": 10,
      "stopLossPoints": 10,
      "logEnabled": true,
      "snapshotTime": "10:00",
      "confirmTime": "10:30",
      "previousClose": 24219,
      "minMovementPoints": 10
    },
    {
      "type": "GoodMorningSensexStrategy",
      "enabled": false,
      "quantity": 200,
      "targetPoints": 30,
      "stopLossPoints": 30,
      "logEnabled": true,
      "snapshotTime": "09:40",
      "confirmTime": "09:45",
      "minMovementPoints": 30
    },
    {
      "type": "SupportResistanceStrategy",
      "enabled": false,
      "supportPrice": 0,
      "resistancePrice": 0,
      "quantity": 1755,
      "targetPoints": 10,
      "stopLossPoints": 15,
      "logEnabled": true
    },
    {
      "type": "TargetReachStrategy",
      "enabled": false,
      "symbol": "NIFTY",
      "strike": 0,
      "expiry": "2026-01-01",
      "optionType": "CE",
      "targetPrice": 0,
      "quantity": 1755,
      "targetPoints": 10,
      "stopLossPoints": 15,
      "logEnabled": true
    }
  ]
}
[orchestrator] [dev] Restarting data (order/strategies/frontend untouched)...
[orchestrator] [data] exited (code=0 signal=null)
[20:56:50] [Mongo.init] Mongo is initialized
[orchestrator] [dev] Restarting order (data/strategies/frontend untouched)...
[orchestrator] [order] exited (code=null signal=SIGTERM)
[orchestrator] [dev] Restarting strategies (data/order untouched)...
[orchestrator] [boot] Starting strategies...
[orchestrator] [strategies] exited (code=0 signal=null)
[20:56:50] [ConfigService.loadConfig] Config Updated: {
  "srHypothesis": {
    "confirmWindowMin": 2,
    "maxJump": 15,
    "maxRangeWidth": 30,
    "buffer": 10,
    "target": 10,
    "stopLoss": 10,
    "breachBuffer": 0,
    "breachConfirmSec": 0,
    "heldMinSec": 407,
    "heldMaxSec": 651,
    "csvOutput": false
  },
  "rocHypothesis": {
    "target": 10,
    "stopLoss": 10,
    "cooldownSec": 60,
    "minWins": 2,
    "windowGridMin": [
      1,
      2,
      3,
      4,
      5,
      7,
      10,
      15
    ],
    "thresholdGrid": [
      5,
      10,
      15,
      20,
      25,
      30,
      40,
      50,
      60,
      75,
      100
    ],
    "csvOutput": false
  },
  "settings": {
    "minPrice": 20,
    "maxPrice": 30000,
    "targetPriceDiff": 2,
    "stopLossPriceDiff": 11,
    "trailingDistance": 4,
    "cooldownSeconds": 0,
    "logQuotes": false,
    "safetyBufferAmount": 5000,
    "consistencyLimitPercent": 40,
    "maxDailyDrawdownPercent": 25,
    "maxMonthlyDrawdownPercent": 50,
    "maxTradesPerDay": 10
  },
  "strategies": [
    {
      "type": "SentimentStrategy",
      "enabled": false,
      "averageThreshold": 20,
      "targetPrice": 2,
      "orderQuantity": 7200,
      "sentiment": "put",
      "loopCount": 1
    },
    {
      "type": "BuySellStrategy",
      "enabled": false,
      "initialQuantity": 150,
      "incrementFactor": "single",
      "incrementQuantity": 150,
      "averageThreshold": 10,
      "targetPrice": 5,
      "stopEnabled": false,
      "activateIntermittentCount": 100,
      "maxIterationCount": 10,
      "logEnabled": false,
      "right": "none"
    },
    {
      "type": "ContinuousStrategy",
      "enabled": false,
      "initialQuantity": 65,
      "slDistance": 10,
      "minPremium": 100,
      "allottedCapital": 200000,
      "spawnQuantityMode": "same",
      "averageQuantityMode": "same",
      "right": "none",
      "cooldownSeconds": 60,
      "refillCancelDistance": 50,
      "logEnabled": true
    },
    {
      "type": "IntermittentStrategy",
      "enabled": false,
      "loopCount": 3,
      "targetPrice": 2,
      "quantity": 75,
      "threshold": 10,
      "logEnabled": false
    },
    {
      "type": "RateOfChangeStrategy",
      "enabled": false,
      "pointsThreshold": 30,
      "accelerationThreshold": 5,
      "numberOfDatapointsReceived": 50,
      "quantity": 65,
      "targetPrice": 2,
      "stopLossPrice": 11,
      "maxHoldTimeMinutes": 30,
      "logEnabled": true
    },
    {
      "type": "GapStrategy",
      "enabled": false,
      "pointsThreshold": 20,
      "numberOfDatapointsReceived": 50,
      "quantity": 65,
      "targetPrice": 10,
      "stopLossPrice": 5,
      "maxHoldTimeMinutes": 600,
      "gapReversalMode": false,
      "gapReversalThreshold": 100,
      "logEnabled": true
    },
    {
      "type": "RuleBasedStrategy",
      "enabled": false,
      "indicators": [
        "RSI_5_70_30"
      ],
      "quantity": 65,
      "target": 10,
      "stopLoss": 20,
      "maxHoldTimeMinutes": 30,
      "logEnabled": true
    },
    {
      "type": "GoodMorningStrategy",
      "enabled": false,
      "quantity": 65,
      "targetPoints": 10,
      "stopLossPoints": 10,
      "logEnabled": true,
      "snapshotTime": "10:00",
      "confirmTime": "10:30",
      "previousClose": 24219,
      "minMovementPoints": 10
    },
    {
      "type": "GoodMorningSensexStrategy",
      "enabled": false,
      "quantity": 200,
      "targetPoints": 30,
      "stopLossPoints": 30,
      "logEnabled": true,
      "snapshotTime": "09:40",
      "confirmTime": "09:45",
      "minMovementPoints": 30
    },
    {
      "type": "SupportResistanceStrategy",
      "enabled": false,
      "supportPrice": 0,
      "resistancePrice": 0,
      "quantity": 1755,
      "targetPoints": 10,
      "stopLossPoints": 15,
      "logEnabled": true
    },
    {
      "type": "TargetReachStrategy",
      "enabled": false,
      "symbol": "NIFTY",
      "strike": 0,
      "expiry": "2026-01-01",
      "optionType": "CE",
      "targetPrice": 0,
      "quantity": 1755,
      "targetPoints": 10,
      "stopLossPoints": 15,
      "logEnabled": true
    }
  ]
}
[20:56:51] [ConfigService.loadConfig] Config Updated: {
  "srHypothesis": {
    "confirmWindowMin": 2,
    "maxJump": 15,
    "maxRangeWidth": 30,
    "buffer": 10,
    "target": 10,
    "stopLoss": 10,
    "breachBuffer": 0,
    "breachConfirmSec": 0,
    "heldMinSec": 407,
    "heldMaxSec": 651,
    "csvOutput": false
  },
  "rocHypothesis": {
    "target": 10,
    "stopLoss": 10,
    "cooldownSec": 60,
    "minWins": 2,
    "windowGridMin": [
      1,
      2,
      3,
      4,
      5,
      7,
      10,
      15
    ],
    "thresholdGrid": [
      5,
      10,
      15,
      20,
      25,
      30,
      40,
      50,
      60,
      75,
      100
    ],
    "csvOutput": false
  },
  "settings": {
    "minPrice": 20,
    "maxPrice": 30000,
    "targetPriceDiff": 2,
    "stopLossPriceDiff": 11,
    "trailingDistance": 4,
    "cooldownSeconds": 0,
    "logQuotes": false,
    "safetyBufferAmount": 5000,
    "consistencyLimitPercent": 40,
    "maxDailyDrawdownPercent": 25,
    "maxMonthlyDrawdownPercent": 50,
    "maxTradesPerDay": 10
  },
  "strategies": [
    {
      "type": "SentimentStrategy",
      "enabled": false,
      "averageThreshold": 20,
      "targetPrice": 2,
      "orderQuantity": 7200,
      "sentiment": "put",
      "loopCount": 1
    },
    {
      "type": "BuySellStrategy",
      "enabled": false,
      "initialQuantity": 150,
      "incrementFactor": "single",
      "incrementQuantity": 150,
      "averageThreshold": 10,
      "targetPrice": 5,
      "stopEnabled": false,
      "activateIntermittentCount": 100,
      "maxIterationCount": 10,
      "logEnabled": false,
      "right": "none"
    },
    {
      "type": "ContinuousStrategy",
      "enabled": false,
      "initialQuantity": 65,
      "slDistance": 10,
      "minPremium": 100,
      "allottedCapital": 200000,
      "spawnQuantityMode": "same",
      "averageQuantityMode": "same",
      "right": "none",
      "cooldownSeconds": 60,
      "refillCancelDistance": 50,
      "logEnabled": true
    },
    {
      "type": "IntermittentStrategy",
      "enabled": false,
      "loopCount": 3,
      "targetPrice": 2,
      "quantity": 75,
      "threshold": 10,
      "logEnabled": false
    },
    {
      "type": "RateOfChangeStrategy",
      "enabled": false,
      "pointsThreshold": 30,
      "accelerationThreshold": 5,
      "numberOfDatapointsReceived": 50,
      "quantity": 65,
      "targetPrice": 2,
      "stopLossPrice": 11,
      "maxHoldTimeMinutes": 30,
      "logEnabled": true
    },
    {
      "type": "GapStrategy",
      "enabled": false,
      "pointsThreshold": 20,
      "numberOfDatapointsReceived": 50,
      "quantity": 65,
      "targetPrice": 10,
      "stopLossPrice": 5,
      "maxHoldTimeMinutes": 600,
      "gapReversalMode": false,
      "gapReversalThreshold": 100,
      "logEnabled": true
    },
    {
      "type": "RuleBasedStrategy",
      "enabled": false,
      "indicators": [
        "RSI_5_70_30"
      ],
      "quantity": 65,
      "target": 10,
      "stopLoss": 20,
      "maxHoldTimeMinutes": 30,
      "logEnabled": true
    },
    {
      "type": "GoodMorningStrategy",
      "enabled": false,
      "quantity": 65,
      "targetPoints": 10,
      "stopLossPoints": 10,
      "logEnabled": true,
      "snapshotTime": "10:00",
      "confirmTime": "10:30",
      "previousClose": 24219,
      "minMovementPoints": 10
    },
    {
      "type": "GoodMorningSensexStrategy",
      "enabled": false,
      "quantity": 200,
      "targetPoints": 30,
      "stopLossPoints": 30,
      "logEnabled": true,
      "snapshotTime": "09:40",
      "confirmTime": "09:45",
      "minMovementPoints": 30
    },
    {
      "type": "SupportResistanceStrategy",
      "enabled": false,
      "supportPrice": 0,
      "resistancePrice": 0,
      "quantity": 1755,
      "targetPoints": 10,
      "stopLossPoints": 15,
      "logEnabled": true
    },
    {
      "type": "TargetReachStrategy",
      "enabled": false,
      "symbol": "NIFTY",
      "strike": 0,
      "expiry": "2026-01-01",
      "optionType": "CE",
      "targetPrice": 0,
      "quantity": 1755,
      "targetPoints": 10,
      "stopLossPoints": 15,
      "logEnabled": true
    }
  ]
}
[20:56:52] [ConfigService.loadConfig] Config Updated: {
  "srHypothesis": {
    "confirmWindowMin": 2,
    "maxJump": 15,
    "maxRangeWidth": 30,
    "buffer": 10,
    "target": 10,
    "stopLoss": 10,
    "breachBuffer": 0,
    "breachConfirmSec": 0,
    "heldMinSec": 407,
    "heldMaxSec": 651,
    "csvOutput": false
  },
  "rocHypothesis": {
    "target": 10,
    "stopLoss": 10,
    "cooldownSec": 60,
    "minWins": 2,
    "windowGridMin": [
      1,
      2,
      3,
      4,
      5,
      7,
      10,
      15
    ],
    "thresholdGrid": [
      5,
      10,
      15,
      20,
      25,
      30,
      40,
      50,
      60,
      75,
      100
    ],
    "csvOutput": false
  },
  "settings": {
    "minPrice": 20,
    "maxPrice": 30000,
    "targetPriceDiff": 2,
    "stopLossPriceDiff": 11,
    "trailingDistance": 4,
    "cooldownSeconds": 0,
    "logQuotes": false,
    "safetyBufferAmount": 5000,
    "consistencyLimitPercent": 40,
    "maxDailyDrawdownPercent": 25,
    "maxMonthlyDrawdownPercent": 50,
    "maxTradesPerDay": 10
  },
  "strategies": [
    {
      "type": "SentimentStrategy",
      "enabled": false,
      "averageThreshold": 20,
      "targetPrice": 2,
      "orderQuantity": 7200,
      "sentiment": "put",
      "loopCount": 1
    },
    {
      "type": "BuySellStrategy",
      "enabled": false,
      "initialQuantity": 150,
      "incrementFactor": "single",
      "incrementQuantity": 150,
      "averageThreshold": 10,
      "targetPrice": 5,
      "stopEnabled": false,
      "activateIntermittentCount": 100,
      "maxIterationCount": 10,
      "logEnabled": false,
      "right": "none"
    },
    {
      "type": "ContinuousStrategy",
      "enabled": false,
      "initialQuantity": 65,
      "slDistance": 10,
      "minPremium": 100,
      "allottedCapital": 200000,
      "spawnQuantityMode": "same",
      "averageQuantityMode": "same",
      "right": "none",
      "cooldownSeconds": 60,
      "refillCancelDistance": 50,
      "logEnabled": true
    },
    {
      "type": "IntermittentStrategy",
      "enabled": false,
      "loopCount": 3,
      "targetPrice": 2,
      "quantity": 75,
      "threshold": 10,
      "logEnabled": false
    },
    {
      "type": "RateOfChangeStrategy",
      "enabled": false,
      "pointsThreshold": 30,
      "accelerationThreshold": 5,
      "numberOfDatapointsReceived": 50,
      "quantity": 65,
      "targetPrice": 2,
      "stopLossPrice": 11,
      "maxHoldTimeMinutes": 30,
      "logEnabled": true
    },
    {
      "type": "GapStrategy",
      "enabled": false,
      "pointsThreshold": 20,
      "numberOfDatapointsReceived": 50,
      "quantity": 65,
      "targetPrice": 10,
      "stopLossPrice": 5,
      "maxHoldTimeMinutes": 600,
      "gapReversalMode": false,
      "gapReversalThreshold": 100,
      "logEnabled": true
    },
    {
      "type": "RuleBasedStrategy",
      "enabled": false,
      "indicators": [
        "RSI_5_70_30"
      ],
      "quantity": 65,
      "target": 10,
      "stopLoss": 20,
      "maxHoldTimeMinutes": 30,
      "logEnabled": true
    },
    {
      "type": "GoodMorningStrategy",
      "enabled": false,
      "quantity": 65,
      "targetPoints": 10,
      "stopLossPoints": 10,
      "logEnabled": true,
      "snapshotTime": "10:00",
      "confirmTime": "10:30",
      "previousClose": 24219,
      "minMovementPoints": 10
    },
    {
      "type": "GoodMorningSensexStrategy",
      "enabled": false,
      "quantity": 200,
      "targetPoints": 30,
      "stopLossPoints": 30,
      "logEnabled": true,
      "snapshotTime": "09:40",
      "confirmTime": "09:45",
      "minMovementPoints": 30
    },
    {
      "type": "SupportResistanceStrategy",
      "enabled": false,
      "supportPrice": 0,
      "resistancePrice": 0,
      "quantity": 1755,
      "targetPoints": 10,
      "stopLossPoints": 15,
      "logEnabled": true
    },
    {
      "type": "TargetReachStrategy",
      "enabled": false,
      "symbol": "NIFTY",
      "strike": 0,
      "expiry": "2026-01-01",
      "optionType": "CE",
      "targetPrice": 0,
      "quantity": 1755,
      "targetPoints": 10,
      "stopLossPoints": 15,
      "logEnabled": true
    }
  ]
}
[20:56:52] [Mongo.init] Mongo is initialized
[20:56:52] [Mongo._init] Mongo is initialized
[20:56:52] [AntDataStream.connect] [AntDataStream] Connecting to ANT streaming...
[20:56:52] [ANT.loadSession] ANT session loaded from file
[20:56:52] [AntSession.prepareWsSession] [AntSession] Creating WS session (createWsSess)...
[20:56:52] [ConfigService.loadConfig] Config Updated: {
  "srHypothesis": {
    "confirmWindowMin": 2,
    "maxJump": 15,
    "maxRangeWidth": 30,
    "buffer": 10,
    "target": 10,
    "stopLoss": 10,
    "breachBuffer": 0,
    "breachConfirmSec": 0,
    "heldMinSec": 407,
    "heldMaxSec": 651,
    "csvOutput": false
  },
  "rocHypothesis": {
    "target": 10,
    "stopLoss": 10,
    "cooldownSec": 60,
    "minWins": 2,
    "windowGridMin": [
      1,
      2,
      3,
      4,
      5,
      7,
      10,
      15
    ],
    "thresholdGrid": [
      5,
      10,
      15,
      20,
      25,
      30,
      40,
      50,
      60,
      75,
      100
    ],
    "csvOutput": false
  },
  "settings": {
    "minPrice": 20,
    "maxPrice": 30000,
    "targetPriceDiff": 2,
    "stopLossPriceDiff": 11,
    "trailingDistance": 4,
    "cooldownSeconds": 0,
    "logQuotes": false,
    "safetyBufferAmount": 5000,
    "consistencyLimitPercent": 40,
    "maxDailyDrawdownPercent": 25,
    "maxMonthlyDrawdownPercent": 50,
    "maxTradesPerDay": 10
  },
  "strategies": [
    {
      "type": "SentimentStrategy",
      "enabled": false,
      "averageThreshold": 20,
      "targetPrice": 2,
      "orderQuantity": 7200,
      "sentiment": "put",
      "loopCount": 1
    },
    {
      "type": "BuySellStrategy",
      "enabled": false,
      "initialQuantity": 150,
      "incrementFactor": "single",
      "incrementQuantity": 150,
      "averageThreshold": 10,
      "targetPrice": 5,
      "stopEnabled": false,
      "activateIntermittentCount": 100,
      "maxIterationCount": 10,
      "logEnabled": false,
      "right": "none"
    },
    {
      "type": "ContinuousStrategy",
      "enabled": false,
      "initialQuantity": 65,
      "slDistance": 10,
      "minPremium": 100,
      "allottedCapital": 200000,
      "spawnQuantityMode": "same",
      "averageQuantityMode": "same",
      "right": "none",
      "cooldownSeconds": 60,
      "refillCancelDistance": 50,
      "logEnabled": true
    },
    {
      "type": "IntermittentStrategy",
      "enabled": false,
      "loopCount": 3,
      "targetPrice": 2,
      "quantity": 75,
      "threshold": 10,
      "logEnabled": false
    },
    {
      "type": "RateOfChangeStrategy",
      "enabled": false,
      "pointsThreshold": 30,
      "accelerationThreshold": 5,
      "numberOfDatapointsReceived": 50,
      "quantity": 65,
      "targetPrice": 2,
      "stopLossPrice": 11,
      "maxHoldTimeMinutes": 30,
      "logEnabled": true
    },
    {
      "type": "GapStrategy",
      "enabled": false,
      "pointsThreshold": 20,
      "numberOfDatapointsReceived": 50,
      "quantity": 65,
      "targetPrice": 10,
      "stopLossPrice": 5,
      "maxHoldTimeMinutes": 600,
      "gapReversalMode": false,
      "gapReversalThreshold": 100,
      "logEnabled": true
    },
    {
      "type": "RuleBasedStrategy",
      "enabled": false,
      "indicators": [
        "RSI_5_70_30"
      ],
      "quantity": 65,
      "target": 10,
      "stopLoss": 20,
      "maxHoldTimeMinutes": 30,
      "logEnabled": true
    },
    {
      "type": "GoodMorningStrategy",
      "enabled": false,
      "quantity": 65,
      "targetPoints": 10,
      "stopLossPoints": 10,
      "logEnabled": true,
      "snapshotTime": "10:00",
      "confirmTime": "10:30",
      "previousClose": 24219,
      "minMovementPoints": 10
    },
    {
      "type": "GoodMorningSensexStrategy",
      "enabled": false,
      "quantity": 200,
      "targetPoints": 30,
      "stopLossPoints": 30,
      "logEnabled": true,
      "snapshotTime": "09:40",
      "confirmTime": "09:45",
      "minMovementPoints": 30
    },
    {
      "type": "SupportResistanceStrategy",
      "enabled": false,
      "supportPrice": 0,
      "resistancePrice": 0,
      "quantity": 1755,
      "targetPoints": 10,
      "stopLossPoints": 15,
      "logEnabled": true
    },
    {
      "type": "TargetReachStrategy",
      "enabled": false,
      "symbol": "NIFTY",
      "strike": 0,
      "expiry": "2026-01-01",
      "optionType": "CE",
      "targetPrice": 0,
      "quantity": 1755,
      "targetPoints": 10,
      "stopLossPoints": 15,
      "logEnabled": true
    }
  ]
}
[20:56:52] [Config._processFile] Dir Name: /home/karthikeyan/work/icici/dist/prism
[20:56:52] [Config._processFile] File Name: /home/karthikeyan/work/icici/dist/prism/config.js
[20:56:52] [NorenRestApi.reloadToken] Restored Shoonya access token from userToken.txt
[20:56:52] [Config._processFile] Dir Name: /home/karthikeyan/work/icici/dist/prism
[20:56:52] [Config._processFile] File Name: /home/karthikeyan/work/icici/dist/prism/config.js
[20:56:52] [AntSession.prepareWsSession] [AntSession] createWsSess response: {
  "status": "Ok",
  "message": "Success",
  "result": [
    {
      "Status": "OK"
    }
  ]
}
[20:56:52] [AntSession.prepareWsSession] [AntSession] WS session prepared successfully
[20:56:53] [NorenRestApi.reloadToken] Restored Shoonya access token from userToken.txt
[20:56:53] [Config._processFile] Dir Name: /home/karthikeyan/work/icici/dist/prism
[20:56:53] [Config._processFile] File Name: /home/karthikeyan/work/icici/dist/prism/config.js
[20:56:53] [ws.onopen] [AntWS] Connected, sending auth payload...
[20:56:53] [AntDataStream.connect] [AntDataStream] Connected and streaming
[20:56:53] [main] [data] Ready - NIFTY/SENSEX always subscribed, streaming to stdout.
[20:56:53] [ws.onmessage] [AntWS] Connect ack: {
  "t": "ck",
  "s": "OK",
  "uid": "924118_API"
}
[20:56:53] [/home/karthikeyan/work/icici/dist/processes/data/AntDataStream.js:57:27] [AntDataStream] WebSocket open, subscribing to always-on instruments...
[20:56:53] [AntWebSocket.subscribe] [AntWS] Subscribing: NSE|26000#BSE|1
[20:56:53] [NorenRestApi.reloadToken] Restored Shoonya access token from userToken.txt
[20:56:53] [Mongo.init] Mongo is initialized
[20:56:53] [Mongo.init] Mongo is initialized
[20:56:53] [Config._processFile] lot count: 1
[20:56:53] [Config._processFile] Auto Trade: false
[20:56:53] [Mongo._init] Mongo is initialized
[20:56:53] [Mongo._init] Mongo is initialized
[20:56:53] [expandRuleBasedConfig] [StrategyFactory] Expanded RuleBasedStrategy into 1 instances
[20:56:53] [OrderBookkeeping.loadClosedTradesFromMongo] [order] Reloaded 6 closed trade(s) from Mongo for today
[20:56:53] [Strategies.initialize] [] expandedConfigArray:  [
  {
    "type": "SentimentStrategy",
    "enabled": false,
    "averageThreshold": 20,
    "targetPrice": 2,
    "orderQuantity": 7200,
    "sentiment": "put",
    "loopCount": 1
  },
  {
    "type": "BuySellStrategy",
    "enabled": false,
    "initialQuantity": 150,
    "incrementFactor": "single",
    "incrementQuantity": 150,
    "averageThreshold": 10,
    "targetPrice": 5,
    "stopEnabled": false,
    "activateIntermittentCount": 100,
    "maxIterationCount": 10,
    "logEnabled": false,
    "right": "none"
  },
  {
    "type": "ContinuousStrategy",
    "enabled": false,
    "initialQuantity": 65,
    "slDistance": 10,
    "minPremium": 100,
    "allottedCapital": 200000,
    "spawnQuantityMode": "same",
    "averageQuantityMode": "same",
    "right": "none",
    "cooldownSeconds": 60,
    "refillCancelDistance": 50,
    "logEnabled": true
  },
  {
    "type": "IntermittentStrategy",
    "enabled": false,
    "loopCount": 3,
    "targetPrice": 2,
    "quantity": 75,
    "threshold": 10,
    "logEnabled": false
  },
  {
    "type": "RateOfChangeStrategy",
    "enabled": false,
    "pointsThreshold": 30,
    "accelerationThreshold": 5,
    "numberOfDatapointsReceived": 50,
    "quantity": 65,
    "targetPrice": 2,
    "stopLossPrice": 11,
    "maxHoldTimeMinutes": 30,
    "logEnabled": true
  },
  {
    "type": "GapStrategy",
    "enabled": false,
    "pointsThreshold": 20,
    "numberOfDatapointsReceived": 50,
    "quantity": 65,
    "targetPrice": 10,
    "stopLossPrice": 5,
    "maxHoldTimeMinutes": 600,
    "gapReversalMode": false,
    "gapReversalThreshold": 100,
    "logEnabled": true
  },
  {
    "type": "RuleBasedStrategy",
    "enabled": false,
    "indicators": [
      "RSI_5_70_30"
    ],
    "quantity": 65,
    "target": 10,
    "stopLoss": 20,
    "maxHoldTimeMinutes": 30,
    "logEnabled": true,
    "userId": "Rule-RSI_5_70_30"
  },
  {
    "type": "GoodMorningStrategy",
    "enabled": false,
    "quantity": 65,
    "targetPoints": 10,
    "stopLossPoints": 10,
    "logEnabled": true,
    "snapshotTime": "10:00",
    "confirmTime": "10:30",
    "previousClose": 24219,
    "minMovementPoints": 10
  },
  {
    "type": "GoodMorningSensexStrategy",
    "enabled": false,
    "quantity": 200,
    "targetPoints": 30,
    "stopLossPoints": 30,
    "logEnabled": true,
    "snapshotTime": "09:40",
    "confirmTime": "09:45",
    "minMovementPoints": 30
  },
  {
    "type": "SupportResistanceStrategy",
    "enabled": false,
    "supportPrice": 0,
    "resistancePrice": 0,
    "quantity": 1755,
    "targetPoints": 10,
    "stopLossPoints": 15,
    "logEnabled": true
  },
  {
    "type": "TargetReachStrategy",
    "enabled": false,
    "symbol": "NIFTY",
    "strike": 0,
    "expiry": "2026-01-01",
    "optionType": "CE",
    "targetPrice": 0,
    "quantity": 1755,
    "targetPoints": 10,
    "stopLossPoints": 15,
    "logEnabled": true
  }
]
[20:56:53] [ANT.loadSession] ANT session loaded from file
[20:56:53] [expandRuleBasedConfig] [StrategyFactory] Expanded RuleBasedStrategy into 1 instances
[20:56:53] [new RuleBasedStrategy] [RuleBased:Rule-RSI_5_70_30] Initialized with indicators: RSI_5_70_30
[20:56:53] [Strategies.initialize] [Strategies] Initialized 11 strategies: [
  "SentimentStrategy(SentimentStrategy, enabled=false)",
  "BuySellStrategy(BuySellStrategy, enabled=false)",
  "ContinuousStrategy(ContinuousStrategy, enabled=false)",
  "IntermittentStrategy(IntermittentStrategy, enabled=false)",
  "RateOfChangeStrategy(RateOfChangeStrategy, enabled=false)",
  "GapStrategy(GapStrategy, enabled=false)",
  "RuleBasedStrategy(Rule-RSI_5_70_30, enabled=false)",
  "GoodMorningStrategy(GoodMorningStrategy, enabled=false)",
  "GoodMorningSensexStrategy(GoodMorningSensexStrategy, enabled=false)",
  "SupportResistanceStrategy(SupportResistanceStrategy, enabled=false)",
  "TargetReachStrategy(TargetReachStrategy, enabled=false)"
]
[20:56:53] [main] [strategies] Ready - 11 strategies loaded.
[20:56:53] [BuySellStrategy.reconcileOrderState] BuySellStrategy  BuySellStrategy: reconcileOrderState attempt 1/15 failed:  Not connected to order process
[20:56:53] [Server.<anonymous>] [strategies] Listening on /tmp/icici-strategies.sock
[20:56:53] [Config._processFile] lot count: 1
[20:56:53] [Config._processFile] Auto Trade: false
[20:56:53] [/home/karthikeyan/work/icici/dist/processes/strategies/OrderClient.js:53:41] [strategies] Failed to parse order-process message:  Error: connect ENOENT /tmp/icici-order.sock
    at PipeConnectWrap.afterConnect [as oncomplete] (node:net:1615:16)
[20:56:53] [Socket.<anonymous>] [strategies] Order socket error: Error: connect ENOENT /tmp/icici-order.sock
    at PipeConnectWrap.afterConnect [as oncomplete] (node:net:1615:16)
[20:56:53] [Socket.<anonymous>] [strategies] Disconnected from order process, retrying in 2s...
[20:56:53] [Server.<anonymous>] [order] Listening on /tmp/icici-order.sock
Fri, 28 Aug 2026 15:26:53 GMT body-parser deprecated bodyParser: use individual json/urlencoded middlewares at dist/server.js:93:35
Fri, 28 Aug 2026 15:26:53 GMT body-parser deprecated undefined extended: provide extended option at node_modules/body-parser/index.js:104:29
[20:56:53] [Mongo.init] Mongo is initialized
[20:56:53] [AntOrderNotifyStream.getWsToken] [AntOrderNotify] createWsToken response: {"status":"Ok","message":"200","result":[{"orderToken":"a1dab534e3e11278f5844327e89f2816e139ef8b6d40ab90772172c1a5f7754d"}]}
[20:56:53] [Mongo._init] Mongo is initialized
[20:56:53] [Server.<anonymous>] [order] Client connected, total: 1
[20:56:53] [Server.<anonymous>] [strategies] Frontend client connected
[20:56:53] [Server.<anonymous>] [frontend] Listening on 3000
[20:56:53] [Config._processFile] lot count: 1
[20:56:53] [Config._processFile] Auto Trade: false
[20:56:53] [Socket.<anonymous>] [strategies] Connected to order process
[20:56:53] [Socket.<anonymous>] [frontend] Connected to strategies process
[20:56:53] [/home/karthikeyan/work/icici/dist/server.js:1452:27] [frontend] nifty tick: {"ltp":24175.65,"ltt":"1787919089","token":"26000","changePercent":0.35,"prevClose":24091.33034379671} clients=0
[20:56:54] [ws.onopen] [AntOrderNotify] Connected, subscribing...
[20:56:55] [BuySellStrategy.reconcileOrderState] BuySellStrategy  BuySellStrategy: reconcileOrderState attempt 2/15 failed:  Not connected to order process
[20:56:55] [Socket.<anonymous>] [strategies] Connected to order process
[20:56:55] [Server.<anonymous>] [order] Client connected, total: 2
[20:56:57] [BuySellStrategy.reconcileOrderState] BuySellStrategy  BuySellStrategy: reconciled - no existing open trade, ordered=false
[orchestrator] [dev] Restarting strategies (data/order untouched)...
[orchestrator] [boot] Starting strategies...
[20:57:22] [Socket.<anonymous>] [order] Client disconnected, total: 1
[orchestrator] [strategies] exited (code=0 signal=null)
[20:57:22] [Socket.<anonymous>] [frontend] Disconnected from strategies process, retrying in 2s...
[orchestrator] [dev] Restarting order (data/strategies/frontend untouched)...
[20:57:22] [Socket.<anonymous>] [strategies] Disconnected from order process, retrying in 2s...
[orchestrator] [order] exited (code=0 signal=null)
[20:57:23] [ConfigService.loadConfig] Config Updated: {
  "srHypothesis": {
    "confirmWindowMin": 2,
    "maxJump": 15,
    "maxRangeWidth": 30,
    "buffer": 10,
    "target": 10,
    "stopLoss": 10,
    "breachBuffer": 0,
    "breachConfirmSec": 0,
    "heldMinSec": 407,
    "heldMaxSec": 651,
    "csvOutput": false
  },
  "rocHypothesis": {
    "target": 10,
    "stopLoss": 10,
    "cooldownSec": 60,
    "minWins": 2,
    "windowGridMin": [
      1,
      2,
      3,
      4,
      5,
      7,
      10,
      15
    ],
    "thresholdGrid": [
      5,
      10,
      15,
      20,
      25,
      30,
      40,
      50,
      60,
      75,
      100
    ],
    "csvOutput": false
  },
  "settings": {
    "minPrice": 20,
    "maxPrice": 30000,
    "targetPriceDiff": 2,
    "stopLossPriceDiff": 11,
    "trailingDistance": 4,
    "cooldownSeconds": 0,
    "logQuotes": false,
    "safetyBufferAmount": 5000,
    "consistencyLimitPercent": 40,
    "maxDailyDrawdownPercent": 25,
    "maxMonthlyDrawdownPercent": 50,
    "maxTradesPerDay": 10
  },
  "strategies": [
    {
      "type": "SentimentStrategy",
      "enabled": false,
      "averageThreshold": 20,
      "targetPrice": 2,
      "orderQuantity": 7200,
      "sentiment": "put",
      "loopCount": 1
    },
    {
      "type": "BuySellStrategy",
      "enabled": false,
      "initialQuantity": 150,
      "incrementFactor": "single",
      "incrementQuantity": 150,
      "averageThreshold": 10,
      "targetPrice": 5,
      "stopEnabled": false,
      "activateIntermittentCount": 100,
      "maxIterationCount": 10,
      "logEnabled": false,
      "right": "none"
    },
    {
      "type": "ContinuousStrategy",
      "enabled": false,
      "initialQuantity": 65,
      "slDistance": 10,
      "minPremium": 100,
      "allottedCapital": 200000,
      "spawnQuantityMode": "same",
      "averageQuantityMode": "same",
      "right": "none",
      "cooldownSeconds": 60,
      "refillCancelDistance": 50,
      "logEnabled": true
    },
    {
      "type": "IntermittentStrategy",
      "enabled": false,
      "loopCount": 3,
      "targetPrice": 2,
      "quantity": 75,
      "threshold": 10,
      "logEnabled": false
    },
    {
      "type": "RateOfChangeStrategy",
      "enabled": false,
      "pointsThreshold": 30,
      "accelerationThreshold": 5,
      "numberOfDatapointsReceived": 50,
      "quantity": 65,
      "targetPrice": 2,
      "stopLossPrice": 11,
      "maxHoldTimeMinutes": 30,
      "logEnabled": true
    },
    {
      "type": "GapStrategy",
      "enabled": false,
      "pointsThreshold": 20,
      "numberOfDatapointsReceived": 50,
      "quantity": 65,
      "targetPrice": 10,
      "stopLossPrice": 5,
      "maxHoldTimeMinutes": 600,
      "gapReversalMode": false,
      "gapReversalThreshold": 100,
      "logEnabled": true
    },
    {
      "type": "RuleBasedStrategy",
      "enabled": false,
      "indicators": [
        "RSI_5_70_30"
      ],
      "quantity": 65,
      "target": 10,
      "stopLoss": 20,
      "maxHoldTimeMinutes": 30,
      "logEnabled": true
    },
    {
      "type": "GoodMorningStrategy",
      "enabled": false,
      "quantity": 65,
      "targetPoints": 10,
      "stopLossPoints": 10,
      "logEnabled": true,
      "snapshotTime": "10:00",
      "confirmTime": "10:30",
      "previousClose": 24219,
      "minMovementPoints": 10
    },
    {
      "type": "GoodMorningSensexStrategy",
      "enabled": false,
      "quantity": 200,
      "targetPoints": 30,
      "stopLossPoints": 30,
      "logEnabled": true,
      "snapshotTime": "09:40",
      "confirmTime": "09:45",
      "minMovementPoints": 30
    },
    {
      "type": "SupportResistanceStrategy",
      "enabled": false,
      "supportPrice": 0,
      "resistancePrice": 0,
      "quantity": 1755,
      "targetPoints": 10,
      "stopLossPoints": 15,
      "logEnabled": true
    },
    {
      "type": "TargetReachStrategy",
      "enabled": false,
      "symbol": "NIFTY",
      "strike": 0,
      "expiry": "2026-01-01",
      "optionType": "CE",
      "targetPrice": 0,
      "quantity": 1755,
      "targetPoints": 10,
      "stopLossPoints": 15,
      "logEnabled": true
    }
  ]
}
[20:57:23] [ConfigService.loadConfig] Config Updated: {
  "srHypothesis": {
    "confirmWindowMin": 2,
    "maxJump": 15,
    "maxRangeWidth": 30,
    "buffer": 10,
    "target": 10,
    "stopLoss": 10,
    "breachBuffer": 0,
    "breachConfirmSec": 0,
    "heldMinSec": 407,
    "heldMaxSec": 651,
    "csvOutput": false
  },
  "rocHypothesis": {
    "target": 10,
    "stopLoss": 10,
    "cooldownSec": 60,
    "minWins": 2,
    "windowGridMin": [
      1,
      2,
      3,
      4,
      5,
      7,
      10,
      15
    ],
    "thresholdGrid": [
      5,
      10,
      15,
      20,
      25,
      30,
      40,
      50,
      60,
      75,
      100
    ],
    "csvOutput": false
  },
  "settings": {
    "minPrice": 20,
    "maxPrice": 30000,
    "targetPriceDiff": 2,
    "stopLossPriceDiff": 11,
    "trailingDistance": 4,
    "cooldownSeconds": 0,
    "logQuotes": false,
    "safetyBufferAmount": 5000,
    "consistencyLimitPercent": 40,
    "maxDailyDrawdownPercent": 25,
    "maxMonthlyDrawdownPercent": 50,
    "maxTradesPerDay": 10
  },
  "strategies": [
    {
      "type": "SentimentStrategy",
      "enabled": false,
      "averageThreshold": 20,
      "targetPrice": 2,
      "orderQuantity": 7200,
      "sentiment": "put",
      "loopCount": 1
    },
    {
      "type": "BuySellStrategy",
      "enabled": false,
      "initialQuantity": 150,
      "incrementFactor": "single",
      "incrementQuantity": 150,
      "averageThreshold": 10,
      "targetPrice": 5,
      "stopEnabled": false,
      "activateIntermittentCount": 100,
      "maxIterationCount": 10,
      "logEnabled": false,
      "right": "none"
    },
    {
      "type": "ContinuousStrategy",
      "enabled": false,
      "initialQuantity": 65,
      "slDistance": 10,
      "minPremium": 100,
      "allottedCapital": 200000,
      "spawnQuantityMode": "same",
      "averageQuantityMode": "same",
      "right": "none",
      "cooldownSeconds": 60,
      "refillCancelDistance": 50,
      "logEnabled": true
    },
    {
      "type": "IntermittentStrategy",
      "enabled": false,
      "loopCount": 3,
      "targetPrice": 2,
      "quantity": 75,
      "threshold": 10,
      "logEnabled": false
    },
    {
      "type": "RateOfChangeStrategy",
      "enabled": false,
      "pointsThreshold": 30,
      "accelerationThreshold": 5,
      "numberOfDatapointsReceived": 50,
      "quantity": 65,
      "targetPrice": 2,
      "stopLossPrice": 11,
      "maxHoldTimeMinutes": 30,
      "logEnabled": true
    },
    {
      "type": "GapStrategy",
      "enabled": false,
      "pointsThreshold": 20,
      "numberOfDatapointsReceived": 50,
      "quantity": 65,
      "targetPrice": 10,
      "stopLossPrice": 5,
      "maxHoldTimeMinutes": 600,
      "gapReversalMode": false,
      "gapReversalThreshold": 100,
      "logEnabled": true
    },
    {
      "type": "RuleBasedStrategy",
      "enabled": false,
      "indicators": [
        "RSI_5_70_30"
      ],
      "quantity": 65,
      "target": 10,
      "stopLoss": 20,
      "maxHoldTimeMinutes": 30,
      "logEnabled": true
    },
    {
      "type": "GoodMorningStrategy",
      "enabled": false,
      "quantity": 65,
      "targetPoints": 10,
      "stopLossPoints": 10,
      "logEnabled": true,
      "snapshotTime": "10:00",
      "confirmTime": "10:30",
      "previousClose": 24219,
      "minMovementPoints": 10
    },
    {
      "type": "GoodMorningSensexStrategy",
      "enabled": false,
      "quantity": 200,
      "targetPoints": 30,
      "stopLossPoints": 30,
      "logEnabled": true,
      "snapshotTime": "09:40",
      "confirmTime": "09:45",
      "minMovementPoints": 30
    },
    {
      "type": "SupportResistanceStrategy",
      "enabled": false,
      "supportPrice": 0,
      "resistancePrice": 0,
      "quantity": 1755,
      "targetPoints": 10,
      "stopLossPoints": 15,
      "logEnabled": true
    },
    {
      "type": "TargetReachStrategy",
      "enabled": false,
      "symbol": "NIFTY",
      "strike": 0,
      "expiry": "2026-01-01",
      "optionType": "CE",
      "targetPrice": 0,
      "quantity": 1755,
      "targetPoints": 10,
      "stopLossPoints": 15,
      "logEnabled": true
    }
  ]
}
[orchestrator] [dev] Restarting frontend (data/order/strategies untouched)...
[orchestrator] [frontend] exited (code=0 signal=null)
[20:57:23] [Config._processFile] Dir Name: /home/karthikeyan/work/icici/dist/prism
[20:57:23] [Config._processFile] File Name: /home/karthikeyan/work/icici/dist/prism/config.js
[20:57:23] [NorenRestApi.reloadToken] Restored Shoonya access token from userToken.txt
[orchestrator] [dev] Restarting data (order/strategies/frontend untouched)...
[orchestrator] [data] exited (code=0 signal=null)
[orchestrator] [dev] Restarting order (data/strategies/frontend untouched)...
[orchestrator] [order] exited (code=null signal=SIGTERM)
[orchestrator] [dev] Restarting strategies (data/order untouched)...
[orchestrator] [boot] Starting strategies...
[orchestrator] [strategies] exited (code=null signal=SIGTERM)
[20:57:25] [ConfigService.loadConfig] Config Updated: {
  "srHypothesis": {
    "confirmWindowMin": 2,
    "maxJump": 15,
    "maxRangeWidth": 30,
    "buffer": 10,
    "target": 10,
    "stopLoss": 10,
    "breachBuffer": 0,
    "breachConfirmSec": 0,
    "heldMinSec": 407,
    "heldMaxSec": 651,
    "csvOutput": false
  },
  "rocHypothesis": {
    "target": 10,
    "stopLoss": 10,
    "cooldownSec": 60,
    "minWins": 2,
    "windowGridMin": [
      1,
      2,
      3,
      4,
      5,
      7,
      10,
      15
    ],
    "thresholdGrid": [
      5,
      10,
      15,
      20,
      25,
      30,
      40,
      50,
      60,
      75,
      100
    ],
    "csvOutput": false
  },
  "settings": {
    "minPrice": 20,
    "maxPrice": 30000,
    "targetPriceDiff": 2,
    "stopLossPriceDiff": 11,
    "trailingDistance": 4,
    "cooldownSeconds": 0,
    "logQuotes": false,
    "safetyBufferAmount": 5000,
    "consistencyLimitPercent": 40,
    "maxDailyDrawdownPercent": 25,
    "maxMonthlyDrawdownPercent": 50,
    "maxTradesPerDay": 10
  },
  "strategies": [
    {
      "type": "SentimentStrategy",
      "enabled": false,
      "averageThreshold": 20,
      "targetPrice": 2,
      "orderQuantity": 7200,
      "sentiment": "put",
      "loopCount": 1
    },
    {
      "type": "BuySellStrategy",
      "enabled": false,
      "initialQuantity": 150,
      "incrementFactor": "single",
      "incrementQuantity": 150,
      "averageThreshold": 10,
      "targetPrice": 5,
      "stopEnabled": false,
      "activateIntermittentCount": 100,
      "maxIterationCount": 10,
      "logEnabled": false,
      "right": "none"
    },
    {
      "type": "ContinuousStrategy",
      "enabled": false,
      "initialQuantity": 65,
      "slDistance": 10,
      "minPremium": 100,
      "allottedCapital": 200000,
      "spawnQuantityMode": "same",
      "averageQuantityMode": "same",
      "right": "none",
      "cooldownSeconds": 60,
      "refillCancelDistance": 50,
      "logEnabled": true
    },
    {
      "type": "IntermittentStrategy",
      "enabled": false,
      "loopCount": 3,
      "targetPrice": 2,
      "quantity": 75,
      "threshold": 10,
      "logEnabled": false
    },
    {
      "type": "RateOfChangeStrategy",
      "enabled": false,
      "pointsThreshold": 30,
      "accelerationThreshold": 5,
      "numberOfDatapointsReceived": 50,
      "quantity": 65,
      "targetPrice": 2,
      "stopLossPrice": 11,
      "maxHoldTimeMinutes": 30,
      "logEnabled": true
    },
    {
      "type": "GapStrategy",
      "enabled": false,
      "pointsThreshold": 20,
      "numberOfDatapointsReceived": 50,
      "quantity": 65,
      "targetPrice": 10,
      "stopLossPrice": 5,
      "maxHoldTimeMinutes": 600,
      "gapReversalMode": false,
      "gapReversalThreshold": 100,
      "logEnabled": true
    },
    {
      "type": "RuleBasedStrategy",
      "enabled": false,
      "indicators": [
        "RSI_5_70_30"
      ],
      "quantity": 65,
      "target": 10,
      "stopLoss": 20,
      "maxHoldTimeMinutes": 30,
      "logEnabled": true
    },
    {
      "type": "GoodMorningStrategy",
      "enabled": false,
      "quantity": 65,
      "targetPoints": 10,
      "stopLossPoints": 10,
      "logEnabled": true,
      "snapshotTime": "10:00",
      "confirmTime": "10:30",
      "previousClose": 24219,
      "minMovementPoints": 10
    },
    {
      "type": "GoodMorningSensexStrategy",
      "enabled": false,
      "quantity": 200,
      "targetPoints": 30,
      "stopLossPoints": 30,
      "logEnabled": true,
      "snapshotTime": "09:40",
      "confirmTime": "09:45",
      "minMovementPoints": 30
    },
    {
      "type": "SupportResistanceStrategy",
      "enabled": false,
      "supportPrice": 0,
      "resistancePrice": 0,
      "quantity": 1755,
      "targetPoints": 10,
      "stopLossPoints": 15,
      "logEnabled": true
    },
    {
      "type": "TargetReachStrategy",
      "enabled": false,
      "symbol": "NIFTY",
      "strike": 0,
      "expiry": "2026-01-01",
      "optionType": "CE",
      "targetPrice": 0,
      "quantity": 1755,
      "targetPoints": 10,
      "stopLossPoints": 15,
      "logEnabled": true
    }
  ]
}
[20:57:25] [ConfigService.loadConfig] Config Updated: {
  "srHypothesis": {
    "confirmWindowMin": 2,
    "maxJump": 15,
    "maxRangeWidth": 30,
    "buffer": 10,
    "target": 10,
    "stopLoss": 10,
    "breachBuffer": 0,
    "breachConfirmSec": 0,
    "heldMinSec": 407,
    "heldMaxSec": 651,
    "csvOutput": false
  },
  "rocHypothesis": {
    "target": 10,
    "stopLoss": 10,
    "cooldownSec": 60,
    "minWins": 2,
    "windowGridMin": [
      1,
      2,
      3,
      4,
      5,
      7,
      10,
      15
    ],
    "thresholdGrid": [
      5,
      10,
      15,
      20,
      25,
      30,
      40,
      50,
      60,
      75,
      100
    ],
    "csvOutput": false
  },
  "settings": {
    "minPrice": 20,
    "maxPrice": 30000,
    "targetPriceDiff": 2,
    "stopLossPriceDiff": 11,
    "trailingDistance": 4,
    "cooldownSeconds": 0,
    "logQuotes": false,
    "safetyBufferAmount": 5000,
    "consistencyLimitPercent": 40,
    "maxDailyDrawdownPercent": 25,
    "maxMonthlyDrawdownPercent": 50,
    "maxTradesPerDay": 10
  },
  "strategies": [
    {
      "type": "SentimentStrategy",
      "enabled": false,
      "averageThreshold": 20,
      "targetPrice": 2,
      "orderQuantity": 7200,
      "sentiment": "put",
      "loopCount": 1
    },
    {
      "type": "BuySellStrategy",
      "enabled": false,
      "initialQuantity": 150,
      "incrementFactor": "single",
      "incrementQuantity": 150,
      "averageThreshold": 10,
      "targetPrice": 5,
      "stopEnabled": false,
      "activateIntermittentCount": 100,
      "maxIterationCount": 10,
      "logEnabled": false,
      "right": "none"
    },
    {
      "type": "ContinuousStrategy",
      "enabled": false,
      "initialQuantity": 65,
      "slDistance": 10,
      "minPremium": 100,
      "allottedCapital": 200000,
      "spawnQuantityMode": "same",
      "averageQuantityMode": "same",
      "right": "none",
      "cooldownSeconds": 60,
      "refillCancelDistance": 50,
      "logEnabled": true
    },
    {
      "type": "IntermittentStrategy",
      "enabled": false,
      "loopCount": 3,
      "targetPrice": 2,
      "quantity": 75,
      "threshold": 10,
      "logEnabled": false
    },
    {
      "type": "RateOfChangeStrategy",
      "enabled": false,
      "pointsThreshold": 30,
      "accelerationThreshold": 5,
      "numberOfDatapointsReceived": 50,
      "quantity": 65,
      "targetPrice": 2,
      "stopLossPrice": 11,
      "maxHoldTimeMinutes": 30,
      "logEnabled": true
    },
    {
      "type": "GapStrategy",
      "enabled": false,
      "pointsThreshold": 20,
      "numberOfDatapointsReceived": 50,
      "quantity": 65,
      "targetPrice": 10,
      "stopLossPrice": 5,
      "maxHoldTimeMinutes": 600,
      "gapReversalMode": false,
      "gapReversalThreshold": 100,
      "logEnabled": true
    },
    {
      "type": "RuleBasedStrategy",
      "enabled": false,
      "indicators": [
        "RSI_5_70_30"
      ],
      "quantity": 65,
      "target": 10,
      "stopLoss": 20,
      "maxHoldTimeMinutes": 30,
      "logEnabled": true
    },
    {
      "type": "GoodMorningStrategy",
      "enabled": false,
      "quantity": 65,
      "targetPoints": 10,
      "stopLossPoints": 10,
      "logEnabled": true,
      "snapshotTime": "10:00",
      "confirmTime": "10:30",
      "previousClose": 24219,
      "minMovementPoints": 10
    },
    {
      "type": "GoodMorningSensexStrategy",
      "enabled": false,
      "quantity": 200,
      "targetPoints": 30,
      "stopLossPoints": 30,
      "logEnabled": true,
      "snapshotTime": "09:40",
      "confirmTime": "09:45",
      "minMovementPoints": 30
    },
    {
      "type": "SupportResistanceStrategy",
      "enabled": false,
      "supportPrice": 0,
      "resistancePrice": 0,
      "quantity": 1755,
      "targetPoints": 10,
      "stopLossPoints": 15,
      "logEnabled": true
    },
    {
      "type": "TargetReachStrategy",
      "enabled": false,
      "symbol": "NIFTY",
      "strike": 0,
      "expiry": "2026-01-01",
      "optionType": "CE",
      "targetPrice": 0,
      "quantity": 1755,
      "targetPoints": 10,
      "stopLossPoints": 15,
      "logEnabled": true
    }
  ]
}
[20:57:25] [ConfigService.loadConfig] Config Updated: {
  "srHypothesis": {
    "confirmWindowMin": 2,
    "maxJump": 15,
    "maxRangeWidth": 30,
    "buffer": 10,
    "target": 10,
    "stopLoss": 10,
    "breachBuffer": 0,
    "breachConfirmSec": 0,
    "heldMinSec": 407,
    "heldMaxSec": 651,
    "csvOutput": false
  },
  "rocHypothesis": {
    "target": 10,
    "stopLoss": 10,
    "cooldownSec": 60,
    "minWins": 2,
    "windowGridMin": [
      1,
      2,
      3,
      4,
      5,
      7,
      10,
      15
    ],
    "thresholdGrid": [
      5,
      10,
      15,
      20,
      25,
      30,
      40,
      50,
      60,
      75,
      100
    ],
    "csvOutput": false
  },
  "settings": {
    "minPrice": 20,
    "maxPrice": 30000,
    "targetPriceDiff": 2,
    "stopLossPriceDiff": 11,
    "trailingDistance": 4,
    "cooldownSeconds": 0,
    "logQuotes": false,
    "safetyBufferAmount": 5000,
    "consistencyLimitPercent": 40,
    "maxDailyDrawdownPercent": 25,
    "maxMonthlyDrawdownPercent": 50,
    "maxTradesPerDay": 10
  },
  "strategies": [
    {
      "type": "SentimentStrategy",
      "enabled": false,
      "averageThreshold": 20,
      "targetPrice": 2,
      "orderQuantity": 7200,
      "sentiment": "put",
      "loopCount": 1
    },
    {
      "type": "BuySellStrategy",
      "enabled": false,
      "initialQuantity": 150,
      "incrementFactor": "single",
      "incrementQuantity": 150,
      "averageThreshold": 10,
      "targetPrice": 5,
      "stopEnabled": false,
      "activateIntermittentCount": 100,
      "maxIterationCount": 10,
      "logEnabled": false,
      "right": "none"
    },
    {
      "type": "ContinuousStrategy",
      "enabled": false,
      "initialQuantity": 65,
      "slDistance": 10,
      "minPremium": 100,
      "allottedCapital": 200000,
      "spawnQuantityMode": "same",
      "averageQuantityMode": "same",
      "right": "none",
      "cooldownSeconds": 60,
      "refillCancelDistance": 50,
      "logEnabled": true
    },
    {
      "type": "IntermittentStrategy",
      "enabled": false,
      "loopCount": 3,
      "targetPrice": 2,
      "quantity": 75,
      "threshold": 10,
      "logEnabled": false
    },
    {
      "type": "RateOfChangeStrategy",
      "enabled": false,
      "pointsThreshold": 30,
      "accelerationThreshold": 5,
      "numberOfDatapointsReceived": 50,
      "quantity": 65,
      "targetPrice": 2,
      "stopLossPrice": 11,
      "maxHoldTimeMinutes": 30,
      "logEnabled": true
    },
    {
      "type": "GapStrategy",
      "enabled": false,
      "pointsThreshold": 20,
      "numberOfDatapointsReceived": 50,
      "quantity": 65,
      "targetPrice": 10,
      "stopLossPrice": 5,
      "maxHoldTimeMinutes": 600,
      "gapReversalMode": false,
      "gapReversalThreshold": 100,
      "logEnabled": true
    },
    {
      "type": "RuleBasedStrategy",
      "enabled": false,
      "indicators": [
        "RSI_5_70_30"
      ],
      "quantity": 65,
      "target": 10,
      "stopLoss": 20,
      "maxHoldTimeMinutes": 30,
      "logEnabled": true
    },
    {
      "type": "GoodMorningStrategy",
      "enabled": false,
      "quantity": 65,
      "targetPoints": 10,
      "stopLossPoints": 10,
      "logEnabled": true,
      "snapshotTime": "10:00",
      "confirmTime": "10:30",
      "previousClose": 24219,
      "minMovementPoints": 10
    },
    {
      "type": "GoodMorningSensexStrategy",
      "enabled": false,
      "quantity": 200,
      "targetPoints": 30,
      "stopLossPoints": 30,
      "logEnabled": true,
      "snapshotTime": "09:40",
      "confirmTime": "09:45",
      "minMovementPoints": 30
    },
    {
      "type": "SupportResistanceStrategy",
      "enabled": false,
      "supportPrice": 0,
      "resistancePrice": 0,
      "quantity": 1755,
      "targetPoints": 10,
      "stopLossPoints": 15,
      "logEnabled": true
    },
    {
      "type": "TargetReachStrategy",
      "enabled": false,
      "symbol": "NIFTY",
      "strike": 0,
      "expiry": "2026-01-01",
      "optionType": "CE",
      "targetPrice": 0,
      "quantity": 1755,
      "targetPoints": 10,
      "stopLossPoints": 15,
      "logEnabled": true
    }
  ]
}
[20:57:25] [Mongo.init] Mongo is initialized
[20:57:26] [Config._processFile] Dir Name: /home/karthikeyan/work/icici/dist/prism
[20:57:26] [Config._processFile] File Name: /home/karthikeyan/work/icici/dist/prism/config.js
[20:57:26] [Mongo._init] Mongo is initialized
[20:57:26] [AntDataStream.connect] [AntDataStream] Connecting to ANT streaming...
[20:57:26] [ANT.loadSession] ANT session loaded from file
[20:57:26] [AntSession.prepareWsSession] [AntSession] Creating WS session (createWsSess)...
[20:57:26] [ConfigService.loadConfig] Config Updated: {
  "srHypothesis": {
    "confirmWindowMin": 2,
    "maxJump": 15,
    "maxRangeWidth": 30,
    "buffer": 10,
    "target": 10,
    "stopLoss": 10,
    "breachBuffer": 0,
    "breachConfirmSec": 0,
    "heldMinSec": 407,
    "heldMaxSec": 651,
    "csvOutput": false
  },
  "rocHypothesis": {
    "target": 10,
    "stopLoss": 10,
    "cooldownSec": 60,
    "minWins": 2,
    "windowGridMin": [
      1,
      2,
      3,
      4,
      5,
      7,
      10,
      15
    ],
    "thresholdGrid": [
      5,
      10,
      15,
      20,
      25,
      30,
      40,
      50,
      60,
      75,
      100
    ],
    "csvOutput": false
  },
  "settings": {
    "minPrice": 20,
    "maxPrice": 30000,
    "targetPriceDiff": 2,
    "stopLossPriceDiff": 11,
    "trailingDistance": 4,
    "cooldownSeconds": 0,
    "logQuotes": false,
    "safetyBufferAmount": 5000,
    "consistencyLimitPercent": 40,
    "maxDailyDrawdownPercent": 25,
    "maxMonthlyDrawdownPercent": 50,
    "maxTradesPerDay": 10
  },
  "strategies": [
    {
      "type": "SentimentStrategy",
      "enabled": false,
      "averageThreshold": 20,
      "targetPrice": 2,
      "orderQuantity": 7200,
      "sentiment": "put",
      "loopCount": 1
    },
    {
      "type": "BuySellStrategy",
      "enabled": false,
      "initialQuantity": 150,
      "incrementFactor": "single",
      "incrementQuantity": 150,
      "averageThreshold": 10,
      "targetPrice": 5,
      "stopEnabled": false,
      "activateIntermittentCount": 100,
      "maxIterationCount": 10,
      "logEnabled": false,
      "right": "none"
    },
    {
      "type": "ContinuousStrategy",
      "enabled": false,
      "initialQuantity": 65,
      "slDistance": 10,
      "minPremium": 100,
      "allottedCapital": 200000,
      "spawnQuantityMode": "same",
      "averageQuantityMode": "same",
      "right": "none",
      "cooldownSeconds": 60,
      "refillCancelDistance": 50,
      "logEnabled": true
    },
    {
      "type": "IntermittentStrategy",
      "enabled": false,
      "loopCount": 3,
      "targetPrice": 2,
      "quantity": 75,
      "threshold": 10,
      "logEnabled": false
    },
    {
      "type": "RateOfChangeStrategy",
      "enabled": false,
      "pointsThreshold": 30,
      "accelerationThreshold": 5,
      "numberOfDatapointsReceived": 50,
      "quantity": 65,
      "targetPrice": 2,
      "stopLossPrice": 11,
      "maxHoldTimeMinutes": 30,
      "logEnabled": true
    },
    {
      "type": "GapStrategy",
      "enabled": false,
      "pointsThreshold": 20,
      "numberOfDatapointsReceived": 50,
      "quantity": 65,
      "targetPrice": 10,
      "stopLossPrice": 5,
      "maxHoldTimeMinutes": 600,
      "gapReversalMode": false,
      "gapReversalThreshold": 100,
      "logEnabled": true
    },
    {
      "type": "RuleBasedStrategy",
      "enabled": false,
      "indicators": [
        "RSI_5_70_30"
      ],
      "quantity": 65,
      "target": 10,
      "stopLoss": 20,
      "maxHoldTimeMinutes": 30,
      "logEnabled": true
    },
    {
      "type": "GoodMorningStrategy",
      "enabled": false,
      "quantity": 65,
      "targetPoints": 10,
      "stopLossPoints": 10,
      "logEnabled": true,
      "snapshotTime": "10:00",
      "confirmTime": "10:30",
      "previousClose": 24219,
      "minMovementPoints": 10
    },
    {
      "type": "GoodMorningSensexStrategy",
      "enabled": false,
      "quantity": 200,
      "targetPoints": 30,
      "stopLossPoints": 30,
      "logEnabled": true,
      "snapshotTime": "09:40",
      "confirmTime": "09:45",
      "minMovementPoints": 30
    },
    {
      "type": "SupportResistanceStrategy",
      "enabled": false,
      "supportPrice": 0,
      "resistancePrice": 0,
      "quantity": 1755,
      "targetPoints": 10,
      "stopLossPoints": 15,
      "logEnabled": true
    },
    {
      "type": "TargetReachStrategy",
      "enabled": false,
      "symbol": "NIFTY",
      "strike": 0,
      "expiry": "2026-01-01",
      "optionType": "CE",
      "targetPrice": 0,
      "quantity": 1755,
      "targetPoints": 10,
      "stopLossPoints": 15,
      "logEnabled": true
    }
  ]
}
[20:57:26] [NorenRestApi.reloadToken] Restored Shoonya access token from userToken.txt
[20:57:26] [Config._processFile] Dir Name: /home/karthikeyan/work/icici/dist/prism
[20:57:26] [Config._processFile] File Name: /home/karthikeyan/work/icici/dist/prism/config.js
[20:57:26] [NorenRestApi.reloadToken] Restored Shoonya access token from userToken.txt
[20:57:26] [AntSession.prepareWsSession] [AntSession] createWsSess response: {
  "status": "Ok",
  "message": "Success",
  "result": [
    {
      "Status": "OK"
    }
  ]
}
[20:57:26] [AntSession.prepareWsSession] [AntSession] WS session prepared successfully
[20:57:26] [Config._processFile] Dir Name: /home/karthikeyan/work/icici/dist/prism
[20:57:26] [Config._processFile] File Name: /home/karthikeyan/work/icici/dist/prism/config.js
[20:57:26] [Mongo.init] Mongo is initialized
[20:57:26] [Mongo.init] Mongo is initialized
[20:57:26] [ws.onopen] [AntWS] Connected, sending auth payload...
[20:57:26] [AntDataStream.connect] [AntDataStream] Connected and streaming
[20:57:26] [main] [data] Ready - NIFTY/SENSEX always subscribed, streaming to stdout.
[20:57:26] [NorenRestApi.reloadToken] Restored Shoonya access token from userToken.txt
[20:57:26] [Mongo._init] Mongo is initialized
[20:57:26] [ws.onmessage] [AntWS] Connect ack: {
  "t": "ck",
  "s": "OK",
  "uid": "924118_API"
}
[20:57:26] [/home/karthikeyan/work/icici/dist/processes/data/AntDataStream.js:57:27] [AntDataStream] WebSocket open, subscribing to always-on instruments...
[20:57:26] [AntWebSocket.subscribe] [AntWS] Subscribing: NSE|26000#BSE|1
[20:57:26] [expandRuleBasedConfig] [StrategyFactory] Expanded RuleBasedStrategy into 1 instances
[20:57:26] [Strategies.initialize] [] expandedConfigArray:  [
  {
    "type": "SentimentStrategy",
    "enabled": false,
    "averageThreshold": 20,
    "targetPrice": 2,
    "orderQuantity": 7200,
    "sentiment": "put",
    "loopCount": 1
  },
  {
    "type": "BuySellStrategy",
    "enabled": false,
    "initialQuantity": 150,
    "incrementFactor": "single",
    "incrementQuantity": 150,
    "averageThreshold": 10,
    "targetPrice": 5,
    "stopEnabled": false,
    "activateIntermittentCount": 100,
    "maxIterationCount": 10,
    "logEnabled": false,
    "right": "none"
  },
  {
    "type": "ContinuousStrategy",
    "enabled": false,
    "initialQuantity": 65,
    "slDistance": 10,
    "minPremium": 100,
    "allottedCapital": 200000,
    "spawnQuantityMode": "same",
    "averageQuantityMode": "same",
    "right": "none",
    "cooldownSeconds": 60,
    "refillCancelDistance": 50,
    "logEnabled": true
  },
  {
    "type": "IntermittentStrategy",
    "enabled": false,
    "loopCount": 3,
    "targetPrice": 2,
    "quantity": 75,
    "threshold": 10,
    "logEnabled": false
  },
  {
    "type": "RateOfChangeStrategy",
    "enabled": false,
    "pointsThreshold": 30,
    "accelerationThreshold": 5,
    "numberOfDatapointsReceived": 50,
    "quantity": 65,
    "targetPrice": 2,
    "stopLossPrice": 11,
    "maxHoldTimeMinutes": 30,
    "logEnabled": true
  },
  {
    "type": "GapStrategy",
    "enabled": false,
    "pointsThreshold": 20,
    "numberOfDatapointsReceived": 50,
    "quantity": 65,
    "targetPrice": 10,
    "stopLossPrice": 5,
    "maxHoldTimeMinutes": 600,
    "gapReversalMode": false,
    "gapReversalThreshold": 100,
    "logEnabled": true
  },
  {
    "type": "RuleBasedStrategy",
    "enabled": false,
    "indicators": [
      "RSI_5_70_30"
    ],
    "quantity": 65,
    "target": 10,
    "stopLoss": 20,
    "maxHoldTimeMinutes": 30,
    "logEnabled": true,
    "userId": "Rule-RSI_5_70_30"
  },
  {
    "type": "GoodMorningStrategy",
    "enabled": false,
    "quantity": 65,
    "targetPoints": 10,
    "stopLossPoints": 10,
    "logEnabled": true,
    "snapshotTime": "10:00",
    "confirmTime": "10:30",
    "previousClose": 24219,
    "minMovementPoints": 10
  },
  {
    "type": "GoodMorningSensexStrategy",
    "enabled": false,
    "quantity": 200,
    "targetPoints": 30,
    "stopLossPoints": 30,
    "logEnabled": true,
    "snapshotTime": "09:40",
    "confirmTime": "09:45",
    "minMovementPoints": 30
  },
  {
    "type": "SupportResistanceStrategy",
    "enabled": false,
    "supportPrice": 0,
    "resistancePrice": 0,
    "quantity": 1755,
    "targetPoints": 10,
    "stopLossPoints": 15,
    "logEnabled": true
  },
  {
    "type": "TargetReachStrategy",
    "enabled": false,
    "symbol": "NIFTY",
    "strike": 0,
    "expiry": "2026-01-01",
    "optionType": "CE",
    "targetPrice": 0,
    "quantity": 1755,
    "targetPoints": 10,
    "stopLossPoints": 15,
    "logEnabled": true
  }
]
[20:57:26] [expandRuleBasedConfig] [StrategyFactory] Expanded RuleBasedStrategy into 1 instances
[20:57:26] [new RuleBasedStrategy] [RuleBased:Rule-RSI_5_70_30] Initialized with indicators: RSI_5_70_30
[20:57:26] [Mongo._init] Mongo is initialized
[20:57:26] [Strategies.initialize] [Strategies] Initialized 11 strategies: [
  "SentimentStrategy(SentimentStrategy, enabled=false)",
  "BuySellStrategy(BuySellStrategy, enabled=false)",
  "ContinuousStrategy(ContinuousStrategy, enabled=false)",
  "IntermittentStrategy(IntermittentStrategy, enabled=false)",
  "RateOfChangeStrategy(RateOfChangeStrategy, enabled=false)",
  "GapStrategy(GapStrategy, enabled=false)",
  "RuleBasedStrategy(Rule-RSI_5_70_30, enabled=false)",
  "GoodMorningStrategy(GoodMorningStrategy, enabled=false)",
  "GoodMorningSensexStrategy(GoodMorningSensexStrategy, enabled=false)",
  "SupportResistanceStrategy(SupportResistanceStrategy, enabled=false)",
  "TargetReachStrategy(TargetReachStrategy, enabled=false)"
]
[20:57:26] [main] [strategies] Ready - 11 strategies loaded.
[20:57:26] [BuySellStrategy.reconcileOrderState] BuySellStrategy  BuySellStrategy: reconcileOrderState attempt 1/15 failed:  Not connected to order process
[20:57:26] [Server.<anonymous>] [strategies] Listening on /tmp/icici-strategies.sock
[20:57:26] [/home/karthikeyan/work/icici/dist/processes/strategies/OrderClient.js:53:41] [strategies] Failed to parse order-process message:  Error: connect ENOENT /tmp/icici-order.sock
    at PipeConnectWrap.afterConnect [as oncomplete] (node:net:1615:16)
[20:57:26] [Socket.<anonymous>] [strategies] Order socket error: Error: connect ENOENT /tmp/icici-order.sock
    at PipeConnectWrap.afterConnect [as oncomplete] (node:net:1615:16)
[20:57:26] [Socket.<anonymous>] [strategies] Disconnected from order process, retrying in 2s...
[20:57:26] [Config._processFile] lot count: 1
[20:57:26] [Config._processFile] Auto Trade: false
[20:57:26] [Config._processFile] lot count: 1
[20:57:26] [Config._processFile] Auto Trade: false
[20:57:26] [OrderBookkeeping.loadClosedTradesFromMongo] [order] Reloaded 6 closed trade(s) from Mongo for today
[20:57:26] [ANT.loadSession] ANT session loaded from file
[20:57:26] [Server.<anonymous>] [order] Listening on /tmp/icici-order.sock
Fri, 28 Aug 2026 15:27:26 GMT body-parser deprecated bodyParser: use individual json/urlencoded middlewares at dist/server.js:93:35
Fri, 28 Aug 2026 15:27:26 GMT body-parser deprecated undefined extended: provide extended option at node_modules/body-parser/index.js:104:29
[20:57:26] [Mongo.init] Mongo is initialized
[20:57:26] [AntOrderNotifyStream.getWsToken] [AntOrderNotify] createWsToken response: {"status":"Ok","message":"200","result":[{"orderToken":"a1dab534e3e11278f5844327e89f2816e139ef8b6d40ab90772172c1a5f7754d"}]}
[20:57:27] [Mongo._init] Mongo is initialized
[20:57:27] [Server.<anonymous>] [order] Client connected, total: 1
[20:57:27] [Server.<anonymous>] [strategies] Frontend client connected
[20:57:27] [Server.<anonymous>] [frontend] Listening on 3000
[20:57:27] [Config._processFile] lot count: 1
[20:57:27] [Config._processFile] Auto Trade: false
[20:57:27] [Socket.<anonymous>] [strategies] Connected to order process
[20:57:27] [Socket.<anonymous>] [frontend] Connected to strategies process
[20:57:27] [/home/karthikeyan/work/icici/dist/server.js:1452:27] [frontend] nifty tick: {"ltp":24175.65,"ltt":"1787919089","token":"26000","changePercent":0.35,"prevClose":24091.33034379671} clients=0
[20:57:27] [ws.onopen] [AntOrderNotify] Connected, subscribing...
[20:57:28] [BuySellStrategy.reconcileOrderState] BuySellStrategy  BuySellStrategy: reconcileOrderState attempt 2/15 failed:  Not connected to order process
[20:57:28] [Socket.<anonymous>] [strategies] Connected to order process
[20:57:28] [Server.<anonymous>] [order] Client connected, total: 2
[20:57:30] [BuySellStrategy.reconcileOrderState] BuySellStrategy  BuySellStrategy: reconciled - no existing open trade, ordered=false
[20:58:26] [Zerodha.loadSession] Zerodha session loaded from file
[orchestrator] [dev] Restarting strategies (data/order untouched)...
[orchestrator] [boot] Starting strategies...
[orchestrator] [strategies] exited (code=0 signal=null)
[20:58:42] [Socket.<anonymous>] [order] Client disconnected, total: 1
[20:58:42] [Socket.<anonymous>] [frontend] Disconnected from strategies process, retrying in 2s...
[orchestrator] [dev] Restarting order (data/strategies/frontend untouched)...
[20:58:43] [Socket.<anonymous>] [strategies] Disconnected from order process, retrying in 2s...
[orchestrator] [order] exited (code=0 signal=null)
[20:58:43] [ConfigService.loadConfig] Config Updated: {
  "srHypothesis": {
    "confirmWindowMin": 2,
    "maxJump": 15,
    "maxRangeWidth": 30,
    "buffer": 10,
    "target": 10,
    "stopLoss": 10,
    "breachBuffer": 0,
    "breachConfirmSec": 0,
    "heldMinSec": 407,
    "heldMaxSec": 651,
    "csvOutput": false
  },
  "rocHypothesis": {
    "target": 10,
    "stopLoss": 10,
    "cooldownSec": 60,
    "minWins": 2,
    "windowGridMin": [
      1,
      2,
      3,
      4,
      5,
      7,
      10,
      15
    ],
    "thresholdGrid": [
      5,
      10,
      15,
      20,
      25,
      30,
      40,
      50,
      60,
      75,
      100
    ],
    "csvOutput": false
  },
  "settings": {
    "minPrice": 20,
    "maxPrice": 30000,
    "targetPriceDiff": 2,
    "stopLossPriceDiff": 11,
    "trailingDistance": 4,
    "cooldownSeconds": 0,
    "logQuotes": false,
    "safetyBufferAmount": 5000,
    "consistencyLimitPercent": 40,
    "maxDailyDrawdownPercent": 25,
    "maxMonthlyDrawdownPercent": 50,
    "maxTradesPerDay": 10
  },
  "strategies": [
    {
      "type": "SentimentStrategy",
      "enabled": false,
      "averageThreshold": 20,
      "targetPrice": 2,
      "orderQuantity": 7200,
      "sentiment": "put",
      "loopCount": 1
    },
    {
      "type": "BuySellStrategy",
      "enabled": false,
      "initialQuantity": 150,
      "incrementFactor": "single",
      "incrementQuantity": 150,
      "averageThreshold": 10,
      "targetPrice": 5,
      "stopEnabled": false,
      "activateIntermittentCount": 100,
      "maxIterationCount": 10,
      "logEnabled": false,
      "right": "none"
    },
    {
      "type": "ContinuousStrategy",
      "enabled": false,
      "initialQuantity": 65,
      "slDistance": 10,
      "minPremium": 100,
      "allottedCapital": 200000,
      "spawnQuantityMode": "same",
      "averageQuantityMode": "same",
      "right": "none",
      "cooldownSeconds": 60,
      "refillCancelDistance": 50,
      "logEnabled": true
    },
    {
      "type": "IntermittentStrategy",
      "enabled": false,
      "loopCount": 3,
      "targetPrice": 2,
      "quantity": 75,
      "threshold": 10,
      "logEnabled": false
    },
    {
      "type": "RateOfChangeStrategy",
      "enabled": false,
      "pointsThreshold": 30,
      "accelerationThreshold": 5,
      "numberOfDatapointsReceived": 50,
      "quantity": 65,
      "targetPrice": 2,
      "stopLossPrice": 11,
      "maxHoldTimeMinutes": 30,
      "logEnabled": true
    },
    {
      "type": "GapStrategy",
      "enabled": false,
      "pointsThreshold": 20,
      "numberOfDatapointsReceived": 50,
      "quantity": 65,
      "targetPrice": 10,
      "stopLossPrice": 5,
      "maxHoldTimeMinutes": 600,
      "gapReversalMode": false,
      "gapReversalThreshold": 100,
      "logEnabled": true
    },
    {
      "type": "RuleBasedStrategy",
      "enabled": false,
      "indicators": [
        "RSI_5_70_30"
      ],
      "quantity": 65,
      "target": 10,
      "stopLoss": 20,
      "maxHoldTimeMinutes": 30,
      "logEnabled": true
    },
    {
      "type": "GoodMorningStrategy",
      "enabled": false,
      "quantity": 65,
      "targetPoints": 10,
      "stopLossPoints": 10,
      "logEnabled": true,
      "snapshotTime": "10:00",
      "confirmTime": "10:30",
      "previousClose": 24219,
      "minMovementPoints": 10
    },
    {
      "type": "GoodMorningSensexStrategy",
      "enabled": false,
      "quantity": 200,
      "targetPoints": 30,
      "stopLossPoints": 30,
      "logEnabled": true,
      "snapshotTime": "09:40",
      "confirmTime": "09:45",
      "minMovementPoints": 30
    },
    {
      "type": "SupportResistanceStrategy",
      "enabled": false,
      "supportPrice": 0,
      "resistancePrice": 0,
      "quantity": 1755,
      "targetPoints": 10,
      "stopLossPoints": 15,
      "logEnabled": true
    },
    {
      "type": "TargetReachStrategy",
      "enabled": false,
      "symbol": "NIFTY",
      "strike": 0,
      "expiry": "2026-01-01",
      "optionType": "CE",
      "targetPrice": 0,
      "quantity": 1755,
      "targetPoints": 10,
      "stopLossPoints": 15,
      "logEnabled": true
    }
  ]
}
[20:58:43] [Config._processFile] Dir Name: /home/karthikeyan/work/icici/dist/prism
[20:58:43] [Config._processFile] File Name: /home/karthikeyan/work/icici/dist/prism/config.js
[20:58:43] [ConfigService.loadConfig] Config Updated: {
  "srHypothesis": {
    "confirmWindowMin": 2,
    "maxJump": 15,
    "maxRangeWidth": 30,
    "buffer": 10,
    "target": 10,
    "stopLoss": 10,
    "breachBuffer": 0,
    "breachConfirmSec": 0,
    "heldMinSec": 407,
    "heldMaxSec": 651,
    "csvOutput": false
  },
  "rocHypothesis": {
    "target": 10,
    "stopLoss": 10,
    "cooldownSec": 60,
    "minWins": 2,
    "windowGridMin": [
      1,
      2,
      3,
      4,
      5,
      7,
      10,
      15
    ],
    "thresholdGrid": [
      5,
      10,
      15,
      20,
      25,
      30,
      40,
      50,
      60,
      75,
      100
    ],
    "csvOutput": false
  },
  "settings": {
    "minPrice": 20,
    "maxPrice": 30000,
    "targetPriceDiff": 2,
    "stopLossPriceDiff": 11,
    "trailingDistance": 4,
    "cooldownSeconds": 0,
    "logQuotes": false,
    "safetyBufferAmount": 5000,
    "consistencyLimitPercent": 40,
    "maxDailyDrawdownPercent": 25,
    "maxMonthlyDrawdownPercent": 50,
    "maxTradesPerDay": 10
  },
  "strategies": [
    {
      "type": "SentimentStrategy",
      "enabled": false,
      "averageThreshold": 20,
      "targetPrice": 2,
      "orderQuantity": 7200,
      "sentiment": "put",
      "loopCount": 1
    },
    {
      "type": "BuySellStrategy",
      "enabled": false,
      "initialQuantity": 150,
      "incrementFactor": "single",
      "incrementQuantity": 150,
      "averageThreshold": 10,
      "targetPrice": 5,
      "stopEnabled": false,
      "activateIntermittentCount": 100,
      "maxIterationCount": 10,
      "logEnabled": false,
      "right": "none"
    },
    {
      "type": "ContinuousStrategy",
      "enabled": false,
      "initialQuantity": 65,
      "slDistance": 10,
      "minPremium": 100,
      "allottedCapital": 200000,
      "spawnQuantityMode": "same",
      "averageQuantityMode": "same",
      "right": "none",
      "cooldownSeconds": 60,
      "refillCancelDistance": 50,
      "logEnabled": true
    },
    {
      "type": "IntermittentStrategy",
      "enabled": false,
      "loopCount": 3,
      "targetPrice": 2,
      "quantity": 75,
      "threshold": 10,
      "logEnabled": false
    },
    {
      "type": "RateOfChangeStrategy",
      "enabled": false,
      "pointsThreshold": 30,
      "accelerationThreshold": 5,
      "numberOfDatapointsReceived": 50,
      "quantity": 65,
      "targetPrice": 2,
      "stopLossPrice": 11,
      "maxHoldTimeMinutes": 30,
      "logEnabled": true
    },
    {
      "type": "GapStrategy",
      "enabled": false,
      "pointsThreshold": 20,
      "numberOfDatapointsReceived": 50,
      "quantity": 65,
      "targetPrice": 10,
      "stopLossPrice": 5,
      "maxHoldTimeMinutes": 600,
      "gapReversalMode": false,
      "gapReversalThreshold": 100,
      "logEnabled": true
    },
    {
      "type": "RuleBasedStrategy",
      "enabled": false,
      "indicators": [
        "RSI_5_70_30"
      ],
      "quantity": 65,
      "target": 10,
      "stopLoss": 20,
      "maxHoldTimeMinutes": 30,
      "logEnabled": true
    },
    {
      "type": "GoodMorningStrategy",
      "enabled": false,
      "quantity": 65,
      "targetPoints": 10,
      "stopLossPoints": 10,
      "logEnabled": true,
      "snapshotTime": "10:00",
      "confirmTime": "10:30",
      "previousClose": 24219,
      "minMovementPoints": 10
    },
    {
      "type": "GoodMorningSensexStrategy",
      "enabled": false,
      "quantity": 200,
      "targetPoints": 30,
      "stopLossPoints": 30,
      "logEnabled": true,
      "snapshotTime": "09:40",
      "confirmTime": "09:45",
      "minMovementPoints": 30
    },
    {
      "type": "SupportResistanceStrategy",
      "enabled": false,
      "supportPrice": 0,
      "resistancePrice": 0,
      "quantity": 1755,
      "targetPoints": 10,
      "stopLossPoints": 15,
      "logEnabled": true
    },
    {
      "type": "TargetReachStrategy",
      "enabled": false,
      "symbol": "NIFTY",
      "strike": 0,
      "expiry": "2026-01-01",
      "optionType": "CE",
      "targetPrice": 0,
      "quantity": 1755,
      "targetPoints": 10,
      "stopLossPoints": 15,
      "logEnabled": true
    }
  ]
}
[20:58:43] [NorenRestApi.reloadToken] Restored Shoonya access token from userToken.txt
[20:58:43] [Config._processFile] Dir Name: /home/karthikeyan/work/icici/dist/prism
[20:58:43] [Config._processFile] File Name: /home/karthikeyan/work/icici/dist/prism/config.js
[orchestrator] [dev] Restarting frontend (data/order/strategies untouched)...
[20:58:43] [NorenRestApi.reloadToken] Restored Shoonya access token from userToken.txt
[orchestrator] [frontend] exited (code=0 signal=null)
[orchestrator] [dev] Restarting data (order/strategies/frontend untouched)...
[orchestrator] [data] exited (code=0 signal=null)
[orchestrator] [dev] Restarting order (data/strategies/frontend untouched)...
[orchestrator] [order] exited (code=null signal=SIGTERM)
[orchestrator] [dev] Restarting strategies (data/order untouched)...
[orchestrator] [boot] Starting strategies...
[orchestrator] [strategies] exited (code=null signal=SIGTERM)
[20:58:44] [ConfigService.loadConfig] Config Updated: {
  "srHypothesis": {
    "confirmWindowMin": 2,
    "maxJump": 15,
    "maxRangeWidth": 30,
    "buffer": 10,
    "target": 10,
    "stopLoss": 10,
    "breachBuffer": 0,
    "breachConfirmSec": 0,
    "heldMinSec": 407,
    "heldMaxSec": 651,
    "csvOutput": false
  },
  "rocHypothesis": {
    "target": 10,
    "stopLoss": 10,
    "cooldownSec": 60,
    "minWins": 2,
    "windowGridMin": [
      1,
      2,
      3,
      4,
      5,
      7,
      10,
      15
    ],
    "thresholdGrid": [
      5,
      10,
      15,
      20,
      25,
      30,
      40,
      50,
      60,
      75,
      100
    ],
    "csvOutput": false
  },
  "settings": {
    "minPrice": 20,
    "maxPrice": 30000,
    "targetPriceDiff": 2,
    "stopLossPriceDiff": 11,
    "trailingDistance": 4,
    "cooldownSeconds": 0,
    "logQuotes": false,
    "safetyBufferAmount": 5000,
    "consistencyLimitPercent": 40,
    "maxDailyDrawdownPercent": 25,
    "maxMonthlyDrawdownPercent": 50,
    "maxTradesPerDay": 10
  },
  "strategies": [
    {
      "type": "SentimentStrategy",
      "enabled": false,
      "averageThreshold": 20,
      "targetPrice": 2,
      "orderQuantity": 7200,
      "sentiment": "put",
      "loopCount": 1
    },
    {
      "type": "BuySellStrategy",
      "enabled": false,
      "initialQuantity": 150,
      "incrementFactor": "single",
      "incrementQuantity": 150,
      "averageThreshold": 10,
      "targetPrice": 5,
      "stopEnabled": false,
      "activateIntermittentCount": 100,
      "maxIterationCount": 10,
      "logEnabled": false,
      "right": "none"
    },
    {
      "type": "ContinuousStrategy",
      "enabled": false,
      "initialQuantity": 65,
      "slDistance": 10,
      "minPremium": 100,
      "allottedCapital": 200000,
      "spawnQuantityMode": "same",
      "averageQuantityMode": "same",
      "right": "none",
      "cooldownSeconds": 60,
      "refillCancelDistance": 50,
      "logEnabled": true
    },
    {
      "type": "IntermittentStrategy",
      "enabled": false,
      "loopCount": 3,
      "targetPrice": 2,
      "quantity": 75,
      "threshold": 10,
      "logEnabled": false
    },
    {
      "type": "RateOfChangeStrategy",
      "enabled": false,
      "pointsThreshold": 30,
      "accelerationThreshold": 5,
      "numberOfDatapointsReceived": 50,
      "quantity": 65,
      "targetPrice": 2,
      "stopLossPrice": 11,
      "maxHoldTimeMinutes": 30,
      "logEnabled": true
    },
    {
      "type": "GapStrategy",
      "enabled": false,
      "pointsThreshold": 20,
      "numberOfDatapointsReceived": 50,
      "quantity": 65,
      "targetPrice": 10,
      "stopLossPrice": 5,
      "maxHoldTimeMinutes": 600,
      "gapReversalMode": false,
      "gapReversalThreshold": 100,
      "logEnabled": true
    },
    {
      "type": "RuleBasedStrategy",
      "enabled": false,
      "indicators": [
        "RSI_5_70_30"
      ],
      "quantity": 65,
      "target": 10,
      "stopLoss": 20,
      "maxHoldTimeMinutes": 30,
      "logEnabled": true
    },
    {
      "type": "GoodMorningStrategy",
      "enabled": false,
      "quantity": 65,
      "targetPoints": 10,
      "stopLossPoints": 10,
      "logEnabled": true,
      "snapshotTime": "10:00",
      "confirmTime": "10:30",
      "previousClose": 24219,
      "minMovementPoints": 10
    },
    {
      "type": "GoodMorningSensexStrategy",
      "enabled": false,
      "quantity": 200,
      "targetPoints": 30,
      "stopLossPoints": 30,
      "logEnabled": true,
      "snapshotTime": "09:40",
      "confirmTime": "09:45",
      "minMovementPoints": 30
    },
    {
      "type": "SupportResistanceStrategy",
      "enabled": false,
      "supportPrice": 0,
      "resistancePrice": 0,
      "quantity": 1755,
      "targetPoints": 10,
      "stopLossPoints": 15,
      "logEnabled": true
    },
    {
      "type": "TargetReachStrategy",
      "enabled": false,
      "symbol": "NIFTY",
      "strike": 0,
      "expiry": "2026-01-01",
      "optionType": "CE",
      "targetPrice": 0,
      "quantity": 1755,
      "targetPoints": 10,
      "stopLossPoints": 15,
      "logEnabled": true
    }
  ]
}
[20:58:45] [ConfigService.loadConfig] Config Updated: {
  "srHypothesis": {
    "confirmWindowMin": 2,
    "maxJump": 15,
    "maxRangeWidth": 30,
    "buffer": 10,
    "target": 10,
    "stopLoss": 10,
    "breachBuffer": 0,
    "breachConfirmSec": 0,
    "heldMinSec": 407,
    "heldMaxSec": 651,
    "csvOutput": false
  },
  "rocHypothesis": {
    "target": 10,
    "stopLoss": 10,
    "cooldownSec": 60,
    "minWins": 2,
    "windowGridMin": [
      1,
      2,
      3,
      4,
      5,
      7,
      10,
      15
    ],
    "thresholdGrid": [
      5,
      10,
      15,
      20,
      25,
      30,
      40,
      50,
      60,
      75,
      100
    ],
    "csvOutput": false
  },
  "settings": {
    "minPrice": 20,
    "maxPrice": 30000,
    "targetPriceDiff": 2,
    "stopLossPriceDiff": 11,
    "trailingDistance": 4,
    "cooldownSeconds": 0,
    "logQuotes": false,
    "safetyBufferAmount": 5000,
    "consistencyLimitPercent": 40,
    "maxDailyDrawdownPercent": 25,
    "maxMonthlyDrawdownPercent": 50,
    "maxTradesPerDay": 10
  },
  "strategies": [
    {
      "type": "SentimentStrategy",
      "enabled": false,
      "averageThreshold": 20,
      "targetPrice": 2,
      "orderQuantity": 7200,
      "sentiment": "put",
      "loopCount": 1
    },
    {
      "type": "BuySellStrategy",
      "enabled": false,
      "initialQuantity": 150,
      "incrementFactor": "single",
      "incrementQuantity": 150,
      "averageThreshold": 10,
      "targetPrice": 5,
      "stopEnabled": false,
      "activateIntermittentCount": 100,
      "maxIterationCount": 10,
      "logEnabled": false,
      "right": "none"
    },
    {
      "type": "ContinuousStrategy",
      "enabled": false,
      "initialQuantity": 65,
      "slDistance": 10,
      "minPremium": 100,
      "allottedCapital": 200000,
      "spawnQuantityMode": "same",
      "averageQuantityMode": "same",
      "right": "none",
      "cooldownSeconds": 60,
      "refillCancelDistance": 50,
      "logEnabled": true
    },
    {
      "type": "IntermittentStrategy",
      "enabled": false,
      "loopCount": 3,
      "targetPrice": 2,
      "quantity": 75,
      "threshold": 10,
      "logEnabled": false
    },
    {
      "type": "RateOfChangeStrategy",
      "enabled": false,
      "pointsThreshold": 30,
      "accelerationThreshold": 5,
      "numberOfDatapointsReceived": 50,
      "quantity": 65,
      "targetPrice": 2,
      "stopLossPrice": 11,
      "maxHoldTimeMinutes": 30,
      "logEnabled": true
    },
    {
      "type": "GapStrategy",
      "enabled": false,
      "pointsThreshold": 20,
      "numberOfDatapointsReceived": 50,
      "quantity": 65,
      "targetPrice": 10,
      "stopLossPrice": 5,
      "maxHoldTimeMinutes": 600,
      "gapReversalMode": false,
      "gapReversalThreshold": 100,
      "logEnabled": true
    },
    {
      "type": "RuleBasedStrategy",
      "enabled": false,
      "indicators": [
        "RSI_5_70_30"
      ],
      "quantity": 65,
      "target": 10,
      "stopLoss": 20,
      "maxHoldTimeMinutes": 30,
      "logEnabled": true
    },
    {
      "type": "GoodMorningStrategy",
      "enabled": false,
      "quantity": 65,
      "targetPoints": 10,
      "stopLossPoints": 10,
      "logEnabled": true,
      "snapshotTime": "10:00",
      "confirmTime": "10:30",
      "previousClose": 24219,
      "minMovementPoints": 10
    },
    {
      "type": "GoodMorningSensexStrategy",
      "enabled": false,
      "quantity": 200,
      "targetPoints": 30,
      "stopLossPoints": 30,
      "logEnabled": true,
      "snapshotTime": "09:40",
      "confirmTime": "09:45",
      "minMovementPoints": 30
    },
    {
      "type": "SupportResistanceStrategy",
      "enabled": false,
      "supportPrice": 0,
      "resistancePrice": 0,
      "quantity": 1755,
      "targetPoints": 10,
      "stopLossPoints": 15,
      "logEnabled": true
    },
    {
      "type": "TargetReachStrategy",
      "enabled": false,
      "symbol": "NIFTY",
      "strike": 0,
      "expiry": "2026-01-01",
      "optionType": "CE",
      "targetPrice": 0,
      "quantity": 1755,
      "targetPoints": 10,
      "stopLossPoints": 15,
      "logEnabled": true
    }
  ]
}
[20:58:45] [Config._processFile] Dir Name: /home/karthikeyan/work/icici/dist/prism
[20:58:45] [Config._processFile] File Name: /home/karthikeyan/work/icici/dist/prism/config.js
[20:58:45] [NorenRestApi.reloadToken] Restored Shoonya access token from userToken.txt
[20:58:46] [ConfigService.loadConfig] Config Updated: {
  "srHypothesis": {
    "confirmWindowMin": 2,
    "maxJump": 15,
    "maxRangeWidth": 30,
    "buffer": 10,
    "target": 10,
    "stopLoss": 10,
    "breachBuffer": 0,
    "breachConfirmSec": 0,
    "heldMinSec": 407,
    "heldMaxSec": 651,
    "csvOutput": false
  },
  "rocHypothesis": {
    "target": 10,
    "stopLoss": 10,
    "cooldownSec": 60,
    "minWins": 2,
    "windowGridMin": [
      1,
      2,
      3,
      4,
      5,
      7,
      10,
      15
    ],
    "thresholdGrid": [
      5,
      10,
      15,
      20,
      25,
      30,
      40,
      50,
      60,
      75,
      100
    ],
    "csvOutput": false
  },
  "settings": {
    "minPrice": 20,
    "maxPrice": 30000,
    "targetPriceDiff": 2,
    "stopLossPriceDiff": 11,
    "trailingDistance": 4,
    "cooldownSeconds": 0,
    "logQuotes": false,
    "safetyBufferAmount": 5000,
    "consistencyLimitPercent": 40,
    "maxDailyDrawdownPercent": 25,
    "maxMonthlyDrawdownPercent": 50,
    "maxTradesPerDay": 10
  },
  "strategies": [
    {
      "type": "SentimentStrategy",
      "enabled": false,
      "averageThreshold": 20,
      "targetPrice": 2,
      "orderQuantity": 7200,
      "sentiment": "put",
      "loopCount": 1
    },
    {
      "type": "BuySellStrategy",
      "enabled": false,
      "initialQuantity": 150,
      "incrementFactor": "single",
      "incrementQuantity": 150,
      "averageThreshold": 10,
      "targetPrice": 5,
      "stopEnabled": false,
      "activateIntermittentCount": 100,
      "maxIterationCount": 10,
      "logEnabled": false,
      "right": "none"
    },
    {
      "type": "ContinuousStrategy",
      "enabled": false,
      "initialQuantity": 65,
      "slDistance": 10,
      "minPremium": 100,
      "allottedCapital": 200000,
      "spawnQuantityMode": "same",
      "averageQuantityMode": "same",
      "right": "none",
      "cooldownSeconds": 60,
      "refillCancelDistance": 50,
      "logEnabled": true
    },
    {
      "type": "IntermittentStrategy",
      "enabled": false,
      "loopCount": 3,
      "targetPrice": 2,
      "quantity": 75,
      "threshold": 10,
      "logEnabled": false
    },
    {
      "type": "RateOfChangeStrategy",
      "enabled": false,
      "pointsThreshold": 30,
      "accelerationThreshold": 5,
      "numberOfDatapointsReceived": 50,
      "quantity": 65,
      "targetPrice": 2,
      "stopLossPrice": 11,
      "maxHoldTimeMinutes": 30,
      "logEnabled": true
    },
    {
      "type": "GapStrategy",
      "enabled": false,
      "pointsThreshold": 20,
      "numberOfDatapointsReceived": 50,
      "quantity": 65,
      "targetPrice": 10,
      "stopLossPrice": 5,
      "maxHoldTimeMinutes": 600,
      "gapReversalMode": false,
      "gapReversalThreshold": 100,
      "logEnabled": true
    },
    {
      "type": "RuleBasedStrategy",
      "enabled": false,
      "indicators": [
        "RSI_5_70_30"
      ],
      "quantity": 65,
      "target": 10,
      "stopLoss": 20,
      "maxHoldTimeMinutes": 30,
      "logEnabled": true
    },
    {
      "type": "GoodMorningStrategy",
      "enabled": false,
      "quantity": 65,
      "targetPoints": 10,
      "stopLossPoints": 10,
      "logEnabled": true,
      "snapshotTime": "10:00",
      "confirmTime": "10:30",
      "previousClose": 24219,
      "minMovementPoints": 10
    },
    {
      "type": "GoodMorningSensexStrategy",
      "enabled": false,
      "quantity": 200,
      "targetPoints": 30,
      "stopLossPoints": 30,
      "logEnabled": true,
      "snapshotTime": "09:40",
      "confirmTime": "09:45",
      "minMovementPoints": 30
    },
    {
      "type": "SupportResistanceStrategy",
      "enabled": false,
      "supportPrice": 0,
      "resistancePrice": 0,
      "quantity": 1755,
      "targetPoints": 10,
      "stopLossPoints": 15,
      "logEnabled": true
    },
    {
      "type": "TargetReachStrategy",
      "enabled": false,
      "symbol": "NIFTY",
      "strike": 0,
      "expiry": "2026-01-01",
      "optionType": "CE",
      "targetPrice": 0,
      "quantity": 1755,
      "targetPoints": 10,
      "stopLossPoints": 15,
      "logEnabled": true
    }
  ]
}
[20:58:46] [Config._processFile] Dir Name: /home/karthikeyan/work/icici/dist/prism
[20:58:46] [Config._processFile] File Name: /home/karthikeyan/work/icici/dist/prism/config.js
[20:58:46] [Mongo.init] Mongo is initialized
[20:58:46] [ConfigService.loadConfig] Config Updated: {
  "srHypothesis": {
    "confirmWindowMin": 2,
    "maxJump": 15,
    "maxRangeWidth": 30,
    "buffer": 10,
    "target": 10,
    "stopLoss": 10,
    "breachBuffer": 0,
    "breachConfirmSec": 0,
    "heldMinSec": 407,
    "heldMaxSec": 651,
    "csvOutput": false
  },
  "rocHypothesis": {
    "target": 10,
    "stopLoss": 10,
    "cooldownSec": 60,
    "minWins": 2,
    "windowGridMin": [
      1,
      2,
      3,
      4,
      5,
      7,
      10,
      15
    ],
    "thresholdGrid": [
      5,
      10,
      15,
      20,
      25,
      30,
      40,
      50,
      60,
      75,
      100
    ],
    "csvOutput": false
  },
  "settings": {
    "minPrice": 20,
    "maxPrice": 30000,
    "targetPriceDiff": 2,
    "stopLossPriceDiff": 11,
    "trailingDistance": 4,
    "cooldownSeconds": 0,
    "logQuotes": false,
    "safetyBufferAmount": 5000,
    "consistencyLimitPercent": 40,
    "maxDailyDrawdownPercent": 25,
    "maxMonthlyDrawdownPercent": 50,
    "maxTradesPerDay": 10
  },
  "strategies": [
    {
      "type": "SentimentStrategy",
      "enabled": false,
      "averageThreshold": 20,
      "targetPrice": 2,
      "orderQuantity": 7200,
      "sentiment": "put",
      "loopCount": 1
    },
    {
      "type": "BuySellStrategy",
      "enabled": false,
      "initialQuantity": 150,
      "incrementFactor": "single",
      "incrementQuantity": 150,
      "averageThreshold": 10,
      "targetPrice": 5,
      "stopEnabled": false,
      "activateIntermittentCount": 100,
      "maxIterationCount": 10,
      "logEnabled": false,
      "right": "none"
    },
    {
      "type": "ContinuousStrategy",
      "enabled": false,
      "initialQuantity": 65,
      "slDistance": 10,
      "minPremium": 100,
      "allottedCapital": 200000,
      "spawnQuantityMode": "same",
      "averageQuantityMode": "same",
      "right": "none",
      "cooldownSeconds": 60,
      "refillCancelDistance": 50,
      "logEnabled": true
    },
    {
      "type": "IntermittentStrategy",
      "enabled": false,
      "loopCount": 3,
      "targetPrice": 2,
      "quantity": 75,
      "threshold": 10,
      "logEnabled": false
    },
    {
      "type": "RateOfChangeStrategy",
      "enabled": false,
      "pointsThreshold": 30,
      "accelerationThreshold": 5,
      "numberOfDatapointsReceived": 50,
      "quantity": 65,
      "targetPrice": 2,
      "stopLossPrice": 11,
      "maxHoldTimeMinutes": 30,
      "logEnabled": true
    },
    {
      "type": "GapStrategy",
      "enabled": false,
      "pointsThreshold": 20,
      "numberOfDatapointsReceived": 50,
      "quantity": 65,
      "targetPrice": 10,
      "stopLossPrice": 5,
      "maxHoldTimeMinutes": 600,
      "gapReversalMode": false,
      "gapReversalThreshold": 100,
      "logEnabled": true
    },
    {
      "type": "RuleBasedStrategy",
      "enabled": false,
      "indicators": [
        "RSI_5_70_30"
      ],
      "quantity": 65,
      "target": 10,
      "stopLoss": 20,
      "maxHoldTimeMinutes": 30,
      "logEnabled": true
    },
    {
      "type": "GoodMorningStrategy",
      "enabled": false,
      "quantity": 65,
      "targetPoints": 10,
      "stopLossPoints": 10,
      "logEnabled": true,
      "snapshotTime": "10:00",
      "confirmTime": "10:30",
      "previousClose": 24219,
      "minMovementPoints": 10
    },
    {
      "type": "GoodMorningSensexStrategy",
      "enabled": false,
      "quantity": 200,
      "targetPoints": 30,
      "stopLossPoints": 30,
      "logEnabled": true,
      "snapshotTime": "09:40",
      "confirmTime": "09:45",
      "minMovementPoints": 30
    },
    {
      "type": "SupportResistanceStrategy",
      "enabled": false,
      "supportPrice": 0,
      "resistancePrice": 0,
      "quantity": 1755,
      "targetPoints": 10,
      "stopLossPoints": 15,
      "logEnabled": true
    },
    {
      "type": "TargetReachStrategy",
      "enabled": false,
      "symbol": "NIFTY",
      "strike": 0,
      "expiry": "2026-01-01",
      "optionType": "CE",
      "targetPrice": 0,
      "quantity": 1755,
      "targetPoints": 10,
      "stopLossPoints": 15,
      "logEnabled": true
    }
  ]
}
[20:58:46] [NorenRestApi.reloadToken] Restored Shoonya access token from userToken.txt
[20:58:46] [Mongo._init] Mongo is initialized
[20:58:46] [AntDataStream.connect] [AntDataStream] Connecting to ANT streaming...
[20:58:46] [ANT.loadSession] ANT session loaded from file
[20:58:46] [AntSession.prepareWsSession] [AntSession] Creating WS session (createWsSess)...
[20:58:46] [Mongo.init] Mongo is initialized
[20:58:46] [Config._processFile] Dir Name: /home/karthikeyan/work/icici/dist/prism
[20:58:46] [Config._processFile] File Name: /home/karthikeyan/work/icici/dist/prism/config.js
[20:58:46] [Mongo._init] Mongo is initialized
[20:58:46] [Config._processFile] lot count: 1
[20:58:46] [Config._processFile] Auto Trade: false
[20:58:46] [NorenRestApi.reloadToken] Restored Shoonya access token from userToken.txt
[20:58:46] [OrderBookkeeping.loadClosedTradesFromMongo] [order] Reloaded 6 closed trade(s) from Mongo for today
[20:58:46] [ANT.loadSession] ANT session loaded from file
Fri, 28 Aug 2026 15:28:46 GMT body-parser deprecated bodyParser: use individual json/urlencoded middlewares at dist/server.js:93:35
Fri, 28 Aug 2026 15:28:46 GMT body-parser deprecated undefined extended: provide extended option at node_modules/body-parser/index.js:104:29
[20:58:46] [Server.<anonymous>] [order] Listening on /tmp/icici-order.sock
[20:58:46] [Mongo.init] Mongo is initialized
[20:58:46] [AntSession.prepareWsSession] [AntSession] createWsSess response: {
  "status": "Ok",
  "message": "Success",
  "result": [
    {
      "Status": "OK"
    }
  ]
}
[20:58:46] [AntSession.prepareWsSession] [AntSession] WS session prepared successfully
[20:58:46] [AntOrderNotifyStream.getWsToken] [AntOrderNotify] createWsToken response: {"status":"Ok","message":"200","result":[{"orderToken":"a1dab534e3e11278f5844327e89f2816e139ef8b6d40ab90772172c1a5f7754d"}]}
[20:58:46] [Mongo._init] Mongo is initialized
[20:58:46] [Server.<anonymous>] [frontend] Listening on 3000
[20:58:46] [Server.<anonymous>] [order] Client connected, total: 1
[20:58:46] [/home/karthikeyan/work/icici/dist/ipc/StrategiesClient.js:35:41] [frontend] Failed to parse strategies-process message:  Error: connect ENOENT /tmp/icici-strategies.sock
    at PipeConnectWrap.afterConnect [as oncomplete] (node:net:1615:16)
[20:58:46] [Socket.<anonymous>] [frontend] Strategies socket error: Error: connect ENOENT /tmp/icici-strategies.sock
    at PipeConnectWrap.afterConnect [as oncomplete] (node:net:1615:16)
[20:58:46] [Socket.<anonymous>] [frontend] Disconnected from strategies process, retrying in 2s...
[20:58:46] [Config._processFile] lot count: 1
[20:58:46] [Config._processFile] Auto Trade: false
[20:58:46] [Socket.<anonymous>] [strategies] Connected to order process
[20:58:46] [Mongo.init] Mongo is initialized
[20:58:46] [ws.onopen] [AntWS] Connected, sending auth payload...
[20:58:46] [AntDataStream.connect] [AntDataStream] Connected and streaming
[20:58:46] [main] [data] Ready - NIFTY/SENSEX always subscribed, streaming to stdout.
[20:58:46] [Mongo._init] Mongo is initialized
[20:58:46] [Server.<anonymous>] [order] Client connected, total: 2
[20:58:46] [expandRuleBasedConfig] [StrategyFactory] Expanded RuleBasedStrategy into 1 instances
[20:58:46] [ws.onmessage] [AntWS] Connect ack: {
  "t": "ck",
  "s": "OK",
  "uid": "924118_API"
}
[20:58:46] [Strategies.initialize] [] expandedConfigArray:  [
  {
    "type": "SentimentStrategy",
    "enabled": false,
    "averageThreshold": 20,
    "targetPrice": 2,
    "orderQuantity": 7200,
    "sentiment": "put",
    "loopCount": 1
  },
  {
    "type": "BuySellStrategy",
    "enabled": false,
    "initialQuantity": 150,
    "incrementFactor": "single",
    "incrementQuantity": 150,
    "averageThreshold": 10,
    "targetPrice": 5,
    "stopEnabled": false,
    "activateIntermittentCount": 100,
    "maxIterationCount": 10,
    "logEnabled": false,
    "right": "none"
  },
  {
    "type": "ContinuousStrategy",
    "enabled": false,
    "initialQuantity": 65,
    "slDistance": 10,
    "minPremium": 100,
    "allottedCapital": 200000,
    "spawnQuantityMode": "same",
    "averageQuantityMode": "same",
    "right": "none",
    "cooldownSeconds": 60,
    "refillCancelDistance": 50,
    "logEnabled": true
  },
  {
    "type": "IntermittentStrategy",
    "enabled": false,
    "loopCount": 3,
    "targetPrice": 2,
    "quantity": 75,
    "threshold": 10,
    "logEnabled": false
  },
  {
    "type": "RateOfChangeStrategy",
    "enabled": false,
    "pointsThreshold": 30,
    "accelerationThreshold": 5,
    "numberOfDatapointsReceived": 50,
    "quantity": 65,
    "targetPrice": 2,
    "stopLossPrice": 11,
    "maxHoldTimeMinutes": 30,
    "logEnabled": true
  },
  {
    "type": "GapStrategy",
    "enabled": false,
    "pointsThreshold": 20,
    "numberOfDatapointsReceived": 50,
    "quantity": 65,
    "targetPrice": 10,
    "stopLossPrice": 5,
    "maxHoldTimeMinutes": 600,
    "gapReversalMode": false,
    "gapReversalThreshold": 100,
    "logEnabled": true
  },
  {
    "type": "RuleBasedStrategy",
    "enabled": false,
    "indicators": [
      "RSI_5_70_30"
    ],
    "quantity": 65,
    "target": 10,
    "stopLoss": 20,
    "maxHoldTimeMinutes": 30,
    "logEnabled": true,
    "userId": "Rule-RSI_5_70_30"
  },
  {
    "type": "GoodMorningStrategy",
    "enabled": false,
    "quantity": 65,
    "targetPoints": 10,
    "stopLossPoints": 10,
    "logEnabled": true,
    "snapshotTime": "10:00",
    "confirmTime": "10:30",
    "previousClose": 24219,
    "minMovementPoints": 10
  },
  {
    "type": "GoodMorningSensexStrategy",
    "enabled": false,
    "quantity": 200,
    "targetPoints": 30,
    "stopLossPoints": 30,
    "logEnabled": true,
    "snapshotTime": "09:40",
    "confirmTime": "09:45",
    "minMovementPoints": 30
  },
  {
    "type": "SupportResistanceStrategy",
    "enabled": false,
    "supportPrice": 0,
    "resistancePrice": 0,
    "quantity": 1755,
    "targetPoints": 10,
    "stopLossPoints": 15,
    "logEnabled": true
  },
  {
    "type": "TargetReachStrategy",
    "enabled": false,
    "symbol": "NIFTY",
    "strike": 0,
    "expiry": "2026-01-01",
    "optionType": "CE",
    "targetPrice": 0,
    "quantity": 1755,
    "targetPoints": 10,
    "stopLossPoints": 15,
    "logEnabled": true
  }
]
[20:58:46] [expandRuleBasedConfig] [StrategyFactory] Expanded RuleBasedStrategy into 1 instances
[20:58:46] [/home/karthikeyan/work/icici/dist/processes/data/AntDataStream.js:57:27] [AntDataStream] WebSocket open, subscribing to always-on instruments...
[20:58:46] [AntWebSocket.subscribe] [AntWS] Subscribing: NSE|26000#BSE|1
[20:58:46] [new RuleBasedStrategy] [RuleBased:Rule-RSI_5_70_30] Initialized with indicators: RSI_5_70_30
[20:58:46] [Strategies.initialize] [Strategies] Initialized 11 strategies: [
  "SentimentStrategy(SentimentStrategy, enabled=false)",
  "BuySellStrategy(BuySellStrategy, enabled=false)",
  "ContinuousStrategy(ContinuousStrategy, enabled=false)",
  "IntermittentStrategy(IntermittentStrategy, enabled=false)",
  "RateOfChangeStrategy(RateOfChangeStrategy, enabled=false)",
  "GapStrategy(GapStrategy, enabled=false)",
  "RuleBasedStrategy(Rule-RSI_5_70_30, enabled=false)",
  "GoodMorningStrategy(GoodMorningStrategy, enabled=false)",
  "GoodMorningSensexStrategy(GoodMorningSensexStrategy, enabled=false)",
  "SupportResistanceStrategy(SupportResistanceStrategy, enabled=false)",
  "TargetReachStrategy(TargetReachStrategy, enabled=false)"
]
[20:58:46] [main] [strategies] Ready - 11 strategies loaded.
[20:58:46] [BuySellStrategy.reconcileOrderState] BuySellStrategy  BuySellStrategy: reconcileOrderState attempt 1/15 failed:  Not connected to order process
[20:58:46] [Server.<anonymous>] [strategies] Listening on /tmp/icici-strategies.sock
[20:58:46] [Config._processFile] lot count: 1
[20:58:46] [Config._processFile] Auto Trade: false
[20:58:46] [Socket.<anonymous>] [strategies] Connected to order process
[20:58:46] [ws.onopen] [AntOrderNotify] Connected, subscribing...
[20:58:46] [/home/karthikeyan/work/icici/dist/server.js:1452:27] [frontend] nifty tick: {"ltp":24175.65,"ltt":"1787919089","token":"26000","changePercent":0.35,"prevClose":24091.33034379671} clients=0
[20:58:48] [Socket.<anonymous>] [frontend] Connected to strategies process
[20:58:48] [Server.<anonymous>] [strategies] Frontend client connected
[20:58:48] [BuySellStrategy.reconcileOrderState] BuySellStrategy  BuySellStrategy: reconciled - no existing open trade, ordered=false
[20:59:46] [Zerodha.loadSession] Zerodha session loaded from file
[21:03:47] [ws.onclose] [AntOrderNotify] WebSocket closed
[21:03:47] [ws.onclose] [AntOrderNotify] Past market close - not reconnecting
[22:29:31] [Timeout._onTimeout] [AntWS] No message/pong received in over 12000ms - connection appears dead, terminating
[22:29:31] [ws.onclose] [AntWS] WebSocket closed
[22:29:31] [/home/karthikeyan/work/icici/dist/processes/data/AntDataStream.js:70:27] [AntDataStream] WebSocket closed
[22:29:31] [/home/karthikeyan/work/icici/dist/processes/data/AntDataStream.js:75:31] [AntDataStream] Past market close - not reconnecting
