confirmWindowMin,maxJump,maxRangeWidth,buffer,breachBuffer,breachConfirmSec,target,stopLoss,totalTrades,wins,losses,winRate,minDayWinRate,maxDayWinRate
1,10,15,0,0,0,8,8,1931,926,1005,47.95,39.3,54.5
1,10,15,0,0,0,8,10,1927,1033,894,53.61,47.9,59.9
1,10,15,0,0,0,8,15,1917,1209,708,63.07,56.6,69.8
1,10,15,0,0,0,10,8,1926,823,1103,42.73,36.8,47.8
1,10,15,0,0,0,10,10,1921,933,988,48.57,44.7,53.0
1,10,15,0,0,0,10,15,1911,1111,800,58.14,54.5,62.6
1,10,15,0,0,0,15,8,1924,645,1279,33.52,28.5,37.2
1,10,15,0,0,0,15,10,1919,750,1169,39.08,36.3,43.5
1,10,15,0,0,0,15,15,1908,919,989,48.17,44.4,52.2
1,10,15,0,0,15,8,8,871,440,431,50.52,44.6,56.7
1,10,15,0,0,15,8,10,871,488,383,56.03,49.4,59.8
1,10,15,0,0,15,8,15,869,569,300,65.48,56.6,68.8
1,10,15,0,0,15,10,8,869,389,480,44.76,37.3,49.6
1,10,15,0,0,15,10,10,869,436,433,50.17,44.6,53.5
1,10,15,0,0,15,10,15,867,523,344,60.32,50.6,64.3
1,10,15,0,0,15,15,8,869,304,565,34.98,26.5,39.8
1,10,15,0,0,15,15,10,868,345,523,39.75,32.9,43.8
1,10,15,0,0,15,15,15,865,429,436,49.60,39.5,55.4
1,10,15,0,0,30,8,8,701,349,352,49.79,42.2,58.8
1,10,15,0,0,30,8,10,700,386,314,55.14,53.3,61.9
1,10,15,0,0,30,8,15,698,459,239,65.76,61.9,69.5
1,10,15,0,0,30,10,8,700,305,395,43.57,36.1,54.8
1,10,15,0,0,30,10,10,699,346,353,49.50,46.8,59.0
1,10,15,0,0,30,10,15,697,422,275,60.55,56.5,66.7
1,10,15,0,0,30,15,8,700,241,459,34.43,29.0,44.0
1,10,15,0,0,30,15,10,698,280,418,40.11,35.7,47.0
1,10,15,0,0,30,15,15,696,352,344,50.57,42.6,59.0
1,10,15,0,5,0,8,8,576,276,300,47.92,43.5,52.9
1,10,15,0,5,0,8,10,576,307,269,53.30,47.8,57.9
1,10,15,0,5,0,8,15,572,360,212,62.94,52.2,70.0
1,10,15,0,5,0,10,8,576,240,336,41.67,36.2,48.2
1,10,15,0,5,0,10,10,576,269,307,46.70,42.1,51.8
1,10,15,0,5,0,10,15,572,328,244,57.34,50.0,63.3
1,10,15,0,5,0,15,8,575,191,384,33.22,29.6,38.8
1,10,15,0,5,0,15,10,574,220,354,38.33,31.1,43.5
1,10,15,0,5,0,15,15,570,273,297,47.89,40.0,52.9
1,10,15,0,5,15,8,8,326,161,165,49.39,38.1,54.4
1,10,15,0,5,15,8,10,326,179,147,54.91,45.5,64.6
1,10,15,0,5,15,8,15,324,214,110,66.05,59.1,76.5
1,10,15,0,5,15,10,8,326,150,176,46.01,33.3,50.9
1,10,15,0,5,15,10,10,326,168,158,51.53,44.3,60.4
1,10,15,0,5,15,10,15,324,201,123,62.04,57.1,69.0
1,10,15,0,5,15,15,8,325,117,208,36.00,23.8,41.7
1,10,15,0,5,15,15,10,325,131,194,40.31,37.5,47.9
1,10,15,0,5,15,15,15,323,170,153,52.63,42.9,57.6
1,10,15,0,5,30,8,8,267,135,132,50.56,43.8,61.5
1,10,15,0,5,30,8,10,267,151,116,56.55,50.0,69.2
1,10,15,0,5,30,8,15,266,170,96,63.91,56.3,84.6
1,10,15,0,5,30,10,8,267,124,143,46.44,38.9,60.5
1,10,15,0,5,30,10,10,267,140,127,52.43,43.1,65.8
1,10,15,0,5,30,10,15,266,159,107,59.77,50.0,76.9
1,10,15,0,5,30,15,8,267,101,166,37.83,23.1,47.4
1,10,15,0,5,30,15,10,267,117,150,43.82,30.8,52.6
1,10,15,0,5,30,15,15,265,135,130,50.94,41.7,60.5
1,10,15,0,10,0,8,8,248,118,130,47.58,34.4,53.8
1,10,15,0,10,0,8,10,248,137,111,55.24,46.7,65.2
1,10,15,0,10,0,8,15,248,156,92,62.90,51.4,73.9
1,10,15,0,10,0,10,8,247,104,143,42.11,34.4,46.7
1,10,15,0,10,0,10,10,247,123,124,49.80,45.5,57.1
1,10,15,0,10,0,10,15,247,144,103,58.30,50.0,68.8
1,10,15,0,10,0,15,8,247,83,164,33.60,20.0,39.0
1,10,15,0,10,0,15,10,247,100,147,40.49,20.0,53.6
1,10,15,0,10,0,15,15,247,119,128,48.18,33.3,56.4
1,10,15,0,10,15,8,8,159,85,74,53.46,40.0,64.7
1,10,15,0,10,15,8,10,159,95,64,59.75,48.1,75.0
1,10,15,0,10,15,8,15,159,111,48,69.81,59.1,78.6
1,10,15,0,10,15,10,8,159,77,82,48.43,30.0,64.7
1,10,15,0,10,15,10,10,159,87,72,54.72,40.0,67.9
1,10,15,0,10,15,10,15,159,106,53,66.67,55.6,76.5
1,10,15,0,10,15,15,8,158,60,98,37.97,30.0,45.5
1,10,15,0,10,15,15,10,158,69,89,43.67,33.3,53.6
1,10,15,0,10,15,15,15,158,87,71,55.06,44.4,64.3
1,10,15,0,10,30,8,8,131,69,62,52.67,37.5,65.0
1,10,15,0,10,30,8,10,130,76,54,58.46,37.5,70.0
1,10,15,0,10,30,8,15,130,88,42,67.69,60.0,80.0
1,10,15,0,10,30,10,8,131,59,72,45.04,25.0,60.0
1,10,15,0,10,30,10,10,130,67,63,51.54,25.0,65.0
1,10,15,0,10,30,10,15,130,83,47,63.85,50.0,80.0
1,10,15,0,10,30,15,8,131,47,84,35.88,20.0,55.0
1,10,15,0,10,30,15,10,130,54,76,41.54,20.0,60.0
1,10,15,0,10,30,15,15,130,73,57,56.15,37.5,75.0
1,10,15,8,0,0,8,8,327,154,173,47.09,26.1,60.7
1,10,15,8,0,0,8,10,327,171,156,52.29,30.4,64.3
1,10,15,8,0,0,8,15,326,209,117,64.11,52.2,71.4
1,10,15,8,0,0,10,8,327,138,189,42.20,26.1,57.1
1,10,15,8,0,0,10,10,327,157,170,48.01,30.4,60.7
1,10,15,8,0,0,10,15,325,196,129,60.31,50.0,66.7
1,10,15,8,0,0,15,8,327,107,220,32.72,13.0,50.0
1,10,15,8,0,0,15,10,326,126,200,38.65,17.4,53.6
1,10,15,8,0,0,15,15,324,160,164,49.38,36.4,57.1
1,10,15,8,0,15,8,8,218,108,110,49.54,35.7,59.4
1,10,15,8,0,15,8,10,218,122,96,55.96,35.7,65.6
1,10,15,8,0,15,8,15,218,140,78,64.22,50.0,79.3
1,10,15,8,0,15,10,8,218,101,117,46.33,35.7,59.4
1,10,15,8,0,15,10,10,218,114,104,52.29,35.7,65.6
1,10,15,8,0,15,10,15,218,132,86,60.55,42.9,72.4
1,10,15,8,0,15,15,8,217,78,139,35.94,27.6,46.9
1,10,15,8,0,15,15,10,217,89,128,41.01,28.6,56.3
1,10,15,8,0,15,15,15,217,112,105,51.61,35.7,62.5
1,10,15,8,0,30,8,8,183,90,93,49.18,40.9,69.2
1,10,15,8,0,30,8,10,183,100,83,54.64,45.5,69.2
1,10,15,8,0,30,8,15,182,115,67,63.19,52.0,78.3
1,10,15,8,0,30,10,8,183,82,101,44.81,27.3,69.2
1,10,15,8,0,30,10,10,183,92,91,50.27,27.3,69.2
1,10,15,8,0,30,10,15,182,103,79,56.59,36.4,73.9
1,10,15,8,0,30,15,8,183,68,115,37.16,26.1,57.7
1,10,15,8,0,30,15,10,183,76,107,41.53,27.3,57.7
1,10,15,8,0,30,15,15,182,87,95,47.80,36.0,61.5
1,10,15,8,5,0,8,8,159,84,75,52.83,38.5,66.7
1,10,15,8,5,0,8,10,159,96,63,60.38,46.2,73.3
1,10,15,8,5,0,8,15,159,113,46,71.07,53.8,86.7
1,10,15,8,5,0,10,8,159,77,82,48.43,38.5,61.5
1,10,15,8,5,0,10,10,159,89,70,55.97,46.2,69.2
1,10,15,8,5,0,10,15,159,107,52,67.30,53.8,73.3
1,10,15,8,5,0,15,8,159,54,105,33.96,23.1,53.8
1,10,15,8,5,0,15,10,158,64,94,40.51,30.8,61.5
1,10,15,8,5,0,15,15,157,84,73,53.50,33.3,66.7
1,10,15,8,5,15,8,8,127,62,65,48.82,42.9,60.0
1,10,15,8,5,15,8,10,126,68,58,53.97,42.9,70.0
1,10,15,8,5,15,8,15,126,79,47,62.70,50.0,80.0
1,10,15,8,5,15,10,8,127,57,70,44.88,35.7,60.0
1,10,15,8,5,15,10,10,126,62,64,49.21,37.5,70.0
1,10,15,8,5,15,10,15,126,73,53,57.94,37.5,80.0
1,10,15,8,5,15,15,8,127,47,80,37.01,33.3,45.0
1,10,15,8,5,15,15,10,126,52,74,41.27,33.3,55.0
1,10,15,8,5,15,15,15,126,65,61,51.59,37.5,70.0
1,10,15,8,5,30,8,8,104,59,45,56.73,30.8,78.9
1,10,15,8,5,30,8,10,104,62,42,59.62,38.5,84.2
1,10,15,8,5,30,8,15,103,68,35,66.02,38.5,84.2
1,10,15,8,5,30,10,8,104,53,51,50.96,23.1,73.7
1,10,15,8,5,30,10,10,104,56,48,53.85,30.8,78.9
1,10,15,8,5,30,10,15,103,62,41,60.19,30.8,78.9
1,10,15,8,5,30,15,8,104,42,62,40.38,15.4,50.0
1,10,15,8,5,30,15,10,104,45,59,43.27,23.1,50.0
1,10,15,8,5,30,15,15,103,54,49,52.43,23.1,66.7
1,10,15,8,10,0,8,8,104,53,51,50.96,39.3,66.7
1,10,15,8,10,0,8,10,104,65,39,62.50,50.0,77.8
1,10,15,8,10,0,8,15,104,68,36,65.38,57.1,77.8
1,10,15,8,10,0,10,8,103,46,57,44.66,33.3,61.1
1,10,15,8,10,0,10,10,103,58,45,56.31,46.4,72.2
1,10,15,8,10,0,10,15,103,61,42,59.22,50.0,72.2
1,10,15,8,10,0,15,8,103,37,66,35.92,16.7,44.4
1,10,15,8,10,0,15,10,103,50,53,48.54,33.3,66.7
1,10,15,8,10,0,15,15,103,53,50,51.46,33.3,66.7
1,10,15,8,10,15,8,8,73,42,31,57.53,22.2,78.6
1,10,15,8,10,15,8,10,73,44,29,60.27,22.2,78.6
1,10,15,8,10,15,8,15,73,50,23,68.49,33.3,85.7
1,10,15,8,10,15,10,8,73,40,33,54.79,22.2,78.6
1,10,15,8,10,15,10,10,73,42,31,57.53,22.2,78.6
1,10,15,8,10,15,10,15,73,49,24,67.12,33.3,85.7
1,10,15,8,10,15,15,8,73,30,43,41.10,22.2,57.1
1,10,15,8,10,15,15,10,73,32,41,43.84,22.2,57.1
1,10,15,8,10,15,15,15,72,40,32,55.56,33.3,70.6
1,10,15,8,10,30,8,8,72,37,35,51.39,42.9,75.0
1,10,15,8,10,30,8,10,72,41,31,56.94,42.9,76.9
1,10,15,8,10,30,8,15,72,45,27,62.50,42.9,85.7
1,10,15,8,10,30,10,8,72,34,38,47.22,33.3,75.0
1,10,15,8,10,30,10,10,72,38,34,52.78,33.3,75.0
1,10,15,8,10,30,10,15,72,43,29,59.72,33.3,85.7
1,10,15,8,10,30,15,8,72,25,47,34.72,22.2,50.0
1,10,15,8,10,30,15,10,72,30,42,41.67,33.3,53.8
1,10,15,8,10,30,15,15,72,37,35,51.39,33.3,71.4
1,10,15,15,0,0,8,8,128,71,57,55.47,50.0,68.8
1,10,15,15,0,0,8,10,128,75,53,58.59,52.2,68.8
1,10,15,15,0,0,8,15,127,84,43,66.14,60.9,78.9
1,10,15,15,0,0,10,8,128,62,66,48.44,28.6,62.5
1,10,15,15,0,0,10,10,128,67,61,52.34,47.1,62.5
1,10,15,15,0,0,10,15,127,77,50,60.63,50.0,78.9
1,10,15,15,0,0,15,8,128,49,79,38.28,28.6,43.8
1,10,15,15,0,0,15,10,128,53,75,41.41,29.4,50.0
1,10,15,15,0,0,15,15,127,64,63,50.39,43.8,63.2
1,10,15,15,0,15,8,8,102,53,49,51.96,33.3,65.0
1,10,15,15,0,15,8,10,102,62,40,60.78,50.0,75.0
1,10,15,15,0,15,8,15,101,68,33,67.33,50.0,90.0
1,10,15,15,0,15,10,8,102,50,52,49.02,25.0,65.0
1,10,15,15,0,15,10,10,102,58,44,56.86,33.3,75.0
1,10,15,15,0,15,10,15,101,62,39,61.39,33.3,80.0
1,10,15,15,0,15,15,8,102,41,61,40.20,25.0,60.0
1,10,15,15,0,15,15,10,102,47,55,46.08,33.3,60.0
1,10,15,15,0,15,15,15,101,54,47,53.47,33.3,70.0
1,10,15,15,0,30,8,8,88,48,40,54.55,22.2,76.9
1,10,15,15,0,30,8,10,88,51,37,57.95,33.3,76.9
1,10,15,15,0,30,8,15,88,58,30,65.91,33.3,84.6
1,10,15,15,0,30,10,8,88,42,46,47.73,22.2,76.5
1,10,15,15,0,30,10,10,88,45,43,51.14,33.3,76.5
1,10,15,15,0,30,10,15,88,53,35,60.23,33.3,76.5
1,10,15,15,0,30,15,8,87,36,51,41.38,22.2,58.8
1,10,15,15,0,30,15,10,87,38,49,43.68,33.3,58.8
1,10,15,15,0,30,15,15,87,46,41,52.87,33.3,64.7
1,10,15,15,5,0,8,8,80,40,40,50.00,33.3,57.9
1,10,15,15,5,0,8,10,80,44,36,55.00,33.3,71.4
1,10,15,15,5,0,8,15,80,55,25,68.75,50.0,85.7
1,10,15,15,5,0,10,8,80,35,45,43.75,33.3,52.6
1,10,15,15,5,0,10,10,80,39,41,48.75,33.3,60.0
1,10,15,15,5,0,10,15,80,50,30,62.50,44.4,73.7
1,10,15,15,5,0,15,8,80,28,52,35.00,16.7,42.1
1,10,15,15,5,0,15,10,80,32,48,40.00,16.7,47.4
1,10,15,15,5,0,15,15,80,45,35,56.25,33.3,71.4
1,10,15,15,5,15,8,8,69,32,37,46.38,20.0,57.1
1,10,15,15,5,15,8,10,69,35,34,50.72,40.0,57.1
1,10,15,15,5,15,8,15,69,42,27,60.87,40.0,72.2
1,10,15,15,5,15,10,8,69,30,39,43.48,20.0,57.1
1,10,15,15,5,15,10,10,69,33,36,47.83,33.3,57.1
1,10,15,15,5,15,10,15,69,39,30,56.52,33.3,71.4
1,10,15,15,5,15,15,8,69,21,48,30.43,16.7,42.9
1,10,15,15,5,15,15,10,69,24,45,34.78,16.7,55.6
1,10,15,15,5,15,15,15,68,33,35,48.53,33.3,71.4
1,10,15,15,5,30,8,8,59,33,26,55.93,20.0,100.0
1,10,15,15,5,30,8,10,59,34,25,57.63,20.0,100.0
1,10,15,15,5,30,8,15,59,40,19,67.80,40.0,100.0
1,10,15,15,5,30,10,8,59,30,29,50.85,20.0,100.0
1,10,15,15,5,30,10,10,59,31,28,52.54,20.0,100.0
1,10,15,15,5,30,10,15,59,39,20,66.10,20.0,100.0
1,10,15,15,5,30,15,8,59,22,37,37.29,20.0,50.0
1,10,15,15,5,30,15,10,59,23,36,38.98,20.0,50.0
1,10,15,15,5,30,15,15,58,30,28,51.72,20.0,100.0
1,10,15,15,10,0,8,8,61,26,35,42.62,12.5,100.0
1,10,15,15,10,0,8,10,61,29,32,47.54,25.0,100.0
1,10,15,15,10,0,8,15,60,36,24,60.00,33.3,100.0
1,10,15,15,10,0,10,8,61,22,39,36.07,12.5,100.0
1,10,15,15,10,0,10,10,61,27,34,44.26,22.2,100.0
1,10,15,15,10,0,10,15,60,33,27,55.00,22.2,100.0
1,10,15,15,10,0,15,8,61,16,45,26.23,11.1,50.0
1,10,15,15,10,0,15,10,61,20,41,32.79,11.1,50.0
1,10,15,15,10,0,15,15,60,26,34,43.33,11.1,62.5
1,10,15,15,10,15,8,8,48,21,27,43.75,28.6,100.0
1,10,15,15,10,15,8,10,48,25,23,52.08,33.3,100.0
1,10,15,15,10,15,8,15,47,32,15,68.09,40.0,100.0
1,10,15,15,10,15,10,8,48,16,32,33.33,14.3,50.0
1,10,15,15,10,15,10,10,48,21,27,43.75,28.6,53.8
1,10,15,15,10,15,10,15,47,28,19,59.57,40.0,76.9
1,10,15,15,10,15,15,8,48,14,34,29.17,0.0,50.0
1,10,15,15,10,15,15,10,48,17,31,35.42,14.3,50.0
1,10,15,15,10,15,15,15,47,24,23,51.06,28.6,69.2
1,10,15,15,10,30,8,8,45,23,22,51.11,28.6,100.0
1,10,15,15,10,30,8,10,45,25,20,55.56,28.6,100.0
1,10,15,15,10,30,8,15,45,32,13,71.11,50.0,100.0
1,10,15,15,10,30,10,8,45,18,27,40.00,25.0,50.0
1,10,15,15,10,30,10,10,45,21,24,46.67,25.0,58.3
1,10,15,15,10,30,10,15,45,29,16,64.44,50.0,75.0
1,10,15,15,10,30,15,8,45,13,32,28.89,0.0,50.0
1,10,15,15,10,30,15,10,45,15,30,33.33,0.0,54.5
1,10,15,15,10,30,15,15,45,21,24,46.67,0.0,63.6
1,10,25,0,0,0,8,8,1934,929,1005,48.04,38.9,54.0
1,10,25,0,0,0,8,10,1930,1037,893,53.73,47.7,60.3
1,10,25,0,0,0,8,15,1920,1213,707,63.18,56.5,70.1
1,10,25,0,0,0,10,8,1929,823,1106,42.66,36.4,47.2
1,10,25,0,0,0,10,10,1924,934,990,48.54,44.7,53.2
1,10,25,0,0,0,10,15,1914,1114,800,58.20,54.4,63.0
1,10,25,0,0,0,15,8,1927,644,1283,33.42,28.0,36.5
1,10,25,0,0,0,15,10,1922,749,1173,38.97,36.3,43.5
1,10,25,0,0,0,15,15,1911,920,991,48.14,44.1,51.6
1,10,25,0,0,15,8,8,868,436,432,50.23,42.7,57.6
1,10,25,0,0,15,8,10,868,485,383,55.88,47.6,60.0
1,10,25,0,0,15,8,15,866,568,298,65.59,56.1,68.8
1,10,25,0,0,15,10,8,866,386,480,44.57,36.6,50.4
1,10,25,0,0,15,10,10,866,436,430,50.35,43.9,53.6
1,10,25,0,0,15,10,15,864,525,339,60.76,51.2,64.3
1,10,25,0,0,15,15,8,866,300,566,34.64,25.6,37.1
1,10,25,0,0,15,15,10,865,343,522,39.65,32.1,42.9
1,10,25,0,0,15,15,15,862,430,432,49.88,40.0,54.5
1,10,25,0,0,30,8,8,692,345,347,49.86,42.0,57.8
1,10,25,0,0,30,8,10,691,381,310,55.14,52.8,61.0
1,10,25,0,0,30,8,15,689,453,236,65.75,62.4,68.8
1,10,25,0,0,30,10,8,691,304,387,43.99,35.8,54.9
1,10,25,0,0,30,10,10,690,343,347,49.71,47.5,58.0
1,10,25,0,0,30,10,15,688,418,270,60.76,57.4,65.8
1,10,25,0,0,30,15,8,691,241,450,34.88,27.9,43.9
1,10,25,0,0,30,15,10,689,279,410,40.49,35.0,46.9
1,10,25,0,0,30,15,15,687,352,335,51.24,41.7,60.5
1,10,25,0,5,0,8,8,567,272,295,47.97,43.5,53.8
1,10,25,0,5,0,8,10,567,302,265,53.26,46.7,57.9
1,10,25,0,5,0,8,15,563,355,208,63.06,51.1,71.9
1,10,25,0,5,0,10,8,567,236,331,41.62,36.8,48.8
1,10,25,0,5,0,10,10,567,264,303,46.56,40.0,52.5
1,10,25,0,5,0,10,15,563,323,240,57.37,46.7,64.9
1,10,25,0,5,0,15,8,566,187,379,33.04,28.9,40.0
1,10,25,0,5,0,15,10,565,216,349,38.23,29.5,45.0
1,10,25,0,5,0,15,15,561,270,291,48.13,38.6,55.0
1,10,25,0,5,15,8,8,322,162,160,50.31,42.9,56.4
1,10,25,0,5,15,8,10,322,176,146,54.66,46.5,63.8
1,10,25,0,5,15,8,15,320,209,111,65.31,52.4,75.8
1,10,25,0,5,15,10,8,322,149,173,46.27,38.1,51.1
1,10,25,0,5,15,10,10,322,163,159,50.62,42.9,59.6
1,10,25,0,5,15,10,15,320,194,126,60.62,47.6,66.0
1,10,25,0,5,15,15,8,321,115,206,35.83,27.3,42.6
1,10,25,0,5,15,15,10,321,126,195,39.25,33.3,46.8
1,10,25,0,5,15,15,15,319,162,157,50.78,38.1,56.3
1,10,25,0,5,30,8,8,271,132,139,48.71,43.8,59.5
1,10,25,0,5,30,8,10,271,147,124,54.24,48.1,69.2
1,10,25,0,5,30,8,15,270,166,104,61.48,55.8,76.9
1,10,25,0,5,30,10,8,271,122,149,45.02,37.7,59.5
1,10,25,0,5,30,10,10,271,137,134,50.55,41.6,64.9
1,10,25,0,5,30,10,15,270,156,114,57.78,49.4,70.3
1,10,25,0,5,30,15,8,271,99,172,36.53,23.1,45.9
1,10,25,0,5,30,15,10,271,116,155,42.80,38.5,51.4
1,10,25,0,5,30,15,15,269,135,134,50.19,41.7,59.5
1,10,25,0,10,0,8,8,241,118,123,48.96,34.4,63.9
1,10,25,0,10,0,8,10,241,136,105,56.43,35.7,66.7
1,10,25,0,10,0,8,15,241,154,87,63.90,50.0,72.2
1,10,25,0,10,0,10,8,240,103,137,42.92,34.4,48.7
1,10,25,0,10,0,10,10,240,121,119,50.42,35.7,57.1
1,10,25,0,10,0,10,15,240,141,99,58.75,50.0,68.8
1,10,25,0,10,0,15,8,240,82,158,34.17,21.4,41.7
1,10,25,0,10,0,15,10,240,98,142,40.83,21.4,53.6
1,10,25,0,10,0,15,15,240,117,123,48.75,35.7,55.6
1,10,25,0,10,15,8,8,162,82,80,50.62,30.0,61.8
1,10,25,0,10,15,8,10,162,95,67,58.64,40.0,70.6
1,10,25,0,10,15,8,15,162,109,53,67.28,50.0,75.9
1,10,25,0,10,15,10,8,162,75,87,46.30,30.0,58.8
1,10,25,0,10,15,10,10,162,88,74,54.32,40.0,64.7
1,10,25,0,10,15,10,15,162,104,58,64.20,50.0,72.4
1,10,25,0,10,15,15,8,161,59,102,36.65,26.1,47.1
1,10,25,0,10,15,15,10,161,71,90,44.10,34.8,55.9
1,10,25,0,10,15,15,15,161,87,74,54.04,43.5,62.1
1,10,25,0,10,30,8,8,121,61,60,50.41,40.0,63.2
1,10,25,0,10,30,8,10,121,66,55,54.55,40.7,73.7
1,10,25,0,10,30,8,15,121,80,41,66.12,48.1,78.9
1,10,25,0,10,30,10,8,121,55,66,45.45,26.7,58.3
1,10,25,0,10,30,10,10,121,60,61,49.59,29.6,68.4
1,10,25,0,10,30,10,15,121,76,45,62.81,40.7,78.9
1,10,25,0,10,30,15,8,120,42,78,35.00,20.0,52.6
1,10,25,0,10,30,15,10,120,47,73,39.17,20.0,63.2
1,10,25,0,10,30,15,15,120,66,54,55.00,40.7,75.0
1,10,25,8,0,0,8,8,320,154,166,48.13,25.0,60.7
1,10,25,8,0,0,8,10,320,172,148,53.75,35.0,64.3
1,10,25,8,0,0,8,15,319,208,111,65.20,55.0,71.4
1,10,25,8,0,0,10,8,320,138,182,43.13,20.0,57.1
1,10,25,8,0,0,10,10,320,156,164,48.75,25.0,60.7
1,10,25,8,0,0,10,15,318,194,124,61.01,47.4,66.7
1,10,25,8,0,0,15,8,320,103,217,32.19,10.0,50.0
1,10,25,8,0,0,15,10,319,121,198,37.93,15.0,53.6
1,10,25,8,0,0,15,15,317,156,161,49.21,36.8,57.1
1,10,25,8,0,15,8,8,216,111,105,51.39,42.9,61.3
1,10,25,8,0,15,8,10,216,124,92,57.41,42.9,67.7
1,10,25,8,0,15,8,15,216,138,78,63.89,56.5,74.2
1,10,25,8,0,15,10,8,216,102,114,47.22,35.7,61.3
1,10,25,8,0,15,10,10,216,114,102,52.78,35.7,67.7
1,10,25,8,0,15,10,15,216,128,88,59.26,42.9,71.0
1,10,25,8,0,15,15,8,215,78,137,36.28,28.6,45.2
1,10,25,8,0,15,15,10,215,89,126,41.40,28.6,54.8
1,10,25,8,0,15,15,15,215,109,106,50.70,35.7,61.3
1,10,25,8,0,30,8,8,188,88,100,46.81,30.0,55.2
1,10,25,8,0,30,8,10,188,100,88,53.19,30.0,69.6
1,10,25,8,0,30,8,15,187,118,69,63.10,50.0,82.6
1,10,25,8,0,30,10,8,188,81,107,43.09,30.0,55.2
1,10,25,8,0,30,10,10,188,93,95,49.47,30.0,62.1
1,10,25,8,0,30,10,15,187,108,79,57.75,48.0,73.9
1,10,25,8,0,30,15,8,188,65,123,34.57,26.1,44.8
1,10,25,8,0,30,15,10,188,75,113,39.89,30.0,51.7
1,10,25,8,0,30,15,15,187,90,97,48.13,36.0,58.6
1,10,25,8,5,0,8,8,161,79,82,49.07,38.5,66.7
1,10,25,8,5,0,8,10,161,92,69,57.14,46.2,73.3
1,10,25,8,5,0,8,15,161,109,52,67.70,46.2,86.7
1,10,25,8,5,0,10,8,161,72,89,44.72,38.5,60.0
1,10,25,8,5,0,10,10,161,84,77,52.17,46.2,68.0
1,10,25,8,5,0,10,15,161,102,59,63.35,46.2,73.3
1,10,25,8,5,0,15,8,161,53,108,32.92,26.7,52.0
1,10,25,8,5,0,15,10,160,63,97,39.38,30.8,60.0
1,10,25,8,5,0,15,15,159,84,75,52.83,41.7,66.7
1,10,25,8,5,15,8,8,122,57,65,46.72,40.0,55.0
1,10,25,8,5,15,8,10,121,61,60,50.41,40.0,65.0
1,10,25,8,5,15,8,15,121,75,46,61.98,50.0,78.9
1,10,25,8,5,15,10,8,122,51,71,41.80,26.3,55.0
1,10,25,8,5,15,10,10,121,56,65,46.28,31.6,65.0
1,10,25,8,5,15,10,15,121,72,49,59.50,50.0,75.0
1,10,25,8,5,15,15,8,122,39,83,31.97,15.8,50.0
1,10,25,8,5,15,15,10,121,44,77,36.36,15.8,55.0
1,10,25,8,5,15,15,15,121,62,59,51.24,44.1,70.0
1,10,25,8,5,30,8,8,98,50,48,51.02,30.8,100.0
1,10,25,8,5,30,8,10,98,53,45,54.08,38.5,100.0
1,10,25,8,5,30,8,15,97,58,39,59.79,38.5,100.0
1,10,25,8,5,30,10,8,98,45,53,45.92,23.1,100.0
1,10,25,8,5,30,10,10,98,48,50,48.98,30.8,100.0
1,10,25,8,5,30,10,15,97,51,46,52.58,30.8,100.0
1,10,25,8,5,30,15,8,98,35,63,35.71,15.4,100.0
1,10,25,8,5,30,15,10,98,38,60,38.78,23.1,100.0
1,10,25,8,5,30,15,15,97,46,51,47.42,23.1,100.0
1,10,25,8,10,0,8,8,101,50,51,49.50,38.5,100.0
1,10,25,8,10,0,8,10,101,56,45,55.45,46.2,100.0
1,10,25,8,10,0,8,15,101,61,40,60.40,53.8,100.0
1,10,25,8,10,0,10,8,101,48,53,47.52,34.6,100.0
1,10,25,8,10,0,10,10,101,54,47,53.47,37.5,100.0
1,10,25,8,10,0,10,15,101,59,42,58.42,50.0,100.0
1,10,25,8,10,0,15,8,101,36,65,35.64,25.0,50.0
1,10,25,8,10,0,15,10,101,44,57,43.56,25.0,52.9
1,10,25,8,10,0,15,15,100,48,52,48.00,37.5,100.0
1,10,25,8,10,15,8,8,68,37,31,54.41,22.2,100.0
1,10,25,8,10,15,8,10,68,39,29,57.35,22.2,100.0
1,10,25,8,10,15,8,15,68,42,26,61.76,33.3,100.0
1,10,25,8,10,15,10,8,68,35,33,51.47,22.2,100.0
1,10,25,8,10,15,10,10,68,37,31,54.41,22.2,100.0
1,10,25,8,10,15,10,15,68,41,27,60.29,33.3,100.0
1,10,25,8,10,15,15,8,68,25,43,36.76,22.2,57.1
1,10,25,8,10,15,15,10,68,29,39,42.65,22.2,57.1
1,10,25,8,10,15,15,15,67,35,32,52.24,33.3,100.0
1,10,25,8,10,30,8,8,66,28,38,42.42,18.2,100.0
1,10,25,8,10,30,8,10,65,34,31,52.31,36.4,100.0
1,10,25,8,10,30,8,15,65,37,28,56.92,36.4,100.0
1,10,25,8,10,30,10,8,66,25,41,37.88,18.2,100.0
1,10,25,8,10,30,10,10,65,30,35,46.15,36.4,100.0
1,10,25,8,10,30,10,15,65,34,31,52.31,36.4,100.0
1,10,25,8,10,30,15,8,66,19,47,28.79,9.1,100.0
1,10,25,8,10,30,15,10,65,24,41,36.92,18.2,100.0
1,10,25,8,10,30,15,15,65,30,35,46.15,18.2,100.0
1,10,25,15,0,0,8,8,119,62,57,52.10,33.3,62.5
1,10,25,15,0,0,8,10,119,66,53,55.46,43.5,75.0
1,10,25,15,0,0,8,15,118,73,45,61.86,52.2,77.8
1,10,25,15,0,0,10,8,119,53,66,44.54,25.0,56.3
1,10,25,15,0,0,10,10,119,58,61,48.74,34.8,75.0
1,10,25,15,0,0,10,15,118,66,52,55.93,45.5,75.0
1,10,25,15,0,0,15,8,119,43,76,36.13,16.7,50.0
1,10,25,15,0,0,15,10,119,48,71,40.34,29.4,75.0
1,10,25,15,0,0,15,15,118,56,62,47.46,37.5,75.0
1,10,25,15,0,15,8,8,98,48,50,48.98,33.3,100.0
1,10,25,15,0,15,8,10,98,52,46,53.06,39.1,100.0
1,10,25,15,0,15,8,15,97,60,37,61.86,50.0,100.0
1,10,25,15,0,15,10,8,98,45,53,45.92,25.0,100.0
1,10,25,15,0,15,10,10,98,48,50,48.98,33.3,100.0
1,10,25,15,0,15,10,15,97,56,41,57.73,33.3,100.0
1,10,25,15,0,15,15,8,98,35,63,35.71,25.0,100.0
1,10,25,15,0,15,15,10,98,38,60,38.78,27.8,100.0
1,10,25,15,0,15,15,15,97,50,47,51.55,33.3,100.0
1,10,25,15,0,30,8,8,84,46,38,54.76,22.2,100.0
1,10,25,15,0,30,8,10,84,49,35,58.33,33.3,100.0
1,10,25,15,0,30,8,15,84,54,30,64.29,33.3,100.0
1,10,25,15,0,30,10,8,84,41,43,48.81,22.2,100.0
1,10,25,15,0,30,10,10,84,44,40,52.38,33.3,100.0
1,10,25,15,0,30,10,15,84,49,35,58.33,33.3,100.0
1,10,25,15,0,30,15,8,83,34,49,40.96,22.2,100.0
1,10,25,15,0,30,15,10,83,36,47,43.37,22.2,100.0
1,10,25,15,0,30,15,15,83,44,39,53.01,33.3,100.0
1,10,25,15,5,0,8,8,80,42,38,52.50,44.4,100.0
1,10,25,15,5,0,8,10,80,47,33,58.75,44.4,100.0
1,10,25,15,5,0,8,15,80,55,25,68.75,55.6,100.0
1,10,25,15,5,0,10,8,80,36,44,45.00,33.3,100.0
1,10,25,15,5,0,10,10,80,41,39,51.25,33.3,100.0
1,10,25,15,5,0,10,15,80,49,31,61.25,44.4,100.0
1,10,25,15,5,0,15,8,80,29,51,36.25,30.8,50.0
1,10,25,15,5,0,15,10,80,33,47,41.25,33.3,50.0
1,10,25,15,5,0,15,15,79,42,37,53.16,38.5,100.0
1,10,25,15,5,15,8,8,62,23,39,37.10,20.0,100.0
1,10,25,15,5,15,8,10,62,29,33,46.77,33.3,100.0
1,10,25,15,5,15,8,15,61,34,27,55.74,40.0,100.0
1,10,25,15,5,15,10,8,62,21,41,33.87,20.0,100.0
1,10,25,15,5,15,10,10,62,24,38,38.71,30.0,100.0
1,10,25,15,5,15,10,15,61,29,32,47.54,30.0,100.0
1,10,25,15,5,15,15,8,62,15,47,24.19,10.0,50.0
1,10,25,15,5,15,15,10,62,17,45,27.42,20.0,50.0
1,10,25,15,5,15,15,15,60,24,36,40.00,20.0,100.0
1,10,25,15,5,30,8,8,52,26,26,50.00,20.0,100.0
1,10,25,15,5,30,8,10,52,28,24,53.85,20.0,100.0
1,10,25,15,5,30,8,15,52,31,21,59.62,40.0,100.0
1,10,25,15,5,30,10,8,51,22,29,43.14,20.0,100.0
1,10,25,15,5,30,10,10,51,24,27,47.06,20.0,100.0
1,10,25,15,5,30,10,15,51,27,24,52.94,20.0,100.0
1,10,25,15,5,30,15,8,51,17,34,33.33,20.0,50.0
1,10,25,15,5,30,15,10,51,18,33,35.29,20.0,50.0
1,10,25,15,5,30,15,15,50,23,27,46.00,20.0,100.0
1,10,25,15,10,0,8,8,44,21,23,47.73,25.0,100.0
1,10,25,15,10,0,8,10,44,23,21,52.27,25.0,100.0
1,10,25,15,10,0,8,15,44,26,18,59.09,37.5,100.0
1,10,25,15,10,0,10,8,44,18,26,40.91,12.5,100.0
1,10,25,15,10,0,10,10,44,21,23,47.73,12.5,100.0
1,10,25,15,10,0,10,15,44,23,21,52.27,25.0,100.0
1,10,25,15,10,0,15,8,44,14,30,31.82,0.0,50.0
1,10,25,15,10,0,15,10,44,16,28,36.36,0.0,66.7
1,10,25,15,10,0,15,15,44,17,27,38.64,0.0,66.7
1,10,25,15,10,15,8,8,40,20,20,50.00,33.3,100.0
1,10,25,15,10,15,8,10,40,21,19,52.50,33.3,100.0
1,10,25,15,10,15,8,15,39,29,10,74.36,40.0,100.0
1,10,25,15,10,15,10,8,40,16,24,40.00,25.0,50.0
1,10,25,15,10,15,10,10,40,18,22,45.00,25.0,54.5
1,10,25,15,10,15,10,15,39,25,14,64.10,40.0,81.8
1,10,25,15,10,15,15,8,40,14,26,35.00,0.0,50.0
1,10,25,15,10,15,15,10,40,16,24,40.00,14.3,54.5
1,10,25,15,10,15,15,15,39,23,16,58.97,40.0,81.8
1,10,25,15,10,30,8,8,36,19,17,52.78,28.6,100.0
1,10,25,15,10,30,8,10,36,19,17,52.78,28.6,100.0
1,10,25,15,10,30,8,15,36,26,10,72.22,50.0,100.0
1,10,25,15,10,30,10,8,36,16,20,44.44,25.0,66.7
1,10,25,15,10,30,10,10,36,17,19,47.22,25.0,70.0
1,10,25,15,10,30,10,15,36,24,12,66.67,50.0,75.0
1,10,25,15,10,30,15,8,36,10,26,27.78,0.0,50.0
1,10,25,15,10,30,15,10,36,10,26,27.78,0.0,50.0
1,10,25,15,10,30,15,15,36,17,19,47.22,0.0,62.5
1,10,35,0,0,0,8,8,1924,924,1000,48.02,38.9,54.3
1,10,35,0,0,0,8,10,1920,1032,888,53.75,47.7,60.1
1,10,35,0,0,0,8,15,1910,1205,705,63.09,56.5,69.7
1,10,35,0,0,0,10,8,1919,818,1101,42.63,36.4,47.4
1,10,35,0,0,0,10,10,1914,928,986,48.48,44.5,52.8
1,10,35,0,0,0,10,15,1904,1106,798,58.09,54.4,62.4
1,10,35,0,0,0,15,8,1917,638,1279,33.28,28.0,36.8
1,10,35,0,0,0,15,10,1912,743,1169,38.86,36.0,43.3
1,10,35,0,0,0,15,15,1901,914,987,48.08,44.1,51.8
1,10,35,0,0,15,8,8,865,431,434,49.83,42.7,56.6
1,10,35,0,0,15,8,10,865,480,385,55.49,47.6,59.0
1,10,35,0,0,15,8,15,863,562,301,65.12,56.1,68.2
1,10,35,0,0,15,10,8,863,382,481,44.26,36.6,50.0
1,10,35,0,0,15,10,10,863,431,432,49.94,43.9,53.3
1,10,35,0,0,15,10,15,861,519,342,60.28,51.2,63.6
1,10,35,0,0,15,15,8,863,296,567,34.30,25.6,38.2
1,10,35,0,0,15,15,10,862,338,524,39.21,32.1,42.2
1,10,35,0,0,15,15,15,859,425,434,49.48,40.0,53.6
1,10,35,0,0,30,8,8,691,343,348,49.64,43.0,57.3
1,10,35,0,0,30,8,10,690,380,310,55.07,53.6,61.7
1,10,35,0,0,30,8,15,688,452,236,65.70,61.7,69.7
1,10,35,0,0,30,10,8,690,302,388,43.77,36.7,54.3
1,10,35,0,0,30,10,10,689,342,347,49.64,47.5,58.8
1,10,35,0,0,30,10,15,687,417,270,60.70,56.9,66.7
1,10,35,0,0,30,15,8,690,239,451,34.64,27.9,43.2
1,10,35,0,0,30,15,10,688,278,410,40.41,35.0,48.1
1,10,35,0,0,30,15,15,686,350,336,51.02,41.7,62.0
1,10,35,0,5,0,8,8,559,266,293,47.58,42.6,53.3
1,10,35,0,5,0,8,10,559,295,264,52.77,46.7,58.6
1,10,35,0,5,0,8,15,555,347,208,62.52,51.1,72.2
1,10,35,0,5,0,10,8,559,230,329,41.14,35.5,47.6
1,10,35,0,5,0,10,10,559,257,302,45.97,40.0,53.4
1,10,35,0,5,0,10,15,555,316,239,56.94,46.7,66.7
1,10,35,0,5,0,15,8,558,185,373,33.15,28.9,38.3
1,10,35,0,5,0,15,10,557,212,345,38.06,29.5,42.9
1,10,35,0,5,0,15,15,553,267,286,48.28,38.6,52.8
1,10,35,0,5,15,8,8,318,158,160,49.69,42.9,56.4
1,10,35,0,5,15,8,10,318,171,147,53.77,45.9,63.6
1,10,35,0,5,15,8,15,316,204,112,64.56,52.4,74.2
1,10,35,0,5,15,10,8,318,147,171,46.23,38.1,50.9
1,10,35,0,5,15,10,10,318,160,158,50.31,42.9,58.7
1,10,35,0,5,15,10,15,316,192,124,60.76,47.6,67.7
1,10,35,0,5,15,15,8,317,114,203,35.96,28.6,43.5
1,10,35,0,5,15,15,10,317,124,193,39.12,33.3,47.8
1,10,35,0,5,15,15,15,315,161,154,51.11,38.1,56.7
1,10,35,0,5,30,8,8,267,129,138,48.31,42.9,56.8
1,10,35,0,5,30,8,10,267,144,123,53.93,46.8,69.2
1,10,35,0,5,30,8,15,266,163,103,61.28,54.5,76.9
1,10,35,0,5,30,10,8,267,119,148,44.57,36.4,56.8
1,10,35,0,5,30,10,10,267,134,133,50.19,40.3,62.2
1,10,35,0,5,30,10,15,266,153,113,57.52,48.1,69.2
1,10,35,0,5,30,15,8,267,98,169,36.70,23.1,45.9
1,10,35,0,5,30,15,10,267,115,152,43.07,38.5,51.4
1,10,35,0,5,30,15,15,265,133,132,50.19,41.7,59.5
1,10,35,0,10,0,8,8,233,115,118,49.36,35.7,63.9
1,10,35,0,10,0,8,10,233,131,102,56.22,35.7,70.0
1,10,35,0,10,0,8,15,233,147,86,63.09,50.0,75.0
1,10,35,0,10,0,10,8,232,101,131,43.53,35.7,47.2
1,10,35,0,10,0,10,10,232,117,115,50.43,35.7,57.1
1,10,35,0,10,0,10,15,232,135,97,58.19,50.0,72.4
1,10,35,0,10,0,15,8,232,79,153,34.05,21.4,41.7
1,10,35,0,10,0,15,10,232,93,139,40.09,21.4,46.4
1,10,35,0,10,0,15,15,232,111,121,47.84,35.7,58.6
1,10,35,0,10,15,8,8,150,77,73,51.33,30.0,66.7
1,10,35,0,10,15,8,10,150,89,61,59.33,40.0,71.0
1,10,35,0,10,15,8,15,150,104,46,69.33,50.0,83.3
1,10,35,0,10,15,10,8,150,69,81,46.00,30.0,66.7
1,10,35,0,10,15,10,10,150,81,69,54.00,40.0,66.7
1,10,35,0,10,15,10,15,150,99,51,66.00,50.0,83.3
1,10,35,0,10,15,15,8,149,53,96,35.57,22.7,45.2
1,10,35,0,10,15,15,10,149,63,86,42.28,36.4,51.6
1,10,35,0,10,15,15,15,149,80,69,53.69,45.5,61.5
1,10,35,0,10,30,8,8,123,61,62,49.59,40.0,62.5
1,10,35,0,10,30,8,10,123,67,56,54.47,40.7,87.5
1,10,35,0,10,30,8,15,123,81,42,65.85,48.1,87.5
1,10,35,0,10,30,10,8,123,51,72,41.46,26.7,58.3
1,10,35,0,10,30,10,10,123,58,65,47.15,29.6,75.0
1,10,35,0,10,30,10,15,123,74,49,60.16,40.7,75.0
1,10,35,0,10,30,15,8,122,42,80,34.43,20.0,50.0
1,10,35,0,10,30,15,10,122,46,76,37.70,20.0,55.6
1,10,35,0,10,30,15,15,122,64,58,52.46,40.7,75.0
1,10,35,8,0,0,8,8,313,149,164,47.60,25.0,60.0
1,10,35,8,0,0,8,10,313,165,148,52.72,35.0,63.3
1,10,35,8,0,0,8,15,312,202,110,64.74,55.0,70.0
1,10,35,8,0,0,10,8,313,134,179,42.81,20.0,56.7
1,10,35,8,0,0,10,10,313,150,163,47.92,25.0,60.0
1,10,35,8,0,0,10,15,311,189,122,60.77,47.4,66.7
1,10,35,8,0,0,15,8,313,102,211,32.59,10.0,46.7
1,10,35,8,0,0,15,10,312,119,193,38.14,15.0,50.0
1,10,35,8,0,0,15,15,310,154,156,49.68,36.8,54.8
1,10,35,8,0,15,8,8,207,106,101,51.21,42.9,58.1
1,10,35,8,0,15,8,10,207,118,89,57.00,42.9,64.5
1,10,35,8,0,15,8,15,207,134,73,64.73,57.1,76.9
1,10,35,8,0,15,10,8,207,97,110,46.86,35.7,58.1
1,10,35,8,0,15,10,10,207,109,98,52.66,35.7,64.5
1,10,35,8,0,15,10,15,207,125,82,60.39,42.9,69.2
1,10,35,8,0,15,15,8,206,74,132,35.92,28.6,45.2
1,10,35,8,0,15,15,10,206,85,121,41.26,28.6,54.8
1,10,35,8,0,15,15,15,206,106,100,51.46,35.7,61.3
1,10,35,8,0,30,8,8,176,82,94,46.59,30.0,54.2
1,10,35,8,0,30,8,10,176,92,84,52.27,30.0,60.0
1,10,35,8,0,30,8,15,175,111,64,63.43,50.0,75.0
1,10,35,8,0,30,10,8,176,74,102,42.05,30.0,54.2
1,10,35,8,0,30,10,10,176,84,92,47.73,30.0,58.3
1,10,35,8,0,30,10,15,175,100,75,57.14,48.0,68.8
1,10,35,8,0,30,15,8,176,59,117,33.52,25.0,45.8
1,10,35,8,0,30,15,10,176,68,108,38.64,30.0,50.0
1,10,35,8,0,30,15,15,175,84,91,48.00,36.0,58.3
1,10,35,8,5,0,8,8,143,74,69,51.75,38.5,63.6
1,10,35,8,5,0,8,10,143,82,61,57.34,41.7,73.7
1,10,35,8,5,0,8,15,143,99,44,69.23,46.2,83.3
1,10,35,8,5,0,10,8,143,64,79,44.76,36.1,59.1
1,10,35,8,5,0,10,10,143,72,71,50.35,36.1,63.6
1,10,35,8,5,0,10,15,143,90,53,62.94,46.2,75.0
1,10,35,8,5,0,15,8,143,49,94,34.27,26.7,50.0
1,10,35,8,5,0,15,10,142,55,87,38.73,30.8,54.5
1,10,35,8,5,0,15,15,141,76,65,53.90,41.7,61.5
1,10,35,8,5,15,8,8,106,48,58,45.28,29.4,52.6
1,10,35,8,5,15,8,10,105,52,53,49.52,35.3,57.9
1,10,35,8,5,15,8,15,105,68,37,64.76,50.0,73.7
1,10,35,8,5,15,10,8,106,42,64,39.62,17.6,52.6
1,10,35,8,5,15,10,10,105,46,59,43.81,23.5,57.9
1,10,35,8,5,15,10,15,105,63,42,60.00,44.4,73.7
1,10,35,8,5,15,15,8,106,34,72,32.08,11.8,50.0
1,10,35,8,5,15,15,10,105,37,68,35.24,11.8,50.0
1,10,35,8,5,15,15,15,105,57,48,54.29,44.4,68.4
1,10,35,8,5,30,8,8,90,48,42,53.33,30.8,100.0
1,10,35,8,5,30,8,10,90,50,40,55.56,38.5,100.0
1,10,35,8,5,30,8,15,89,56,33,62.92,38.5,100.0
1,10,35,8,5,30,10,8,90,44,46,48.89,23.1,100.0
1,10,35,8,5,30,10,10,90,46,44,51.11,30.8,100.0
1,10,35,8,5,30,10,15,89,51,38,57.30,30.8,100.0
1,10,35,8,5,30,15,8,90,35,55,38.89,15.4,100.0
1,10,35,8,5,30,15,10,90,37,53,41.11,23.1,100.0
1,10,35,8,5,30,15,15,89,46,43,51.69,23.1,100.0
1,10,35,8,10,0,8,8,92,40,52,43.48,31.3,100.0
1,10,35,8,10,0,8,10,92,51,41,55.43,42.9,100.0
1,10,35,8,10,0,8,15,92,56,36,60.87,50.0,100.0
1,10,35,8,10,0,10,8,92,36,56,39.13,21.4,100.0
1,10,35,8,10,0,10,10,92,46,46,50.00,38.1,100.0
1,10,35,8,10,0,10,15,92,52,40,56.52,40.0,100.0
1,10,35,8,10,0,15,8,92,26,66,28.26,0.0,50.0
1,10,35,8,10,0,15,10,92,37,55,40.22,28.6,62.5
1,10,35,8,10,0,15,15,91,44,47,48.35,28.6,100.0
1,10,35,8,10,15,8,8,62,32,30,51.61,22.2,100.0
1,10,35,8,10,15,8,10,62,34,28,54.84,22.2,100.0
1,10,35,8,10,15,8,15,62,37,25,59.68,33.3,100.0
1,10,35,8,10,15,10,8,62,29,33,46.77,22.2,100.0
1,10,35,8,10,15,10,10,62,32,30,51.61,22.2,100.0
1,10,35,8,10,15,10,15,62,35,27,56.45,33.3,100.0
1,10,35,8,10,15,15,8,62,23,39,37.10,22.2,58.3
1,10,35,8,10,15,15,10,62,27,35,43.55,22.2,58.3
1,10,35,8,10,15,15,15,61,30,31,49.18,33.3,100.0
1,10,35,8,10,30,8,8,59,28,31,47.46,33.3,100.0
1,10,35,8,10,30,8,10,58,32,26,55.17,42.9,100.0
1,10,35,8,10,30,8,15,58,35,23,60.34,42.9,100.0
1,10,35,8,10,30,10,8,59,25,34,42.37,33.3,100.0
1,10,35,8,10,30,10,10,58,28,30,48.28,40.0,100.0
1,10,35,8,10,30,10,15,58,33,25,56.90,40.0,100.0
1,10,35,8,10,30,15,8,59,21,38,35.59,22.2,100.0
1,10,35,8,10,30,15,10,58,24,34,41.38,33.3,100.0
1,10,35,8,10,30,15,15,58,30,28,51.72,35.7,100.0
1,10,35,15,0,0,8,8,119,56,63,47.06,33.3,58.8
1,10,35,15,0,0,8,10,119,62,57,52.10,43.5,75.0
1,10,35,15,0,0,8,15,118,74,44,62.71,52.2,82.4
1,10,35,15,0,0,10,8,119,45,74,37.82,16.7,50.0
1,10,35,15,0,0,10,10,119,51,68,42.86,33.3,75.0
1,10,35,15,0,0,10,15,118,64,54,54.24,36.4,75.0
1,10,35,15,0,0,15,8,119,39,80,32.77,16.7,50.0
1,10,35,15,0,0,15,10,119,45,74,37.82,26.3,75.0
1,10,35,15,0,0,15,15,118,56,62,47.46,36.4,75.0
1,10,35,15,0,15,8,8,87,43,44,49.43,33.3,100.0
1,10,35,15,0,15,8,10,87,51,36,58.62,47.6,100.0
1,10,35,15,0,15,8,15,87,57,30,65.52,50.0,100.0
1,10,35,15,0,15,10,8,87,40,47,45.98,25.0,100.0
1,10,35,15,0,15,10,10,87,47,40,54.02,33.3,100.0
1,10,35,15,0,15,10,15,87,53,34,60.92,33.3,100.0
1,10,35,15,0,15,15,8,87,30,57,34.48,14.3,100.0
1,10,35,15,0,15,15,10,87,38,49,43.68,28.6,100.0
1,10,35,15,0,15,15,15,87,47,40,54.02,28.6,100.0
1,10,35,15,0,30,8,8,78,38,40,48.72,22.2,100.0
1,10,35,15,0,30,8,10,78,44,34,56.41,33.3,100.0
1,10,35,15,0,30,8,15,78,48,30,61.54,33.3,100.0
1,10,35,15,0,30,10,8,78,32,46,41.03,22.2,100.0
1,10,35,15,0,30,10,10,78,39,39,50.00,33.3,100.0
1,10,35,15,0,30,10,15,78,45,33,57.69,33.3,100.0
1,10,35,15,0,30,15,8,77,27,50,35.06,20.0,100.0
1,10,35,15,0,30,15,10,77,33,44,42.86,30.0,100.0
1,10,35,15,0,30,15,15,77,40,37,51.95,33.3,100.0
1,10,35,15,5,0,8,8,77,36,41,46.75,30.0,100.0
1,10,35,15,5,0,8,10,77,39,38,50.65,30.0,100.0
1,10,35,15,5,0,8,15,77,48,29,62.34,55.6,100.0
1,10,35,15,5,0,10,8,77,32,45,41.56,20.0,100.0
1,10,35,15,5,0,10,10,77,34,43,44.16,20.0,100.0
1,10,35,15,5,0,10,15,77,43,34,55.84,44.4,100.0
1,10,35,15,5,0,15,8,76,26,50,34.21,10.0,50.0
1,10,35,15,5,0,15,10,76,28,48,36.84,10.0,50.0
1,10,35,15,5,0,15,15,75,37,38,49.33,40.0,100.0
1,10,35,15,5,15,8,8,61,26,35,42.62,20.0,100.0
1,10,35,15,5,15,8,10,61,29,32,47.54,30.0,100.0
1,10,35,15,5,15,8,15,60,34,26,56.67,40.0,100.0
1,10,35,15,5,15,10,8,61,24,37,39.34,20.0,100.0
1,10,35,15,5,15,10,10,61,26,35,42.62,30.0,100.0
1,10,35,15,5,15,10,15,60,30,30,50.00,40.0,100.0
1,10,35,15,5,15,15,8,61,18,43,29.51,10.0,50.0
1,10,35,15,5,15,15,10,61,19,42,31.15,20.0,50.0
1,10,35,15,5,15,15,15,59,24,35,40.68,30.0,100.0
1,10,35,15,5,30,8,8,48,21,27,43.75,20.0,100.0
1,10,35,15,5,30,8,10,48,25,23,52.08,20.0,100.0
1,10,35,15,5,30,8,15,48,29,19,60.42,40.0,100.0
1,10,35,15,5,30,10,8,47,18,29,38.30,20.0,100.0
1,10,35,15,5,30,10,10,47,22,25,46.81,20.0,100.0
1,10,35,15,5,30,10,15,47,25,22,53.19,20.0,100.0
1,10,35,15,5,30,15,8,47,15,32,31.91,20.0,50.0
1,10,35,15,5,30,15,10,47,17,30,36.17,20.0,50.0
1,10,35,15,5,30,15,15,46,20,26,43.48,20.0,100.0
1,10,35,15,10,0,8,8,43,23,20,53.49,33.3,100.0
1,10,35,15,10,0,8,10,43,29,14,67.44,40.0,100.0
1,10,35,15,10,0,8,15,43,31,12,72.09,50.0,100.0
1,10,35,15,10,0,10,8,43,18,25,41.86,16.7,100.0
1,10,35,15,10,0,10,10,43,25,18,58.14,33.3,100.0
1,10,35,15,10,0,10,15,43,28,15,65.12,33.3,100.0
1,10,35,15,10,0,15,8,43,13,30,30.23,14.3,50.0
1,10,35,15,10,0,15,10,43,19,24,44.19,33.3,50.0
1,10,35,15,10,0,15,15,43,23,20,53.49,33.3,75.0
1,10,35,15,10,15,8,8,39,19,20,48.72,25.0,100.0
1,10,35,15,10,15,8,10,39,20,19,51.28,25.0,100.0
1,10,35,15,10,15,8,15,39,26,13,66.67,42.9,100.0
1,10,35,15,10,15,10,8,39,16,23,41.03,25.0,50.0
1,10,35,15,10,15,10,10,39,17,22,43.59,25.0,50.0
1,10,35,15,10,15,10,15,39,22,17,56.41,42.9,75.0
1,10,35,15,10,15,15,8,39,16,23,41.03,25.0,50.0
1,10,35,15,10,15,15,10,39,17,22,43.59,25.0,50.0
1,10,35,15,10,15,15,15,39,21,18,53.85,42.9,62.5
1,10,35,15,10,30,8,8,37,20,17,54.05,25.0,100.0
1,10,35,15,10,30,8,10,37,21,16,56.76,25.0,100.0
1,10,35,15,10,30,8,15,37,25,12,67.57,50.0,100.0
1,10,35,15,10,30,10,8,37,17,20,45.95,25.0,60.0
1,10,35,15,10,30,10,10,37,19,18,51.35,25.0,70.0
1,10,35,15,10,30,10,15,37,22,15,59.46,50.0,70.0
1,10,35,15,10,30,15,8,37,13,24,35.14,0.0,50.0
1,10,35,15,10,30,15,10,37,14,23,37.84,0.0,50.0
1,10,35,15,10,30,15,15,37,17,20,45.95,0.0,62.5
1,15,15,0,0,0,8,8,1932,927,1005,47.98,39.3,54.5
1,15,15,0,0,0,8,10,1928,1034,894,53.63,47.9,59.9
1,15,15,0,0,0,8,15,1918,1210,708,63.09,56.6,69.8
1,15,15,0,0,0,10,8,1927,824,1103,42.76,36.8,47.8
1,15,15,0,0,0,10,10,1922,934,988,48.60,44.7,53.0
1,15,15,0,0,0,10,15,1912,1112,800,58.16,54.5,62.6
1,15,15,0,0,0,15,8,1925,646,1279,33.56,28.5,37.2
1,15,15,0,0,0,15,10,1920,751,1169,39.11,36.3,43.5
1,15,15,0,0,0,15,15,1909,920,989,48.19,44.4,52.2
1,15,15,0,0,15,8,8,871,440,431,50.52,44.6,56.7
1,15,15,0,0,15,8,10,871,488,383,56.03,49.4,59.8
1,15,15,0,0,15,8,15,869,569,300,65.48,56.6,68.8
1,15,15,0,0,15,10,8,869,389,480,44.76,37.3,49.6
1,15,15,0,0,15,10,10,869,436,433,50.17,44.6,53.5
1,15,15,0,0,15,10,15,867,523,344,60.32,50.6,64.3
1,15,15,0,0,15,15,8,869,305,564,35.10,26.5,39.8
1,15,15,0,0,15,15,10,868,346,522,39.86,32.9,43.8
1,15,15,0,0,15,15,15,865,430,435,49.71,39.5,55.4
1,15,15,0,0,30,8,8,701,350,351,49.93,42.2,58.8
1,15,15,0,0,30,8,10,700,387,313,55.29,53.3,61.9
1,15,15,0,0,30,8,15,698,460,238,65.90,62.4,69.5
1,15,15,0,0,30,10,8,700,306,394,43.71,36.1,54.8
1,15,15,0,0,30,10,10,699,347,352,49.64,46.8,59.0
1,15,15,0,0,30,10,15,697,423,274,60.69,56.5,66.7
1,15,15,0,0,30,15,8,700,241,459,34.43,29.0,44.0
1,15,15,0,0,30,15,10,698,280,418,40.11,35.7,47.0
1,15,15,0,0,30,15,15,696,352,344,50.57,42.6,59.0
1,15,15,0,5,0,8,8,576,275,301,47.74,43.5,52.9
1,15,15,0,5,0,8,10,576,306,270,53.13,47.8,57.9
1,15,15,0,5,0,8,15,572,360,212,62.94,52.2,70.0
1,15,15,0,5,0,10,8,576,239,337,41.49,36.2,48.2
1,15,15,0,5,0,10,10,576,268,308,46.53,41.4,51.8
1,15,15,0,5,0,10,15,572,328,244,57.34,50.0,63.3
1,15,15,0,5,0,15,8,575,191,384,33.22,29.6,38.8
1,15,15,0,5,0,15,10,574,220,354,38.33,31.1,43.5
1,15,15,0,5,0,15,15,570,274,296,48.07,40.0,52.9
1,15,15,0,5,15,8,8,326,162,164,49.69,38.1,54.4
1,15,15,0,5,15,8,10,326,180,146,55.21,46.6,64.6
1,15,15,0,5,15,8,15,324,215,109,66.36,60.2,76.5
1,15,15,0,5,15,10,8,326,151,175,46.32,33.3,50.9
1,15,15,0,5,15,10,10,326,169,157,51.84,45.5,60.4
1,15,15,0,5,15,10,15,324,202,122,62.35,57.1,69.0
1,15,15,0,5,15,15,8,325,117,208,36.00,23.8,41.7
1,15,15,0,5,15,15,10,325,131,194,40.31,37.5,47.9
1,15,15,0,5,15,15,15,323,170,153,52.63,42.9,57.6
1,15,15,0,5,30,8,8,267,135,132,50.56,43.8,61.5
1,15,15,0,5,30,8,10,267,151,116,56.55,50.0,69.2
1,15,15,0,5,30,8,15,266,170,96,63.91,56.3,84.6
1,15,15,0,5,30,10,8,267,124,143,46.44,38.9,60.5
1,15,15,0,5,30,10,10,267,140,127,52.43,43.1,65.8
1,15,15,0,5,30,10,15,266,159,107,59.77,50.0,76.9
1,15,15,0,5,30,15,8,267,101,166,37.83,23.1,47.4
1,15,15,0,5,30,15,10,267,117,150,43.82,30.8,52.6
1,15,15,0,5,30,15,15,265,135,130,50.94,41.7,60.5
1,15,15,0,10,0,8,8,248,119,129,47.98,34.4,53.8
1,15,15,0,10,0,8,10,248,138,110,55.65,46.7,65.2
1,15,15,0,10,0,8,15,248,157,91,63.31,52.9,73.9
1,15,15,0,10,0,10,8,247,105,142,42.51,34.4,47.1
1,15,15,0,10,0,10,10,247,124,123,50.20,45.5,57.1
1,15,15,0,10,0,10,15,247,145,102,58.70,51.4,68.8
1,15,15,0,10,0,15,8,247,83,164,33.60,20.0,39.0
1,15,15,0,10,0,15,10,247,100,147,40.49,20.0,53.6
1,15,15,0,10,0,15,15,247,119,128,48.18,33.3,56.4
1,15,15,0,10,15,8,8,159,86,73,54.09,40.0,64.7
1,15,15,0,10,15,8,10,159,96,63,60.38,48.1,75.0
1,15,15,0,10,15,8,15,159,111,48,69.81,59.1,78.6
1,15,15,0,10,15,10,8,159,78,81,49.06,30.0,64.7
1,15,15,0,10,15,10,10,159,88,71,55.35,40.0,67.9
1,15,15,0,10,15,10,15,159,106,53,66.67,55.6,76.5
1,15,15,0,10,15,15,8,158,61,97,38.61,30.0,48.5
1,15,15,0,10,15,15,10,158,70,88,44.30,33.3,54.5
1,15,15,0,10,15,15,15,158,88,70,55.70,44.4,66.7
1,15,15,0,10,30,8,8,128,70,58,54.69,37.5,65.0
1,15,15,0,10,30,8,10,127,76,51,59.84,37.5,70.0
1,15,15,0,10,30,8,15,127,89,38,70.08,60.0,80.0
1,15,15,0,10,30,10,8,128,58,70,45.31,25.0,60.0
1,15,15,0,10,30,10,10,127,66,61,51.97,25.0,65.0
1,15,15,0,10,30,10,15,127,83,44,65.35,50.0,80.0
1,15,15,0,10,30,15,8,128,47,81,36.72,20.0,55.0
1,15,15,0,10,30,15,10,127,54,73,42.52,20.0,60.0
1,15,15,0,10,30,15,15,127,73,54,57.48,37.5,75.0
1,15,15,8,0,0,8,8,327,155,172,47.40,26.1,60.7
1,15,15,8,0,0,8,10,327,172,155,52.60,30.4,64.3
1,15,15,8,0,0,8,15,326,210,116,64.42,52.2,71.4
1,15,15,8,0,0,10,8,327,139,188,42.51,26.1,57.1
1,15,15,8,0,0,10,10,327,158,169,48.32,30.4,60.7
1,15,15,8,0,0,10,15,325,197,128,60.62,50.0,66.7
1,15,15,8,0,0,15,8,327,107,220,32.72,13.0,50.0
1,15,15,8,0,0,15,10,326,126,200,38.65,17.4,53.6
1,15,15,8,0,0,15,15,324,160,164,49.38,36.4,57.1
1,15,15,8,0,15,8,8,218,108,110,49.54,35.7,59.4
1,15,15,8,0,15,8,10,218,122,96,55.96,35.7,65.6
1,15,15,8,0,15,8,15,218,140,78,64.22,50.0,79.3
1,15,15,8,0,15,10,8,218,101,117,46.33,35.7,59.4
1,15,15,8,0,15,10,10,218,114,104,52.29,35.7,65.6
1,15,15,8,0,15,10,15,218,132,86,60.55,42.9,72.4
1,15,15,8,0,15,15,8,217,78,139,35.94,27.6,46.9
1,15,15,8,0,15,15,10,217,89,128,41.01,28.6,56.3
1,15,15,8,0,15,15,15,217,112,105,51.61,35.7,62.5
1,15,15,8,0,30,8,8,182,90,92,49.45,40.9,69.2
1,15,15,8,0,30,8,10,182,100,82,54.95,45.5,69.2
1,15,15,8,0,30,8,15,181,115,66,63.54,52.0,78.3
1,15,15,8,0,30,10,8,182,82,100,45.05,27.3,69.2
1,15,15,8,0,30,10,10,182,92,90,50.55,27.3,69.2
1,15,15,8,0,30,10,15,181,103,78,56.91,36.4,73.9
1,15,15,8,0,30,15,8,182,68,114,37.36,26.1,57.7
1,15,15,8,0,30,15,10,182,76,106,41.76,27.3,57.7
1,15,15,8,0,30,15,15,181,87,94,48.07,36.0,61.5
1,15,15,8,5,0,8,8,159,85,74,53.46,38.5,66.7
1,15,15,8,5,0,8,10,159,97,62,61.01,46.2,73.3
1,15,15,8,5,0,8,15,159,114,45,71.70,53.8,86.7
1,15,15,8,5,0,10,8,159,77,82,48.43,38.5,61.5
1,15,15,8,5,0,10,10,159,89,70,55.97,46.2,69.2
1,15,15,8,5,0,10,15,159,107,52,67.30,53.8,73.3
1,15,15,8,5,0,15,8,159,54,105,33.96,23.1,53.8
1,15,15,8,5,0,15,10,158,64,94,40.51,30.8,61.5
1,15,15,8,5,0,15,15,157,84,73,53.50,33.3,66.7
1,15,15,8,5,15,8,8,126,62,64,49.21,42.9,60.0
1,15,15,8,5,15,8,10,125,68,57,54.40,42.9,70.0
1,15,15,8,5,15,8,15,125,80,45,64.00,50.0,80.0
1,15,15,8,5,15,10,8,126,57,69,45.24,35.7,60.0
1,15,15,8,5,15,10,10,125,62,63,49.60,37.5,70.0
1,15,15,8,5,15,10,15,125,74,51,59.20,37.5,80.0
1,15,15,8,5,15,15,8,126,46,80,36.51,33.3,45.0
1,15,15,8,5,15,15,10,125,51,74,40.80,33.3,55.0
1,15,15,8,5,15,15,15,125,65,60,52.00,37.5,70.0
1,15,15,8,5,30,8,8,104,59,45,56.73,30.8,78.9
1,15,15,8,5,30,8,10,104,62,42,59.62,38.5,84.2
1,15,15,8,5,30,8,15,103,68,35,66.02,38.5,84.2
1,15,15,8,5,30,10,8,104,53,51,50.96,23.1,73.7
1,15,15,8,5,30,10,10,104,56,48,53.85,30.8,78.9
1,15,15,8,5,30,10,15,103,62,41,60.19,30.8,78.9
1,15,15,8,5,30,15,8,104,42,62,40.38,15.4,50.0
1,15,15,8,5,30,15,10,104,45,59,43.27,23.1,50.0
1,15,15,8,5,30,15,15,103,54,49,52.43,23.1,66.7
1,15,15,8,10,0,8,8,102,51,51,50.00,34.6,66.7
1,15,15,8,10,0,8,10,102,64,38,62.75,50.0,77.8
1,15,15,8,10,0,8,15,102,67,35,65.69,57.7,77.8
1,15,15,8,10,0,10,8,101,44,57,43.56,30.8,61.1
1,15,15,8,10,0,10,10,101,57,44,56.44,46.2,72.2
1,15,15,8,10,0,10,15,101,60,41,59.41,50.0,72.2
1,15,15,8,10,0,15,8,101,35,66,34.65,16.7,44.4
1,15,15,8,10,0,15,10,101,49,52,48.51,33.3,66.7
1,15,15,8,10,0,15,15,101,52,49,51.49,33.3,66.7
1,15,15,8,10,15,8,8,73,42,31,57.53,22.2,78.6
1,15,15,8,10,15,8,10,73,44,29,60.27,22.2,78.6
1,15,15,8,10,15,8,15,73,50,23,68.49,33.3,85.7
1,15,15,8,10,15,10,8,73,39,34,53.42,22.2,78.6
1,15,15,8,10,15,10,10,73,41,32,56.16,22.2,78.6
1,15,15,8,10,15,10,15,73,49,24,67.12,33.3,85.7
1,15,15,8,10,15,15,8,73,29,44,39.73,22.2,57.1
1,15,15,8,10,15,15,10,73,31,42,42.47,22.2,57.1
1,15,15,8,10,15,15,15,72,40,32,55.56,33.3,70.6
1,15,15,8,10,30,8,8,72,37,35,51.39,42.9,75.0
1,15,15,8,10,30,8,10,72,41,31,56.94,42.9,76.9
1,15,15,8,10,30,8,15,72,45,27,62.50,42.9,85.7
1,15,15,8,10,30,10,8,72,33,39,45.83,33.3,75.0
1,15,15,8,10,30,10,10,72,37,35,51.39,33.3,75.0
1,15,15,8,10,30,10,15,72,43,29,59.72,33.3,85.7
1,15,15,8,10,30,15,8,72,24,48,33.33,22.2,50.0
1,15,15,8,10,30,15,10,72,29,43,40.28,33.3,53.8
1,15,15,8,10,30,15,15,72,36,36,50.00,33.3,71.4
1,15,15,15,0,0,8,8,128,71,57,55.47,50.0,68.8
1,15,15,15,0,0,8,10,128,75,53,58.59,52.2,68.8
1,15,15,15,0,0,8,15,127,84,43,66.14,60.9,78.9
1,15,15,15,0,0,10,8,128,62,66,48.44,28.6,62.5
1,15,15,15,0,0,10,10,128,67,61,52.34,47.1,62.5
1,15,15,15,0,0,10,15,127,77,50,60.63,50.0,78.9
1,15,15,15,0,0,15,8,128,49,79,38.28,28.6,43.8
1,15,15,15,0,0,15,10,128,53,75,41.41,29.4,50.0
1,15,15,15,0,0,15,15,127,64,63,50.39,43.8,63.2
1,15,15,15,0,15,8,8,102,52,50,50.98,33.3,65.0
1,15,15,15,0,15,8,10,102,60,42,58.82,46.2,75.0
1,15,15,15,0,15,8,15,101,68,33,67.33,50.0,90.0
1,15,15,15,0,15,10,8,102,49,53,48.04,25.0,65.0
1,15,15,15,0,15,10,10,102,56,46,54.90,33.3,75.0
1,15,15,15,0,15,10,15,101,62,39,61.39,33.3,80.0
1,15,15,15,0,15,15,8,102,39,63,38.24,25.0,60.0
1,15,15,15,0,15,15,10,102,45,57,44.12,33.3,60.0
1,15,15,15,0,15,15,15,101,53,48,52.48,33.3,70.0
1,15,15,15,0,30,8,8,86,47,39,54.65,22.2,76.9
1,15,15,15,0,30,8,10,86,50,36,58.14,33.3,76.9
1,15,15,15,0,30,8,15,86,58,28,67.44,33.3,84.6
1,15,15,15,0,30,10,8,86,40,46,46.51,22.2,76.5
1,15,15,15,0,30,10,10,86,43,43,50.00,33.3,76.5
1,15,15,15,0,30,10,15,86,53,33,61.63,33.3,76.5
1,15,15,15,0,30,15,8,85,33,52,38.82,22.2,58.8
1,15,15,15,0,30,15,10,85,36,49,42.35,33.3,58.8
1,15,15,15,0,30,15,15,85,45,40,52.94,33.3,64.7
1,15,15,15,5,0,8,8,80,38,42,47.50,33.3,57.9
1,15,15,15,5,0,8,10,80,43,37,53.75,33.3,71.4
1,15,15,15,5,0,8,15,80,54,26,67.50,50.0,85.7
1,15,15,15,5,0,10,8,80,33,47,41.25,31.6,52.6
1,15,15,15,5,0,10,10,80,38,42,47.50,33.3,60.0
1,15,15,15,5,0,10,15,80,49,31,61.25,44.4,71.4
1,15,15,15,5,0,15,8,80,26,54,32.50,16.7,42.1
1,15,15,15,5,0,15,10,80,31,49,38.75,16.7,47.4
1,15,15,15,5,0,15,15,80,44,36,55.00,33.3,71.4
1,15,15,15,5,15,8,8,69,32,37,46.38,20.0,57.1
1,15,15,15,5,15,8,10,69,34,35,49.28,40.0,57.1
1,15,15,15,5,15,8,15,69,41,28,59.42,40.0,71.4
1,15,15,15,5,15,10,8,69,30,39,43.48,20.0,57.1
1,15,15,15,5,15,10,10,69,32,37,46.38,33.3,57.1
1,15,15,15,5,15,10,15,69,39,30,56.52,33.3,71.4
1,15,15,15,5,15,15,8,69,21,48,30.43,16.7,42.9
1,15,15,15,5,15,15,10,69,22,47,31.88,16.7,44.4
1,15,15,15,5,15,15,15,68,31,37,45.59,33.3,71.4
1,15,15,15,5,30,8,8,59,31,28,52.54,20.0,100.0
1,15,15,15,5,30,8,10,59,32,27,54.24,20.0,100.0
1,15,15,15,5,30,8,15,59,39,20,66.10,40.0,100.0
1,15,15,15,5,30,10,8,59,28,31,47.46,20.0,100.0
1,15,15,15,5,30,10,10,59,29,30,49.15,20.0,100.0
1,15,15,15,5,30,10,15,59,38,21,64.41,20.0,100.0
1,15,15,15,5,30,15,8,59,20,39,33.90,20.0,50.0
1,15,15,15,5,30,15,10,59,21,38,35.59,20.0,50.0
1,15,15,15,5,30,15,15,58,29,29,50.00,20.0,100.0
1,15,15,15,10,0,8,8,61,25,36,40.98,12.5,100.0
1,15,15,15,10,0,8,10,61,29,32,47.54,25.0,100.0
1,15,15,15,10,0,8,15,60,36,24,60.00,33.3,100.0
1,15,15,15,10,0,10,8,61,21,40,34.43,12.5,100.0
1,15,15,15,10,0,10,10,61,27,34,44.26,22.2,100.0
1,15,15,15,10,0,10,15,60,33,27,55.00,22.2,100.0
1,15,15,15,10,0,15,8,61,16,45,26.23,11.1,50.0
1,15,15,15,10,0,15,10,61,20,41,32.79,11.1,50.0
1,15,15,15,10,0,15,15,60,25,35,41.67,11.1,56.3
1,15,15,15,10,15,8,8,46,20,26,43.48,28.6,100.0
1,15,15,15,10,15,8,10,46,23,23,50.00,33.3,100.0
1,15,15,15,10,15,8,15,45,30,15,66.67,40.0,100.0
1,15,15,15,10,15,10,8,46,16,30,34.78,14.3,50.0
1,15,15,15,10,15,10,10,46,20,26,43.48,28.6,54.5
1,15,15,15,10,15,10,15,45,26,19,57.78,40.0,72.7
1,15,15,15,10,15,15,8,46,14,32,30.43,0.0,50.0
1,15,15,15,10,15,15,10,46,16,30,34.78,14.3,50.0
1,15,15,15,10,15,15,15,45,22,23,48.89,28.6,63.6
1,15,15,15,10,30,8,8,43,21,22,48.84,28.6,100.0
1,15,15,15,10,30,8,10,43,23,20,53.49,28.6,100.0
1,15,15,15,10,30,8,15,43,30,13,69.77,50.0,100.0
1,15,15,15,10,30,10,8,43,17,26,39.53,25.0,50.0
1,15,15,15,10,30,10,10,43,20,23,46.51,25.0,60.0
1,15,15,15,10,30,10,15,43,27,16,62.79,50.0,75.0
1,15,15,15,10,30,15,8,43,12,31,27.91,0.0,50.0
1,15,15,15,10,30,15,10,43,14,29,32.56,0.0,54.5
1,15,15,15,10,30,15,15,43,20,23,46.51,0.0,63.6
1,15,25,0,0,0,8,8,1934,929,1005,48.04,38.9,54.0
1,15,25,0,0,0,8,10,1930,1037,893,53.73,47.7,60.3
1,15,25,0,0,0,8,15,1920,1213,707,63.18,56.5,70.1
1,15,25,0,0,0,10,8,1929,823,1106,42.66,36.4,47.2
1,15,25,0,0,0,10,10,1924,934,990,48.54,44.7,53.2
1,15,25,0,0,0,10,15,1914,1114,800,58.20,54.4,63.0
1,15,25,0,0,0,15,8,1927,644,1283,33.42,28.0,36.5
1,15,25,0,0,0,15,10,1922,749,1173,38.97,36.3,43.5
1,15,25,0,0,0,15,15,1911,920,991,48.14,44.1,51.6
1,15,25,0,0,15,8,8,868,436,432,50.23,42.7,57.6
1,15,25,0,0,15,8,10,868,485,383,55.88,47.6,60.0
1,15,25,0,0,15,8,15,866,568,298,65.59,56.1,68.8
1,15,25,0,0,15,10,8,866,386,480,44.57,36.6,50.4
1,15,25,0,0,15,10,10,866,436,430,50.35,43.9,53.6
1,15,25,0,0,15,10,15,864,525,339,60.76,51.2,64.3
1,15,25,0,0,15,15,8,866,300,566,34.64,25.6,37.1
1,15,25,0,0,15,15,10,865,343,522,39.65,32.1,42.9
1,15,25,0,0,15,15,15,862,430,432,49.88,40.0,54.5
1,15,25,0,0,30,8,8,692,345,347,49.86,42.0,57.8
1,15,25,0,0,30,8,10,691,381,310,55.14,52.8,61.0
1,15,25,0,0,30,8,15,689,453,236,65.75,62.4,68.8
1,15,25,0,0,30,10,8,691,304,387,43.99,35.8,54.9
1,15,25,0,0,30,10,10,690,343,347,49.71,47.5,58.0
1,15,25,0,0,30,10,15,688,418,270,60.76,57.4,65.8
1,15,25,0,0,30,15,8,691,241,450,34.88,27.9,43.9
1,15,25,0,0,30,15,10,689,279,410,40.49,35.0,46.9
1,15,25,0,0,30,15,15,687,352,335,51.24,41.7,60.5
1,15,25,0,5,0,8,8,567,272,295,47.97,43.5,53.8
1,15,25,0,5,0,8,10,567,302,265,53.26,46.7,57.9
1,15,25,0,5,0,8,15,563,355,208,63.06,51.1,71.9
1,15,25,0,5,0,10,8,567,236,331,41.62,36.8,48.8
1,15,25,0,5,0,10,10,567,264,303,46.56,40.0,52.5
1,15,25,0,5,0,10,15,563,323,240,57.37,46.7,64.9
1,15,25,0,5,0,15,8,566,187,379,33.04,28.9,40.0
1,15,25,0,5,0,15,10,565,216,349,38.23,29.5,45.0
1,15,25,0,5,0,15,15,561,270,291,48.13,38.6,55.0
1,15,25,0,5,15,8,8,322,162,160,50.31,42.9,56.4
1,15,25,0,5,15,8,10,322,176,146,54.66,46.5,63.8
1,15,25,0,5,15,8,15,320,209,111,65.31,52.4,75.8
1,15,25,0,5,15,10,8,322,149,173,46.27,38.1,51.1
1,15,25,0,5,15,10,10,322,163,159,50.62,42.9,59.6
1,15,25,0,5,15,10,15,320,194,126,60.62,47.6,66.0
1,15,25,0,5,15,15,8,321,115,206,35.83,27.3,42.6
1,15,25,0,5,15,15,10,321,126,195,39.25,33.3,46.8
1,15,25,0,5,15,15,15,319,162,157,50.78,38.1,56.3
1,15,25,0,5,30,8,8,271,132,139,48.71,43.8,59.5
1,15,25,0,5,30,8,10,271,147,124,54.24,48.1,69.2
1,15,25,0,5,30,8,15,270,166,104,61.48,55.8,76.9
1,15,25,0,5,30,10,8,271,122,149,45.02,37.7,59.5
1,15,25,0,5,30,10,10,271,137,134,50.55,41.6,64.9
1,15,25,0,5,30,10,15,270,156,114,57.78,49.4,70.3
1,15,25,0,5,30,15,8,271,99,172,36.53,23.1,45.9
1,15,25,0,5,30,15,10,271,116,155,42.80,38.5,51.4
1,15,25,0,5,30,15,15,269,135,134,50.19,41.7,59.5
1,15,25,0,10,0,8,8,241,118,123,48.96,34.4,63.9
1,15,25,0,10,0,8,10,241,136,105,56.43,35.7,66.7
1,15,25,0,10,0,8,15,241,154,87,63.90,50.0,72.2
1,15,25,0,10,0,10,8,240,103,137,42.92,34.4,48.7
1,15,25,0,10,0,10,10,240,121,119,50.42,35.7,57.1
1,15,25,0,10,0,10,15,240,141,99,58.75,50.0,68.8
1,15,25,0,10,0,15,8,240,82,158,34.17,21.4,41.7
1,15,25,0,10,0,15,10,240,98,142,40.83,21.4,53.6
1,15,25,0,10,0,15,15,240,117,123,48.75,35.7,55.6
1,15,25,0,10,15,8,8,162,82,80,50.62,30.0,61.8
1,15,25,0,10,15,8,10,162,95,67,58.64,40.0,70.6
1,15,25,0,10,15,8,15,162,109,53,67.28,50.0,75.9
1,15,25,0,10,15,10,8,162,75,87,46.30,30.0,58.8
1,15,25,0,10,15,10,10,162,88,74,54.32,40.0,64.7
1,15,25,0,10,15,10,15,162,104,58,64.20,50.0,72.4
1,15,25,0,10,15,15,8,161,59,102,36.65,26.1,47.1
1,15,25,0,10,15,15,10,161,71,90,44.10,34.8,55.9
1,15,25,0,10,15,15,15,161,87,74,54.04,43.5,62.1
1,15,25,0,10,30,8,8,121,61,60,50.41,40.0,63.2
1,15,25,0,10,30,8,10,121,66,55,54.55,40.7,73.7
1,15,25,0,10,30,8,15,121,80,41,66.12,48.1,78.9
1,15,25,0,10,30,10,8,121,55,66,45.45,26.7,58.3
1,15,25,0,10,30,10,10,121,60,61,49.59,29.6,68.4
1,15,25,0,10,30,10,15,121,76,45,62.81,40.7,78.9
1,15,25,0,10,30,15,8,120,42,78,35.00,20.0,52.6
1,15,25,0,10,30,15,10,120,47,73,39.17,20.0,63.2
1,15,25,0,10,30,15,15,120,66,54,55.00,40.7,75.0
1,15,25,8,0,0,8,8,320,154,166,48.13,25.0,60.7
1,15,25,8,0,0,8,10,320,172,148,53.75,35.0,64.3
1,15,25,8,0,0,8,15,319,208,111,65.20,55.0,71.4
1,15,25,8,0,0,10,8,320,138,182,43.13,20.0,57.1
1,15,25,8,0,0,10,10,320,156,164,48.75,25.0,60.7
1,15,25,8,0,0,10,15,318,194,124,61.01,47.4,66.7
1,15,25,8,0,0,15,8,320,103,217,32.19,10.0,50.0
1,15,25,8,0,0,15,10,319,121,198,37.93,15.0,53.6
1,15,25,8,0,0,15,15,317,156,161,49.21,36.8,57.1
1,15,25,8,0,15,8,8,216,111,105,51.39,42.9,61.3
1,15,25,8,0,15,8,10,216,124,92,57.41,42.9,67.7
1,15,25,8,0,15,8,15,216,138,78,63.89,56.5,74.2
1,15,25,8,0,15,10,8,216,102,114,47.22,35.7,61.3
1,15,25,8,0,15,10,10,216,114,102,52.78,35.7,67.7
1,15,25,8,0,15,10,15,216,128,88,59.26,42.9,71.0
1,15,25,8,0,15,15,8,215,78,137,36.28,28.6,45.2
1,15,25,8,0,15,15,10,215,89,126,41.40,28.6,54.8
1,15,25,8,0,15,15,15,215,109,106,50.70,35.7,61.3
1,15,25,8,0,30,8,8,188,88,100,46.81,30.0,55.2
1,15,25,8,0,30,8,10,188,100,88,53.19,30.0,69.6
1,15,25,8,0,30,8,15,187,118,69,63.10,50.0,82.6
1,15,25,8,0,30,10,8,188,81,107,43.09,30.0,55.2
1,15,25,8,0,30,10,10,188,93,95,49.47,30.0,62.1
1,15,25,8,0,30,10,15,187,108,79,57.75,48.0,73.9
1,15,25,8,0,30,15,8,188,65,123,34.57,26.1,44.8
1,15,25,8,0,30,15,10,188,75,113,39.89,30.0,51.7
1,15,25,8,0,30,15,15,187,90,97,48.13,36.0,58.6
1,15,25,8,5,0,8,8,161,79,82,49.07,38.5,66.7
1,15,25,8,5,0,8,10,161,92,69,57.14,46.2,73.3
1,15,25,8,5,0,8,15,161,109,52,67.70,46.2,86.7
1,15,25,8,5,0,10,8,161,72,89,44.72,38.5,60.0
1,15,25,8,5,0,10,10,161,84,77,52.17,46.2,68.0
1,15,25,8,5,0,10,15,161,102,59,63.35,46.2,73.3
1,15,25,8,5,0,15,8,161,53,108,32.92,26.7,52.0
1,15,25,8,5,0,15,10,160,63,97,39.38,30.8,60.0
1,15,25,8,5,0,15,15,159,84,75,52.83,41.7,66.7
1,15,25,8,5,15,8,8,122,57,65,46.72,40.0,55.0
1,15,25,8,5,15,8,10,121,61,60,50.41,40.0,65.0
1,15,25,8,5,15,8,15,121,75,46,61.98,50.0,78.9
1,15,25,8,5,15,10,8,122,51,71,41.80,26.3,55.0
1,15,25,8,5,15,10,10,121,56,65,46.28,31.6,65.0
1,15,25,8,5,15,10,15,121,72,49,59.50,50.0,75.0
1,15,25,8,5,15,15,8,122,39,83,31.97,15.8,50.0
1,15,25,8,5,15,15,10,121,44,77,36.36,15.8,55.0
1,15,25,8,5,15,15,15,121,62,59,51.24,44.1,70.0
1,15,25,8,5,30,8,8,98,50,48,51.02,30.8,100.0
1,15,25,8,5,30,8,10,98,53,45,54.08,38.5,100.0
1,15,25,8,5,30,8,15,97,58,39,59.79,38.5,100.0
1,15,25,8,5,30,10,8,98,45,53,45.92,23.1,100.0
1,15,25,8,5,30,10,10,98,48,50,48.98,30.8,100.0
1,15,25,8,5,30,10,15,97,51,46,52.58,30.8,100.0
1,15,25,8,5,30,15,8,98,35,63,35.71,15.4,100.0
1,15,25,8,5,30,15,10,98,38,60,38.78,23.1,100.0
1,15,25,8,5,30,15,15,97,46,51,47.42,23.1,100.0
1,15,25,8,10,0,8,8,101,50,51,49.50,38.5,100.0
1,15,25,8,10,0,8,10,101,56,45,55.45,46.2,100.0
1,15,25,8,10,0,8,15,101,61,40,60.40,53.8,100.0
1,15,25,8,10,0,10,8,101,48,53,47.52,34.6,100.0
1,15,25,8,10,0,10,10,101,54,47,53.47,37.5,100.0
1,15,25,8,10,0,10,15,101,59,42,58.42,50.0,100.0
1,15,25,8,10,0,15,8,101,36,65,35.64,25.0,50.0
1,15,25,8,10,0,15,10,101,44,57,43.56,25.0,52.9
1,15,25,8,10,0,15,15,100,48,52,48.00,37.5,100.0
1,15,25,8,10,15,8,8,68,37,31,54.41,22.2,100.0
1,15,25,8,10,15,8,10,68,39,29,57.35,22.2,100.0
1,15,25,8,10,15,8,15,68,42,26,61.76,33.3,100.0
1,15,25,8,10,15,10,8,68,35,33,51.47,22.2,100.0
1,15,25,8,10,15,10,10,68,37,31,54.41,22.2,100.0
1,15,25,8,10,15,10,15,68,41,27,60.29,33.3,100.0
1,15,25,8,10,15,15,8,68,25,43,36.76,22.2,57.1
1,15,25,8,10,15,15,10,68,29,39,42.65,22.2,57.1
1,15,25,8,10,15,15,15,67,35,32,52.24,33.3,100.0
1,15,25,8,10,30,8,8,66,28,38,42.42,18.2,100.0
1,15,25,8,10,30,8,10,65,34,31,52.31,36.4,100.0
1,15,25,8,10,30,8,15,65,37,28,56.92,36.4,100.0
1,15,25,8,10,30,10,8,66,25,41,37.88,18.2,100.0
1,15,25,8,10,30,10,10,65,30,35,46.15,36.4,100.0
1,15,25,8,10,30,10,15,65,34,31,52.31,36.4,100.0
1,15,25,8,10,30,15,8,66,19,47,28.79,9.1,100.0
1,15,25,8,10,30,15,10,65,24,41,36.92,18.2,100.0
1,15,25,8,10,30,15,15,65,30,35,46.15,18.2,100.0
1,15,25,15,0,0,8,8,119,62,57,52.10,33.3,62.5
1,15,25,15,0,0,8,10,119,66,53,55.46,43.5,75.0
1,15,25,15,0,0,8,15,118,73,45,61.86,52.2,77.8
1,15,25,15,0,0,10,8,119,53,66,44.54,25.0,56.3
1,15,25,15,0,0,10,10,119,58,61,48.74,34.8,75.0
1,15,25,15,0,0,10,15,118,66,52,55.93,45.5,75.0
1,15,25,15,0,0,15,8,119,43,76,36.13,16.7,50.0
1,15,25,15,0,0,15,10,119,48,71,40.34,29.4,75.0
1,15,25,15,0,0,15,15,118,56,62,47.46,37.5,75.0
1,15,25,15,0,15,8,8,98,48,50,48.98,33.3,100.0
1,15,25,15,0,15,8,10,98,52,46,53.06,39.1,100.0
1,15,25,15,0,15,8,15,97,60,37,61.86,50.0,100.0
1,15,25,15,0,15,10,8,98,45,53,45.92,25.0,100.0
1,15,25,15,0,15,10,10,98,48,50,48.98,33.3,100.0
1,15,25,15,0,15,10,15,97,56,41,57.73,33.3,100.0
1,15,25,15,0,15,15,8,98,35,63,35.71,25.0,100.0
1,15,25,15,0,15,15,10,98,38,60,38.78,27.8,100.0
1,15,25,15,0,15,15,15,97,50,47,51.55,33.3,100.0
1,15,25,15,0,30,8,8,84,46,38,54.76,22.2,100.0
1,15,25,15,0,30,8,10,84,49,35,58.33,33.3,100.0
1,15,25,15,0,30,8,15,84,54,30,64.29,33.3,100.0
1,15,25,15,0,30,10,8,84,41,43,48.81,22.2,100.0
1,15,25,15,0,30,10,10,84,44,40,52.38,33.3,100.0
1,15,25,15,0,30,10,15,84,49,35,58.33,33.3,100.0
1,15,25,15,0,30,15,8,83,34,49,40.96,22.2,100.0
1,15,25,15,0,30,15,10,83,36,47,43.37,22.2,100.0
1,15,25,15,0,30,15,15,83,44,39,53.01,33.3,100.0
1,15,25,15,5,0,8,8,80,42,38,52.50,44.4,100.0
1,15,25,15,5,0,8,10,80,47,33,58.75,44.4,100.0
1,15,25,15,5,0,8,15,80,55,25,68.75,55.6,100.0
1,15,25,15,5,0,10,8,80,36,44,45.00,33.3,100.0
1,15,25,15,5,0,10,10,80,41,39,51.25,33.3,100.0
1,15,25,15,5,0,10,15,80,49,31,61.25,44.4,100.0
1,15,25,15,5,0,15,8,80,29,51,36.25,30.8,50.0
1,15,25,15,5,0,15,10,80,33,47,41.25,33.3,50.0
1,15,25,15,5,0,15,15,79,42,37,53.16,38.5,100.0
1,15,25,15,5,15,8,8,62,23,39,37.10,20.0,100.0
1,15,25,15,5,15,8,10,62,29,33,46.77,33.3,100.0
1,15,25,15,5,15,8,15,61,34,27,55.74,40.0,100.0
1,15,25,15,5,15,10,8,62,21,41,33.87,20.0,100.0
1,15,25,15,5,15,10,10,62,24,38,38.71,30.0,100.0
1,15,25,15,5,15,10,15,61,29,32,47.54,30.0,100.0
1,15,25,15,5,15,15,8,62,15,47,24.19,10.0,50.0
1,15,25,15,5,15,15,10,62,17,45,27.42,20.0,50.0
1,15,25,15,5,15,15,15,60,24,36,40.00,20.0,100.0
1,15,25,15,5,30,8,8,52,26,26,50.00,20.0,100.0
1,15,25,15,5,30,8,10,52,28,24,53.85,20.0,100.0
1,15,25,15,5,30,8,15,52,31,21,59.62,40.0,100.0
1,15,25,15,5,30,10,8,51,22,29,43.14,20.0,100.0
1,15,25,15,5,30,10,10,51,24,27,47.06,20.0,100.0
1,15,25,15,5,30,10,15,51,27,24,52.94,20.0,100.0
1,15,25,15,5,30,15,8,51,17,34,33.33,20.0,50.0
1,15,25,15,5,30,15,10,51,18,33,35.29,20.0,50.0
1,15,25,15,5,30,15,15,50,23,27,46.00,20.0,100.0
1,15,25,15,10,0,8,8,44,21,23,47.73,25.0,100.0
1,15,25,15,10,0,8,10,44,23,21,52.27,25.0,100.0
1,15,25,15,10,0,8,15,44,26,18,59.09,37.5,100.0
1,15,25,15,10,0,10,8,44,18,26,40.91,12.5,100.0
1,15,25,15,10,0,10,10,44,21,23,47.73,12.5,100.0
1,15,25,15,10,0,10,15,44,23,21,52.27,25.0,100.0
1,15,25,15,10,0,15,8,44,14,30,31.82,0.0,50.0
1,15,25,15,10,0,15,10,44,16,28,36.36,0.0,66.7
1,15,25,15,10,0,15,15,44,17,27,38.64,0.0,66.7
1,15,25,15,10,15,8,8,40,20,20,50.00,33.3,100.0
1,15,25,15,10,15,8,10,40,21,19,52.50,33.3,100.0
1,15,25,15,10,15,8,15,39,29,10,74.36,40.0,100.0
1,15,25,15,10,15,10,8,40,16,24,40.00,25.0,50.0
1,15,25,15,10,15,10,10,40,18,22,45.00,25.0,54.5
1,15,25,15,10,15,10,15,39,25,14,64.10,40.0,81.8
1,15,25,15,10,15,15,8,40,14,26,35.00,0.0,50.0
1,15,25,15,10,15,15,10,40,16,24,40.00,14.3,54.5
1,15,25,15,10,15,15,15,39,23,16,58.97,40.0,81.8
1,15,25,15,10,30,8,8,36,19,17,52.78,28.6,100.0
1,15,25,15,10,30,8,10,36,19,17,52.78,28.6,100.0
1,15,25,15,10,30,8,15,36,26,10,72.22,50.0,100.0
1,15,25,15,10,30,10,8,36,16,20,44.44,25.0,66.7
1,15,25,15,10,30,10,10,36,17,19,47.22,25.0,70.0
1,15,25,15,10,30,10,15,36,24,12,66.67,50.0,75.0
1,15,25,15,10,30,15,8,36,10,26,27.78,0.0,50.0
1,15,25,15,10,30,15,10,36,10,26,27.78,0.0,50.0
1,15,25,15,10,30,15,15,36,17,19,47.22,0.0,62.5
1,15,35,0,0,0,8,8,1924,924,1000,48.02,38.9,54.3
1,15,35,0,0,0,8,10,1920,1032,888,53.75,47.7,60.1
1,15,35,0,0,0,8,15,1910,1205,705,63.09,56.5,69.7
1,15,35,0,0,0,10,8,1919,818,1101,42.63,36.4,47.4
1,15,35,0,0,0,10,10,1914,928,986,48.48,44.5,52.8
1,15,35,0,0,0,10,15,1904,1106,798,58.09,54.4,62.4
1,15,35,0,0,0,15,8,1917,638,1279,33.28,28.0,36.8
1,15,35,0,0,0,15,10,1912,743,1169,38.86,36.0,43.3
1,15,35,0,0,0,15,15,1901,914,987,48.08,44.1,51.8
1,15,35,0,0,15,8,8,865,431,434,49.83,42.7,56.6
1,15,35,0,0,15,8,10,865,480,385,55.49,47.6,59.0
1,15,35,0,0,15,8,15,863,562,301,65.12,56.1,68.2
1,15,35,0,0,15,10,8,863,382,481,44.26,36.6,50.0
1,15,35,0,0,15,10,10,863,431,432,49.94,43.9,53.3
1,15,35,0,0,15,10,15,861,519,342,60.28,51.2,63.6
1,15,35,0,0,15,15,8,863,296,567,34.30,25.6,38.2
1,15,35,0,0,15,15,10,862,338,524,39.21,32.1,42.2
1,15,35,0,0,15,15,15,859,425,434,49.48,40.0,53.6
1,15,35,0,0,30,8,8,691,343,348,49.64,43.0,57.3
1,15,35,0,0,30,8,10,690,380,310,55.07,53.6,61.7
1,15,35,0,0,30,8,15,688,452,236,65.70,61.7,69.7
1,15,35,0,0,30,10,8,690,302,388,43.77,36.7,54.3
1,15,35,0,0,30,10,10,689,342,347,49.64,47.5,58.8
1,15,35,0,0,30,10,15,687,417,270,60.70,56.9,66.7
1,15,35,0,0,30,15,8,690,239,451,34.64,27.9,43.2
1,15,35,0,0,30,15,10,688,278,410,40.41,35.0,48.1
1,15,35,0,0,30,15,15,686,350,336,51.02,41.7,62.0
1,15,35,0,5,0,8,8,559,266,293,47.58,42.6,53.3
1,15,35,0,5,0,8,10,559,295,264,52.77,46.7,58.6
1,15,35,0,5,0,8,15,555,347,208,62.52,51.1,72.2
1,15,35,0,5,0,10,8,559,230,329,41.14,35.5,47.6
1,15,35,0,5,0,10,10,559,257,302,45.97,40.0,53.4
1,15,35,0,5,0,10,15,555,316,239,56.94,46.7,66.7
1,15,35,0,5,0,15,8,558,185,373,33.15,28.9,38.3
1,15,35,0,5,0,15,10,557,212,345,38.06,29.5,42.9
1,15,35,0,5,0,15,15,553,267,286,48.28,38.6,52.8
1,15,35,0,5,15,8,8,318,158,160,49.69,42.9,56.4
1,15,35,0,5,15,8,10,318,171,147,53.77,45.9,63.6
1,15,35,0,5,15,8,15,316,204,112,64.56,52.4,74.2
1,15,35,0,5,15,10,8,318,147,171,46.23,38.1,50.9
1,15,35,0,5,15,10,10,318,160,158,50.31,42.9,58.7
1,15,35,0,5,15,10,15,316,192,124,60.76,47.6,67.7
1,15,35,0,5,15,15,8,317,114,203,35.96,28.6,43.5
1,15,35,0,5,15,15,10,317,124,193,39.12,33.3,47.8
1,15,35,0,5,15,15,15,315,161,154,51.11,38.1,56.7
1,15,35,0,5,30,8,8,267,129,138,48.31,42.9,56.8
1,15,35,0,5,30,8,10,267,144,123,53.93,46.8,69.2
1,15,35,0,5,30,8,15,266,163,103,61.28,54.5,76.9
1,15,35,0,5,30,10,8,267,119,148,44.57,36.4,56.8
1,15,35,0,5,30,10,10,267,134,133,50.19,40.3,62.2
1,15,35,0,5,30,10,15,266,153,113,57.52,48.1,69.2
1,15,35,0,5,30,15,8,267,98,169,36.70,23.1,45.9
1,15,35,0,5,30,15,10,267,115,152,43.07,38.5,51.4
1,15,35,0,5,30,15,15,265,133,132,50.19,41.7,59.5
1,15,35,0,10,0,8,8,233,115,118,49.36,35.7,63.9
1,15,35,0,10,0,8,10,233,131,102,56.22,35.7,70.0
1,15,35,0,10,0,8,15,233,147,86,63.09,50.0,75.0
1,15,35,0,10,0,10,8,232,101,131,43.53,35.7,47.2
1,15,35,0,10,0,10,10,232,117,115,50.43,35.7,57.1
1,15,35,0,10,0,10,15,232,135,97,58.19,50.0,72.4
1,15,35,0,10,0,15,8,232,79,153,34.05,21.4,41.7
1,15,35,0,10,0,15,10,232,93,139,40.09,21.4,46.4
1,15,35,0,10,0,15,15,232,111,121,47.84,35.7,58.6
1,15,35,0,10,15,8,8,150,77,73,51.33,30.0,66.7
1,15,35,0,10,15,8,10,150,89,61,59.33,40.0,71.0
1,15,35,0,10,15,8,15,150,104,46,69.33,50.0,83.3
1,15,35,0,10,15,10,8,150,69,81,46.00,30.0,66.7
1,15,35,0,10,15,10,10,150,81,69,54.00,40.0,66.7
1,15,35,0,10,15,10,15,150,99,51,66.00,50.0,83.3
1,15,35,0,10,15,15,8,149,53,96,35.57,22.7,45.2
1,15,35,0,10,15,15,10,149,63,86,42.28,36.4,51.6
1,15,35,0,10,15,15,15,149,80,69,53.69,45.5,61.5
1,15,35,0,10,30,8,8,123,61,62,49.59,40.0,62.5
1,15,35,0,10,30,8,10,123,67,56,54.47,40.7,87.5
1,15,35,0,10,30,8,15,123,81,42,65.85,48.1,87.5
1,15,35,0,10,30,10,8,123,51,72,41.46,26.7,58.3
1,15,35,0,10,30,10,10,123,58,65,47.15,29.6,75.0
1,15,35,0,10,30,10,15,123,74,49,60.16,40.7,75.0
1,15,35,0,10,30,15,8,122,42,80,34.43,20.0,50.0
1,15,35,0,10,30,15,10,122,46,76,37.70,20.0,55.6
1,15,35,0,10,30,15,15,122,64,58,52.46,40.7,75.0
1,15,35,8,0,0,8,8,313,149,164,47.60,25.0,60.0
1,15,35,8,0,0,8,10,313,165,148,52.72,35.0,63.3
1,15,35,8,0,0,8,15,312,202,110,64.74,55.0,70.0
1,15,35,8,0,0,10,8,313,134,179,42.81,20.0,56.7
1,15,35,8,0,0,10,10,313,150,163,47.92,25.0,60.0
1,15,35,8,0,0,10,15,311,189,122,60.77,47.4,66.7
1,15,35,8,0,0,15,8,313,102,211,32.59,10.0,46.7
1,15,35,8,0,0,15,10,312,119,193,38.14,15.0,50.0
1,15,35,8,0,0,15,15,310,154,156,49.68,36.8,54.8
1,15,35,8,0,15,8,8,207,106,101,51.21,42.9,58.1
1,15,35,8,0,15,8,10,207,118,89,57.00,42.9,64.5
1,15,35,8,0,15,8,15,207,134,73,64.73,57.1,76.9
1,15,35,8,0,15,10,8,207,97,110,46.86,35.7,58.1
1,15,35,8,0,15,10,10,207,109,98,52.66,35.7,64.5
1,15,35,8,0,15,10,15,207,125,82,60.39,42.9,69.2
1,15,35,8,0,15,15,8,206,74,132,35.92,28.6,45.2
1,15,35,8,0,15,15,10,206,85,121,41.26,28.6,54.8
1,15,35,8,0,15,15,15,206,106,100,51.46,35.7,61.3
1,15,35,8,0,30,8,8,176,82,94,46.59,30.0,54.2
1,15,35,8,0,30,8,10,176,92,84,52.27,30.0,60.0
1,15,35,8,0,30,8,15,175,111,64,63.43,50.0,75.0
1,15,35,8,0,30,10,8,176,74,102,42.05,30.0,54.2
1,15,35,8,0,30,10,10,176,84,92,47.73,30.0,58.3
1,15,35,8,0,30,10,15,175,100,75,57.14,48.0,68.8
1,15,35,8,0,30,15,8,176,59,117,33.52,25.0,45.8
1,15,35,8,0,30,15,10,176,68,108,38.64,30.0,50.0
1,15,35,8,0,30,15,15,175,84,91,48.00,36.0,58.3
1,15,35,8,5,0,8,8,143,74,69,51.75,38.5,63.6
1,15,35,8,5,0,8,10,143,82,61,57.34,41.7,73.7
1,15,35,8,5,0,8,15,143,99,44,69.23,46.2,83.3
1,15,35,8,5,0,10,8,143,64,79,44.76,36.1,59.1
1,15,35,8,5,0,10,10,143,72,71,50.35,36.1,63.6
1,15,35,8,5,0,10,15,143,90,53,62.94,46.2,75.0
1,15,35,8,5,0,15,8,143,49,94,34.27,26.7,50.0
1,15,35,8,5,0,15,10,142,55,87,38.73,30.8,54.5
1,15,35,8,5,0,15,15,141,76,65,53.90,41.7,61.5
1,15,35,8,5,15,8,8,106,48,58,45.28,29.4,52.6
1,15,35,8,5,15,8,10,105,52,53,49.52,35.3,57.9
1,15,35,8,5,15,8,15,105,68,37,64.76,50.0,73.7
1,15,35,8,5,15,10,8,106,42,64,39.62,17.6,52.6
1,15,35,8,5,15,10,10,105,46,59,43.81,23.5,57.9
1,15,35,8,5,15,10,15,105,63,42,60.00,44.4,73.7
1,15,35,8,5,15,15,8,106,34,72,32.08,11.8,50.0
1,15,35,8,5,15,15,10,105,37,68,35.24,11.8,50.0
1,15,35,8,5,15,15,15,105,57,48,54.29,44.4,68.4
1,15,35,8,5,30,8,8,92,49,43,53.26,30.8,75.0
1,15,35,8,5,30,8,10,92,51,41,55.43,38.5,76.5
1,15,35,8,5,30,8,15,91,57,34,62.64,38.5,76.5
1,15,35,8,5,30,10,8,92,45,47,48.91,23.1,75.0
1,15,35,8,5,30,10,10,92,47,45,51.09,30.8,76.5
1,15,35,8,5,30,10,15,91,52,39,57.14,30.8,76.5
1,15,35,8,5,30,15,8,92,34,58,36.96,15.4,42.9
1,15,35,8,5,30,15,10,92,36,56,39.13,23.1,47.1
1,15,35,8,5,30,15,15,90,46,44,51.11,23.1,66.7
1,15,35,8,10,0,8,8,92,40,52,43.48,31.3,100.0
1,15,35,8,10,0,8,10,92,51,41,55.43,42.9,100.0
1,15,35,8,10,0,8,15,92,56,36,60.87,50.0,100.0
1,15,35,8,10,0,10,8,92,36,56,39.13,21.4,100.0
1,15,35,8,10,0,10,10,92,46,46,50.00,38.1,100.0
1,15,35,8,10,0,10,15,92,52,40,56.52,40.0,100.0
1,15,35,8,10,0,15,8,92,27,65,29.35,0.0,100.0
1,15,35,8,10,0,15,10,92,38,54,41.30,28.6,100.0
1,15,35,8,10,0,15,15,92,45,47,48.91,28.6,100.0
1,15,35,8,10,15,8,8,62,32,30,51.61,22.2,100.0
1,15,35,8,10,15,8,10,62,34,28,54.84,22.2,100.0
1,15,35,8,10,15,8,15,62,37,25,59.68,33.3,100.0
1,15,35,8,10,15,10,8,62,29,33,46.77,22.2,100.0
1,15,35,8,10,15,10,10,62,32,30,51.61,22.2,100.0
1,15,35,8,10,15,10,15,62,35,27,56.45,33.3,100.0
1,15,35,8,10,15,15,8,62,23,39,37.10,22.2,58.3
1,15,35,8,10,15,15,10,62,27,35,43.55,22.2,58.3
1,15,35,8,10,15,15,15,61,30,31,49.18,33.3,100.0
1,15,35,8,10,30,8,8,59,28,31,47.46,33.3,100.0
1,15,35,8,10,30,8,10,58,32,26,55.17,42.9,100.0
1,15,35,8,10,30,8,15,58,35,23,60.34,42.9,100.0
1,15,35,8,10,30,10,8,59,25,34,42.37,33.3,100.0
1,15,35,8,10,30,10,10,58,28,30,48.28,40.0,100.0
1,15,35,8,10,30,10,15,58,33,25,56.90,40.0,100.0
1,15,35,8,10,30,15,8,59,21,38,35.59,22.2,100.0
1,15,35,8,10,30,15,10,58,24,34,41.38,33.3,100.0
1,15,35,8,10,30,15,15,58,30,28,51.72,35.7,100.0
1,15,35,15,0,0,8,8,119,56,63,47.06,33.3,58.8
1,15,35,15,0,0,8,10,119,62,57,52.10,43.5,75.0
1,15,35,15,0,0,8,15,118,74,44,62.71,52.2,82.4
1,15,35,15,0,0,10,8,119,45,74,37.82,16.7,50.0
1,15,35,15,0,0,10,10,119,51,68,42.86,33.3,75.0
1,15,35,15,0,0,10,15,118,64,54,54.24,36.4,75.0
1,15,35,15,0,0,15,8,119,39,80,32.77,16.7,50.0
1,15,35,15,0,0,15,10,119,45,74,37.82,26.3,75.0
1,15,35,15,0,0,15,15,118,56,62,47.46,36.4,75.0
1,15,35,15,0,15,8,8,87,43,44,49.43,33.3,100.0
1,15,35,15,0,15,8,10,87,51,36,58.62,47.6,100.0
1,15,35,15,0,15,8,15,87,57,30,65.52,50.0,100.0
1,15,35,15,0,15,10,8,87,40,47,45.98,25.0,100.0
1,15,35,15,0,15,10,10,87,47,40,54.02,33.3,100.0
1,15,35,15,0,15,10,15,87,53,34,60.92,33.3,100.0
1,15,35,15,0,15,15,8,87,30,57,34.48,14.3,100.0
1,15,35,15,0,15,15,10,87,38,49,43.68,28.6,100.0
1,15,35,15,0,15,15,15,87,47,40,54.02,28.6,100.0
1,15,35,15,0,30,8,8,78,38,40,48.72,22.2,100.0
1,15,35,15,0,30,8,10,78,44,34,56.41,33.3,100.0
1,15,35,15,0,30,8,15,78,48,30,61.54,33.3,100.0
1,15,35,15,0,30,10,8,78,32,46,41.03,22.2,100.0
1,15,35,15,0,30,10,10,78,39,39,50.00,33.3,100.0
1,15,35,15,0,30,10,15,78,45,33,57.69,33.3,100.0
1,15,35,15,0,30,15,8,77,27,50,35.06,20.0,100.0
1,15,35,15,0,30,15,10,77,33,44,42.86,30.0,100.0
1,15,35,15,0,30,15,15,77,40,37,51.95,33.3,100.0
1,15,35,15,5,0,8,8,77,36,41,46.75,30.0,100.0
1,15,35,15,5,0,8,10,77,39,38,50.65,30.0,100.0
1,15,35,15,5,0,8,15,77,48,29,62.34,55.6,100.0
1,15,35,15,5,0,10,8,77,32,45,41.56,20.0,100.0
1,15,35,15,5,0,10,10,77,34,43,44.16,20.0,100.0
1,15,35,15,5,0,10,15,77,43,34,55.84,44.4,100.0
1,15,35,15,5,0,15,8,76,26,50,34.21,10.0,50.0
1,15,35,15,5,0,15,10,76,28,48,36.84,10.0,50.0
1,15,35,15,5,0,15,15,75,37,38,49.33,40.0,100.0
1,15,35,15,5,15,8,8,61,25,36,40.98,20.0,58.3
1,15,35,15,5,15,8,10,61,28,33,45.90,30.0,58.3
1,15,35,15,5,15,8,15,60,33,27,55.00,40.0,71.4
1,15,35,15,5,15,10,8,61,23,38,37.70,20.0,50.0
1,15,35,15,5,15,10,10,61,25,36,40.98,30.0,50.0
1,15,35,15,5,15,10,15,60,29,31,48.33,40.0,58.3
1,15,35,15,5,15,15,8,61,17,44,27.87,0.0,42.9
1,15,35,15,5,15,15,10,61,18,43,29.51,0.0,42.9
1,15,35,15,5,15,15,15,60,23,37,38.33,0.0,57.1
1,15,35,15,5,30,8,8,48,20,28,41.67,20.0,50.0
1,15,35,15,5,30,8,10,48,24,24,50.00,20.0,66.7
1,15,35,15,5,30,8,15,48,28,20,58.33,40.0,80.0
1,15,35,15,5,30,10,8,47,17,30,36.17,20.0,50.0
1,15,35,15,5,30,10,10,47,21,26,44.68,20.0,60.0
1,15,35,15,5,30,10,15,47,24,23,51.06,20.0,80.0
1,15,35,15,5,30,15,8,47,14,33,29.79,0.0,42.9
1,15,35,15,5,30,15,10,47,16,31,34.04,0.0,50.0
1,15,35,15,5,30,15,15,47,19,28,40.43,0.0,57.1
1,15,35,15,10,0,8,8,43,23,20,53.49,33.3,100.0
1,15,35,15,10,0,8,10,43,29,14,67.44,40.0,100.0
1,15,35,15,10,0,8,15,43,31,12,72.09,50.0,100.0
1,15,35,15,10,0,10,8,43,18,25,41.86,16.7,100.0
1,15,35,15,10,0,10,10,43,25,18,58.14,33.3,100.0
1,15,35,15,10,0,10,15,43,28,15,65.12,33.3,100.0
1,15,35,15,10,0,15,8,43,13,30,30.23,14.3,50.0
1,15,35,15,10,0,15,10,43,19,24,44.19,33.3,50.0
1,15,35,15,10,0,15,15,43,23,20,53.49,33.3,75.0
1,15,35,15,10,15,8,8,39,18,21,46.15,25.0,100.0
1,15,35,15,10,15,8,10,39,19,20,48.72,25.0,100.0
1,15,35,15,10,15,8,15,39,25,14,64.10,42.9,100.0
1,15,35,15,10,15,10,8,39,16,23,41.03,25.0,50.0
1,15,35,15,10,15,10,10,39,17,22,43.59,25.0,50.0
1,15,35,15,10,15,10,15,39,22,17,56.41,42.9,75.0
1,15,35,15,10,15,15,8,39,15,24,38.46,0.0,50.0
1,15,35,15,10,15,15,10,39,16,23,41.03,0.0,50.0
1,15,35,15,10,15,15,15,39,20,19,51.28,0.0,62.5
1,15,35,15,10,30,8,8,37,20,17,54.05,25.0,100.0
1,15,35,15,10,30,8,10,37,21,16,56.76,25.0,100.0
1,15,35,15,10,30,8,15,37,25,12,67.57,50.0,100.0
1,15,35,15,10,30,10,8,37,18,19,48.65,25.0,100.0
1,15,35,15,10,30,10,10,37,20,17,54.05,25.0,100.0
1,15,35,15,10,30,10,15,37,23,14,62.16,50.0,100.0
1,15,35,15,10,30,15,8,37,13,24,35.14,0.0,50.0
1,15,35,15,10,30,15,10,37,14,23,37.84,0.0,50.0
1,15,35,15,10,30,15,15,37,17,20,45.95,0.0,62.5
1,20,15,0,0,0,8,8,1932,927,1005,47.98,39.3,54.5
1,20,15,0,0,0,8,10,1928,1034,894,53.63,47.9,59.9
1,20,15,0,0,0,8,15,1918,1210,708,63.09,56.6,69.8
1,20,15,0,0,0,10,8,1927,824,1103,42.76,36.8,47.8
1,20,15,0,0,0,10,10,1922,934,988,48.60,44.7,53.0
1,20,15,0,0,0,10,15,1912,1112,800,58.16,54.5,62.6
1,20,15,0,0,0,15,8,1925,646,1279,33.56,28.5,37.2
1,20,15,0,0,0,15,10,1920,751,1169,39.11,36.3,43.5
1,20,15,0,0,0,15,15,1909,920,989,48.19,44.4,52.2
1,20,15,0,0,15,8,8,871,440,431,50.52,44.6,56.7
1,20,15,0,0,15,8,10,871,488,383,56.03,49.4,59.8
1,20,15,0,0,15,8,15,869,569,300,65.48,56.6,68.8
1,20,15,0,0,15,10,8,869,389,480,44.76,37.3,49.6
1,20,15,0,0,15,10,10,869,436,433,50.17,44.6,53.5
1,20,15,0,0,15,10,15,867,523,344,60.32,50.6,64.3
1,20,15,0,0,15,15,8,869,305,564,35.10,26.5,39.8
1,20,15,0,0,15,15,10,868,346,522,39.86,32.9,43.8
1,20,15,0,0,15,15,15,865,430,435,49.71,39.5,55.4
1,20,15,0,0,30,8,8,701,350,351,49.93,42.2,58.8
1,20,15,0,0,30,8,10,700,387,313,55.29,53.3,61.9
1,20,15,0,0,30,8,15,698,460,238,65.90,62.4,69.5
1,20,15,0,0,30,10,8,700,306,394,43.71,36.1,54.8
1,20,15,0,0,30,10,10,699,347,352,49.64,46.8,59.0
1,20,15,0,0,30,10,15,697,423,274,60.69,56.5,66.7
1,20,15,0,0,30,15,8,700,241,459,34.43,29.0,44.0
1,20,15,0,0,30,15,10,698,280,418,40.11,35.7,47.0
1,20,15,0,0,30,15,15,696,352,344,50.57,42.6,59.0
1,20,15,0,5,0,8,8,576,275,301,47.74,43.5,52.9
1,20,15,0,5,0,8,10,576,306,270,53.13,47.8,57.9
1,20,15,0,5,0,8,15,572,360,212,62.94,52.2,70.0
1,20,15,0,5,0,10,8,576,239,337,41.49,36.2,48.2
1,20,15,0,5,0,10,10,576,268,308,46.53,41.4,51.8
1,20,15,0,5,0,10,15,572,328,244,57.34,50.0,63.3
1,20,15,0,5,0,15,8,575,191,384,33.22,29.6,38.8
1,20,15,0,5,0,15,10,574,220,354,38.33,31.1,43.5
1,20,15,0,5,0,15,15,570,274,296,48.07,40.0,52.9
1,20,15,0,5,15,8,8,326,162,164,49.69,38.1,54.4
1,20,15,0,5,15,8,10,326,180,146,55.21,46.6,64.6
1,20,15,0,5,15,8,15,324,215,109,66.36,60.2,76.5
1,20,15,0,5,15,10,8,326,151,175,46.32,33.3,50.9
1,20,15,0,5,15,10,10,326,169,157,51.84,45.5,60.4
1,20,15,0,5,15,10,15,324,202,122,62.35,57.1,69.0
1,20,15,0,5,15,15,8,325,117,208,36.00,23.8,41.7
1,20,15,0,5,15,15,10,325,131,194,40.31,37.5,47.9
1,20,15,0,5,15,15,15,323,170,153,52.63,42.9,57.6
1,20,15,0,5,30,8,8,267,135,132,50.56,43.8,61.5
1,20,15,0,5,30,8,10,267,151,116,56.55,50.0,69.2
1,20,15,0,5,30,8,15,266,170,96,63.91,56.3,84.6
1,20,15,0,5,30,10,8,267,124,143,46.44,38.9,60.5
1,20,15,0,5,30,10,10,267,140,127,52.43,43.1,65.8
1,20,15,0,5,30,10,15,266,159,107,59.77,50.0,76.9
1,20,15,0,5,30,15,8,267,101,166,37.83,23.1,47.4
1,20,15,0,5,30,15,10,267,117,150,43.82,30.8,52.6
1,20,15,0,5,30,15,15,265,135,130,50.94,41.7,60.5
1,20,15,0,10,0,8,8,248,119,129,47.98,34.4,53.8
1,20,15,0,10,0,8,10,248,138,110,55.65,46.7,65.2
1,20,15,0,10,0,8,15,248,157,91,63.31,52.9,73.9
1,20,15,0,10,0,10,8,247,105,142,42.51,34.4,47.1
1,20,15,0,10,0,10,10,247,124,123,50.20,45.5,57.1
1,20,15,0,10,0,10,15,247,145,102,58.70,51.4,68.8
1,20,15,0,10,0,15,8,247,83,164,33.60,20.0,39.0
1,20,15,0,10,0,15,10,247,100,147,40.49,20.0,53.6
1,20,15,0,10,0,15,15,247,119,128,48.18,33.3,56.4
1,20,15,0,10,15,8,8,159,86,73,54.09,40.0,64.7
1,20,15,0,10,15,8,10,159,96,63,60.38,48.1,75.0
1,20,15,0,10,15,8,15,159,111,48,69.81,59.1,78.6
1,20,15,0,10,15,10,8,159,78,81,49.06,30.0,64.7
1,20,15,0,10,15,10,10,159,88,71,55.35,40.0,67.9
1,20,15,0,10,15,10,15,159,106,53,66.67,55.6,76.5
1,20,15,0,10,15,15,8,158,61,97,38.61,30.0,48.5
1,20,15,0,10,15,15,10,158,70,88,44.30,33.3,54.5
1,20,15,0,10,15,15,15,158,88,70,55.70,44.4,66.7
1,20,15,0,10,30,8,8,128,70,58,54.69,37.5,65.0
1,20,15,0,10,30,8,10,127,76,51,59.84,37.5,70.0
1,20,15,0,10,30,8,15,127,89,38,70.08,60.0,80.0
1,20,15,0,10,30,10,8,128,58,70,45.31,25.0,60.0
1,20,15,0,10,30,10,10,127,66,61,51.97,25.0,65.0
1,20,15,0,10,30,10,15,127,83,44,65.35,50.0,80.0
1,20,15,0,10,30,15,8,128,47,81,36.72,20.0,55.0
1,20,15,0,10,30,15,10,127,54,73,42.52,20.0,60.0
1,20,15,0,10,30,15,15,127,73,54,57.48,37.5,75.0
1,20,15,8,0,0,8,8,327,155,172,47.40,26.1,60.7
1,20,15,8,0,0,8,10,327,172,155,52.60,30.4,64.3
1,20,15,8,0,0,8,15,326,210,116,64.42,52.2,71.4
1,20,15,8,0,0,10,8,327,139,188,42.51,26.1,57.1
1,20,15,8,0,0,10,10,327,158,169,48.32,30.4,60.7
1,20,15,8,0,0,10,15,325,197,128,60.62,50.0,66.7
1,20,15,8,0,0,15,8,327,107,220,32.72,13.0,50.0
1,20,15,8,0,0,15,10,326,126,200,38.65,17.4,53.6
1,20,15,8,0,0,15,15,324,160,164,49.38,36.4,57.1
1,20,15,8,0,15,8,8,218,108,110,49.54,35.7,59.4
1,20,15,8,0,15,8,10,218,122,96,55.96,35.7,65.6
1,20,15,8,0,15,8,15,218,140,78,64.22,50.0,79.3
1,20,15,8,0,15,10,8,218,101,117,46.33,35.7,59.4
1,20,15,8,0,15,10,10,218,114,104,52.29,35.7,65.6
1,20,15,8,0,15,10,15,218,132,86,60.55,42.9,72.4
1,20,15,8,0,15,15,8,217,78,139,35.94,27.6,46.9
1,20,15,8,0,15,15,10,217,89,128,41.01,28.6,56.3
1,20,15,8,0,15,15,15,217,112,105,51.61,35.7,62.5
1,20,15,8,0,30,8,8,182,90,92,49.45,40.9,69.2
1,20,15,8,0,30,8,10,182,100,82,54.95,45.5,69.2
1,20,15,8,0,30,8,15,181,115,66,63.54,52.0,78.3
1,20,15,8,0,30,10,8,182,82,100,45.05,27.3,69.2
1,20,15,8,0,30,10,10,182,92,90,50.55,27.3,69.2
1,20,15,8,0,30,10,15,181,103,78,56.91,36.4,73.9
1,20,15,8,0,30,15,8,182,68,114,37.36,26.1,57.7
1,20,15,8,0,30,15,10,182,76,106,41.76,27.3,57.7
1,20,15,8,0,30,15,15,181,87,94,48.07,36.0,61.5
1,20,15,8,5,0,8,8,159,85,74,53.46,38.5,66.7
1,20,15,8,5,0,8,10,159,97,62,61.01,46.2,73.3
1,20,15,8,5,0,8,15,159,114,45,71.70,53.8,86.7
1,20,15,8,5,0,10,8,159,77,82,48.43,38.5,61.5
1,20,15,8,5,0,10,10,159,89,70,55.97,46.2,69.2
1,20,15,8,5,0,10,15,159,107,52,67.30,53.8,73.3
1,20,15,8,5,0,15,8,159,54,105,33.96,23.1,53.8
1,20,15,8,5,0,15,10,158,64,94,40.51,30.8,61.5
1,20,15,8,5,0,15,15,157,84,73,53.50,33.3,66.7
1,20,15,8,5,15,8,8,126,62,64,49.21,42.9,60.0
1,20,15,8,5,15,8,10,125,68,57,54.40,42.9,70.0
1,20,15,8,5,15,8,15,125,80,45,64.00,50.0,80.0
1,20,15,8,5,15,10,8,126,57,69,45.24,35.7,60.0
1,20,15,8,5,15,10,10,125,62,63,49.60,37.5,70.0
1,20,15,8,5,15,10,15,125,74,51,59.20,37.5,80.0
1,20,15,8,5,15,15,8,126,46,80,36.51,33.3,45.0
1,20,15,8,5,15,15,10,125,51,74,40.80,33.3,55.0
1,20,15,8,5,15,15,15,125,65,60,52.00,37.5,70.0
1,20,15,8,5,30,8,8,104,59,45,56.73,30.8,78.9
1,20,15,8,5,30,8,10,104,62,42,59.62,38.5,84.2
1,20,15,8,5,30,8,15,103,68,35,66.02,38.5,84.2
1,20,15,8,5,30,10,8,104,53,51,50.96,23.1,73.7
1,20,15,8,5,30,10,10,104,56,48,53.85,30.8,78.9
1,20,15,8,5,30,10,15,103,62,41,60.19,30.8,78.9
1,20,15,8,5,30,15,8,104,42,62,40.38,15.4,50.0
1,20,15,8,5,30,15,10,104,45,59,43.27,23.1,50.0
1,20,15,8,5,30,15,15,103,54,49,52.43,23.1,66.7
1,20,15,8,10,0,8,8,102,51,51,50.00,34.6,66.7
1,20,15,8,10,0,8,10,102,64,38,62.75,50.0,77.8
1,20,15,8,10,0,8,15,102,67,35,65.69,57.7,77.8
1,20,15,8,10,0,10,8,101,44,57,43.56,30.8,61.1
1,20,15,8,10,0,10,10,101,57,44,56.44,46.2,72.2
1,20,15,8,10,0,10,15,101,60,41,59.41,50.0,72.2
1,20,15,8,10,0,15,8,101,35,66,34.65,16.7,44.4
1,20,15,8,10,0,15,10,101,49,52,48.51,33.3,66.7
1,20,15,8,10,0,15,15,101,52,49,51.49,33.3,66.7
1,20,15,8,10,15,8,8,73,42,31,57.53,22.2,78.6
1,20,15,8,10,15,8,10,73,44,29,60.27,22.2,78.6
1,20,15,8,10,15,8,15,73,50,23,68.49,33.3,85.7
1,20,15,8,10,15,10,8,73,39,34,53.42,22.2,78.6
1,20,15,8,10,15,10,10,73,41,32,56.16,22.2,78.6
1,20,15,8,10,15,10,15,73,49,24,67.12,33.3,85.7
1,20,15,8,10,15,15,8,73,29,44,39.73,22.2,57.1
1,20,15,8,10,15,15,10,73,31,42,42.47,22.2,57.1
1,20,15,8,10,15,15,15,72,40,32,55.56,33.3,70.6
1,20,15,8,10,30,8,8,72,37,35,51.39,42.9,75.0
1,20,15,8,10,30,8,10,72,41,31,56.94,42.9,76.9
1,20,15,8,10,30,8,15,72,45,27,62.50,42.9,85.7
1,20,15,8,10,30,10,8,72,33,39,45.83,33.3,75.0
1,20,15,8,10,30,10,10,72,37,35,51.39,33.3,75.0
1,20,15,8,10,30,10,15,72,43,29,59.72,33.3,85.7
1,20,15,8,10,30,15,8,72,24,48,33.33,22.2,50.0
1,20,15,8,10,30,15,10,72,29,43,40.28,33.3,53.8
1,20,15,8,10,30,15,15,72,36,36,50.00,33.3,71.4
1,20,15,15,0,0,8,8,128,71,57,55.47,50.0,68.8
1,20,15,15,0,0,8,10,128,75,53,58.59,52.2,68.8
1,20,15,15,0,0,8,15,127,84,43,66.14,60.9,78.9
1,20,15,15,0,0,10,8,128,62,66,48.44,28.6,62.5
1,20,15,15,0,0,10,10,128,67,61,52.34,47.1,62.5
1,20,15,15,0,0,10,15,127,77,50,60.63,50.0,78.9
1,20,15,15,0,0,15,8,128,49,79,38.28,28.6,43.8
1,20,15,15,0,0,15,10,128,53,75,41.41,29.4,50.0
1,20,15,15,0,0,15,15,127,64,63,50.39,43.8,63.2
1,20,15,15,0,15,8,8,102,52,50,50.98,33.3,65.0
1,20,15,15,0,15,8,10,102,60,42,58.82,46.2,75.0
1,20,15,15,0,15,8,15,101,68,33,67.33,50.0,90.0
1,20,15,15,0,15,10,8,102,49,53,48.04,25.0,65.0
1,20,15,15,0,15,10,10,102,56,46,54.90,33.3,75.0
1,20,15,15,0,15,10,15,101,62,39,61.39,33.3,80.0
1,20,15,15,0,15,15,8,102,39,63,38.24,25.0,60.0
1,20,15,15,0,15,15,10,102,45,57,44.12,33.3,60.0
1,20,15,15,0,15,15,15,101,53,48,52.48,33.3,70.0
1,20,15,15,0,30,8,8,86,47,39,54.65,22.2,76.9
1,20,15,15,0,30,8,10,86,50,36,58.14,33.3,76.9
1,20,15,15,0,30,8,15,86,58,28,67.44,33.3,84.6
1,20,15,15,0,30,10,8,86,40,46,46.51,22.2,76.5
1,20,15,15,0,30,10,10,86,43,43,50.00,33.3,76.5
1,20,15,15,0,30,10,15,86,53,33,61.63,33.3,76.5
1,20,15,15,0,30,15,8,85,33,52,38.82,22.2,58.8
1,20,15,15,0,30,15,10,85,36,49,42.35,33.3,58.8
1,20,15,15,0,30,15,15,85,45,40,52.94,33.3,64.7
1,20,15,15,5,0,8,8,80,38,42,47.50,33.3,57.9
1,20,15,15,5,0,8,10,80,43,37,53.75,33.3,71.4
1,20,15,15,5,0,8,15,80,54,26,67.50,50.0,85.7
1,20,15,15,5,0,10,8,80,33,47,41.25,31.6,52.6
1,20,15,15,5,0,10,10,80,38,42,47.50,33.3,60.0
1,20,15,15,5,0,10,15,80,49,31,61.25,44.4,71.4
1,20,15,15,5,0,15,8,80,26,54,32.50,16.7,42.1
1,20,15,15,5,0,15,10,80,31,49,38.75,16.7,47.4
1,20,15,15,5,0,15,15,80,44,36,55.00,33.3,71.4
1,20,15,15,5,15,8,8,69,32,37,46.38,20.0,57.1
1,20,15,15,5,15,8,10,69,34,35,49.28,40.0,57.1
1,20,15,15,5,15,8,15,69,41,28,59.42,40.0,71.4
1,20,15,15,5,15,10,8,69,30,39,43.48,20.0,57.1
1,20,15,15,5,15,10,10,69,32,37,46.38,33.3,57.1
1,20,15,15,5,15,10,15,69,39,30,56.52,33.3,71.4
1,20,15,15,5,15,15,8,69,21,48,30.43,16.7,42.9
1,20,15,15,5,15,15,10,69,22,47,31.88,16.7,44.4
1,20,15,15,5,15,15,15,68,31,37,45.59,33.3,71.4
1,20,15,15,5,30,8,8,59,31,28,52.54,20.0,100.0
1,20,15,15,5,30,8,10,59,32,27,54.24,20.0,100.0
1,20,15,15,5,30,8,15,59,39,20,66.10,40.0,100.0
1,20,15,15,5,30,10,8,59,28,31,47.46,20.0,100.0
1,20,15,15,5,30,10,10,59,29,30,49.15,20.0,100.0
1,20,15,15,5,30,10,15,59,38,21,64.41,20.0,100.0
1,20,15,15,5,30,15,8,59,20,39,33.90,20.0,50.0
1,20,15,15,5,30,15,10,59,21,38,35.59,20.0,50.0
1,20,15,15,5,30,15,15,58,29,29,50.00,20.0,100.0
1,20,15,15,10,0,8,8,61,25,36,40.98,12.5,100.0
1,20,15,15,10,0,8,10,61,29,32,47.54,25.0,100.0
1,20,15,15,10,0,8,15,60,36,24,60.00,33.3,100.0
1,20,15,15,10,0,10,8,61,21,40,34.43,12.5,100.0
1,20,15,15,10,0,10,10,61,27,34,44.26,22.2,100.0
1,20,15,15,10,0,10,15,60,33,27,55.00,22.2,100.0
1,20,15,15,10,0,15,8,61,16,45,26.23,11.1,50.0
1,20,15,15,10,0,15,10,61,20,41,32.79,11.1,50.0
1,20,15,15,10,0,15,15,60,25,35,41.67,11.1,56.3
1,20,15,15,10,15,8,8,46,20,26,43.48,28.6,100.0
1,20,15,15,10,15,8,10,46,23,23,50.00,33.3,100.0
1,20,15,15,10,15,8,15,45,30,15,66.67,40.0,100.0
1,20,15,15,10,15,10,8,46,16,30,34.78,14.3,50.0
1,20,15,15,10,15,10,10,46,20,26,43.48,28.6,54.5
1,20,15,15,10,15,10,15,45,26,19,57.78,40.0,72.7
1,20,15,15,10,15,15,8,46,14,32,30.43,0.0,50.0
1,20,15,15,10,15,15,10,46,16,30,34.78,14.3,50.0
1,20,15,15,10,15,15,15,45,22,23,48.89,28.6,63.6
1,20,15,15,10,30,8,8,43,21,22,48.84,28.6,100.0
1,20,15,15,10,30,8,10,43,23,20,53.49,28.6,100.0
1,20,15,15,10,30,8,15,43,30,13,69.77,50.0,100.0
1,20,15,15,10,30,10,8,43,17,26,39.53,25.0,50.0
1,20,15,15,10,30,10,10,43,20,23,46.51,25.0,60.0
1,20,15,15,10,30,10,15,43,27,16,62.79,50.0,75.0
1,20,15,15,10,30,15,8,43,12,31,27.91,0.0,50.0
1,20,15,15,10,30,15,10,43,14,29,32.56,0.0,54.5
1,20,15,15,10,30,15,15,43,20,23,46.51,0.0,63.6
1,20,25,0,0,0,8,8,1934,929,1005,48.04,38.9,54.0
1,20,25,0,0,0,8,10,1930,1037,893,53.73,47.7,60.3
1,20,25,0,0,0,8,15,1920,1213,707,63.18,56.5,70.1
1,20,25,0,0,0,10,8,1929,823,1106,42.66,36.4,47.2
1,20,25,0,0,0,10,10,1924,934,990,48.54,44.7,53.2
1,20,25,0,0,0,10,15,1914,1114,800,58.20,54.4,63.0
1,20,25,0,0,0,15,8,1927,644,1283,33.42,28.0,36.5
1,20,25,0,0,0,15,10,1922,749,1173,38.97,36.3,43.5
1,20,25,0,0,0,15,15,1911,920,991,48.14,44.1,51.6
1,20,25,0,0,15,8,8,868,436,432,50.23,42.7,57.6
1,20,25,0,0,15,8,10,868,485,383,55.88,47.6,60.0
1,20,25,0,0,15,8,15,866,568,298,65.59,56.1,68.8
1,20,25,0,0,15,10,8,866,386,480,44.57,36.6,50.4
1,20,25,0,0,15,10,10,866,436,430,50.35,43.9,53.6
1,20,25,0,0,15,10,15,864,525,339,60.76,51.2,64.3
1,20,25,0,0,15,15,8,866,300,566,34.64,25.6,37.1
1,20,25,0,0,15,15,10,865,343,522,39.65,32.1,42.9
1,20,25,0,0,15,15,15,862,430,432,49.88,40.0,54.5
1,20,25,0,0,30,8,8,692,345,347,49.86,42.0,57.8
1,20,25,0,0,30,8,10,691,381,310,55.14,52.8,61.0
1,20,25,0,0,30,8,15,689,453,236,65.75,62.4,68.8
1,20,25,0,0,30,10,8,691,304,387,43.99,35.8,54.9
1,20,25,0,0,30,10,10,690,343,347,49.71,47.5,58.0
1,20,25,0,0,30,10,15,688,418,270,60.76,57.4,65.8
1,20,25,0,0,30,15,8,691,241,450,34.88,27.9,43.9
1,20,25,0,0,30,15,10,689,279,410,40.49,35.0,46.9
1,20,25,0,0,30,15,15,687,352,335,51.24,41.7,60.5
1,20,25,0,5,0,8,8,567,272,295,47.97,43.5,53.8
1,20,25,0,5,0,8,10,567,302,265,53.26,46.7,57.9
1,20,25,0,5,0,8,15,563,355,208,63.06,51.1,71.9
1,20,25,0,5,0,10,8,567,236,331,41.62,36.8,48.8
1,20,25,0,5,0,10,10,567,264,303,46.56,40.0,52.5
1,20,25,0,5,0,10,15,563,323,240,57.37,46.7,64.9
1,20,25,0,5,0,15,8,566,187,379,33.04,28.9,40.0
1,20,25,0,5,0,15,10,565,216,349,38.23,29.5,45.0
1,20,25,0,5,0,15,15,561,270,291,48.13,38.6,55.0
1,20,25,0,5,15,8,8,322,162,160,50.31,42.9,56.4
1,20,25,0,5,15,8,10,322,176,146,54.66,46.5,63.8
1,20,25,0,5,15,8,15,320,209,111,65.31,52.4,75.8
1,20,25,0,5,15,10,8,322,149,173,46.27,38.1,51.1
1,20,25,0,5,15,10,10,322,163,159,50.62,42.9,59.6
1,20,25,0,5,15,10,15,320,194,126,60.62,47.6,66.0
1,20,25,0,5,15,15,8,321,115,206,35.83,27.3,42.6
1,20,25,0,5,15,15,10,321,126,195,39.25,33.3,46.8
1,20,25,0,5,15,15,15,319,162,157,50.78,38.1,56.3
1,20,25,0,5,30,8,8,271,132,139,48.71,43.8,59.5
1,20,25,0,5,30,8,10,271,147,124,54.24,48.1,69.2
1,20,25,0,5,30,8,15,270,166,104,61.48,55.8,76.9
1,20,25,0,5,30,10,8,271,122,149,45.02,37.7,59.5
1,20,25,0,5,30,10,10,271,137,134,50.55,41.6,64.9
1,20,25,0,5,30,10,15,270,156,114,57.78,49.4,70.3
1,20,25,0,5,30,15,8,271,99,172,36.53,23.1,45.9
1,20,25,0,5,30,15,10,271,116,155,42.80,38.5,51.4
1,20,25,0,5,30,15,15,269,135,134,50.19,41.7,59.5
1,20,25,0,10,0,8,8,241,118,123,48.96,34.4,63.9
1,20,25,0,10,0,8,10,241,136,105,56.43,35.7,66.7
1,20,25,0,10,0,8,15,241,154,87,63.90,50.0,72.2
1,20,25,0,10,0,10,8,240,103,137,42.92,34.4,48.7
1,20,25,0,10,0,10,10,240,121,119,50.42,35.7,57.1
1,20,25,0,10,0,10,15,240,141,99,58.75,50.0,68.8
1,20,25,0,10,0,15,8,240,82,158,34.17,21.4,41.7
1,20,25,0,10,0,15,10,240,98,142,40.83,21.4,53.6
1,20,25,0,10,0,15,15,240,117,123,48.75,35.7,55.6
1,20,25,0,10,15,8,8,162,82,80,50.62,30.0,61.8
1,20,25,0,10,15,8,10,162,95,67,58.64,40.0,70.6
1,20,25,0,10,15,8,15,162,109,53,67.28,50.0,75.9
1,20,25,0,10,15,10,8,162,75,87,46.30,30.0,58.8
1,20,25,0,10,15,10,10,162,88,74,54.32,40.0,64.7
1,20,25,0,10,15,10,15,162,104,58,64.20,50.0,72.4
1,20,25,0,10,15,15,8,161,59,102,36.65,26.1,47.1
1,20,25,0,10,15,15,10,161,71,90,44.10,34.8,55.9
1,20,25,0,10,15,15,15,161,87,74,54.04,43.5,62.1
1,20,25,0,10,30,8,8,121,61,60,50.41,40.0,63.2
1,20,25,0,10,30,8,10,121,66,55,54.55,40.7,73.7
1,20,25,0,10,30,8,15,121,80,41,66.12,48.1,78.9
1,20,25,0,10,30,10,8,121,55,66,45.45,26.7,58.3
1,20,25,0,10,30,10,10,121,60,61,49.59,29.6,68.4
1,20,25,0,10,30,10,15,121,76,45,62.81,40.7,78.9
1,20,25,0,10,30,15,8,120,42,78,35.00,20.0,52.6
1,20,25,0,10,30,15,10,120,47,73,39.17,20.0,63.2
1,20,25,0,10,30,15,15,120,66,54,55.00,40.7,75.0
1,20,25,8,0,0,8,8,320,154,166,48.13,25.0,60.7
1,20,25,8,0,0,8,10,320,172,148,53.75,35.0,64.3
1,20,25,8,0,0,8,15,319,208,111,65.20,55.0,71.4
1,20,25,8,0,0,10,8,320,138,182,43.13,20.0,57.1
1,20,25,8,0,0,10,10,320,156,164,48.75,25.0,60.7
1,20,25,8,0,0,10,15,318,194,124,61.01,47.4,66.7
1,20,25,8,0,0,15,8,320,103,217,32.19,10.0,50.0
1,20,25,8,0,0,15,10,319,121,198,37.93,15.0,53.6
1,20,25,8,0,0,15,15,317,156,161,49.21,36.8,57.1
1,20,25,8,0,15,8,8,216,111,105,51.39,42.9,61.3
1,20,25,8,0,15,8,10,216,124,92,57.41,42.9,67.7
1,20,25,8,0,15,8,15,216,138,78,63.89,56.5,74.2
1,20,25,8,0,15,10,8,216,102,114,47.22,35.7,61.3
1,20,25,8,0,15,10,10,216,114,102,52.78,35.7,67.7
1,20,25,8,0,15,10,15,216,128,88,59.26,42.9,71.0
1,20,25,8,0,15,15,8,215,78,137,36.28,28.6,45.2
1,20,25,8,0,15,15,10,215,89,126,41.40,28.6,54.8
1,20,25,8,0,15,15,15,215,109,106,50.70,35.7,61.3
1,20,25,8,0,30,8,8,188,88,100,46.81,30.0,55.2
1,20,25,8,0,30,8,10,188,100,88,53.19,30.0,69.6
1,20,25,8,0,30,8,15,187,118,69,63.10,50.0,82.6
1,20,25,8,0,30,10,8,188,81,107,43.09,30.0,55.2
1,20,25,8,0,30,10,10,188,93,95,49.47,30.0,62.1
1,20,25,8,0,30,10,15,187,108,79,57.75,48.0,73.9
1,20,25,8,0,30,15,8,188,65,123,34.57,26.1,44.8
1,20,25,8,0,30,15,10,188,75,113,39.89,30.0,51.7
1,20,25,8,0,30,15,15,187,90,97,48.13,36.0,58.6
1,20,25,8,5,0,8,8,161,79,82,49.07,38.5,66.7
1,20,25,8,5,0,8,10,161,92,69,57.14,46.2,73.3
1,20,25,8,5,0,8,15,161,109,52,67.70,46.2,86.7
1,20,25,8,5,0,10,8,161,72,89,44.72,38.5,60.0
1,20,25,8,5,0,10,10,161,84,77,52.17,46.2,68.0
1,20,25,8,5,0,10,15,161,102,59,63.35,46.2,73.3
1,20,25,8,5,0,15,8,161,53,108,32.92,26.7,52.0
1,20,25,8,5,0,15,10,160,63,97,39.38,30.8,60.0
1,20,25,8,5,0,15,15,159,84,75,52.83,41.7,66.7
1,20,25,8,5,15,8,8,122,57,65,46.72,40.0,55.0
1,20,25,8,5,15,8,10,121,61,60,50.41,40.0,65.0
1,20,25,8,5,15,8,15,121,75,46,61.98,50.0,78.9
1,20,25,8,5,15,10,8,122,51,71,41.80,26.3,55.0
1,20,25,8,5,15,10,10,121,56,65,46.28,31.6,65.0
1,20,25,8,5,15,10,15,121,72,49,59.50,50.0,75.0
1,20,25,8,5,15,15,8,122,39,83,31.97,15.8,50.0
1,20,25,8,5,15,15,10,121,44,77,36.36,15.8,55.0
1,20,25,8,5,15,15,15,121,62,59,51.24,44.1,70.0
1,20,25,8,5,30,8,8,98,50,48,51.02,30.8,100.0
1,20,25,8,5,30,8,10,98,53,45,54.08,38.5,100.0
1,20,25,8,5,30,8,15,97,58,39,59.79,38.5,100.0
1,20,25,8,5,30,10,8,98,45,53,45.92,23.1,100.0
1,20,25,8,5,30,10,10,98,48,50,48.98,30.8,100.0
1,20,25,8,5,30,10,15,97,51,46,52.58,30.8,100.0
1,20,25,8,5,30,15,8,98,35,63,35.71,15.4,100.0
1,20,25,8,5,30,15,10,98,38,60,38.78,23.1,100.0
1,20,25,8,5,30,15,15,97,46,51,47.42,23.1,100.0
1,20,25,8,10,0,8,8,101,50,51,49.50,38.5,100.0
1,20,25,8,10,0,8,10,101,56,45,55.45,46.2,100.0
1,20,25,8,10,0,8,15,101,61,40,60.40,53.8,100.0
1,20,25,8,10,0,10,8,101,48,53,47.52,34.6,100.0
1,20,25,8,10,0,10,10,101,54,47,53.47,37.5,100.0
1,20,25,8,10,0,10,15,101,59,42,58.42,50.0,100.0
1,20,25,8,10,0,15,8,101,36,65,35.64,25.0,50.0
1,20,25,8,10,0,15,10,101,44,57,43.56,25.0,52.9
1,20,25,8,10,0,15,15,100,48,52,48.00,37.5,100.0
1,20,25,8,10,15,8,8,68,37,31,54.41,22.2,100.0
1,20,25,8,10,15,8,10,68,39,29,57.35,22.2,100.0
1,20,25,8,10,15,8,15,68,42,26,61.76,33.3,100.0
1,20,25,8,10,15,10,8,68,35,33,51.47,22.2,100.0
1,20,25,8,10,15,10,10,68,37,31,54.41,22.2,100.0
1,20,25,8,10,15,10,15,68,41,27,60.29,33.3,100.0
1,20,25,8,10,15,15,8,68,25,43,36.76,22.2,57.1
1,20,25,8,10,15,15,10,68,29,39,42.65,22.2,57.1
1,20,25,8,10,15,15,15,67,35,32,52.24,33.3,100.0
1,20,25,8,10,30,8,8,66,28,38,42.42,18.2,100.0
1,20,25,8,10,30,8,10,65,34,31,52.31,36.4,100.0
1,20,25,8,10,30,8,15,65,37,28,56.92,36.4,100.0
1,20,25,8,10,30,10,8,66,25,41,37.88,18.2,100.0
1,20,25,8,10,30,10,10,65,30,35,46.15,36.4,100.0
1,20,25,8,10,30,10,15,65,34,31,52.31,36.4,100.0
1,20,25,8,10,30,15,8,66,19,47,28.79,9.1,100.0
1,20,25,8,10,30,15,10,65,24,41,36.92,18.2,100.0
1,20,25,8,10,30,15,15,65,30,35,46.15,18.2,100.0
1,20,25,15,0,0,8,8,119,62,57,52.10,33.3,62.5
1,20,25,15,0,0,8,10,119,66,53,55.46,43.5,75.0
1,20,25,15,0,0,8,15,118,73,45,61.86,52.2,77.8
1,20,25,15,0,0,10,8,119,53,66,44.54,25.0,56.3
1,20,25,15,0,0,10,10,119,58,61,48.74,34.8,75.0
1,20,25,15,0,0,10,15,118,66,52,55.93,45.5,75.0
1,20,25,15,0,0,15,8,119,43,76,36.13,16.7,50.0
1,20,25,15,0,0,15,10,119,48,71,40.34,29.4,75.0
1,20,25,15,0,0,15,15,118,56,62,47.46,37.5,75.0
1,20,25,15,0,15,8,8,98,48,50,48.98,33.3,100.0
1,20,25,15,0,15,8,10,98,52,46,53.06,39.1,100.0
1,20,25,15,0,15,8,15,97,60,37,61.86,50.0,100.0
1,20,25,15,0,15,10,8,98,45,53,45.92,25.0,100.0
1,20,25,15,0,15,10,10,98,48,50,48.98,33.3,100.0
1,20,25,15,0,15,10,15,97,56,41,57.73,33.3,100.0
1,20,25,15,0,15,15,8,98,35,63,35.71,25.0,100.0
1,20,25,15,0,15,15,10,98,38,60,38.78,27.8,100.0
1,20,25,15,0,15,15,15,97,50,47,51.55,33.3,100.0
1,20,25,15,0,30,8,8,84,46,38,54.76,22.2,100.0
1,20,25,15,0,30,8,10,84,49,35,58.33,33.3,100.0
1,20,25,15,0,30,8,15,84,54,30,64.29,33.3,100.0
1,20,25,15,0,30,10,8,84,41,43,48.81,22.2,100.0
1,20,25,15,0,30,10,10,84,44,40,52.38,33.3,100.0
1,20,25,15,0,30,10,15,84,49,35,58.33,33.3,100.0
1,20,25,15,0,30,15,8,83,34,49,40.96,22.2,100.0
1,20,25,15,0,30,15,10,83,36,47,43.37,22.2,100.0
1,20,25,15,0,30,15,15,83,44,39,53.01,33.3,100.0
1,20,25,15,5,0,8,8,80,42,38,52.50,44.4,100.0
1,20,25,15,5,0,8,10,80,47,33,58.75,44.4,100.0
1,20,25,15,5,0,8,15,80,55,25,68.75,55.6,100.0
1,20,25,15,5,0,10,8,80,36,44,45.00,33.3,100.0
1,20,25,15,5,0,10,10,80,41,39,51.25,33.3,100.0
1,20,25,15,5,0,10,15,80,49,31,61.25,44.4,100.0
1,20,25,15,5,0,15,8,80,29,51,36.25,30.8,50.0
1,20,25,15,5,0,15,10,80,33,47,41.25,33.3,50.0
1,20,25,15,5,0,15,15,79,42,37,53.16,38.5,100.0
1,20,25,15,5,15,8,8,62,23,39,37.10,20.0,100.0
1,20,25,15,5,15,8,10,62,29,33,46.77,33.3,100.0
1,20,25,15,5,15,8,15,61,34,27,55.74,40.0,100.0
1,20,25,15,5,15,10,8,62,21,41,33.87,20.0,100.0
1,20,25,15,5,15,10,10,62,24,38,38.71,30.0,100.0
1,20,25,15,5,15,10,15,61,29,32,47.54,30.0,100.0
1,20,25,15,5,15,15,8,62,15,47,24.19,10.0,50.0
1,20,25,15,5,15,15,10,62,17,45,27.42,20.0,50.0
1,20,25,15,5,15,15,15,60,24,36,40.00,20.0,100.0
1,20,25,15,5,30,8,8,52,26,26,50.00,20.0,100.0
1,20,25,15,5,30,8,10,52,28,24,53.85,20.0,100.0
1,20,25,15,5,30,8,15,52,31,21,59.62,40.0,100.0
1,20,25,15,5,30,10,8,51,22,29,43.14,20.0,100.0
1,20,25,15,5,30,10,10,51,24,27,47.06,20.0,100.0
1,20,25,15,5,30,10,15,51,27,24,52.94,20.0,100.0
1,20,25,15,5,30,15,8,51,17,34,33.33,20.0,50.0
1,20,25,15,5,30,15,10,51,18,33,35.29,20.0,50.0
1,20,25,15,5,30,15,15,50,23,27,46.00,20.0,100.0
1,20,25,15,10,0,8,8,44,21,23,47.73,25.0,100.0
1,20,25,15,10,0,8,10,44,23,21,52.27,25.0,100.0
1,20,25,15,10,0,8,15,44,26,18,59.09,37.5,100.0
1,20,25,15,10,0,10,8,44,18,26,40.91,12.5,100.0
1,20,25,15,10,0,10,10,44,21,23,47.73,12.5,100.0
1,20,25,15,10,0,10,15,44,23,21,52.27,25.0,100.0
1,20,25,15,10,0,15,8,44,14,30,31.82,0.0,50.0
1,20,25,15,10,0,15,10,44,16,28,36.36,0.0,66.7
1,20,25,15,10,0,15,15,44,17,27,38.64,0.0,66.7
1,20,25,15,10,15,8,8,40,20,20,50.00,33.3,100.0
1,20,25,15,10,15,8,10,40,21,19,52.50,33.3,100.0
1,20,25,15,10,15,8,15,39,29,10,74.36,40.0,100.0
1,20,25,15,10,15,10,8,40,16,24,40.00,25.0,50.0
1,20,25,15,10,15,10,10,40,18,22,45.00,25.0,54.5
1,20,25,15,10,15,10,15,39,25,14,64.10,40.0,81.8
1,20,25,15,10,15,15,8,40,14,26,35.00,0.0,50.0
1,20,25,15,10,15,15,10,40,16,24,40.00,14.3,54.5
1,20,25,15,10,15,15,15,39,23,16,58.97,40.0,81.8
1,20,25,15,10,30,8,8,36,19,17,52.78,28.6,100.0
1,20,25,15,10,30,8,10,36,19,17,52.78,28.6,100.0
1,20,25,15,10,30,8,15,36,26,10,72.22,50.0,100.0
1,20,25,15,10,30,10,8,36,16,20,44.44,25.0,66.7
1,20,25,15,10,30,10,10,36,17,19,47.22,25.0,70.0
1,20,25,15,10,30,10,15,36,24,12,66.67,50.0,75.0
1,20,25,15,10,30,15,8,36,10,26,27.78,0.0,50.0
1,20,25,15,10,30,15,10,36,10,26,27.78,0.0,50.0
1,20,25,15,10,30,15,15,36,17,19,47.22,0.0,62.5
1,20,35,0,0,0,8,8,1924,924,1000,48.02,38.9,54.3
1,20,35,0,0,0,8,10,1920,1032,888,53.75,47.7,60.1
1,20,35,0,0,0,8,15,1910,1205,705,63.09,56.5,69.7
1,20,35,0,0,0,10,8,1919,818,1101,42.63,36.4,47.4
1,20,35,0,0,0,10,10,1914,928,986,48.48,44.5,52.8
1,20,35,0,0,0,10,15,1904,1106,798,58.09,54.4,62.4
1,20,35,0,0,0,15,8,1917,638,1279,33.28,28.0,36.8
1,20,35,0,0,0,15,10,1912,743,1169,38.86,36.0,43.3
1,20,35,0,0,0,15,15,1901,914,987,48.08,44.1,51.8
1,20,35,0,0,15,8,8,865,431,434,49.83,42.7,56.6
1,20,35,0,0,15,8,10,865,480,385,55.49,47.6,59.0
1,20,35,0,0,15,8,15,863,562,301,65.12,56.1,68.2
1,20,35,0,0,15,10,8,863,382,481,44.26,36.6,50.0
1,20,35,0,0,15,10,10,863,431,432,49.94,43.9,53.3
1,20,35,0,0,15,10,15,861,519,342,60.28,51.2,63.6
1,20,35,0,0,15,15,8,863,296,567,34.30,25.6,38.2
1,20,35,0,0,15,15,10,862,338,524,39.21,32.1,42.2
1,20,35,0,0,15,15,15,859,425,434,49.48,40.0,53.6
1,20,35,0,0,30,8,8,691,343,348,49.64,43.0,57.3
1,20,35,0,0,30,8,10,690,380,310,55.07,53.6,61.7
1,20,35,0,0,30,8,15,688,452,236,65.70,61.7,69.7
1,20,35,0,0,30,10,8,690,302,388,43.77,36.7,54.3
1,20,35,0,0,30,10,10,689,342,347,49.64,47.5,58.8
1,20,35,0,0,30,10,15,687,417,270,60.70,56.9,66.7
1,20,35,0,0,30,15,8,690,239,451,34.64,27.9,43.2
1,20,35,0,0,30,15,10,688,278,410,40.41,35.0,48.1
1,20,35,0,0,30,15,15,686,350,336,51.02,41.7,62.0
1,20,35,0,5,0,8,8,559,266,293,47.58,42.6,53.3
1,20,35,0,5,0,8,10,559,295,264,52.77,46.7,58.6
1,20,35,0,5,0,8,15,555,347,208,62.52,51.1,72.2
1,20,35,0,5,0,10,8,559,230,329,41.14,35.5,47.6
1,20,35,0,5,0,10,10,559,257,302,45.97,40.0,53.4
1,20,35,0,5,0,10,15,555,316,239,56.94,46.7,66.7
1,20,35,0,5,0,15,8,558,185,373,33.15,28.9,38.3
1,20,35,0,5,0,15,10,557,212,345,38.06,29.5,42.9
1,20,35,0,5,0,15,15,553,267,286,48.28,38.6,52.8
1,20,35,0,5,15,8,8,318,158,160,49.69,42.9,56.4
1,20,35,0,5,15,8,10,318,171,147,53.77,45.9,63.6
1,20,35,0,5,15,8,15,316,204,112,64.56,52.4,74.2
1,20,35,0,5,15,10,8,318,147,171,46.23,38.1,50.9
1,20,35,0,5,15,10,10,318,160,158,50.31,42.9,58.7
1,20,35,0,5,15,10,15,316,192,124,60.76,47.6,67.7
1,20,35,0,5,15,15,8,317,114,203,35.96,28.6,43.5
1,20,35,0,5,15,15,10,317,124,193,39.12,33.3,47.8
1,20,35,0,5,15,15,15,315,161,154,51.11,38.1,56.7
1,20,35,0,5,30,8,8,267,129,138,48.31,42.9,56.8
1,20,35,0,5,30,8,10,267,144,123,53.93,46.8,69.2
1,20,35,0,5,30,8,15,266,163,103,61.28,54.5,76.9
1,20,35,0,5,30,10,8,267,119,148,44.57,36.4,56.8
1,20,35,0,5,30,10,10,267,134,133,50.19,40.3,62.2
1,20,35,0,5,30,10,15,266,153,113,57.52,48.1,69.2
1,20,35,0,5,30,15,8,267,98,169,36.70,23.1,45.9
1,20,35,0,5,30,15,10,267,115,152,43.07,38.5,51.4
1,20,35,0,5,30,15,15,265,133,132,50.19,41.7,59.5
1,20,35,0,10,0,8,8,233,115,118,49.36,35.7,63.9
1,20,35,0,10,0,8,10,233,131,102,56.22,35.7,70.0
1,20,35,0,10,0,8,15,233,147,86,63.09,50.0,75.0
1,20,35,0,10,0,10,8,232,101,131,43.53,35.7,47.2
1,20,35,0,10,0,10,10,232,117,115,50.43,35.7,57.1
1,20,35,0,10,0,10,15,232,135,97,58.19,50.0,72.4
1,20,35,0,10,0,15,8,232,79,153,34.05,21.4,41.7
1,20,35,0,10,0,15,10,232,93,139,40.09,21.4,46.4
1,20,35,0,10,0,15,15,232,111,121,47.84,35.7,58.6
1,20,35,0,10,15,8,8,150,77,73,51.33,30.0,66.7
1,20,35,0,10,15,8,10,150,89,61,59.33,40.0,71.0
1,20,35,0,10,15,8,15,150,104,46,69.33,50.0,83.3
1,20,35,0,10,15,10,8,150,69,81,46.00,30.0,66.7
1,20,35,0,10,15,10,10,150,81,69,54.00,40.0,66.7
1,20,35,0,10,15,10,15,150,99,51,66.00,50.0,83.3
1,20,35,0,10,15,15,8,149,53,96,35.57,22.7,45.2
1,20,35,0,10,15,15,10,149,63,86,42.28,36.4,51.6
1,20,35,0,10,15,15,15,149,80,69,53.69,45.5,61.5
1,20,35,0,10,30,8,8,123,61,62,49.59,40.0,62.5
1,20,35,0,10,30,8,10,123,67,56,54.47,40.7,87.5
1,20,35,0,10,30,8,15,123,81,42,65.85,48.1,87.5
1,20,35,0,10,30,10,8,123,51,72,41.46,26.7,58.3
1,20,35,0,10,30,10,10,123,58,65,47.15,29.6,75.0
1,20,35,0,10,30,10,15,123,74,49,60.16,40.7,75.0
1,20,35,0,10,30,15,8,122,42,80,34.43,20.0,50.0
1,20,35,0,10,30,15,10,122,46,76,37.70,20.0,55.6
1,20,35,0,10,30,15,15,122,64,58,52.46,40.7,75.0
1,20,35,8,0,0,8,8,313,149,164,47.60,25.0,60.0
1,20,35,8,0,0,8,10,313,165,148,52.72,35.0,63.3
1,20,35,8,0,0,8,15,312,202,110,64.74,55.0,70.0
1,20,35,8,0,0,10,8,313,134,179,42.81,20.0,56.7
1,20,35,8,0,0,10,10,313,150,163,47.92,25.0,60.0
1,20,35,8,0,0,10,15,311,189,122,60.77,47.4,66.7
1,20,35,8,0,0,15,8,313,102,211,32.59,10.0,46.7
1,20,35,8,0,0,15,10,312,119,193,38.14,15.0,50.0
1,20,35,8,0,0,15,15,310,154,156,49.68,36.8,54.8
1,20,35,8,0,15,8,8,207,106,101,51.21,42.9,58.1
1,20,35,8,0,15,8,10,207,118,89,57.00,42.9,64.5
1,20,35,8,0,15,8,15,207,134,73,64.73,57.1,76.9
1,20,35,8,0,15,10,8,207,97,110,46.86,35.7,58.1
1,20,35,8,0,15,10,10,207,109,98,52.66,35.7,64.5
1,20,35,8,0,15,10,15,207,125,82,60.39,42.9,69.2
1,20,35,8,0,15,15,8,206,74,132,35.92,28.6,45.2
1,20,35,8,0,15,15,10,206,85,121,41.26,28.6,54.8
1,20,35,8,0,15,15,15,206,106,100,51.46,35.7,61.3
1,20,35,8,0,30,8,8,176,82,94,46.59,30.0,54.2
1,20,35,8,0,30,8,10,176,92,84,52.27,30.0,60.0
1,20,35,8,0,30,8,15,175,111,64,63.43,50.0,75.0
1,20,35,8,0,30,10,8,176,74,102,42.05,30.0,54.2
1,20,35,8,0,30,10,10,176,84,92,47.73,30.0,58.3
1,20,35,8,0,30,10,15,175,100,75,57.14,48.0,68.8
1,20,35,8,0,30,15,8,176,59,117,33.52,25.0,45.8
1,20,35,8,0,30,15,10,176,68,108,38.64,30.0,50.0
1,20,35,8,0,30,15,15,175,84,91,48.00,36.0,58.3
1,20,35,8,5,0,8,8,143,74,69,51.75,38.5,63.6
1,20,35,8,5,0,8,10,143,82,61,57.34,41.7,73.7
1,20,35,8,5,0,8,15,143,99,44,69.23,46.2,83.3
1,20,35,8,5,0,10,8,143,64,79,44.76,36.1,59.1
1,20,35,8,5,0,10,10,143,72,71,50.35,36.1,63.6
1,20,35,8,5,0,10,15,143,90,53,62.94,46.2,75.0
1,20,35,8,5,0,15,8,143,49,94,34.27,26.7,50.0
1,20,35,8,5,0,15,10,142,55,87,38.73,30.8,54.5
1,20,35,8,5,0,15,15,141,76,65,53.90,41.7,61.5
1,20,35,8,5,15,8,8,106,48,58,45.28,29.4,52.6
1,20,35,8,5,15,8,10,105,52,53,49.52,35.3,57.9
1,20,35,8,5,15,8,15,105,68,37,64.76,50.0,73.7
1,20,35,8,5,15,10,8,106,42,64,39.62,17.6,52.6
1,20,35,8,5,15,10,10,105,46,59,43.81,23.5,57.9
1,20,35,8,5,15,10,15,105,63,42,60.00,44.4,73.7
1,20,35,8,5,15,15,8,106,34,72,32.08,11.8,50.0
1,20,35,8,5,15,15,10,105,37,68,35.24,11.8,50.0
1,20,35,8,5,15,15,15,105,57,48,54.29,44.4,68.4
1,20,35,8,5,30,8,8,92,49,43,53.26,30.8,75.0
1,20,35,8,5,30,8,10,92,51,41,55.43,38.5,76.5
1,20,35,8,5,30,8,15,91,57,34,62.64,38.5,76.5
1,20,35,8,5,30,10,8,92,45,47,48.91,23.1,75.0
1,20,35,8,5,30,10,10,92,47,45,51.09,30.8,76.5
1,20,35,8,5,30,10,15,91,52,39,57.14,30.8,76.5
1,20,35,8,5,30,15,8,92,34,58,36.96,15.4,42.9
1,20,35,8,5,30,15,10,92,36,56,39.13,23.1,47.1
1,20,35,8,5,30,15,15,90,46,44,51.11,23.1,66.7
1,20,35,8,10,0,8,8,92,40,52,43.48,31.3,100.0
1,20,35,8,10,0,8,10,92,51,41,55.43,42.9,100.0
1,20,35,8,10,0,8,15,92,56,36,60.87,50.0,100.0
1,20,35,8,10,0,10,8,92,36,56,39.13,21.4,100.0
1,20,35,8,10,0,10,10,92,46,46,50.00,38.1,100.0
1,20,35,8,10,0,10,15,92,52,40,56.52,40.0,100.0
1,20,35,8,10,0,15,8,92,27,65,29.35,0.0,100.0
1,20,35,8,10,0,15,10,92,38,54,41.30,28.6,100.0
1,20,35,8,10,0,15,15,92,45,47,48.91,28.6,100.0
1,20,35,8,10,15,8,8,62,32,30,51.61,22.2,100.0
1,20,35,8,10,15,8,10,62,34,28,54.84,22.2,100.0
1,20,35,8,10,15,8,15,62,37,25,59.68,33.3,100.0
1,20,35,8,10,15,10,8,62,29,33,46.77,22.2,100.0
1,20,35,8,10,15,10,10,62,32,30,51.61,22.2,100.0
1,20,35,8,10,15,10,15,62,35,27,56.45,33.3,100.0
1,20,35,8,10,15,15,8,62,23,39,37.10,22.2,58.3
1,20,35,8,10,15,15,10,62,27,35,43.55,22.2,58.3
1,20,35,8,10,15,15,15,61,30,31,49.18,33.3,100.0
1,20,35,8,10,30,8,8,59,28,31,47.46,33.3,100.0
1,20,35,8,10,30,8,10,58,32,26,55.17,42.9,100.0
1,20,35,8,10,30,8,15,58,35,23,60.34,42.9,100.0
1,20,35,8,10,30,10,8,59,25,34,42.37,33.3,100.0
1,20,35,8,10,30,10,10,58,28,30,48.28,40.0,100.0
1,20,35,8,10,30,10,15,58,33,25,56.90,40.0,100.0
1,20,35,8,10,30,15,8,59,21,38,35.59,22.2,100.0
1,20,35,8,10,30,15,10,58,24,34,41.38,33.3,100.0
1,20,35,8,10,30,15,15,58,30,28,51.72,35.7,100.0
1,20,35,15,0,0,8,8,119,55,64,46.22,33.3,52.9
1,20,35,15,0,0,8,10,119,61,58,51.26,43.5,75.0
1,20,35,15,0,0,8,15,118,73,45,61.86,52.2,76.5
1,20,35,15,0,0,10,8,119,45,74,37.82,16.7,50.0
1,20,35,15,0,0,10,10,119,51,68,42.86,33.3,75.0
1,20,35,15,0,0,10,15,118,64,54,54.24,36.4,75.0
1,20,35,15,0,0,15,8,119,39,80,32.77,16.7,50.0
1,20,35,15,0,0,15,10,119,45,74,37.82,26.3,75.0
1,20,35,15,0,0,15,15,118,56,62,47.46,36.4,75.0
1,20,35,15,0,15,8,8,87,43,44,49.43,33.3,100.0
1,20,35,15,0,15,8,10,87,51,36,58.62,47.6,100.0
1,20,35,15,0,15,8,15,87,57,30,65.52,50.0,100.0
1,20,35,15,0,15,10,8,87,40,47,45.98,25.0,100.0
1,20,35,15,0,15,10,10,87,47,40,54.02,33.3,100.0
1,20,35,15,0,15,10,15,87,53,34,60.92,33.3,100.0
1,20,35,15,0,15,15,8,87,30,57,34.48,14.3,100.0
1,20,35,15,0,15,15,10,87,38,49,43.68,28.6,100.0
1,20,35,15,0,15,15,15,87,47,40,54.02,28.6,100.0
1,20,35,15,0,30,8,8,78,38,40,48.72,22.2,100.0
1,20,35,15,0,30,8,10,78,44,34,56.41,33.3,100.0
1,20,35,15,0,30,8,15,78,48,30,61.54,33.3,100.0
1,20,35,15,0,30,10,8,78,32,46,41.03,22.2,100.0
1,20,35,15,0,30,10,10,78,39,39,50.00,33.3,100.0
1,20,35,15,0,30,10,15,78,45,33,57.69,33.3,100.0
1,20,35,15,0,30,15,8,77,27,50,35.06,20.0,100.0
1,20,35,15,0,30,15,10,77,33,44,42.86,30.0,100.0
1,20,35,15,0,30,15,15,77,40,37,51.95,33.3,100.0
1,20,35,15,5,0,8,8,77,35,42,45.45,30.0,100.0
1,20,35,15,5,0,8,10,77,39,38,50.65,30.0,100.0
1,20,35,15,5,0,8,15,77,48,29,62.34,55.6,100.0
1,20,35,15,5,0,10,8,77,31,46,40.26,20.0,100.0
1,20,35,15,5,0,10,10,77,34,43,44.16,20.0,100.0
1,20,35,15,5,0,10,15,77,43,34,55.84,44.4,100.0
1,20,35,15,5,0,15,8,76,25,51,32.89,10.0,50.0
1,20,35,15,5,0,15,10,76,28,48,36.84,10.0,50.0
1,20,35,15,5,0,15,15,75,37,38,49.33,40.0,100.0
1,20,35,15,5,15,8,8,61,25,36,40.98,20.0,58.3
1,20,35,15,5,15,8,10,61,28,33,45.90,30.0,58.3
1,20,35,15,5,15,8,15,60,33,27,55.00,40.0,71.4
1,20,35,15,5,15,10,8,61,23,38,37.70,20.0,50.0
1,20,35,15,5,15,10,10,61,25,36,40.98,30.0,50.0
1,20,35,15,5,15,10,15,60,29,31,48.33,40.0,58.3
1,20,35,15,5,15,15,8,61,17,44,27.87,0.0,42.9
1,20,35,15,5,15,15,10,61,18,43,29.51,0.0,42.9
1,20,35,15,5,15,15,15,60,23,37,38.33,0.0,57.1
1,20,35,15,5,30,8,8,48,20,28,41.67,20.0,50.0
1,20,35,15,5,30,8,10,48,24,24,50.00,20.0,66.7
1,20,35,15,5,30,8,15,48,28,20,58.33,40.0,80.0
1,20,35,15,5,30,10,8,47,17,30,36.17,20.0,50.0
1,20,35,15,5,30,10,10,47,21,26,44.68,20.0,60.0
1,20,35,15,5,30,10,15,47,24,23,51.06,20.0,80.0
1,20,35,15,5,30,15,8,47,14,33,29.79,0.0,42.9
1,20,35,15,5,30,15,10,47,16,31,34.04,0.0,50.0
1,20,35,15,5,30,15,15,47,19,28,40.43,0.0,57.1
1,20,35,15,10,0,8,8,43,23,20,53.49,33.3,100.0
1,20,35,15,10,0,8,10,43,29,14,67.44,40.0,100.0
1,20,35,15,10,0,8,15,43,31,12,72.09,50.0,100.0
1,20,35,15,10,0,10,8,43,18,25,41.86,16.7,100.0
1,20,35,15,10,0,10,10,43,25,18,58.14,33.3,100.0
1,20,35,15,10,0,10,15,43,28,15,65.12,33.3,100.0
1,20,35,15,10,0,15,8,43,13,30,30.23,14.3,50.0
1,20,35,15,10,0,15,10,43,19,24,44.19,33.3,50.0
1,20,35,15,10,0,15,15,43,23,20,53.49,33.3,75.0
1,20,35,15,10,15,8,8,39,18,21,46.15,25.0,100.0
1,20,35,15,10,15,8,10,39,19,20,48.72,25.0,100.0
1,20,35,15,10,15,8,15,39,25,14,64.10,42.9,100.0
1,20,35,15,10,15,10,8,39,16,23,41.03,25.0,50.0
1,20,35,15,10,15,10,10,39,17,22,43.59,25.0,50.0
1,20,35,15,10,15,10,15,39,22,17,56.41,42.9,75.0
1,20,35,15,10,15,15,8,39,15,24,38.46,0.0,50.0
1,20,35,15,10,15,15,10,39,16,23,41.03,0.0,50.0
1,20,35,15,10,15,15,15,39,20,19,51.28,0.0,62.5
1,20,35,15,10,30,8,8,37,20,17,54.05,25.0,100.0
1,20,35,15,10,30,8,10,37,21,16,56.76,25.0,100.0
1,20,35,15,10,30,8,15,37,25,12,67.57,50.0,100.0
1,20,35,15,10,30,10,8,37,18,19,48.65,25.0,100.0
1,20,35,15,10,30,10,10,37,20,17,54.05,25.0,100.0
1,20,35,15,10,30,10,15,37,23,14,62.16,50.0,100.0
1,20,35,15,10,30,15,8,37,13,24,35.14,0.0,50.0
1,20,35,15,10,30,15,10,37,14,23,37.84,0.0,50.0
1,20,35,15,10,30,15,15,37,17,20,45.95,0.0,62.5
2,10,15,0,0,0,8,8,957,449,508,46.92,36.3,51.7
2,10,15,0,0,0,8,10,954,502,452,52.62,43.5,58.0
2,10,15,0,0,0,8,15,948,584,364,61.60,51.6,67.5
2,10,15,0,0,0,10,8,956,399,557,41.74,35.5,45.8
2,10,15,0,0,0,10,10,952,449,503,47.16,41.9,53.8
2,10,15,0,0,0,10,15,946,533,413,56.34,49.2,63.1
2,10,15,0,0,0,15,8,955,304,651,31.83,23.4,36.7
2,10,15,0,0,0,15,10,951,351,600,36.91,29.8,44.0
2,10,15,0,0,0,15,15,945,427,518,45.19,37.1,52.5
2,10,15,0,0,15,8,8,551,287,264,52.09,46.5,56.5
2,10,15,0,0,15,8,10,551,312,239,56.62,53.5,60.9
2,10,15,0,0,15,8,15,548,373,175,68.07,65.5,74.2
2,10,15,0,0,15,10,8,551,252,299,45.74,39.3,55.1
2,10,15,0,0,15,10,10,551,278,273,50.45,46.4,59.4
2,10,15,0,0,15,10,15,548,344,204,62.77,58.9,71.2
2,10,15,0,0,15,15,8,549,192,357,34.97,28.6,40.3
2,10,15,0,0,15,15,10,548,216,332,39.42,32.7,43.7
2,10,15,0,0,15,15,15,545,276,269,50.64,47.3,54.9
2,10,15,0,0,30,8,8,451,239,212,52.99,47.8,64.2
2,10,15,0,0,30,8,10,451,259,192,57.43,54.2,64.2
2,10,15,0,0,30,8,15,449,296,153,65.92,60.0,72.5
2,10,15,0,0,30,10,8,451,202,249,44.79,32.6,56.6
2,10,15,0,0,30,10,10,451,223,228,49.45,39.1,58.3
2,10,15,0,0,30,10,15,449,266,183,59.24,52.2,70.0
2,10,15,0,0,30,15,8,449,159,290,35.41,28.3,43.3
2,10,15,0,0,30,15,10,448,182,266,40.63,31.1,50.0
2,10,15,0,0,30,15,15,446,227,219,50.90,44.4,60.0
2,10,15,0,5,0,8,8,382,181,201,47.38,37.9,54.4
2,10,15,0,5,0,8,10,382,200,182,52.36,48.0,57.9
2,10,15,0,5,0,8,15,382,240,142,62.83,51.7,67.9
2,10,15,0,5,0,10,8,381,163,218,42.78,37.7,50.9
2,10,15,0,5,0,10,10,381,183,198,48.03,44.3,54.4
2,10,15,0,5,0,10,15,381,222,159,58.27,51.7,64.2
2,10,15,0,5,0,15,8,381,125,256,32.81,20.7,43.9
2,10,15,0,5,0,15,10,380,143,237,37.63,28.6,45.6
2,10,15,0,5,0,15,15,379,181,198,47.76,29.6,52.8
2,10,15,0,5,15,8,8,251,123,128,49.00,36.8,58.3
2,10,15,0,5,15,8,10,251,132,119,52.59,42.1,62.5
2,10,15,0,5,15,8,15,251,157,94,62.55,53.8,79.2
2,10,15,0,5,15,10,8,250,112,138,44.80,36.8,52.2
2,10,15,0,5,15,10,10,250,121,129,48.40,42.1,57.5
2,10,15,0,5,15,10,15,250,145,105,58.00,50.0,73.9
2,10,15,0,5,15,15,8,250,91,159,36.40,26.7,39.3
2,10,15,0,5,15,15,10,250,99,151,39.60,33.3,45.0
2,10,15,0,5,15,15,15,250,125,125,50.00,40.0,60.9
2,10,15,0,5,30,8,8,211,110,101,52.13,44.0,63.6
2,10,15,0,5,30,8,10,211,121,90,57.35,52.0,69.7
2,10,15,0,5,30,8,15,210,133,77,63.33,55.6,72.7
2,10,15,0,5,30,10,8,211,98,113,46.45,36.4,60.6
2,10,15,0,5,30,10,10,211,110,101,52.13,43.6,66.7
2,10,15,0,5,30,10,15,210,123,87,58.57,45.5,69.7
2,10,15,0,5,30,15,8,211,79,132,37.44,27.3,45.5
2,10,15,0,5,30,15,10,211,91,120,43.13,36.4,51.5
2,10,15,0,5,30,15,15,209,105,104,50.24,40.0,60.6
2,10,15,0,10,0,8,8,199,94,105,47.24,28.6,61.8
2,10,15,0,10,0,8,10,199,104,95,52.26,28.6,64.7
2,10,15,0,10,0,8,15,198,118,80,59.60,35.7,72.0
2,10,15,0,10,0,10,8,199,88,111,44.22,28.6,55.9
2,10,15,0,10,0,10,10,199,100,99,50.25,28.6,63.6
2,10,15,0,10,0,10,15,198,113,85,57.07,35.7,72.0
2,10,15,0,10,0,15,8,199,72,127,36.18,28.6,44.1
2,10,15,0,10,0,15,10,199,83,116,41.71,28.6,50.0
2,10,15,0,10,0,15,15,198,97,101,48.99,35.7,54.5
2,10,15,0,10,15,8,8,136,71,65,52.21,33.3,63.3
2,10,15,0,10,15,8,10,136,79,57,58.09,33.3,68.8
2,10,15,0,10,15,8,15,135,91,44,67.41,55.6,81.3
2,10,15,0,10,15,10,8,136,65,71,47.79,31.3,63.3
2,10,15,0,10,15,10,10,136,73,63,53.68,33.3,63.3
2,10,15,0,10,15,10,15,135,86,49,63.70,50.0,75.0
2,10,15,0,10,15,15,8,136,50,86,36.76,18.8,53.3
2,10,15,0,10,15,15,10,136,59,77,43.38,25.0,53.3
2,10,15,0,10,15,15,15,135,72,63,53.33,37.5,63.3
2,10,15,0,10,30,8,8,125,61,64,48.80,27.3,62.5
2,10,15,0,10,30,8,10,125,68,57,54.40,27.3,75.0
2,10,15,0,10,30,8,15,125,77,48,61.60,27.3,81.3
2,10,15,0,10,30,10,8,125,55,70,44.00,27.3,56.3
2,10,15,0,10,30,10,10,125,62,63,49.60,27.3,68.8
2,10,15,0,10,30,10,15,125,73,52,58.40,27.3,75.0
2,10,15,0,10,30,15,8,124,41,83,33.06,14.3,42.1
2,10,15,0,10,30,15,10,124,46,78,37.10,14.3,52.6
2,10,15,0,10,30,15,15,124,63,61,50.81,27.3,68.4
2,10,15,8,0,0,8,8,245,114,131,46.53,35.7,63.0
2,10,15,8,0,0,8,10,245,126,119,51.43,35.7,66.7
2,10,15,8,0,0,8,15,244,147,97,60.25,42.9,66.7
2,10,15,8,0,0,10,8,245,101,144,41.22,28.6,55.6
2,10,15,8,0,0,10,10,245,115,130,46.94,28.6,59.3
2,10,15,8,0,0,10,15,244,135,109,55.33,35.7,65.2
2,10,15,8,0,0,15,8,245,85,160,34.69,21.4,48.1
2,10,15,8,0,0,15,10,245,99,146,40.41,21.4,51.9
2,10,15,8,0,0,15,15,244,119,125,48.77,28.6,59.5
2,10,15,8,0,15,8,8,170,86,84,50.59,30.8,61.1
2,10,15,8,0,15,8,10,170,91,79,53.53,30.8,67.9
2,10,15,8,0,15,8,15,169,105,64,62.13,40.6,78.3
2,10,15,8,0,15,10,8,170,82,88,48.24,30.8,58.3
2,10,15,8,0,15,10,10,170,86,84,50.59,30.8,60.7
2,10,15,8,0,15,10,15,169,98,71,57.99,38.5,69.6
2,10,15,8,0,15,15,8,170,69,101,40.59,30.8,47.2
2,10,15,8,0,15,15,10,170,72,98,42.35,30.8,53.6
2,10,15,8,0,15,15,15,169,85,84,50.30,34.4,60.7
2,10,15,8,0,30,8,8,147,78,69,53.06,40.0,68.2
2,10,15,8,0,30,8,10,147,84,63,57.14,48.1,72.7
2,10,15,8,0,30,8,15,147,98,49,66.67,51.9,77.3
2,10,15,8,0,30,10,8,147,70,77,47.62,20.0,59.1
2,10,15,8,0,30,10,10,147,76,71,51.70,30.0,63.6
2,10,15,8,0,30,10,15,147,89,58,60.54,40.0,68.2
2,10,15,8,0,30,15,8,146,55,91,37.67,20.0,45.5
2,10,15,8,0,30,15,10,146,62,84,42.47,30.0,59.1
2,10,15,8,0,30,15,15,146,77,69,52.74,40.0,63.6
2,10,15,8,5,0,8,8,141,66,75,46.81,18.2,66.7
2,10,15,8,5,0,8,10,141,79,62,56.03,27.3,66.7
2,10,15,8,5,0,8,15,141,89,52,63.12,27.3,75.0
2,10,15,8,5,0,10,8,141,60,81,42.55,18.2,61.1
2,10,15,8,5,0,10,10,141,73,68,51.77,27.3,61.1
2,10,15,8,5,0,10,15,141,85,56,60.28,27.3,66.7
2,10,15,8,5,0,15,8,141,48,93,34.04,18.2,39.4
2,10,15,8,5,0,15,10,140,59,81,42.14,27.3,53.8
2,10,15,8,5,0,15,15,140,70,70,50.00,27.3,61.5
2,10,15,8,5,15,8,8,95,52,43,54.74,50.0,66.7
2,10,15,8,5,15,8,10,95,62,33,65.26,58.3,70.6
2,10,15,8,5,15,8,15,95,67,28,70.53,62.5,82.4
2,10,15,8,5,15,10,8,95,45,50,47.37,37.5,66.7
2,10,15,8,5,15,10,10,95,55,40,57.89,50.0,70.6
2,10,15,8,5,15,10,15,95,59,36,62.11,50.0,82.4
2,10,15,8,5,15,15,8,94,37,57,39.36,25.0,66.7
2,10,15,8,5,15,15,10,94,46,48,48.94,37.5,66.7
2,10,15,8,5,15,15,15,94,54,40,57.45,37.5,82.4
2,10,15,8,5,30,8,8,93,53,40,56.99,37.5,100.0
2,10,15,8,5,30,8,10,93,62,31,66.67,50.0,100.0
2,10,15,8,5,30,8,15,93,64,29,68.82,50.0,100.0
2,10,15,8,5,30,10,8,93,45,48,48.39,25.0,100.0
2,10,15,8,5,30,10,10,93,54,39,58.06,37.5,100.0
2,10,15,8,5,30,10,15,93,58,35,62.37,37.5,100.0
2,10,15,8,5,30,15,8,92,33,59,35.87,20.0,100.0
2,10,15,8,5,30,15,10,92,42,50,45.65,33.3,100.0
2,10,15,8,5,30,15,15,92,48,44,52.17,37.5,100.0
2,10,15,8,10,0,8,8,85,49,36,57.65,30.8,100.0
2,10,15,8,10,0,8,10,85,55,30,64.71,38.5,100.0
2,10,15,8,10,0,8,15,85,58,27,68.24,46.2,100.0
2,10,15,8,10,0,10,8,85,44,41,51.76,30.8,80.0
2,10,15,8,10,0,10,10,85,50,35,58.82,38.5,80.0
2,10,15,8,10,0,10,15,85,53,32,62.35,46.2,80.0
2,10,15,8,10,0,15,8,84,30,54,35.71,15.4,60.0
2,10,15,8,10,0,15,10,84,37,47,44.05,23.1,73.3
2,10,15,8,10,0,15,15,84,40,44,47.62,30.8,73.3
2,10,15,8,10,15,8,8,68,31,37,45.59,15.4,100.0
2,10,15,8,10,15,8,10,68,36,32,52.94,23.1,100.0
2,10,15,8,10,15,8,15,68,43,25,63.24,46.2,100.0
2,10,15,8,10,15,10,8,68,28,40,41.18,15.4,100.0
2,10,15,8,10,15,10,10,68,32,36,47.06,15.4,100.0
2,10,15,8,10,15,10,15,68,39,29,57.35,38.5,100.0
2,10,15,8,10,15,15,8,68,22,46,32.35,15.4,50.0
2,10,15,8,10,15,15,10,68,26,42,38.24,15.4,57.1
2,10,15,8,10,15,15,15,67,33,34,49.25,30.8,100.0
2,10,15,8,10,30,8,8,57,32,25,56.14,25.0,100.0
2,10,15,8,10,30,8,10,57,35,22,61.40,42.9,100.0
2,10,15,8,10,30,8,15,57,39,18,68.42,50.0,100.0
2,10,15,8,10,30,10,8,57,29,28,50.88,20.0,100.0
2,10,15,8,10,30,10,10,57,31,26,54.39,20.0,100.0
2,10,15,8,10,30,10,15,57,37,20,64.91,50.0,100.0
2,10,15,8,10,30,15,8,57,20,37,35.09,20.0,54.5
2,10,15,8,10,30,15,10,57,21,36,36.84,20.0,54.5
2,10,15,8,10,30,15,15,56,29,27,51.79,35.7,100.0
2,10,15,15,0,0,8,8,110,53,57,48.18,28.6,57.7
2,10,15,15,0,0,8,10,110,61,49,55.45,35.7,72.7
2,10,15,15,0,0,8,15,110,73,37,66.36,42.9,81.8
2,10,15,15,0,0,10,8,110,43,67,39.09,28.6,50.0
2,10,15,15,0,0,10,10,110,52,58,47.27,35.7,63.6
2,10,15,15,0,0,10,15,110,67,43,60.91,42.9,81.8
2,10,15,15,0,0,15,8,110,37,73,33.64,21.4,42.3
2,10,15,15,0,0,15,10,110,43,67,39.09,21.4,54.5
2,10,15,15,0,0,15,15,110,61,49,55.45,42.9,72.7
2,10,15,15,0,15,8,8,84,47,37,55.95,38.5,66.7
2,10,15,15,0,15,8,10,84,52,32,61.90,38.5,80.0
2,10,15,15,0,15,8,15,84,56,28,66.67,50.0,80.0
2,10,15,15,0,15,10,8,84,40,44,47.62,25.0,66.7
2,10,15,15,0,15,10,10,84,45,39,53.57,30.8,80.0
2,10,15,15,0,15,10,15,84,48,36,57.14,37.5,80.0
2,10,15,15,0,15,15,8,83,30,53,36.14,15.4,53.3
2,10,15,15,0,15,15,10,83,36,47,43.37,15.4,73.3
2,10,15,15,0,15,15,15,83,40,43,48.19,30.8,73.3
2,10,15,15,0,30,8,8,72,41,31,56.94,25.0,100.0
2,10,15,15,0,30,8,10,72,44,28,61.11,37.5,100.0
2,10,15,15,0,30,8,15,72,49,23,68.06,37.5,100.0
2,10,15,15,0,30,10,8,72,37,35,51.39,25.0,100.0
2,10,15,15,0,30,10,10,72,39,33,54.17,37.5,100.0
2,10,15,15,0,30,10,15,72,45,27,62.50,37.5,100.0
2,10,15,15,0,30,15,8,71,31,40,43.66,25.0,61.5
2,10,15,15,0,30,15,10,71,33,38,46.48,37.5,61.5
2,10,15,15,0,30,15,15,70,38,32,54.29,37.5,100.0
2,10,15,15,5,0,8,8,69,33,36,47.83,30.8,66.7
2,10,15,15,5,0,8,10,69,39,30,56.52,30.8,66.7
2,10,15,15,5,0,8,15,69,46,23,66.67,46.2,83.3
2,10,15,15,5,0,10,8,69,29,40,42.03,30.8,53.3
2,10,15,15,5,0,10,10,69,34,35,49.28,30.8,66.7
2,10,15,15,5,0,10,15,69,42,27,60.87,46.2,83.3
2,10,15,15,5,0,15,8,69,21,48,30.43,15.4,50.0
2,10,15,15,5,0,15,10,69,28,41,40.58,15.4,60.0
2,10,15,15,5,0,15,15,69,36,33,52.17,30.8,66.7
2,10,15,15,5,15,8,8,63,26,37,41.27,25.0,54.5
2,10,15,15,5,15,8,10,63,30,33,47.62,33.3,72.7
2,10,15,15,5,15,8,15,63,38,25,60.32,47.1,81.8
2,10,15,15,5,15,10,8,63,24,39,38.10,10.0,54.5
2,10,15,15,5,15,10,10,63,28,35,44.44,20.0,72.7
2,10,15,15,5,15,10,15,63,35,28,55.56,41.7,81.8
2,10,15,15,5,15,15,8,63,18,45,28.57,10.0,50.0
2,10,15,15,5,15,15,10,63,21,42,33.33,20.0,54.5
2,10,15,15,5,15,15,15,63,31,32,49.21,33.3,71.4
2,10,15,15,5,30,8,8,56,26,30,46.43,22.2,100.0
2,10,15,15,5,30,8,10,56,30,26,53.57,25.0,100.0
2,10,15,15,5,30,8,15,56,38,18,67.86,50.0,100.0
2,10,15,15,5,30,10,8,56,21,35,37.50,11.1,100.0
2,10,15,15,5,30,10,10,56,25,31,44.64,22.2,100.0
2,10,15,15,5,30,10,15,56,33,23,58.93,25.0,100.0
2,10,15,15,5,30,15,8,56,16,40,28.57,11.1,50.0
2,10,15,15,5,30,15,10,56,19,37,33.93,22.2,54.5
2,10,15,15,5,30,15,15,56,25,31,44.64,25.0,63.6
2,10,15,15,10,0,8,8,59,26,33,44.07,20.0,62.5
2,10,15,15,10,0,8,10,59,30,29,50.85,20.0,75.0
2,10,15,15,10,0,8,15,59,35,24,59.32,47.1,75.0
2,10,15,15,10,0,10,8,59,21,38,35.59,10.0,50.0
2,10,15,15,10,0,10,10,59,26,33,44.07,10.0,66.7
2,10,15,15,10,0,10,15,59,30,29,50.85,40.0,66.7
2,10,15,15,10,0,15,8,59,17,42,28.81,0.0,50.0
2,10,15,15,10,0,15,10,59,21,38,35.59,0.0,58.3
2,10,15,15,10,0,15,15,59,24,35,40.68,30.0,58.3
2,10,15,15,10,15,8,8,44,23,21,52.27,33.3,100.0
2,10,15,15,10,15,8,10,44,23,21,52.27,33.3,100.0
2,10,15,15,10,15,8,15,44,26,18,59.09,33.3,100.0
2,10,15,15,10,15,10,8,44,21,23,47.73,25.0,80.0
2,10,15,15,10,15,10,10,44,21,23,47.73,25.0,80.0
2,10,15,15,10,15,10,15,44,23,21,52.27,33.3,80.0
2,10,15,15,10,15,15,8,44,17,27,38.64,11.1,50.0
2,10,15,15,10,15,15,10,44,17,27,38.64,11.1,50.0
2,10,15,15,10,15,15,15,44,20,24,45.45,22.2,60.0
2,10,15,15,10,30,8,8,38,20,18,52.63,20.0,100.0
2,10,15,15,10,30,8,10,38,21,17,55.26,20.0,100.0
2,10,15,15,10,30,8,15,38,23,15,60.53,20.0,100.0
2,10,15,15,10,30,10,8,38,19,19,50.00,20.0,100.0
2,10,15,15,10,30,10,10,38,20,18,52.63,20.0,100.0
2,10,15,15,10,30,10,15,38,21,17,55.26,20.0,100.0
2,10,15,15,10,30,15,8,38,14,24,36.84,0.0,100.0
2,10,15,15,10,30,15,10,38,15,23,39.47,0.0,100.0
2,10,15,15,10,30,15,15,38,16,22,42.11,0.0,100.0
2,10,25,0,0,0,8,8,979,460,519,46.99,36.2,52.8
2,10,25,0,0,0,8,10,976,517,459,52.97,43.3,58.3
2,10,25,0,0,0,8,15,970,599,371,61.75,52.0,68.0
2,10,25,0,0,0,10,8,978,410,568,41.92,35.4,48.0
2,10,25,0,0,0,10,10,974,467,507,47.95,41.7,54.2
2,10,25,0,0,0,10,15,968,549,419,56.71,49.6,62.5
2,10,25,0,0,0,15,8,977,306,671,31.32,22.0,37.3
2,10,25,0,0,0,15,10,973,361,612,37.10,28.3,44.4
2,10,25,0,0,0,15,15,967,436,531,45.09,36.2,51.4
2,10,25,0,0,15,8,8,545,276,269,50.64,44.6,56.1
2,10,25,0,0,15,8,10,545,304,241,55.78,53.5,60.6
2,10,25,0,0,15,8,15,542,365,177,67.34,63.9,74.6
2,10,25,0,0,15,10,8,545,245,300,44.95,37.5,53.0
2,10,25,0,0,15,10,10,545,275,270,50.46,46.4,59.1
2,10,25,0,0,15,10,15,542,340,202,62.73,58.9,71.4
2,10,25,0,0,15,15,8,543,187,356,34.44,26.8,38.8
2,10,25,0,0,15,15,10,542,215,327,39.67,32.7,46.3
2,10,25,0,0,15,15,15,539,276,263,51.21,47.3,58.2
2,10,25,0,0,30,8,8,436,230,206,52.75,47.8,62.3
2,10,25,0,0,30,8,10,436,249,187,57.11,53.5,62.3
2,10,25,0,0,30,8,15,434,286,148,65.90,59.6,74.1
2,10,25,0,0,30,10,8,436,197,239,45.18,34.8,54.7
2,10,25,0,0,30,10,10,436,217,219,49.77,41.3,57.4
2,10,25,0,0,30,10,15,434,258,176,59.45,54.3,70.4
2,10,25,0,0,30,15,8,434,152,282,35.02,28.3,46.3
2,10,25,0,0,30,15,10,433,176,257,40.65,31.1,53.7
2,10,25,0,0,30,15,15,431,217,214,50.35,44.4,64.8
2,10,25,0,5,0,8,8,375,179,196,47.73,37.9,53.2
2,10,25,0,5,0,8,10,375,198,177,52.80,46.9,61.4
2,10,25,0,5,0,8,15,375,235,140,62.67,51.7,69.2
2,10,25,0,5,0,10,8,374,162,212,43.32,34.5,49.1
2,10,25,0,5,0,10,10,374,182,192,48.66,43.9,57.9
2,10,25,0,5,0,10,15,374,217,157,58.02,48.3,64.9
2,10,25,0,5,0,15,8,374,123,251,32.89,20.7,43.9
2,10,25,0,5,0,15,10,373,140,233,37.53,28.6,49.1
2,10,25,0,5,0,15,15,372,175,197,47.04,29.6,56.1
2,10,25,0,5,15,8,8,247,119,128,48.18,34.2,60.9
2,10,25,0,5,15,8,10,247,128,119,51.82,39.5,61.5
2,10,25,0,5,15,8,15,247,154,93,62.35,55.7,78.3
2,10,25,0,5,15,10,8,246,109,137,44.31,34.2,54.5
2,10,25,0,5,15,10,10,246,118,128,47.97,39.5,59.0
2,10,25,0,5,15,10,15,246,142,104,57.72,51.7,72.7
2,10,25,0,5,15,15,8,246,85,161,34.55,26.7,41.4
2,10,25,0,5,15,15,10,246,92,154,37.40,31.6,46.2
2,10,25,0,5,15,15,15,246,117,129,47.56,40.0,59.1
2,10,25,0,5,30,8,8,206,108,98,52.43,45.8,60.6
2,10,25,0,5,30,8,10,206,117,89,56.80,48.6,66.7
2,10,25,0,5,30,8,15,205,131,74,63.90,54.1,69.7
2,10,25,0,5,30,10,8,206,96,110,46.60,33.3,60.6
2,10,25,0,5,30,10,10,206,105,101,50.97,41.7,66.7
2,10,25,0,5,30,10,15,205,119,86,58.05,41.7,69.7
2,10,25,0,5,30,15,8,206,75,131,36.41,25.0,45.5
2,10,25,0,5,30,15,10,206,86,120,41.75,33.3,51.5
2,10,25,0,5,30,15,15,204,101,103,49.51,36.4,60.6
2,10,25,0,10,0,8,8,187,91,96,48.66,26.7,56.7
2,10,25,0,10,0,8,10,187,103,84,55.08,26.7,60.9
2,10,25,0,10,0,8,15,186,120,66,64.52,33.3,76.0
2,10,25,0,10,0,10,8,187,81,106,43.32,26.7,51.4
2,10,25,0,10,0,10,10,187,95,92,50.80,26.7,60.9
2,10,25,0,10,0,10,15,186,109,77,58.60,33.3,76.0
2,10,25,0,10,0,15,8,187,63,124,33.69,26.7,40.0
2,10,25,0,10,0,15,10,187,76,111,40.64,26.7,48.6
2,10,25,0,10,0,15,15,186,93,93,50.00,33.3,56.5
2,10,25,0,10,15,8,8,140,67,73,47.86,25.0,54.5
2,10,25,0,10,15,8,10,140,75,65,53.57,33.3,72.7
2,10,25,0,10,15,8,15,139,90,49,64.75,50.0,86.4
2,10,25,0,10,15,10,8,140,60,80,42.86,25.0,50.0
2,10,25,0,10,15,10,10,140,69,71,49.29,33.3,68.2
2,10,25,0,10,15,10,15,139,83,56,59.71,45.5,81.8
2,10,25,0,10,15,15,8,140,48,92,34.29,17.6,43.8
2,10,25,0,10,15,15,10,140,56,84,40.00,23.5,54.5
2,10,25,0,10,15,15,15,139,72,67,51.80,33.3,72.7
2,10,25,0,10,30,8,8,107,54,53,50.47,26.7,68.8
2,10,25,0,10,30,8,10,107,59,48,55.14,26.7,75.0
2,10,25,0,10,30,8,15,107,70,37,65.42,40.0,81.3
2,10,25,0,10,30,10,8,107,50,57,46.73,26.7,68.8
2,10,25,0,10,30,10,10,107,55,52,51.40,26.7,75.0
2,10,25,0,10,30,10,15,107,69,38,64.49,40.0,81.3
2,10,25,0,10,30,15,8,106,32,74,30.19,13.3,50.0
2,10,25,0,10,30,15,10,106,36,70,33.96,13.3,56.3
2,10,25,0,10,30,15,15,105,55,50,52.38,26.7,75.0
2,10,25,8,0,0,8,8,228,113,115,49.56,33.3,64.3
2,10,25,8,0,0,8,10,228,127,101,55.70,33.3,67.9
2,10,25,8,0,0,8,15,227,149,78,65.64,46.7,76.9
2,10,25,8,0,0,10,8,228,102,126,44.74,26.7,57.1
2,10,25,8,0,0,10,10,228,116,112,50.88,26.7,60.7
2,10,25,8,0,0,10,15,227,137,90,60.35,40.0,69.2
2,10,25,8,0,0,15,8,228,80,148,35.09,20.0,50.0
2,10,25,8,0,0,15,10,228,94,134,41.23,20.0,53.6
2,10,25,8,0,0,15,15,227,115,112,50.66,33.3,64.1
2,10,25,8,0,15,8,8,170,81,89,47.65,27.3,66.7
2,10,25,8,0,15,8,10,170,87,83,51.18,36.4,75.0
2,10,25,8,0,15,8,15,169,103,66,60.95,53.6,75.0
2,10,25,8,0,15,10,8,170,74,96,43.53,27.3,62.5
2,10,25,8,0,15,10,10,170,80,90,47.06,36.4,70.8
2,10,25,8,0,15,10,15,169,96,73,56.80,42.9,70.8
2,10,25,8,0,15,15,8,170,59,111,34.71,25.0,58.3
2,10,25,8,0,15,15,10,170,65,105,38.24,27.3,66.7
2,10,25,8,0,15,15,15,169,80,89,47.34,32.1,70.8
2,10,25,8,0,30,8,8,146,76,70,52.05,38.5,71.4
2,10,25,8,0,30,8,10,146,82,64,56.16,40.9,71.4
2,10,25,8,0,30,8,15,146,94,52,64.38,53.8,76.2
2,10,25,8,0,30,10,8,146,67,79,45.89,15.4,66.7
2,10,25,8,0,30,10,10,146,72,74,49.32,23.1,66.7
2,10,25,8,0,30,10,15,146,83,63,56.85,30.8,71.4
2,10,25,8,0,30,15,8,145,49,96,33.79,15.4,57.1
2,10,25,8,0,30,15,10,145,55,90,37.93,22.7,61.9
2,10,25,8,0,30,15,15,145,70,75,48.28,30.8,66.7
2,10,25,8,5,0,8,8,143,64,79,44.76,30.0,52.9
2,10,25,8,5,0,8,10,143,75,68,52.45,40.0,60.0
2,10,25,8,5,0,8,15,143,89,54,62.24,50.0,76.5
2,10,25,8,5,0,10,8,143,57,86,39.86,20.0,44.0
2,10,25,8,5,0,10,10,143,67,76,46.85,20.0,60.0
2,10,25,8,5,0,10,15,143,83,60,58.04,30.0,68.0
2,10,25,8,5,0,15,8,143,47,96,32.87,20.0,40.0
2,10,25,8,5,0,15,10,142,55,87,38.73,20.0,56.0
2,10,25,8,5,0,15,15,142,70,72,49.30,30.0,64.0
2,10,25,8,5,15,8,8,95,45,50,47.37,40.0,62.5
2,10,25,8,5,15,8,10,95,56,39,58.95,40.0,75.0
2,10,25,8,5,15,8,15,95,64,31,67.37,40.0,87.5
2,10,25,8,5,15,10,8,95,39,56,41.05,29.4,62.5
2,10,25,8,5,15,10,10,95,50,45,52.63,40.0,75.0
2,10,25,8,5,15,10,15,95,58,37,61.05,40.0,87.5
2,10,25,8,5,15,15,8,94,29,65,30.85,22.2,43.8
2,10,25,8,5,15,15,10,94,39,55,41.49,33.3,56.3
2,10,25,8,5,15,15,15,94,48,46,51.06,33.3,81.3
2,10,25,8,5,30,8,8,84,44,40,52.38,33.3,100.0
2,10,25,8,5,30,8,10,84,52,32,61.90,44.4,100.0
2,10,25,8,5,30,8,15,84,59,25,70.24,44.4,100.0
2,10,25,8,5,30,10,8,84,37,47,44.05,22.2,100.0
2,10,25,8,5,30,10,10,84,45,39,53.57,33.3,100.0
2,10,25,8,5,30,10,15,84,52,32,61.90,33.3,100.0
2,10,25,8,5,30,15,8,83,27,56,32.53,16.7,100.0
2,10,25,8,5,30,15,10,83,35,48,42.17,33.3,100.0
2,10,25,8,5,30,15,15,83,45,38,54.22,33.3,100.0
2,10,25,8,10,0,8,8,85,45,40,52.94,33.3,100.0
2,10,25,8,10,0,8,10,85,50,35,58.82,50.0,100.0
2,10,25,8,10,0,8,15,85,55,30,64.71,53.3,100.0
2,10,25,8,10,0,10,8,84,38,46,45.24,22.2,100.0
2,10,25,8,10,0,10,10,84,43,41,51.19,22.2,100.0
2,10,25,8,10,0,10,15,84,47,37,55.95,33.3,100.0
2,10,25,8,10,0,15,8,84,28,56,33.33,22.2,60.0
2,10,25,8,10,0,15,10,84,34,50,40.48,22.2,66.7
2,10,25,8,10,0,15,15,83,37,46,44.58,33.3,100.0
2,10,25,8,10,15,8,8,58,33,25,56.90,35.7,100.0
2,10,25,8,10,15,8,10,58,36,22,62.07,50.0,100.0
2,10,25,8,10,15,8,15,58,40,18,68.97,57.1,100.0
2,10,25,8,10,15,10,8,58,29,29,50.00,35.7,100.0
2,10,25,8,10,15,10,10,58,32,26,55.17,44.4,100.0
2,10,25,8,10,15,10,15,58,36,22,62.07,50.0,100.0
2,10,25,8,10,15,15,8,58,23,35,39.66,25.0,50.0
2,10,25,8,10,15,15,10,58,26,32,44.83,25.0,57.1
2,10,25,8,10,15,15,15,57,32,25,56.14,42.9,100.0
2,10,25,8,10,30,8,8,55,22,33,40.00,25.0,100.0
2,10,25,8,10,30,8,10,55,29,26,52.73,41.7,100.0
2,10,25,8,10,30,8,15,55,32,23,58.18,50.0,100.0
2,10,25,8,10,30,10,8,55,21,34,38.18,25.0,100.0
2,10,25,8,10,30,10,10,55,28,27,50.91,37.5,100.0
2,10,25,8,10,30,10,15,55,30,25,54.55,37.5,100.0
2,10,25,8,10,30,15,8,54,16,38,29.63,12.5,100.0
2,10,25,8,10,30,15,10,54,23,31,42.59,25.0,100.0
2,10,25,8,10,30,15,15,54,27,27,50.00,37.5,100.0
2,10,25,15,0,0,8,8,107,48,59,44.86,33.3,52.2
2,10,25,15,0,0,8,10,107,56,51,52.34,33.3,60.0
2,10,25,15,0,0,8,15,107,68,39,63.55,33.3,75.0
2,10,25,15,0,0,10,8,107,41,66,38.32,33.3,41.2
2,10,25,15,0,0,10,10,107,49,58,45.79,33.3,55.6
2,10,25,15,0,0,10,15,107,62,45,57.94,33.3,70.0
2,10,25,15,0,0,15,8,107,34,73,31.78,20.0,39.1
2,10,25,15,0,0,15,10,107,40,67,37.38,20.0,44.4
2,10,25,15,0,0,15,15,107,55,52,51.40,33.3,66.7
2,10,25,15,0,15,8,8,76,41,35,53.95,44.4,100.0
2,10,25,15,0,15,8,10,76,45,31,59.21,45.0,100.0
2,10,25,15,0,15,8,15,76,50,26,65.79,53.8,100.0
2,10,25,15,0,15,10,8,76,38,38,50.00,22.2,100.0
2,10,25,15,0,15,10,10,76,42,34,55.26,33.3,100.0
2,10,25,15,0,15,10,15,76,47,29,61.84,33.3,100.0
2,10,25,15,0,15,15,8,75,29,46,38.67,22.2,100.0
2,10,25,15,0,15,15,10,75,34,41,45.33,33.3,100.0
2,10,25,15,0,15,15,15,75,40,35,53.33,33.3,100.0
2,10,25,15,0,30,8,8,73,41,32,56.16,22.2,100.0
2,10,25,15,0,30,8,10,73,44,29,60.27,33.3,100.0
2,10,25,15,0,30,8,15,73,49,24,67.12,33.3,100.0
2,10,25,15,0,30,10,8,73,36,37,49.32,22.2,100.0
2,10,25,15,0,30,10,10,73,39,34,53.42,30.0,100.0
2,10,25,15,0,30,10,15,73,44,29,60.27,33.3,100.0
2,10,25,15,0,30,15,8,72,29,43,40.28,22.2,100.0
2,10,25,15,0,30,15,10,72,32,40,44.44,22.2,100.0
2,10,25,15,0,30,15,15,72,39,33,54.17,33.3,100.0
2,10,25,15,5,0,8,8,65,33,32,50.77,37.5,100.0
2,10,25,15,5,0,8,10,65,37,28,56.92,40.0,100.0
2,10,25,15,5,0,8,15,65,44,21,67.69,55.6,100.0
2,10,25,15,5,0,10,8,65,28,37,43.08,20.0,100.0
2,10,25,15,5,0,10,10,65,32,33,49.23,20.0,100.0
2,10,25,15,5,0,10,15,65,39,26,60.00,42.9,100.0
2,10,25,15,5,0,15,8,65,22,43,33.85,20.0,50.0
2,10,25,15,5,0,15,10,65,27,38,41.54,20.0,60.0
2,10,25,15,5,0,15,15,64,35,29,54.69,42.9,100.0
2,10,25,15,5,15,8,8,58,26,32,44.83,20.0,100.0
2,10,25,15,5,15,8,10,58,30,28,51.72,33.3,100.0
2,10,25,15,5,15,8,15,58,33,25,56.90,40.0,100.0
2,10,25,15,5,15,10,8,58,24,34,41.38,20.0,100.0
2,10,25,15,5,15,10,10,58,28,30,48.28,33.3,100.0
2,10,25,15,5,15,10,15,58,30,28,51.72,37.5,100.0
2,10,25,15,5,15,15,8,58,18,40,31.03,12.5,50.0
2,10,25,15,5,15,15,10,58,21,37,36.21,16.7,53.8
2,10,25,15,5,15,15,15,57,25,32,43.86,33.3,100.0
2,10,25,15,5,30,8,8,46,23,23,50.00,25.0,100.0
2,10,25,15,5,30,8,10,46,26,20,56.52,25.0,100.0
2,10,25,15,5,30,8,15,46,33,13,71.74,50.0,100.0
2,10,25,15,5,30,10,8,46,21,25,45.65,25.0,100.0
2,10,25,15,5,30,10,10,46,24,22,52.17,25.0,100.0
2,10,25,15,5,30,10,15,46,31,15,67.39,25.0,100.0
2,10,25,15,5,30,15,8,46,16,30,34.78,25.0,66.7
2,10,25,15,5,30,15,10,46,19,27,41.30,25.0,66.7
2,10,25,15,5,30,15,15,45,26,19,57.78,25.0,100.0
2,10,25,15,10,0,8,8,50,22,28,44.00,22.2,100.0
2,10,25,15,10,0,8,10,50,27,23,54.00,33.3,100.0
2,10,25,15,10,0,8,15,50,31,19,62.00,44.4,100.0
2,10,25,15,10,0,10,8,50,18,32,36.00,22.2,100.0
2,10,25,15,10,0,10,10,50,24,26,48.00,25.0,100.0
2,10,25,15,10,0,10,15,50,29,21,58.00,40.0,100.0
2,10,25,15,10,0,15,8,50,13,37,26.00,0.0,50.0
2,10,25,15,10,0,15,10,50,17,33,34.00,0.0,66.7
2,10,25,15,10,0,15,15,50,21,29,42.00,22.2,66.7
2,10,25,15,10,15,8,8,38,22,16,57.89,33.3,100.0
2,10,25,15,10,15,8,10,38,22,16,57.89,33.3,100.0
2,10,25,15,10,15,8,15,37,24,13,64.86,33.3,100.0
2,10,25,15,10,15,10,8,38,20,18,52.63,33.3,77.8
2,10,25,15,10,15,10,10,38,20,18,52.63,33.3,77.8
2,10,25,15,10,15,10,15,37,21,16,56.76,33.3,77.8
2,10,25,15,10,15,15,8,38,16,22,42.11,11.1,77.8
2,10,25,15,10,15,15,10,38,16,22,42.11,11.1,77.8
2,10,25,15,10,15,15,15,37,19,18,51.35,22.2,77.8
2,10,25,15,10,30,8,8,35,19,16,54.29,16.7,100.0
2,10,25,15,10,30,8,10,35,19,16,54.29,16.7,100.0
2,10,25,15,10,30,8,15,35,22,13,62.86,16.7,100.0
2,10,25,15,10,30,10,8,35,15,20,42.86,16.7,66.7
2,10,25,15,10,30,10,10,35,16,19,45.71,16.7,77.8
2,10,25,15,10,30,10,15,35,19,16,54.29,16.7,77.8
2,10,25,15,10,30,15,8,35,14,21,40.00,0.0,66.7
2,10,25,15,10,30,15,10,35,14,21,40.00,0.0,66.7
2,10,25,15,10,30,15,15,35,17,18,48.57,0.0,71.4
2,10,35,0,0,0,8,8,976,464,512,47.54,36.2,53.6
2,10,35,0,0,0,8,10,973,519,454,53.34,43.3,58.1
2,10,35,0,0,0,8,15,967,601,366,62.15,52.0,68.0
2,10,35,0,0,0,10,8,975,411,564,42.15,35.4,48.8
2,10,35,0,0,0,10,10,971,467,504,48.09,41.7,53.9
2,10,35,0,0,0,10,15,965,549,416,56.89,49.6,62.4
2,10,35,0,0,0,15,8,974,304,670,31.21,22.0,37.7
2,10,35,0,0,0,15,10,970,359,611,37.01,28.3,43.9
2,10,35,0,0,0,15,15,964,434,530,45.02,36.2,50.9
2,10,35,0,0,15,8,8,545,278,267,51.01,44.6,55.9
2,10,35,0,0,15,8,10,545,306,239,56.15,53.6,60.3
2,10,35,0,0,15,8,15,542,365,177,67.34,63.9,73.8
2,10,35,0,0,15,10,8,545,246,299,45.14,37.5,54.4
2,10,35,0,0,15,10,10,545,275,270,50.46,46.4,58.8
2,10,35,0,0,15,10,15,542,339,203,62.55,58.9,70.8
2,10,35,0,0,15,15,8,543,188,355,34.62,26.8,38.8
2,10,35,0,0,15,15,10,542,215,327,39.67,32.7,46.3
2,10,35,0,0,15,15,15,539,275,264,51.02,46.7,58.2
2,10,35,0,0,30,8,8,436,229,207,52.52,47.5,62.3
2,10,35,0,0,30,8,10,436,248,188,56.88,52.5,62.7
2,10,35,0,0,30,8,15,434,285,149,65.67,57.6,73.6
2,10,35,0,0,30,10,8,436,194,242,44.50,34.8,54.7
2,10,35,0,0,30,10,10,436,214,222,49.08,41.3,56.6
2,10,35,0,0,30,10,15,434,255,179,58.76,52.5,69.8
2,10,35,0,0,30,15,8,434,150,284,34.56,28.3,45.3
2,10,35,0,0,30,15,10,433,173,260,39.95,31.1,52.8
2,10,35,0,0,30,15,15,431,214,217,49.65,43.9,64.2
2,10,35,0,5,0,8,8,376,175,201,46.54,37.9,54.1
2,10,35,0,5,0,8,10,376,197,179,52.39,46.0,60.7
2,10,35,0,5,0,8,15,376,234,142,62.23,51.7,67.9
2,10,35,0,5,0,10,8,375,159,216,42.40,34.5,48.2
2,10,35,0,5,0,10,10,375,182,193,48.53,43.0,57.1
2,10,35,0,5,0,10,15,375,218,157,58.13,48.3,65.3
2,10,35,0,5,0,15,8,375,119,256,31.73,20.7,42.9
2,10,35,0,5,0,15,10,374,139,235,37.17,28.6,48.2
2,10,35,0,5,0,15,15,373,176,197,47.18,29.6,55.4
2,10,35,0,5,15,8,8,245,116,129,47.35,36.8,61.9
2,10,35,0,5,15,8,10,245,125,120,51.02,42.1,61.9
2,10,35,0,5,15,8,15,245,150,95,61.22,52.5,76.2
2,10,35,0,5,15,10,8,244,106,138,43.44,34.2,55.0
2,10,35,0,5,15,10,10,244,115,129,47.13,39.5,57.9
2,10,35,0,5,15,10,15,244,139,105,56.97,50.8,75.0
2,10,35,0,5,15,15,8,244,85,159,34.84,26.7,41.4
2,10,35,0,5,15,15,10,244,92,152,37.70,31.6,44.7
2,10,35,0,5,15,15,15,244,117,127,47.95,40.0,60.0
2,10,35,0,5,30,8,8,208,103,105,49.52,42.1,59.4
2,10,35,0,5,30,8,10,208,112,96,53.85,44.7,65.6
2,10,35,0,5,30,8,15,207,126,81,60.87,50.0,68.8
2,10,35,0,5,30,10,8,208,91,117,43.75,33.3,59.4
2,10,35,0,5,30,10,10,208,100,108,48.08,39.5,65.6
2,10,35,0,5,30,10,15,207,114,93,55.07,41.7,68.8
2,10,35,0,5,30,15,8,208,72,136,34.62,25.0,43.8
2,10,35,0,5,30,15,10,208,83,125,39.90,33.3,50.0
2,10,35,0,5,30,15,15,206,98,108,47.57,36.4,59.4
2,10,35,0,10,0,8,8,190,89,101,46.84,26.7,55.9
2,10,35,0,10,0,8,10,190,99,91,52.11,26.7,60.0
2,10,35,0,10,0,8,15,189,116,73,61.38,33.3,73.9
2,10,35,0,10,0,10,8,190,80,110,42.11,26.7,52.9
2,10,35,0,10,0,10,10,190,92,98,48.42,26.7,58.8
2,10,35,0,10,0,10,15,189,106,83,56.08,33.3,73.9
2,10,35,0,10,0,15,8,190,62,128,32.63,26.7,41.2
2,10,35,0,10,0,15,10,190,73,117,38.42,26.7,47.1
2,10,35,0,10,0,15,15,189,91,98,48.15,33.3,52.9
2,10,35,0,10,15,8,8,136,63,73,46.32,25.0,58.1
2,10,35,0,10,15,8,10,136,71,65,52.21,33.3,68.2
2,10,35,0,10,15,8,15,135,88,47,65.19,50.0,81.8
2,10,35,0,10,15,10,8,136,55,81,40.44,25.0,50.0
2,10,35,0,10,15,10,10,136,64,72,47.06,30.8,63.6
2,10,35,0,10,15,10,15,135,81,54,60.00,42.3,77.3
2,10,35,0,10,15,15,8,136,44,92,32.35,17.6,43.8
2,10,35,0,10,15,15,10,136,51,85,37.50,23.5,50.0
2,10,35,0,10,15,15,15,135,69,66,51.11,33.3,68.2
2,10,35,0,10,30,8,8,104,48,56,46.15,26.7,56.3
2,10,35,0,10,30,8,10,104,55,49,52.88,26.7,68.8
2,10,35,0,10,30,8,15,104,66,38,63.46,40.0,77.3
2,10,35,0,10,30,10,8,104,45,59,43.27,26.7,56.3
2,10,35,0,10,30,10,10,104,52,52,50.00,26.7,68.8
2,10,35,0,10,30,10,15,104,64,40,61.54,40.0,75.0
2,10,35,0,10,30,15,8,103,27,76,26.21,13.3,43.8
2,10,35,0,10,30,15,10,103,33,70,32.04,13.3,56.3
2,10,35,0,10,30,15,15,102,51,51,50.00,26.7,75.0
2,10,35,8,0,0,8,8,236,112,124,47.46,33.3,62.1
2,10,35,8,0,0,8,10,236,123,113,52.12,33.3,65.5
2,10,35,8,0,0,8,15,235,146,89,62.13,46.7,76.3
2,10,35,8,0,0,10,8,236,99,137,41.95,26.7,55.2
2,10,35,8,0,0,10,10,236,110,126,46.61,26.7,58.6
2,10,35,8,0,0,10,15,235,133,102,56.60,40.0,68.4
2,10,35,8,0,0,15,8,236,78,158,33.05,20.0,47.4
2,10,35,8,0,0,15,10,236,89,147,37.71,20.0,50.0
2,10,35,8,0,0,15,15,235,112,123,47.66,33.3,63.2
2,10,35,8,0,15,8,8,163,80,83,49.08,27.3,66.7
2,10,35,8,0,15,8,10,163,85,78,52.15,36.4,70.8
2,10,35,8,0,15,8,15,162,102,60,62.96,51.7,73.3
2,10,35,8,0,15,10,8,163,72,91,44.17,27.3,62.5
2,10,35,8,0,15,10,10,163,77,86,47.24,36.4,66.7
2,10,35,8,0,15,10,15,162,94,68,58.02,41.4,73.3
2,10,35,8,0,15,15,8,163,56,107,34.36,24.1,58.3
2,10,35,8,0,15,15,10,163,61,102,37.42,27.3,62.5
2,10,35,8,0,15,15,15,162,78,84,48.15,31.0,66.7
2,10,35,8,0,30,8,8,141,71,70,50.35,38.5,66.7
2,10,35,8,0,30,8,10,141,78,63,55.32,39.1,75.0
2,10,35,8,0,30,8,15,141,91,50,64.54,53.8,83.3
2,10,35,8,0,30,10,8,141,62,79,43.97,15.4,58.3
2,10,35,8,0,30,10,10,141,68,73,48.23,23.1,66.7
2,10,35,8,0,30,10,15,141,80,61,56.74,30.8,75.0
2,10,35,8,0,30,15,8,140,43,97,30.71,15.4,47.6
2,10,35,8,0,30,15,10,140,50,90,35.71,21.7,57.1
2,10,35,8,0,30,15,15,140,66,74,47.14,30.8,61.9
2,10,35,8,5,0,8,8,134,61,73,45.52,30.0,52.9
2,10,35,8,5,0,8,10,134,71,63,52.99,40.0,66.7
2,10,35,8,5,0,8,15,134,85,49,63.43,50.0,76.5
2,10,35,8,5,0,10,8,134,53,81,39.55,20.0,44.0
2,10,35,8,5,0,10,10,134,62,72,46.27,20.0,58.3
2,10,35,8,5,0,10,15,134,78,56,58.21,30.0,66.7
2,10,35,8,5,0,15,8,134,43,91,32.09,20.0,40.0
2,10,35,8,5,0,15,10,133,50,83,37.59,20.0,52.0
2,10,35,8,5,0,15,15,133,67,66,50.38,30.0,60.0
2,10,35,8,5,15,8,8,93,41,52,44.09,37.5,50.0
2,10,35,8,5,15,8,10,93,53,40,56.99,40.0,68.8
2,10,35,8,5,15,8,15,93,60,33,64.52,40.0,81.3
2,10,35,8,5,15,10,8,93,35,58,37.63,30.0,50.0
2,10,35,8,5,15,10,10,93,46,47,49.46,37.5,68.8
2,10,35,8,5,15,10,15,93,53,40,56.99,40.0,81.3
2,10,35,8,5,15,15,8,92,31,61,33.70,22.2,40.0
2,10,35,8,5,15,15,10,92,41,51,44.57,33.3,56.3
2,10,35,8,5,15,15,15,92,49,43,53.26,33.3,81.3
2,10,35,8,5,30,8,8,80,37,43,46.25,30.8,100.0
2,10,35,8,5,30,8,10,80,45,35,56.25,42.9,100.0
2,10,35,8,5,30,8,15,80,55,25,68.75,44.4,100.0
2,10,35,8,5,30,10,8,80,32,48,40.00,22.2,100.0
2,10,35,8,5,30,10,10,80,40,40,50.00,33.3,100.0
2,10,35,8,5,30,10,15,80,50,30,62.50,33.3,100.0
2,10,35,8,5,30,15,8,79,25,54,31.65,15.4,100.0
2,10,35,8,5,30,15,10,79,33,46,41.77,33.3,100.0
2,10,35,8,5,30,15,15,79,45,34,56.96,33.3,100.0
2,10,35,8,10,0,8,8,77,35,42,45.45,14.3,100.0
2,10,35,8,10,0,8,10,77,39,38,50.65,28.6,100.0
2,10,35,8,10,0,8,15,77,45,32,58.44,42.9,100.0
2,10,35,8,10,0,10,8,77,34,43,44.16,14.3,100.0
2,10,35,8,10,0,10,10,77,38,39,49.35,28.6,100.0
2,10,35,8,10,0,10,15,77,44,33,57.14,42.9,100.0
2,10,35,8,10,0,15,8,76,26,50,34.21,0.0,70.0
2,10,35,8,10,0,15,10,76,30,46,39.47,14.3,70.0
2,10,35,8,10,0,15,15,75,35,40,46.67,28.6,100.0
2,10,35,8,10,15,8,8,50,25,25,50.00,28.6,100.0
2,10,35,8,10,15,8,10,50,30,20,60.00,50.0,100.0
2,10,35,8,10,15,8,15,50,33,17,66.00,55.6,100.0
2,10,35,8,10,15,10,8,50,23,27,46.00,14.3,100.0
2,10,35,8,10,15,10,10,50,28,22,56.00,42.9,100.0
2,10,35,8,10,15,10,15,50,31,19,62.00,42.9,100.0
2,10,35,8,10,15,15,8,50,19,31,38.00,14.3,60.0
2,10,35,8,10,15,15,10,50,24,26,48.00,42.9,60.0
2,10,35,8,10,15,15,15,49,27,22,55.10,42.9,100.0
2,10,35,8,10,30,8,8,46,23,23,50.00,25.0,100.0
2,10,35,8,10,30,8,10,46,27,19,58.70,44.4,100.0
2,10,35,8,10,30,8,15,46,32,14,69.57,50.0,100.0
2,10,35,8,10,30,10,8,46,22,24,47.83,25.0,100.0
2,10,35,8,10,30,10,10,46,26,20,56.52,44.4,100.0
2,10,35,8,10,30,10,15,46,31,15,67.39,50.0,100.0
2,10,35,8,10,30,15,8,45,16,29,35.56,20.0,100.0
2,10,35,8,10,30,15,10,45,20,25,44.44,25.0,100.0
2,10,35,8,10,30,15,15,45,26,19,57.78,33.3,100.0
2,10,35,15,0,0,8,8,107,46,61,42.99,33.3,50.0
2,10,35,15,0,0,8,10,107,54,53,50.47,33.3,59.1
2,10,35,15,0,0,8,15,107,66,41,61.68,33.3,70.0
2,10,35,15,0,0,10,8,107,37,70,34.58,22.2,40.0
2,10,35,15,0,0,10,10,107,45,62,42.06,33.3,50.0
2,10,35,15,0,0,10,15,107,58,49,54.21,33.3,65.0
2,10,35,15,0,0,15,8,107,33,74,30.84,20.0,35.3
2,10,35,15,0,0,15,10,107,39,68,36.45,20.0,44.4
2,10,35,15,0,0,15,15,107,53,54,49.53,33.3,65.0
2,10,35,15,0,15,8,8,77,36,41,46.75,28.6,100.0
2,10,35,15,0,15,8,10,77,42,35,54.55,35.7,100.0
2,10,35,15,0,15,8,15,77,48,29,62.34,50.0,100.0
2,10,35,15,0,15,10,8,77,30,47,38.96,21.4,100.0
2,10,35,15,0,15,10,10,77,36,41,46.75,28.6,100.0
2,10,35,15,0,15,10,15,77,42,35,54.55,33.3,100.0
2,10,35,15,0,15,15,8,76,24,52,31.58,7.1,100.0
2,10,35,15,0,15,15,10,76,31,45,40.79,14.3,100.0
2,10,35,15,0,15,15,15,76,37,39,48.68,28.6,100.0
2,10,35,15,0,30,8,8,67,35,32,52.24,22.2,100.0
2,10,35,15,0,30,8,10,67,38,29,56.72,33.3,100.0
2,10,35,15,0,30,8,15,67,43,24,64.18,33.3,100.0
2,10,35,15,0,30,10,8,67,33,34,49.25,22.2,100.0
2,10,35,15,0,30,10,10,67,36,31,53.73,33.3,100.0
2,10,35,15,0,30,10,15,67,41,26,61.19,33.3,100.0
2,10,35,15,0,30,15,8,66,28,38,42.42,22.2,100.0
2,10,35,15,0,30,15,10,66,31,35,46.97,33.3,100.0
2,10,35,15,0,30,15,15,66,36,30,54.55,33.3,100.0
2,10,35,15,5,0,8,8,57,28,29,49.12,33.3,100.0
2,10,35,15,5,0,8,10,57,33,24,57.89,44.4,100.0
2,10,35,15,5,0,8,15,57,38,19,66.67,55.6,100.0
2,10,35,15,5,0,10,8,56,25,31,44.64,33.3,100.0
2,10,35,15,5,0,10,10,56,30,26,53.57,33.3,100.0
2,10,35,15,5,0,10,15,56,34,22,60.71,42.9,100.0
2,10,35,15,5,0,15,8,56,19,37,33.93,16.7,50.0
2,10,35,15,5,0,15,10,56,25,31,44.64,16.7,70.0
2,10,35,15,5,0,15,15,55,30,25,54.55,33.3,100.0
2,10,35,15,5,15,8,8,46,22,24,47.83,20.0,100.0
2,10,35,15,5,15,8,10,46,27,19,58.70,40.0,100.0
2,10,35,15,5,15,8,15,46,29,17,63.04,40.0,100.0
2,10,35,15,5,15,10,8,46,22,24,47.83,20.0,100.0
2,10,35,15,5,15,10,10,46,27,19,58.70,40.0,100.0
2,10,35,15,5,15,10,15,46,28,18,60.87,40.0,100.0
2,10,35,15,5,15,15,8,46,16,30,34.78,20.0,50.0
2,10,35,15,5,15,15,10,46,20,26,43.48,20.0,50.0
2,10,35,15,5,15,15,15,45,22,23,48.89,40.0,100.0
2,10,35,15,5,30,8,8,44,20,24,45.45,25.0,100.0
2,10,35,15,5,30,8,10,44,23,21,52.27,25.0,100.0
2,10,35,15,5,30,8,15,44,28,16,63.64,42.9,100.0
2,10,35,15,5,30,10,8,44,17,27,38.64,25.0,100.0
2,10,35,15,5,30,10,10,44,20,24,45.45,25.0,100.0
2,10,35,15,5,30,10,15,44,24,20,54.55,25.0,100.0
2,10,35,15,5,30,15,8,44,14,30,31.82,20.0,50.0
2,10,35,15,5,30,15,10,44,16,28,36.36,20.0,50.0
2,10,35,15,5,30,15,15,43,20,23,46.51,25.0,100.0
2,10,35,15,10,0,8,8,45,24,21,53.33,37.5,100.0
2,10,35,15,10,0,8,10,45,27,18,60.00,40.0,100.0
2,10,35,15,10,0,8,15,45,32,13,71.11,50.0,100.0
2,10,35,15,10,0,10,8,45,19,26,42.22,25.0,100.0
2,10,35,15,10,0,10,10,45,23,22,51.11,25.0,100.0
2,10,35,15,10,0,10,15,45,28,17,62.22,33.3,100.0
2,10,35,15,10,0,15,8,45,15,30,33.33,14.3,50.0
2,10,35,15,10,0,15,10,45,18,27,40.00,25.0,50.0
2,10,35,15,10,0,15,15,45,22,23,48.89,33.3,62.5
2,10,35,15,10,15,8,8,37,19,18,51.35,25.0,100.0
2,10,35,15,10,15,8,10,37,20,17,54.05,25.0,100.0
2,10,35,15,10,15,8,15,37,25,12,67.57,37.5,100.0
2,10,35,15,10,15,10,8,37,16,21,43.24,25.0,60.0
2,10,35,15,10,15,10,10,37,17,20,45.95,25.0,60.0
2,10,35,15,10,15,10,15,37,20,17,54.05,37.5,71.4
2,10,35,15,10,15,15,8,37,15,22,40.54,25.0,60.0
2,10,35,15,10,15,15,10,37,16,21,43.24,25.0,60.0
2,10,35,15,10,15,15,15,37,19,18,51.35,25.0,71.4
2,10,35,15,10,30,8,8,37,19,18,51.35,20.0,100.0
2,10,35,15,10,30,8,10,37,19,18,51.35,20.0,100.0
2,10,35,15,10,30,8,15,37,23,14,62.16,20.0,100.0
2,10,35,15,10,30,10,8,37,16,21,43.24,20.0,60.0
2,10,35,15,10,30,10,10,37,17,20,45.95,20.0,70.0
2,10,35,15,10,30,10,15,37,20,17,54.05,20.0,70.0
2,10,35,15,10,30,15,8,37,13,24,35.14,0.0,50.0
2,10,35,15,10,30,15,10,37,14,23,37.84,0.0,50.0
2,10,35,15,10,30,15,15,37,17,20,45.95,0.0,57.1
2,15,15,0,0,0,8,8,957,449,508,46.92,36.3,51.7
2,15,15,0,0,0,8,10,954,502,452,52.62,43.5,58.0
2,15,15,0,0,0,8,15,948,584,364,61.60,51.6,67.5
2,15,15,0,0,0,10,8,956,399,557,41.74,35.5,45.8
2,15,15,0,0,0,10,10,952,449,503,47.16,41.9,53.8
2,15,15,0,0,0,10,15,946,533,413,56.34,49.2,63.1
2,15,15,0,0,0,15,8,955,304,651,31.83,23.4,36.7
2,15,15,0,0,0,15,10,951,351,600,36.91,29.8,44.0
2,15,15,0,0,0,15,15,945,427,518,45.19,37.1,52.5
2,15,15,0,0,15,8,8,551,287,264,52.09,46.5,56.5
2,15,15,0,0,15,8,10,551,312,239,56.62,53.5,60.9
2,15,15,0,0,15,8,15,548,373,175,68.07,65.5,74.2
2,15,15,0,0,15,10,8,551,252,299,45.74,39.3,55.1
2,15,15,0,0,15,10,10,551,278,273,50.45,46.4,59.4
2,15,15,0,0,15,10,15,548,344,204,62.77,58.9,71.2
2,15,15,0,0,15,15,8,549,192,357,34.97,28.6,40.3
2,15,15,0,0,15,15,10,548,216,332,39.42,32.7,43.7
2,15,15,0,0,15,15,15,545,276,269,50.64,47.3,54.9
2,15,15,0,0,30,8,8,451,239,212,52.99,47.8,64.2
2,15,15,0,0,30,8,10,451,259,192,57.43,54.2,64.2
2,15,15,0,0,30,8,15,449,296,153,65.92,60.0,72.5
2,15,15,0,0,30,10,8,451,202,249,44.79,32.6,56.6
2,15,15,0,0,30,10,10,451,223,228,49.45,39.1,58.3
2,15,15,0,0,30,10,15,449,266,183,59.24,52.2,70.0
2,15,15,0,0,30,15,8,449,159,290,35.41,28.3,43.3
2,15,15,0,0,30,15,10,448,182,266,40.63,31.1,50.0
2,15,15,0,0,30,15,15,446,227,219,50.90,44.4,60.0
2,15,15,0,5,0,8,8,382,181,201,47.38,37.9,54.4
2,15,15,0,5,0,8,10,382,200,182,52.36,48.0,57.9
2,15,15,0,5,0,8,15,382,240,142,62.83,51.7,67.9
2,15,15,0,5,0,10,8,381,163,218,42.78,37.7,50.9
2,15,15,0,5,0,10,10,381,183,198,48.03,44.3,54.4
2,15,15,0,5,0,10,15,381,222,159,58.27,51.7,64.2
2,15,15,0,5,0,15,8,381,125,256,32.81,20.7,43.9
2,15,15,0,5,0,15,10,380,143,237,37.63,28.6,45.6
2,15,15,0,5,0,15,15,379,181,198,47.76,29.6,52.8
2,15,15,0,5,15,8,8,251,123,128,49.00,36.8,58.3
2,15,15,0,5,15,8,10,251,132,119,52.59,42.1,62.5
2,15,15,0,5,15,8,15,251,157,94,62.55,53.8,79.2
2,15,15,0,5,15,10,8,250,112,138,44.80,36.8,52.2
2,15,15,0,5,15,10,10,250,121,129,48.40,42.1,57.5
2,15,15,0,5,15,10,15,250,145,105,58.00,50.0,73.9
2,15,15,0,5,15,15,8,250,91,159,36.40,26.7,39.3
2,15,15,0,5,15,15,10,250,99,151,39.60,33.3,45.0
2,15,15,0,5,15,15,15,250,125,125,50.00,40.0,60.9
2,15,15,0,5,30,8,8,211,110,101,52.13,44.0,63.6
2,15,15,0,5,30,8,10,211,121,90,57.35,52.0,69.7
2,15,15,0,5,30,8,15,210,133,77,63.33,55.6,72.7
2,15,15,0,5,30,10,8,211,98,113,46.45,36.4,60.6
2,15,15,0,5,30,10,10,211,110,101,52.13,43.6,66.7
2,15,15,0,5,30,10,15,210,123,87,58.57,45.5,69.7
2,15,15,0,5,30,15,8,211,79,132,37.44,27.3,45.5
2,15,15,0,5,30,15,10,211,91,120,43.13,36.4,51.5
2,15,15,0,5,30,15,15,209,105,104,50.24,40.0,60.6
2,15,15,0,10,0,8,8,199,94,105,47.24,28.6,61.8
2,15,15,0,10,0,8,10,199,104,95,52.26,28.6,64.7
2,15,15,0,10,0,8,15,198,118,80,59.60,35.7,72.0
2,15,15,0,10,0,10,8,199,88,111,44.22,28.6,55.9
2,15,15,0,10,0,10,10,199,100,99,50.25,28.6,63.6
2,15,15,0,10,0,10,15,198,113,85,57.07,35.7,72.0
2,15,15,0,10,0,15,8,199,72,127,36.18,28.6,44.1
2,15,15,0,10,0,15,10,199,83,116,41.71,28.6,50.0
2,15,15,0,10,0,15,15,198,97,101,48.99,35.7,54.5
2,15,15,0,10,15,8,8,136,71,65,52.21,33.3,63.3
2,15,15,0,10,15,8,10,136,79,57,58.09,33.3,68.8
2,15,15,0,10,15,8,15,135,91,44,67.41,55.6,81.3
2,15,15,0,10,15,10,8,136,65,71,47.79,31.3,63.3
2,15,15,0,10,15,10,10,136,73,63,53.68,33.3,63.3
2,15,15,0,10,15,10,15,135,86,49,63.70,50.0,75.0
2,15,15,0,10,15,15,8,136,50,86,36.76,18.8,53.3
2,15,15,0,10,15,15,10,136,59,77,43.38,25.0,53.3
2,15,15,0,10,15,15,15,135,72,63,53.33,37.5,63.3
2,15,15,0,10,30,8,8,125,61,64,48.80,27.3,62.5
2,15,15,0,10,30,8,10,125,68,57,54.40,27.3,75.0
2,15,15,0,10,30,8,15,125,77,48,61.60,27.3,81.3
2,15,15,0,10,30,10,8,125,55,70,44.00,27.3,56.3
2,15,15,0,10,30,10,10,125,62,63,49.60,27.3,68.8
2,15,15,0,10,30,10,15,125,73,52,58.40,27.3,75.0
2,15,15,0,10,30,15,8,124,41,83,33.06,14.3,42.1
2,15,15,0,10,30,15,10,124,46,78,37.10,14.3,52.6
2,15,15,0,10,30,15,15,124,63,61,50.81,27.3,68.4
2,15,15,8,0,0,8,8,245,114,131,46.53,35.7,63.0
2,15,15,8,0,0,8,10,245,126,119,51.43,35.7,66.7
2,15,15,8,0,0,8,15,244,147,97,60.25,42.9,66.7
2,15,15,8,0,0,10,8,245,101,144,41.22,28.6,55.6
2,15,15,8,0,0,10,10,245,115,130,46.94,28.6,59.3
2,15,15,8,0,0,10,15,244,135,109,55.33,35.7,65.2
2,15,15,8,0,0,15,8,245,85,160,34.69,21.4,48.1
2,15,15,8,0,0,15,10,245,99,146,40.41,21.4,51.9
2,15,15,8,0,0,15,15,244,119,125,48.77,28.6,59.5
2,15,15,8,0,15,8,8,170,86,84,50.59,30.8,61.1
2,15,15,8,0,15,8,10,170,91,79,53.53,30.8,67.9
2,15,15,8,0,15,8,15,169,105,64,62.13,40.6,78.3
2,15,15,8,0,15,10,8,170,82,88,48.24,30.8,58.3
2,15,15,8,0,15,10,10,170,86,84,50.59,30.8,60.7
2,15,15,8,0,15,10,15,169,98,71,57.99,38.5,69.6
2,15,15,8,0,15,15,8,170,69,101,40.59,30.8,47.2
2,15,15,8,0,15,15,10,170,72,98,42.35,30.8,53.6
2,15,15,8,0,15,15,15,169,85,84,50.30,34.4,60.7
2,15,15,8,0,30,8,8,147,78,69,53.06,40.0,68.2
2,15,15,8,0,30,8,10,147,84,63,57.14,48.1,72.7
2,15,15,8,0,30,8,15,147,98,49,66.67,51.9,77.3
2,15,15,8,0,30,10,8,147,70,77,47.62,20.0,59.1
2,15,15,8,0,30,10,10,147,76,71,51.70,30.0,63.6
2,15,15,8,0,30,10,15,147,89,58,60.54,40.0,68.2
2,15,15,8,0,30,15,8,146,55,91,37.67,20.0,45.5
2,15,15,8,0,30,15,10,146,62,84,42.47,30.0,59.1
2,15,15,8,0,30,15,15,146,77,69,52.74,40.0,63.6
2,15,15,8,5,0,8,8,141,66,75,46.81,18.2,66.7
2,15,15,8,5,0,8,10,141,79,62,56.03,27.3,66.7
2,15,15,8,5,0,8,15,141,89,52,63.12,27.3,75.0
2,15,15,8,5,0,10,8,141,60,81,42.55,18.2,61.1
2,15,15,8,5,0,10,10,141,73,68,51.77,27.3,61.1
2,15,15,8,5,0,10,15,141,85,56,60.28,27.3,66.7
2,15,15,8,5,0,15,8,141,48,93,34.04,18.2,39.4
2,15,15,8,5,0,15,10,140,59,81,42.14,27.3,53.8
2,15,15,8,5,0,15,15,140,70,70,50.00,27.3,61.5
2,15,15,8,5,15,8,8,95,52,43,54.74,50.0,66.7
2,15,15,8,5,15,8,10,95,62,33,65.26,58.3,70.6
2,15,15,8,5,15,8,15,95,67,28,70.53,62.5,82.4
2,15,15,8,5,15,10,8,95,45,50,47.37,37.5,66.7
2,15,15,8,5,15,10,10,95,55,40,57.89,50.0,70.6
2,15,15,8,5,15,10,15,95,59,36,62.11,50.0,82.4
2,15,15,8,5,15,15,8,94,37,57,39.36,25.0,66.7
2,15,15,8,5,15,15,10,94,46,48,48.94,37.5,66.7
2,15,15,8,5,15,15,15,94,54,40,57.45,37.5,82.4
2,15,15,8,5,30,8,8,93,53,40,56.99,37.5,100.0
2,15,15,8,5,30,8,10,93,62,31,66.67,50.0,100.0
2,15,15,8,5,30,8,15,93,64,29,68.82,50.0,100.0
2,15,15,8,5,30,10,8,93,45,48,48.39,25.0,100.0
2,15,15,8,5,30,10,10,93,54,39,58.06,37.5,100.0
2,15,15,8,5,30,10,15,93,58,35,62.37,37.5,100.0
2,15,15,8,5,30,15,8,92,33,59,35.87,20.0,100.0
2,15,15,8,5,30,15,10,92,42,50,45.65,33.3,100.0
2,15,15,8,5,30,15,15,92,48,44,52.17,37.5,100.0
2,15,15,8,10,0,8,8,85,49,36,57.65,30.8,100.0
2,15,15,8,10,0,8,10,85,55,30,64.71,38.5,100.0
2,15,15,8,10,0,8,15,85,58,27,68.24,46.2,100.0
2,15,15,8,10,0,10,8,85,44,41,51.76,30.8,80.0
2,15,15,8,10,0,10,10,85,50,35,58.82,38.5,80.0
2,15,15,8,10,0,10,15,85,53,32,62.35,46.2,80.0
2,15,15,8,10,0,15,8,84,30,54,35.71,15.4,60.0
2,15,15,8,10,0,15,10,84,37,47,44.05,23.1,73.3
2,15,15,8,10,0,15,15,84,40,44,47.62,30.8,73.3
2,15,15,8,10,15,8,8,68,31,37,45.59,15.4,100.0
2,15,15,8,10,15,8,10,68,36,32,52.94,23.1,100.0
2,15,15,8,10,15,8,15,68,43,25,63.24,46.2,100.0
2,15,15,8,10,15,10,8,68,28,40,41.18,15.4,100.0
2,15,15,8,10,15,10,10,68,32,36,47.06,15.4,100.0
2,15,15,8,10,15,10,15,68,39,29,57.35,38.5,100.0
2,15,15,8,10,15,15,8,68,22,46,32.35,15.4,50.0
2,15,15,8,10,15,15,10,68,26,42,38.24,15.4,57.1
2,15,15,8,10,15,15,15,67,33,34,49.25,30.8,100.0
2,15,15,8,10,30,8,8,57,32,25,56.14,25.0,100.0
2,15,15,8,10,30,8,10,57,35,22,61.40,42.9,100.0
2,15,15,8,10,30,8,15,57,39,18,68.42,50.0,100.0
2,15,15,8,10,30,10,8,57,29,28,50.88,20.0,100.0
2,15,15,8,10,30,10,10,57,31,26,54.39,20.0,100.0
2,15,15,8,10,30,10,15,57,37,20,64.91,50.0,100.0
2,15,15,8,10,30,15,8,57,20,37,35.09,20.0,54.5
2,15,15,8,10,30,15,10,57,21,36,36.84,20.0,54.5
2,15,15,8,10,30,15,15,56,29,27,51.79,35.7,100.0
2,15,15,15,0,0,8,8,110,53,57,48.18,28.6,57.7
2,15,15,15,0,0,8,10,110,61,49,55.45,35.7,72.7
2,15,15,15,0,0,8,15,110,73,37,66.36,42.9,81.8
2,15,15,15,0,0,10,8,110,43,67,39.09,28.6,50.0
2,15,15,15,0,0,10,10,110,52,58,47.27,35.7,63.6
2,15,15,15,0,0,10,15,110,67,43,60.91,42.9,81.8
2,15,15,15,0,0,15,8,110,37,73,33.64,21.4,42.3
2,15,15,15,0,0,15,10,110,43,67,39.09,21.4,54.5
2,15,15,15,0,0,15,15,110,61,49,55.45,42.9,72.7
2,15,15,15,0,15,8,8,84,47,37,55.95,38.5,66.7
2,15,15,15,0,15,8,10,84,52,32,61.90,38.5,80.0
2,15,15,15,0,15,8,15,84,56,28,66.67,50.0,80.0
2,15,15,15,0,15,10,8,84,40,44,47.62,25.0,66.7
2,15,15,15,0,15,10,10,84,45,39,53.57,30.8,80.0
2,15,15,15,0,15,10,15,84,48,36,57.14,37.5,80.0
2,15,15,15,0,15,15,8,83,30,53,36.14,15.4,53.3
2,15,15,15,0,15,15,10,83,36,47,43.37,15.4,73.3
2,15,15,15,0,15,15,15,83,40,43,48.19,30.8,73.3
2,15,15,15,0,30,8,8,72,41,31,56.94,25.0,100.0
2,15,15,15,0,30,8,10,72,44,28,61.11,37.5,100.0
2,15,15,15,0,30,8,15,72,49,23,68.06,37.5,100.0
2,15,15,15,0,30,10,8,72,37,35,51.39,25.0,100.0
2,15,15,15,0,30,10,10,72,39,33,54.17,37.5,100.0
2,15,15,15,0,30,10,15,72,45,27,62.50,37.5,100.0
2,15,15,15,0,30,15,8,71,31,40,43.66,25.0,61.5
2,15,15,15,0,30,15,10,71,33,38,46.48,37.5,61.5
2,15,15,15,0,30,15,15,70,38,32,54.29,37.5,100.0
2,15,15,15,5,0,8,8,69,33,36,47.83,30.8,66.7
2,15,15,15,5,0,8,10,69,39,30,56.52,30.8,66.7
2,15,15,15,5,0,8,15,69,46,23,66.67,46.2,83.3
2,15,15,15,5,0,10,8,69,29,40,42.03,30.8,53.3
2,15,15,15,5,0,10,10,69,34,35,49.28,30.8,66.7
2,15,15,15,5,0,10,15,69,42,27,60.87,46.2,83.3
2,15,15,15,5,0,15,8,69,21,48,30.43,15.4,50.0
2,15,15,15,5,0,15,10,69,28,41,40.58,15.4,60.0
2,15,15,15,5,0,15,15,69,36,33,52.17,30.8,66.7
2,15,15,15,5,15,8,8,63,26,37,41.27,25.0,54.5
2,15,15,15,5,15,8,10,63,30,33,47.62,33.3,72.7
2,15,15,15,5,15,8,15,63,38,25,60.32,47.1,81.8
2,15,15,15,5,15,10,8,63,24,39,38.10,10.0,54.5
2,15,15,15,5,15,10,10,63,28,35,44.44,20.0,72.7
2,15,15,15,5,15,10,15,63,35,28,55.56,41.7,81.8
2,15,15,15,5,15,15,8,63,18,45,28.57,10.0,50.0
2,15,15,15,5,15,15,10,63,21,42,33.33,20.0,54.5
2,15,15,15,5,15,15,15,63,31,32,49.21,33.3,71.4
2,15,15,15,5,30,8,8,56,26,30,46.43,22.2,100.0
2,15,15,15,5,30,8,10,56,30,26,53.57,25.0,100.0
2,15,15,15,5,30,8,15,56,38,18,67.86,50.0,100.0
2,15,15,15,5,30,10,8,56,21,35,37.50,11.1,100.0
2,15,15,15,5,30,10,10,56,25,31,44.64,22.2,100.0
2,15,15,15,5,30,10,15,56,33,23,58.93,25.0,100.0
2,15,15,15,5,30,15,8,56,16,40,28.57,11.1,50.0
2,15,15,15,5,30,15,10,56,19,37,33.93,22.2,54.5
2,15,15,15,5,30,15,15,56,25,31,44.64,25.0,63.6
2,15,15,15,10,0,8,8,59,26,33,44.07,20.0,62.5
2,15,15,15,10,0,8,10,59,30,29,50.85,20.0,75.0
2,15,15,15,10,0,8,15,59,35,24,59.32,47.1,75.0
2,15,15,15,10,0,10,8,59,21,38,35.59,10.0,50.0
2,15,15,15,10,0,10,10,59,26,33,44.07,10.0,66.7
2,15,15,15,10,0,10,15,59,30,29,50.85,40.0,66.7
2,15,15,15,10,0,15,8,59,17,42,28.81,0.0,50.0
2,15,15,15,10,0,15,10,59,21,38,35.59,0.0,58.3
2,15,15,15,10,0,15,15,59,24,35,40.68,30.0,58.3
2,15,15,15,10,15,8,8,44,23,21,52.27,33.3,100.0
2,15,15,15,10,15,8,10,44,23,21,52.27,33.3,100.0
2,15,15,15,10,15,8,15,44,26,18,59.09,33.3,100.0
2,15,15,15,10,15,10,8,44,21,23,47.73,25.0,80.0
2,15,15,15,10,15,10,10,44,21,23,47.73,25.0,80.0
2,15,15,15,10,15,10,15,44,23,21,52.27,33.3,80.0
2,15,15,15,10,15,15,8,44,17,27,38.64,11.1,50.0
2,15,15,15,10,15,15,10,44,17,27,38.64,11.1,50.0
2,15,15,15,10,15,15,15,44,20,24,45.45,22.2,60.0
2,15,15,15,10,30,8,8,38,20,18,52.63,20.0,100.0
2,15,15,15,10,30,8,10,38,21,17,55.26,20.0,100.0
2,15,15,15,10,30,8,15,38,23,15,60.53,20.0,100.0
2,15,15,15,10,30,10,8,38,19,19,50.00,20.0,100.0
2,15,15,15,10,30,10,10,38,20,18,52.63,20.0,100.0
2,15,15,15,10,30,10,15,38,21,17,55.26,20.0,100.0
2,15,15,15,10,30,15,8,38,14,24,36.84,0.0,100.0
2,15,15,15,10,30,15,10,38,15,23,39.47,0.0,100.0
2,15,15,15,10,30,15,15,38,16,22,42.11,0.0,100.0
2,15,25,0,0,0,8,8,981,462,519,47.09,36.2,52.8
2,15,25,0,0,0,8,10,978,519,459,53.07,43.3,58.3
2,15,25,0,0,0,8,15,972,602,370,61.93,52.0,68.0
2,15,25,0,0,0,10,8,980,411,569,41.94,35.4,48.0
2,15,25,0,0,0,10,10,976,468,508,47.95,41.7,54.2
2,15,25,0,0,0,10,15,970,551,419,56.80,49.6,62.5
2,15,25,0,0,0,15,8,979,307,672,31.36,22.0,37.3
2,15,25,0,0,0,15,10,975,362,613,37.13,28.3,44.4
2,15,25,0,0,0,15,15,969,438,531,45.20,36.2,51.4
2,15,25,0,0,15,8,8,545,276,269,50.64,44.6,56.1
2,15,25,0,0,15,8,10,545,304,241,55.78,53.5,60.6
2,15,25,0,0,15,8,15,542,365,177,67.34,63.9,74.6
2,15,25,0,0,15,10,8,545,245,300,44.95,37.5,53.0
2,15,25,0,0,15,10,10,545,275,270,50.46,46.4,59.1
2,15,25,0,0,15,10,15,542,340,202,62.73,58.9,71.4
2,15,25,0,0,15,15,8,543,187,356,34.44,26.8,38.8
2,15,25,0,0,15,15,10,542,215,327,39.67,32.7,46.3
2,15,25,0,0,15,15,15,539,276,263,51.21,47.3,58.2
2,15,25,0,0,30,8,8,436,230,206,52.75,47.8,62.3
2,15,25,0,0,30,8,10,436,249,187,57.11,53.5,62.3
2,15,25,0,0,30,8,15,434,286,148,65.90,59.6,74.1
2,15,25,0,0,30,10,8,436,197,239,45.18,34.8,54.7
2,15,25,0,0,30,10,10,436,217,219,49.77,41.3,57.4
2,15,25,0,0,30,10,15,434,258,176,59.45,54.3,70.4
2,15,25,0,0,30,15,8,434,152,282,35.02,28.3,46.3
2,15,25,0,0,30,15,10,433,176,257,40.65,31.1,53.7
2,15,25,0,0,30,15,15,431,217,214,50.35,44.4,64.8
2,15,25,0,5,0,8,8,375,179,196,47.73,37.9,53.2
2,15,25,0,5,0,8,10,375,198,177,52.80,46.9,61.4
2,15,25,0,5,0,8,15,375,235,140,62.67,51.7,69.2
2,15,25,0,5,0,10,8,374,162,212,43.32,34.5,49.1
2,15,25,0,5,0,10,10,374,182,192,48.66,43.9,57.9
2,15,25,0,5,0,10,15,374,217,157,58.02,48.3,64.9
2,15,25,0,5,0,15,8,374,123,251,32.89,20.7,43.9
2,15,25,0,5,0,15,10,373,140,233,37.53,28.6,49.1
2,15,25,0,5,0,15,15,372,175,197,47.04,29.6,56.1
2,15,25,0,5,15,8,8,247,119,128,48.18,34.2,60.9
2,15,25,0,5,15,8,10,247,128,119,51.82,39.5,61.5
2,15,25,0,5,15,8,15,247,154,93,62.35,55.7,78.3
2,15,25,0,5,15,10,8,246,109,137,44.31,34.2,54.5
2,15,25,0,5,15,10,10,246,118,128,47.97,39.5,59.0
2,15,25,0,5,15,10,15,246,142,104,57.72,51.7,72.7
2,15,25,0,5,15,15,8,246,85,161,34.55,26.7,41.4
2,15,25,0,5,15,15,10,246,92,154,37.40,31.6,46.2
2,15,25,0,5,15,15,15,246,117,129,47.56,40.0,59.1
2,15,25,0,5,30,8,8,206,108,98,52.43,45.8,60.6
2,15,25,0,5,30,8,10,206,117,89,56.80,48.6,66.7
2,15,25,0,5,30,8,15,205,131,74,63.90,54.1,69.7
2,15,25,0,5,30,10,8,206,96,110,46.60,33.3,60.6
2,15,25,0,5,30,10,10,206,105,101,50.97,41.7,66.7
2,15,25,0,5,30,10,15,205,119,86,58.05,41.7,69.7
2,15,25,0,5,30,15,8,206,75,131,36.41,25.0,45.5
2,15,25,0,5,30,15,10,206,86,120,41.75,33.3,51.5
2,15,25,0,5,30,15,15,204,101,103,49.51,36.4,60.6
2,15,25,0,10,0,8,8,187,91,96,48.66,26.7,56.7
2,15,25,0,10,0,8,10,187,103,84,55.08,26.7,60.9
2,15,25,0,10,0,8,15,186,120,66,64.52,33.3,76.0
2,15,25,0,10,0,10,8,187,81,106,43.32,26.7,51.4
2,15,25,0,10,0,10,10,187,95,92,50.80,26.7,60.9
2,15,25,0,10,0,10,15,186,109,77,58.60,33.3,76.0
2,15,25,0,10,0,15,8,187,63,124,33.69,26.7,40.0
2,15,25,0,10,0,15,10,187,76,111,40.64,26.7,48.6
2,15,25,0,10,0,15,15,186,93,93,50.00,33.3,56.5
2,15,25,0,10,15,8,8,140,67,73,47.86,25.0,54.5
2,15,25,0,10,15,8,10,140,75,65,53.57,33.3,72.7
2,15,25,0,10,15,8,15,139,90,49,64.75,50.0,86.4
2,15,25,0,10,15,10,8,140,60,80,42.86,25.0,50.0
2,15,25,0,10,15,10,10,140,69,71,49.29,33.3,68.2
2,15,25,0,10,15,10,15,139,83,56,59.71,45.5,81.8
2,15,25,0,10,15,15,8,140,48,92,34.29,17.6,43.8
2,15,25,0,10,15,15,10,140,56,84,40.00,23.5,54.5
2,15,25,0,10,15,15,15,139,72,67,51.80,33.3,72.7
2,15,25,0,10,30,8,8,107,54,53,50.47,26.7,68.8
2,15,25,0,10,30,8,10,107,59,48,55.14,26.7,75.0
2,15,25,0,10,30,8,15,107,70,37,65.42,40.0,81.3
2,15,25,0,10,30,10,8,107,50,57,46.73,26.7,68.8
2,15,25,0,10,30,10,10,107,55,52,51.40,26.7,75.0
2,15,25,0,10,30,10,15,107,69,38,64.49,40.0,81.3
2,15,25,0,10,30,15,8,106,32,74,30.19,13.3,50.0
2,15,25,0,10,30,15,10,106,36,70,33.96,13.3,56.3
2,15,25,0,10,30,15,15,105,55,50,52.38,26.7,75.0
2,15,25,8,0,0,8,8,228,113,115,49.56,33.3,64.3
2,15,25,8,0,0,8,10,228,127,101,55.70,33.3,67.9
2,15,25,8,0,0,8,15,227,149,78,65.64,46.7,76.9
2,15,25,8,0,0,10,8,228,102,126,44.74,26.7,57.1
2,15,25,8,0,0,10,10,228,116,112,50.88,26.7,60.7
2,15,25,8,0,0,10,15,227,137,90,60.35,40.0,69.2
2,15,25,8,0,0,15,8,228,80,148,35.09,20.0,50.0
2,15,25,8,0,0,15,10,228,94,134,41.23,20.0,53.6
2,15,25,8,0,0,15,15,227,115,112,50.66,33.3,64.1
2,15,25,8,0,15,8,8,170,81,89,47.65,27.3,66.7
2,15,25,8,0,15,8,10,170,87,83,51.18,36.4,75.0
2,15,25,8,0,15,8,15,169,103,66,60.95,53.6,75.0
2,15,25,8,0,15,10,8,170,74,96,43.53,27.3,62.5
2,15,25,8,0,15,10,10,170,80,90,47.06,36.4,70.8
2,15,25,8,0,15,10,15,169,96,73,56.80,42.9,70.8
2,15,25,8,0,15,15,8,170,59,111,34.71,25.0,58.3
2,15,25,8,0,15,15,10,170,65,105,38.24,27.3,66.7
2,15,25,8,0,15,15,15,169,80,89,47.34,32.1,70.8
2,15,25,8,0,30,8,8,146,76,70,52.05,38.5,71.4
2,15,25,8,0,30,8,10,146,82,64,56.16,40.9,71.4
2,15,25,8,0,30,8,15,146,94,52,64.38,53.8,76.2
2,15,25,8,0,30,10,8,146,67,79,45.89,15.4,66.7
2,15,25,8,0,30,10,10,146,72,74,49.32,23.1,66.7
2,15,25,8,0,30,10,15,146,83,63,56.85,30.8,71.4
2,15,25,8,0,30,15,8,145,49,96,33.79,15.4,57.1
2,15,25,8,0,30,15,10,145,55,90,37.93,22.7,61.9
2,15,25,8,0,30,15,15,145,70,75,48.28,30.8,66.7
2,15,25,8,5,0,8,8,143,64,79,44.76,30.0,52.9
2,15,25,8,5,0,8,10,143,75,68,52.45,40.0,60.0
2,15,25,8,5,0,8,15,143,89,54,62.24,50.0,76.5
2,15,25,8,5,0,10,8,143,57,86,39.86,20.0,44.0
2,15,25,8,5,0,10,10,143,67,76,46.85,20.0,60.0
2,15,25,8,5,0,10,15,143,83,60,58.04,30.0,68.0
2,15,25,8,5,0,15,8,143,47,96,32.87,20.0,40.0
2,15,25,8,5,0,15,10,142,55,87,38.73,20.0,56.0
2,15,25,8,5,0,15,15,142,70,72,49.30,30.0,64.0
2,15,25,8,5,15,8,8,95,45,50,47.37,40.0,62.5
2,15,25,8,5,15,8,10,95,56,39,58.95,40.0,75.0
2,15,25,8,5,15,8,15,95,64,31,67.37,40.0,87.5
2,15,25,8,5,15,10,8,95,39,56,41.05,29.4,62.5
2,15,25,8,5,15,10,10,95,50,45,52.63,40.0,75.0
2,15,25,8,5,15,10,15,95,58,37,61.05,40.0,87.5
2,15,25,8,5,15,15,8,94,29,65,30.85,22.2,43.8
2,15,25,8,5,15,15,10,94,39,55,41.49,33.3,56.3
2,15,25,8,5,15,15,15,94,48,46,51.06,33.3,81.3
2,15,25,8,5,30,8,8,84,44,40,52.38,33.3,100.0
2,15,25,8,5,30,8,10,84,52,32,61.90,44.4,100.0
2,15,25,8,5,30,8,15,84,59,25,70.24,44.4,100.0
2,15,25,8,5,30,10,8,84,37,47,44.05,22.2,100.0
2,15,25,8,5,30,10,10,84,45,39,53.57,33.3,100.0
2,15,25,8,5,30,10,15,84,52,32,61.90,33.3,100.0
2,15,25,8,5,30,15,8,83,27,56,32.53,16.7,100.0
2,15,25,8,5,30,15,10,83,35,48,42.17,33.3,100.0
2,15,25,8,5,30,15,15,83,45,38,54.22,33.3,100.0
2,15,25,8,10,0,8,8,85,45,40,52.94,33.3,100.0
2,15,25,8,10,0,8,10,85,50,35,58.82,50.0,100.0
2,15,25,8,10,0,8,15,85,55,30,64.71,53.3,100.0
2,15,25,8,10,0,10,8,84,38,46,45.24,22.2,100.0
2,15,25,8,10,0,10,10,84,43,41,51.19,22.2,100.0
2,15,25,8,10,0,10,15,84,47,37,55.95,33.3,100.0
2,15,25,8,10,0,15,8,84,28,56,33.33,22.2,60.0
2,15,25,8,10,0,15,10,84,34,50,40.48,22.2,66.7
2,15,25,8,10,0,15,15,83,37,46,44.58,33.3,100.0
2,15,25,8,10,15,8,8,58,33,25,56.90,35.7,100.0
2,15,25,8,10,15,8,10,58,36,22,62.07,50.0,100.0
2,15,25,8,10,15,8,15,58,40,18,68.97,57.1,100.0
2,15,25,8,10,15,10,8,58,29,29,50.00,35.7,100.0
2,15,25,8,10,15,10,10,58,32,26,55.17,44.4,100.0
2,15,25,8,10,15,10,15,58,36,22,62.07,50.0,100.0
2,15,25,8,10,15,15,8,58,23,35,39.66,25.0,50.0
2,15,25,8,10,15,15,10,58,26,32,44.83,25.0,57.1
2,15,25,8,10,15,15,15,57,32,25,56.14,42.9,100.0
2,15,25,8,10,30,8,8,55,22,33,40.00,25.0,100.0
2,15,25,8,10,30,8,10,55,29,26,52.73,41.7,100.0
2,15,25,8,10,30,8,15,55,32,23,58.18,50.0,100.0
2,15,25,8,10,30,10,8,55,21,34,38.18,25.0,100.0
2,15,25,8,10,30,10,10,55,28,27,50.91,37.5,100.0
2,15,25,8,10,30,10,15,55,30,25,54.55,37.5,100.0
2,15,25,8,10,30,15,8,54,16,38,29.63,12.5,100.0
2,15,25,8,10,30,15,10,54,23,31,42.59,25.0,100.0
2,15,25,8,10,30,15,15,54,27,27,50.00,37.5,100.0
2,15,25,15,0,0,8,8,107,48,59,44.86,33.3,52.2
2,15,25,15,0,0,8,10,107,56,51,52.34,33.3,60.0
2,15,25,15,0,0,8,15,107,68,39,63.55,33.3,75.0
2,15,25,15,0,0,10,8,107,41,66,38.32,33.3,41.2
2,15,25,15,0,0,10,10,107,49,58,45.79,33.3,55.6
2,15,25,15,0,0,10,15,107,62,45,57.94,33.3,70.0
2,15,25,15,0,0,15,8,107,34,73,31.78,20.0,39.1
2,15,25,15,0,0,15,10,107,40,67,37.38,20.0,44.4
2,15,25,15,0,0,15,15,107,55,52,51.40,33.3,66.7
2,15,25,15,0,15,8,8,76,41,35,53.95,44.4,100.0
2,15,25,15,0,15,8,10,76,45,31,59.21,45.0,100.0
2,15,25,15,0,15,8,15,76,50,26,65.79,53.8,100.0
2,15,25,15,0,15,10,8,76,38,38,50.00,22.2,100.0
2,15,25,15,0,15,10,10,76,42,34,55.26,33.3,100.0
2,15,25,15,0,15,10,15,76,47,29,61.84,33.3,100.0
2,15,25,15,0,15,15,8,75,29,46,38.67,22.2,100.0
2,15,25,15,0,15,15,10,75,34,41,45.33,33.3,100.0
2,15,25,15,0,15,15,15,75,40,35,53.33,33.3,100.0
2,15,25,15,0,30,8,8,73,41,32,56.16,22.2,100.0
2,15,25,15,0,30,8,10,73,44,29,60.27,33.3,100.0
2,15,25,15,0,30,8,15,73,49,24,67.12,33.3,100.0
2,15,25,15,0,30,10,8,73,36,37,49.32,22.2,100.0
2,15,25,15,0,30,10,10,73,39,34,53.42,30.0,100.0
2,15,25,15,0,30,10,15,73,44,29,60.27,33.3,100.0
2,15,25,15,0,30,15,8,72,29,43,40.28,22.2,100.0
2,15,25,15,0,30,15,10,72,32,40,44.44,22.2,100.0
2,15,25,15,0,30,15,15,72,39,33,54.17,33.3,100.0
2,15,25,15,5,0,8,8,65,33,32,50.77,37.5,100.0
2,15,25,15,5,0,8,10,65,37,28,56.92,40.0,100.0
2,15,25,15,5,0,8,15,65,44,21,67.69,55.6,100.0
2,15,25,15,5,0,10,8,65,28,37,43.08,20.0,100.0
2,15,25,15,5,0,10,10,65,32,33,49.23,20.0,100.0
2,15,25,15,5,0,10,15,65,39,26,60.00,42.9,100.0
2,15,25,15,5,0,15,8,65,22,43,33.85,20.0,50.0
2,15,25,15,5,0,15,10,65,27,38,41.54,20.0,60.0
2,15,25,15,5,0,15,15,64,35,29,54.69,42.9,100.0
2,15,25,15,5,15,8,8,58,26,32,44.83,20.0,100.0
2,15,25,15,5,15,8,10,58,30,28,51.72,33.3,100.0
2,15,25,15,5,15,8,15,58,33,25,56.90,40.0,100.0
2,15,25,15,5,15,10,8,58,24,34,41.38,20.0,100.0
2,15,25,15,5,15,10,10,58,28,30,48.28,33.3,100.0
2,15,25,15,5,15,10,15,58,30,28,51.72,37.5,100.0
2,15,25,15,5,15,15,8,58,18,40,31.03,12.5,50.0
2,15,25,15,5,15,15,10,58,21,37,36.21,16.7,53.8
2,15,25,15,5,15,15,15,57,25,32,43.86,33.3,100.0
2,15,25,15,5,30,8,8,46,23,23,50.00,25.0,100.0
2,15,25,15,5,30,8,10,46,26,20,56.52,25.0,100.0
2,15,25,15,5,30,8,15,46,33,13,71.74,50.0,100.0
2,15,25,15,5,30,10,8,46,21,25,45.65,25.0,100.0
2,15,25,15,5,30,10,10,46,24,22,52.17,25.0,100.0
2,15,25,15,5,30,10,15,46,31,15,67.39,25.0,100.0
2,15,25,15,5,30,15,8,46,16,30,34.78,25.0,66.7
2,15,25,15,5,30,15,10,46,19,27,41.30,25.0,66.7
2,15,25,15,5,30,15,15,45,26,19,57.78,25.0,100.0
2,15,25,15,10,0,8,8,50,22,28,44.00,22.2,100.0
2,15,25,15,10,0,8,10,50,27,23,54.00,33.3,100.0
2,15,25,15,10,0,8,15,50,31,19,62.00,44.4,100.0
2,15,25,15,10,0,10,8,50,18,32,36.00,22.2,100.0
2,15,25,15,10,0,10,10,50,24,26,48.00,25.0,100.0
2,15,25,15,10,0,10,15,50,29,21,58.00,40.0,100.0
2,15,25,15,10,0,15,8,50,13,37,26.00,0.0,50.0
2,15,25,15,10,0,15,10,50,17,33,34.00,0.0,66.7
2,15,25,15,10,0,15,15,50,21,29,42.00,22.2,66.7
2,15,25,15,10,15,8,8,38,22,16,57.89,33.3,100.0
2,15,25,15,10,15,8,10,38,22,16,57.89,33.3,100.0
2,15,25,15,10,15,8,15,37,24,13,64.86,33.3,100.0
2,15,25,15,10,15,10,8,38,20,18,52.63,33.3,77.8
2,15,25,15,10,15,10,10,38,20,18,52.63,33.3,77.8
2,15,25,15,10,15,10,15,37,21,16,56.76,33.3,77.8
2,15,25,15,10,15,15,8,38,16,22,42.11,11.1,77.8
2,15,25,15,10,15,15,10,38,16,22,42.11,11.1,77.8
2,15,25,15,10,15,15,15,37,19,18,51.35,22.2,77.8
2,15,25,15,10,30,8,8,35,19,16,54.29,16.7,100.0
2,15,25,15,10,30,8,10,35,19,16,54.29,16.7,100.0
2,15,25,15,10,30,8,15,35,22,13,62.86,16.7,100.0
2,15,25,15,10,30,10,8,35,15,20,42.86,16.7,66.7
2,15,25,15,10,30,10,10,35,16,19,45.71,16.7,77.8
2,15,25,15,10,30,10,15,35,19,16,54.29,16.7,77.8
2,15,25,15,10,30,15,8,35,14,21,40.00,0.0,66.7
2,15,25,15,10,30,15,10,35,14,21,40.00,0.0,66.7
2,15,25,15,10,30,15,15,35,17,18,48.57,0.0,71.4
2,15,35,0,0,0,8,8,976,464,512,47.54,36.2,53.6
2,15,35,0,0,0,8,10,973,519,454,53.34,43.3,58.1
2,15,35,0,0,0,8,15,967,601,366,62.15,52.0,68.0
2,15,35,0,0,0,10,8,975,411,564,42.15,35.4,48.8
2,15,35,0,0,0,10,10,971,467,504,48.09,41.7,53.9
2,15,35,0,0,0,10,15,965,549,416,56.89,49.6,62.4
2,15,35,0,0,0,15,8,974,304,670,31.21,22.0,37.7
2,15,35,0,0,0,15,10,970,359,611,37.01,28.3,43.9
2,15,35,0,0,0,15,15,964,434,530,45.02,36.2,50.9
2,15,35,0,0,15,8,8,545,278,267,51.01,44.6,55.9
2,15,35,0,0,15,8,10,545,306,239,56.15,53.6,60.3
2,15,35,0,0,15,8,15,542,365,177,67.34,63.9,73.8
2,15,35,0,0,15,10,8,545,246,299,45.14,37.5,54.4
2,15,35,0,0,15,10,10,545,275,270,50.46,46.4,58.8
2,15,35,0,0,15,10,15,542,339,203,62.55,58.9,70.8
2,15,35,0,0,15,15,8,543,188,355,34.62,26.8,38.8
2,15,35,0,0,15,15,10,542,215,327,39.67,32.7,46.3
2,15,35,0,0,15,15,15,539,275,264,51.02,46.7,58.2
2,15,35,0,0,30,8,8,436,229,207,52.52,47.5,62.3
2,15,35,0,0,30,8,10,436,248,188,56.88,52.5,62.7
2,15,35,0,0,30,8,15,434,285,149,65.67,57.6,73.6
2,15,35,0,0,30,10,8,436,194,242,44.50,34.8,54.7
2,15,35,0,0,30,10,10,436,214,222,49.08,41.3,56.6
2,15,35,0,0,30,10,15,434,255,179,58.76,52.5,69.8
2,15,35,0,0,30,15,8,434,150,284,34.56,28.3,45.3
2,15,35,0,0,30,15,10,433,173,260,39.95,31.1,52.8
2,15,35,0,0,30,15,15,431,214,217,49.65,43.9,64.2
2,15,35,0,5,0,8,8,376,175,201,46.54,37.9,54.1
2,15,35,0,5,0,8,10,376,197,179,52.39,46.0,60.7
2,15,35,0,5,0,8,15,376,234,142,62.23,51.7,67.9
2,15,35,0,5,0,10,8,375,159,216,42.40,34.5,48.2
2,15,35,0,5,0,10,10,375,182,193,48.53,43.0,57.1
2,15,35,0,5,0,10,15,375,218,157,58.13,48.3,65.3
2,15,35,0,5,0,15,8,375,119,256,31.73,20.7,42.9
2,15,35,0,5,0,15,10,374,139,235,37.17,28.6,48.2
2,15,35,0,5,0,15,15,373,176,197,47.18,29.6,55.4
2,15,35,0,5,15,8,8,245,116,129,47.35,36.8,61.9
2,15,35,0,5,15,8,10,245,125,120,51.02,42.1,61.9
2,15,35,0,5,15,8,15,245,150,95,61.22,52.5,76.2
2,15,35,0,5,15,10,8,244,106,138,43.44,34.2,55.0
2,15,35,0,5,15,10,10,244,115,129,47.13,39.5,57.9
2,15,35,0,5,15,10,15,244,139,105,56.97,50.8,75.0
2,15,35,0,5,15,15,8,244,85,159,34.84,26.7,41.4
2,15,35,0,5,15,15,10,244,92,152,37.70,31.6,44.7
2,15,35,0,5,15,15,15,244,117,127,47.95,40.0,60.0
2,15,35,0,5,30,8,8,208,103,105,49.52,42.1,59.4
2,15,35,0,5,30,8,10,208,112,96,53.85,44.7,65.6
2,15,35,0,5,30,8,15,207,126,81,60.87,50.0,68.8
2,15,35,0,5,30,10,8,208,91,117,43.75,33.3,59.4
2,15,35,0,5,30,10,10,208,100,108,48.08,39.5,65.6
2,15,35,0,5,30,10,15,207,114,93,55.07,41.7,68.8
2,15,35,0,5,30,15,8,208,72,136,34.62,25.0,43.8
2,15,35,0,5,30,15,10,208,83,125,39.90,33.3,50.0
2,15,35,0,5,30,15,15,206,98,108,47.57,36.4,59.4
2,15,35,0,10,0,8,8,190,89,101,46.84,26.7,55.9
2,15,35,0,10,0,8,10,190,99,91,52.11,26.7,60.0
2,15,35,0,10,0,8,15,189,116,73,61.38,33.3,73.9
2,15,35,0,10,0,10,8,190,80,110,42.11,26.7,52.9
2,15,35,0,10,0,10,10,190,92,98,48.42,26.7,58.8
2,15,35,0,10,0,10,15,189,106,83,56.08,33.3,73.9
2,15,35,0,10,0,15,8,190,62,128,32.63,26.7,41.2
2,15,35,0,10,0,15,10,190,73,117,38.42,26.7,47.1
2,15,35,0,10,0,15,15,189,91,98,48.15,33.3,52.9
2,15,35,0,10,15,8,8,136,63,73,46.32,25.0,58.1
2,15,35,0,10,15,8,10,136,71,65,52.21,33.3,68.2
2,15,35,0,10,15,8,15,135,88,47,65.19,50.0,81.8
2,15,35,0,10,15,10,8,136,55,81,40.44,25.0,50.0
2,15,35,0,10,15,10,10,136,64,72,47.06,30.8,63.6
2,15,35,0,10,15,10,15,135,81,54,60.00,42.3,77.3
2,15,35,0,10,15,15,8,136,44,92,32.35,17.6,43.8
2,15,35,0,10,15,15,10,136,51,85,37.50,23.5,50.0
2,15,35,0,10,15,15,15,135,69,66,51.11,33.3,68.2
2,15,35,0,10,30,8,8,104,48,56,46.15,26.7,56.3
2,15,35,0,10,30,8,10,104,55,49,52.88,26.7,68.8
2,15,35,0,10,30,8,15,104,66,38,63.46,40.0,77.3
2,15,35,0,10,30,10,8,104,45,59,43.27,26.7,56.3
2,15,35,0,10,30,10,10,104,52,52,50.00,26.7,68.8
2,15,35,0,10,30,10,15,104,64,40,61.54,40.0,75.0
2,15,35,0,10,30,15,8,103,27,76,26.21,13.3,43.8
2,15,35,0,10,30,15,10,103,33,70,32.04,13.3,56.3
2,15,35,0,10,30,15,15,102,51,51,50.00,26.7,75.0
2,15,35,8,0,0,8,8,236,112,124,47.46,33.3,62.1
2,15,35,8,0,0,8,10,236,123,113,52.12,33.3,65.5
2,15,35,8,0,0,8,15,235,146,89,62.13,46.7,76.3
2,15,35,8,0,0,10,8,236,99,137,41.95,26.7,55.2
2,15,35,8,0,0,10,10,236,110,126,46.61,26.7,58.6
2,15,35,8,0,0,10,15,235,133,102,56.60,40.0,68.4
2,15,35,8,0,0,15,8,236,78,158,33.05,20.0,47.4
2,15,35,8,0,0,15,10,236,89,147,37.71,20.0,50.0
2,15,35,8,0,0,15,15,235,112,123,47.66,33.3,63.2
2,15,35,8,0,15,8,8,163,80,83,49.08,27.3,66.7
2,15,35,8,0,15,8,10,163,85,78,52.15,36.4,70.8
2,15,35,8,0,15,8,15,162,102,60,62.96,51.7,73.3
2,15,35,8,0,15,10,8,163,72,91,44.17,27.3,62.5
2,15,35,8,0,15,10,10,163,77,86,47.24,36.4,66.7
2,15,35,8,0,15,10,15,162,94,68,58.02,41.4,73.3
2,15,35,8,0,15,15,8,163,56,107,34.36,24.1,58.3
2,15,35,8,0,15,15,10,163,61,102,37.42,27.3,62.5
2,15,35,8,0,15,15,15,162,78,84,48.15,31.0,66.7
2,15,35,8,0,30,8,8,141,71,70,50.35,38.5,66.7
2,15,35,8,0,30,8,10,141,78,63,55.32,39.1,75.0
2,15,35,8,0,30,8,15,141,91,50,64.54,53.8,83.3
2,15,35,8,0,30,10,8,141,62,79,43.97,15.4,58.3
2,15,35,8,0,30,10,10,141,68,73,48.23,23.1,66.7
2,15,35,8,0,30,10,15,141,80,61,56.74,30.8,75.0
2,15,35,8,0,30,15,8,140,43,97,30.71,15.4,47.6
2,15,35,8,0,30,15,10,140,50,90,35.71,21.7,57.1
2,15,35,8,0,30,15,15,140,66,74,47.14,30.8,61.9
2,15,35,8,5,0,8,8,134,61,73,45.52,30.0,52.9
2,15,35,8,5,0,8,10,134,71,63,52.99,40.0,66.7
2,15,35,8,5,0,8,15,134,85,49,63.43,50.0,76.5
2,15,35,8,5,0,10,8,134,53,81,39.55,20.0,44.0
2,15,35,8,5,0,10,10,134,62,72,46.27,20.0,58.3
2,15,35,8,5,0,10,15,134,78,56,58.21,30.0,66.7
2,15,35,8,5,0,15,8,134,43,91,32.09,20.0,40.0
2,15,35,8,5,0,15,10,133,50,83,37.59,20.0,52.0
2,15,35,8,5,0,15,15,133,67,66,50.38,30.0,60.0
2,15,35,8,5,15,8,8,90,41,49,45.56,37.5,100.0
2,15,35,8,5,15,8,10,90,53,37,58.89,50.0,100.0
2,15,35,8,5,15,8,15,90,60,30,66.67,55.6,100.0
2,15,35,8,5,15,10,8,90,35,55,38.89,30.0,100.0
2,15,35,8,5,15,10,10,90,46,44,51.11,37.5,100.0
2,15,35,8,5,15,10,15,90,53,37,58.89,40.0,100.0
2,15,35,8,5,15,15,8,89,31,58,34.83,22.2,100.0
2,15,35,8,5,15,15,10,89,41,48,46.07,33.3,100.0
2,15,35,8,5,15,15,15,89,49,40,55.06,33.3,100.0
2,15,35,8,5,30,8,8,80,37,43,46.25,30.8,100.0
2,15,35,8,5,30,8,10,80,45,35,56.25,42.9,100.0
2,15,35,8,5,30,8,15,80,55,25,68.75,44.4,100.0
2,15,35,8,5,30,10,8,80,32,48,40.00,22.2,100.0
2,15,35,8,5,30,10,10,80,40,40,50.00,33.3,100.0
2,15,35,8,5,30,10,15,80,50,30,62.50,33.3,100.0
2,15,35,8,5,30,15,8,79,25,54,31.65,15.4,100.0
2,15,35,8,5,30,15,10,79,33,46,41.77,33.3,100.0
2,15,35,8,5,30,15,15,79,45,34,56.96,33.3,100.0
2,15,35,8,10,0,8,8,77,35,42,45.45,14.3,100.0
2,15,35,8,10,0,8,10,77,39,38,50.65,28.6,100.0
2,15,35,8,10,0,8,15,77,45,32,58.44,42.9,100.0
2,15,35,8,10,0,10,8,77,34,43,44.16,14.3,100.0
2,15,35,8,10,0,10,10,77,38,39,49.35,28.6,100.0
2,15,35,8,10,0,10,15,77,44,33,57.14,42.9,100.0
2,15,35,8,10,0,15,8,76,27,49,35.53,0.0,100.0
2,15,35,8,10,0,15,10,76,31,45,40.79,14.3,100.0
2,15,35,8,10,0,15,15,76,36,40,47.37,28.6,100.0
2,15,35,8,10,15,8,8,50,25,25,50.00,28.6,100.0
2,15,35,8,10,15,8,10,50,30,20,60.00,50.0,100.0
2,15,35,8,10,15,8,15,50,33,17,66.00,55.6,100.0
2,15,35,8,10,15,10,8,50,23,27,46.00,14.3,100.0
2,15,35,8,10,15,10,10,50,28,22,56.00,42.9,100.0
2,15,35,8,10,15,10,15,50,31,19,62.00,42.9,100.0
2,15,35,8,10,15,15,8,50,19,31,38.00,14.3,60.0
2,15,35,8,10,15,15,10,50,24,26,48.00,42.9,60.0
2,15,35,8,10,15,15,15,49,27,22,55.10,42.9,100.0
2,15,35,8,10,30,8,8,46,23,23,50.00,25.0,100.0
2,15,35,8,10,30,8,10,46,27,19,58.70,44.4,100.0
2,15,35,8,10,30,8,15,46,32,14,69.57,50.0,100.0
2,15,35,8,10,30,10,8,46,22,24,47.83,25.0,100.0
2,15,35,8,10,30,10,10,46,26,20,56.52,44.4,100.0
2,15,35,8,10,30,10,15,46,31,15,67.39,50.0,100.0
2,15,35,8,10,30,15,8,45,16,29,35.56,20.0,100.0
2,15,35,8,10,30,15,10,45,20,25,44.44,25.0,100.0
2,15,35,8,10,30,15,15,45,26,19,57.78,33.3,100.0
2,15,35,15,0,0,8,8,107,46,61,42.99,33.3,50.0
2,15,35,15,0,0,8,10,107,54,53,50.47,33.3,59.1
2,15,35,15,0,0,8,15,107,66,41,61.68,33.3,70.0
2,15,35,15,0,0,10,8,107,37,70,34.58,22.2,40.0
2,15,35,15,0,0,10,10,107,45,62,42.06,33.3,50.0
2,15,35,15,0,0,10,15,107,58,49,54.21,33.3,65.0
2,15,35,15,0,0,15,8,107,33,74,30.84,20.0,35.3
2,15,35,15,0,0,15,10,107,39,68,36.45,20.0,44.4
2,15,35,15,0,0,15,15,107,53,54,49.53,33.3,65.0
2,15,35,15,0,15,8,8,77,36,41,46.75,28.6,100.0
2,15,35,15,0,15,8,10,77,42,35,54.55,35.7,100.0
2,15,35,15,0,15,8,15,77,48,29,62.34,50.0,100.0
2,15,35,15,0,15,10,8,77,30,47,38.96,21.4,100.0
2,15,35,15,0,15,10,10,77,36,41,46.75,28.6,100.0
2,15,35,15,0,15,10,15,77,42,35,54.55,33.3,100.0
2,15,35,15,0,15,15,8,76,24,52,31.58,7.1,100.0
2,15,35,15,0,15,15,10,76,31,45,40.79,14.3,100.0
2,15,35,15,0,15,15,15,76,37,39,48.68,28.6,100.0
2,15,35,15,0,30,8,8,67,35,32,52.24,22.2,100.0
2,15,35,15,0,30,8,10,67,38,29,56.72,33.3,100.0
2,15,35,15,0,30,8,15,67,43,24,64.18,33.3,100.0
2,15,35,15,0,30,10,8,67,33,34,49.25,22.2,100.0
2,15,35,15,0,30,10,10,67,36,31,53.73,33.3,100.0
2,15,35,15,0,30,10,15,67,41,26,61.19,33.3,100.0
2,15,35,15,0,30,15,8,66,28,38,42.42,22.2,100.0
2,15,35,15,0,30,15,10,66,31,35,46.97,33.3,100.0
2,15,35,15,0,30,15,15,66,36,30,54.55,33.3,100.0
2,15,35,15,5,0,8,8,57,28,29,49.12,33.3,100.0
2,15,35,15,5,0,8,10,57,33,24,57.89,44.4,100.0
2,15,35,15,5,0,8,15,57,38,19,66.67,55.6,100.0
2,15,35,15,5,0,10,8,56,25,31,44.64,33.3,100.0
2,15,35,15,5,0,10,10,56,30,26,53.57,33.3,100.0
2,15,35,15,5,0,10,15,56,34,22,60.71,42.9,100.0
2,15,35,15,5,0,15,8,56,19,37,33.93,16.7,50.0
2,15,35,15,5,0,15,10,56,25,31,44.64,16.7,70.0
2,15,35,15,5,0,15,15,55,30,25,54.55,33.3,100.0
2,15,35,15,5,15,8,8,46,21,25,45.65,20.0,60.0
2,15,35,15,5,15,8,10,46,26,20,56.52,40.0,66.7
2,15,35,15,5,15,8,15,46,28,18,60.87,40.0,75.0
2,15,35,15,5,15,10,8,46,21,25,45.65,20.0,60.0
2,15,35,15,5,15,10,10,46,26,20,56.52,40.0,66.7
2,15,35,15,5,15,10,15,46,27,19,58.70,40.0,75.0
2,15,35,15,5,15,15,8,46,15,31,32.61,0.0,42.9
2,15,35,15,5,15,15,10,46,19,27,41.30,0.0,50.0
2,15,35,15,5,15,15,15,46,21,25,45.65,0.0,62.5
2,15,35,15,5,30,8,8,44,19,25,43.18,25.0,50.0
2,15,35,15,5,30,8,10,44,22,22,50.00,25.0,75.0
2,15,35,15,5,30,8,15,44,27,17,61.36,42.9,75.0
2,15,35,15,5,30,10,8,44,16,28,36.36,25.0,50.0
2,15,35,15,5,30,10,10,44,19,25,43.18,25.0,75.0
2,15,35,15,5,30,10,15,44,23,21,52.27,25.0,75.0
2,15,35,15,5,30,15,8,44,13,31,29.55,0.0,42.9
2,15,35,15,5,30,15,10,44,15,29,34.09,0.0,50.0
2,15,35,15,5,30,15,15,44,19,25,43.18,0.0,62.5
2,15,35,15,10,0,8,8,45,24,21,53.33,37.5,100.0
2,15,35,15,10,0,8,10,45,27,18,60.00,40.0,100.0
2,15,35,15,10,0,8,15,45,32,13,71.11,50.0,100.0
2,15,35,15,10,0,10,8,45,19,26,42.22,25.0,100.0
2,15,35,15,10,0,10,10,45,23,22,51.11,25.0,100.0
2,15,35,15,10,0,10,15,45,28,17,62.22,33.3,100.0
2,15,35,15,10,0,15,8,45,15,30,33.33,14.3,50.0
2,15,35,15,10,0,15,10,45,18,27,40.00,25.0,50.0
2,15,35,15,10,0,15,15,45,22,23,48.89,33.3,62.5
2,15,35,15,10,15,8,8,37,18,19,48.65,25.0,100.0
2,15,35,15,10,15,8,10,37,19,18,51.35,25.0,100.0
2,15,35,15,10,15,8,15,37,24,13,64.86,37.5,100.0
2,15,35,15,10,15,10,8,37,16,21,43.24,25.0,60.0
2,15,35,15,10,15,10,10,37,17,20,45.95,25.0,60.0
2,15,35,15,10,15,10,15,37,20,17,54.05,37.5,71.4
2,15,35,15,10,15,15,8,37,14,23,37.84,0.0,60.0
2,15,35,15,10,15,15,10,37,15,22,40.54,0.0,60.0
2,15,35,15,10,15,15,15,37,18,19,48.65,0.0,71.4
2,15,35,15,10,30,8,8,37,19,18,51.35,20.0,100.0
2,15,35,15,10,30,8,10,37,19,18,51.35,20.0,100.0
2,15,35,15,10,30,8,15,37,23,14,62.16,20.0,100.0
2,15,35,15,10,30,10,8,37,17,20,45.95,20.0,100.0
2,15,35,15,10,30,10,10,37,18,19,48.65,20.0,100.0
2,15,35,15,10,30,10,15,37,21,16,56.76,20.0,100.0
2,15,35,15,10,30,15,8,37,13,24,35.14,0.0,50.0
2,15,35,15,10,30,15,10,37,14,23,37.84,0.0,50.0
2,15,35,15,10,30,15,15,37,17,20,45.95,0.0,57.1
2,20,15,0,0,0,8,8,957,449,508,46.92,36.3,51.7
2,20,15,0,0,0,8,10,954,502,452,52.62,43.5,58.0
2,20,15,0,0,0,8,15,948,584,364,61.60,51.6,67.5
2,20,15,0,0,0,10,8,956,399,557,41.74,35.5,45.8
2,20,15,0,0,0,10,10,952,449,503,47.16,41.9,53.8
2,20,15,0,0,0,10,15,946,533,413,56.34,49.2,63.1
2,20,15,0,0,0,15,8,955,304,651,31.83,23.4,36.7
2,20,15,0,0,0,15,10,951,351,600,36.91,29.8,44.0
2,20,15,0,0,0,15,15,945,427,518,45.19,37.1,52.5
2,20,15,0,0,15,8,8,551,287,264,52.09,46.5,56.5
2,20,15,0,0,15,8,10,551,312,239,56.62,53.5,60.9
2,20,15,0,0,15,8,15,548,373,175,68.07,65.5,74.2
2,20,15,0,0,15,10,8,551,252,299,45.74,39.3,55.1
2,20,15,0,0,15,10,10,551,278,273,50.45,46.4,59.4
2,20,15,0,0,15,10,15,548,344,204,62.77,58.9,71.2
2,20,15,0,0,15,15,8,549,192,357,34.97,28.6,40.3
2,20,15,0,0,15,15,10,548,216,332,39.42,32.7,43.7
2,20,15,0,0,15,15,15,545,276,269,50.64,47.3,54.9
2,20,15,0,0,30,8,8,451,239,212,52.99,47.8,64.2
2,20,15,0,0,30,8,10,451,259,192,57.43,54.2,64.2
2,20,15,0,0,30,8,15,449,296,153,65.92,60.0,72.5
2,20,15,0,0,30,10,8,451,202,249,44.79,32.6,56.6
2,20,15,0,0,30,10,10,451,223,228,49.45,39.1,58.3
2,20,15,0,0,30,10,15,449,266,183,59.24,52.2,70.0
2,20,15,0,0,30,15,8,449,159,290,35.41,28.3,43.3
2,20,15,0,0,30,15,10,448,182,266,40.63,31.1,50.0
2,20,15,0,0,30,15,15,446,227,219,50.90,44.4,60.0
2,20,15,0,5,0,8,8,382,181,201,47.38,37.9,54.4
2,20,15,0,5,0,8,10,382,200,182,52.36,48.0,57.9
2,20,15,0,5,0,8,15,382,240,142,62.83,51.7,67.9
2,20,15,0,5,0,10,8,381,163,218,42.78,37.7,50.9
2,20,15,0,5,0,10,10,381,183,198,48.03,44.3,54.4
2,20,15,0,5,0,10,15,381,222,159,58.27,51.7,64.2
2,20,15,0,5,0,15,8,381,125,256,32.81,20.7,43.9
2,20,15,0,5,0,15,10,380,143,237,37.63,28.6,45.6
2,20,15,0,5,0,15,15,379,181,198,47.76,29.6,52.8
2,20,15,0,5,15,8,8,251,123,128,49.00,36.8,58.3
2,20,15,0,5,15,8,10,251,132,119,52.59,42.1,62.5
2,20,15,0,5,15,8,15,251,157,94,62.55,53.8,79.2
2,20,15,0,5,15,10,8,250,112,138,44.80,36.8,52.2
2,20,15,0,5,15,10,10,250,121,129,48.40,42.1,57.5
2,20,15,0,5,15,10,15,250,145,105,58.00,50.0,73.9
2,20,15,0,5,15,15,8,250,91,159,36.40,26.7,39.3
2,20,15,0,5,15,15,10,250,99,151,39.60,33.3,45.0
2,20,15,0,5,15,15,15,250,125,125,50.00,40.0,60.9
2,20,15,0,5,30,8,8,211,110,101,52.13,44.0,63.6
2,20,15,0,5,30,8,10,211,121,90,57.35,52.0,69.7
2,20,15,0,5,30,8,15,210,133,77,63.33,55.6,72.7
2,20,15,0,5,30,10,8,211,98,113,46.45,36.4,60.6
2,20,15,0,5,30,10,10,211,110,101,52.13,43.6,66.7
2,20,15,0,5,30,10,15,210,123,87,58.57,45.5,69.7
2,20,15,0,5,30,15,8,211,79,132,37.44,27.3,45.5
2,20,15,0,5,30,15,10,211,91,120,43.13,36.4,51.5
2,20,15,0,5,30,15,15,209,105,104,50.24,40.0,60.6
2,20,15,0,10,0,8,8,199,94,105,47.24,28.6,61.8
2,20,15,0,10,0,8,10,199,104,95,52.26,28.6,64.7
2,20,15,0,10,0,8,15,198,118,80,59.60,35.7,72.0
2,20,15,0,10,0,10,8,199,88,111,44.22,28.6,55.9
2,20,15,0,10,0,10,10,199,100,99,50.25,28.6,63.6
2,20,15,0,10,0,10,15,198,113,85,57.07,35.7,72.0
2,20,15,0,10,0,15,8,199,72,127,36.18,28.6,44.1
2,20,15,0,10,0,15,10,199,83,116,41.71,28.6,50.0
2,20,15,0,10,0,15,15,198,97,101,48.99,35.7,54.5
2,20,15,0,10,15,8,8,136,71,65,52.21,33.3,63.3
2,20,15,0,10,15,8,10,136,79,57,58.09,33.3,68.8
2,20,15,0,10,15,8,15,135,91,44,67.41,55.6,81.3
2,20,15,0,10,15,10,8,136,65,71,47.79,31.3,63.3
2,20,15,0,10,15,10,10,136,73,63,53.68,33.3,63.3
2,20,15,0,10,15,10,15,135,86,49,63.70,50.0,75.0
2,20,15,0,10,15,15,8,136,50,86,36.76,18.8,53.3
2,20,15,0,10,15,15,10,136,59,77,43.38,25.0,53.3
2,20,15,0,10,15,15,15,135,72,63,53.33,37.5,63.3
2,20,15,0,10,30,8,8,125,61,64,48.80,27.3,62.5
2,20,15,0,10,30,8,10,125,68,57,54.40,27.3,75.0
2,20,15,0,10,30,8,15,125,77,48,61.60,27.3,81.3
2,20,15,0,10,30,10,8,125,55,70,44.00,27.3,56.3
2,20,15,0,10,30,10,10,125,62,63,49.60,27.3,68.8
2,20,15,0,10,30,10,15,125,73,52,58.40,27.3,75.0
2,20,15,0,10,30,15,8,124,41,83,33.06,14.3,42.1
2,20,15,0,10,30,15,10,124,46,78,37.10,14.3,52.6
2,20,15,0,10,30,15,15,124,63,61,50.81,27.3,68.4
2,20,15,8,0,0,8,8,245,114,131,46.53,35.7,63.0
2,20,15,8,0,0,8,10,245,126,119,51.43,35.7,66.7
2,20,15,8,0,0,8,15,244,147,97,60.25,42.9,66.7
2,20,15,8,0,0,10,8,245,101,144,41.22,28.6,55.6
2,20,15,8,0,0,10,10,245,115,130,46.94,28.6,59.3
2,20,15,8,0,0,10,15,244,135,109,55.33,35.7,65.2
2,20,15,8,0,0,15,8,245,85,160,34.69,21.4,48.1
2,20,15,8,0,0,15,10,245,99,146,40.41,21.4,51.9
2,20,15,8,0,0,15,15,244,119,125,48.77,28.6,59.5
2,20,15,8,0,15,8,8,170,86,84,50.59,30.8,61.1
2,20,15,8,0,15,8,10,170,91,79,53.53,30.8,67.9
2,20,15,8,0,15,8,15,169,105,64,62.13,40.6,78.3
2,20,15,8,0,15,10,8,170,82,88,48.24,30.8,58.3
2,20,15,8,0,15,10,10,170,86,84,50.59,30.8,60.7
2,20,15,8,0,15,10,15,169,98,71,57.99,38.5,69.6
2,20,15,8,0,15,15,8,170,69,101,40.59,30.8,47.2
2,20,15,8,0,15,15,10,170,72,98,42.35,30.8,53.6
2,20,15,8,0,15,15,15,169,85,84,50.30,34.4,60.7
2,20,15,8,0,30,8,8,147,78,69,53.06,40.0,68.2
2,20,15,8,0,30,8,10,147,84,63,57.14,48.1,72.7
2,20,15,8,0,30,8,15,147,98,49,66.67,51.9,77.3
2,20,15,8,0,30,10,8,147,70,77,47.62,20.0,59.1
2,20,15,8,0,30,10,10,147,76,71,51.70,30.0,63.6
2,20,15,8,0,30,10,15,147,89,58,60.54,40.0,68.2
2,20,15,8,0,30,15,8,146,55,91,37.67,20.0,45.5
2,20,15,8,0,30,15,10,146,62,84,42.47,30.0,59.1
2,20,15,8,0,30,15,15,146,77,69,52.74,40.0,63.6
2,20,15,8,5,0,8,8,141,66,75,46.81,18.2,66.7
2,20,15,8,5,0,8,10,141,79,62,56.03,27.3,66.7
2,20,15,8,5,0,8,15,141,89,52,63.12,27.3,75.0
2,20,15,8,5,0,10,8,141,60,81,42.55,18.2,61.1
2,20,15,8,5,0,10,10,141,73,68,51.77,27.3,61.1
2,20,15,8,5,0,10,15,141,85,56,60.28,27.3,66.7
2,20,15,8,5,0,15,8,141,48,93,34.04,18.2,39.4
2,20,15,8,5,0,15,10,140,59,81,42.14,27.3,53.8
2,20,15,8,5,0,15,15,140,70,70,50.00,27.3,61.5
2,20,15,8,5,15,8,8,95,52,43,54.74,50.0,66.7
2,20,15,8,5,15,8,10,95,62,33,65.26,58.3,70.6
2,20,15,8,5,15,8,15,95,67,28,70.53,62.5,82.4
2,20,15,8,5,15,10,8,95,45,50,47.37,37.5,66.7
2,20,15,8,5,15,10,10,95,55,40,57.89,50.0,70.6
2,20,15,8,5,15,10,15,95,59,36,62.11,50.0,82.4
2,20,15,8,5,15,15,8,94,37,57,39.36,25.0,66.7
2,20,15,8,5,15,15,10,94,46,48,48.94,37.5,66.7
2,20,15,8,5,15,15,15,94,54,40,57.45,37.5,82.4
2,20,15,8,5,30,8,8,93,53,40,56.99,37.5,100.0
2,20,15,8,5,30,8,10,93,62,31,66.67,50.0,100.0
2,20,15,8,5,30,8,15,93,64,29,68.82,50.0,100.0
2,20,15,8,5,30,10,8,93,45,48,48.39,25.0,100.0
2,20,15,8,5,30,10,10,93,54,39,58.06,37.5,100.0
2,20,15,8,5,30,10,15,93,58,35,62.37,37.5,100.0
2,20,15,8,5,30,15,8,92,33,59,35.87,20.0,100.0
2,20,15,8,5,30,15,10,92,42,50,45.65,33.3,100.0
2,20,15,8,5,30,15,15,92,48,44,52.17,37.5,100.0
2,20,15,8,10,0,8,8,85,49,36,57.65,30.8,100.0
2,20,15,8,10,0,8,10,85,55,30,64.71,38.5,100.0
2,20,15,8,10,0,8,15,85,58,27,68.24,46.2,100.0
2,20,15,8,10,0,10,8,85,44,41,51.76,30.8,80.0
2,20,15,8,10,0,10,10,85,50,35,58.82,38.5,80.0
2,20,15,8,10,0,10,15,85,53,32,62.35,46.2,80.0
2,20,15,8,10,0,15,8,84,30,54,35.71,15.4,60.0
2,20,15,8,10,0,15,10,84,37,47,44.05,23.1,73.3
2,20,15,8,10,0,15,15,84,40,44,47.62,30.8,73.3
2,20,15,8,10,15,8,8,68,31,37,45.59,15.4,100.0
2,20,15,8,10,15,8,10,68,36,32,52.94,23.1,100.0
2,20,15,8,10,15,8,15,68,43,25,63.24,46.2,100.0
2,20,15,8,10,15,10,8,68,28,40,41.18,15.4,100.0
2,20,15,8,10,15,10,10,68,32,36,47.06,15.4,100.0
2,20,15,8,10,15,10,15,68,39,29,57.35,38.5,100.0
2,20,15,8,10,15,15,8,68,22,46,32.35,15.4,50.0
2,20,15,8,10,15,15,10,68,26,42,38.24,15.4,57.1
2,20,15,8,10,15,15,15,67,33,34,49.25,30.8,100.0
2,20,15,8,10,30,8,8,57,32,25,56.14,25.0,100.0
2,20,15,8,10,30,8,10,57,35,22,61.40,42.9,100.0
2,20,15,8,10,30,8,15,57,39,18,68.42,50.0,100.0
2,20,15,8,10,30,10,8,57,29,28,50.88,20.0,100.0
2,20,15,8,10,30,10,10,57,31,26,54.39,20.0,100.0
2,20,15,8,10,30,10,15,57,37,20,64.91,50.0,100.0
2,20,15,8,10,30,15,8,57,20,37,35.09,20.0,54.5
2,20,15,8,10,30,15,10,57,21,36,36.84,20.0,54.5
2,20,15,8,10,30,15,15,56,29,27,51.79,35.7,100.0
2,20,15,15,0,0,8,8,110,53,57,48.18,28.6,57.7
2,20,15,15,0,0,8,10,110,61,49,55.45,35.7,72.7
2,20,15,15,0,0,8,15,110,73,37,66.36,42.9,81.8
2,20,15,15,0,0,10,8,110,43,67,39.09,28.6,50.0
2,20,15,15,0,0,10,10,110,52,58,47.27,35.7,63.6
2,20,15,15,0,0,10,15,110,67,43,60.91,42.9,81.8
2,20,15,15,0,0,15,8,110,37,73,33.64,21.4,42.3
2,20,15,15,0,0,15,10,110,43,67,39.09,21.4,54.5
2,20,15,15,0,0,15,15,110,61,49,55.45,42.9,72.7
2,20,15,15,0,15,8,8,84,47,37,55.95,38.5,66.7
2,20,15,15,0,15,8,10,84,52,32,61.90,38.5,80.0
2,20,15,15,0,15,8,15,84,56,28,66.67,50.0,80.0
2,20,15,15,0,15,10,8,84,40,44,47.62,25.0,66.7
2,20,15,15,0,15,10,10,84,45,39,53.57,30.8,80.0
2,20,15,15,0,15,10,15,84,48,36,57.14,37.5,80.0
2,20,15,15,0,15,15,8,83,30,53,36.14,15.4,53.3
2,20,15,15,0,15,15,10,83,36,47,43.37,15.4,73.3
2,20,15,15,0,15,15,15,83,40,43,48.19,30.8,73.3
2,20,15,15,0,30,8,8,72,41,31,56.94,25.0,100.0
2,20,15,15,0,30,8,10,72,44,28,61.11,37.5,100.0
2,20,15,15,0,30,8,15,72,49,23,68.06,37.5,100.0
2,20,15,15,0,30,10,8,72,37,35,51.39,25.0,100.0
2,20,15,15,0,30,10,10,72,39,33,54.17,37.5,100.0
2,20,15,15,0,30,10,15,72,45,27,62.50,37.5,100.0
2,20,15,15,0,30,15,8,71,31,40,43.66,25.0,61.5
2,20,15,15,0,30,15,10,71,33,38,46.48,37.5,61.5
2,20,15,15,0,30,15,15,70,38,32,54.29,37.5,100.0
2,20,15,15,5,0,8,8,69,33,36,47.83,30.8,66.7
2,20,15,15,5,0,8,10,69,39,30,56.52,30.8,66.7
2,20,15,15,5,0,8,15,69,46,23,66.67,46.2,83.3
2,20,15,15,5,0,10,8,69,29,40,42.03,30.8,53.3
2,20,15,15,5,0,10,10,69,34,35,49.28,30.8,66.7
2,20,15,15,5,0,10,15,69,42,27,60.87,46.2,83.3
2,20,15,15,5,0,15,8,69,21,48,30.43,15.4,50.0
2,20,15,15,5,0,15,10,69,28,41,40.58,15.4,60.0
2,20,15,15,5,0,15,15,69,36,33,52.17,30.8,66.7
2,20,15,15,5,15,8,8,63,26,37,41.27,25.0,54.5
2,20,15,15,5,15,8,10,63,30,33,47.62,33.3,72.7
2,20,15,15,5,15,8,15,63,38,25,60.32,47.1,81.8
2,20,15,15,5,15,10,8,63,24,39,38.10,10.0,54.5
2,20,15,15,5,15,10,10,63,28,35,44.44,20.0,72.7
2,20,15,15,5,15,10,15,63,35,28,55.56,41.7,81.8
2,20,15,15,5,15,15,8,63,18,45,28.57,10.0,50.0
2,20,15,15,5,15,15,10,63,21,42,33.33,20.0,54.5
2,20,15,15,5,15,15,15,63,31,32,49.21,33.3,71.4
2,20,15,15,5,30,8,8,56,26,30,46.43,22.2,100.0
2,20,15,15,5,30,8,10,56,30,26,53.57,25.0,100.0
2,20,15,15,5,30,8,15,56,38,18,67.86,50.0,100.0
2,20,15,15,5,30,10,8,56,21,35,37.50,11.1,100.0
2,20,15,15,5,30,10,10,56,25,31,44.64,22.2,100.0
2,20,15,15,5,30,10,15,56,33,23,58.93,25.0,100.0
2,20,15,15,5,30,15,8,56,16,40,28.57,11.1,50.0
2,20,15,15,5,30,15,10,56,19,37,33.93,22.2,54.5
2,20,15,15,5,30,15,15,56,25,31,44.64,25.0,63.6
2,20,15,15,10,0,8,8,59,26,33,44.07,20.0,62.5
2,20,15,15,10,0,8,10,59,30,29,50.85,20.0,75.0
2,20,15,15,10,0,8,15,59,35,24,59.32,47.1,75.0
2,20,15,15,10,0,10,8,59,21,38,35.59,10.0,50.0
2,20,15,15,10,0,10,10,59,26,33,44.07,10.0,66.7
2,20,15,15,10,0,10,15,59,30,29,50.85,40.0,66.7
2,20,15,15,10,0,15,8,59,17,42,28.81,0.0,50.0
2,20,15,15,10,0,15,10,59,21,38,35.59,0.0,58.3
2,20,15,15,10,0,15,15,59,24,35,40.68,30.0,58.3
2,20,15,15,10,15,8,8,44,23,21,52.27,33.3,100.0
2,20,15,15,10,15,8,10,44,23,21,52.27,33.3,100.0
2,20,15,15,10,15,8,15,44,26,18,59.09,33.3,100.0
2,20,15,15,10,15,10,8,44,21,23,47.73,25.0,80.0
2,20,15,15,10,15,10,10,44,21,23,47.73,25.0,80.0
2,20,15,15,10,15,10,15,44,23,21,52.27,33.3,80.0
2,20,15,15,10,15,15,8,44,17,27,38.64,11.1,50.0
2,20,15,15,10,15,15,10,44,17,27,38.64,11.1,50.0
2,20,15,15,10,15,15,15,44,20,24,45.45,22.2,60.0
2,20,15,15,10,30,8,8,38,20,18,52.63,20.0,100.0
2,20,15,15,10,30,8,10,38,21,17,55.26,20.0,100.0
2,20,15,15,10,30,8,15,38,23,15,60.53,20.0,100.0
2,20,15,15,10,30,10,8,38,19,19,50.00,20.0,100.0
2,20,15,15,10,30,10,10,38,20,18,52.63,20.0,100.0
2,20,15,15,10,30,10,15,38,21,17,55.26,20.0,100.0
2,20,15,15,10,30,15,8,38,14,24,36.84,0.0,100.0
2,20,15,15,10,30,15,10,38,15,23,39.47,0.0,100.0
2,20,15,15,10,30,15,15,38,16,22,42.11,0.0,100.0
2,20,25,0,0,0,8,8,981,462,519,47.09,36.2,52.8
2,20,25,0,0,0,8,10,978,519,459,53.07,43.3,58.3
2,20,25,0,0,0,8,15,972,602,370,61.93,52.0,68.0
2,20,25,0,0,0,10,8,980,411,569,41.94,35.4,48.0
2,20,25,0,0,0,10,10,976,468,508,47.95,41.7,54.2
2,20,25,0,0,0,10,15,970,551,419,56.80,49.6,62.5
2,20,25,0,0,0,15,8,979,307,672,31.36,22.0,37.3
2,20,25,0,0,0,15,10,975,362,613,37.13,28.3,44.4
2,20,25,0,0,0,15,15,969,438,531,45.20,36.2,51.4
2,20,25,0,0,15,8,8,545,276,269,50.64,44.6,56.1
2,20,25,0,0,15,8,10,545,304,241,55.78,53.5,60.6
2,20,25,0,0,15,8,15,542,365,177,67.34,63.9,74.6
2,20,25,0,0,15,10,8,545,245,300,44.95,37.5,53.0
2,20,25,0,0,15,10,10,545,275,270,50.46,46.4,59.1
2,20,25,0,0,15,10,15,542,340,202,62.73,58.9,71.4
2,20,25,0,0,15,15,8,543,187,356,34.44,26.8,38.8
2,20,25,0,0,15,15,10,542,215,327,39.67,32.7,46.3
2,20,25,0,0,15,15,15,539,276,263,51.21,47.3,58.2
2,20,25,0,0,30,8,8,436,230,206,52.75,47.8,62.3
2,20,25,0,0,30,8,10,436,249,187,57.11,53.5,62.3
2,20,25,0,0,30,8,15,434,286,148,65.90,59.6,74.1
2,20,25,0,0,30,10,8,436,197,239,45.18,34.8,54.7
2,20,25,0,0,30,10,10,436,217,219,49.77,41.3,57.4
2,20,25,0,0,30,10,15,434,258,176,59.45,54.3,70.4
2,20,25,0,0,30,15,8,434,152,282,35.02,28.3,46.3
2,20,25,0,0,30,15,10,433,176,257,40.65,31.1,53.7
2,20,25,0,0,30,15,15,431,217,214,50.35,44.4,64.8
2,20,25,0,5,0,8,8,375,179,196,47.73,37.9,53.2
2,20,25,0,5,0,8,10,375,198,177,52.80,46.9,61.4
2,20,25,0,5,0,8,15,375,235,140,62.67,51.7,69.2
2,20,25,0,5,0,10,8,374,162,212,43.32,34.5,49.1
2,20,25,0,5,0,10,10,374,182,192,48.66,43.9,57.9
2,20,25,0,5,0,10,15,374,217,157,58.02,48.3,64.9
2,20,25,0,5,0,15,8,374,123,251,32.89,20.7,43.9
2,20,25,0,5,0,15,10,373,140,233,37.53,28.6,49.1
2,20,25,0,5,0,15,15,372,175,197,47.04,29.6,56.1
2,20,25,0,5,15,8,8,247,119,128,48.18,34.2,60.9
2,20,25,0,5,15,8,10,247,128,119,51.82,39.5,61.5
2,20,25,0,5,15,8,15,247,154,93,62.35,55.7,78.3
2,20,25,0,5,15,10,8,246,109,137,44.31,34.2,54.5
2,20,25,0,5,15,10,10,246,118,128,47.97,39.5,59.0
2,20,25,0,5,15,10,15,246,142,104,57.72,51.7,72.7
2,20,25,0,5,15,15,8,246,85,161,34.55,26.7,41.4
2,20,25,0,5,15,15,10,246,92,154,37.40,31.6,46.2
2,20,25,0,5,15,15,15,246,117,129,47.56,40.0,59.1
2,20,25,0,5,30,8,8,206,108,98,52.43,45.8,60.6
2,20,25,0,5,30,8,10,206,117,89,56.80,48.6,66.7
2,20,25,0,5,30,8,15,205,131,74,63.90,54.1,69.7
2,20,25,0,5,30,10,8,206,96,110,46.60,33.3,60.6
2,20,25,0,5,30,10,10,206,105,101,50.97,41.7,66.7
2,20,25,0,5,30,10,15,205,119,86,58.05,41.7,69.7
2,20,25,0,5,30,15,8,206,75,131,36.41,25.0,45.5
2,20,25,0,5,30,15,10,206,86,120,41.75,33.3,51.5
2,20,25,0,5,30,15,15,204,101,103,49.51,36.4,60.6
2,20,25,0,10,0,8,8,187,91,96,48.66,26.7,56.7
2,20,25,0,10,0,8,10,187,103,84,55.08,26.7,60.9
2,20,25,0,10,0,8,15,186,120,66,64.52,33.3,76.0
2,20,25,0,10,0,10,8,187,81,106,43.32,26.7,51.4
2,20,25,0,10,0,10,10,187,95,92,50.80,26.7,60.9
2,20,25,0,10,0,10,15,186,109,77,58.60,33.3,76.0
2,20,25,0,10,0,15,8,187,63,124,33.69,26.7,40.0
2,20,25,0,10,0,15,10,187,76,111,40.64,26.7,48.6
2,20,25,0,10,0,15,15,186,93,93,50.00,33.3,56.5
2,20,25,0,10,15,8,8,140,67,73,47.86,25.0,54.5
2,20,25,0,10,15,8,10,140,75,65,53.57,33.3,72.7
2,20,25,0,10,15,8,15,139,90,49,64.75,50.0,86.4
2,20,25,0,10,15,10,8,140,60,80,42.86,25.0,50.0
2,20,25,0,10,15,10,10,140,69,71,49.29,33.3,68.2
2,20,25,0,10,15,10,15,139,83,56,59.71,45.5,81.8
2,20,25,0,10,15,15,8,140,48,92,34.29,17.6,43.8
2,20,25,0,10,15,15,10,140,56,84,40.00,23.5,54.5
2,20,25,0,10,15,15,15,139,72,67,51.80,33.3,72.7
2,20,25,0,10,30,8,8,107,54,53,50.47,26.7,68.8
2,20,25,0,10,30,8,10,107,59,48,55.14,26.7,75.0
2,20,25,0,10,30,8,15,107,70,37,65.42,40.0,81.3
2,20,25,0,10,30,10,8,107,50,57,46.73,26.7,68.8
2,20,25,0,10,30,10,10,107,55,52,51.40,26.7,75.0
2,20,25,0,10,30,10,15,107,69,38,64.49,40.0,81.3
2,20,25,0,10,30,15,8,106,32,74,30.19,13.3,50.0
2,20,25,0,10,30,15,10,106,36,70,33.96,13.3,56.3
2,20,25,0,10,30,15,15,105,55,50,52.38,26.7,75.0
2,20,25,8,0,0,8,8,228,113,115,49.56,33.3,64.3
2,20,25,8,0,0,8,10,228,127,101,55.70,33.3,67.9
2,20,25,8,0,0,8,15,227,149,78,65.64,46.7,76.9
2,20,25,8,0,0,10,8,228,102,126,44.74,26.7,57.1
2,20,25,8,0,0,10,10,228,116,112,50.88,26.7,60.7
2,20,25,8,0,0,10,15,227,137,90,60.35,40.0,69.2
2,20,25,8,0,0,15,8,228,80,148,35.09,20.0,50.0
2,20,25,8,0,0,15,10,228,94,134,41.23,20.0,53.6
2,20,25,8,0,0,15,15,227,115,112,50.66,33.3,64.1
2,20,25,8,0,15,8,8,170,81,89,47.65,27.3,66.7
2,20,25,8,0,15,8,10,170,87,83,51.18,36.4,75.0
2,20,25,8,0,15,8,15,169,103,66,60.95,53.6,75.0
2,20,25,8,0,15,10,8,170,74,96,43.53,27.3,62.5
2,20,25,8,0,15,10,10,170,80,90,47.06,36.4,70.8
2,20,25,8,0,15,10,15,169,96,73,56.80,42.9,70.8
2,20,25,8,0,15,15,8,170,59,111,34.71,25.0,58.3
2,20,25,8,0,15,15,10,170,65,105,38.24,27.3,66.7
2,20,25,8,0,15,15,15,169,80,89,47.34,32.1,70.8
2,20,25,8,0,30,8,8,146,76,70,52.05,38.5,71.4
2,20,25,8,0,30,8,10,146,82,64,56.16,40.9,71.4
2,20,25,8,0,30,8,15,146,94,52,64.38,53.8,76.2
2,20,25,8,0,30,10,8,146,67,79,45.89,15.4,66.7
2,20,25,8,0,30,10,10,146,72,74,49.32,23.1,66.7
2,20,25,8,0,30,10,15,146,83,63,56.85,30.8,71.4
2,20,25,8,0,30,15,8,145,49,96,33.79,15.4,57.1
2,20,25,8,0,30,15,10,145,55,90,37.93,22.7,61.9
2,20,25,8,0,30,15,15,145,70,75,48.28,30.8,66.7
2,20,25,8,5,0,8,8,143,64,79,44.76,30.0,52.9
2,20,25,8,5,0,8,10,143,75,68,52.45,40.0,60.0
2,20,25,8,5,0,8,15,143,89,54,62.24,50.0,76.5
2,20,25,8,5,0,10,8,143,57,86,39.86,20.0,44.0
2,20,25,8,5,0,10,10,143,67,76,46.85,20.0,60.0
2,20,25,8,5,0,10,15,143,83,60,58.04,30.0,68.0
2,20,25,8,5,0,15,8,143,47,96,32.87,20.0,40.0
2,20,25,8,5,0,15,10,142,55,87,38.73,20.0,56.0
2,20,25,8,5,0,15,15,142,70,72,49.30,30.0,64.0
2,20,25,8,5,15,8,8,95,45,50,47.37,40.0,62.5
2,20,25,8,5,15,8,10,95,56,39,58.95,40.0,75.0
2,20,25,8,5,15,8,15,95,64,31,67.37,40.0,87.5
2,20,25,8,5,15,10,8,95,39,56,41.05,29.4,62.5
2,20,25,8,5,15,10,10,95,50,45,52.63,40.0,75.0
2,20,25,8,5,15,10,15,95,58,37,61.05,40.0,87.5
2,20,25,8,5,15,15,8,94,29,65,30.85,22.2,43.8
2,20,25,8,5,15,15,10,94,39,55,41.49,33.3,56.3
2,20,25,8,5,15,15,15,94,48,46,51.06,33.3,81.3
2,20,25,8,5,30,8,8,84,44,40,52.38,33.3,100.0
2,20,25,8,5,30,8,10,84,52,32,61.90,44.4,100.0
2,20,25,8,5,30,8,15,84,59,25,70.24,44.4,100.0
2,20,25,8,5,30,10,8,84,37,47,44.05,22.2,100.0
2,20,25,8,5,30,10,10,84,45,39,53.57,33.3,100.0
2,20,25,8,5,30,10,15,84,52,32,61.90,33.3,100.0
2,20,25,8,5,30,15,8,83,27,56,32.53,16.7,100.0
2,20,25,8,5,30,15,10,83,35,48,42.17,33.3,100.0
2,20,25,8,5,30,15,15,83,45,38,54.22,33.3,100.0
2,20,25,8,10,0,8,8,85,45,40,52.94,33.3,100.0
2,20,25,8,10,0,8,10,85,50,35,58.82,50.0,100.0
2,20,25,8,10,0,8,15,85,55,30,64.71,53.3,100.0
2,20,25,8,10,0,10,8,84,38,46,45.24,22.2,100.0
2,20,25,8,10,0,10,10,84,43,41,51.19,22.2,100.0
2,20,25,8,10,0,10,15,84,47,37,55.95,33.3,100.0
2,20,25,8,10,0,15,8,84,28,56,33.33,22.2,60.0
2,20,25,8,10,0,15,10,84,34,50,40.48,22.2,66.7
2,20,25,8,10,0,15,15,83,37,46,44.58,33.3,100.0
2,20,25,8,10,15,8,8,58,33,25,56.90,35.7,100.0
2,20,25,8,10,15,8,10,58,36,22,62.07,50.0,100.0
2,20,25,8,10,15,8,15,58,40,18,68.97,57.1,100.0
2,20,25,8,10,15,10,8,58,29,29,50.00,35.7,100.0
2,20,25,8,10,15,10,10,58,32,26,55.17,44.4,100.0
2,20,25,8,10,15,10,15,58,36,22,62.07,50.0,100.0
2,20,25,8,10,15,15,8,58,23,35,39.66,25.0,50.0
2,20,25,8,10,15,15,10,58,26,32,44.83,25.0,57.1
2,20,25,8,10,15,15,15,57,32,25,56.14,42.9,100.0
2,20,25,8,10,30,8,8,55,22,33,40.00,25.0,100.0
2,20,25,8,10,30,8,10,55,29,26,52.73,41.7,100.0
2,20,25,8,10,30,8,15,55,32,23,58.18,50.0,100.0
2,20,25,8,10,30,10,8,55,21,34,38.18,25.0,100.0
2,20,25,8,10,30,10,10,55,28,27,50.91,37.5,100.0
2,20,25,8,10,30,10,15,55,30,25,54.55,37.5,100.0
2,20,25,8,10,30,15,8,54,16,38,29.63,12.5,100.0
2,20,25,8,10,30,15,10,54,23,31,42.59,25.0,100.0
2,20,25,8,10,30,15,15,54,27,27,50.00,37.5,100.0
2,20,25,15,0,0,8,8,107,48,59,44.86,33.3,52.2
2,20,25,15,0,0,8,10,107,56,51,52.34,33.3,60.0
2,20,25,15,0,0,8,15,107,68,39,63.55,33.3,75.0
2,20,25,15,0,0,10,8,107,41,66,38.32,33.3,41.2
2,20,25,15,0,0,10,10,107,49,58,45.79,33.3,55.6
2,20,25,15,0,0,10,15,107,62,45,57.94,33.3,70.0
2,20,25,15,0,0,15,8,107,34,73,31.78,20.0,39.1
2,20,25,15,0,0,15,10,107,40,67,37.38,20.0,44.4
2,20,25,15,0,0,15,15,107,55,52,51.40,33.3,66.7
2,20,25,15,0,15,8,8,76,41,35,53.95,44.4,100.0
2,20,25,15,0,15,8,10,76,45,31,59.21,45.0,100.0
2,20,25,15,0,15,8,15,76,50,26,65.79,53.8,100.0
2,20,25,15,0,15,10,8,76,38,38,50.00,22.2,100.0
2,20,25,15,0,15,10,10,76,42,34,55.26,33.3,100.0
2,20,25,15,0,15,10,15,76,47,29,61.84,33.3,100.0
2,20,25,15,0,15,15,8,75,29,46,38.67,22.2,100.0
2,20,25,15,0,15,15,10,75,34,41,45.33,33.3,100.0
2,20,25,15,0,15,15,15,75,40,35,53.33,33.3,100.0
2,20,25,15,0,30,8,8,73,41,32,56.16,22.2,100.0
2,20,25,15,0,30,8,10,73,44,29,60.27,33.3,100.0
2,20,25,15,0,30,8,15,73,49,24,67.12,33.3,100.0
2,20,25,15,0,30,10,8,73,36,37,49.32,22.2,100.0
2,20,25,15,0,30,10,10,73,39,34,53.42,30.0,100.0
2,20,25,15,0,30,10,15,73,44,29,60.27,33.3,100.0
2,20,25,15,0,30,15,8,72,29,43,40.28,22.2,100.0
2,20,25,15,0,30,15,10,72,32,40,44.44,22.2,100.0
2,20,25,15,0,30,15,15,72,39,33,54.17,33.3,100.0
2,20,25,15,5,0,8,8,65,33,32,50.77,37.5,100.0
2,20,25,15,5,0,8,10,65,37,28,56.92,40.0,100.0
2,20,25,15,5,0,8,15,65,44,21,67.69,55.6,100.0
2,20,25,15,5,0,10,8,65,28,37,43.08,20.0,100.0
2,20,25,15,5,0,10,10,65,32,33,49.23,20.0,100.0
2,20,25,15,5,0,10,15,65,39,26,60.00,42.9,100.0
2,20,25,15,5,0,15,8,65,22,43,33.85,20.0,50.0
2,20,25,15,5,0,15,10,65,27,38,41.54,20.0,60.0
2,20,25,15,5,0,15,15,64,35,29,54.69,42.9,100.0
2,20,25,15,5,15,8,8,58,26,32,44.83,20.0,100.0
2,20,25,15,5,15,8,10,58,30,28,51.72,33.3,100.0
2,20,25,15,5,15,8,15,58,33,25,56.90,40.0,100.0
2,20,25,15,5,15,10,8,58,24,34,41.38,20.0,100.0
2,20,25,15,5,15,10,10,58,28,30,48.28,33.3,100.0
2,20,25,15,5,15,10,15,58,30,28,51.72,37.5,100.0
2,20,25,15,5,15,15,8,58,18,40,31.03,12.5,50.0
2,20,25,15,5,15,15,10,58,21,37,36.21,16.7,53.8
2,20,25,15,5,15,15,15,57,25,32,43.86,33.3,100.0
2,20,25,15,5,30,8,8,46,23,23,50.00,25.0,100.0
2,20,25,15,5,30,8,10,46,26,20,56.52,25.0,100.0
2,20,25,15,5,30,8,15,46,33,13,71.74,50.0,100.0
2,20,25,15,5,30,10,8,46,21,25,45.65,25.0,100.0
2,20,25,15,5,30,10,10,46,24,22,52.17,25.0,100.0
2,20,25,15,5,30,10,15,46,31,15,67.39,25.0,100.0
2,20,25,15,5,30,15,8,46,16,30,34.78,25.0,66.7
2,20,25,15,5,30,15,10,46,19,27,41.30,25.0,66.7
2,20,25,15,5,30,15,15,45,26,19,57.78,25.0,100.0
2,20,25,15,10,0,8,8,50,22,28,44.00,22.2,100.0
2,20,25,15,10,0,8,10,50,27,23,54.00,33.3,100.0
2,20,25,15,10,0,8,15,50,31,19,62.00,44.4,100.0
2,20,25,15,10,0,10,8,50,18,32,36.00,22.2,100.0
2,20,25,15,10,0,10,10,50,24,26,48.00,25.0,100.0
2,20,25,15,10,0,10,15,50,29,21,58.00,40.0,100.0
2,20,25,15,10,0,15,8,50,13,37,26.00,0.0,50.0
2,20,25,15,10,0,15,10,50,17,33,34.00,0.0,66.7
2,20,25,15,10,0,15,15,50,21,29,42.00,22.2,66.7
2,20,25,15,10,15,8,8,38,22,16,57.89,33.3,100.0
2,20,25,15,10,15,8,10,38,22,16,57.89,33.3,100.0
2,20,25,15,10,15,8,15,37,24,13,64.86,33.3,100.0
2,20,25,15,10,15,10,8,38,20,18,52.63,33.3,77.8
2,20,25,15,10,15,10,10,38,20,18,52.63,33.3,77.8
2,20,25,15,10,15,10,15,37,21,16,56.76,33.3,77.8
2,20,25,15,10,15,15,8,38,16,22,42.11,11.1,77.8
2,20,25,15,10,15,15,10,38,16,22,42.11,11.1,77.8
2,20,25,15,10,15,15,15,37,19,18,51.35,22.2,77.8
2,20,25,15,10,30,8,8,35,19,16,54.29,16.7,100.0
2,20,25,15,10,30,8,10,35,19,16,54.29,16.7,100.0
2,20,25,15,10,30,8,15,35,22,13,62.86,16.7,100.0
2,20,25,15,10,30,10,8,35,15,20,42.86,16.7,66.7
2,20,25,15,10,30,10,10,35,16,19,45.71,16.7,77.8
2,20,25,15,10,30,10,15,35,19,16,54.29,16.7,77.8
2,20,25,15,10,30,15,8,35,14,21,40.00,0.0,66.7
2,20,25,15,10,30,15,10,35,14,21,40.00,0.0,66.7
2,20,25,15,10,30,15,15,35,17,18,48.57,0.0,71.4
2,20,35,0,0,0,8,8,976,464,512,47.54,36.2,53.6
2,20,35,0,0,0,8,10,973,519,454,53.34,43.3,58.1
2,20,35,0,0,0,8,15,967,601,366,62.15,52.0,68.0
2,20,35,0,0,0,10,8,975,411,564,42.15,35.4,48.8
2,20,35,0,0,0,10,10,971,467,504,48.09,41.7,53.9
2,20,35,0,0,0,10,15,965,549,416,56.89,49.6,62.4
2,20,35,0,0,0,15,8,974,304,670,31.21,22.0,37.7
2,20,35,0,0,0,15,10,970,359,611,37.01,28.3,43.9
2,20,35,0,0,0,15,15,964,434,530,45.02,36.2,50.9
2,20,35,0,0,15,8,8,545,278,267,51.01,44.6,55.9
2,20,35,0,0,15,8,10,545,306,239,56.15,53.6,60.3
2,20,35,0,0,15,8,15,542,365,177,67.34,63.9,73.8
2,20,35,0,0,15,10,8,545,246,299,45.14,37.5,54.4
2,20,35,0,0,15,10,10,545,275,270,50.46,46.4,58.8
2,20,35,0,0,15,10,15,542,339,203,62.55,58.9,70.8
2,20,35,0,0,15,15,8,543,188,355,34.62,26.8,38.8
2,20,35,0,0,15,15,10,542,215,327,39.67,32.7,46.3
2,20,35,0,0,15,15,15,539,275,264,51.02,46.7,58.2
2,20,35,0,0,30,8,8,436,229,207,52.52,47.5,62.3
2,20,35,0,0,30,8,10,436,248,188,56.88,52.5,62.7
2,20,35,0,0,30,8,15,434,285,149,65.67,57.6,73.6
2,20,35,0,0,30,10,8,436,194,242,44.50,34.8,54.7
2,20,35,0,0,30,10,10,436,214,222,49.08,41.3,56.6
2,20,35,0,0,30,10,15,434,255,179,58.76,52.5,69.8
2,20,35,0,0,30,15,8,434,150,284,34.56,28.3,45.3
2,20,35,0,0,30,15,10,433,173,260,39.95,31.1,52.8
2,20,35,0,0,30,15,15,431,214,217,49.65,43.9,64.2
2,20,35,0,5,0,8,8,376,175,201,46.54,37.9,54.1
2,20,35,0,5,0,8,10,376,197,179,52.39,46.0,60.7
2,20,35,0,5,0,8,15,376,234,142,62.23,51.7,67.9
2,20,35,0,5,0,10,8,375,159,216,42.40,34.5,48.2
2,20,35,0,5,0,10,10,375,182,193,48.53,43.0,57.1
2,20,35,0,5,0,10,15,375,218,157,58.13,48.3,65.3
2,20,35,0,5,0,15,8,375,119,256,31.73,20.7,42.9
2,20,35,0,5,0,15,10,374,139,235,37.17,28.6,48.2
2,20,35,0,5,0,15,15,373,176,197,47.18,29.6,55.4
2,20,35,0,5,15,8,8,245,116,129,47.35,36.8,61.9
2,20,35,0,5,15,8,10,245,125,120,51.02,42.1,61.9
2,20,35,0,5,15,8,15,245,150,95,61.22,52.5,76.2
2,20,35,0,5,15,10,8,244,106,138,43.44,34.2,55.0
2,20,35,0,5,15,10,10,244,115,129,47.13,39.5,57.9
2,20,35,0,5,15,10,15,244,139,105,56.97,50.8,75.0
2,20,35,0,5,15,15,8,244,85,159,34.84,26.7,41.4
2,20,35,0,5,15,15,10,244,92,152,37.70,31.6,44.7
2,20,35,0,5,15,15,15,244,117,127,47.95,40.0,60.0
2,20,35,0,5,30,8,8,208,103,105,49.52,42.1,59.4
2,20,35,0,5,30,8,10,208,112,96,53.85,44.7,65.6
2,20,35,0,5,30,8,15,207,126,81,60.87,50.0,68.8
2,20,35,0,5,30,10,8,208,91,117,43.75,33.3,59.4
2,20,35,0,5,30,10,10,208,100,108,48.08,39.5,65.6
2,20,35,0,5,30,10,15,207,114,93,55.07,41.7,68.8
2,20,35,0,5,30,15,8,208,72,136,34.62,25.0,43.8
2,20,35,0,5,30,15,10,208,83,125,39.90,33.3,50.0
2,20,35,0,5,30,15,15,206,98,108,47.57,36.4,59.4
2,20,35,0,10,0,8,8,190,89,101,46.84,26.7,55.9
2,20,35,0,10,0,8,10,190,99,91,52.11,26.7,60.0
2,20,35,0,10,0,8,15,189,116,73,61.38,33.3,73.9
2,20,35,0,10,0,10,8,190,80,110,42.11,26.7,52.9
2,20,35,0,10,0,10,10,190,92,98,48.42,26.7,58.8
2,20,35,0,10,0,10,15,189,106,83,56.08,33.3,73.9
2,20,35,0,10,0,15,8,190,62,128,32.63,26.7,41.2
2,20,35,0,10,0,15,10,190,73,117,38.42,26.7,47.1
2,20,35,0,10,0,15,15,189,91,98,48.15,33.3,52.9
2,20,35,0,10,15,8,8,136,63,73,46.32,25.0,58.1
2,20,35,0,10,15,8,10,136,71,65,52.21,33.3,68.2
2,20,35,0,10,15,8,15,135,88,47,65.19,50.0,81.8
2,20,35,0,10,15,10,8,136,55,81,40.44,25.0,50.0
2,20,35,0,10,15,10,10,136,64,72,47.06,30.8,63.6
2,20,35,0,10,15,10,15,135,81,54,60.00,42.3,77.3
2,20,35,0,10,15,15,8,136,44,92,32.35,17.6,43.8
2,20,35,0,10,15,15,10,136,51,85,37.50,23.5,50.0
2,20,35,0,10,15,15,15,135,69,66,51.11,33.3,68.2
2,20,35,0,10,30,8,8,104,48,56,46.15,26.7,56.3
2,20,35,0,10,30,8,10,104,55,49,52.88,26.7,68.8
2,20,35,0,10,30,8,15,104,66,38,63.46,40.0,77.3
2,20,35,0,10,30,10,8,104,45,59,43.27,26.7,56.3
2,20,35,0,10,30,10,10,104,52,52,50.00,26.7,68.8
2,20,35,0,10,30,10,15,104,64,40,61.54,40.0,75.0
2,20,35,0,10,30,15,8,103,27,76,26.21,13.3,43.8
2,20,35,0,10,30,15,10,103,33,70,32.04,13.3,56.3
2,20,35,0,10,30,15,15,102,51,51,50.00,26.7,75.0
2,20,35,8,0,0,8,8,236,112,124,47.46,33.3,62.1
2,20,35,8,0,0,8,10,236,123,113,52.12,33.3,65.5
2,20,35,8,0,0,8,15,235,146,89,62.13,46.7,76.3
2,20,35,8,0,0,10,8,236,99,137,41.95,26.7,55.2
2,20,35,8,0,0,10,10,236,110,126,46.61,26.7,58.6
2,20,35,8,0,0,10,15,235,133,102,56.60,40.0,68.4
2,20,35,8,0,0,15,8,236,78,158,33.05,20.0,47.4
2,20,35,8,0,0,15,10,236,89,147,37.71,20.0,50.0
2,20,35,8,0,0,15,15,235,112,123,47.66,33.3,63.2
2,20,35,8,0,15,8,8,163,80,83,49.08,27.3,66.7
2,20,35,8,0,15,8,10,163,85,78,52.15,36.4,70.8
2,20,35,8,0,15,8,15,162,102,60,62.96,51.7,73.3
2,20,35,8,0,15,10,8,163,72,91,44.17,27.3,62.5
2,20,35,8,0,15,10,10,163,77,86,47.24,36.4,66.7
2,20,35,8,0,15,10,15,162,94,68,58.02,41.4,73.3
2,20,35,8,0,15,15,8,163,56,107,34.36,24.1,58.3
2,20,35,8,0,15,15,10,163,61,102,37.42,27.3,62.5
2,20,35,8,0,15,15,15,162,78,84,48.15,31.0,66.7
2,20,35,8,0,30,8,8,141,71,70,50.35,38.5,66.7
2,20,35,8,0,30,8,10,141,78,63,55.32,39.1,75.0
2,20,35,8,0,30,8,15,141,91,50,64.54,53.8,83.3
2,20,35,8,0,30,10,8,141,62,79,43.97,15.4,58.3
2,20,35,8,0,30,10,10,141,68,73,48.23,23.1,66.7
2,20,35,8,0,30,10,15,141,80,61,56.74,30.8,75.0
2,20,35,8,0,30,15,8,140,43,97,30.71,15.4,47.6
2,20,35,8,0,30,15,10,140,50,90,35.71,21.7,57.1
2,20,35,8,0,30,15,15,140,66,74,47.14,30.8,61.9
2,20,35,8,5,0,8,8,134,61,73,45.52,30.0,52.9
2,20,35,8,5,0,8,10,134,71,63,52.99,40.0,66.7
2,20,35,8,5,0,8,15,134,85,49,63.43,50.0,76.5
2,20,35,8,5,0,10,8,134,53,81,39.55,20.0,44.0
2,20,35,8,5,0,10,10,134,62,72,46.27,20.0,58.3
2,20,35,8,5,0,10,15,134,78,56,58.21,30.0,66.7
2,20,35,8,5,0,15,8,134,43,91,32.09,20.0,40.0
2,20,35,8,5,0,15,10,133,50,83,37.59,20.0,52.0
2,20,35,8,5,0,15,15,133,67,66,50.38,30.0,60.0
2,20,35,8,5,15,8,8,90,41,49,45.56,37.5,100.0
2,20,35,8,5,15,8,10,90,53,37,58.89,50.0,100.0
2,20,35,8,5,15,8,15,90,60,30,66.67,55.6,100.0
2,20,35,8,5,15,10,8,90,35,55,38.89,30.0,100.0
2,20,35,8,5,15,10,10,90,46,44,51.11,37.5,100.0
2,20,35,8,5,15,10,15,90,53,37,58.89,40.0,100.0
2,20,35,8,5,15,15,8,89,31,58,34.83,22.2,100.0
2,20,35,8,5,15,15,10,89,41,48,46.07,33.3,100.0
2,20,35,8,5,15,15,15,89,49,40,55.06,33.3,100.0
2,20,35,8,5,30,8,8,80,37,43,46.25,30.8,100.0
2,20,35,8,5,30,8,10,80,45,35,56.25,42.9,100.0
2,20,35,8,5,30,8,15,80,55,25,68.75,44.4,100.0
2,20,35,8,5,30,10,8,80,32,48,40.00,22.2,100.0
2,20,35,8,5,30,10,10,80,40,40,50.00,33.3,100.0
2,20,35,8,5,30,10,15,80,50,30,62.50,33.3,100.0
2,20,35,8,5,30,15,8,79,25,54,31.65,15.4,100.0
2,20,35,8,5,30,15,10,79,33,46,41.77,33.3,100.0
2,20,35,8,5,30,15,15,79,45,34,56.96,33.3,100.0
2,20,35,8,10,0,8,8,77,35,42,45.45,14.3,100.0
2,20,35,8,10,0,8,10,77,39,38,50.65,28.6,100.0
2,20,35,8,10,0,8,15,77,45,32,58.44,42.9,100.0
2,20,35,8,10,0,10,8,77,34,43,44.16,14.3,100.0
2,20,35,8,10,0,10,10,77,38,39,49.35,28.6,100.0
2,20,35,8,10,0,10,15,77,44,33,57.14,42.9,100.0
2,20,35,8,10,0,15,8,76,27,49,35.53,0.0,100.0
2,20,35,8,10,0,15,10,76,31,45,40.79,14.3,100.0
2,20,35,8,10,0,15,15,76,36,40,47.37,28.6,100.0
2,20,35,8,10,15,8,8,50,25,25,50.00,28.6,100.0
2,20,35,8,10,15,8,10,50,30,20,60.00,50.0,100.0
2,20,35,8,10,15,8,15,50,33,17,66.00,55.6,100.0
2,20,35,8,10,15,10,8,50,23,27,46.00,14.3,100.0
2,20,35,8,10,15,10,10,50,28,22,56.00,42.9,100.0
2,20,35,8,10,15,10,15,50,31,19,62.00,42.9,100.0
2,20,35,8,10,15,15,8,50,19,31,38.00,14.3,60.0
2,20,35,8,10,15,15,10,50,24,26,48.00,42.9,60.0
2,20,35,8,10,15,15,15,49,27,22,55.10,42.9,100.0
2,20,35,8,10,30,8,8,46,23,23,50.00,25.0,100.0
2,20,35,8,10,30,8,10,46,27,19,58.70,44.4,100.0
2,20,35,8,10,30,8,15,46,32,14,69.57,50.0,100.0
2,20,35,8,10,30,10,8,46,22,24,47.83,25.0,100.0
2,20,35,8,10,30,10,10,46,26,20,56.52,44.4,100.0
2,20,35,8,10,30,10,15,46,31,15,67.39,50.0,100.0
2,20,35,8,10,30,15,8,45,16,29,35.56,20.0,100.0
2,20,35,8,10,30,15,10,45,20,25,44.44,25.0,100.0
2,20,35,8,10,30,15,15,45,26,19,57.78,33.3,100.0
2,20,35,15,0,0,8,8,107,46,61,42.99,33.3,50.0
2,20,35,15,0,0,8,10,107,54,53,50.47,33.3,59.1
2,20,35,15,0,0,8,15,107,66,41,61.68,33.3,70.0
2,20,35,15,0,0,10,8,107,37,70,34.58,22.2,40.0
2,20,35,15,0,0,10,10,107,45,62,42.06,33.3,50.0
2,20,35,15,0,0,10,15,107,58,49,54.21,33.3,65.0
2,20,35,15,0,0,15,8,107,33,74,30.84,20.0,35.3
2,20,35,15,0,0,15,10,107,39,68,36.45,20.0,44.4
2,20,35,15,0,0,15,15,107,53,54,49.53,33.3,65.0
2,20,35,15,0,15,8,8,77,36,41,46.75,28.6,100.0
2,20,35,15,0,15,8,10,77,42,35,54.55,35.7,100.0
2,20,35,15,0,15,8,15,77,48,29,62.34,50.0,100.0
2,20,35,15,0,15,10,8,77,30,47,38.96,21.4,100.0
2,20,35,15,0,15,10,10,77,36,41,46.75,28.6,100.0
2,20,35,15,0,15,10,15,77,42,35,54.55,33.3,100.0
2,20,35,15,0,15,15,8,76,24,52,31.58,7.1,100.0
2,20,35,15,0,15,15,10,76,31,45,40.79,14.3,100.0
2,20,35,15,0,15,15,15,76,37,39,48.68,28.6,100.0
2,20,35,15,0,30,8,8,67,35,32,52.24,22.2,100.0
2,20,35,15,0,30,8,10,67,38,29,56.72,33.3,100.0
2,20,35,15,0,30,8,15,67,43,24,64.18,33.3,100.0
2,20,35,15,0,30,10,8,67,33,34,49.25,22.2,100.0
2,20,35,15,0,30,10,10,67,36,31,53.73,33.3,100.0
2,20,35,15,0,30,10,15,67,41,26,61.19,33.3,100.0
2,20,35,15,0,30,15,8,66,28,38,42.42,22.2,100.0
2,20,35,15,0,30,15,10,66,31,35,46.97,33.3,100.0
2,20,35,15,0,30,15,15,66,36,30,54.55,33.3,100.0
2,20,35,15,5,0,8,8,57,28,29,49.12,33.3,100.0
2,20,35,15,5,0,8,10,57,33,24,57.89,44.4,100.0
2,20,35,15,5,0,8,15,57,38,19,66.67,55.6,100.0
2,20,35,15,5,0,10,8,56,25,31,44.64,33.3,100.0
2,20,35,15,5,0,10,10,56,30,26,53.57,33.3,100.0
2,20,35,15,5,0,10,15,56,34,22,60.71,42.9,100.0
2,20,35,15,5,0,15,8,56,19,37,33.93,16.7,50.0
2,20,35,15,5,0,15,10,56,25,31,44.64,16.7,70.0
2,20,35,15,5,0,15,15,55,30,25,54.55,33.3,100.0
2,20,35,15,5,15,8,8,46,21,25,45.65,20.0,60.0
2,20,35,15,5,15,8,10,46,26,20,56.52,40.0,66.7
2,20,35,15,5,15,8,15,46,28,18,60.87,40.0,75.0
2,20,35,15,5,15,10,8,46,21,25,45.65,20.0,60.0
2,20,35,15,5,15,10,10,46,26,20,56.52,40.0,66.7
2,20,35,15,5,15,10,15,46,27,19,58.70,40.0,75.0
2,20,35,15,5,15,15,8,46,15,31,32.61,0.0,42.9
2,20,35,15,5,15,15,10,46,19,27,41.30,0.0,50.0
2,20,35,15,5,15,15,15,46,21,25,45.65,0.0,62.5
2,20,35,15,5,30,8,8,44,19,25,43.18,25.0,50.0
2,20,35,15,5,30,8,10,44,22,22,50.00,25.0,75.0
2,20,35,15,5,30,8,15,44,27,17,61.36,42.9,75.0
2,20,35,15,5,30,10,8,44,16,28,36.36,25.0,50.0
2,20,35,15,5,30,10,10,44,19,25,43.18,25.0,75.0
2,20,35,15,5,30,10,15,44,23,21,52.27,25.0,75.0
2,20,35,15,5,30,15,8,44,13,31,29.55,0.0,42.9
2,20,35,15,5,30,15,10,44,15,29,34.09,0.0,50.0
2,20,35,15,5,30,15,15,44,19,25,43.18,0.0,62.5
2,20,35,15,10,0,8,8,45,24,21,53.33,37.5,100.0
2,20,35,15,10,0,8,10,45,27,18,60.00,40.0,100.0
2,20,35,15,10,0,8,15,45,32,13,71.11,50.0,100.0
2,20,35,15,10,0,10,8,45,19,26,42.22,25.0,100.0
2,20,35,15,10,0,10,10,45,23,22,51.11,25.0,100.0
2,20,35,15,10,0,10,15,45,28,17,62.22,33.3,100.0
2,20,35,15,10,0,15,8,45,15,30,33.33,14.3,50.0
2,20,35,15,10,0,15,10,45,18,27,40.00,25.0,50.0
2,20,35,15,10,0,15,15,45,22,23,48.89,33.3,62.5
2,20,35,15,10,15,8,8,37,18,19,48.65,25.0,100.0
2,20,35,15,10,15,8,10,37,19,18,51.35,25.0,100.0
2,20,35,15,10,15,8,15,37,24,13,64.86,37.5,100.0
2,20,35,15,10,15,10,8,37,16,21,43.24,25.0,60.0
2,20,35,15,10,15,10,10,37,17,20,45.95,25.0,60.0
2,20,35,15,10,15,10,15,37,20,17,54.05,37.5,71.4
2,20,35,15,10,15,15,8,37,14,23,37.84,0.0,60.0
2,20,35,15,10,15,15,10,37,15,22,40.54,0.0,60.0
2,20,35,15,10,15,15,15,37,18,19,48.65,0.0,71.4
2,20,35,15,10,30,8,8,37,19,18,51.35,20.0,100.0
2,20,35,15,10,30,8,10,37,19,18,51.35,20.0,100.0
2,20,35,15,10,30,8,15,37,23,14,62.16,20.0,100.0
2,20,35,15,10,30,10,8,37,17,20,45.95,20.0,100.0
2,20,35,15,10,30,10,10,37,18,19,48.65,20.0,100.0
2,20,35,15,10,30,10,15,37,21,16,56.76,20.0,100.0
2,20,35,15,10,30,15,8,37,13,24,35.14,0.0,50.0
2,20,35,15,10,30,15,10,37,14,23,37.84,0.0,50.0
2,20,35,15,10,30,15,15,37,17,20,45.95,0.0,57.1
3,10,15,0,0,0,8,8,597,290,307,48.58,32.9,61.6
3,10,15,0,0,0,8,10,596,327,269,54.87,47.9,64.4
3,10,15,0,0,0,8,15,591,393,198,66.50,58.9,74.0
3,10,15,0,0,0,10,8,596,248,348,41.61,31.5,54.8
3,10,15,0,0,0,10,10,595,287,308,48.24,44.0,58.9
3,10,15,0,0,0,10,15,590,356,234,60.34,54.8,68.5
3,10,15,0,0,0,15,8,595,191,404,32.10,20.5,40.0
3,10,15,0,0,0,15,10,594,228,366,38.38,31.5,45.3
3,10,15,0,0,0,15,15,589,297,292,50.42,43.8,57.5
3,10,15,0,0,15,8,8,389,199,190,51.16,44.2,56.3
3,10,15,0,0,15,8,10,389,217,172,55.78,48.6,62.5
3,10,15,0,0,15,8,15,387,253,134,65.37,59.4,71.7
3,10,15,0,0,15,10,8,388,177,211,45.62,37.1,53.2
3,10,15,0,0,15,10,10,388,196,192,50.52,40.0,61.7
3,10,15,0,0,15,10,15,386,235,151,60.88,54.3,68.9
3,10,15,0,0,15,15,8,388,137,251,35.31,25.7,40.4
3,10,15,0,0,15,15,10,388,151,237,38.92,25.7,46.2
3,10,15,0,0,15,15,15,386,189,197,48.96,42.9,61.5
3,10,15,0,0,30,8,8,325,159,166,48.92,42.2,58.3
3,10,15,0,0,30,8,10,324,172,152,53.09,47.7,58.3
3,10,15,0,0,30,8,15,322,204,118,63.35,57.0,70.8
3,10,15,0,0,30,10,8,325,139,186,42.77,35.6,50.0
3,10,15,0,0,30,10,10,324,153,171,47.22,38.4,55.8
3,10,15,0,0,30,10,15,322,185,137,57.45,50.0,65.7
3,10,15,0,0,30,15,8,325,112,213,34.46,26.9,41.9
3,10,15,0,0,30,15,10,324,125,199,38.58,26.9,48.8
3,10,15,0,0,30,15,15,322,158,164,49.07,38.5,55.8
3,10,15,0,5,0,8,8,294,129,165,43.88,33.3,50.0
3,10,15,0,5,0,8,10,294,145,149,49.32,37.5,56.7
3,10,15,0,5,0,8,15,293,175,118,59.73,45.8,72.4
3,10,15,0,5,0,10,8,294,118,176,40.14,29.2,46.7
3,10,15,0,5,0,10,10,294,134,160,45.58,33.3,53.3
3,10,15,0,5,0,10,15,293,163,130,55.63,45.8,65.5
3,10,15,0,5,0,15,8,294,95,199,32.31,20.8,38.6
3,10,15,0,5,0,15,10,294,109,185,37.07,20.8,45.5
3,10,15,0,5,0,15,15,292,136,156,46.58,30.4,52.3
3,10,15,0,5,15,8,8,204,97,107,47.55,38.5,57.1
3,10,15,0,5,15,8,10,204,102,102,50.00,43.9,60.7
3,10,15,0,5,15,8,15,203,124,79,61.08,50.9,76.9
3,10,15,0,5,15,10,8,204,92,112,45.10,38.5,53.6
3,10,15,0,5,15,10,10,204,97,107,47.55,40.4,57.1
3,10,15,0,5,15,10,15,203,115,88,56.65,49.1,73.1
3,10,15,0,5,15,15,8,204,74,130,36.27,34.6,39.3
3,10,15,0,5,15,15,10,204,80,124,39.22,34.6,46.4
3,10,15,0,5,15,15,15,203,97,106,47.78,42.3,57.7
3,10,15,0,5,30,8,8,167,86,81,51.50,40.0,62.5
3,10,15,0,5,30,8,10,167,92,75,55.09,40.0,70.0
3,10,15,0,5,30,8,15,166,107,59,64.46,50.0,80.0
3,10,15,0,5,30,10,8,167,80,87,47.90,30.0,58.3
3,10,15,0,5,30,10,10,167,86,81,51.50,30.0,70.0
3,10,15,0,5,30,10,15,166,99,67,59.64,30.0,80.0
3,10,15,0,5,30,15,8,167,65,102,38.92,27.8,45.8
3,10,15,0,5,30,15,10,167,71,96,42.51,30.0,55.0
3,10,15,0,5,30,15,15,166,83,83,50.00,30.0,66.7
3,10,15,0,10,0,8,8,155,80,75,51.61,42.1,60.0
3,10,15,0,10,0,8,10,155,89,66,57.42,47.4,70.0
3,10,15,0,10,0,8,15,155,96,59,61.94,50.0,75.0
3,10,15,0,10,0,10,8,155,75,80,48.39,25.0,60.0
3,10,15,0,10,0,10,10,155,85,70,54.84,25.0,70.0
3,10,15,0,10,0,10,15,155,93,62,60.00,37.5,75.0
3,10,15,0,10,0,15,8,155,63,92,40.65,25.0,50.0
3,10,15,0,10,0,15,10,155,71,84,45.81,25.0,55.0
3,10,15,0,10,0,15,15,155,81,74,52.26,37.5,60.0
3,10,15,0,10,15,8,8,117,60,57,51.28,35.7,80.0
3,10,15,0,10,15,8,10,117,73,44,62.39,35.7,80.0
3,10,15,0,10,15,8,15,117,79,38,67.52,42.9,85.0
3,10,15,0,10,15,10,8,117,56,61,47.86,28.6,80.0
3,10,15,0,10,15,10,10,117,69,48,58.97,35.7,80.0
3,10,15,0,10,15,10,15,117,76,41,64.96,42.9,85.0
3,10,15,0,10,15,15,8,117,43,74,36.75,21.4,60.0
3,10,15,0,10,15,15,10,117,55,62,47.01,28.6,60.0
3,10,15,0,10,15,15,15,117,65,52,55.56,35.7,75.0
3,10,15,0,10,30,8,8,101,58,43,57.43,45.5,68.2
3,10,15,0,10,30,8,10,101,66,35,65.35,45.5,84.2
3,10,15,0,10,30,8,15,101,74,27,73.27,54.5,84.2
3,10,15,0,10,30,10,8,101,54,47,53.47,41.2,63.6
3,10,15,0,10,30,10,10,101,62,39,61.39,45.5,78.9
3,10,15,0,10,30,10,15,101,72,29,71.29,54.5,81.3
3,10,15,0,10,30,15,8,100,36,64,36.00,29.4,45.5
3,10,15,0,10,30,15,10,100,43,57,43.00,30.0,57.9
3,10,15,0,10,30,15,15,100,59,41,59.00,45.5,73.7
3,10,15,8,0,0,8,8,194,92,102,47.42,25.0,55.2
3,10,15,8,0,0,8,10,194,100,94,51.55,33.3,58.6
3,10,15,8,0,0,8,15,193,120,73,62.18,41.7,79.2
3,10,15,8,0,0,10,8,194,84,110,43.30,25.0,51.7
3,10,15,8,0,0,10,10,194,91,103,46.91,33.3,58.3
3,10,15,8,0,0,10,15,193,111,82,57.51,41.7,79.2
3,10,15,8,0,0,15,8,194,68,126,35.05,25.0,40.0
3,10,15,8,0,0,15,10,194,74,120,38.14,33.3,45.8
3,10,15,8,0,0,15,15,193,95,98,49.22,41.7,62.5
3,10,15,8,0,15,8,8,140,74,66,52.86,41.7,66.7
3,10,15,8,0,15,8,10,140,84,56,60.00,50.0,76.2
3,10,15,8,0,15,8,15,140,91,49,65.00,50.0,81.0
3,10,15,8,0,15,10,8,140,64,76,45.71,31.3,61.9
3,10,15,8,0,15,10,10,140,74,66,52.86,37.5,71.4
3,10,15,8,0,15,10,15,140,82,58,58.57,45.8,76.2
3,10,15,8,0,15,15,8,140,52,88,37.14,18.8,52.4
3,10,15,8,0,15,15,10,140,60,80,42.86,25.0,61.9
3,10,15,8,0,15,15,15,140,72,68,51.43,37.5,76.2
3,10,15,8,0,30,8,8,119,66,53,55.46,40.0,70.6
3,10,15,8,0,30,8,10,119,72,47,60.50,42.9,82.4
3,10,15,8,0,30,8,15,119,77,42,64.71,42.9,82.4
3,10,15,8,0,30,10,8,119,62,57,52.10,33.3,70.6
3,10,15,8,0,30,10,10,119,68,51,57.14,40.0,82.4
3,10,15,8,0,30,10,15,119,73,46,61.34,42.9,82.4
3,10,15,8,0,30,15,8,119,46,73,38.66,20.0,52.9
3,10,15,8,0,30,15,10,119,55,64,46.22,26.7,76.5
3,10,15,8,0,30,15,15,119,61,58,51.26,33.3,76.5
3,10,15,8,5,0,8,8,114,54,60,47.37,29.4,64.7
3,10,15,8,5,0,8,10,114,67,47,58.77,40.0,80.0
3,10,15,8,5,0,8,15,114,78,36,68.42,53.3,81.0
3,10,15,8,5,0,10,8,114,50,64,43.86,29.4,60.0
3,10,15,8,5,0,10,10,114,63,51,55.26,33.3,80.0
3,10,15,8,5,0,10,15,114,75,39,65.79,46.7,81.0
3,10,15,8,5,0,15,8,114,41,73,35.96,28.6,48.0
3,10,15,8,5,0,15,10,113,51,62,45.13,30.8,60.0
3,10,15,8,5,0,15,15,113,65,48,57.52,46.7,71.4
3,10,15,8,5,15,8,8,86,52,34,60.47,50.0,100.0
3,10,15,8,5,15,8,10,86,60,26,69.77,63.6,100.0
3,10,15,8,5,15,8,15,86,65,21,75.58,63.6,100.0
3,10,15,8,5,15,10,8,86,44,42,51.16,40.0,83.3
3,10,15,8,5,15,10,10,86,51,35,59.30,52.9,83.3
3,10,15,8,5,15,10,15,86,56,30,65.12,59.1,83.3
3,10,15,8,5,15,15,8,85,33,52,38.82,28.6,66.7
3,10,15,8,5,15,15,10,85,38,47,44.71,35.7,66.7
3,10,15,8,5,15,15,15,85,47,38,55.29,45.5,66.7
3,10,15,8,5,30,8,8,82,47,35,57.32,46.2,83.3
3,10,15,8,5,30,8,10,82,50,32,60.98,46.2,83.3
3,10,15,8,5,30,8,15,82,56,26,68.29,53.8,83.3
3,10,15,8,5,30,10,8,82,41,41,50.00,38.5,66.7
3,10,15,8,5,30,10,10,82,44,38,53.66,38.5,71.4
3,10,15,8,5,30,10,15,82,50,32,60.98,46.2,73.3
3,10,15,8,5,30,15,8,81,28,53,34.57,21.4,50.0
3,10,15,8,5,30,15,10,81,31,50,38.27,28.6,66.7
3,10,15,8,5,30,15,15,80,39,41,48.75,38.5,66.7
3,10,15,8,10,0,8,8,76,40,36,52.63,33.3,83.3
3,10,15,8,10,0,8,10,76,47,29,61.84,40.0,83.3
3,10,15,8,10,0,8,15,76,52,24,68.42,53.3,83.3
3,10,15,8,10,0,10,8,76,32,44,42.11,9.1,83.3
3,10,15,8,10,0,10,10,76,40,36,52.63,33.3,83.3
3,10,15,8,10,0,10,15,76,45,31,59.21,36.4,83.3
3,10,15,8,10,0,15,8,75,25,50,33.33,9.1,66.7
3,10,15,8,10,0,15,10,75,34,41,45.33,20.0,68.8
3,10,15,8,10,0,15,15,75,38,37,50.67,33.3,68.8
3,10,15,8,10,15,8,8,62,32,30,51.61,30.0,70.0
3,10,15,8,10,15,8,10,62,36,26,58.06,40.0,75.0
3,10,15,8,10,15,8,15,62,41,21,66.13,42.9,83.3
3,10,15,8,10,15,10,8,62,28,34,45.16,20.0,66.7
3,10,15,8,10,15,10,10,62,31,31,50.00,25.0,75.0
3,10,15,8,10,15,10,15,62,37,25,59.68,25.0,83.3
3,10,15,8,10,15,15,8,62,24,38,38.71,20.0,50.0
3,10,15,8,10,15,15,10,62,27,35,43.55,25.0,58.3
3,10,15,8,10,15,15,15,62,33,29,53.23,25.0,75.0
3,10,15,8,10,30,8,8,59,30,29,50.85,25.0,90.0
3,10,15,8,10,30,8,10,58,35,23,60.34,50.0,100.0
3,10,15,8,10,30,8,15,58,37,21,63.79,50.0,100.0
3,10,15,8,10,30,10,8,59,27,32,45.76,20.0,80.0
3,10,15,8,10,30,10,10,58,32,26,55.17,25.0,90.0
3,10,15,8,10,30,10,15,58,35,23,60.34,25.0,100.0
3,10,15,8,10,30,15,8,59,19,40,32.20,10.0,60.0
3,10,15,8,10,30,15,10,58,22,36,37.93,25.0,70.0
3,10,15,8,10,30,15,15,58,27,31,46.55,25.0,80.0
3,10,15,15,0,0,8,8,96,41,55,42.71,29.4,62.5
3,10,15,15,0,0,8,10,96,50,46,52.08,41.2,62.5
3,10,15,15,0,0,8,15,96,65,31,67.71,62.5,80.0
3,10,15,15,0,0,10,8,96,37,59,38.54,23.5,62.5
3,10,15,15,0,0,10,10,96,46,50,47.92,35.3,62.5
3,10,15,15,0,0,10,15,96,61,35,63.54,58.8,75.0
3,10,15,15,0,0,15,8,95,28,67,29.47,17.6,50.0
3,10,15,15,0,0,15,10,95,36,59,37.89,23.5,57.1
3,10,15,15,0,0,15,15,95,52,43,54.74,46.7,71.4
3,10,15,15,0,15,8,8,75,44,31,58.67,38.9,100.0
3,10,15,15,0,15,8,10,75,49,26,65.33,50.0,100.0
3,10,15,15,0,15,8,15,75,55,20,73.33,63.6,100.0
3,10,15,15,0,15,10,8,75,37,38,49.33,36.4,66.7
3,10,15,15,0,15,10,10,75,42,33,56.00,36.4,71.4
3,10,15,15,0,15,10,15,75,48,27,64.00,36.4,71.4
3,10,15,15,0,15,15,8,74,29,45,39.19,27.8,57.1
3,10,15,15,0,15,15,10,74,34,40,45.95,35.7,64.3
3,10,15,15,0,15,15,15,74,40,34,54.05,36.4,71.4
3,10,15,15,0,30,8,8,68,37,31,54.41,35.3,81.8
3,10,15,15,0,30,8,10,68,39,29,57.35,40.0,90.9
3,10,15,15,0,30,8,15,68,46,22,67.65,50.0,90.9
3,10,15,15,0,30,10,8,68,34,34,50.00,28.6,81.8
3,10,15,15,0,30,10,10,68,37,31,54.41,35.7,90.9
3,10,15,15,0,30,10,15,68,44,24,64.71,42.9,90.9
3,10,15,15,0,30,15,8,68,26,42,38.24,20.0,63.6
3,10,15,15,0,30,15,10,68,29,39,42.65,20.0,72.7
3,10,15,15,0,30,15,15,67,36,31,53.73,35.7,81.8
3,10,15,15,5,0,8,8,62,32,30,51.61,20.0,100.0
3,10,15,15,5,0,8,10,62,34,28,54.84,20.0,100.0
3,10,15,15,5,0,8,15,62,42,20,67.74,40.0,100.0
3,10,15,15,5,0,10,8,62,28,34,45.16,20.0,83.3
3,10,15,15,5,0,10,10,62,30,32,48.39,20.0,83.3
3,10,15,15,5,0,10,15,62,38,24,61.29,25.0,83.3
3,10,15,15,5,0,15,8,62,21,41,33.87,20.0,42.9
3,10,15,15,5,0,15,10,62,23,39,37.10,20.0,57.1
3,10,15,15,5,0,15,15,62,32,30,51.61,25.0,64.3
3,10,15,15,5,15,8,8,60,25,35,41.67,16.7,60.0
3,10,15,15,5,15,8,10,60,28,32,46.67,16.7,70.0
3,10,15,15,5,15,8,15,60,37,23,61.67,25.0,90.0
3,10,15,15,5,15,10,8,60,23,37,38.33,16.7,60.0
3,10,15,15,5,15,10,10,60,25,35,41.67,16.7,70.0
3,10,15,15,5,15,10,15,60,34,26,56.67,25.0,90.0
3,10,15,15,5,15,15,8,60,15,45,25.00,11.1,40.0
3,10,15,15,5,15,15,10,60,18,42,30.00,16.7,50.0
3,10,15,15,5,15,15,15,60,29,31,48.33,25.0,70.0
3,10,15,15,5,30,8,8,52,25,27,48.08,25.0,100.0
3,10,15,15,5,30,8,10,52,27,25,51.92,25.0,100.0
3,10,15,15,5,30,8,15,52,32,20,61.54,25.0,100.0
3,10,15,15,5,30,10,8,52,22,30,42.31,22.2,100.0
3,10,15,15,5,30,10,10,52,24,28,46.15,25.0,100.0
3,10,15,15,5,30,10,15,52,29,23,55.77,25.0,100.0
3,10,15,15,5,30,15,8,52,15,37,28.85,11.1,66.7
3,10,15,15,5,30,15,10,52,17,35,32.69,22.2,66.7
3,10,15,15,5,30,15,15,52,24,28,46.15,25.0,100.0
3,10,15,15,10,0,8,8,50,23,27,46.00,11.1,100.0
3,10,15,15,10,0,8,10,50,26,24,52.00,22.2,100.0
3,10,15,15,10,0,8,15,50,32,18,64.00,33.3,100.0
3,10,15,15,10,0,10,8,50,21,29,42.00,11.1,100.0
3,10,15,15,10,0,10,10,50,24,26,48.00,11.1,100.0
3,10,15,15,10,0,10,15,50,31,19,62.00,33.3,100.0
3,10,15,15,10,0,15,8,50,13,37,26.00,0.0,66.7
3,10,15,15,10,0,15,10,50,16,34,32.00,0.0,66.7
3,10,15,15,10,0,15,15,50,23,27,46.00,22.2,100.0
3,10,15,15,10,15,8,8,39,21,18,53.85,40.0,100.0
3,10,15,15,10,15,8,10,39,21,18,53.85,40.0,100.0
3,10,15,15,10,15,8,15,39,26,13,66.67,50.0,100.0
3,10,15,15,10,15,10,8,39,19,20,48.72,33.3,100.0
3,10,15,15,10,15,10,10,39,20,19,51.28,33.3,100.0
3,10,15,15,10,15,10,15,39,23,16,58.97,50.0,100.0
3,10,15,15,10,15,15,8,39,16,23,41.03,33.3,100.0
3,10,15,15,10,15,15,10,39,16,23,41.03,33.3,100.0
3,10,15,15,10,15,15,15,39,21,18,53.85,45.5,100.0
3,10,15,15,10,30,8,8,36,22,14,61.11,50.0,100.0
3,10,15,15,10,30,8,10,36,22,14,61.11,50.0,100.0
3,10,15,15,10,30,8,15,36,23,13,63.89,50.0,100.0
3,10,15,15,10,30,10,8,36,18,18,50.00,33.3,100.0
3,10,15,15,10,30,10,10,36,18,18,50.00,33.3,100.0
3,10,15,15,10,30,10,15,36,19,17,52.78,33.3,100.0
3,10,15,15,10,30,15,8,36,15,21,41.67,0.0,100.0
3,10,15,15,10,30,15,10,36,16,20,44.44,0.0,100.0
3,10,15,15,10,30,15,15,36,17,19,47.22,0.0,100.0
3,10,25,0,0,0,8,8,635,305,330,48.03,35.9,55.4
3,10,25,0,0,0,8,10,634,337,297,53.15,48.7,59.0
3,10,25,0,0,0,8,15,629,403,226,64.07,59.0,67.9
3,10,25,0,0,0,10,8,634,273,361,43.06,34.6,51.8
3,10,25,0,0,0,10,10,633,304,329,48.03,45.5,54.2
3,10,25,0,0,0,10,15,628,369,259,58.76,53.2,63.9
3,10,25,0,0,0,15,8,633,213,420,33.65,23.1,39.7
3,10,25,0,0,0,15,10,632,246,386,38.92,33.3,43.4
3,10,25,0,0,0,15,15,627,312,315,49.76,44.9,55.4
3,10,25,0,0,15,8,8,402,203,199,50.50,40.5,61.1
3,10,25,0,0,15,8,10,402,223,179,55.47,48.1,64.8
3,10,25,0,0,15,8,15,400,260,140,65.00,59.0,75.9
3,10,25,0,0,15,10,8,401,185,216,46.13,33.3,53.7
3,10,25,0,0,15,10,10,401,206,195,51.37,42.9,61.7
3,10,25,0,0,15,10,15,399,243,156,60.90,54.3,68.9
3,10,25,0,0,15,15,8,401,141,260,35.16,21.4,46.3
3,10,25,0,0,15,15,10,401,158,243,39.40,28.6,48.1
3,10,25,0,0,15,15,15,399,194,205,48.62,41.5,57.7
3,10,25,0,0,30,8,8,333,164,169,49.25,43.5,57.4
3,10,25,0,0,30,8,10,332,178,154,53.61,48.3,64.3
3,10,25,0,0,30,8,15,330,208,122,63.03,56.3,71.4
3,10,25,0,0,30,10,8,333,143,190,42.94,34.8,50.0
3,10,25,0,0,30,10,10,332,158,174,47.59,40.2,61.9
3,10,25,0,0,30,10,15,330,186,144,56.36,50.6,66.7
3,10,25,0,0,30,15,8,333,114,219,34.23,20.6,45.2
3,10,25,0,0,30,15,10,332,127,205,38.25,23.5,54.8
3,10,25,0,0,30,15,15,330,155,175,46.97,35.3,59.5
3,10,25,0,5,0,8,8,298,136,162,45.64,37.9,54.8
3,10,25,0,5,0,8,10,298,152,146,51.01,44.4,61.9
3,10,25,0,5,0,8,15,297,181,116,60.94,51.7,72.4
3,10,25,0,5,0,10,8,298,122,176,40.94,31.0,52.4
3,10,25,0,5,0,10,10,298,138,160,46.31,37.9,59.5
3,10,25,0,5,0,10,15,297,168,129,56.57,48.3,69.0
3,10,25,0,5,0,15,8,298,96,202,32.21,17.2,47.6
3,10,25,0,5,0,15,10,298,108,190,36.24,20.7,50.0
3,10,25,0,5,0,15,15,296,137,159,46.28,32.1,57.1
3,10,25,0,5,15,8,8,204,99,105,48.53,38.5,64.5
3,10,25,0,5,15,8,10,204,103,101,50.49,46.2,64.5
3,10,25,0,5,15,8,15,203,129,74,63.55,53.8,77.4
3,10,25,0,5,15,10,8,204,94,110,46.08,38.5,61.3
3,10,25,0,5,15,10,10,204,96,108,47.06,39.4,61.3
3,10,25,0,5,15,10,15,203,118,85,58.13,50.0,69.2
3,10,25,0,5,15,15,8,204,75,129,36.76,28.6,51.6
3,10,25,0,5,15,15,10,204,77,127,37.75,28.6,51.6
3,10,25,0,5,15,15,15,203,99,104,48.77,42.9,61.3
3,10,25,0,5,30,8,8,176,89,87,50.57,38.7,72.0
3,10,25,0,5,30,8,10,176,96,80,54.55,41.9,72.0
3,10,25,0,5,30,8,15,175,116,59,66.29,48.4,84.0
3,10,25,0,5,30,10,8,176,82,94,46.59,36.4,68.0
3,10,25,0,5,30,10,10,176,89,87,50.57,40.0,72.0
3,10,25,0,5,30,10,15,175,106,69,60.57,45.5,80.0
3,10,25,0,5,30,15,8,176,64,112,36.36,27.3,56.0
3,10,25,0,5,30,15,10,176,70,106,39.77,32.3,60.0
3,10,25,0,5,30,15,15,175,86,89,49.14,38.7,72.0
3,10,25,0,10,0,8,8,160,78,82,48.75,30.8,60.0
3,10,25,0,10,0,8,10,160,87,73,54.37,30.8,70.4
3,10,25,0,10,0,8,15,160,100,60,62.50,38.5,75.0
3,10,25,0,10,0,10,8,160,72,88,45.00,23.1,60.0
3,10,25,0,10,0,10,10,160,82,78,51.25,23.1,70.4
3,10,25,0,10,0,10,15,160,92,68,57.50,30.8,75.0
3,10,25,0,10,0,15,8,160,57,103,35.63,23.1,45.0
3,10,25,0,10,0,15,10,160,65,95,40.63,23.1,55.6
3,10,25,0,10,0,15,15,160,78,82,48.75,30.8,59.3
3,10,25,0,10,15,8,8,118,58,60,49.15,35.7,60.0
3,10,25,0,10,15,8,10,118,68,50,57.63,35.7,76.2
3,10,25,0,10,15,8,15,118,76,42,64.41,42.9,85.7
3,10,25,0,10,15,10,8,118,53,65,44.92,28.6,53.8
3,10,25,0,10,15,10,10,118,65,53,55.08,33.3,76.2
3,10,25,0,10,15,10,15,118,71,47,60.17,42.9,81.0
3,10,25,0,10,15,15,8,117,41,76,35.04,21.4,46.7
3,10,25,0,10,15,15,10,117,51,66,43.59,28.6,60.0
3,10,25,0,10,15,15,15,117,60,57,51.28,35.7,71.4
3,10,25,0,10,30,8,8,98,54,44,55.10,33.3,100.0
3,10,25,0,10,30,8,10,98,59,39,60.20,33.3,100.0
3,10,25,0,10,30,8,15,98,66,32,67.35,50.0,100.0
3,10,25,0,10,30,10,8,98,51,47,52.04,33.3,100.0
3,10,25,0,10,30,10,10,98,56,42,57.14,33.3,100.0
3,10,25,0,10,30,10,15,98,65,33,66.33,50.0,100.0
3,10,25,0,10,30,15,8,97,34,63,35.05,16.7,100.0
3,10,25,0,10,30,15,10,97,38,59,39.18,16.7,100.0
3,10,25,0,10,30,15,15,97,52,45,53.61,33.3,100.0
3,10,25,8,0,0,8,8,193,90,103,46.63,26.7,56.3
3,10,25,8,0,0,8,10,193,102,91,52.85,40.0,62.5
3,10,25,8,0,0,8,15,192,123,69,64.06,46.7,76.2
3,10,25,8,0,0,10,8,193,82,111,42.49,20.0,53.1
3,10,25,8,0,0,10,10,193,92,101,47.67,26.7,59.4
3,10,25,8,0,0,10,15,192,112,80,58.33,33.3,75.0
3,10,25,8,0,0,15,8,193,65,128,33.68,20.0,46.9
3,10,25,8,0,0,15,10,193,75,118,38.86,26.7,53.1
3,10,25,8,0,0,15,15,192,95,97,49.48,33.3,61.9
3,10,25,8,0,15,8,8,143,76,67,53.15,40.0,63.6
3,10,25,8,0,15,8,10,143,87,56,60.84,40.0,77.3
3,10,25,8,0,15,8,15,143,92,51,64.34,40.0,81.0
3,10,25,8,0,15,10,8,143,65,78,45.45,30.0,59.1
3,10,25,8,0,15,10,10,143,75,68,52.45,30.0,68.2
3,10,25,8,0,15,10,15,143,81,62,56.64,40.0,71.4
3,10,25,8,0,15,15,8,143,50,93,34.97,18.8,50.0
3,10,25,8,0,15,15,10,143,61,82,42.66,20.0,63.6
3,10,25,8,0,15,15,15,143,68,75,47.55,30.0,68.2
3,10,25,8,0,30,8,8,123,64,59,52.03,37.5,70.6
3,10,25,8,0,30,8,10,123,69,54,56.10,37.5,78.9
3,10,25,8,0,30,8,15,123,80,43,65.04,50.0,82.4
3,10,25,8,0,30,10,8,123,61,62,49.59,37.5,70.6
3,10,25,8,0,30,10,10,123,66,57,53.66,37.5,76.5
3,10,25,8,0,30,10,15,123,75,48,60.98,50.0,76.5
3,10,25,8,0,30,15,8,123,45,78,36.59,23.1,52.9
3,10,25,8,0,30,15,10,123,51,72,41.46,25.0,70.6
3,10,25,8,0,30,15,15,123,61,62,49.59,38.5,70.6
3,10,25,8,5,0,8,8,119,50,69,42.02,25.0,56.0
3,10,25,8,5,0,8,10,119,60,59,50.42,25.0,60.9
3,10,25,8,5,0,8,15,119,72,47,60.50,25.0,72.0
3,10,25,8,5,0,10,8,119,44,75,36.97,25.0,44.0
3,10,25,8,5,0,10,10,119,54,65,45.38,25.0,60.9
3,10,25,8,5,0,10,15,119,67,52,56.30,25.0,69.6
3,10,25,8,5,0,15,8,119,36,83,30.25,25.0,33.3
3,10,25,8,5,0,15,10,118,44,74,37.29,25.0,53.3
3,10,25,8,5,0,15,15,118,55,63,46.61,25.0,60.9
3,10,25,8,5,15,8,8,81,47,34,58.02,41.7,100.0
3,10,25,8,5,15,8,10,81,56,25,69.14,58.3,100.0
3,10,25,8,5,15,8,15,81,62,19,76.54,69.6,100.0
3,10,25,8,5,15,10,8,81,43,38,53.09,33.3,100.0
3,10,25,8,5,15,10,10,81,52,29,64.20,50.0,100.0
3,10,25,8,5,15,10,15,81,58,23,71.60,65.2,100.0
3,10,25,8,5,15,15,8,80,31,49,38.75,25.0,100.0
3,10,25,8,5,15,15,10,80,38,42,47.50,33.3,100.0
3,10,25,8,5,15,15,15,80,49,31,61.25,50.0,100.0
3,10,25,8,5,30,8,8,76,44,32,57.89,44.4,100.0
3,10,25,8,5,30,8,10,76,49,27,64.47,58.3,100.0
3,10,25,8,5,30,8,15,76,55,21,72.37,62.5,100.0
3,10,25,8,5,30,10,8,76,38,38,50.00,33.3,100.0
3,10,25,8,5,30,10,10,76,42,34,55.26,45.8,100.0
3,10,25,8,5,30,10,15,76,50,26,65.79,50.0,100.0
3,10,25,8,5,30,15,8,75,27,48,36.00,22.2,100.0
3,10,25,8,5,30,15,10,75,30,45,40.00,31.3,100.0
3,10,25,8,5,30,15,15,75,42,33,56.00,45.8,100.0
3,10,25,8,10,0,8,8,75,41,34,54.67,23.1,100.0
3,10,25,8,10,0,8,10,75,48,27,64.00,38.5,100.0
3,10,25,8,10,0,8,15,75,52,23,69.33,46.2,100.0
3,10,25,8,10,0,10,8,75,36,39,48.00,23.1,100.0
3,10,25,8,10,0,10,10,75,42,33,56.00,38.5,100.0
3,10,25,8,10,0,10,15,75,48,27,64.00,46.2,100.0
3,10,25,8,10,0,15,8,74,25,49,33.78,15.4,66.7
3,10,25,8,10,0,15,10,74,32,42,43.24,23.1,66.7
3,10,25,8,10,0,15,15,73,38,35,52.05,30.8,100.0
3,10,25,8,10,15,8,8,55,30,25,54.55,38.5,100.0
3,10,25,8,10,15,8,10,55,34,21,61.82,46.2,100.0
3,10,25,8,10,15,8,15,55,35,20,63.64,46.2,100.0
3,10,25,8,10,15,10,8,55,28,27,50.91,37.5,100.0
3,10,25,8,10,15,10,10,55,30,25,54.55,37.5,100.0
3,10,25,8,10,15,10,15,55,31,24,56.36,37.5,100.0
3,10,25,8,10,15,15,8,55,23,32,41.82,25.0,53.8
3,10,25,8,10,15,15,10,55,25,30,45.45,25.0,61.5
3,10,25,8,10,15,15,15,54,27,27,50.00,33.3,100.0
3,10,25,8,10,30,8,8,49,25,24,51.02,25.0,100.0
3,10,25,8,10,30,8,10,49,30,19,61.22,44.4,100.0
3,10,25,8,10,30,8,15,49,35,14,71.43,50.0,100.0
3,10,25,8,10,30,10,8,49,23,26,46.94,25.0,100.0
3,10,25,8,10,30,10,10,49,28,21,57.14,37.5,100.0
3,10,25,8,10,30,10,15,49,33,16,67.35,50.0,100.0
3,10,25,8,10,30,15,8,49,19,30,38.78,12.5,100.0
3,10,25,8,10,30,15,10,49,23,26,46.94,22.2,100.0
3,10,25,8,10,30,15,15,49,29,20,59.18,33.3,100.0
3,10,25,15,0,0,8,8,93,43,50,46.24,33.3,100.0
3,10,25,15,0,0,8,10,93,46,47,49.46,43.8,100.0
3,10,25,15,0,0,8,15,93,58,35,62.37,54.5,100.0
3,10,25,15,0,0,10,8,92,37,55,40.22,20.0,100.0
3,10,25,15,0,0,10,10,92,40,52,43.48,30.0,100.0
3,10,25,15,0,0,10,15,92,52,40,56.52,40.0,100.0
3,10,25,15,0,0,15,8,92,30,62,32.61,10.0,100.0
3,10,25,15,0,0,15,10,92,32,60,34.78,20.0,100.0
3,10,25,15,0,0,15,15,92,46,46,50.00,40.0,100.0
3,10,25,15,0,15,8,8,67,41,26,61.19,38.9,100.0
3,10,25,15,0,15,8,10,67,43,24,64.18,44.4,100.0
3,10,25,15,0,15,8,15,67,49,18,73.13,55.6,100.0
3,10,25,15,0,15,10,8,67,37,30,55.22,38.9,100.0
3,10,25,15,0,15,10,10,67,39,28,58.21,44.4,100.0
3,10,25,15,0,15,10,15,67,45,22,67.16,50.0,100.0
3,10,25,15,0,15,15,8,66,29,37,43.94,33.3,100.0
3,10,25,15,0,15,15,10,66,30,36,45.45,33.3,100.0
3,10,25,15,0,15,15,15,66,39,27,59.09,50.0,100.0
3,10,25,15,0,30,8,8,62,37,25,59.68,35.3,100.0
3,10,25,15,0,30,8,10,62,40,22,64.52,41.2,100.0
3,10,25,15,0,30,8,15,62,45,17,72.58,50.0,100.0
3,10,25,15,0,30,10,8,62,35,27,56.45,25.0,100.0
3,10,25,15,0,30,10,10,62,38,24,61.29,41.2,100.0
3,10,25,15,0,30,10,15,62,43,19,69.35,50.0,100.0
3,10,25,15,0,30,15,8,62,27,35,43.55,25.0,100.0
3,10,25,15,0,30,15,10,62,30,32,48.39,33.3,100.0
3,10,25,15,0,30,15,15,62,37,25,59.68,50.0,100.0
3,10,25,15,5,0,8,8,64,34,30,53.13,23.1,100.0
3,10,25,15,5,0,8,10,64,36,28,56.25,23.1,100.0
3,10,25,15,5,0,8,15,64,41,23,64.06,46.2,100.0
3,10,25,15,5,0,10,8,63,29,34,46.03,23.1,100.0
3,10,25,15,5,0,10,10,63,29,34,46.03,23.1,100.0
3,10,25,15,5,0,10,15,63,35,28,55.56,40.0,100.0
3,10,25,15,5,0,15,8,63,22,41,34.92,15.4,57.1
3,10,25,15,5,0,15,10,63,23,40,36.51,15.4,57.1
3,10,25,15,5,0,15,15,62,30,32,48.39,30.8,100.0
3,10,25,15,5,15,8,8,51,25,26,49.02,16.7,100.0
3,10,25,15,5,15,8,10,51,29,22,56.86,16.7,100.0
3,10,25,15,5,15,8,15,51,33,18,64.71,33.3,100.0
3,10,25,15,5,15,10,8,51,23,28,45.10,16.7,100.0
3,10,25,15,5,15,10,10,51,26,25,50.98,16.7,100.0
3,10,25,15,5,15,10,15,51,31,20,60.78,33.3,100.0
3,10,25,15,5,15,15,8,51,18,33,35.29,12.5,66.7
3,10,25,15,5,15,15,10,51,21,30,41.18,16.7,66.7
3,10,25,15,5,15,15,15,50,27,23,54.00,33.3,100.0
3,10,25,15,5,30,8,8,47,20,27,42.55,33.3,100.0
3,10,25,15,5,30,8,10,46,23,23,50.00,33.3,100.0
3,10,25,15,5,30,8,15,46,30,16,65.22,40.0,100.0
3,10,25,15,5,30,10,8,47,18,29,38.30,30.0,100.0
3,10,25,15,5,30,10,10,46,21,25,45.65,30.8,100.0
3,10,25,15,5,30,10,15,46,28,18,60.87,40.0,100.0
3,10,25,15,5,30,15,8,47,14,33,29.79,22.2,50.0
3,10,25,15,5,30,15,10,46,16,30,34.78,22.2,50.0
3,10,25,15,5,30,15,15,45,22,23,48.89,33.3,100.0
3,10,25,15,10,0,8,8,47,25,22,53.19,33.3,100.0
3,10,25,15,10,0,8,10,47,27,20,57.45,33.3,100.0
3,10,25,15,10,0,8,15,47,30,17,63.83,33.3,100.0
3,10,25,15,10,0,10,8,47,22,25,46.81,25.0,100.0
3,10,25,15,10,0,10,10,47,25,22,53.19,25.0,100.0
3,10,25,15,10,0,10,15,47,29,18,61.70,33.3,100.0
3,10,25,15,10,0,15,8,47,19,28,40.43,25.0,61.5
3,10,25,15,10,0,15,10,47,22,25,46.81,25.0,69.2
3,10,25,15,10,0,15,15,47,26,21,55.32,33.3,70.0
3,10,25,15,10,15,8,8,35,21,14,60.00,33.3,100.0
3,10,25,15,10,15,8,10,35,21,14,60.00,33.3,100.0
3,10,25,15,10,15,8,15,35,25,10,71.43,33.3,100.0
3,10,25,15,10,15,10,8,35,20,15,57.14,33.3,77.8
3,10,25,15,10,15,10,10,35,20,15,57.14,33.3,77.8
3,10,25,15,10,15,10,15,35,23,12,65.71,33.3,88.9
3,10,25,15,10,15,15,8,35,16,19,45.71,0.0,77.8
3,10,25,15,10,15,15,10,35,16,19,45.71,0.0,77.8
3,10,25,15,10,15,15,15,34,20,14,58.82,0.0,88.9
3,10,25,15,10,30,8,8,33,23,10,69.70,33.3,100.0
3,10,25,15,10,30,8,10,33,23,10,69.70,33.3,100.0
3,10,25,15,10,30,8,15,33,23,10,69.70,33.3,100.0
3,10,25,15,10,30,10,8,33,18,15,54.55,0.0,100.0
3,10,25,15,10,30,10,10,33,19,14,57.58,0.0,100.0
3,10,25,15,10,30,10,15,33,20,13,60.61,0.0,100.0
3,10,25,15,10,30,15,8,33,14,19,42.42,0.0,66.7
3,10,25,15,10,30,15,10,33,15,18,45.45,0.0,83.3
3,10,25,15,10,30,15,15,33,16,17,48.48,0.0,83.3
3,10,35,0,0,0,8,8,631,304,327,48.18,35.9,54.1
3,10,35,0,0,0,8,10,630,336,294,53.33,48.7,57.6
3,10,35,0,0,0,8,15,625,401,224,64.16,58.8,69.7
3,10,35,0,0,0,10,8,630,272,358,43.17,34.6,49.4
3,10,35,0,0,0,10,10,629,303,326,48.17,45.8,51.8
3,10,35,0,0,0,10,15,624,367,257,58.81,53.6,64.5
3,10,35,0,0,0,15,8,629,211,418,33.55,23.1,40.8
3,10,35,0,0,0,15,10,628,243,385,38.69,33.3,43.4
3,10,35,0,0,0,15,15,623,310,313,49.76,44.9,55.4
3,10,35,0,0,15,8,8,408,202,206,49.51,40.5,59.3
3,10,35,0,0,15,8,10,408,223,185,54.66,48.1,63.0
3,10,35,0,0,15,8,15,406,261,145,64.29,59.8,74.1
3,10,35,0,0,15,10,8,407,184,223,45.21,33.3,54.2
3,10,35,0,0,15,10,10,407,205,202,50.37,42.9,60.4
3,10,35,0,0,15,10,15,405,244,161,60.25,55.1,67.4
3,10,35,0,0,15,15,8,407,139,268,34.15,21.4,44.4
3,10,35,0,0,15,15,10,407,157,250,38.57,28.6,46.3
3,10,35,0,0,15,15,15,405,194,211,47.90,41.8,57.4
3,10,35,0,0,30,8,8,332,165,167,49.70,44.1,57.4
3,10,35,0,0,30,8,10,331,179,152,54.08,47.1,65.9
3,10,35,0,0,30,8,15,329,208,121,63.22,54.0,73.2
3,10,35,0,0,30,10,8,332,143,189,43.07,36.2,51.2
3,10,35,0,0,30,10,10,331,158,173,47.73,39.1,63.4
3,10,35,0,0,30,10,15,329,185,144,56.23,48.3,68.3
3,10,35,0,0,30,15,8,332,114,218,34.34,20.6,43.9
3,10,35,0,0,30,15,10,331,127,204,38.37,23.5,53.7
3,10,35,0,0,30,15,15,329,155,174,47.11,35.3,58.5
3,10,35,0,5,0,8,8,300,133,167,44.33,37.9,54.3
3,10,35,0,5,0,8,10,300,150,150,50.00,43.5,58.5
3,10,35,0,5,0,8,15,299,179,120,59.87,51.7,70.0
3,10,35,0,5,0,10,8,300,121,179,40.33,31.0,51.2
3,10,35,0,5,0,10,10,300,137,163,45.67,37.9,58.5
3,10,35,0,5,0,10,15,299,168,131,56.19,48.3,68.3
3,10,35,0,5,0,15,8,300,93,207,31.00,17.2,43.9
3,10,35,0,5,0,15,10,300,106,194,35.33,20.7,46.3
3,10,35,0,5,0,15,15,298,136,162,45.64,32.1,53.7
3,10,35,0,5,15,8,8,202,98,104,48.51,42.3,63.3
3,10,35,0,5,15,8,10,202,103,99,50.99,45.3,66.7
3,10,35,0,5,15,8,15,201,126,75,62.69,50.9,80.0
3,10,35,0,5,15,10,8,202,92,110,45.54,38.5,60.0
3,10,35,0,5,15,10,10,202,95,107,47.03,39.4,63.3
3,10,35,0,5,15,10,15,201,116,85,57.71,49.1,70.0
3,10,35,0,5,15,15,8,202,73,129,36.14,28.6,46.7
3,10,35,0,5,15,15,10,202,76,126,37.62,28.6,50.0
3,10,35,0,5,15,15,15,201,97,104,48.26,42.1,60.0
3,10,35,0,5,30,8,8,177,87,90,49.15,38.7,70.8
3,10,35,0,5,30,8,10,177,94,83,53.11,41.9,70.8
3,10,35,0,5,30,8,15,176,114,62,64.77,48.4,83.3
3,10,35,0,5,30,10,8,177,79,98,44.63,36.4,66.7
3,10,35,0,5,30,10,10,177,86,91,48.59,39.1,70.8
3,10,35,0,5,30,10,15,176,103,73,58.52,45.5,79.2
3,10,35,0,5,30,15,8,177,63,114,35.59,27.3,54.2
3,10,35,0,5,30,15,10,177,69,108,38.98,31.8,58.3
3,10,35,0,5,30,15,15,176,85,91,48.30,38.7,70.8
3,10,35,0,10,0,8,8,156,78,78,50.00,30.8,63.2
3,10,35,0,10,0,8,10,156,85,71,54.49,30.8,68.4
3,10,35,0,10,0,8,15,156,97,59,62.18,38.5,70.4
3,10,35,0,10,0,10,8,156,72,84,46.15,23.1,63.2
3,10,35,0,10,0,10,10,156,81,75,51.92,23.1,68.4
3,10,35,0,10,0,10,15,156,90,66,57.69,30.8,70.4
3,10,35,0,10,0,15,8,156,57,99,36.54,23.1,52.6
3,10,35,0,10,0,15,10,156,64,92,41.03,23.1,52.6
3,10,35,0,10,0,15,15,156,77,79,49.36,30.8,55.6
3,10,35,0,10,15,8,8,119,54,65,45.38,16.7,57.1
3,10,35,0,10,15,8,10,119,66,53,55.46,16.7,71.4
3,10,35,0,10,15,8,15,119,74,45,62.18,33.3,81.0
3,10,35,0,10,15,10,8,119,48,71,40.34,16.7,54.5
3,10,35,0,10,15,10,10,119,61,58,51.26,16.7,71.4
3,10,35,0,10,15,10,15,119,69,50,57.98,33.3,76.2
3,10,35,0,10,15,15,8,118,35,83,29.66,16.7,39.3
3,10,35,0,10,15,15,10,118,46,72,38.98,16.7,52.4
3,10,35,0,10,15,15,15,118,56,62,47.46,16.7,66.7
3,10,35,0,10,30,8,8,97,48,49,49.48,33.3,100.0
3,10,35,0,10,30,8,10,97,55,42,56.70,33.3,100.0
3,10,35,0,10,30,8,15,97,64,33,65.98,50.0,100.0
3,10,35,0,10,30,10,8,97,46,51,47.42,33.3,100.0
3,10,35,0,10,30,10,10,97,53,44,54.64,33.3,100.0
3,10,35,0,10,30,10,15,97,64,33,65.98,50.0,100.0
3,10,35,0,10,30,15,8,96,29,67,30.21,16.7,100.0
3,10,35,0,10,30,15,10,96,35,61,36.46,16.7,100.0
3,10,35,0,10,30,15,15,96,51,45,53.13,33.3,100.0
3,10,35,8,0,0,8,8,190,92,98,48.42,26.7,57.6
3,10,35,8,0,0,8,10,190,103,87,54.21,40.0,60.9
3,10,35,8,0,0,8,15,189,123,66,65.08,46.7,73.9
3,10,35,8,0,0,10,8,190,84,106,44.21,20.0,54.5
3,10,35,8,0,0,10,10,190,92,98,48.42,26.7,55.2
3,10,35,8,0,0,10,15,189,111,78,58.73,33.3,72.0
3,10,35,8,0,0,15,8,190,67,123,35.26,20.0,48.5
3,10,35,8,0,0,15,10,190,75,115,39.47,26.7,48.5
3,10,35,8,0,0,15,15,189,95,94,50.26,33.3,56.5
3,10,35,8,0,15,8,8,140,71,69,50.71,33.3,63.6
3,10,35,8,0,15,8,10,140,80,60,57.14,33.3,72.7
3,10,35,8,0,15,8,15,140,89,51,63.57,33.3,77.3
3,10,35,8,0,15,10,8,140,62,78,44.29,25.0,59.1
3,10,35,8,0,15,10,10,140,70,70,50.00,25.0,63.6
3,10,35,8,0,15,10,15,140,79,61,56.43,33.3,68.2
3,10,35,8,0,15,15,8,140,49,91,35.00,18.8,50.0
3,10,35,8,0,15,15,10,140,58,82,41.43,25.0,59.1
3,10,35,8,0,15,15,15,140,68,72,48.57,33.3,63.6
3,10,35,8,0,30,8,8,119,61,58,51.26,37.5,65.0
3,10,35,8,0,30,8,10,119,66,53,55.46,37.5,75.0
3,10,35,8,0,30,8,15,119,77,42,64.71,50.0,76.5
3,10,35,8,0,30,10,8,119,57,62,47.90,37.5,64.7
3,10,35,8,0,30,10,10,119,63,56,52.94,37.5,70.6
3,10,35,8,0,30,10,15,119,71,48,59.66,50.0,70.6
3,10,35,8,0,30,15,8,119,41,78,34.45,23.1,47.1
3,10,35,8,0,30,15,10,119,48,71,40.34,25.0,64.7
3,10,35,8,0,30,15,15,119,57,62,47.90,33.3,64.7
3,10,35,8,5,0,8,8,119,47,72,39.50,25.0,54.5
3,10,35,8,5,0,8,10,119,55,64,46.22,25.0,59.1
3,10,35,8,5,0,8,15,119,70,49,58.82,25.0,72.7
3,10,35,8,5,0,10,8,119,42,77,35.29,25.0,45.5
3,10,35,8,5,0,10,10,119,50,69,42.02,25.0,56.5
3,10,35,8,5,0,10,15,119,65,54,54.62,25.0,66.7
3,10,35,8,5,0,15,8,119,35,84,29.41,16.7,36.4
3,10,35,8,5,0,15,10,118,41,77,34.75,18.2,47.8
3,10,35,8,5,0,15,15,118,56,62,47.46,25.0,60.9
3,10,35,8,5,15,8,8,78,42,36,53.85,30.8,100.0
3,10,35,8,5,15,8,10,78,52,26,66.67,53.8,100.0
3,10,35,8,5,15,8,15,78,58,20,74.36,66.7,100.0
3,10,35,8,5,15,10,8,78,36,42,46.15,23.1,100.0
3,10,35,8,5,15,10,10,78,46,32,58.97,46.2,100.0
3,10,35,8,5,15,10,15,78,53,25,67.95,57.1,100.0
3,10,35,8,5,15,15,8,77,26,51,33.77,15.4,100.0
3,10,35,8,5,15,15,10,77,34,43,44.16,30.8,100.0
3,10,35,8,5,15,15,15,77,46,31,59.74,46.2,100.0
3,10,35,8,5,30,8,8,70,35,35,50.00,33.3,100.0
3,10,35,8,5,30,8,10,70,39,31,55.71,38.1,100.0
3,10,35,8,5,30,8,15,70,48,22,68.57,57.1,100.0
3,10,35,8,5,30,10,8,70,29,41,41.43,28.6,100.0
3,10,35,8,5,30,10,10,70,33,37,47.14,33.3,100.0
3,10,35,8,5,30,10,15,70,43,27,61.43,37.5,100.0
3,10,35,8,5,30,15,8,69,21,48,30.43,20.0,100.0
3,10,35,8,5,30,15,10,69,24,45,34.78,28.6,100.0
3,10,35,8,5,30,15,15,69,36,33,52.17,28.6,100.0
3,10,35,8,10,0,8,8,72,34,38,47.22,21.4,100.0
3,10,35,8,10,0,8,10,72,40,32,55.56,35.7,100.0
3,10,35,8,10,0,8,15,72,46,26,63.89,42.9,100.0
3,10,35,8,10,0,10,8,72,30,42,41.67,21.4,100.0
3,10,35,8,10,0,10,10,72,35,37,48.61,35.3,100.0
3,10,35,8,10,0,10,15,72,44,28,61.11,42.9,100.0
3,10,35,8,10,0,15,8,71,22,49,30.99,14.3,57.1
3,10,35,8,10,0,15,10,71,27,44,38.03,21.4,63.6
3,10,35,8,10,0,15,15,70,36,34,51.43,28.6,100.0
3,10,35,8,10,15,8,8,48,24,24,50.00,0.0,100.0
3,10,35,8,10,15,8,10,48,30,18,62.50,33.3,100.0
3,10,35,8,10,15,8,15,48,32,16,66.67,33.3,100.0
3,10,35,8,10,15,10,8,48,24,24,50.00,0.0,100.0
3,10,35,8,10,15,10,10,48,29,19,60.42,33.3,100.0
3,10,35,8,10,15,10,15,48,31,17,64.58,33.3,100.0
3,10,35,8,10,15,15,8,48,18,30,37.50,0.0,55.6
3,10,35,8,10,15,15,10,48,23,25,47.92,33.3,66.7
3,10,35,8,10,15,15,15,47,25,22,53.19,33.3,100.0
3,10,35,8,10,30,8,8,42,21,21,50.00,16.7,100.0
3,10,35,8,10,30,8,10,42,24,18,57.14,33.3,100.0
3,10,35,8,10,30,8,15,42,27,15,64.29,33.3,100.0
3,10,35,8,10,30,10,8,42,20,22,47.62,16.7,100.0
3,10,35,8,10,30,10,10,42,23,19,54.76,33.3,100.0
3,10,35,8,10,30,10,15,42,27,15,64.29,33.3,100.0
3,10,35,8,10,30,15,8,42,17,25,40.48,16.7,100.0
3,10,35,8,10,30,15,10,42,19,23,45.24,25.0,100.0
3,10,35,8,10,30,15,15,42,24,18,57.14,33.3,100.0
3,10,35,15,0,0,8,8,95,42,53,44.21,35.0,100.0
3,10,35,15,0,0,8,10,95,46,49,48.42,40.0,100.0
3,10,35,15,0,0,8,15,95,59,36,62.11,56.3,100.0
3,10,35,15,0,0,10,8,94,36,58,38.30,29.4,100.0
3,10,35,15,0,0,10,10,94,40,54,42.55,33.3,100.0
3,10,35,15,0,0,10,15,94,53,41,56.38,44.4,100.0
3,10,35,15,0,0,15,8,94,29,65,30.85,20.0,100.0
3,10,35,15,0,0,15,10,94,32,62,34.04,22.2,100.0
3,10,35,15,0,0,15,15,94,44,50,46.81,33.3,100.0
3,10,35,15,0,15,8,8,58,33,25,56.90,25.0,100.0
3,10,35,15,0,15,8,10,58,35,23,60.34,31.3,100.0
3,10,35,15,0,15,8,15,58,42,16,72.41,56.3,100.0
3,10,35,15,0,15,10,8,58,28,30,48.28,25.0,100.0
3,10,35,15,0,15,10,10,58,30,28,51.72,31.3,100.0
3,10,35,15,0,15,10,15,58,37,21,63.79,50.0,100.0
3,10,35,15,0,15,15,8,58,24,34,41.38,25.0,100.0
3,10,35,15,0,15,15,10,58,25,33,43.10,31.3,100.0
3,10,35,15,0,15,15,15,58,34,24,58.62,50.0,100.0
3,10,35,15,0,30,8,8,58,32,26,55.17,31.3,100.0
3,10,35,15,0,30,8,10,58,35,23,60.34,43.8,100.0
3,10,35,15,0,30,8,15,58,39,19,67.24,50.0,100.0
3,10,35,15,0,30,10,8,58,30,28,51.72,31.3,100.0
3,10,35,15,0,30,10,10,58,33,25,56.90,33.3,100.0
3,10,35,15,0,30,10,15,58,37,21,63.79,50.0,100.0
3,10,35,15,0,30,15,8,58,24,34,41.38,25.0,100.0
3,10,35,15,0,30,15,10,58,27,31,46.55,33.3,100.0
3,10,35,15,0,30,15,15,58,32,26,55.17,41.7,100.0
3,10,35,15,5,0,8,8,55,31,24,56.36,40.0,100.0
3,10,35,15,5,0,8,10,55,34,21,61.82,42.9,100.0
3,10,35,15,5,0,8,15,55,37,18,67.27,53.3,100.0
3,10,35,15,5,0,10,8,54,27,27,50.00,28.6,100.0
3,10,35,15,5,0,10,10,54,28,26,51.85,28.6,100.0
3,10,35,15,5,0,10,15,54,32,22,59.26,40.0,100.0
3,10,35,15,5,0,15,8,54,19,35,35.19,14.3,50.0
3,10,35,15,5,0,15,10,54,22,32,40.74,14.3,60.0
3,10,35,15,5,0,15,15,53,28,25,52.83,28.6,100.0
3,10,35,15,5,15,8,8,44,19,25,43.18,16.7,100.0
3,10,35,15,5,15,8,10,44,20,24,45.45,16.7,100.0
3,10,35,15,5,15,8,15,44,25,19,56.82,33.3,100.0
3,10,35,15,5,15,10,8,44,18,26,40.91,16.7,100.0
3,10,35,15,5,15,10,10,44,19,25,43.18,16.7,100.0
3,10,35,15,5,15,10,15,44,24,20,54.55,33.3,100.0
3,10,35,15,5,15,15,8,44,15,29,34.09,16.7,66.7
3,10,35,15,5,15,15,10,44,16,28,36.36,16.7,66.7
3,10,35,15,5,15,15,15,43,21,22,48.84,33.3,100.0
3,10,35,15,5,30,8,8,42,17,25,40.48,16.7,100.0
3,10,35,15,5,30,8,10,41,19,22,46.34,33.3,100.0
3,10,35,15,5,30,8,15,41,23,18,56.10,33.3,100.0
3,10,35,15,5,30,10,8,42,16,26,38.10,16.7,100.0
3,10,35,15,5,30,10,10,41,18,23,43.90,33.3,100.0
3,10,35,15,5,30,10,15,41,22,19,53.66,33.3,100.0
3,10,35,15,5,30,15,8,42,13,29,30.95,16.7,50.0
3,10,35,15,5,30,15,10,41,15,26,36.59,25.0,50.0
3,10,35,15,5,30,15,15,40,19,21,47.50,33.3,100.0
3,10,35,15,10,0,8,8,44,21,23,47.73,28.6,100.0
3,10,35,15,10,0,8,10,44,24,20,54.55,33.3,100.0
3,10,35,15,10,0,8,15,43,26,17,60.47,33.3,100.0
3,10,35,15,10,0,10,8,44,16,28,36.36,16.7,100.0
3,10,35,15,10,0,10,10,44,20,24,45.45,16.7,100.0
3,10,35,15,10,0,10,15,43,24,19,55.81,33.3,100.0
3,10,35,15,10,0,15,8,44,14,30,31.82,14.3,50.0
3,10,35,15,10,0,15,10,44,17,27,38.64,16.7,53.8
3,10,35,15,10,0,15,15,43,20,23,46.51,28.6,71.4
3,10,35,15,10,15,8,8,32,16,16,50.00,25.0,100.0
3,10,35,15,10,15,8,10,32,16,16,50.00,25.0,100.0
3,10,35,15,10,15,8,15,32,22,10,68.75,40.0,100.0
3,10,35,15,10,15,10,8,32,14,18,43.75,25.0,62.5
3,10,35,15,10,15,10,10,32,14,18,43.75,25.0,62.5
3,10,35,15,10,15,10,15,32,19,13,59.38,40.0,75.0
3,10,35,15,10,15,15,8,32,13,19,40.63,0.0,62.5
3,10,35,15,10,15,15,10,32,13,19,40.63,0.0,62.5
3,10,35,15,10,15,15,15,31,18,13,58.06,0.0,75.0
3,10,35,15,10,30,8,8,34,19,15,55.88,25.0,83.3
3,10,35,15,10,30,8,10,34,19,15,55.88,25.0,83.3
3,10,35,15,10,30,8,15,34,21,13,61.76,25.0,83.3
3,10,35,15,10,30,10,8,34,16,18,47.06,0.0,83.3
3,10,35,15,10,30,10,10,34,17,17,50.00,0.0,83.3
3,10,35,15,10,30,10,15,34,19,15,55.88,0.0,83.3
3,10,35,15,10,30,15,8,34,12,22,35.29,0.0,50.0
3,10,35,15,10,30,15,10,34,13,21,38.24,0.0,66.7
3,10,35,15,10,30,15,15,34,15,19,44.12,0.0,66.7
3,15,15,0,0,0,8,8,597,290,307,48.58,32.9,61.6
3,15,15,0,0,0,8,10,596,327,269,54.87,47.9,64.4
3,15,15,0,0,0,8,15,591,393,198,66.50,58.9,74.0
3,15,15,0,0,0,10,8,596,248,348,41.61,31.5,54.8
3,15,15,0,0,0,10,10,595,287,308,48.24,44.0,58.9
3,15,15,0,0,0,10,15,590,356,234,60.34,54.8,68.5
3,15,15,0,0,0,15,8,595,191,404,32.10,20.5,40.0
3,15,15,0,0,0,15,10,594,228,366,38.38,31.5,45.3
3,15,15,0,0,0,15,15,589,297,292,50.42,43.8,57.5
3,15,15,0,0,15,8,8,389,199,190,51.16,44.2,56.3
3,15,15,0,0,15,8,10,389,217,172,55.78,48.6,62.5
3,15,15,0,0,15,8,15,387,253,134,65.37,59.4,71.7
3,15,15,0,0,15,10,8,388,177,211,45.62,37.1,53.2
3,15,15,0,0,15,10,10,388,196,192,50.52,40.0,61.7
3,15,15,0,0,15,10,15,386,235,151,60.88,54.3,68.9
3,15,15,0,0,15,15,8,388,137,251,35.31,25.7,40.4
3,15,15,0,0,15,15,10,388,151,237,38.92,25.7,46.2
3,15,15,0,0,15,15,15,386,189,197,48.96,42.9,61.5
3,15,15,0,0,30,8,8,325,159,166,48.92,42.2,58.3
3,15,15,0,0,30,8,10,324,172,152,53.09,47.7,58.3
3,15,15,0,0,30,8,15,322,204,118,63.35,57.0,70.8
3,15,15,0,0,30,10,8,325,139,186,42.77,35.6,50.0
3,15,15,0,0,30,10,10,324,153,171,47.22,38.4,55.8
3,15,15,0,0,30,10,15,322,185,137,57.45,50.0,65.7
3,15,15,0,0,30,15,8,325,112,213,34.46,26.9,41.9
3,15,15,0,0,30,15,10,324,125,199,38.58,26.9,48.8
3,15,15,0,0,30,15,15,322,158,164,49.07,38.5,55.8
3,15,15,0,5,0,8,8,294,129,165,43.88,33.3,50.0
3,15,15,0,5,0,8,10,294,145,149,49.32,37.5,56.7
3,15,15,0,5,0,8,15,293,175,118,59.73,45.8,72.4
3,15,15,0,5,0,10,8,294,118,176,40.14,29.2,46.7
3,15,15,0,5,0,10,10,294,134,160,45.58,33.3,53.3
3,15,15,0,5,0,10,15,293,163,130,55.63,45.8,65.5
3,15,15,0,5,0,15,8,294,95,199,32.31,20.8,38.6
3,15,15,0,5,0,15,10,294,109,185,37.07,20.8,45.5
3,15,15,0,5,0,15,15,292,136,156,46.58,30.4,52.3
3,15,15,0,5,15,8,8,204,97,107,47.55,38.5,57.1
3,15,15,0,5,15,8,10,204,102,102,50.00,43.9,60.7
3,15,15,0,5,15,8,15,203,124,79,61.08,50.9,76.9
3,15,15,0,5,15,10,8,204,92,112,45.10,38.5,53.6
3,15,15,0,5,15,10,10,204,97,107,47.55,40.4,57.1
3,15,15,0,5,15,10,15,203,115,88,56.65,49.1,73.1
3,15,15,0,5,15,15,8,204,74,130,36.27,34.6,39.3
3,15,15,0,5,15,15,10,204,80,124,39.22,34.6,46.4
3,15,15,0,5,15,15,15,203,97,106,47.78,42.3,57.7
3,15,15,0,5,30,8,8,167,86,81,51.50,40.0,62.5
3,15,15,0,5,30,8,10,167,92,75,55.09,40.0,70.0
3,15,15,0,5,30,8,15,166,107,59,64.46,50.0,80.0
3,15,15,0,5,30,10,8,167,80,87,47.90,30.0,58.3
3,15,15,0,5,30,10,10,167,86,81,51.50,30.0,70.0
3,15,15,0,5,30,10,15,166,99,67,59.64,30.0,80.0
3,15,15,0,5,30,15,8,167,65,102,38.92,27.8,45.8
3,15,15,0,5,30,15,10,167,71,96,42.51,30.0,55.0
3,15,15,0,5,30,15,15,166,83,83,50.00,30.0,66.7
3,15,15,0,10,0,8,8,155,80,75,51.61,42.1,60.0
3,15,15,0,10,0,8,10,155,89,66,57.42,47.4,70.0
3,15,15,0,10,0,8,15,155,96,59,61.94,50.0,75.0
3,15,15,0,10,0,10,8,155,75,80,48.39,25.0,60.0
3,15,15,0,10,0,10,10,155,85,70,54.84,25.0,70.0
3,15,15,0,10,0,10,15,155,93,62,60.00,37.5,75.0
3,15,15,0,10,0,15,8,155,63,92,40.65,25.0,50.0
3,15,15,0,10,0,15,10,155,71,84,45.81,25.0,55.0
3,15,15,0,10,0,15,15,155,81,74,52.26,37.5,60.0
3,15,15,0,10,15,8,8,117,60,57,51.28,35.7,80.0
3,15,15,0,10,15,8,10,117,73,44,62.39,35.7,80.0
3,15,15,0,10,15,8,15,117,79,38,67.52,42.9,85.0
3,15,15,0,10,15,10,8,117,56,61,47.86,28.6,80.0
3,15,15,0,10,15,10,10,117,69,48,58.97,35.7,80.0
3,15,15,0,10,15,10,15,117,76,41,64.96,42.9,85.0
3,15,15,0,10,15,15,8,117,43,74,36.75,21.4,60.0
3,15,15,0,10,15,15,10,117,55,62,47.01,28.6,60.0
3,15,15,0,10,15,15,15,117,65,52,55.56,35.7,75.0
3,15,15,0,10,30,8,8,101,58,43,57.43,45.5,68.2
3,15,15,0,10,30,8,10,101,66,35,65.35,45.5,84.2
3,15,15,0,10,30,8,15,101,74,27,73.27,54.5,84.2
3,15,15,0,10,30,10,8,101,54,47,53.47,41.2,63.6
3,15,15,0,10,30,10,10,101,62,39,61.39,45.5,78.9
3,15,15,0,10,30,10,15,101,72,29,71.29,54.5,81.3
3,15,15,0,10,30,15,8,100,36,64,36.00,29.4,45.5
3,15,15,0,10,30,15,10,100,43,57,43.00,30.0,57.9
3,15,15,0,10,30,15,15,100,59,41,59.00,45.5,73.7
3,15,15,8,0,0,8,8,194,92,102,47.42,25.0,55.2
3,15,15,8,0,0,8,10,194,100,94,51.55,33.3,58.6
3,15,15,8,0,0,8,15,193,120,73,62.18,41.7,79.2
3,15,15,8,0,0,10,8,194,84,110,43.30,25.0,51.7
3,15,15,8,0,0,10,10,194,91,103,46.91,33.3,58.3
3,15,15,8,0,0,10,15,193,111,82,57.51,41.7,79.2
3,15,15,8,0,0,15,8,194,68,126,35.05,25.0,40.0
3,15,15,8,0,0,15,10,194,74,120,38.14,33.3,45.8
3,15,15,8,0,0,15,15,193,95,98,49.22,41.7,62.5
3,15,15,8,0,15,8,8,140,74,66,52.86,41.7,66.7
3,15,15,8,0,15,8,10,140,84,56,60.00,50.0,76.2
3,15,15,8,0,15,8,15,140,91,49,65.00,50.0,81.0
3,15,15,8,0,15,10,8,140,64,76,45.71,31.3,61.9
3,15,15,8,0,15,10,10,140,74,66,52.86,37.5,71.4
3,15,15,8,0,15,10,15,140,82,58,58.57,45.8,76.2
3,15,15,8,0,15,15,8,140,52,88,37.14,18.8,52.4
3,15,15,8,0,15,15,10,140,60,80,42.86,25.0,61.9
3,15,15,8,0,15,15,15,140,72,68,51.43,37.5,76.2
3,15,15,8,0,30,8,8,119,66,53,55.46,40.0,70.6
3,15,15,8,0,30,8,10,119,72,47,60.50,42.9,82.4
3,15,15,8,0,30,8,15,119,77,42,64.71,42.9,82.4
3,15,15,8,0,30,10,8,119,62,57,52.10,33.3,70.6
3,15,15,8,0,30,10,10,119,68,51,57.14,40.0,82.4
3,15,15,8,0,30,10,15,119,73,46,61.34,42.9,82.4
3,15,15,8,0,30,15,8,119,46,73,38.66,20.0,52.9
3,15,15,8,0,30,15,10,119,55,64,46.22,26.7,76.5
3,15,15,8,0,30,15,15,119,61,58,51.26,33.3,76.5
3,15,15,8,5,0,8,8,114,54,60,47.37,29.4,64.7
3,15,15,8,5,0,8,10,114,67,47,58.77,40.0,80.0
3,15,15,8,5,0,8,15,114,78,36,68.42,53.3,81.0
3,15,15,8,5,0,10,8,114,50,64,43.86,29.4,60.0
3,15,15,8,5,0,10,10,114,63,51,55.26,33.3,80.0
3,15,15,8,5,0,10,15,114,75,39,65.79,46.7,81.0
3,15,15,8,5,0,15,8,114,41,73,35.96,28.6,48.0
3,15,15,8,5,0,15,10,113,51,62,45.13,30.8,60.0
3,15,15,8,5,0,15,15,113,65,48,57.52,46.7,71.4
3,15,15,8,5,15,8,8,86,52,34,60.47,50.0,100.0
3,15,15,8,5,15,8,10,86,60,26,69.77,63.6,100.0
3,15,15,8,5,15,8,15,86,65,21,75.58,63.6,100.0
3,15,15,8,5,15,10,8,86,44,42,51.16,40.0,83.3
3,15,15,8,5,15,10,10,86,51,35,59.30,52.9,83.3
3,15,15,8,5,15,10,15,86,56,30,65.12,59.1,83.3
3,15,15,8,5,15,15,8,85,33,52,38.82,28.6,66.7
3,15,15,8,5,15,15,10,85,38,47,44.71,35.7,66.7
3,15,15,8,5,15,15,15,85,47,38,55.29,45.5,66.7
3,15,15,8,5,30,8,8,82,47,35,57.32,46.2,83.3
3,15,15,8,5,30,8,10,82,50,32,60.98,46.2,83.3
3,15,15,8,5,30,8,15,82,56,26,68.29,53.8,83.3
3,15,15,8,5,30,10,8,82,41,41,50.00,38.5,66.7
3,15,15,8,5,30,10,10,82,44,38,53.66,38.5,71.4
3,15,15,8,5,30,10,15,82,50,32,60.98,46.2,73.3
3,15,15,8,5,30,15,8,81,28,53,34.57,21.4,50.0
3,15,15,8,5,30,15,10,81,31,50,38.27,28.6,66.7
3,15,15,8,5,30,15,15,80,39,41,48.75,38.5,66.7
3,15,15,8,10,0,8,8,76,40,36,52.63,33.3,83.3
3,15,15,8,10,0,8,10,76,47,29,61.84,40.0,83.3
3,15,15,8,10,0,8,15,76,52,24,68.42,53.3,83.3
3,15,15,8,10,0,10,8,76,32,44,42.11,9.1,83.3
3,15,15,8,10,0,10,10,76,40,36,52.63,33.3,83.3
3,15,15,8,10,0,10,15,76,45,31,59.21,36.4,83.3
3,15,15,8,10,0,15,8,75,25,50,33.33,9.1,66.7
3,15,15,8,10,0,15,10,75,34,41,45.33,20.0,68.8
3,15,15,8,10,0,15,15,75,38,37,50.67,33.3,68.8
3,15,15,8,10,15,8,8,62,32,30,51.61,30.0,70.0
3,15,15,8,10,15,8,10,62,36,26,58.06,40.0,75.0
3,15,15,8,10,15,8,15,62,41,21,66.13,42.9,83.3
3,15,15,8,10,15,10,8,62,28,34,45.16,20.0,66.7
3,15,15,8,10,15,10,10,62,31,31,50.00,25.0,75.0
3,15,15,8,10,15,10,15,62,37,25,59.68,25.0,83.3
3,15,15,8,10,15,15,8,62,24,38,38.71,20.0,50.0
3,15,15,8,10,15,15,10,62,27,35,43.55,25.0,58.3
3,15,15,8,10,15,15,15,62,33,29,53.23,25.0,75.0
3,15,15,8,10,30,8,8,59,30,29,50.85,25.0,90.0
3,15,15,8,10,30,8,10,58,35,23,60.34,50.0,100.0
3,15,15,8,10,30,8,15,58,37,21,63.79,50.0,100.0
3,15,15,8,10,30,10,8,59,27,32,45.76,20.0,80.0
3,15,15,8,10,30,10,10,58,32,26,55.17,25.0,90.0
3,15,15,8,10,30,10,15,58,35,23,60.34,25.0,100.0
3,15,15,8,10,30,15,8,59,19,40,32.20,10.0,60.0
3,15,15,8,10,30,15,10,58,22,36,37.93,25.0,70.0
3,15,15,8,10,30,15,15,58,27,31,46.55,25.0,80.0
3,15,15,15,0,0,8,8,96,41,55,42.71,29.4,62.5
3,15,15,15,0,0,8,10,96,50,46,52.08,41.2,62.5
3,15,15,15,0,0,8,15,96,65,31,67.71,62.5,80.0
3,15,15,15,0,0,10,8,96,37,59,38.54,23.5,62.5
3,15,15,15,0,0,10,10,96,46,50,47.92,35.3,62.5
3,15,15,15,0,0,10,15,96,61,35,63.54,58.8,75.0
3,15,15,15,0,0,15,8,95,28,67,29.47,17.6,50.0
3,15,15,15,0,0,15,10,95,36,59,37.89,23.5,57.1
3,15,15,15,0,0,15,15,95,52,43,54.74,46.7,71.4
3,15,15,15,0,15,8,8,75,44,31,58.67,38.9,100.0
3,15,15,15,0,15,8,10,75,49,26,65.33,50.0,100.0
3,15,15,15,0,15,8,15,75,55,20,73.33,63.6,100.0
3,15,15,15,0,15,10,8,75,37,38,49.33,36.4,66.7
3,15,15,15,0,15,10,10,75,42,33,56.00,36.4,71.4
3,15,15,15,0,15,10,15,75,48,27,64.00,36.4,71.4
3,15,15,15,0,15,15,8,74,29,45,39.19,27.8,57.1
3,15,15,15,0,15,15,10,74,34,40,45.95,35.7,64.3
3,15,15,15,0,15,15,15,74,40,34,54.05,36.4,71.4
3,15,15,15,0,30,8,8,68,37,31,54.41,35.3,81.8
3,15,15,15,0,30,8,10,68,39,29,57.35,40.0,90.9
3,15,15,15,0,30,8,15,68,46,22,67.65,50.0,90.9
3,15,15,15,0,30,10,8,68,34,34,50.00,28.6,81.8
3,15,15,15,0,30,10,10,68,37,31,54.41,35.7,90.9
3,15,15,15,0,30,10,15,68,44,24,64.71,42.9,90.9
3,15,15,15,0,30,15,8,68,26,42,38.24,20.0,63.6
3,15,15,15,0,30,15,10,68,29,39,42.65,20.0,72.7
3,15,15,15,0,30,15,15,67,36,31,53.73,35.7,81.8
3,15,15,15,5,0,8,8,62,32,30,51.61,20.0,100.0
3,15,15,15,5,0,8,10,62,34,28,54.84,20.0,100.0
3,15,15,15,5,0,8,15,62,42,20,67.74,40.0,100.0
3,15,15,15,5,0,10,8,62,28,34,45.16,20.0,83.3
3,15,15,15,5,0,10,10,62,30,32,48.39,20.0,83.3
3,15,15,15,5,0,10,15,62,38,24,61.29,25.0,83.3
3,15,15,15,5,0,15,8,62,21,41,33.87,20.0,42.9
3,15,15,15,5,0,15,10,62,23,39,37.10,20.0,57.1
3,15,15,15,5,0,15,15,62,32,30,51.61,25.0,64.3
3,15,15,15,5,15,8,8,60,25,35,41.67,16.7,60.0
3,15,15,15,5,15,8,10,60,28,32,46.67,16.7,70.0
3,15,15,15,5,15,8,15,60,37,23,61.67,25.0,90.0
3,15,15,15,5,15,10,8,60,23,37,38.33,16.7,60.0
3,15,15,15,5,15,10,10,60,25,35,41.67,16.7,70.0
3,15,15,15,5,15,10,15,60,34,26,56.67,25.0,90.0
3,15,15,15,5,15,15,8,60,15,45,25.00,11.1,40.0
3,15,15,15,5,15,15,10,60,18,42,30.00,16.7,50.0
3,15,15,15,5,15,15,15,60,29,31,48.33,25.0,70.0
3,15,15,15,5,30,8,8,52,25,27,48.08,25.0,100.0
3,15,15,15,5,30,8,10,52,27,25,51.92,25.0,100.0
3,15,15,15,5,30,8,15,52,32,20,61.54,25.0,100.0
3,15,15,15,5,30,10,8,52,22,30,42.31,22.2,100.0
3,15,15,15,5,30,10,10,52,24,28,46.15,25.0,100.0
3,15,15,15,5,30,10,15,52,29,23,55.77,25.0,100.0
3,15,15,15,5,30,15,8,52,15,37,28.85,11.1,66.7
3,15,15,15,5,30,15,10,52,17,35,32.69,22.2,66.7
3,15,15,15,5,30,15,15,52,24,28,46.15,25.0,100.0
3,15,15,15,10,0,8,8,50,23,27,46.00,11.1,100.0
3,15,15,15,10,0,8,10,50,26,24,52.00,22.2,100.0
3,15,15,15,10,0,8,15,50,32,18,64.00,33.3,100.0
3,15,15,15,10,0,10,8,50,21,29,42.00,11.1,100.0
3,15,15,15,10,0,10,10,50,24,26,48.00,11.1,100.0
3,15,15,15,10,0,10,15,50,31,19,62.00,33.3,100.0
3,15,15,15,10,0,15,8,50,13,37,26.00,0.0,66.7
3,15,15,15,10,0,15,10,50,16,34,32.00,0.0,66.7
3,15,15,15,10,0,15,15,50,23,27,46.00,22.2,100.0
3,15,15,15,10,15,8,8,39,21,18,53.85,40.0,100.0
3,15,15,15,10,15,8,10,39,21,18,53.85,40.0,100.0
3,15,15,15,10,15,8,15,39,26,13,66.67,50.0,100.0
3,15,15,15,10,15,10,8,39,19,20,48.72,33.3,100.0
3,15,15,15,10,15,10,10,39,20,19,51.28,33.3,100.0
3,15,15,15,10,15,10,15,39,23,16,58.97,50.0,100.0
3,15,15,15,10,15,15,8,39,16,23,41.03,33.3,100.0
3,15,15,15,10,15,15,10,39,16,23,41.03,33.3,100.0
3,15,15,15,10,15,15,15,39,21,18,53.85,45.5,100.0
3,15,15,15,10,30,8,8,36,22,14,61.11,50.0,100.0
3,15,15,15,10,30,8,10,36,22,14,61.11,50.0,100.0
3,15,15,15,10,30,8,15,36,23,13,63.89,50.0,100.0
3,15,15,15,10,30,10,8,36,18,18,50.00,33.3,100.0
3,15,15,15,10,30,10,10,36,18,18,50.00,33.3,100.0
3,15,15,15,10,30,10,15,36,19,17,52.78,33.3,100.0
3,15,15,15,10,30,15,8,36,15,21,41.67,0.0,100.0
3,15,15,15,10,30,15,10,36,16,20,44.44,0.0,100.0
3,15,15,15,10,30,15,15,36,17,19,47.22,0.0,100.0
3,15,25,0,0,0,8,8,636,305,331,47.96,35.9,55.4
3,15,25,0,0,0,8,10,635,337,298,53.07,48.7,59.0
3,15,25,0,0,0,8,15,630,404,226,64.13,59.0,67.9
3,15,25,0,0,0,10,8,635,273,362,42.99,34.6,51.8
3,15,25,0,0,0,10,10,634,304,330,47.95,45.2,54.2
3,15,25,0,0,0,10,15,629,370,259,58.82,53.5,63.9
3,15,25,0,0,0,15,8,634,213,421,33.60,23.1,39.7
3,15,25,0,0,0,15,10,633,246,387,38.86,33.3,43.4
3,15,25,0,0,0,15,15,628,313,315,49.84,44.9,55.4
3,15,25,0,0,15,8,8,401,203,198,50.62,40.5,61.1
3,15,25,0,0,15,8,10,401,223,178,55.61,48.1,64.8
3,15,25,0,0,15,8,15,399,260,139,65.16,59.6,75.9
3,15,25,0,0,15,10,8,400,185,215,46.25,33.3,53.7
3,15,25,0,0,15,10,10,400,206,194,51.50,42.9,61.7
3,15,25,0,0,15,10,15,398,243,155,61.06,54.8,68.9
3,15,25,0,0,15,15,8,400,140,260,35.00,21.4,46.3
3,15,25,0,0,15,15,10,400,157,243,39.25,28.6,48.1
3,15,25,0,0,15,15,15,398,193,205,48.49,41.5,57.7
3,15,25,0,0,30,8,8,332,164,168,49.40,43.5,57.4
3,15,25,0,0,30,8,10,331,178,153,53.78,48.8,64.3
3,15,25,0,0,30,8,15,329,207,122,62.92,55.8,71.4
3,15,25,0,0,30,10,8,332,143,189,43.07,34.8,50.0
3,15,25,0,0,30,10,10,331,158,173,47.73,40.7,61.9
3,15,25,0,0,30,10,15,329,185,144,56.23,50.0,66.7
3,15,25,0,0,30,15,8,332,114,218,34.34,20.6,45.2
3,15,25,0,0,30,15,10,331,127,204,38.37,23.5,54.8
3,15,25,0,0,30,15,15,329,155,174,47.11,35.3,59.5
3,15,25,0,5,0,8,8,296,136,160,45.95,37.9,54.8
3,15,25,0,5,0,8,10,296,152,144,51.35,44.4,61.9
3,15,25,0,5,0,8,15,295,181,114,61.36,51.7,72.4
3,15,25,0,5,0,10,8,296,123,173,41.55,31.0,52.4
3,15,25,0,5,0,10,10,296,138,158,46.62,37.9,59.5
3,15,25,0,5,0,10,15,295,168,127,56.95,48.3,69.0
3,15,25,0,5,0,15,8,296,96,200,32.43,17.2,47.6
3,15,25,0,5,0,15,10,296,107,189,36.15,20.7,50.0
3,15,25,0,5,0,15,15,294,136,158,46.26,32.1,57.1
3,15,25,0,5,15,8,8,205,100,105,48.78,38.5,64.5
3,15,25,0,5,15,8,10,205,104,101,50.73,46.2,64.5
3,15,25,0,5,15,8,15,204,129,75,63.24,52.8,77.4
3,15,25,0,5,15,10,8,205,95,110,46.34,38.5,61.3
3,15,25,0,5,15,10,10,205,97,108,47.32,39.4,61.3
3,15,25,0,5,15,10,15,204,119,85,58.33,50.9,69.2
3,15,25,0,5,15,15,8,205,76,129,37.07,28.6,51.6
3,15,25,0,5,15,15,10,205,78,127,38.05,28.6,51.6
3,15,25,0,5,15,15,15,204,100,104,49.02,42.9,61.3
3,15,25,0,5,30,8,8,177,89,88,50.28,38.7,72.0
3,15,25,0,5,30,8,10,177,96,81,54.24,41.9,72.0
3,15,25,0,5,30,8,15,176,116,60,65.91,48.4,84.0
3,15,25,0,5,30,10,8,177,82,95,46.33,36.4,68.0
3,15,25,0,5,30,10,10,177,89,88,50.28,40.0,72.0
3,15,25,0,5,30,10,15,176,106,70,60.23,45.5,80.0
3,15,25,0,5,30,15,8,177,64,113,36.16,27.3,56.0
3,15,25,0,5,30,15,10,177,70,107,39.55,32.3,60.0
3,15,25,0,5,30,15,15,176,86,90,48.86,38.7,72.0
3,15,25,0,10,0,8,8,161,79,82,49.07,30.8,60.0
3,15,25,0,10,0,8,10,161,88,73,54.66,30.8,70.4
3,15,25,0,10,0,8,15,161,101,60,62.73,38.5,75.0
3,15,25,0,10,0,10,8,161,72,89,44.72,23.1,60.0
3,15,25,0,10,0,10,10,161,83,78,51.55,23.1,70.4
3,15,25,0,10,0,10,15,161,93,68,57.76,30.8,75.0
3,15,25,0,10,0,15,8,161,57,104,35.40,23.1,45.0
3,15,25,0,10,0,15,10,161,66,95,40.99,23.1,55.6
3,15,25,0,10,0,15,15,161,79,82,49.07,30.8,59.3
3,15,25,0,10,15,8,8,116,58,58,50.00,35.7,60.0
3,15,25,0,10,15,8,10,116,68,48,58.62,35.7,76.2
3,15,25,0,10,15,8,15,116,76,40,65.52,42.9,85.7
3,15,25,0,10,15,10,8,116,53,63,45.69,28.6,55.6
3,15,25,0,10,15,10,10,116,65,51,56.03,33.3,76.2
3,15,25,0,10,15,10,15,116,71,45,61.21,42.9,81.0
3,15,25,0,10,15,15,8,115,41,74,35.65,21.4,46.7
3,15,25,0,10,15,15,10,115,51,64,44.35,28.6,60.0
3,15,25,0,10,15,15,15,115,60,55,52.17,35.7,71.4
3,15,25,0,10,30,8,8,96,54,42,56.25,33.3,100.0
3,15,25,0,10,30,8,10,96,59,37,61.46,33.3,100.0
3,15,25,0,10,30,8,15,96,66,30,68.75,50.0,100.0
3,15,25,0,10,30,10,8,96,51,45,53.13,33.3,100.0
3,15,25,0,10,30,10,10,96,56,40,58.33,33.3,100.0
3,15,25,0,10,30,10,15,96,65,31,67.71,50.0,100.0
3,15,25,0,10,30,15,8,95,33,62,34.74,16.7,100.0
3,15,25,0,10,30,15,10,95,38,57,40.00,16.7,100.0
3,15,25,0,10,30,15,15,95,52,43,54.74,33.3,100.0
3,15,25,8,0,0,8,8,193,92,101,47.67,26.7,56.3
3,15,25,8,0,0,8,10,193,103,90,53.37,40.0,62.5
3,15,25,8,0,0,8,15,192,124,68,64.58,46.7,76.2
3,15,25,8,0,0,10,8,193,84,109,43.52,20.0,53.1
3,15,25,8,0,0,10,10,193,93,100,48.19,26.7,59.4
3,15,25,8,0,0,10,15,192,113,79,58.85,33.3,75.0
3,15,25,8,0,0,15,8,193,67,126,34.72,20.0,46.9
3,15,25,8,0,0,15,10,193,76,117,39.38,26.7,53.1
3,15,25,8,0,0,15,15,192,96,96,50.00,33.3,61.9
3,15,25,8,0,15,8,8,143,76,67,53.15,40.0,63.6
3,15,25,8,0,15,8,10,143,87,56,60.84,40.0,77.3
3,15,25,8,0,15,8,15,143,93,50,65.03,40.0,81.0
3,15,25,8,0,15,10,8,143,65,78,45.45,30.0,59.1
3,15,25,8,0,15,10,10,143,75,68,52.45,30.0,68.2
3,15,25,8,0,15,10,15,143,82,61,57.34,40.0,71.4
3,15,25,8,0,15,15,8,143,50,93,34.97,18.8,50.0
3,15,25,8,0,15,15,10,143,61,82,42.66,20.0,63.6
3,15,25,8,0,15,15,15,143,68,75,47.55,30.0,68.2
3,15,25,8,0,30,8,8,121,64,57,52.89,37.5,70.6
3,15,25,8,0,30,8,10,121,69,52,57.02,37.5,78.9
3,15,25,8,0,30,8,15,121,80,41,66.12,50.0,82.4
3,15,25,8,0,30,10,8,121,61,60,50.41,37.5,70.6
3,15,25,8,0,30,10,10,121,66,55,54.55,37.5,76.5
3,15,25,8,0,30,10,15,121,75,46,61.98,50.0,76.5
3,15,25,8,0,30,15,8,121,45,76,37.19,23.1,52.9
3,15,25,8,0,30,15,10,121,51,70,42.15,25.0,70.6
3,15,25,8,0,30,15,15,121,61,60,50.41,38.5,70.6
3,15,25,8,5,0,8,8,120,50,70,41.67,25.0,53.8
3,15,25,8,5,0,8,10,120,60,60,50.00,25.0,60.9
3,15,25,8,5,0,8,15,120,72,48,60.00,25.0,69.6
3,15,25,8,5,0,10,8,120,44,76,36.67,25.0,43.5
3,15,25,8,5,0,10,10,120,54,66,45.00,25.0,60.9
3,15,25,8,5,0,10,15,120,67,53,55.83,25.0,69.6
3,15,25,8,5,0,15,8,120,37,83,30.83,25.0,34.6
3,15,25,8,5,0,15,10,119,45,74,37.82,25.0,53.3
3,15,25,8,5,0,15,15,119,56,63,47.06,25.0,60.9
3,15,25,8,5,15,8,8,79,47,32,59.49,41.7,100.0
3,15,25,8,5,15,8,10,79,56,23,70.89,58.3,100.0
3,15,25,8,5,15,8,15,79,62,17,78.48,71.4,100.0
3,15,25,8,5,15,10,8,79,42,37,53.16,33.3,100.0
3,15,25,8,5,15,10,10,79,51,28,64.56,50.0,100.0
3,15,25,8,5,15,10,15,79,58,21,73.42,66.7,100.0
3,15,25,8,5,15,15,8,78,30,48,38.46,25.0,100.0
3,15,25,8,5,15,15,10,78,37,41,47.44,33.3,100.0
3,15,25,8,5,15,15,15,78,49,29,62.82,50.0,100.0
3,15,25,8,5,30,8,8,73,43,30,58.90,44.4,100.0
3,15,25,8,5,30,8,10,73,47,26,64.38,57.1,100.0
3,15,25,8,5,30,8,15,73,55,18,75.34,71.4,100.0
3,15,25,8,5,30,10,8,73,37,36,50.68,33.3,100.0
3,15,25,8,5,30,10,10,73,41,32,56.16,47.6,100.0
3,15,25,8,5,30,10,15,73,51,22,69.86,61.9,100.0
3,15,25,8,5,30,15,8,72,26,46,36.11,22.2,100.0
3,15,25,8,5,30,15,10,72,29,43,40.28,31.3,100.0
3,15,25,8,5,30,15,15,72,42,30,58.33,50.0,100.0
3,15,25,8,10,0,8,8,73,40,33,54.79,23.1,100.0
3,15,25,8,10,0,8,10,73,47,26,64.38,38.5,100.0
3,15,25,8,10,0,8,15,73,53,20,72.60,46.2,100.0
3,15,25,8,10,0,10,8,73,35,38,47.95,23.1,100.0
3,15,25,8,10,0,10,10,73,41,32,56.16,38.5,100.0
3,15,25,8,10,0,10,15,73,49,24,67.12,46.2,100.0
3,15,25,8,10,0,15,8,72,24,48,33.33,15.4,66.7
3,15,25,8,10,0,15,10,72,31,41,43.06,23.1,66.7
3,15,25,8,10,0,15,15,71,38,33,53.52,30.8,100.0
3,15,25,8,10,15,8,8,56,31,25,55.36,42.9,100.0
3,15,25,8,10,15,8,10,56,35,21,62.50,50.0,100.0
3,15,25,8,10,15,8,15,56,37,19,66.07,50.0,100.0
3,15,25,8,10,15,10,8,56,29,27,51.79,37.5,100.0
3,15,25,8,10,15,10,10,56,31,25,55.36,37.5,100.0
3,15,25,8,10,15,10,15,56,33,23,58.93,37.5,100.0
3,15,25,8,10,15,15,8,56,24,32,42.86,25.0,53.8
3,15,25,8,10,15,15,10,56,26,30,46.43,25.0,61.5
3,15,25,8,10,15,15,15,55,28,27,50.91,33.3,100.0
3,15,25,8,10,30,8,8,49,24,25,48.98,25.0,100.0
3,15,25,8,10,30,8,10,49,29,20,59.18,44.4,100.0
3,15,25,8,10,30,8,15,49,33,16,67.35,50.0,100.0
3,15,25,8,10,30,10,8,49,22,27,44.90,25.0,100.0
3,15,25,8,10,30,10,10,49,27,22,55.10,37.5,100.0
3,15,25,8,10,30,10,15,49,32,17,65.31,50.0,100.0
3,15,25,8,10,30,15,8,49,18,31,36.73,12.5,100.0
3,15,25,8,10,30,15,10,49,22,27,44.90,22.2,100.0
3,15,25,8,10,30,15,15,49,28,21,57.14,33.3,100.0
3,15,25,15,0,0,8,8,94,42,52,44.68,33.3,100.0
3,15,25,15,0,0,8,10,94,46,48,48.94,43.8,100.0
3,15,25,15,0,0,8,15,94,59,35,62.77,54.5,100.0
3,15,25,15,0,0,10,8,93,37,56,39.78,20.0,100.0
3,15,25,15,0,0,10,10,93,41,52,44.09,30.0,100.0
3,15,25,15,0,0,10,15,93,54,39,58.06,40.0,100.0
3,15,25,15,0,0,15,8,93,30,63,32.26,10.0,100.0
3,15,25,15,0,0,15,10,93,33,60,35.48,20.0,100.0
3,15,25,15,0,0,15,15,93,47,46,50.54,40.0,100.0
3,15,25,15,0,15,8,8,65,40,25,61.54,37.5,100.0
3,15,25,15,0,15,8,10,65,42,23,64.62,43.8,100.0
3,15,25,15,0,15,8,15,65,50,15,76.92,58.3,100.0
3,15,25,15,0,15,10,8,65,36,29,55.38,37.5,100.0
3,15,25,15,0,15,10,10,65,38,27,58.46,43.8,100.0
3,15,25,15,0,15,10,15,65,46,19,70.77,50.0,100.0
3,15,25,15,0,15,15,8,64,28,36,43.75,31.3,100.0
3,15,25,15,0,15,15,10,64,29,35,45.31,33.3,100.0
3,15,25,15,0,15,15,15,64,39,25,60.94,50.0,100.0
3,15,25,15,0,30,8,8,61,37,24,60.66,37.5,100.0
3,15,25,15,0,30,8,10,61,41,20,67.21,50.0,100.0
3,15,25,15,0,30,8,15,61,47,14,77.05,50.0,100.0
3,15,25,15,0,30,10,8,61,35,26,57.38,25.0,100.0
3,15,25,15,0,30,10,10,61,39,22,63.93,50.0,100.0
3,15,25,15,0,30,10,15,61,44,17,72.13,50.0,100.0
3,15,25,15,0,30,15,8,61,27,34,44.26,25.0,100.0
3,15,25,15,0,30,15,10,61,31,30,50.82,33.3,100.0
3,15,25,15,0,30,15,15,61,37,24,60.66,50.0,100.0
3,15,25,15,5,0,8,8,65,34,31,52.31,23.1,100.0
3,15,25,15,5,0,8,10,65,37,28,56.92,23.1,100.0
3,15,25,15,5,0,8,15,65,43,22,66.15,46.2,100.0
3,15,25,15,5,0,10,8,64,29,35,45.31,23.1,100.0
3,15,25,15,5,0,10,10,64,30,34,46.88,23.1,100.0
3,15,25,15,5,0,10,15,64,37,27,57.81,40.0,100.0
3,15,25,15,5,0,15,8,64,22,42,34.38,15.4,57.1
3,15,25,15,5,0,15,10,64,24,40,37.50,15.4,57.1
3,15,25,15,5,0,15,15,63,31,32,49.21,30.8,100.0
3,15,25,15,5,15,8,8,51,23,28,45.10,16.7,100.0
3,15,25,15,5,15,8,10,51,27,24,52.94,16.7,100.0
3,15,25,15,5,15,8,15,51,32,19,62.75,33.3,100.0
3,15,25,15,5,15,10,8,51,21,30,41.18,16.7,100.0
3,15,25,15,5,15,10,10,51,24,27,47.06,16.7,100.0
3,15,25,15,5,15,10,15,51,30,21,58.82,33.3,100.0
3,15,25,15,5,15,15,8,51,16,35,31.37,12.5,66.7
3,15,25,15,5,15,15,10,51,19,32,37.25,16.7,66.7
3,15,25,15,5,15,15,15,50,26,24,52.00,33.3,100.0
3,15,25,15,5,30,8,8,45,19,26,42.22,33.3,100.0
3,15,25,15,5,30,8,10,44,22,22,50.00,33.3,100.0
3,15,25,15,5,30,8,15,44,28,16,63.64,40.0,100.0
3,15,25,15,5,30,10,8,45,17,28,37.78,27.3,100.0
3,15,25,15,5,30,10,10,44,20,24,45.45,27.3,100.0
3,15,25,15,5,30,10,15,44,26,18,59.09,40.0,100.0
3,15,25,15,5,30,15,8,45,13,32,28.89,18.2,50.0
3,15,25,15,5,30,15,10,44,15,29,34.09,18.2,50.0
3,15,25,15,5,30,15,15,43,20,23,46.51,33.3,100.0
3,15,25,15,10,0,8,8,45,24,21,53.33,33.3,100.0
3,15,25,15,10,0,8,10,45,25,20,55.56,33.3,100.0
3,15,25,15,10,0,8,15,45,28,17,62.22,33.3,100.0
3,15,25,15,10,0,10,8,45,21,24,46.67,25.0,100.0
3,15,25,15,10,0,10,10,45,23,22,51.11,25.0,100.0
3,15,25,15,10,0,10,15,45,27,18,60.00,33.3,100.0
3,15,25,15,10,0,15,8,45,18,27,40.00,25.0,63.6
3,15,25,15,10,0,15,10,45,20,25,44.44,25.0,63.6
3,15,25,15,10,0,15,15,45,24,21,53.33,33.3,70.0
3,15,25,15,10,15,8,8,35,19,16,54.29,33.3,100.0
3,15,25,15,10,15,8,10,35,20,15,57.14,33.3,100.0
3,15,25,15,10,15,8,15,35,24,11,68.57,33.3,100.0
3,15,25,15,10,15,10,8,35,18,17,51.43,33.3,60.0
3,15,25,15,10,15,10,10,35,19,16,54.29,33.3,66.7
3,15,25,15,10,15,10,15,35,22,13,62.86,33.3,80.0
3,15,25,15,10,15,15,8,35,14,21,40.00,0.0,57.1
3,15,25,15,10,15,15,10,35,15,20,42.86,0.0,66.7
3,15,25,15,10,15,15,15,34,19,15,55.88,0.0,77.8
3,15,25,15,10,30,8,8,33,22,11,66.67,33.3,100.0
3,15,25,15,10,30,8,10,33,22,11,66.67,33.3,100.0
3,15,25,15,10,30,8,15,33,22,11,66.67,33.3,100.0
3,15,25,15,10,30,10,8,33,17,16,51.52,0.0,100.0
3,15,25,15,10,30,10,10,33,18,15,54.55,0.0,100.0
3,15,25,15,10,30,10,15,33,19,14,57.58,0.0,100.0
3,15,25,15,10,30,15,8,33,13,20,39.39,0.0,66.7
3,15,25,15,10,30,15,10,33,14,19,42.42,0.0,83.3
3,15,25,15,10,30,15,15,33,15,18,45.45,0.0,83.3
3,15,35,0,0,0,8,8,631,304,327,48.18,35.9,54.1
3,15,35,0,0,0,8,10,630,336,294,53.33,48.7,57.6
3,15,35,0,0,0,8,15,625,401,224,64.16,58.8,69.7
3,15,35,0,0,0,10,8,630,272,358,43.17,34.6,49.4
3,15,35,0,0,0,10,10,629,303,326,48.17,45.8,51.8
3,15,35,0,0,0,10,15,624,367,257,58.81,53.6,64.5
3,15,35,0,0,0,15,8,629,211,418,33.55,23.1,40.8
3,15,35,0,0,0,15,10,628,243,385,38.69,33.3,43.4
3,15,35,0,0,0,15,15,623,310,313,49.76,44.9,55.4
3,15,35,0,0,15,8,8,408,202,206,49.51,40.5,59.3
3,15,35,0,0,15,8,10,408,223,185,54.66,48.1,63.0
3,15,35,0,0,15,8,15,406,261,145,64.29,59.8,74.1
3,15,35,0,0,15,10,8,407,184,223,45.21,33.3,54.2
3,15,35,0,0,15,10,10,407,205,202,50.37,42.9,60.4
3,15,35,0,0,15,10,15,405,244,161,60.25,55.1,67.4
3,15,35,0,0,15,15,8,407,139,268,34.15,21.4,44.4
3,15,35,0,0,15,15,10,407,157,250,38.57,28.6,46.3
3,15,35,0,0,15,15,15,405,194,211,47.90,41.8,57.4
3,15,35,0,0,30,8,8,332,165,167,49.70,44.1,57.4
3,15,35,0,0,30,8,10,331,179,152,54.08,47.1,65.9
3,15,35,0,0,30,8,15,329,208,121,63.22,54.0,73.2
3,15,35,0,0,30,10,8,332,143,189,43.07,36.2,51.2
3,15,35,0,0,30,10,10,331,158,173,47.73,39.1,63.4
3,15,35,0,0,30,10,15,329,185,144,56.23,48.3,68.3
3,15,35,0,0,30,15,8,332,114,218,34.34,20.6,43.9
3,15,35,0,0,30,15,10,331,127,204,38.37,23.5,53.7
3,15,35,0,0,30,15,15,329,155,174,47.11,35.3,58.5
3,15,35,0,5,0,8,8,300,133,167,44.33,37.9,54.3
3,15,35,0,5,0,8,10,300,150,150,50.00,43.5,58.5
3,15,35,0,5,0,8,15,299,179,120,59.87,51.7,70.0
3,15,35,0,5,0,10,8,300,121,179,40.33,31.0,51.2
3,15,35,0,5,0,10,10,300,137,163,45.67,37.9,58.5
3,15,35,0,5,0,10,15,299,168,131,56.19,48.3,68.3
3,15,35,0,5,0,15,8,300,93,207,31.00,17.2,43.9
3,15,35,0,5,0,15,10,300,106,194,35.33,20.7,46.3
3,15,35,0,5,0,15,15,298,136,162,45.64,32.1,53.7
3,15,35,0,5,15,8,8,202,98,104,48.51,42.3,63.3
3,15,35,0,5,15,8,10,202,103,99,50.99,45.3,66.7
3,15,35,0,5,15,8,15,201,126,75,62.69,50.9,80.0
3,15,35,0,5,15,10,8,202,92,110,45.54,38.5,60.0
3,15,35,0,5,15,10,10,202,95,107,47.03,39.4,63.3
3,15,35,0,5,15,10,15,201,116,85,57.71,49.1,70.0
3,15,35,0,5,15,15,8,202,73,129,36.14,28.6,46.7
3,15,35,0,5,15,15,10,202,76,126,37.62,28.6,50.0
3,15,35,0,5,15,15,15,201,97,104,48.26,42.1,60.0
3,15,35,0,5,30,8,8,177,87,90,49.15,38.7,70.8
3,15,35,0,5,30,8,10,177,94,83,53.11,41.9,70.8
3,15,35,0,5,30,8,15,176,114,62,64.77,48.4,83.3
3,15,35,0,5,30,10,8,177,79,98,44.63,36.4,66.7
3,15,35,0,5,30,10,10,177,86,91,48.59,39.1,70.8
3,15,35,0,5,30,10,15,176,103,73,58.52,45.5,79.2
3,15,35,0,5,30,15,8,177,63,114,35.59,27.3,54.2
3,15,35,0,5,30,15,10,177,69,108,38.98,31.8,58.3
3,15,35,0,5,30,15,15,176,85,91,48.30,38.7,70.8
3,15,35,0,10,0,8,8,156,78,78,50.00,30.8,63.2
3,15,35,0,10,0,8,10,156,85,71,54.49,30.8,68.4
3,15,35,0,10,0,8,15,156,97,59,62.18,38.5,70.4
3,15,35,0,10,0,10,8,156,72,84,46.15,23.1,63.2
3,15,35,0,10,0,10,10,156,81,75,51.92,23.1,68.4
3,15,35,0,10,0,10,15,156,90,66,57.69,30.8,70.4
3,15,35,0,10,0,15,8,156,57,99,36.54,23.1,52.6
3,15,35,0,10,0,15,10,156,64,92,41.03,23.1,52.6
3,15,35,0,10,0,15,15,156,77,79,49.36,30.8,55.6
3,15,35,0,10,15,8,8,119,54,65,45.38,16.7,57.1
3,15,35,0,10,15,8,10,119,66,53,55.46,16.7,71.4
3,15,35,0,10,15,8,15,119,74,45,62.18,33.3,81.0
3,15,35,0,10,15,10,8,119,48,71,40.34,16.7,54.5
3,15,35,0,10,15,10,10,119,61,58,51.26,16.7,71.4
3,15,35,0,10,15,10,15,119,69,50,57.98,33.3,76.2
3,15,35,0,10,15,15,8,118,35,83,29.66,16.7,39.3
3,15,35,0,10,15,15,10,118,46,72,38.98,16.7,52.4
3,15,35,0,10,15,15,15,118,56,62,47.46,16.7,66.7
3,15,35,0,10,30,8,8,97,48,49,49.48,33.3,100.0
3,15,35,0,10,30,8,10,97,55,42,56.70,33.3,100.0
3,15,35,0,10,30,8,15,97,64,33,65.98,50.0,100.0
3,15,35,0,10,30,10,8,97,46,51,47.42,33.3,100.0
3,15,35,0,10,30,10,10,97,53,44,54.64,33.3,100.0
3,15,35,0,10,30,10,15,97,64,33,65.98,50.0,100.0
3,15,35,0,10,30,15,8,96,29,67,30.21,16.7,100.0
3,15,35,0,10,30,15,10,96,35,61,36.46,16.7,100.0
3,15,35,0,10,30,15,15,96,51,45,53.13,33.3,100.0
3,15,35,8,0,0,8,8,190,92,98,48.42,26.7,57.6
3,15,35,8,0,0,8,10,190,103,87,54.21,40.0,60.9
3,15,35,8,0,0,8,15,189,123,66,65.08,46.7,73.9
3,15,35,8,0,0,10,8,190,84,106,44.21,20.0,54.5
3,15,35,8,0,0,10,10,190,92,98,48.42,26.7,55.2
3,15,35,8,0,0,10,15,189,111,78,58.73,33.3,72.0
3,15,35,8,0,0,15,8,190,67,123,35.26,20.0,48.5
3,15,35,8,0,0,15,10,190,75,115,39.47,26.7,48.5
3,15,35,8,0,0,15,15,189,95,94,50.26,33.3,56.5
3,15,35,8,0,15,8,8,140,71,69,50.71,33.3,63.6
3,15,35,8,0,15,8,10,140,80,60,57.14,33.3,72.7
3,15,35,8,0,15,8,15,140,89,51,63.57,33.3,77.3
3,15,35,8,0,15,10,8,140,62,78,44.29,25.0,59.1
3,15,35,8,0,15,10,10,140,70,70,50.00,25.0,63.6
3,15,35,8,0,15,10,15,140,79,61,56.43,33.3,68.2
3,15,35,8,0,15,15,8,140,49,91,35.00,18.8,50.0
3,15,35,8,0,15,15,10,140,58,82,41.43,25.0,59.1
3,15,35,8,0,15,15,15,140,68,72,48.57,33.3,63.6
3,15,35,8,0,30,8,8,119,61,58,51.26,37.5,65.0
3,15,35,8,0,30,8,10,119,66,53,55.46,37.5,75.0
3,15,35,8,0,30,8,15,119,77,42,64.71,50.0,76.5
3,15,35,8,0,30,10,8,119,57,62,47.90,37.5,64.7
3,15,35,8,0,30,10,10,119,63,56,52.94,37.5,70.6
3,15,35,8,0,30,10,15,119,71,48,59.66,50.0,70.6
3,15,35,8,0,30,15,8,119,41,78,34.45,23.1,47.1
3,15,35,8,0,30,15,10,119,48,71,40.34,25.0,64.7
3,15,35,8,0,30,15,15,119,57,62,47.90,33.3,64.7
3,15,35,8,5,0,8,8,119,47,72,39.50,25.0,54.5
3,15,35,8,5,0,8,10,119,55,64,46.22,25.0,59.1
3,15,35,8,5,0,8,15,119,70,49,58.82,25.0,72.7
3,15,35,8,5,0,10,8,119,42,77,35.29,25.0,45.5
3,15,35,8,5,0,10,10,119,50,69,42.02,25.0,56.5
3,15,35,8,5,0,10,15,119,65,54,54.62,25.0,66.7
3,15,35,8,5,0,15,8,119,35,84,29.41,16.7,36.4
3,15,35,8,5,0,15,10,118,41,77,34.75,18.2,47.8
3,15,35,8,5,0,15,15,118,56,62,47.46,25.0,60.9
3,15,35,8,5,15,8,8,78,42,36,53.85,30.8,100.0
3,15,35,8,5,15,8,10,78,52,26,66.67,53.8,100.0
3,15,35,8,5,15,8,15,78,58,20,74.36,66.7,100.0
3,15,35,8,5,15,10,8,78,36,42,46.15,23.1,100.0
3,15,35,8,5,15,10,10,78,46,32,58.97,46.2,100.0
3,15,35,8,5,15,10,15,78,53,25,67.95,57.1,100.0
3,15,35,8,5,15,15,8,77,26,51,33.77,15.4,100.0
3,15,35,8,5,15,15,10,77,34,43,44.16,30.8,100.0
3,15,35,8,5,15,15,15,77,46,31,59.74,46.2,100.0
3,15,35,8,5,30,8,8,70,35,35,50.00,33.3,100.0
3,15,35,8,5,30,8,10,70,39,31,55.71,38.1,100.0
3,15,35,8,5,30,8,15,70,48,22,68.57,57.1,100.0
3,15,35,8,5,30,10,8,70,29,41,41.43,28.6,100.0
3,15,35,8,5,30,10,10,70,33,37,47.14,33.3,100.0
3,15,35,8,5,30,10,15,70,43,27,61.43,37.5,100.0
3,15,35,8,5,30,15,8,69,21,48,30.43,20.0,100.0
3,15,35,8,5,30,15,10,69,24,45,34.78,28.6,100.0
3,15,35,8,5,30,15,15,69,36,33,52.17,28.6,100.0
3,15,35,8,10,0,8,8,72,34,38,47.22,21.4,100.0
3,15,35,8,10,0,8,10,72,40,32,55.56,35.7,100.0
3,15,35,8,10,0,8,15,72,46,26,63.89,42.9,100.0
3,15,35,8,10,0,10,8,72,30,42,41.67,21.4,100.0
3,15,35,8,10,0,10,10,72,35,37,48.61,35.3,100.0
3,15,35,8,10,0,10,15,72,44,28,61.11,42.9,100.0
3,15,35,8,10,0,15,8,71,23,48,32.39,14.3,100.0
3,15,35,8,10,0,15,10,71,28,43,39.44,21.4,100.0
3,15,35,8,10,0,15,15,71,37,34,52.11,28.6,100.0
3,15,35,8,10,15,8,8,48,24,24,50.00,0.0,100.0
3,15,35,8,10,15,8,10,48,30,18,62.50,33.3,100.0
3,15,35,8,10,15,8,15,48,32,16,66.67,33.3,100.0
3,15,35,8,10,15,10,8,48,24,24,50.00,0.0,100.0
3,15,35,8,10,15,10,10,48,29,19,60.42,33.3,100.0
3,15,35,8,10,15,10,15,48,31,17,64.58,33.3,100.0
3,15,35,8,10,15,15,8,48,18,30,37.50,0.0,55.6
3,15,35,8,10,15,15,10,48,23,25,47.92,33.3,66.7
3,15,35,8,10,15,15,15,47,25,22,53.19,33.3,100.0
3,15,35,8,10,30,8,8,42,21,21,50.00,16.7,100.0
3,15,35,8,10,30,8,10,42,24,18,57.14,33.3,100.0
3,15,35,8,10,30,8,15,42,27,15,64.29,33.3,100.0
3,15,35,8,10,30,10,8,42,20,22,47.62,16.7,100.0
3,15,35,8,10,30,10,10,42,23,19,54.76,33.3,100.0
3,15,35,8,10,30,10,15,42,27,15,64.29,33.3,100.0
3,15,35,8,10,30,15,8,42,17,25,40.48,16.7,100.0
3,15,35,8,10,30,15,10,42,19,23,45.24,25.0,100.0
3,15,35,8,10,30,15,15,42,24,18,57.14,33.3,100.0
3,15,35,15,0,0,8,8,95,42,53,44.21,35.0,100.0
3,15,35,15,0,0,8,10,95,46,49,48.42,40.0,100.0
3,15,35,15,0,0,8,15,95,59,36,62.11,56.3,100.0
3,15,35,15,0,0,10,8,94,36,58,38.30,29.4,100.0
3,15,35,15,0,0,10,10,94,40,54,42.55,33.3,100.0
3,15,35,15,0,0,10,15,94,53,41,56.38,44.4,100.0
3,15,35,15,0,0,15,8,94,29,65,30.85,20.0,100.0
3,15,35,15,0,0,15,10,94,32,62,34.04,22.2,100.0
3,15,35,15,0,0,15,15,94,44,50,46.81,33.3,100.0
3,15,35,15,0,15,8,8,58,33,25,56.90,25.0,100.0
3,15,35,15,0,15,8,10,58,35,23,60.34,31.3,100.0
3,15,35,15,0,15,8,15,58,42,16,72.41,56.3,100.0
3,15,35,15,0,15,10,8,58,28,30,48.28,25.0,100.0
3,15,35,15,0,15,10,10,58,30,28,51.72,31.3,100.0
3,15,35,15,0,15,10,15,58,37,21,63.79,50.0,100.0
3,15,35,15,0,15,15,8,58,24,34,41.38,25.0,100.0
3,15,35,15,0,15,15,10,58,25,33,43.10,31.3,100.0
3,15,35,15,0,15,15,15,58,34,24,58.62,50.0,100.0
3,15,35,15,0,30,8,8,58,32,26,55.17,31.3,100.0
3,15,35,15,0,30,8,10,58,35,23,60.34,43.8,100.0
3,15,35,15,0,30,8,15,58,39,19,67.24,50.0,100.0
3,15,35,15,0,30,10,8,58,30,28,51.72,31.3,100.0
3,15,35,15,0,30,10,10,58,33,25,56.90,33.3,100.0
3,15,35,15,0,30,10,15,58,37,21,63.79,50.0,100.0
3,15,35,15,0,30,15,8,58,24,34,41.38,25.0,100.0
3,15,35,15,0,30,15,10,58,27,31,46.55,33.3,100.0
3,15,35,15,0,30,15,15,58,32,26,55.17,41.7,100.0
3,15,35,15,5,0,8,8,55,31,24,56.36,40.0,100.0
3,15,35,15,5,0,8,10,55,34,21,61.82,42.9,100.0
3,15,35,15,5,0,8,15,55,37,18,67.27,53.3,100.0
3,15,35,15,5,0,10,8,54,27,27,50.00,28.6,100.0
3,15,35,15,5,0,10,10,54,28,26,51.85,28.6,100.0
3,15,35,15,5,0,10,15,54,32,22,59.26,40.0,100.0
3,15,35,15,5,0,15,8,54,19,35,35.19,14.3,50.0
3,15,35,15,5,0,15,10,54,22,32,40.74,14.3,60.0
3,15,35,15,5,0,15,15,53,28,25,52.83,28.6,100.0
3,15,35,15,5,15,8,8,44,19,25,43.18,16.7,100.0
3,15,35,15,5,15,8,10,44,20,24,45.45,16.7,100.0
3,15,35,15,5,15,8,15,44,25,19,56.82,33.3,100.0
3,15,35,15,5,15,10,8,44,18,26,40.91,16.7,100.0
3,15,35,15,5,15,10,10,44,19,25,43.18,16.7,100.0
3,15,35,15,5,15,10,15,44,24,20,54.55,33.3,100.0
3,15,35,15,5,15,15,8,44,15,29,34.09,16.7,66.7
3,15,35,15,5,15,15,10,44,16,28,36.36,16.7,66.7
3,15,35,15,5,15,15,15,44,21,23,47.73,33.3,71.4
3,15,35,15,5,30,8,8,42,17,25,40.48,16.7,100.0
3,15,35,15,5,30,8,10,41,19,22,46.34,33.3,100.0
3,15,35,15,5,30,8,15,41,23,18,56.10,33.3,100.0
3,15,35,15,5,30,10,8,42,16,26,38.10,16.7,100.0
3,15,35,15,5,30,10,10,41,18,23,43.90,33.3,100.0
3,15,35,15,5,30,10,15,41,22,19,53.66,33.3,100.0
3,15,35,15,5,30,15,8,42,13,29,30.95,16.7,50.0
3,15,35,15,5,30,15,10,41,15,26,36.59,25.0,50.0
3,15,35,15,5,30,15,15,41,19,22,46.34,33.3,71.4
3,15,35,15,10,0,8,8,44,21,23,47.73,28.6,100.0
3,15,35,15,10,0,8,10,44,24,20,54.55,33.3,100.0
3,15,35,15,10,0,8,15,43,26,17,60.47,33.3,100.0
3,15,35,15,10,0,10,8,44,16,28,36.36,16.7,100.0
3,15,35,15,10,0,10,10,44,20,24,45.45,16.7,100.0
3,15,35,15,10,0,10,15,43,24,19,55.81,33.3,100.0
3,15,35,15,10,0,15,8,44,14,30,31.82,14.3,50.0
3,15,35,15,10,0,15,10,44,17,27,38.64,16.7,53.8
3,15,35,15,10,0,15,15,43,20,23,46.51,28.6,71.4
3,15,35,15,10,15,8,8,32,16,16,50.00,25.0,100.0
3,15,35,15,10,15,8,10,32,16,16,50.00,25.0,100.0
3,15,35,15,10,15,8,15,32,22,10,68.75,40.0,100.0
3,15,35,15,10,15,10,8,32,15,17,46.88,25.0,100.0
3,15,35,15,10,15,10,10,32,15,17,46.88,25.0,100.0
3,15,35,15,10,15,10,15,32,20,12,62.50,40.0,100.0
3,15,35,15,10,15,15,8,32,13,19,40.63,0.0,62.5
3,15,35,15,10,15,15,10,32,13,19,40.63,0.0,62.5
3,15,35,15,10,15,15,15,31,18,13,58.06,0.0,75.0
3,15,35,15,10,30,8,8,34,19,15,55.88,25.0,83.3
3,15,35,15,10,30,8,10,34,19,15,55.88,25.0,83.3
3,15,35,15,10,30,8,15,34,21,13,61.76,25.0,83.3
3,15,35,15,10,30,10,8,34,17,17,50.00,25.0,83.3
3,15,35,15,10,30,10,10,34,18,16,52.94,25.0,83.3
3,15,35,15,10,30,10,15,34,20,14,58.82,25.0,83.3
3,15,35,15,10,30,15,8,34,12,22,35.29,0.0,50.0
3,15,35,15,10,30,15,10,34,13,21,38.24,0.0,66.7
3,15,35,15,10,30,15,15,34,15,19,44.12,0.0,66.7
3,20,15,0,0,0,8,8,597,290,307,48.58,32.9,61.6
3,20,15,0,0,0,8,10,596,327,269,54.87,47.9,64.4
3,20,15,0,0,0,8,15,591,393,198,66.50,58.9,74.0
3,20,15,0,0,0,10,8,596,248,348,41.61,31.5,54.8
3,20,15,0,0,0,10,10,595,287,308,48.24,44.0,58.9
3,20,15,0,0,0,10,15,590,356,234,60.34,54.8,68.5
3,20,15,0,0,0,15,8,595,191,404,32.10,20.5,40.0
3,20,15,0,0,0,15,10,594,228,366,38.38,31.5,45.3
3,20,15,0,0,0,15,15,589,297,292,50.42,43.8,57.5
3,20,15,0,0,15,8,8,389,199,190,51.16,44.2,56.3
3,20,15,0,0,15,8,10,389,217,172,55.78,48.6,62.5
3,20,15,0,0,15,8,15,387,253,134,65.37,59.4,71.7
3,20,15,0,0,15,10,8,388,177,211,45.62,37.1,53.2
3,20,15,0,0,15,10,10,388,196,192,50.52,40.0,61.7
3,20,15,0,0,15,10,15,386,235,151,60.88,54.3,68.9
3,20,15,0,0,15,15,8,388,137,251,35.31,25.7,40.4
3,20,15,0,0,15,15,10,388,151,237,38.92,25.7,46.2
3,20,15,0,0,15,15,15,386,189,197,48.96,42.9,61.5
3,20,15,0,0,30,8,8,325,159,166,48.92,42.2,58.3
3,20,15,0,0,30,8,10,324,172,152,53.09,47.7,58.3
3,20,15,0,0,30,8,15,322,204,118,63.35,57.0,70.8
3,20,15,0,0,30,10,8,325,139,186,42.77,35.6,50.0
3,20,15,0,0,30,10,10,324,153,171,47.22,38.4,55.8
3,20,15,0,0,30,10,15,322,185,137,57.45,50.0,65.7
3,20,15,0,0,30,15,8,325,112,213,34.46,26.9,41.9
3,20,15,0,0,30,15,10,324,125,199,38.58,26.9,48.8
3,20,15,0,0,30,15,15,322,158,164,49.07,38.5,55.8
3,20,15,0,5,0,8,8,294,129,165,43.88,33.3,50.0
3,20,15,0,5,0,8,10,294,145,149,49.32,37.5,56.7
3,20,15,0,5,0,8,15,293,175,118,59.73,45.8,72.4
3,20,15,0,5,0,10,8,294,118,176,40.14,29.2,46.7
3,20,15,0,5,0,10,10,294,134,160,45.58,33.3,53.3
3,20,15,0,5,0,10,15,293,163,130,55.63,45.8,65.5
3,20,15,0,5,0,15,8,294,95,199,32.31,20.8,38.6
3,20,15,0,5,0,15,10,294,109,185,37.07,20.8,45.5
3,20,15,0,5,0,15,15,292,136,156,46.58,30.4,52.3
3,20,15,0,5,15,8,8,204,97,107,47.55,38.5,57.1
3,20,15,0,5,15,8,10,204,102,102,50.00,43.9,60.7
3,20,15,0,5,15,8,15,203,124,79,61.08,50.9,76.9
3,20,15,0,5,15,10,8,204,92,112,45.10,38.5,53.6
3,20,15,0,5,15,10,10,204,97,107,47.55,40.4,57.1
3,20,15,0,5,15,10,15,203,115,88,56.65,49.1,73.1
3,20,15,0,5,15,15,8,204,74,130,36.27,34.6,39.3
3,20,15,0,5,15,15,10,204,80,124,39.22,34.6,46.4
3,20,15,0,5,15,15,15,203,97,106,47.78,42.3,57.7
3,20,15,0,5,30,8,8,167,86,81,51.50,40.0,62.5
3,20,15,0,5,30,8,10,167,92,75,55.09,40.0,70.0
3,20,15,0,5,30,8,15,166,107,59,64.46,50.0,80.0
3,20,15,0,5,30,10,8,167,80,87,47.90,30.0,58.3
3,20,15,0,5,30,10,10,167,86,81,51.50,30.0,70.0
3,20,15,0,5,30,10,15,166,99,67,59.64,30.0,80.0
3,20,15,0,5,30,15,8,167,65,102,38.92,27.8,45.8
3,20,15,0,5,30,15,10,167,71,96,42.51,30.0,55.0
3,20,15,0,5,30,15,15,166,83,83,50.00,30.0,66.7
3,20,15,0,10,0,8,8,155,80,75,51.61,42.1,60.0
3,20,15,0,10,0,8,10,155,89,66,57.42,47.4,70.0
3,20,15,0,10,0,8,15,155,96,59,61.94,50.0,75.0
3,20,15,0,10,0,10,8,155,75,80,48.39,25.0,60.0
3,20,15,0,10,0,10,10,155,85,70,54.84,25.0,70.0
3,20,15,0,10,0,10,15,155,93,62,60.00,37.5,75.0
3,20,15,0,10,0,15,8,155,63,92,40.65,25.0,50.0
3,20,15,0,10,0,15,10,155,71,84,45.81,25.0,55.0
3,20,15,0,10,0,15,15,155,81,74,52.26,37.5,60.0
3,20,15,0,10,15,8,8,117,60,57,51.28,35.7,80.0
3,20,15,0,10,15,8,10,117,73,44,62.39,35.7,80.0
3,20,15,0,10,15,8,15,117,79,38,67.52,42.9,85.0
3,20,15,0,10,15,10,8,117,56,61,47.86,28.6,80.0
3,20,15,0,10,15,10,10,117,69,48,58.97,35.7,80.0
3,20,15,0,10,15,10,15,117,76,41,64.96,42.9,85.0
3,20,15,0,10,15,15,8,117,43,74,36.75,21.4,60.0
3,20,15,0,10,15,15,10,117,55,62,47.01,28.6,60.0
3,20,15,0,10,15,15,15,117,65,52,55.56,35.7,75.0
3,20,15,0,10,30,8,8,101,58,43,57.43,45.5,68.2
3,20,15,0,10,30,8,10,101,66,35,65.35,45.5,84.2
3,20,15,0,10,30,8,15,101,74,27,73.27,54.5,84.2
3,20,15,0,10,30,10,8,101,54,47,53.47,41.2,63.6
3,20,15,0,10,30,10,10,101,62,39,61.39,45.5,78.9
3,20,15,0,10,30,10,15,101,72,29,71.29,54.5,81.3
3,20,15,0,10,30,15,8,100,36,64,36.00,29.4,45.5
3,20,15,0,10,30,15,10,100,43,57,43.00,30.0,57.9
3,20,15,0,10,30,15,15,100,59,41,59.00,45.5,73.7
3,20,15,8,0,0,8,8,194,92,102,47.42,25.0,55.2
3,20,15,8,0,0,8,10,194,100,94,51.55,33.3,58.6
3,20,15,8,0,0,8,15,193,120,73,62.18,41.7,79.2
3,20,15,8,0,0,10,8,194,84,110,43.30,25.0,51.7
3,20,15,8,0,0,10,10,194,91,103,46.91,33.3,58.3
3,20,15,8,0,0,10,15,193,111,82,57.51,41.7,79.2
3,20,15,8,0,0,15,8,194,68,126,35.05,25.0,40.0
3,20,15,8,0,0,15,10,194,74,120,38.14,33.3,45.8
3,20,15,8,0,0,15,15,193,95,98,49.22,41.7,62.5
3,20,15,8,0,15,8,8,140,74,66,52.86,41.7,66.7
3,20,15,8,0,15,8,10,140,84,56,60.00,50.0,76.2
3,20,15,8,0,15,8,15,140,91,49,65.00,50.0,81.0
3,20,15,8,0,15,10,8,140,64,76,45.71,31.3,61.9
3,20,15,8,0,15,10,10,140,74,66,52.86,37.5,71.4
3,20,15,8,0,15,10,15,140,82,58,58.57,45.8,76.2
3,20,15,8,0,15,15,8,140,52,88,37.14,18.8,52.4
3,20,15,8,0,15,15,10,140,60,80,42.86,25.0,61.9
3,20,15,8,0,15,15,15,140,72,68,51.43,37.5,76.2
3,20,15,8,0,30,8,8,119,66,53,55.46,40.0,70.6
3,20,15,8,0,30,8,10,119,72,47,60.50,42.9,82.4
3,20,15,8,0,30,8,15,119,77,42,64.71,42.9,82.4
3,20,15,8,0,30,10,8,119,62,57,52.10,33.3,70.6
3,20,15,8,0,30,10,10,119,68,51,57.14,40.0,82.4
3,20,15,8,0,30,10,15,119,73,46,61.34,42.9,82.4
3,20,15,8,0,30,15,8,119,46,73,38.66,20.0,52.9
3,20,15,8,0,30,15,10,119,55,64,46.22,26.7,76.5
3,20,15,8,0,30,15,15,119,61,58,51.26,33.3,76.5
3,20,15,8,5,0,8,8,114,54,60,47.37,29.4,64.7
3,20,15,8,5,0,8,10,114,67,47,58.77,40.0,80.0
3,20,15,8,5,0,8,15,114,78,36,68.42,53.3,81.0
3,20,15,8,5,0,10,8,114,50,64,43.86,29.4,60.0
3,20,15,8,5,0,10,10,114,63,51,55.26,33.3,80.0
3,20,15,8,5,0,10,15,114,75,39,65.79,46.7,81.0
3,20,15,8,5,0,15,8,114,41,73,35.96,28.6,48.0
3,20,15,8,5,0,15,10,113,51,62,45.13,30.8,60.0
3,20,15,8,5,0,15,15,113,65,48,57.52,46.7,71.4
3,20,15,8,5,15,8,8,86,52,34,60.47,50.0,100.0
3,20,15,8,5,15,8,10,86,60,26,69.77,63.6,100.0
3,20,15,8,5,15,8,15,86,65,21,75.58,63.6,100.0
3,20,15,8,5,15,10,8,86,44,42,51.16,40.0,83.3
3,20,15,8,5,15,10,10,86,51,35,59.30,52.9,83.3
3,20,15,8,5,15,10,15,86,56,30,65.12,59.1,83.3
3,20,15,8,5,15,15,8,85,33,52,38.82,28.6,66.7
3,20,15,8,5,15,15,10,85,38,47,44.71,35.7,66.7
3,20,15,8,5,15,15,15,85,47,38,55.29,45.5,66.7
3,20,15,8,5,30,8,8,82,47,35,57.32,46.2,83.3
3,20,15,8,5,30,8,10,82,50,32,60.98,46.2,83.3
3,20,15,8,5,30,8,15,82,56,26,68.29,53.8,83.3
3,20,15,8,5,30,10,8,82,41,41,50.00,38.5,66.7
3,20,15,8,5,30,10,10,82,44,38,53.66,38.5,71.4
3,20,15,8,5,30,10,15,82,50,32,60.98,46.2,73.3
3,20,15,8,5,30,15,8,81,28,53,34.57,21.4,50.0
3,20,15,8,5,30,15,10,81,31,50,38.27,28.6,66.7
3,20,15,8,5,30,15,15,80,39,41,48.75,38.5,66.7
3,20,15,8,10,0,8,8,76,40,36,52.63,33.3,83.3
3,20,15,8,10,0,8,10,76,47,29,61.84,40.0,83.3
3,20,15,8,10,0,8,15,76,52,24,68.42,53.3,83.3
3,20,15,8,10,0,10,8,76,32,44,42.11,9.1,83.3
3,20,15,8,10,0,10,10,76,40,36,52.63,33.3,83.3
3,20,15,8,10,0,10,15,76,45,31,59.21,36.4,83.3
3,20,15,8,10,0,15,8,75,25,50,33.33,9.1,66.7
3,20,15,8,10,0,15,10,75,34,41,45.33,20.0,68.8
3,20,15,8,10,0,15,15,75,38,37,50.67,33.3,68.8
3,20,15,8,10,15,8,8,62,32,30,51.61,30.0,70.0
3,20,15,8,10,15,8,10,62,36,26,58.06,40.0,75.0
3,20,15,8,10,15,8,15,62,41,21,66.13,42.9,83.3
3,20,15,8,10,15,10,8,62,28,34,45.16,20.0,66.7
3,20,15,8,10,15,10,10,62,31,31,50.00,25.0,75.0
3,20,15,8,10,15,10,15,62,37,25,59.68,25.0,83.3
3,20,15,8,10,15,15,8,62,24,38,38.71,20.0,50.0
3,20,15,8,10,15,15,10,62,27,35,43.55,25.0,58.3
3,20,15,8,10,15,15,15,62,33,29,53.23,25.0,75.0
3,20,15,8,10,30,8,8,59,30,29,50.85,25.0,90.0
3,20,15,8,10,30,8,10,58,35,23,60.34,50.0,100.0
3,20,15,8,10,30,8,15,58,37,21,63.79,50.0,100.0
3,20,15,8,10,30,10,8,59,27,32,45.76,20.0,80.0
3,20,15,8,10,30,10,10,58,32,26,55.17,25.0,90.0
3,20,15,8,10,30,10,15,58,35,23,60.34,25.0,100.0
3,20,15,8,10,30,15,8,59,19,40,32.20,10.0,60.0
3,20,15,8,10,30,15,10,58,22,36,37.93,25.0,70.0
3,20,15,8,10,30,15,15,58,27,31,46.55,25.0,80.0
3,20,15,15,0,0,8,8,96,41,55,42.71,29.4,62.5
3,20,15,15,0,0,8,10,96,50,46,52.08,41.2,62.5
3,20,15,15,0,0,8,15,96,65,31,67.71,62.5,80.0
3,20,15,15,0,0,10,8,96,37,59,38.54,23.5,62.5
3,20,15,15,0,0,10,10,96,46,50,47.92,35.3,62.5
3,20,15,15,0,0,10,15,96,61,35,63.54,58.8,75.0
3,20,15,15,0,0,15,8,95,28,67,29.47,17.6,50.0
3,20,15,15,0,0,15,10,95,36,59,37.89,23.5,57.1
3,20,15,15,0,0,15,15,95,52,43,54.74,46.7,71.4
3,20,15,15,0,15,8,8,75,44,31,58.67,38.9,100.0
3,20,15,15,0,15,8,10,75,49,26,65.33,50.0,100.0
3,20,15,15,0,15,8,15,75,55,20,73.33,63.6,100.0
3,20,15,15,0,15,10,8,75,37,38,49.33,36.4,66.7
3,20,15,15,0,15,10,10,75,42,33,56.00,36.4,71.4
3,20,15,15,0,15,10,15,75,48,27,64.00,36.4,71.4
3,20,15,15,0,15,15,8,74,29,45,39.19,27.8,57.1
3,20,15,15,0,15,15,10,74,34,40,45.95,35.7,64.3
3,20,15,15,0,15,15,15,74,40,34,54.05,36.4,71.4
3,20,15,15,0,30,8,8,68,37,31,54.41,35.3,81.8
3,20,15,15,0,30,8,10,68,39,29,57.35,40.0,90.9
3,20,15,15,0,30,8,15,68,46,22,67.65,50.0,90.9
3,20,15,15,0,30,10,8,68,34,34,50.00,28.6,81.8
3,20,15,15,0,30,10,10,68,37,31,54.41,35.7,90.9
3,20,15,15,0,30,10,15,68,44,24,64.71,42.9,90.9
3,20,15,15,0,30,15,8,68,26,42,38.24,20.0,63.6
3,20,15,15,0,30,15,10,68,29,39,42.65,20.0,72.7
3,20,15,15,0,30,15,15,67,36,31,53.73,35.7,81.8
3,20,15,15,5,0,8,8,62,32,30,51.61,20.0,100.0
3,20,15,15,5,0,8,10,62,34,28,54.84,20.0,100.0
3,20,15,15,5,0,8,15,62,42,20,67.74,40.0,100.0
3,20,15,15,5,0,10,8,62,28,34,45.16,20.0,83.3
3,20,15,15,5,0,10,10,62,30,32,48.39,20.0,83.3
3,20,15,15,5,0,10,15,62,38,24,61.29,25.0,83.3
3,20,15,15,5,0,15,8,62,21,41,33.87,20.0,42.9
3,20,15,15,5,0,15,10,62,23,39,37.10,20.0,57.1
3,20,15,15,5,0,15,15,62,32,30,51.61,25.0,64.3
3,20,15,15,5,15,8,8,60,25,35,41.67,16.7,60.0
3,20,15,15,5,15,8,10,60,28,32,46.67,16.7,70.0
3,20,15,15,5,15,8,15,60,37,23,61.67,25.0,90.0
3,20,15,15,5,15,10,8,60,23,37,38.33,16.7,60.0
3,20,15,15,5,15,10,10,60,25,35,41.67,16.7,70.0
3,20,15,15,5,15,10,15,60,34,26,56.67,25.0,90.0
3,20,15,15,5,15,15,8,60,15,45,25.00,11.1,40.0
3,20,15,15,5,15,15,10,60,18,42,30.00,16.7,50.0
3,20,15,15,5,15,15,15,60,29,31,48.33,25.0,70.0
3,20,15,15,5,30,8,8,52,25,27,48.08,25.0,100.0
3,20,15,15,5,30,8,10,52,27,25,51.92,25.0,100.0
3,20,15,15,5,30,8,15,52,32,20,61.54,25.0,100.0
3,20,15,15,5,30,10,8,52,22,30,42.31,22.2,100.0
3,20,15,15,5,30,10,10,52,24,28,46.15,25.0,100.0
3,20,15,15,5,30,10,15,52,29,23,55.77,25.0,100.0
3,20,15,15,5,30,15,8,52,15,37,28.85,11.1,66.7
3,20,15,15,5,30,15,10,52,17,35,32.69,22.2,66.7
3,20,15,15,5,30,15,15,52,24,28,46.15,25.0,100.0
3,20,15,15,10,0,8,8,50,23,27,46.00,11.1,100.0
3,20,15,15,10,0,8,10,50,26,24,52.00,22.2,100.0
3,20,15,15,10,0,8,15,50,32,18,64.00,33.3,100.0
3,20,15,15,10,0,10,8,50,21,29,42.00,11.1,100.0
3,20,15,15,10,0,10,10,50,24,26,48.00,11.1,100.0
3,20,15,15,10,0,10,15,50,31,19,62.00,33.3,100.0
3,20,15,15,10,0,15,8,50,13,37,26.00,0.0,66.7
3,20,15,15,10,0,15,10,50,16,34,32.00,0.0,66.7
3,20,15,15,10,0,15,15,50,23,27,46.00,22.2,100.0
3,20,15,15,10,15,8,8,39,21,18,53.85,40.0,100.0
3,20,15,15,10,15,8,10,39,21,18,53.85,40.0,100.0
3,20,15,15,10,15,8,15,39,26,13,66.67,50.0,100.0
3,20,15,15,10,15,10,8,39,19,20,48.72,33.3,100.0
3,20,15,15,10,15,10,10,39,20,19,51.28,33.3,100.0
3,20,15,15,10,15,10,15,39,23,16,58.97,50.0,100.0
3,20,15,15,10,15,15,8,39,16,23,41.03,33.3,100.0
3,20,15,15,10,15,15,10,39,16,23,41.03,33.3,100.0
3,20,15,15,10,15,15,15,39,21,18,53.85,45.5,100.0
3,20,15,15,10,30,8,8,36,22,14,61.11,50.0,100.0
3,20,15,15,10,30,8,10,36,22,14,61.11,50.0,100.0
3,20,15,15,10,30,8,15,36,23,13,63.89,50.0,100.0
3,20,15,15,10,30,10,8,36,18,18,50.00,33.3,100.0
3,20,15,15,10,30,10,10,36,18,18,50.00,33.3,100.0
3,20,15,15,10,30,10,15,36,19,17,52.78,33.3,100.0
3,20,15,15,10,30,15,8,36,15,21,41.67,0.0,100.0
3,20,15,15,10,30,15,10,36,16,20,44.44,0.0,100.0
3,20,15,15,10,30,15,15,36,17,19,47.22,0.0,100.0
3,20,25,0,0,0,8,8,636,305,331,47.96,35.9,55.4
3,20,25,0,0,0,8,10,635,337,298,53.07,48.7,59.0
3,20,25,0,0,0,8,15,630,404,226,64.13,59.0,67.9
3,20,25,0,0,0,10,8,635,273,362,42.99,34.6,51.8
3,20,25,0,0,0,10,10,634,304,330,47.95,45.2,54.2
3,20,25,0,0,0,10,15,629,370,259,58.82,53.5,63.9
3,20,25,0,0,0,15,8,634,213,421,33.60,23.1,39.7
3,20,25,0,0,0,15,10,633,246,387,38.86,33.3,43.4
3,20,25,0,0,0,15,15,628,313,315,49.84,44.9,55.4
3,20,25,0,0,15,8,8,401,203,198,50.62,40.5,61.1
3,20,25,0,0,15,8,10,401,223,178,55.61,48.1,64.8
3,20,25,0,0,15,8,15,399,260,139,65.16,59.6,75.9
3,20,25,0,0,15,10,8,400,185,215,46.25,33.3,53.7
3,20,25,0,0,15,10,10,400,206,194,51.50,42.9,61.7
3,20,25,0,0,15,10,15,398,243,155,61.06,54.8,68.9
3,20,25,0,0,15,15,8,400,140,260,35.00,21.4,46.3
3,20,25,0,0,15,15,10,400,157,243,39.25,28.6,48.1
3,20,25,0,0,15,15,15,398,193,205,48.49,41.5,57.7
3,20,25,0,0,30,8,8,332,164,168,49.40,43.5,57.4
3,20,25,0,0,30,8,10,331,178,153,53.78,48.8,64.3
3,20,25,0,0,30,8,15,329,207,122,62.92,55.8,71.4
3,20,25,0,0,30,10,8,332,143,189,43.07,34.8,50.0
3,20,25,0,0,30,10,10,331,158,173,47.73,40.7,61.9
3,20,25,0,0,30,10,15,329,185,144,56.23,50.0,66.7
3,20,25,0,0,30,15,8,332,114,218,34.34,20.6,45.2
3,20,25,0,0,30,15,10,331,127,204,38.37,23.5,54.8
3,20,25,0,0,30,15,15,329,155,174,47.11,35.3,59.5
3,20,25,0,5,0,8,8,296,136,160,45.95,37.9,54.8
3,20,25,0,5,0,8,10,296,152,144,51.35,44.4,61.9
3,20,25,0,5,0,8,15,295,181,114,61.36,51.7,72.4
3,20,25,0,5,0,10,8,296,123,173,41.55,31.0,52.4
3,20,25,0,5,0,10,10,296,138,158,46.62,37.9,59.5
3,20,25,0,5,0,10,15,295,168,127,56.95,48.3,69.0
3,20,25,0,5,0,15,8,296,96,200,32.43,17.2,47.6
3,20,25,0,5,0,15,10,296,107,189,36.15,20.7,50.0
3,20,25,0,5,0,15,15,294,136,158,46.26,32.1,57.1
3,20,25,0,5,15,8,8,205,100,105,48.78,38.5,64.5
3,20,25,0,5,15,8,10,205,104,101,50.73,46.2,64.5
3,20,25,0,5,15,8,15,204,129,75,63.24,52.8,77.4
3,20,25,0,5,15,10,8,205,95,110,46.34,38.5,61.3
3,20,25,0,5,15,10,10,205,97,108,47.32,39.4,61.3
3,20,25,0,5,15,10,15,204,119,85,58.33,50.9,69.2
3,20,25,0,5,15,15,8,205,76,129,37.07,28.6,51.6
3,20,25,0,5,15,15,10,205,78,127,38.05,28.6,51.6
3,20,25,0,5,15,15,15,204,100,104,49.02,42.9,61.3
3,20,25,0,5,30,8,8,177,89,88,50.28,38.7,72.0
3,20,25,0,5,30,8,10,177,96,81,54.24,41.9,72.0
3,20,25,0,5,30,8,15,176,116,60,65.91,48.4,84.0
3,20,25,0,5,30,10,8,177,82,95,46.33,36.4,68.0
3,20,25,0,5,30,10,10,177,89,88,50.28,40.0,72.0
3,20,25,0,5,30,10,15,176,106,70,60.23,45.5,80.0
3,20,25,0,5,30,15,8,177,64,113,36.16,27.3,56.0
3,20,25,0,5,30,15,10,177,70,107,39.55,32.3,60.0
3,20,25,0,5,30,15,15,176,86,90,48.86,38.7,72.0
3,20,25,0,10,0,8,8,161,79,82,49.07,30.8,60.0
3,20,25,0,10,0,8,10,161,88,73,54.66,30.8,70.4
3,20,25,0,10,0,8,15,161,101,60,62.73,38.5,75.0
3,20,25,0,10,0,10,8,161,72,89,44.72,23.1,60.0
3,20,25,0,10,0,10,10,161,83,78,51.55,23.1,70.4
3,20,25,0,10,0,10,15,161,93,68,57.76,30.8,75.0
3,20,25,0,10,0,15,8,161,57,104,35.40,23.1,45.0
3,20,25,0,10,0,15,10,161,66,95,40.99,23.1,55.6
3,20,25,0,10,0,15,15,161,79,82,49.07,30.8,59.3
3,20,25,0,10,15,8,8,116,58,58,50.00,35.7,60.0
3,20,25,0,10,15,8,10,116,68,48,58.62,35.7,76.2
3,20,25,0,10,15,8,15,116,76,40,65.52,42.9,85.7
3,20,25,0,10,15,10,8,116,53,63,45.69,28.6,55.6
3,20,25,0,10,15,10,10,116,65,51,56.03,33.3,76.2
3,20,25,0,10,15,10,15,116,71,45,61.21,42.9,81.0
3,20,25,0,10,15,15,8,115,41,74,35.65,21.4,46.7
3,20,25,0,10,15,15,10,115,51,64,44.35,28.6,60.0
3,20,25,0,10,15,15,15,115,60,55,52.17,35.7,71.4
3,20,25,0,10,30,8,8,96,54,42,56.25,33.3,100.0
3,20,25,0,10,30,8,10,96,59,37,61.46,33.3,100.0
3,20,25,0,10,30,8,15,96,66,30,68.75,50.0,100.0
3,20,25,0,10,30,10,8,96,51,45,53.13,33.3,100.0
3,20,25,0,10,30,10,10,96,56,40,58.33,33.3,100.0
3,20,25,0,10,30,10,15,96,65,31,67.71,50.0,100.0
3,20,25,0,10,30,15,8,95,33,62,34.74,16.7,100.0
3,20,25,0,10,30,15,10,95,38,57,40.00,16.7,100.0
3,20,25,0,10,30,15,15,95,52,43,54.74,33.3,100.0
3,20,25,8,0,0,8,8,193,92,101,47.67,26.7,56.3
3,20,25,8,0,0,8,10,193,103,90,53.37,40.0,62.5
3,20,25,8,0,0,8,15,192,124,68,64.58,46.7,76.2
3,20,25,8,0,0,10,8,193,84,109,43.52,20.0,53.1
3,20,25,8,0,0,10,10,193,93,100,48.19,26.7,59.4
3,20,25,8,0,0,10,15,192,113,79,58.85,33.3,75.0
3,20,25,8,0,0,15,8,193,67,126,34.72,20.0,46.9
3,20,25,8,0,0,15,10,193,76,117,39.38,26.7,53.1
3,20,25,8,0,0,15,15,192,96,96,50.00,33.3,61.9
3,20,25,8,0,15,8,8,143,76,67,53.15,40.0,63.6
3,20,25,8,0,15,8,10,143,87,56,60.84,40.0,77.3
3,20,25,8,0,15,8,15,143,93,50,65.03,40.0,81.0
3,20,25,8,0,15,10,8,143,65,78,45.45,30.0,59.1
3,20,25,8,0,15,10,10,143,75,68,52.45,30.0,68.2
3,20,25,8,0,15,10,15,143,82,61,57.34,40.0,71.4
3,20,25,8,0,15,15,8,143,50,93,34.97,18.8,50.0
3,20,25,8,0,15,15,10,143,61,82,42.66,20.0,63.6
3,20,25,8,0,15,15,15,143,68,75,47.55,30.0,68.2
3,20,25,8,0,30,8,8,121,64,57,52.89,37.5,70.6
3,20,25,8,0,30,8,10,121,69,52,57.02,37.5,78.9
3,20,25,8,0,30,8,15,121,80,41,66.12,50.0,82.4
3,20,25,8,0,30,10,8,121,61,60,50.41,37.5,70.6
3,20,25,8,0,30,10,10,121,66,55,54.55,37.5,76.5
3,20,25,8,0,30,10,15,121,75,46,61.98,50.0,76.5
3,20,25,8,0,30,15,8,121,45,76,37.19,23.1,52.9
3,20,25,8,0,30,15,10,121,51,70,42.15,25.0,70.6
3,20,25,8,0,30,15,15,121,61,60,50.41,38.5,70.6
3,20,25,8,5,0,8,8,120,50,70,41.67,25.0,53.8
3,20,25,8,5,0,8,10,120,60,60,50.00,25.0,60.9
3,20,25,8,5,0,8,15,120,72,48,60.00,25.0,69.6
3,20,25,8,5,0,10,8,120,44,76,36.67,25.0,43.5
3,20,25,8,5,0,10,10,120,54,66,45.00,25.0,60.9
3,20,25,8,5,0,10,15,120,67,53,55.83,25.0,69.6
3,20,25,8,5,0,15,8,120,37,83,30.83,25.0,34.6
3,20,25,8,5,0,15,10,119,45,74,37.82,25.0,53.3
3,20,25,8,5,0,15,15,119,56,63,47.06,25.0,60.9
3,20,25,8,5,15,8,8,79,47,32,59.49,41.7,100.0
3,20,25,8,5,15,8,10,79,56,23,70.89,58.3,100.0
3,20,25,8,5,15,8,15,79,62,17,78.48,71.4,100.0
3,20,25,8,5,15,10,8,79,42,37,53.16,33.3,100.0
3,20,25,8,5,15,10,10,79,51,28,64.56,50.0,100.0
3,20,25,8,5,15,10,15,79,58,21,73.42,66.7,100.0
3,20,25,8,5,15,15,8,78,30,48,38.46,25.0,100.0
3,20,25,8,5,15,15,10,78,37,41,47.44,33.3,100.0
3,20,25,8,5,15,15,15,78,49,29,62.82,50.0,100.0
3,20,25,8,5,30,8,8,73,43,30,58.90,44.4,100.0
3,20,25,8,5,30,8,10,73,47,26,64.38,57.1,100.0
3,20,25,8,5,30,8,15,73,55,18,75.34,71.4,100.0
3,20,25,8,5,30,10,8,73,37,36,50.68,33.3,100.0
3,20,25,8,5,30,10,10,73,41,32,56.16,47.6,100.0
3,20,25,8,5,30,10,15,73,51,22,69.86,61.9,100.0
3,20,25,8,5,30,15,8,72,26,46,36.11,22.2,100.0
3,20,25,8,5,30,15,10,72,29,43,40.28,31.3,100.0
3,20,25,8,5,30,15,15,72,42,30,58.33,50.0,100.0
3,20,25,8,10,0,8,8,73,40,33,54.79,23.1,100.0
3,20,25,8,10,0,8,10,73,47,26,64.38,38.5,100.0
3,20,25,8,10,0,8,15,73,53,20,72.60,46.2,100.0
3,20,25,8,10,0,10,8,73,35,38,47.95,23.1,100.0
3,20,25,8,10,0,10,10,73,41,32,56.16,38.5,100.0
3,20,25,8,10,0,10,15,73,49,24,67.12,46.2,100.0
3,20,25,8,10,0,15,8,72,24,48,33.33,15.4,66.7
3,20,25,8,10,0,15,10,72,31,41,43.06,23.1,66.7
3,20,25,8,10,0,15,15,71,38,33,53.52,30.8,100.0
3,20,25,8,10,15,8,8,56,31,25,55.36,42.9,100.0
3,20,25,8,10,15,8,10,56,35,21,62.50,50.0,100.0
3,20,25,8,10,15,8,15,56,37,19,66.07,50.0,100.0
3,20,25,8,10,15,10,8,56,29,27,51.79,37.5,100.0
3,20,25,8,10,15,10,10,56,31,25,55.36,37.5,100.0
3,20,25,8,10,15,10,15,56,33,23,58.93,37.5,100.0
3,20,25,8,10,15,15,8,56,24,32,42.86,25.0,53.8
3,20,25,8,10,15,15,10,56,26,30,46.43,25.0,61.5
3,20,25,8,10,15,15,15,55,28,27,50.91,33.3,100.0
3,20,25,8,10,30,8,8,49,24,25,48.98,25.0,100.0
3,20,25,8,10,30,8,10,49,29,20,59.18,44.4,100.0
3,20,25,8,10,30,8,15,49,33,16,67.35,50.0,100.0
3,20,25,8,10,30,10,8,49,22,27,44.90,25.0,100.0
3,20,25,8,10,30,10,10,49,27,22,55.10,37.5,100.0
3,20,25,8,10,30,10,15,49,32,17,65.31,50.0,100.0
3,20,25,8,10,30,15,8,49,18,31,36.73,12.5,100.0
3,20,25,8,10,30,15,10,49,22,27,44.90,22.2,100.0
3,20,25,8,10,30,15,15,49,28,21,57.14,33.3,100.0
3,20,25,15,0,0,8,8,94,42,52,44.68,33.3,100.0
3,20,25,15,0,0,8,10,94,46,48,48.94,43.8,100.0
3,20,25,15,0,0,8,15,94,59,35,62.77,54.5,100.0
3,20,25,15,0,0,10,8,93,37,56,39.78,20.0,100.0
3,20,25,15,0,0,10,10,93,41,52,44.09,30.0,100.0
3,20,25,15,0,0,10,15,93,54,39,58.06,40.0,100.0
3,20,25,15,0,0,15,8,93,30,63,32.26,10.0,100.0
3,20,25,15,0,0,15,10,93,33,60,35.48,20.0,100.0
3,20,25,15,0,0,15,15,93,47,46,50.54,40.0,100.0
3,20,25,15,0,15,8,8,65,40,25,61.54,37.5,100.0
3,20,25,15,0,15,8,10,65,42,23,64.62,43.8,100.0
3,20,25,15,0,15,8,15,65,50,15,76.92,58.3,100.0
3,20,25,15,0,15,10,8,65,36,29,55.38,37.5,100.0
3,20,25,15,0,15,10,10,65,38,27,58.46,43.8,100.0
3,20,25,15,0,15,10,15,65,46,19,70.77,50.0,100.0
3,20,25,15,0,15,15,8,64,28,36,43.75,31.3,100.0
3,20,25,15,0,15,15,10,64,29,35,45.31,33.3,100.0
3,20,25,15,0,15,15,15,64,39,25,60.94,50.0,100.0
3,20,25,15,0,30,8,8,61,37,24,60.66,37.5,100.0
3,20,25,15,0,30,8,10,61,41,20,67.21,50.0,100.0
3,20,25,15,0,30,8,15,61,47,14,77.05,50.0,100.0
3,20,25,15,0,30,10,8,61,35,26,57.38,25.0,100.0
3,20,25,15,0,30,10,10,61,39,22,63.93,50.0,100.0
3,20,25,15,0,30,10,15,61,44,17,72.13,50.0,100.0
3,20,25,15,0,30,15,8,61,27,34,44.26,25.0,100.0
3,20,25,15,0,30,15,10,61,31,30,50.82,33.3,100.0
3,20,25,15,0,30,15,15,61,37,24,60.66,50.0,100.0
3,20,25,15,5,0,8,8,65,34,31,52.31,23.1,100.0
3,20,25,15,5,0,8,10,65,37,28,56.92,23.1,100.0
3,20,25,15,5,0,8,15,65,43,22,66.15,46.2,100.0
3,20,25,15,5,0,10,8,64,29,35,45.31,23.1,100.0
3,20,25,15,5,0,10,10,64,30,34,46.88,23.1,100.0
3,20,25,15,5,0,10,15,64,37,27,57.81,40.0,100.0
3,20,25,15,5,0,15,8,64,22,42,34.38,15.4,57.1
3,20,25,15,5,0,15,10,64,24,40,37.50,15.4,57.1
3,20,25,15,5,0,15,15,63,31,32,49.21,30.8,100.0
3,20,25,15,5,15,8,8,51,23,28,45.10,16.7,100.0
3,20,25,15,5,15,8,10,51,27,24,52.94,16.7,100.0
3,20,25,15,5,15,8,15,51,32,19,62.75,33.3,100.0
3,20,25,15,5,15,10,8,51,21,30,41.18,16.7,100.0
3,20,25,15,5,15,10,10,51,24,27,47.06,16.7,100.0
3,20,25,15,5,15,10,15,51,30,21,58.82,33.3,100.0
3,20,25,15,5,15,15,8,51,16,35,31.37,12.5,66.7
3,20,25,15,5,15,15,10,51,19,32,37.25,16.7,66.7
3,20,25,15,5,15,15,15,50,26,24,52.00,33.3,100.0
3,20,25,15,5,30,8,8,45,19,26,42.22,33.3,100.0
3,20,25,15,5,30,8,10,44,22,22,50.00,33.3,100.0
3,20,25,15,5,30,8,15,44,28,16,63.64,40.0,100.0
3,20,25,15,5,30,10,8,45,17,28,37.78,27.3,100.0
3,20,25,15,5,30,10,10,44,20,24,45.45,27.3,100.0
3,20,25,15,5,30,10,15,44,26,18,59.09,40.0,100.0
3,20,25,15,5,30,15,8,45,13,32,28.89,18.2,50.0
3,20,25,15,5,30,15,10,44,15,29,34.09,18.2,50.0
3,20,25,15,5,30,15,15,43,20,23,46.51,33.3,100.0
3,20,25,15,10,0,8,8,45,24,21,53.33,33.3,100.0
3,20,25,15,10,0,8,10,45,25,20,55.56,33.3,100.0
3,20,25,15,10,0,8,15,45,28,17,62.22,33.3,100.0
3,20,25,15,10,0,10,8,45,21,24,46.67,25.0,100.0
3,20,25,15,10,0,10,10,45,23,22,51.11,25.0,100.0
3,20,25,15,10,0,10,15,45,27,18,60.00,33.3,100.0
3,20,25,15,10,0,15,8,45,18,27,40.00,25.0,63.6
3,20,25,15,10,0,15,10,45,20,25,44.44,25.0,63.6
3,20,25,15,10,0,15,15,45,24,21,53.33,33.3,70.0
3,20,25,15,10,15,8,8,35,19,16,54.29,33.3,100.0
3,20,25,15,10,15,8,10,35,20,15,57.14,33.3,100.0
3,20,25,15,10,15,8,15,35,24,11,68.57,33.3,100.0
3,20,25,15,10,15,10,8,35,18,17,51.43,33.3,60.0
3,20,25,15,10,15,10,10,35,19,16,54.29,33.3,66.7
3,20,25,15,10,15,10,15,35,22,13,62.86,33.3,80.0
3,20,25,15,10,15,15,8,35,14,21,40.00,0.0,57.1
3,20,25,15,10,15,15,10,35,15,20,42.86,0.0,66.7
3,20,25,15,10,15,15,15,34,19,15,55.88,0.0,77.8
3,20,25,15,10,30,8,8,33,22,11,66.67,33.3,100.0
3,20,25,15,10,30,8,10,33,22,11,66.67,33.3,100.0
3,20,25,15,10,30,8,15,33,22,11,66.67,33.3,100.0
3,20,25,15,10,30,10,8,33,17,16,51.52,0.0,100.0
3,20,25,15,10,30,10,10,33,18,15,54.55,0.0,100.0
3,20,25,15,10,30,10,15,33,19,14,57.58,0.0,100.0
3,20,25,15,10,30,15,8,33,13,20,39.39,0.0,66.7
3,20,25,15,10,30,15,10,33,14,19,42.42,0.0,83.3
3,20,25,15,10,30,15,15,33,15,18,45.45,0.0,83.3
3,20,35,0,0,0,8,8,631,304,327,48.18,35.9,54.1
3,20,35,0,0,0,8,10,630,336,294,53.33,48.7,57.6
3,20,35,0,0,0,8,15,625,401,224,64.16,58.8,69.7
3,20,35,0,0,0,10,8,630,272,358,43.17,34.6,49.4
3,20,35,0,0,0,10,10,629,303,326,48.17,45.8,51.8
3,20,35,0,0,0,10,15,624,367,257,58.81,53.6,64.5
3,20,35,0,0,0,15,8,629,211,418,33.55,23.1,40.8
3,20,35,0,0,0,15,10,628,243,385,38.69,33.3,43.4
3,20,35,0,0,0,15,15,623,310,313,49.76,44.9,55.4
3,20,35,0,0,15,8,8,408,202,206,49.51,40.5,59.3
3,20,35,0,0,15,8,10,408,223,185,54.66,48.1,63.0
3,20,35,0,0,15,8,15,406,261,145,64.29,59.8,74.1
3,20,35,0,0,15,10,8,407,184,223,45.21,33.3,54.2
3,20,35,0,0,15,10,10,407,205,202,50.37,42.9,60.4
3,20,35,0,0,15,10,15,405,244,161,60.25,55.1,67.4
3,20,35,0,0,15,15,8,407,139,268,34.15,21.4,44.4
3,20,35,0,0,15,15,10,407,157,250,38.57,28.6,46.3
3,20,35,0,0,15,15,15,405,194,211,47.90,41.8,57.4
3,20,35,0,0,30,8,8,332,165,167,49.70,44.1,57.4
3,20,35,0,0,30,8,10,331,179,152,54.08,47.1,65.9
3,20,35,0,0,30,8,15,329,208,121,63.22,54.0,73.2
3,20,35,0,0,30,10,8,332,143,189,43.07,36.2,51.2
3,20,35,0,0,30,10,10,331,158,173,47.73,39.1,63.4
3,20,35,0,0,30,10,15,329,185,144,56.23,48.3,68.3
3,20,35,0,0,30,15,8,332,114,218,34.34,20.6,43.9
3,20,35,0,0,30,15,10,331,127,204,38.37,23.5,53.7
3,20,35,0,0,30,15,15,329,155,174,47.11,35.3,58.5
3,20,35,0,5,0,8,8,300,133,167,44.33,37.9,54.3
3,20,35,0,5,0,8,10,300,150,150,50.00,43.5,58.5
3,20,35,0,5,0,8,15,299,179,120,59.87,51.7,70.0
3,20,35,0,5,0,10,8,300,121,179,40.33,31.0,51.2
3,20,35,0,5,0,10,10,300,137,163,45.67,37.9,58.5
3,20,35,0,5,0,10,15,299,168,131,56.19,48.3,68.3
3,20,35,0,5,0,15,8,300,93,207,31.00,17.2,43.9
3,20,35,0,5,0,15,10,300,106,194,35.33,20.7,46.3
3,20,35,0,5,0,15,15,298,136,162,45.64,32.1,53.7
3,20,35,0,5,15,8,8,202,98,104,48.51,42.3,63.3
3,20,35,0,5,15,8,10,202,103,99,50.99,45.3,66.7
3,20,35,0,5,15,8,15,201,126,75,62.69,50.9,80.0
3,20,35,0,5,15,10,8,202,92,110,45.54,38.5,60.0
3,20,35,0,5,15,10,10,202,95,107,47.03,39.4,63.3
3,20,35,0,5,15,10,15,201,116,85,57.71,49.1,70.0
3,20,35,0,5,15,15,8,202,73,129,36.14,28.6,46.7
3,20,35,0,5,15,15,10,202,76,126,37.62,28.6,50.0
3,20,35,0,5,15,15,15,201,97,104,48.26,42.1,60.0
3,20,35,0,5,30,8,8,177,87,90,49.15,38.7,70.8
3,20,35,0,5,30,8,10,177,94,83,53.11,41.9,70.8
3,20,35,0,5,30,8,15,176,114,62,64.77,48.4,83.3
3,20,35,0,5,30,10,8,177,79,98,44.63,36.4,66.7
3,20,35,0,5,30,10,10,177,86,91,48.59,39.1,70.8
3,20,35,0,5,30,10,15,176,103,73,58.52,45.5,79.2
3,20,35,0,5,30,15,8,177,63,114,35.59,27.3,54.2
3,20,35,0,5,30,15,10,177,69,108,38.98,31.8,58.3
3,20,35,0,5,30,15,15,176,85,91,48.30,38.7,70.8
3,20,35,0,10,0,8,8,156,78,78,50.00,30.8,63.2
3,20,35,0,10,0,8,10,156,85,71,54.49,30.8,68.4
3,20,35,0,10,0,8,15,156,97,59,62.18,38.5,70.4
3,20,35,0,10,0,10,8,156,72,84,46.15,23.1,63.2
3,20,35,0,10,0,10,10,156,81,75,51.92,23.1,68.4
3,20,35,0,10,0,10,15,156,90,66,57.69,30.8,70.4
3,20,35,0,10,0,15,8,156,57,99,36.54,23.1,52.6
3,20,35,0,10,0,15,10,156,64,92,41.03,23.1,52.6
3,20,35,0,10,0,15,15,156,77,79,49.36,30.8,55.6
3,20,35,0,10,15,8,8,119,54,65,45.38,16.7,57.1
3,20,35,0,10,15,8,10,119,66,53,55.46,16.7,71.4
3,20,35,0,10,15,8,15,119,74,45,62.18,33.3,81.0
3,20,35,0,10,15,10,8,119,48,71,40.34,16.7,54.5
3,20,35,0,10,15,10,10,119,61,58,51.26,16.7,71.4
3,20,35,0,10,15,10,15,119,69,50,57.98,33.3,76.2
3,20,35,0,10,15,15,8,118,35,83,29.66,16.7,39.3
3,20,35,0,10,15,15,10,118,46,72,38.98,16.7,52.4
3,20,35,0,10,15,15,15,118,56,62,47.46,16.7,66.7
3,20,35,0,10,30,8,8,97,48,49,49.48,33.3,100.0
3,20,35,0,10,30,8,10,97,55,42,56.70,33.3,100.0
3,20,35,0,10,30,8,15,97,64,33,65.98,50.0,100.0
3,20,35,0,10,30,10,8,97,46,51,47.42,33.3,100.0
3,20,35,0,10,30,10,10,97,53,44,54.64,33.3,100.0
3,20,35,0,10,30,10,15,97,64,33,65.98,50.0,100.0
3,20,35,0,10,30,15,8,96,29,67,30.21,16.7,100.0
3,20,35,0,10,30,15,10,96,35,61,36.46,16.7,100.0
3,20,35,0,10,30,15,15,96,51,45,53.13,33.3,100.0
3,20,35,8,0,0,8,8,190,92,98,48.42,26.7,57.6
3,20,35,8,0,0,8,10,190,103,87,54.21,40.0,60.9
3,20,35,8,0,0,8,15,189,123,66,65.08,46.7,73.9
3,20,35,8,0,0,10,8,190,84,106,44.21,20.0,54.5
3,20,35,8,0,0,10,10,190,92,98,48.42,26.7,55.2
3,20,35,8,0,0,10,15,189,111,78,58.73,33.3,72.0
3,20,35,8,0,0,15,8,190,67,123,35.26,20.0,48.5
3,20,35,8,0,0,15,10,190,75,115,39.47,26.7,48.5
3,20,35,8,0,0,15,15,189,95,94,50.26,33.3,56.5
3,20,35,8,0,15,8,8,140,71,69,50.71,33.3,63.6
3,20,35,8,0,15,8,10,140,80,60,57.14,33.3,72.7
3,20,35,8,0,15,8,15,140,89,51,63.57,33.3,77.3
3,20,35,8,0,15,10,8,140,62,78,44.29,25.0,59.1
3,20,35,8,0,15,10,10,140,70,70,50.00,25.0,63.6
3,20,35,8,0,15,10,15,140,79,61,56.43,33.3,68.2
3,20,35,8,0,15,15,8,140,49,91,35.00,18.8,50.0
3,20,35,8,0,15,15,10,140,58,82,41.43,25.0,59.1
3,20,35,8,0,15,15,15,140,68,72,48.57,33.3,63.6
3,20,35,8,0,30,8,8,119,61,58,51.26,37.5,65.0
3,20,35,8,0,30,8,10,119,66,53,55.46,37.5,75.0
3,20,35,8,0,30,8,15,119,77,42,64.71,50.0,76.5
3,20,35,8,0,30,10,8,119,57,62,47.90,37.5,64.7
3,20,35,8,0,30,10,10,119,63,56,52.94,37.5,70.6
3,20,35,8,0,30,10,15,119,71,48,59.66,50.0,70.6
3,20,35,8,0,30,15,8,119,41,78,34.45,23.1,47.1
3,20,35,8,0,30,15,10,119,48,71,40.34,25.0,64.7
3,20,35,8,0,30,15,15,119,57,62,47.90,33.3,64.7
3,20,35,8,5,0,8,8,119,47,72,39.50,25.0,54.5
3,20,35,8,5,0,8,10,119,55,64,46.22,25.0,59.1
3,20,35,8,5,0,8,15,119,70,49,58.82,25.0,72.7
3,20,35,8,5,0,10,8,119,42,77,35.29,25.0,45.5
3,20,35,8,5,0,10,10,119,50,69,42.02,25.0,56.5
3,20,35,8,5,0,10,15,119,65,54,54.62,25.0,66.7
3,20,35,8,5,0,15,8,119,35,84,29.41,16.7,36.4
3,20,35,8,5,0,15,10,118,41,77,34.75,18.2,47.8
3,20,35,8,5,0,15,15,118,56,62,47.46,25.0,60.9
3,20,35,8,5,15,8,8,78,42,36,53.85,30.8,100.0
3,20,35,8,5,15,8,10,78,52,26,66.67,53.8,100.0
3,20,35,8,5,15,8,15,78,58,20,74.36,66.7,100.0
3,20,35,8,5,15,10,8,78,36,42,46.15,23.1,100.0
3,20,35,8,5,15,10,10,78,46,32,58.97,46.2,100.0
3,20,35,8,5,15,10,15,78,53,25,67.95,57.1,100.0
3,20,35,8,5,15,15,8,77,26,51,33.77,15.4,100.0
3,20,35,8,5,15,15,10,77,34,43,44.16,30.8,100.0
3,20,35,8,5,15,15,15,77,46,31,59.74,46.2,100.0
3,20,35,8,5,30,8,8,70,35,35,50.00,33.3,100.0
3,20,35,8,5,30,8,10,70,39,31,55.71,38.1,100.0
3,20,35,8,5,30,8,15,70,48,22,68.57,57.1,100.0
3,20,35,8,5,30,10,8,70,29,41,41.43,28.6,100.0
3,20,35,8,5,30,10,10,70,33,37,47.14,33.3,100.0
3,20,35,8,5,30,10,15,70,43,27,61.43,37.5,100.0
3,20,35,8,5,30,15,8,69,21,48,30.43,20.0,100.0
3,20,35,8,5,30,15,10,69,24,45,34.78,28.6,100.0
3,20,35,8,5,30,15,15,69,36,33,52.17,28.6,100.0
3,20,35,8,10,0,8,8,72,34,38,47.22,21.4,100.0
3,20,35,8,10,0,8,10,72,40,32,55.56,35.7,100.0
3,20,35,8,10,0,8,15,72,46,26,63.89,42.9,100.0
3,20,35,8,10,0,10,8,72,30,42,41.67,21.4,100.0
3,20,35,8,10,0,10,10,72,35,37,48.61,35.3,100.0
3,20,35,8,10,0,10,15,72,44,28,61.11,42.9,100.0
3,20,35,8,10,0,15,8,71,23,48,32.39,14.3,100.0
3,20,35,8,10,0,15,10,71,28,43,39.44,21.4,100.0
3,20,35,8,10,0,15,15,71,37,34,52.11,28.6,100.0
3,20,35,8,10,15,8,8,48,24,24,50.00,0.0,100.0
3,20,35,8,10,15,8,10,48,30,18,62.50,33.3,100.0
3,20,35,8,10,15,8,15,48,32,16,66.67,33.3,100.0
3,20,35,8,10,15,10,8,48,24,24,50.00,0.0,100.0
3,20,35,8,10,15,10,10,48,29,19,60.42,33.3,100.0
3,20,35,8,10,15,10,15,48,31,17,64.58,33.3,100.0
3,20,35,8,10,15,15,8,48,18,30,37.50,0.0,55.6
3,20,35,8,10,15,15,10,48,23,25,47.92,33.3,66.7
3,20,35,8,10,15,15,15,47,25,22,53.19,33.3,100.0
3,20,35,8,10,30,8,8,42,21,21,50.00,16.7,100.0
3,20,35,8,10,30,8,10,42,24,18,57.14,33.3,100.0
3,20,35,8,10,30,8,15,42,27,15,64.29,33.3,100.0
3,20,35,8,10,30,10,8,42,20,22,47.62,16.7,100.0
3,20,35,8,10,30,10,10,42,23,19,54.76,33.3,100.0
3,20,35,8,10,30,10,15,42,27,15,64.29,33.3,100.0
3,20,35,8,10,30,15,8,42,17,25,40.48,16.7,100.0
3,20,35,8,10,30,15,10,42,19,23,45.24,25.0,100.0
3,20,35,8,10,30,15,15,42,24,18,57.14,33.3,100.0
3,20,35,15,0,0,8,8,95,42,53,44.21,35.0,100.0
3,20,35,15,0,0,8,10,95,46,49,48.42,40.0,100.0
3,20,35,15,0,0,8,15,95,59,36,62.11,56.3,100.0
3,20,35,15,0,0,10,8,94,36,58,38.30,29.4,100.0
3,20,35,15,0,0,10,10,94,40,54,42.55,33.3,100.0
3,20,35,15,0,0,10,15,94,53,41,56.38,44.4,100.0
3,20,35,15,0,0,15,8,94,29,65,30.85,20.0,100.0
3,20,35,15,0,0,15,10,94,32,62,34.04,22.2,100.0
3,20,35,15,0,0,15,15,94,44,50,46.81,33.3,100.0
3,20,35,15,0,15,8,8,58,33,25,56.90,25.0,100.0
3,20,35,15,0,15,8,10,58,35,23,60.34,31.3,100.0
3,20,35,15,0,15,8,15,58,42,16,72.41,56.3,100.0
3,20,35,15,0,15,10,8,58,28,30,48.28,25.0,100.0
3,20,35,15,0,15,10,10,58,30,28,51.72,31.3,100.0
3,20,35,15,0,15,10,15,58,37,21,63.79,50.0,100.0
3,20,35,15,0,15,15,8,58,24,34,41.38,25.0,100.0
3,20,35,15,0,15,15,10,58,25,33,43.10,31.3,100.0
3,20,35,15,0,15,15,15,58,34,24,58.62,50.0,100.0
3,20,35,15,0,30,8,8,58,32,26,55.17,31.3,100.0
3,20,35,15,0,30,8,10,58,35,23,60.34,43.8,100.0
3,20,35,15,0,30,8,15,58,39,19,67.24,50.0,100.0
3,20,35,15,0,30,10,8,58,30,28,51.72,31.3,100.0
3,20,35,15,0,30,10,10,58,33,25,56.90,33.3,100.0
3,20,35,15,0,30,10,15,58,37,21,63.79,50.0,100.0
3,20,35,15,0,30,15,8,58,24,34,41.38,25.0,100.0
3,20,35,15,0,30,15,10,58,27,31,46.55,33.3,100.0
3,20,35,15,0,30,15,15,58,32,26,55.17,41.7,100.0
3,20,35,15,5,0,8,8,55,31,24,56.36,40.0,100.0
3,20,35,15,5,0,8,10,55,34,21,61.82,42.9,100.0
3,20,35,15,5,0,8,15,55,37,18,67.27,53.3,100.0
3,20,35,15,5,0,10,8,54,27,27,50.00,28.6,100.0
3,20,35,15,5,0,10,10,54,28,26,51.85,28.6,100.0
3,20,35,15,5,0,10,15,54,32,22,59.26,40.0,100.0
3,20,35,15,5,0,15,8,54,19,35,35.19,14.3,50.0
3,20,35,15,5,0,15,10,54,22,32,40.74,14.3,60.0
3,20,35,15,5,0,15,15,53,28,25,52.83,28.6,100.0
3,20,35,15,5,15,8,8,44,19,25,43.18,16.7,100.0
3,20,35,15,5,15,8,10,44,20,24,45.45,16.7,100.0
3,20,35,15,5,15,8,15,44,25,19,56.82,33.3,100.0
3,20,35,15,5,15,10,8,44,18,26,40.91,16.7,100.0
3,20,35,15,5,15,10,10,44,19,25,43.18,16.7,100.0
3,20,35,15,5,15,10,15,44,24,20,54.55,33.3,100.0
3,20,35,15,5,15,15,8,44,15,29,34.09,16.7,66.7
3,20,35,15,5,15,15,10,44,16,28,36.36,16.7,66.7
3,20,35,15,5,15,15,15,44,21,23,47.73,33.3,71.4
3,20,35,15,5,30,8,8,42,17,25,40.48,16.7,100.0
3,20,35,15,5,30,8,10,41,19,22,46.34,33.3,100.0
3,20,35,15,5,30,8,15,41,23,18,56.10,33.3,100.0
3,20,35,15,5,30,10,8,42,16,26,38.10,16.7,100.0
3,20,35,15,5,30,10,10,41,18,23,43.90,33.3,100.0
3,20,35,15,5,30,10,15,41,22,19,53.66,33.3,100.0
3,20,35,15,5,30,15,8,42,13,29,30.95,16.7,50.0
3,20,35,15,5,30,15,10,41,15,26,36.59,25.0,50.0
3,20,35,15,5,30,15,15,41,19,22,46.34,33.3,71.4
3,20,35,15,10,0,8,8,44,21,23,47.73,28.6,100.0
3,20,35,15,10,0,8,10,44,24,20,54.55,33.3,100.0
3,20,35,15,10,0,8,15,43,26,17,60.47,33.3,100.0
3,20,35,15,10,0,10,8,44,16,28,36.36,16.7,100.0
3,20,35,15,10,0,10,10,44,20,24,45.45,16.7,100.0
3,20,35,15,10,0,10,15,43,24,19,55.81,33.3,100.0
3,20,35,15,10,0,15,8,44,14,30,31.82,14.3,50.0
3,20,35,15,10,0,15,10,44,17,27,38.64,16.7,53.8
3,20,35,15,10,0,15,15,43,20,23,46.51,28.6,71.4
3,20,35,15,10,15,8,8,32,16,16,50.00,25.0,100.0
3,20,35,15,10,15,8,10,32,16,16,50.00,25.0,100.0
3,20,35,15,10,15,8,15,32,22,10,68.75,40.0,100.0
3,20,35,15,10,15,10,8,32,15,17,46.88,25.0,100.0
3,20,35,15,10,15,10,10,32,15,17,46.88,25.0,100.0
3,20,35,15,10,15,10,15,32,20,12,62.50,40.0,100.0
3,20,35,15,10,15,15,8,32,13,19,40.63,0.0,62.5
3,20,35,15,10,15,15,10,32,13,19,40.63,0.0,62.5
3,20,35,15,10,15,15,15,31,18,13,58.06,0.0,75.0
3,20,35,15,10,30,8,8,34,19,15,55.88,25.0,83.3
3,20,35,15,10,30,8,10,34,19,15,55.88,25.0,83.3
3,20,35,15,10,30,8,15,34,21,13,61.76,25.0,83.3
3,20,35,15,10,30,10,8,34,17,17,50.00,25.0,83.3
3,20,35,15,10,30,10,10,34,18,16,52.94,25.0,83.3
3,20,35,15,10,30,10,15,34,20,14,58.82,25.0,83.3
3,20,35,15,10,30,15,8,34,12,22,35.29,0.0,50.0
3,20,35,15,10,30,15,10,34,13,21,38.24,0.0,66.7
3,20,35,15,10,30,15,15,34,15,19,44.12,0.0,66.7
5,10,15,0,0,0,8,8,341,153,188,44.87,30.4,55.0
5,10,15,0,0,0,8,10,341,173,168,50.73,37.0,62.5
5,10,15,0,0,0,8,15,338,220,118,65.09,52.2,80.5
5,10,15,0,0,0,10,8,341,136,205,39.88,26.1,50.0
5,10,15,0,0,0,10,10,341,155,186,45.45,30.4,58.3
5,10,15,0,0,0,10,15,338,204,134,60.36,43.5,75.6
5,10,15,0,0,0,15,8,340,100,240,29.41,17.4,35.4
5,10,15,0,0,0,15,10,340,117,223,34.41,21.7,42.6
5,10,15,0,0,0,15,15,336,169,167,50.30,37.8,65.9
5,10,15,0,0,15,8,8,244,119,125,48.77,42.2,57.6
5,10,15,0,0,15,8,10,244,127,117,52.05,45.3,63.6
5,10,15,0,0,15,8,15,242,160,82,66.12,57.8,77.4
5,10,15,0,0,15,10,8,244,104,140,42.62,34.3,51.5
5,10,15,0,0,15,10,10,244,115,129,47.13,40.6,60.6
5,10,15,0,0,15,10,15,242,144,98,59.50,53.1,71.0
5,10,15,0,0,15,15,8,243,77,166,31.69,16.7,38.5
5,10,15,0,0,15,15,10,243,85,158,34.98,16.7,42.9
5,10,15,0,0,15,15,15,240,117,123,48.75,34.8,62.9
5,10,15,0,0,30,8,8,222,103,119,46.40,39.3,57.6
5,10,15,0,0,30,8,10,221,114,107,51.58,45.5,58.6
5,10,15,0,0,30,8,15,220,138,82,62.73,58.3,69.7
5,10,15,0,0,30,10,8,222,94,128,42.34,35.7,50.0
5,10,15,0,0,30,10,10,221,105,116,47.51,39.0,58.6
5,10,15,0,0,30,10,15,220,130,90,59.09,54.2,65.4
5,10,15,0,0,30,15,8,222,71,151,31.98,22.7,42.3
5,10,15,0,0,30,15,10,221,85,136,38.46,22.7,50.0
5,10,15,0,0,30,15,15,220,110,110,50.00,36.4,64.3
5,10,15,0,5,0,8,8,195,84,111,43.08,28.6,56.7
5,10,15,0,5,0,8,10,195,95,100,48.72,35.0,63.3
5,10,15,0,5,0,8,15,194,113,81,58.25,35.0,70.8
5,10,15,0,5,0,10,8,195,76,119,38.97,25.0,47.8
5,10,15,0,5,0,10,10,195,86,109,44.10,25.0,53.3
5,10,15,0,5,0,10,15,194,105,89,54.12,35.0,62.5
5,10,15,0,5,0,15,8,195,59,136,30.26,20.0,43.5
5,10,15,0,5,0,15,10,195,69,126,35.38,20.0,47.8
5,10,15,0,5,0,15,15,194,86,108,44.33,30.0,56.5
5,10,15,0,5,15,8,8,137,64,73,46.72,36.4,68.8
5,10,15,0,5,15,8,10,137,70,67,51.09,36.4,75.0
5,10,15,0,5,15,8,15,136,82,54,60.29,46.4,81.3
5,10,15,0,5,15,10,8,137,58,79,42.34,31.6,56.3
5,10,15,0,5,15,10,10,137,63,74,45.99,33.3,62.5
5,10,15,0,5,15,10,15,136,72,64,52.94,45.0,73.7
5,10,15,0,5,15,15,8,137,49,88,35.77,26.3,50.0
5,10,15,0,5,15,15,10,137,55,82,40.15,27.3,56.3
5,10,15,0,5,15,15,15,136,62,74,45.59,36.4,57.9
5,10,15,0,5,30,8,8,122,54,68,44.26,38.5,56.3
5,10,15,0,5,30,8,10,122,64,58,52.46,42.3,68.8
5,10,15,0,5,30,8,15,121,75,46,61.98,50.0,84.6
5,10,15,0,5,30,10,8,122,47,75,38.52,30.8,50.0
5,10,15,0,5,30,10,10,122,55,67,45.08,35.0,62.5
5,10,15,0,5,30,10,15,121,64,57,52.89,42.3,75.0
5,10,15,0,5,30,15,8,122,38,84,31.15,15.4,38.5
5,10,15,0,5,30,15,10,122,46,76,37.70,30.8,53.8
5,10,15,0,5,30,15,15,121,55,66,45.45,30.8,69.2
5,10,15,0,10,0,8,8,113,50,63,44.25,33.3,54.5
5,10,15,0,10,0,8,10,113,62,51,54.87,33.3,64.7
5,10,15,0,10,0,8,15,113,70,43,61.95,44.4,76.5
5,10,15,0,10,0,10,8,113,46,67,40.71,22.2,54.5
5,10,15,0,10,0,10,10,113,57,56,50.44,22.2,60.0
5,10,15,0,10,0,10,15,113,64,49,56.64,33.3,70.6
5,10,15,0,10,0,15,8,113,39,74,34.51,22.2,50.0
5,10,15,0,10,0,15,10,113,50,63,44.25,22.2,54.5
5,10,15,0,10,0,15,15,113,59,54,52.21,33.3,60.0
5,10,15,0,10,15,8,8,87,40,47,45.98,30.8,66.7
5,10,15,0,10,15,8,10,86,48,38,55.81,41.7,66.7
5,10,15,0,10,15,8,15,86,53,33,61.63,50.0,69.2
5,10,15,0,10,15,10,8,87,36,51,41.38,27.3,66.7
5,10,15,0,10,15,10,10,86,45,41,52.33,36.4,66.7
5,10,15,0,10,15,10,15,86,51,35,59.30,36.4,69.2
5,10,15,0,10,15,15,8,87,26,61,29.89,18.2,66.7
5,10,15,0,10,15,15,10,86,34,52,39.53,27.3,66.7
5,10,15,0,10,15,15,15,86,41,45,47.67,27.3,66.7
5,10,15,0,10,30,8,8,80,41,39,51.25,44.4,66.7
5,10,15,0,10,30,8,10,80,47,33,58.75,44.4,75.0
5,10,15,0,10,30,8,15,80,52,28,65.00,54.5,83.3
5,10,15,0,10,30,10,8,80,35,45,43.75,33.3,66.7
5,10,15,0,10,30,10,10,80,41,39,51.25,33.3,66.7
5,10,15,0,10,30,10,15,80,48,32,60.00,44.4,75.0
5,10,15,0,10,30,15,8,79,24,55,30.38,11.1,66.7
5,10,15,0,10,30,15,10,79,29,50,36.71,11.1,66.7
5,10,15,0,10,30,15,15,79,38,41,48.10,22.2,66.7
5,10,15,8,0,0,8,8,141,64,77,45.39,36.4,56.3
5,10,15,8,0,0,8,10,141,70,71,49.65,40.0,58.8
5,10,15,8,0,0,8,15,140,83,57,59.29,48.4,70.6
5,10,15,8,0,0,10,8,141,58,83,41.13,27.3,56.3
5,10,15,8,0,0,10,10,141,63,78,44.68,35.0,56.3
5,10,15,8,0,0,10,15,140,75,65,53.57,45.5,65.0
5,10,15,8,0,0,15,8,141,46,95,32.62,23.5,40.0
5,10,15,8,0,0,15,10,141,53,88,37.59,34.6,45.0
5,10,15,8,0,0,15,15,140,68,72,48.57,38.7,60.0
5,10,15,8,0,15,8,8,101,45,56,44.55,33.3,61.1
5,10,15,8,0,15,8,10,101,57,44,56.44,33.3,72.7
5,10,15,8,0,15,8,15,101,61,40,60.40,33.3,72.7
5,10,15,8,0,15,10,8,101,40,61,39.60,28.6,55.6
5,10,15,8,0,15,10,10,101,52,49,51.49,33.3,64.3
5,10,15,8,0,15,10,15,101,56,45,55.45,33.3,71.4
5,10,15,8,0,15,15,8,101,31,70,30.69,21.4,44.4
5,10,15,8,0,15,15,10,101,42,59,41.58,22.2,55.6
5,10,15,8,0,15,15,15,101,47,54,46.53,22.2,57.1
5,10,15,8,0,30,8,8,91,42,49,46.15,36.4,52.9
5,10,15,8,0,30,8,10,91,51,40,56.04,37.5,75.0
5,10,15,8,0,30,8,15,91,57,34,62.64,37.5,83.3
5,10,15,8,0,30,10,8,91,40,51,43.96,36.4,50.0
5,10,15,8,0,30,10,10,91,49,42,53.85,37.5,75.0
5,10,15,8,0,30,10,15,91,56,35,61.54,37.5,83.3
5,10,15,8,0,30,15,8,90,30,60,33.33,16.7,41.7
5,10,15,8,0,30,15,10,90,39,51,43.33,37.5,58.3
5,10,15,8,0,30,15,15,90,46,44,51.11,37.5,64.7
5,10,15,8,5,0,8,8,85,36,49,42.35,33.3,66.7
5,10,15,8,5,0,8,10,85,46,39,54.12,40.0,75.0
5,10,15,8,5,0,8,15,85,55,30,64.71,54.5,83.3
5,10,15,8,5,0,10,8,85,34,51,40.00,33.3,66.7
5,10,15,8,5,0,10,10,85,44,41,51.76,36.4,75.0
5,10,15,8,5,0,10,15,85,54,31,63.53,45.5,83.3
5,10,15,8,5,0,15,8,85,24,61,28.24,16.7,66.7
5,10,15,8,5,0,15,10,84,32,52,38.10,26.7,66.7
5,10,15,8,5,0,15,15,84,43,41,51.19,36.4,66.7
5,10,15,8,5,15,8,8,68,34,34,50.00,33.3,71.4
5,10,15,8,5,15,8,10,68,40,28,58.82,46.7,80.0
5,10,15,8,5,15,8,15,68,45,23,66.18,53.3,80.0
5,10,15,8,5,15,10,8,68,31,37,45.59,33.3,60.0
5,10,15,8,5,15,10,10,68,37,31,54.41,41.7,80.0
5,10,15,8,5,15,10,15,68,42,26,61.76,45.5,80.0
5,10,15,8,5,15,15,8,67,22,45,32.84,16.7,50.0
5,10,15,8,5,15,15,10,67,27,40,40.30,16.7,66.7
5,10,15,8,5,15,15,15,67,34,33,50.75,28.6,66.7
5,10,15,8,5,30,8,8,64,33,31,51.56,33.3,80.0
5,10,15,8,5,30,8,10,64,36,28,56.25,46.7,80.0
5,10,15,8,5,30,8,15,64,43,21,67.19,50.0,80.0
5,10,15,8,5,30,10,8,64,31,33,48.44,26.7,80.0
5,10,15,8,5,30,10,10,64,34,30,53.13,40.0,80.0
5,10,15,8,5,30,10,15,64,41,23,64.06,50.0,80.0
5,10,15,8,5,30,15,8,64,23,41,35.94,14.3,60.0
5,10,15,8,5,30,15,10,64,26,38,40.63,28.6,60.0
5,10,15,8,5,30,15,15,63,31,32,49.21,28.6,60.0
5,10,15,8,10,0,8,8,61,24,37,39.34,25.0,50.0
5,10,15,8,10,0,8,10,61,29,32,47.54,33.3,60.0
5,10,15,8,10,0,8,15,61,38,23,62.30,41.7,80.0
5,10,15,8,10,0,10,8,61,22,39,36.07,16.7,50.0
5,10,15,8,10,0,10,10,61,27,34,44.26,25.0,60.0
5,10,15,8,10,0,10,15,61,36,25,59.02,33.3,80.0
5,10,15,8,10,0,15,8,61,17,44,27.87,16.7,40.0
5,10,15,8,10,0,15,10,61,22,39,36.07,20.0,60.0
5,10,15,8,10,0,15,15,61,31,30,50.82,33.3,70.0
5,10,15,8,10,15,8,8,54,28,26,51.85,25.0,87.5
5,10,15,8,10,15,8,10,54,29,25,53.70,25.0,87.5
5,10,15,8,10,15,8,15,54,33,21,61.11,25.0,87.5
5,10,15,8,10,15,10,8,54,26,28,48.15,25.0,87.5
5,10,15,8,10,15,10,10,54,27,27,50.00,25.0,87.5
5,10,15,8,10,15,10,15,54,31,23,57.41,25.0,87.5
5,10,15,8,10,15,15,8,54,23,31,42.59,14.3,87.5
5,10,15,8,10,15,15,10,54,24,30,44.44,14.3,87.5
5,10,15,8,10,15,15,15,54,27,27,50.00,14.3,87.5
5,10,15,8,10,30,8,8,50,28,22,56.00,40.0,100.0
5,10,15,8,10,30,8,10,50,30,20,60.00,40.0,100.0
5,10,15,8,10,30,8,15,50,32,18,64.00,50.0,100.0
5,10,15,8,10,30,10,8,50,23,27,46.00,16.7,100.0
5,10,15,8,10,30,10,10,50,25,25,50.00,16.7,100.0
5,10,15,8,10,30,10,15,50,27,23,54.00,16.7,100.0
5,10,15,8,10,30,15,8,50,20,30,40.00,16.7,100.0
5,10,15,8,10,30,15,10,50,22,28,44.00,16.7,100.0
5,10,15,8,10,30,15,15,50,24,26,48.00,16.7,100.0
5,10,15,15,0,0,8,8,75,32,43,42.67,25.0,71.4
5,10,15,15,0,0,8,10,75,40,35,53.33,35.7,80.0
5,10,15,15,0,0,8,15,75,47,28,62.67,50.0,80.0
5,10,15,15,0,0,10,8,75,28,47,37.33,25.0,71.4
5,10,15,15,0,0,10,10,75,36,39,48.00,35.7,80.0
5,10,15,15,0,0,10,15,75,43,32,57.33,41.7,80.0
5,10,15,15,0,0,15,8,75,20,55,26.67,8.3,42.9
5,10,15,15,0,0,15,10,74,25,49,33.78,16.7,60.0
5,10,15,15,0,0,15,15,74,33,41,44.59,33.3,60.0
5,10,15,15,0,15,8,8,59,28,31,47.46,25.0,66.7
5,10,15,15,0,15,8,10,59,33,26,55.93,41.7,80.0
5,10,15,15,0,15,8,15,59,41,18,69.49,42.9,80.0
5,10,15,15,0,15,10,8,59,24,35,40.68,25.0,66.7
5,10,15,15,0,15,10,10,59,29,30,49.15,33.3,66.7
5,10,15,15,0,15,10,15,59,37,22,62.71,42.9,80.0
5,10,15,15,0,15,15,8,59,20,39,33.90,14.3,66.7
5,10,15,15,0,15,15,10,59,25,34,42.37,25.0,66.7
5,10,15,15,0,15,15,15,59,32,27,54.24,28.6,77.8
5,10,15,15,0,30,8,8,56,29,27,51.79,14.3,87.5
5,10,15,15,0,30,8,10,56,31,25,55.36,28.6,87.5
5,10,15,15,0,30,8,15,56,39,17,69.64,28.6,100.0
5,10,15,15,0,30,10,8,56,25,31,44.64,14.3,75.0
5,10,15,15,0,30,10,10,56,27,29,48.21,28.6,75.0
5,10,15,15,0,30,10,15,56,34,22,60.71,28.6,100.0
5,10,15,15,0,30,15,8,56,23,33,41.07,14.3,75.0
5,10,15,15,0,30,15,10,56,25,31,44.64,28.6,75.0
5,10,15,15,0,30,15,15,55,31,24,56.36,28.6,87.5
5,10,15,15,5,0,8,8,57,28,29,49.12,22.2,100.0
5,10,15,15,5,0,8,10,57,29,28,50.88,22.2,100.0
5,10,15,15,5,0,8,15,56,36,20,64.29,44.4,100.0
5,10,15,15,5,0,10,8,57,24,33,42.11,20.0,83.3
5,10,15,15,5,0,10,10,57,24,33,42.11,20.0,83.3
5,10,15,15,5,0,10,15,56,31,25,55.36,40.0,83.3
5,10,15,15,5,0,15,8,57,20,37,35.09,20.0,66.7
5,10,15,15,5,0,15,10,57,20,37,35.09,20.0,66.7
5,10,15,15,5,0,15,15,56,27,29,48.21,33.3,66.7
5,10,15,15,5,15,8,8,50,23,27,46.00,25.0,100.0
5,10,15,15,5,15,8,10,50,24,26,48.00,25.0,100.0
5,10,15,15,5,15,8,15,50,30,20,60.00,25.0,100.0
5,10,15,15,5,15,10,8,50,19,31,38.00,25.0,100.0
5,10,15,15,5,15,10,10,50,21,29,42.00,25.0,100.0
5,10,15,15,5,15,10,15,50,27,23,54.00,25.0,100.0
5,10,15,15,5,15,15,8,50,13,37,26.00,12.5,66.7
5,10,15,15,5,15,15,10,50,14,36,28.00,12.5,66.7
5,10,15,15,5,15,15,15,50,21,29,42.00,16.7,100.0
5,10,15,15,5,30,8,8,45,21,24,46.67,33.3,100.0
5,10,15,15,5,30,8,10,45,24,21,53.33,33.3,100.0
5,10,15,15,5,30,8,15,45,26,19,57.78,33.3,100.0
5,10,15,15,5,30,10,8,45,19,26,42.22,25.0,100.0
5,10,15,15,5,30,10,10,45,22,23,48.89,25.0,100.0
5,10,15,15,5,30,10,15,45,24,21,53.33,33.3,100.0
5,10,15,15,5,30,15,8,45,12,33,26.67,0.0,66.7
5,10,15,15,5,30,15,10,45,15,30,33.33,0.0,66.7
5,10,15,15,5,30,15,15,45,18,27,40.00,0.0,100.0
5,10,15,15,10,0,8,8,41,22,19,53.66,33.3,100.0
5,10,15,15,10,0,8,10,41,24,17,58.54,33.3,100.0
5,10,15,15,10,0,8,15,41,26,15,63.41,33.3,100.0
5,10,15,15,10,0,10,8,41,16,25,39.02,16.7,100.0
5,10,15,15,10,0,10,10,41,20,21,48.78,16.7,100.0
5,10,15,15,10,0,10,15,41,22,19,53.66,16.7,100.0
5,10,15,15,10,0,15,8,41,11,30,26.83,0.0,66.7
5,10,15,15,10,0,15,10,41,14,27,34.15,0.0,66.7
5,10,15,15,10,0,15,15,41,17,24,41.46,0.0,100.0
5,10,15,15,10,15,8,8,34,18,16,52.94,20.0,100.0
5,10,15,15,10,15,8,10,34,18,16,52.94,20.0,100.0
5,10,15,15,10,15,8,15,34,21,13,61.76,20.0,100.0
5,10,15,15,10,15,10,8,34,17,17,50.00,20.0,100.0
5,10,15,15,10,15,10,10,34,17,17,50.00,20.0,100.0
5,10,15,15,10,15,10,15,34,18,16,52.94,20.0,100.0
5,10,15,15,10,15,15,8,34,15,19,44.12,0.0,100.0
5,10,15,15,10,15,15,10,34,15,19,44.12,0.0,100.0
5,10,15,15,10,15,15,15,34,17,17,50.00,0.0,100.0
5,10,15,15,10,30,8,8,30,16,14,53.33,0.0,100.0
5,10,15,15,10,30,8,10,30,17,13,56.67,0.0,100.0
5,10,15,15,10,30,8,15,30,18,12,60.00,0.0,100.0
5,10,15,15,10,30,10,8,30,14,16,46.67,0.0,100.0
5,10,15,15,10,30,10,10,30,16,14,53.33,0.0,100.0
5,10,15,15,10,30,10,15,30,17,13,56.67,0.0,100.0
5,10,15,15,10,30,15,8,30,12,18,40.00,0.0,100.0
5,10,15,15,10,30,15,10,30,13,17,43.33,0.0,100.0
5,10,15,15,10,30,15,15,30,14,16,46.67,0.0,100.0
5,10,25,0,0,0,8,8,386,181,205,46.89,29.2,52.1
5,10,25,0,0,0,8,10,386,199,187,51.55,35.4,61.5
5,10,25,0,0,0,8,15,383,245,138,63.97,54.2,74.5
5,10,25,0,0,0,10,8,386,164,222,42.49,25.0,46.2
5,10,25,0,0,0,10,10,386,182,204,47.15,29.2,57.7
5,10,25,0,0,0,10,15,383,227,156,59.27,45.8,72.3
5,10,25,0,0,0,15,8,385,126,259,32.73,16.7,41.7
5,10,25,0,0,0,15,10,385,145,240,37.66,20.8,44.7
5,10,25,0,0,0,15,15,381,191,190,50.13,40.4,61.7
5,10,25,0,0,15,8,8,265,139,126,52.45,42.1,62.9
5,10,25,0,0,15,8,10,265,152,113,57.36,47.4,74.3
5,10,25,0,0,15,8,15,263,181,82,68.82,58.8,82.9
5,10,25,0,0,15,10,8,264,118,146,44.70,34.2,57.9
5,10,25,0,0,15,10,10,264,129,135,48.86,36.8,62.9
5,10,25,0,0,15,10,15,262,160,102,61.07,52.9,71.4
5,10,25,0,0,15,15,8,264,92,172,34.85,22.2,45.7
5,10,25,0,0,15,15,10,264,101,163,38.26,22.2,51.4
5,10,25,0,0,15,15,15,261,135,126,51.72,29.4,63.2
5,10,25,0,0,30,8,8,233,119,114,51.07,46.4,60.0
5,10,25,0,0,30,8,10,232,128,104,55.17,47.5,62.1
5,10,25,0,0,30,8,15,231,149,82,64.50,55.7,77.4
5,10,25,0,0,30,10,8,233,107,126,45.92,40.0,54.3
5,10,25,0,0,30,10,10,232,118,114,50.86,41.0,62.1
5,10,25,0,0,30,10,15,231,138,93,59.74,50.8,71.0
5,10,25,0,0,30,15,8,233,83,150,35.62,27.8,45.2
5,10,25,0,0,30,15,10,232,94,138,40.52,27.8,51.6
5,10,25,0,0,30,15,15,231,116,115,50.22,38.9,61.3
5,10,25,0,5,0,8,8,206,100,106,48.54,37.9,60.0
5,10,25,0,5,0,8,10,206,110,96,53.40,44.8,66.7
5,10,25,0,5,0,8,15,205,131,74,63.90,47.1,73.3
5,10,25,0,5,0,10,8,206,89,117,43.20,29.4,56.7
5,10,25,0,5,0,10,10,206,96,110,46.60,29.4,63.3
5,10,25,0,5,0,10,15,205,117,88,57.07,35.3,70.0
5,10,25,0,5,0,15,8,206,70,136,33.98,23.5,50.0
5,10,25,0,5,0,15,10,206,76,130,36.89,23.5,53.3
5,10,25,0,5,0,15,15,205,96,109,46.83,29.4,56.7
5,10,25,0,5,15,8,8,147,70,77,47.62,38.1,55.6
5,10,25,0,5,15,8,10,147,73,74,49.66,42.9,57.1
5,10,25,0,5,15,8,15,146,92,54,63.01,55.6,80.0
5,10,25,0,5,15,10,8,147,65,82,44.22,33.3,55.6
5,10,25,0,5,15,10,10,147,67,80,45.58,33.3,55.6
5,10,25,0,5,15,10,15,146,84,62,57.53,45.0,80.0
5,10,25,0,5,15,15,8,147,55,92,37.41,30.0,44.4
5,10,25,0,5,15,15,10,147,57,90,38.78,30.0,47.6
5,10,25,0,5,15,15,15,146,73,73,50.00,37.5,60.0
5,10,25,0,5,30,8,8,144,71,73,49.31,40.0,64.7
5,10,25,0,5,30,8,10,144,80,64,55.56,45.0,70.6
5,10,25,0,5,30,8,15,143,93,50,65.03,53.6,76.2
5,10,25,0,5,30,10,8,144,61,83,42.36,30.0,64.7
5,10,25,0,5,30,10,10,144,67,77,46.53,35.0,70.6
5,10,25,0,5,30,10,15,143,80,63,55.94,42.9,70.6
5,10,25,0,5,30,15,8,144,49,95,34.03,21.4,52.9
5,10,25,0,5,30,15,10,144,55,89,38.19,28.6,52.9
5,10,25,0,5,30,15,15,143,69,74,48.25,39.3,61.9
5,10,25,0,10,0,8,8,124,65,59,52.42,30.0,64.7
5,10,25,0,10,0,8,10,124,71,53,57.26,30.0,70.6
5,10,25,0,10,0,8,15,124,82,42,66.13,40.0,76.9
5,10,25,0,10,0,10,8,124,61,63,49.19,30.0,64.7
5,10,25,0,10,0,10,10,124,67,57,54.03,30.0,70.6
5,10,25,0,10,0,10,15,124,76,48,61.29,40.0,76.5
5,10,25,0,10,0,15,8,124,47,77,37.90,23.1,44.0
5,10,25,0,10,0,15,10,124,53,71,42.74,30.0,57.1
5,10,25,0,10,0,15,15,124,64,60,51.61,30.0,61.9
5,10,25,0,10,15,8,8,100,47,53,47.00,20.0,62.5
5,10,25,0,10,15,8,10,100,53,47,53.00,20.0,87.5
5,10,25,0,10,15,8,15,99,59,40,59.60,20.0,93.8
5,10,25,0,10,15,10,8,100,42,58,42.00,20.0,61.9
5,10,25,0,10,15,10,10,100,49,51,49.00,20.0,81.3
5,10,25,0,10,15,10,15,99,56,43,56.57,20.0,87.5
5,10,25,0,10,15,15,8,100,30,70,30.00,15.4,42.9
5,10,25,0,10,15,15,10,100,37,63,37.00,20.0,62.5
5,10,25,0,10,15,15,15,99,47,52,47.47,20.0,75.0
5,10,25,0,10,30,8,8,90,45,45,50.00,36.4,68.4
5,10,25,0,10,30,8,10,90,51,39,56.67,36.4,77.8
5,10,25,0,10,30,8,15,90,61,29,67.78,53.8,100.0
5,10,25,0,10,30,10,8,90,40,50,44.44,27.3,57.9
5,10,25,0,10,30,10,10,90,47,43,52.22,27.3,66.7
5,10,25,0,10,30,10,15,90,59,31,65.56,45.5,88.9
5,10,25,0,10,30,15,8,89,26,63,29.21,9.1,40.0
5,10,25,0,10,30,15,10,89,32,57,35.96,9.1,60.0
5,10,25,0,10,30,15,15,89,47,42,52.81,27.3,68.4
5,10,25,8,0,0,8,8,154,69,85,44.81,30.0,55.0
5,10,25,8,0,0,8,10,154,80,74,51.95,40.0,66.7
5,10,25,8,0,0,8,15,153,95,58,62.09,40.0,80.0
5,10,25,8,0,0,10,8,154,65,89,42.21,30.0,55.0
5,10,25,8,0,0,10,10,154,76,78,49.35,35.0,61.1
5,10,25,8,0,0,10,15,153,90,63,58.82,40.0,80.0
5,10,25,8,0,0,15,8,154,57,97,37.01,30.0,50.0
5,10,25,8,0,0,15,10,154,67,87,43.51,35.0,55.0
5,10,25,8,0,0,15,15,153,82,71,53.59,40.0,75.0
5,10,25,8,0,15,8,8,111,53,58,47.75,35.7,66.7
5,10,25,8,0,15,8,10,111,67,44,60.36,42.9,93.3
5,10,25,8,0,15,8,15,111,75,36,67.57,42.9,93.3
5,10,25,8,0,15,10,8,111,47,64,42.34,28.6,60.0
5,10,25,8,0,15,10,10,111,61,50,54.95,42.9,86.7
5,10,25,8,0,15,10,15,111,70,41,63.06,42.9,86.7
5,10,25,8,0,15,15,8,110,33,77,30.00,7.1,46.7
5,10,25,8,0,15,15,10,110,46,64,41.82,21.4,73.3
5,10,25,8,0,15,15,15,109,55,54,50.46,33.3,80.0
5,10,25,8,0,30,8,8,106,50,56,47.17,30.0,70.6
5,10,25,8,0,30,8,10,106,57,49,53.77,40.0,76.5
5,10,25,8,0,30,8,15,106,66,40,62.26,42.9,76.5
5,10,25,8,0,30,10,8,106,49,57,46.23,23.1,70.6
5,10,25,8,0,30,10,10,106,56,50,52.83,38.5,76.5
5,10,25,8,0,30,10,15,106,63,43,59.43,42.9,76.5
5,10,25,8,0,30,15,8,105,37,68,35.24,20.0,52.9
5,10,25,8,0,30,15,10,105,44,61,41.90,30.0,64.7
5,10,25,8,0,30,15,15,105,52,53,49.52,35.0,64.7
5,10,25,8,5,0,8,8,102,37,65,36.27,16.7,50.0
5,10,25,8,5,0,8,10,102,51,51,50.00,16.7,64.7
5,10,25,8,5,0,8,15,102,64,38,62.75,33.3,72.7
5,10,25,8,5,0,10,8,102,35,67,34.31,16.7,45.5
5,10,25,8,5,0,10,10,102,49,53,48.04,16.7,64.7
5,10,25,8,5,0,10,15,102,63,39,61.76,33.3,72.7
5,10,25,8,5,0,15,8,102,24,78,23.53,11.8,31.8
5,10,25,8,5,0,15,10,101,35,66,34.65,16.7,52.9
5,10,25,8,5,0,15,15,101,48,53,47.52,33.3,58.8
5,10,25,8,5,15,8,8,72,42,30,58.33,44.4,100.0
5,10,25,8,5,15,8,10,72,49,23,68.06,61.1,100.0
5,10,25,8,5,15,8,15,72,53,19,73.61,66.7,100.0
5,10,25,8,5,15,10,8,72,38,34,52.78,44.4,100.0
5,10,25,8,5,15,10,10,72,45,27,62.50,46.2,100.0
5,10,25,8,5,15,10,15,72,49,23,68.06,53.8,100.0
5,10,25,8,5,15,15,8,71,24,47,33.80,23.1,100.0
5,10,25,8,5,15,15,10,71,29,42,40.85,23.1,100.0
5,10,25,8,5,15,15,15,71,39,32,54.93,44.4,100.0
5,10,25,8,5,30,8,8,66,32,34,48.48,33.3,100.0
5,10,25,8,5,30,8,10,66,36,30,54.55,44.4,100.0
5,10,25,8,5,30,8,15,66,44,22,66.67,53.8,100.0
5,10,25,8,5,30,10,8,66,26,40,39.39,22.2,100.0
5,10,25,8,5,30,10,10,66,30,36,45.45,33.3,100.0
5,10,25,8,5,30,10,15,66,38,28,57.58,46.2,100.0
5,10,25,8,5,30,15,8,66,18,48,27.27,16.7,100.0
5,10,25,8,5,30,15,10,66,22,44,33.33,27.8,100.0
5,10,25,8,5,30,15,15,66,31,35,46.97,33.3,100.0
5,10,25,8,10,0,8,8,61,32,29,52.46,40.0,100.0
5,10,25,8,10,0,8,10,61,37,24,60.66,50.0,100.0
5,10,25,8,10,0,8,15,61,40,21,65.57,50.0,100.0
5,10,25,8,10,0,10,8,61,29,32,47.54,30.0,100.0
5,10,25,8,10,0,10,10,61,32,29,52.46,40.0,100.0
5,10,25,8,10,0,10,15,61,36,25,59.02,40.0,100.0
5,10,25,8,10,0,15,8,61,23,38,37.70,23.5,100.0
5,10,25,8,10,0,15,10,61,26,35,42.62,29.4,100.0
5,10,25,8,10,0,15,15,61,32,29,52.46,35.3,100.0
5,10,25,8,10,15,8,8,54,30,24,55.56,16.7,100.0
5,10,25,8,10,15,8,10,54,31,23,57.41,16.7,100.0
5,10,25,8,10,15,8,15,54,33,21,61.11,33.3,100.0
5,10,25,8,10,15,10,8,54,28,26,51.85,16.7,100.0
5,10,25,8,10,15,10,10,54,29,25,53.70,16.7,100.0
5,10,25,8,10,15,10,15,54,31,23,57.41,33.3,100.0
5,10,25,8,10,15,15,8,54,25,29,46.30,16.7,77.8
5,10,25,8,10,15,15,10,54,26,28,48.15,16.7,77.8
5,10,25,8,10,15,15,15,53,27,26,50.94,33.3,100.0
5,10,25,8,10,30,8,8,44,27,17,61.36,22.2,100.0
5,10,25,8,10,30,8,10,44,28,16,63.64,33.3,100.0
5,10,25,8,10,30,8,15,44,29,15,65.91,44.4,100.0
5,10,25,8,10,30,10,8,44,27,17,61.36,22.2,100.0
5,10,25,8,10,30,10,10,44,28,16,63.64,33.3,100.0
5,10,25,8,10,30,10,15,44,29,15,65.91,44.4,100.0
5,10,25,8,10,30,15,8,44,21,23,47.73,11.1,66.7
5,10,25,8,10,30,15,10,44,22,22,50.00,22.2,66.7
5,10,25,8,10,30,15,15,43,23,20,53.49,33.3,100.0
5,10,25,15,0,0,8,8,76,34,42,44.74,30.0,83.3
5,10,25,15,0,0,8,10,76,41,35,53.95,33.3,83.3
5,10,25,15,0,0,8,15,76,50,26,65.79,33.3,83.3
5,10,25,15,0,0,10,8,76,31,45,40.79,30.0,83.3
5,10,25,15,0,0,10,10,76,38,38,50.00,33.3,83.3
5,10,25,15,0,0,10,15,76,47,29,61.84,33.3,83.3
5,10,25,15,0,0,15,8,76,24,52,31.58,20.0,50.0
5,10,25,15,0,0,15,10,75,27,48,36.00,26.7,50.0
5,10,25,15,0,0,15,15,75,36,39,48.00,33.3,66.7
5,10,25,15,0,15,8,8,63,33,30,52.38,30.0,100.0
5,10,25,15,0,15,8,10,63,35,28,55.56,35.3,100.0
5,10,25,15,0,15,8,15,63,42,21,66.67,52.9,100.0
5,10,25,15,0,15,10,8,63,29,34,46.03,20.0,100.0
5,10,25,15,0,15,10,10,63,31,32,49.21,30.0,100.0
5,10,25,15,0,15,10,15,63,38,25,60.32,50.0,100.0
5,10,25,15,0,15,15,8,63,21,42,33.33,10.0,100.0
5,10,25,15,0,15,15,10,63,22,41,34.92,20.0,100.0
5,10,25,15,0,15,15,15,63,32,31,50.79,40.0,100.0
5,10,25,15,0,30,8,8,58,28,30,48.28,16.7,100.0
5,10,25,15,0,30,8,10,58,30,28,51.72,16.7,100.0
5,10,25,15,0,30,8,15,58,38,20,65.52,33.3,100.0
5,10,25,15,0,30,10,8,58,24,34,41.38,16.7,100.0
5,10,25,15,0,30,10,10,58,27,31,46.55,16.7,100.0
5,10,25,15,0,30,10,15,58,34,24,58.62,33.3,100.0
5,10,25,15,0,30,15,8,58,19,39,32.76,16.7,100.0
5,10,25,15,0,30,15,10,58,22,36,37.93,16.7,100.0
5,10,25,15,0,30,15,15,58,29,29,50.00,33.3,100.0
5,10,25,15,5,0,8,8,56,31,25,55.36,16.7,100.0
5,10,25,15,5,0,8,10,56,34,22,60.71,33.3,100.0
5,10,25,15,5,0,8,15,55,36,19,65.45,40.0,100.0
5,10,25,15,5,0,10,8,56,28,28,50.00,16.7,100.0
5,10,25,15,5,0,10,10,56,30,26,53.57,33.3,100.0
5,10,25,15,5,0,10,15,55,33,22,60.00,40.0,100.0
5,10,25,15,5,0,15,8,56,21,35,37.50,16.7,54.5
5,10,25,15,5,0,15,10,56,23,33,41.07,33.3,54.5
5,10,25,15,5,0,15,15,54,27,27,50.00,33.3,100.0
5,10,25,15,5,15,8,8,45,24,21,53.33,28.6,100.0
5,10,25,15,5,15,8,10,45,26,19,57.78,33.3,100.0
5,10,25,15,5,15,8,15,45,30,15,66.67,44.4,100.0
5,10,25,15,5,15,10,8,45,23,22,51.11,28.6,100.0
5,10,25,15,5,15,10,10,45,26,19,57.78,33.3,100.0
5,10,25,15,5,15,10,15,45,30,15,66.67,44.4,100.0
5,10,25,15,5,15,15,8,45,17,28,37.78,11.1,66.7
5,10,25,15,5,15,15,10,45,19,26,42.22,11.1,66.7
5,10,25,15,5,15,15,15,44,23,21,52.27,22.2,100.0
5,10,25,15,5,30,8,8,46,24,22,52.17,38.5,100.0
5,10,25,15,5,30,8,10,46,26,20,56.52,38.5,100.0
5,10,25,15,5,30,8,15,46,29,17,63.04,40.0,100.0
5,10,25,15,5,30,10,8,46,21,25,45.65,38.5,100.0
5,10,25,15,5,30,10,10,46,23,23,50.00,38.5,100.0
5,10,25,15,5,30,10,15,46,27,19,58.70,40.0,100.0
5,10,25,15,5,30,15,8,46,17,29,36.96,25.0,50.0
5,10,25,15,5,30,15,10,46,20,26,43.48,25.0,57.1
5,10,25,15,5,30,15,15,46,24,22,52.17,37.5,66.7
5,10,25,15,10,0,8,8,45,23,22,51.11,14.3,100.0
5,10,25,15,10,0,8,10,45,26,19,57.78,33.3,100.0
5,10,25,15,10,0,8,15,45,28,17,62.22,33.3,100.0
5,10,25,15,10,0,10,8,45,18,27,40.00,14.3,55.6
5,10,25,15,10,0,10,10,45,23,22,51.11,25.0,77.8
5,10,25,15,10,0,10,15,45,25,20,55.56,25.0,77.8
5,10,25,15,10,0,15,8,45,13,32,28.89,0.0,50.0
5,10,25,15,10,0,15,10,45,18,27,40.00,0.0,66.7
5,10,25,15,10,0,15,15,45,21,24,46.67,12.5,66.7
5,10,25,15,10,15,8,8,35,18,17,51.43,28.6,66.7
5,10,25,15,10,15,8,10,35,20,15,57.14,42.9,83.3
5,10,25,15,10,15,8,15,35,25,10,71.43,50.0,100.0
5,10,25,15,10,15,10,8,35,15,20,42.86,25.0,66.7
5,10,25,15,10,15,10,10,35,17,18,48.57,25.0,83.3
5,10,25,15,10,15,10,15,35,22,13,62.86,25.0,83.3
5,10,25,15,10,15,15,8,35,12,23,34.29,14.3,57.1
5,10,25,15,10,15,15,10,35,14,21,40.00,16.7,66.7
5,10,25,15,10,15,15,15,35,20,15,57.14,25.0,83.3
5,10,25,15,10,30,8,8,35,18,17,51.43,25.0,66.7
5,10,25,15,10,30,8,10,35,19,16,54.29,25.0,83.3
5,10,25,15,10,30,8,15,35,22,13,62.86,25.0,83.3
5,10,25,15,10,30,10,8,35,17,18,48.57,25.0,66.7
5,10,25,15,10,30,10,10,35,18,17,51.43,25.0,83.3
5,10,25,15,10,30,10,15,35,21,14,60.00,25.0,83.3
5,10,25,15,10,30,15,8,35,12,23,34.29,0.0,57.1
5,10,25,15,10,30,15,10,35,14,21,40.00,0.0,66.7
5,10,25,15,10,30,15,15,35,18,17,51.43,0.0,83.3
5,10,35,0,0,0,8,8,383,184,199,48.04,32.5,54.9
5,10,35,0,0,0,8,10,383,201,182,52.48,35.0,60.8
5,10,35,0,0,0,8,15,380,245,135,64.47,52.5,74.0
5,10,35,0,0,0,10,8,383,164,219,42.82,27.5,46.8
5,10,35,0,0,0,10,10,383,182,201,47.52,30.0,56.9
5,10,35,0,0,0,10,15,380,226,154,59.47,45.0,72.0
5,10,35,0,0,0,15,8,382,128,254,33.51,20.0,42.6
5,10,35,0,0,0,15,10,382,147,235,38.48,22.5,44.7
5,10,35,0,0,0,15,15,378,191,187,50.53,38.5,64.0
5,10,35,0,0,15,8,8,269,141,128,52.42,41.0,68.8
5,10,35,0,0,15,8,10,269,153,116,56.88,45.5,81.3
5,10,35,0,0,15,8,15,267,181,86,67.79,58.8,87.5
5,10,35,0,0,15,10,8,268,121,147,45.15,35.9,59.4
5,10,35,0,0,15,10,10,268,132,136,49.25,40.9,68.8
5,10,35,0,0,15,10,15,266,162,104,60.90,52.9,75.0
5,10,35,0,0,15,15,8,268,92,176,34.33,18.2,50.0
5,10,35,0,0,15,15,10,268,101,167,37.69,18.2,56.3
5,10,35,0,0,15,15,15,265,136,129,51.32,33.3,65.6
5,10,35,0,0,30,8,8,221,115,106,52.04,44.8,65.5
5,10,35,0,0,30,8,10,220,122,98,55.45,48.4,69.0
5,10,35,0,0,30,8,15,219,141,78,64.38,54.8,82.8
5,10,35,0,0,30,10,8,221,103,118,46.61,37.9,62.1
5,10,35,0,0,30,10,10,220,111,109,50.45,42.6,65.5
5,10,35,0,0,30,10,15,219,129,90,58.90,42.9,75.9
5,10,35,0,0,30,15,8,221,78,143,35.29,31.0,51.7
5,10,35,0,0,30,15,10,220,88,132,40.00,31.4,55.2
5,10,35,0,0,30,15,15,219,107,112,48.86,42.6,62.1
5,10,35,0,5,0,8,8,195,96,99,49.23,41.4,60.7
5,10,35,0,5,0,8,10,195,107,88,54.87,46.2,67.9
5,10,35,0,5,0,8,15,194,125,69,64.43,50.0,75.0
5,10,35,0,5,0,10,8,195,88,107,45.13,36.7,60.7
5,10,35,0,5,0,10,10,195,97,98,49.74,40.8,67.9
5,10,35,0,5,0,10,15,194,115,79,59.28,49.0,75.0
5,10,35,0,5,0,15,8,195,65,130,33.33,24.5,50.0
5,10,35,0,5,0,15,10,195,73,122,37.44,26.9,53.6
5,10,35,0,5,0,15,15,194,91,103,46.91,36.7,57.1
5,10,35,0,5,15,8,8,139,64,75,46.04,36.8,52.4
5,10,35,0,5,15,8,10,139,69,70,49.64,40.0,61.9
5,10,35,0,5,15,8,15,138,84,54,60.87,40.0,77.8
5,10,35,0,5,15,10,8,139,59,80,42.45,31.6,50.0
5,10,35,0,5,15,10,10,139,63,76,45.32,31.6,61.1
5,10,35,0,5,15,10,15,138,76,62,55.07,40.0,77.8
5,10,35,0,5,15,15,8,139,50,89,35.97,29.4,40.6
5,10,35,0,5,15,15,10,139,54,85,38.85,29.4,47.6
5,10,35,0,5,15,15,15,138,65,73,47.10,35.3,55.6
5,10,35,0,5,30,8,8,127,61,66,48.03,39.3,56.3
5,10,35,0,5,30,8,10,127,72,55,56.69,46.4,68.8
5,10,35,0,5,30,8,15,126,83,43,65.87,50.0,73.7
5,10,35,0,5,30,10,8,127,51,76,40.16,32.1,56.3
5,10,35,0,5,30,10,10,127,60,67,47.24,33.3,68.8
5,10,35,0,5,30,10,15,126,72,54,57.14,42.9,68.8
5,10,35,0,5,30,15,8,127,43,84,33.86,21.4,50.0
5,10,35,0,5,30,15,10,127,52,75,40.94,28.6,60.0
5,10,35,0,5,30,15,15,126,65,61,51.59,39.3,63.2
5,10,35,0,10,0,8,8,112,59,53,52.68,38.5,100.0
5,10,35,0,10,0,8,10,112,63,49,56.25,38.5,100.0
5,10,35,0,10,0,8,15,112,75,37,66.96,53.8,100.0
5,10,35,0,10,0,10,8,112,53,59,47.32,36.4,100.0
5,10,35,0,10,0,10,10,112,57,55,50.89,36.4,100.0
5,10,35,0,10,0,10,15,112,67,45,59.82,45.5,100.0
5,10,35,0,10,0,15,8,112,42,70,37.50,21.4,100.0
5,10,35,0,10,0,15,10,112,46,66,41.07,28.6,100.0
5,10,35,0,10,0,15,15,112,60,52,53.57,42.9,100.0
5,10,35,0,10,15,8,8,92,40,52,43.48,26.3,57.1
5,10,35,0,10,15,8,10,92,47,45,51.09,33.3,85.7
5,10,35,0,10,15,8,15,91,54,37,59.34,33.3,92.9
5,10,35,0,10,15,10,8,92,37,55,40.22,23.1,57.1
5,10,35,0,10,15,10,10,92,45,47,48.91,30.8,78.6
5,10,35,0,10,15,10,15,91,52,39,57.14,33.3,85.7
5,10,35,0,10,15,15,8,92,26,66,28.26,15.4,42.9
5,10,35,0,10,15,15,10,92,34,58,36.96,18.2,64.3
5,10,35,0,10,15,15,15,91,43,48,47.25,30.0,78.6
5,10,35,0,10,30,8,8,83,40,43,48.19,36.4,100.0
5,10,35,0,10,30,8,10,83,45,38,54.22,36.4,100.0
5,10,35,0,10,30,8,15,83,55,28,66.27,54.5,100.0
5,10,35,0,10,30,10,8,83,37,46,44.58,27.3,100.0
5,10,35,0,10,30,10,10,83,42,41,50.60,27.3,100.0
5,10,35,0,10,30,10,15,83,54,29,65.06,45.5,100.0
5,10,35,0,10,30,15,8,82,23,59,28.05,9.1,100.0
5,10,35,0,10,30,15,10,82,27,55,32.93,9.1,100.0
5,10,35,0,10,30,15,15,82,43,39,52.44,27.3,100.0
5,10,35,8,0,0,8,8,142,68,74,47.89,38.9,100.0
5,10,35,8,0,0,8,10,142,78,64,54.93,38.9,100.0
5,10,35,8,0,0,8,15,141,90,51,63.83,52.8,100.0
5,10,35,8,0,0,10,8,142,64,78,45.07,33.3,100.0
5,10,35,8,0,0,10,10,142,73,69,51.41,33.3,100.0
5,10,35,8,0,0,10,15,141,84,57,59.57,48.1,100.0
5,10,35,8,0,0,15,8,142,55,87,38.73,31.6,100.0
5,10,35,8,0,0,15,10,142,62,80,43.66,33.3,100.0
5,10,35,8,0,0,15,15,141,74,67,52.48,41.7,100.0
5,10,35,8,0,15,8,8,104,48,56,46.15,35.7,66.7
5,10,35,8,0,15,8,10,104,60,44,57.69,46.2,85.7
5,10,35,8,0,15,8,15,104,69,35,66.35,53.8,85.7
5,10,35,8,0,15,10,8,104,42,62,40.38,28.6,66.7
5,10,35,8,0,15,10,10,104,54,50,51.92,38.5,78.6
5,10,35,8,0,15,10,15,104,64,40,61.54,50.0,78.6
5,10,35,8,0,15,15,8,103,29,74,28.16,7.1,42.9
5,10,35,8,0,15,15,10,103,40,63,38.83,21.4,64.3
5,10,35,8,0,15,15,15,103,50,53,48.54,33.3,71.4
5,10,35,8,0,30,8,8,96,44,52,45.83,30.8,100.0
5,10,35,8,0,30,8,10,96,50,46,52.08,40.0,100.0
5,10,35,8,0,30,8,15,96,60,36,62.50,50.0,100.0
5,10,35,8,0,30,10,8,96,42,54,43.75,23.1,100.0
5,10,35,8,0,30,10,10,96,48,48,50.00,35.0,100.0
5,10,35,8,0,30,10,15,96,56,40,58.33,45.0,100.0
5,10,35,8,0,30,15,8,95,31,64,32.63,20.0,100.0
5,10,35,8,0,30,15,10,95,37,58,38.95,25.0,100.0
5,10,35,8,0,30,15,15,95,45,50,47.37,27.3,100.0
5,10,35,8,5,0,8,8,90,34,56,37.78,23.1,100.0
5,10,35,8,5,0,8,10,90,42,48,46.67,23.5,100.0
5,10,35,8,5,0,8,15,90,53,37,58.89,41.2,100.0
5,10,35,8,5,0,10,8,90,32,58,35.56,23.1,100.0
5,10,35,8,5,0,10,10,90,40,50,44.44,23.5,100.0
5,10,35,8,5,0,10,15,90,52,38,57.78,41.2,100.0
5,10,35,8,5,0,15,8,90,25,65,27.78,15.4,100.0
5,10,35,8,5,0,15,10,89,31,58,34.83,17.6,100.0
5,10,35,8,5,0,15,15,89,42,47,47.19,35.3,100.0
5,10,35,8,5,15,8,8,68,40,28,58.82,38.9,100.0
5,10,35,8,5,15,8,10,68,46,22,67.65,55.6,100.0
5,10,35,8,5,15,8,15,68,49,19,72.06,61.1,100.0
5,10,35,8,5,15,10,8,68,36,32,52.94,38.9,100.0
5,10,35,8,5,15,10,10,68,42,26,61.76,53.8,100.0
5,10,35,8,5,15,10,15,68,45,23,66.18,53.8,100.0
5,10,35,8,5,15,15,8,67,24,43,35.82,27.8,100.0
5,10,35,8,5,15,15,10,67,28,39,41.79,30.8,100.0
5,10,35,8,5,15,15,15,67,36,31,53.73,44.4,100.0
5,10,35,8,5,30,8,8,62,28,34,45.16,33.3,100.0
5,10,35,8,5,30,8,10,62,31,31,50.00,41.2,100.0
5,10,35,8,5,30,8,15,62,41,21,66.13,50.0,100.0
5,10,35,8,5,30,10,8,62,23,39,37.10,23.5,100.0
5,10,35,8,5,30,10,10,62,26,36,41.94,29.4,100.0
5,10,35,8,5,30,10,15,62,36,26,58.06,50.0,100.0
5,10,35,8,5,30,15,8,62,17,45,27.42,18.2,100.0
5,10,35,8,5,30,15,10,62,20,42,32.26,18.2,100.0
5,10,35,8,5,30,15,15,62,31,31,50.00,33.3,100.0
5,10,35,8,10,0,8,8,59,29,30,49.15,36.4,100.0
5,10,35,8,10,0,8,10,59,33,26,55.93,41.2,100.0
5,10,35,8,10,0,8,15,59,37,22,62.71,45.5,100.0
5,10,35,8,10,0,10,8,59,26,33,44.07,27.3,100.0
5,10,35,8,10,0,10,10,59,28,31,47.46,29.4,100.0
5,10,35,8,10,0,10,15,59,33,26,55.93,36.4,100.0
5,10,35,8,10,0,15,8,59,20,39,33.90,18.2,50.0
5,10,35,8,10,0,15,10,59,22,37,37.29,23.5,50.0
5,10,35,8,10,0,15,15,58,29,29,50.00,27.3,100.0
5,10,35,8,10,15,8,8,51,24,27,47.06,16.7,100.0
5,10,35,8,10,15,8,10,51,25,26,49.02,16.7,100.0
5,10,35,8,10,15,8,15,51,29,22,56.86,33.3,100.0
5,10,35,8,10,15,10,8,51,23,28,45.10,16.7,100.0
5,10,35,8,10,15,10,10,51,23,28,45.10,16.7,100.0
5,10,35,8,10,15,10,15,51,27,24,52.94,33.3,100.0
5,10,35,8,10,15,15,8,51,21,30,41.18,16.7,100.0
5,10,35,8,10,15,15,10,51,21,30,41.18,16.7,100.0
5,10,35,8,10,15,15,15,50,24,26,48.00,33.3,100.0
5,10,35,8,10,30,8,8,41,23,18,56.10,22.2,100.0
5,10,35,8,10,30,8,10,41,24,17,58.54,33.3,100.0
5,10,35,8,10,30,8,15,41,27,14,65.85,44.4,100.0
5,10,35,8,10,30,10,8,41,22,19,53.66,22.2,100.0
5,10,35,8,10,30,10,10,41,23,18,56.10,33.3,100.0
5,10,35,8,10,30,10,15,41,26,15,63.41,44.4,100.0
5,10,35,8,10,30,15,8,41,17,24,41.46,11.1,100.0
5,10,35,8,10,30,15,10,41,18,23,43.90,22.2,100.0
5,10,35,8,10,30,15,15,41,21,20,51.22,33.3,100.0
5,10,35,15,0,0,8,8,70,31,39,44.29,33.3,100.0
5,10,35,15,0,0,8,10,70,38,32,54.29,33.3,100.0
5,10,35,15,0,0,8,15,70,47,23,67.14,46.7,100.0
5,10,35,15,0,0,10,8,70,28,42,40.00,26.7,100.0
5,10,35,15,0,0,10,10,70,35,35,50.00,26.7,100.0
5,10,35,15,0,0,10,15,70,44,26,62.86,40.0,100.0
5,10,35,15,0,0,15,8,70,24,46,34.29,26.7,100.0
5,10,35,15,0,0,15,10,69,27,42,39.13,26.7,100.0
5,10,35,15,0,0,15,15,69,35,34,50.72,33.3,100.0
5,10,35,15,0,15,8,8,58,32,26,55.17,37.5,100.0
5,10,35,15,0,15,8,10,58,33,25,56.90,37.5,100.0
5,10,35,15,0,15,8,15,58,39,19,67.24,50.0,100.0
5,10,35,15,0,15,10,8,58,29,29,50.00,37.5,100.0
5,10,35,15,0,15,10,10,58,30,28,51.72,37.5,100.0
5,10,35,15,0,15,10,15,58,36,22,62.07,50.0,100.0
5,10,35,15,0,15,15,8,58,23,35,39.66,27.3,100.0
5,10,35,15,0,15,15,10,58,23,35,39.66,27.3,100.0
5,10,35,15,0,15,15,15,58,32,26,55.17,45.5,100.0
5,10,35,15,0,30,8,8,52,26,26,50.00,16.7,100.0
5,10,35,15,0,30,8,10,52,27,25,51.92,16.7,100.0
5,10,35,15,0,30,8,15,52,35,17,67.31,33.3,100.0
5,10,35,15,0,30,10,8,52,25,27,48.08,16.7,100.0
5,10,35,15,0,30,10,10,52,26,26,50.00,16.7,100.0
5,10,35,15,0,30,10,15,52,33,19,63.46,33.3,100.0
5,10,35,15,0,30,15,8,52,21,31,40.38,16.7,100.0
5,10,35,15,0,30,15,10,52,22,30,42.31,16.7,100.0
5,10,35,15,0,30,15,15,52,29,23,55.77,33.3,100.0
5,10,35,15,5,0,8,8,53,27,26,50.94,16.7,100.0
5,10,35,15,5,0,8,10,53,30,23,56.60,33.3,100.0
5,10,35,15,5,0,8,15,52,34,18,65.38,40.0,100.0
5,10,35,15,5,0,10,8,53,25,28,47.17,16.7,100.0
5,10,35,15,5,0,10,10,53,27,26,50.94,33.3,100.0
5,10,35,15,5,0,10,15,52,32,20,61.54,40.0,100.0
5,10,35,15,5,0,15,8,53,17,36,32.08,16.7,50.0
5,10,35,15,5,0,15,10,53,21,32,39.62,22.2,62.5
5,10,35,15,5,0,15,15,51,27,24,52.94,33.3,100.0
5,10,35,15,5,15,8,8,42,18,24,42.86,25.0,100.0
5,10,35,15,5,15,8,10,42,19,23,45.24,25.0,100.0
5,10,35,15,5,15,8,15,42,25,17,59.52,42.9,100.0
5,10,35,15,5,15,10,8,42,18,24,42.86,25.0,100.0
5,10,35,15,5,15,10,10,42,19,23,45.24,25.0,100.0
5,10,35,15,5,15,10,15,42,24,18,57.14,37.5,100.0
5,10,35,15,5,15,15,8,42,15,27,35.71,25.0,66.7
5,10,35,15,5,15,15,10,42,16,26,38.10,25.0,66.7
5,10,35,15,5,15,15,15,41,21,20,51.22,28.6,100.0
5,10,35,15,5,30,8,8,39,21,18,53.85,40.0,100.0
5,10,35,15,5,30,8,10,39,22,17,56.41,40.0,100.0
5,10,35,15,5,30,8,15,39,24,15,61.54,40.0,100.0
5,10,35,15,5,30,10,8,39,18,21,46.15,40.0,100.0
5,10,35,15,5,30,10,10,39,20,19,51.28,40.0,100.0
5,10,35,15,5,30,10,15,39,22,17,56.41,40.0,100.0
5,10,35,15,5,30,15,8,39,15,24,38.46,28.6,50.0
5,10,35,15,5,30,15,10,39,17,22,43.59,28.6,66.7
5,10,35,15,5,30,15,15,38,19,19,50.00,28.6,100.0
5,10,35,15,10,0,8,8,41,23,18,56.10,28.6,76.9
5,10,35,15,10,0,8,10,41,26,15,63.41,28.6,100.0
5,10,35,15,10,0,8,15,41,28,13,68.29,33.3,100.0
5,10,35,15,10,0,10,8,41,19,22,46.34,0.0,76.9
5,10,35,15,10,0,10,10,41,23,18,56.10,28.6,83.3
5,10,35,15,10,0,10,15,41,27,14,65.85,33.3,100.0
5,10,35,15,10,0,15,8,41,15,26,36.59,0.0,61.5
5,10,35,15,10,0,15,10,41,20,21,48.78,0.0,69.2
5,10,35,15,10,0,15,15,41,24,17,58.54,0.0,83.3
5,10,35,15,10,15,8,8,34,18,16,52.94,33.3,100.0
5,10,35,15,10,15,8,10,34,19,15,55.88,33.3,100.0
5,10,35,15,10,15,8,15,34,25,9,73.53,40.0,100.0
5,10,35,15,10,15,10,8,34,13,21,38.24,0.0,55.6
5,10,35,15,10,15,10,10,34,14,20,41.18,0.0,66.7
5,10,35,15,10,15,10,15,34,20,14,58.82,0.0,83.3
5,10,35,15,10,15,15,8,34,11,23,32.35,0.0,44.4
5,10,35,15,10,15,15,10,34,12,22,35.29,0.0,50.0
5,10,35,15,10,15,15,15,34,19,15,55.88,0.0,83.3
5,10,35,15,10,30,8,8,36,18,18,50.00,25.0,100.0
5,10,35,15,10,30,8,10,36,19,17,52.78,25.0,100.0
5,10,35,15,10,30,8,15,36,21,15,58.33,25.0,100.0
5,10,35,15,10,30,10,8,36,14,22,38.89,0.0,50.0
5,10,35,15,10,30,10,10,36,16,20,44.44,0.0,66.7
5,10,35,15,10,30,10,15,36,19,17,52.78,0.0,66.7
5,10,35,15,10,30,15,8,36,10,26,27.78,0.0,44.4
5,10,35,15,10,30,15,10,36,12,24,33.33,0.0,50.0
5,10,35,15,10,30,15,15,36,15,21,41.67,0.0,66.7
5,15,15,0,0,0,8,8,341,153,188,44.87,30.4,55.0
5,15,15,0,0,0,8,10,341,173,168,50.73,37.0,62.5
5,15,15,0,0,0,8,15,338,220,118,65.09,52.2,80.5
5,15,15,0,0,0,10,8,341,136,205,39.88,26.1,50.0
5,15,15,0,0,0,10,10,341,155,186,45.45,30.4,58.3
5,15,15,0,0,0,10,15,338,204,134,60.36,43.5,75.6
5,15,15,0,0,0,15,8,340,100,240,29.41,17.4,35.4
5,15,15,0,0,0,15,10,340,117,223,34.41,21.7,42.6
5,15,15,0,0,0,15,15,336,169,167,50.30,37.8,65.9
5,15,15,0,0,15,8,8,244,119,125,48.77,42.2,57.6
5,15,15,0,0,15,8,10,244,127,117,52.05,45.3,63.6
5,15,15,0,0,15,8,15,242,160,82,66.12,57.8,77.4
5,15,15,0,0,15,10,8,244,104,140,42.62,34.3,51.5
5,15,15,0,0,15,10,10,244,115,129,47.13,40.6,60.6
5,15,15,0,0,15,10,15,242,144,98,59.50,53.1,71.0
5,15,15,0,0,15,15,8,243,77,166,31.69,16.7,38.5
5,15,15,0,0,15,15,10,243,85,158,34.98,16.7,42.9
5,15,15,0,0,15,15,15,240,117,123,48.75,34.8,62.9
5,15,15,0,0,30,8,8,222,103,119,46.40,39.3,57.6
5,15,15,0,0,30,8,10,221,114,107,51.58,45.5,58.6
5,15,15,0,0,30,8,15,220,138,82,62.73,58.3,69.7
5,15,15,0,0,30,10,8,222,94,128,42.34,35.7,50.0
5,15,15,0,0,30,10,10,221,105,116,47.51,39.0,58.6
5,15,15,0,0,30,10,15,220,130,90,59.09,54.2,65.4
5,15,15,0,0,30,15,8,222,71,151,31.98,22.7,42.3
5,15,15,0,0,30,15,10,221,85,136,38.46,22.7,50.0
5,15,15,0,0,30,15,15,220,110,110,50.00,36.4,64.3
5,15,15,0,5,0,8,8,195,84,111,43.08,28.6,56.7
5,15,15,0,5,0,8,10,195,95,100,48.72,35.0,63.3
5,15,15,0,5,0,8,15,194,113,81,58.25,35.0,70.8
5,15,15,0,5,0,10,8,195,76,119,38.97,25.0,47.8
5,15,15,0,5,0,10,10,195,86,109,44.10,25.0,53.3
5,15,15,0,5,0,10,15,194,105,89,54.12,35.0,62.5
5,15,15,0,5,0,15,8,195,59,136,30.26,20.0,43.5
5,15,15,0,5,0,15,10,195,69,126,35.38,20.0,47.8
5,15,15,0,5,0,15,15,194,86,108,44.33,30.0,56.5
5,15,15,0,5,15,8,8,137,64,73,46.72,36.4,68.8
5,15,15,0,5,15,8,10,137,70,67,51.09,36.4,75.0
5,15,15,0,5,15,8,15,136,82,54,60.29,46.4,81.3
5,15,15,0,5,15,10,8,137,58,79,42.34,31.6,56.3
5,15,15,0,5,15,10,10,137,63,74,45.99,33.3,62.5
5,15,15,0,5,15,10,15,136,72,64,52.94,45.0,73.7
5,15,15,0,5,15,15,8,137,49,88,35.77,26.3,50.0
5,15,15,0,5,15,15,10,137,55,82,40.15,27.3,56.3
5,15,15,0,5,15,15,15,136,62,74,45.59,36.4,57.9
5,15,15,0,5,30,8,8,122,54,68,44.26,38.5,56.3
5,15,15,0,5,30,8,10,122,64,58,52.46,42.3,68.8
5,15,15,0,5,30,8,15,121,75,46,61.98,50.0,84.6
5,15,15,0,5,30,10,8,122,47,75,38.52,30.8,50.0
5,15,15,0,5,30,10,10,122,55,67,45.08,35.0,62.5
5,15,15,0,5,30,10,15,121,64,57,52.89,42.3,75.0
5,15,15,0,5,30,15,8,122,38,84,31.15,15.4,38.5
5,15,15,0,5,30,15,10,122,46,76,37.70,30.8,53.8
5,15,15,0,5,30,15,15,121,55,66,45.45,30.8,69.2
5,15,15,0,10,0,8,8,113,50,63,44.25,33.3,54.5
5,15,15,0,10,0,8,10,113,62,51,54.87,33.3,64.7
5,15,15,0,10,0,8,15,113,70,43,61.95,44.4,76.5
5,15,15,0,10,0,10,8,113,46,67,40.71,22.2,54.5
5,15,15,0,10,0,10,10,113,57,56,50.44,22.2,60.0
5,15,15,0,10,0,10,15,113,64,49,56.64,33.3,70.6
5,15,15,0,10,0,15,8,113,39,74,34.51,22.2,50.0
5,15,15,0,10,0,15,10,113,50,63,44.25,22.2,54.5
5,15,15,0,10,0,15,15,113,59,54,52.21,33.3,60.0
5,15,15,0,10,15,8,8,87,40,47,45.98,30.8,66.7
5,15,15,0,10,15,8,10,86,48,38,55.81,41.7,66.7
5,15,15,0,10,15,8,15,86,53,33,61.63,50.0,69.2
5,15,15,0,10,15,10,8,87,36,51,41.38,27.3,66.7
5,15,15,0,10,15,10,10,86,45,41,52.33,36.4,66.7
5,15,15,0,10,15,10,15,86,51,35,59.30,36.4,69.2
5,15,15,0,10,15,15,8,87,26,61,29.89,18.2,66.7
5,15,15,0,10,15,15,10,86,34,52,39.53,27.3,66.7
5,15,15,0,10,15,15,15,86,41,45,47.67,27.3,66.7
5,15,15,0,10,30,8,8,80,41,39,51.25,44.4,66.7
5,15,15,0,10,30,8,10,80,47,33,58.75,44.4,75.0
5,15,15,0,10,30,8,15,80,52,28,65.00,54.5,83.3
5,15,15,0,10,30,10,8,80,35,45,43.75,33.3,66.7
5,15,15,0,10,30,10,10,80,41,39,51.25,33.3,66.7
5,15,15,0,10,30,10,15,80,48,32,60.00,44.4,75.0
5,15,15,0,10,30,15,8,79,24,55,30.38,11.1,66.7
5,15,15,0,10,30,15,10,79,29,50,36.71,11.1,66.7
5,15,15,0,10,30,15,15,79,38,41,48.10,22.2,66.7
5,15,15,8,0,0,8,8,141,64,77,45.39,36.4,56.3
5,15,15,8,0,0,8,10,141,70,71,49.65,40.0,58.8
5,15,15,8,0,0,8,15,140,83,57,59.29,48.4,70.6
5,15,15,8,0,0,10,8,141,58,83,41.13,27.3,56.3
5,15,15,8,0,0,10,10,141,63,78,44.68,35.0,56.3
5,15,15,8,0,0,10,15,140,75,65,53.57,45.5,65.0
5,15,15,8,0,0,15,8,141,46,95,32.62,23.5,40.0
5,15,15,8,0,0,15,10,141,53,88,37.59,34.6,45.0
5,15,15,8,0,0,15,15,140,68,72,48.57,38.7,60.0
5,15,15,8,0,15,8,8,101,45,56,44.55,33.3,61.1
5,15,15,8,0,15,8,10,101,57,44,56.44,33.3,72.7
5,15,15,8,0,15,8,15,101,61,40,60.40,33.3,72.7
5,15,15,8,0,15,10,8,101,40,61,39.60,28.6,55.6
5,15,15,8,0,15,10,10,101,52,49,51.49,33.3,64.3
5,15,15,8,0,15,10,15,101,56,45,55.45,33.3,71.4
5,15,15,8,0,15,15,8,101,31,70,30.69,21.4,44.4
5,15,15,8,0,15,15,10,101,42,59,41.58,22.2,55.6
5,15,15,8,0,15,15,15,101,47,54,46.53,22.2,57.1
5,15,15,8,0,30,8,8,91,42,49,46.15,36.4,52.9
5,15,15,8,0,30,8,10,91,51,40,56.04,37.5,75.0
5,15,15,8,0,30,8,15,91,57,34,62.64,37.5,83.3
5,15,15,8,0,30,10,8,91,40,51,43.96,36.4,50.0
5,15,15,8,0,30,10,10,91,49,42,53.85,37.5,75.0
5,15,15,8,0,30,10,15,91,56,35,61.54,37.5,83.3
5,15,15,8,0,30,15,8,90,30,60,33.33,16.7,41.7
5,15,15,8,0,30,15,10,90,39,51,43.33,37.5,58.3
5,15,15,8,0,30,15,15,90,46,44,51.11,37.5,64.7
5,15,15,8,5,0,8,8,85,36,49,42.35,33.3,66.7
5,15,15,8,5,0,8,10,85,46,39,54.12,40.0,75.0
5,15,15,8,5,0,8,15,85,55,30,64.71,54.5,83.3
5,15,15,8,5,0,10,8,85,34,51,40.00,33.3,66.7
5,15,15,8,5,0,10,10,85,44,41,51.76,36.4,75.0
5,15,15,8,5,0,10,15,85,54,31,63.53,45.5,83.3
5,15,15,8,5,0,15,8,85,24,61,28.24,16.7,66.7
5,15,15,8,5,0,15,10,84,32,52,38.10,26.7,66.7
5,15,15,8,5,0,15,15,84,43,41,51.19,36.4,66.7
5,15,15,8,5,15,8,8,68,34,34,50.00,33.3,71.4
5,15,15,8,5,15,8,10,68,40,28,58.82,46.7,80.0
5,15,15,8,5,15,8,15,68,45,23,66.18,53.3,80.0
5,15,15,8,5,15,10,8,68,31,37,45.59,33.3,60.0
5,15,15,8,5,15,10,10,68,37,31,54.41,41.7,80.0
5,15,15,8,5,15,10,15,68,42,26,61.76,45.5,80.0
5,15,15,8,5,15,15,8,67,22,45,32.84,16.7,50.0
5,15,15,8,5,15,15,10,67,27,40,40.30,16.7,66.7
5,15,15,8,5,15,15,15,67,34,33,50.75,28.6,66.7
5,15,15,8,5,30,8,8,64,33,31,51.56,33.3,80.0
5,15,15,8,5,30,8,10,64,36,28,56.25,46.7,80.0
5,15,15,8,5,30,8,15,64,43,21,67.19,50.0,80.0
5,15,15,8,5,30,10,8,64,31,33,48.44,26.7,80.0
5,15,15,8,5,30,10,10,64,34,30,53.13,40.0,80.0
5,15,15,8,5,30,10,15,64,41,23,64.06,50.0,80.0
5,15,15,8,5,30,15,8,64,23,41,35.94,14.3,60.0
5,15,15,8,5,30,15,10,64,26,38,40.63,28.6,60.0
5,15,15,8,5,30,15,15,63,31,32,49.21,28.6,60.0
5,15,15,8,10,0,8,8,61,24,37,39.34,25.0,50.0
5,15,15,8,10,0,8,10,61,29,32,47.54,33.3,60.0
5,15,15,8,10,0,8,15,61,38,23,62.30,41.7,80.0
5,15,15,8,10,0,10,8,61,22,39,36.07,16.7,50.0
5,15,15,8,10,0,10,10,61,27,34,44.26,25.0,60.0
5,15,15,8,10,0,10,15,61,36,25,59.02,33.3,80.0
5,15,15,8,10,0,15,8,61,17,44,27.87,16.7,40.0
5,15,15,8,10,0,15,10,61,22,39,36.07,20.0,60.0
5,15,15,8,10,0,15,15,61,31,30,50.82,33.3,70.0
5,15,15,8,10,15,8,8,54,28,26,51.85,25.0,87.5
5,15,15,8,10,15,8,10,54,29,25,53.70,25.0,87.5
5,15,15,8,10,15,8,15,54,33,21,61.11,25.0,87.5
5,15,15,8,10,15,10,8,54,26,28,48.15,25.0,87.5
5,15,15,8,10,15,10,10,54,27,27,50.00,25.0,87.5
5,15,15,8,10,15,10,15,54,31,23,57.41,25.0,87.5
5,15,15,8,10,15,15,8,54,23,31,42.59,14.3,87.5
5,15,15,8,10,15,15,10,54,24,30,44.44,14.3,87.5
5,15,15,8,10,15,15,15,54,27,27,50.00,14.3,87.5
5,15,15,8,10,30,8,8,50,28,22,56.00,40.0,100.0
5,15,15,8,10,30,8,10,50,30,20,60.00,40.0,100.0
5,15,15,8,10,30,8,15,50,32,18,64.00,50.0,100.0
5,15,15,8,10,30,10,8,50,23,27,46.00,16.7,100.0
5,15,15,8,10,30,10,10,50,25,25,50.00,16.7,100.0
5,15,15,8,10,30,10,15,50,27,23,54.00,16.7,100.0
5,15,15,8,10,30,15,8,50,20,30,40.00,16.7,100.0
5,15,15,8,10,30,15,10,50,22,28,44.00,16.7,100.0
5,15,15,8,10,30,15,15,50,24,26,48.00,16.7,100.0
5,15,15,15,0,0,8,8,75,32,43,42.67,25.0,71.4
5,15,15,15,0,0,8,10,75,40,35,53.33,35.7,80.0
5,15,15,15,0,0,8,15,75,47,28,62.67,50.0,80.0
5,15,15,15,0,0,10,8,75,28,47,37.33,25.0,71.4
5,15,15,15,0,0,10,10,75,36,39,48.00,35.7,80.0
5,15,15,15,0,0,10,15,75,43,32,57.33,41.7,80.0
5,15,15,15,0,0,15,8,75,20,55,26.67,8.3,42.9
5,15,15,15,0,0,15,10,74,25,49,33.78,16.7,60.0
5,15,15,15,0,0,15,15,74,33,41,44.59,33.3,60.0
5,15,15,15,0,15,8,8,59,28,31,47.46,25.0,66.7
5,15,15,15,0,15,8,10,59,33,26,55.93,41.7,80.0
5,15,15,15,0,15,8,15,59,41,18,69.49,42.9,80.0
5,15,15,15,0,15,10,8,59,24,35,40.68,25.0,66.7
5,15,15,15,0,15,10,10,59,29,30,49.15,33.3,66.7
5,15,15,15,0,15,10,15,59,37,22,62.71,42.9,80.0
5,15,15,15,0,15,15,8,59,20,39,33.90,14.3,66.7
5,15,15,15,0,15,15,10,59,25,34,42.37,25.0,66.7
5,15,15,15,0,15,15,15,59,32,27,54.24,28.6,77.8
5,15,15,15,0,30,8,8,56,29,27,51.79,14.3,87.5
5,15,15,15,0,30,8,10,56,31,25,55.36,28.6,87.5
5,15,15,15,0,30,8,15,56,39,17,69.64,28.6,100.0
5,15,15,15,0,30,10,8,56,25,31,44.64,14.3,75.0
5,15,15,15,0,30,10,10,56,27,29,48.21,28.6,75.0
5,15,15,15,0,30,10,15,56,34,22,60.71,28.6,100.0
5,15,15,15,0,30,15,8,56,23,33,41.07,14.3,75.0
5,15,15,15,0,30,15,10,56,25,31,44.64,28.6,75.0
5,15,15,15,0,30,15,15,55,31,24,56.36,28.6,87.5
5,15,15,15,5,0,8,8,57,28,29,49.12,22.2,100.0
5,15,15,15,5,0,8,10,57,29,28,50.88,22.2,100.0
5,15,15,15,5,0,8,15,56,36,20,64.29,44.4,100.0
5,15,15,15,5,0,10,8,57,24,33,42.11,20.0,83.3
5,15,15,15,5,0,10,10,57,24,33,42.11,20.0,83.3
5,15,15,15,5,0,10,15,56,31,25,55.36,40.0,83.3
5,15,15,15,5,0,15,8,57,20,37,35.09,20.0,66.7
5,15,15,15,5,0,15,10,57,20,37,35.09,20.0,66.7
5,15,15,15,5,0,15,15,56,27,29,48.21,33.3,66.7
5,15,15,15,5,15,8,8,50,23,27,46.00,25.0,100.0
5,15,15,15,5,15,8,10,50,24,26,48.00,25.0,100.0
5,15,15,15,5,15,8,15,50,30,20,60.00,25.0,100.0
5,15,15,15,5,15,10,8,50,19,31,38.00,25.0,100.0
5,15,15,15,5,15,10,10,50,21,29,42.00,25.0,100.0
5,15,15,15,5,15,10,15,50,27,23,54.00,25.0,100.0
5,15,15,15,5,15,15,8,50,13,37,26.00,12.5,66.7
5,15,15,15,5,15,15,10,50,14,36,28.00,12.5,66.7
5,15,15,15,5,15,15,15,50,21,29,42.00,16.7,100.0
5,15,15,15,5,30,8,8,45,21,24,46.67,33.3,100.0
5,15,15,15,5,30,8,10,45,24,21,53.33,33.3,100.0
5,15,15,15,5,30,8,15,45,26,19,57.78,33.3,100.0
5,15,15,15,5,30,10,8,45,19,26,42.22,25.0,100.0
5,15,15,15,5,30,10,10,45,22,23,48.89,25.0,100.0
5,15,15,15,5,30,10,15,45,24,21,53.33,33.3,100.0
5,15,15,15,5,30,15,8,45,12,33,26.67,0.0,66.7
5,15,15,15,5,30,15,10,45,15,30,33.33,0.0,66.7
5,15,15,15,5,30,15,15,45,18,27,40.00,0.0,100.0
5,15,15,15,10,0,8,8,41,22,19,53.66,33.3,100.0
5,15,15,15,10,0,8,10,41,24,17,58.54,33.3,100.0
5,15,15,15,10,0,8,15,41,26,15,63.41,33.3,100.0
5,15,15,15,10,0,10,8,41,16,25,39.02,16.7,100.0
5,15,15,15,10,0,10,10,41,20,21,48.78,16.7,100.0
5,15,15,15,10,0,10,15,41,22,19,53.66,16.7,100.0
5,15,15,15,10,0,15,8,41,11,30,26.83,0.0,66.7
5,15,15,15,10,0,15,10,41,14,27,34.15,0.0,66.7
5,15,15,15,10,0,15,15,41,17,24,41.46,0.0,100.0
5,15,15,15,10,15,8,8,34,18,16,52.94,20.0,100.0
5,15,15,15,10,15,8,10,34,18,16,52.94,20.0,100.0
5,15,15,15,10,15,8,15,34,21,13,61.76,20.0,100.0
5,15,15,15,10,15,10,8,34,17,17,50.00,20.0,100.0
5,15,15,15,10,15,10,10,34,17,17,50.00,20.0,100.0
5,15,15,15,10,15,10,15,34,18,16,52.94,20.0,100.0
5,15,15,15,10,15,15,8,34,15,19,44.12,0.0,100.0
5,15,15,15,10,15,15,10,34,15,19,44.12,0.0,100.0
5,15,15,15,10,15,15,15,34,17,17,50.00,0.0,100.0
5,15,15,15,10,30,8,8,30,16,14,53.33,0.0,100.0
5,15,15,15,10,30,8,10,30,17,13,56.67,0.0,100.0
5,15,15,15,10,30,8,15,30,18,12,60.00,0.0,100.0
5,15,15,15,10,30,10,8,30,14,16,46.67,0.0,100.0
5,15,15,15,10,30,10,10,30,16,14,53.33,0.0,100.0
5,15,15,15,10,30,10,15,30,17,13,56.67,0.0,100.0
5,15,15,15,10,30,15,8,30,12,18,40.00,0.0,100.0
5,15,15,15,10,30,15,10,30,13,17,43.33,0.0,100.0
5,15,15,15,10,30,15,15,30,14,16,46.67,0.0,100.0
5,15,25,0,0,0,8,8,386,181,205,46.89,29.2,52.1
5,15,25,0,0,0,8,10,386,199,187,51.55,35.4,61.5
5,15,25,0,0,0,8,15,383,245,138,63.97,54.2,74.5
5,15,25,0,0,0,10,8,386,164,222,42.49,25.0,46.2
5,15,25,0,0,0,10,10,386,182,204,47.15,29.2,57.7
5,15,25,0,0,0,10,15,383,227,156,59.27,45.8,72.3
5,15,25,0,0,0,15,8,385,126,259,32.73,16.7,41.7
5,15,25,0,0,0,15,10,385,145,240,37.66,20.8,44.7
5,15,25,0,0,0,15,15,381,191,190,50.13,40.4,61.7
5,15,25,0,0,15,8,8,265,139,126,52.45,42.1,62.9
5,15,25,0,0,15,8,10,265,152,113,57.36,47.4,74.3
5,15,25,0,0,15,8,15,263,181,82,68.82,58.8,82.9
5,15,25,0,0,15,10,8,264,118,146,44.70,34.2,57.9
5,15,25,0,0,15,10,10,264,129,135,48.86,36.8,62.9
5,15,25,0,0,15,10,15,262,160,102,61.07,52.9,71.4
5,15,25,0,0,15,15,8,264,92,172,34.85,22.2,45.7
5,15,25,0,0,15,15,10,264,101,163,38.26,22.2,51.4
5,15,25,0,0,15,15,15,261,135,126,51.72,29.4,63.2
5,15,25,0,0,30,8,8,233,119,114,51.07,46.4,60.0
5,15,25,0,0,30,8,10,232,128,104,55.17,47.5,62.1
5,15,25,0,0,30,8,15,231,149,82,64.50,55.7,77.4
5,15,25,0,0,30,10,8,233,107,126,45.92,40.0,54.3
5,15,25,0,0,30,10,10,232,118,114,50.86,41.0,62.1
5,15,25,0,0,30,10,15,231,138,93,59.74,50.8,71.0
5,15,25,0,0,30,15,8,233,83,150,35.62,27.8,45.2
5,15,25,0,0,30,15,10,232,94,138,40.52,27.8,51.6
5,15,25,0,0,30,15,15,231,116,115,50.22,38.9,61.3
5,15,25,0,5,0,8,8,206,100,106,48.54,37.9,60.0
5,15,25,0,5,0,8,10,206,110,96,53.40,44.8,66.7
5,15,25,0,5,0,8,15,205,131,74,63.90,47.1,73.3
5,15,25,0,5,0,10,8,206,89,117,43.20,29.4,56.7
5,15,25,0,5,0,10,10,206,96,110,46.60,29.4,63.3
5,15,25,0,5,0,10,15,205,117,88,57.07,35.3,70.0
5,15,25,0,5,0,15,8,206,70,136,33.98,23.5,50.0
5,15,25,0,5,0,15,10,206,76,130,36.89,23.5,53.3
5,15,25,0,5,0,15,15,205,96,109,46.83,29.4,56.7
5,15,25,0,5,15,8,8,147,70,77,47.62,38.1,55.6
5,15,25,0,5,15,8,10,147,73,74,49.66,42.9,57.1
5,15,25,0,5,15,8,15,146,92,54,63.01,55.6,80.0
5,15,25,0,5,15,10,8,147,65,82,44.22,33.3,55.6
5,15,25,0,5,15,10,10,147,67,80,45.58,33.3,55.6
5,15,25,0,5,15,10,15,146,84,62,57.53,45.0,80.0
5,15,25,0,5,15,15,8,147,55,92,37.41,30.0,44.4
5,15,25,0,5,15,15,10,147,57,90,38.78,30.0,47.6
5,15,25,0,5,15,15,15,146,73,73,50.00,37.5,60.0
5,15,25,0,5,30,8,8,144,71,73,49.31,40.0,64.7
5,15,25,0,5,30,8,10,144,80,64,55.56,45.0,70.6
5,15,25,0,5,30,8,15,143,93,50,65.03,53.6,76.2
5,15,25,0,5,30,10,8,144,61,83,42.36,30.0,64.7
5,15,25,0,5,30,10,10,144,67,77,46.53,35.0,70.6
5,15,25,0,5,30,10,15,143,80,63,55.94,42.9,70.6
5,15,25,0,5,30,15,8,144,49,95,34.03,21.4,52.9
5,15,25,0,5,30,15,10,144,55,89,38.19,28.6,52.9
5,15,25,0,5,30,15,15,143,69,74,48.25,39.3,61.9
5,15,25,0,10,0,8,8,124,65,59,52.42,30.0,64.7
5,15,25,0,10,0,8,10,124,71,53,57.26,30.0,70.6
5,15,25,0,10,0,8,15,124,82,42,66.13,40.0,76.9
5,15,25,0,10,0,10,8,124,61,63,49.19,30.0,64.7
5,15,25,0,10,0,10,10,124,67,57,54.03,30.0,70.6
5,15,25,0,10,0,10,15,124,76,48,61.29,40.0,76.5
5,15,25,0,10,0,15,8,124,47,77,37.90,23.1,44.0
5,15,25,0,10,0,15,10,124,53,71,42.74,30.0,57.1
5,15,25,0,10,0,15,15,124,64,60,51.61,30.0,61.9
5,15,25,0,10,15,8,8,100,47,53,47.00,20.0,62.5
5,15,25,0,10,15,8,10,100,53,47,53.00,20.0,87.5
5,15,25,0,10,15,8,15,99,59,40,59.60,20.0,93.8
5,15,25,0,10,15,10,8,100,42,58,42.00,20.0,61.9
5,15,25,0,10,15,10,10,100,49,51,49.00,20.0,81.3
5,15,25,0,10,15,10,15,99,56,43,56.57,20.0,87.5
5,15,25,0,10,15,15,8,100,30,70,30.00,15.4,42.9
5,15,25,0,10,15,15,10,100,37,63,37.00,20.0,62.5
5,15,25,0,10,15,15,15,99,47,52,47.47,20.0,75.0
5,15,25,0,10,30,8,8,90,45,45,50.00,36.4,68.4
5,15,25,0,10,30,8,10,90,51,39,56.67,36.4,77.8
5,15,25,0,10,30,8,15,90,61,29,67.78,53.8,100.0
5,15,25,0,10,30,10,8,90,40,50,44.44,27.3,57.9
5,15,25,0,10,30,10,10,90,47,43,52.22,27.3,66.7
5,15,25,0,10,30,10,15,90,59,31,65.56,45.5,88.9
5,15,25,0,10,30,15,8,89,26,63,29.21,9.1,40.0
5,15,25,0,10,30,15,10,89,32,57,35.96,9.1,60.0
5,15,25,0,10,30,15,15,89,47,42,52.81,27.3,68.4
5,15,25,8,0,0,8,8,154,69,85,44.81,30.0,55.0
5,15,25,8,0,0,8,10,154,80,74,51.95,40.0,66.7
5,15,25,8,0,0,8,15,153,95,58,62.09,40.0,80.0
5,15,25,8,0,0,10,8,154,65,89,42.21,30.0,55.0
5,15,25,8,0,0,10,10,154,76,78,49.35,35.0,61.1
5,15,25,8,0,0,10,15,153,90,63,58.82,40.0,80.0
5,15,25,8,0,0,15,8,154,57,97,37.01,30.0,50.0
5,15,25,8,0,0,15,10,154,67,87,43.51,35.0,55.0
5,15,25,8,0,0,15,15,153,82,71,53.59,40.0,75.0
5,15,25,8,0,15,8,8,111,53,58,47.75,35.7,66.7
5,15,25,8,0,15,8,10,111,67,44,60.36,42.9,93.3
5,15,25,8,0,15,8,15,111,75,36,67.57,42.9,93.3
5,15,25,8,0,15,10,8,111,47,64,42.34,28.6,60.0
5,15,25,8,0,15,10,10,111,61,50,54.95,42.9,86.7
5,15,25,8,0,15,10,15,111,70,41,63.06,42.9,86.7
5,15,25,8,0,15,15,8,110,33,77,30.00,7.1,46.7
5,15,25,8,0,15,15,10,110,46,64,41.82,21.4,73.3
5,15,25,8,0,15,15,15,109,55,54,50.46,33.3,80.0
5,15,25,8,0,30,8,8,106,50,56,47.17,30.0,70.6
5,15,25,8,0,30,8,10,106,57,49,53.77,40.0,76.5
5,15,25,8,0,30,8,15,106,66,40,62.26,42.9,76.5
5,15,25,8,0,30,10,8,106,49,57,46.23,23.1,70.6
5,15,25,8,0,30,10,10,106,56,50,52.83,38.5,76.5
5,15,25,8,0,30,10,15,106,63,43,59.43,42.9,76.5
5,15,25,8,0,30,15,8,105,37,68,35.24,20.0,52.9
5,15,25,8,0,30,15,10,105,44,61,41.90,30.0,64.7
5,15,25,8,0,30,15,15,105,52,53,49.52,35.0,64.7
5,15,25,8,5,0,8,8,102,37,65,36.27,16.7,50.0
5,15,25,8,5,0,8,10,102,51,51,50.00,16.7,64.7
5,15,25,8,5,0,8,15,102,64,38,62.75,33.3,72.7
5,15,25,8,5,0,10,8,102,35,67,34.31,16.7,45.5
5,15,25,8,5,0,10,10,102,49,53,48.04,16.7,64.7
5,15,25,8,5,0,10,15,102,63,39,61.76,33.3,72.7
5,15,25,8,5,0,15,8,102,24,78,23.53,11.8,31.8
5,15,25,8,5,0,15,10,101,35,66,34.65,16.7,52.9
5,15,25,8,5,0,15,15,101,48,53,47.52,33.3,58.8
5,15,25,8,5,15,8,8,72,42,30,58.33,44.4,100.0
5,15,25,8,5,15,8,10,72,49,23,68.06,61.1,100.0
5,15,25,8,5,15,8,15,72,53,19,73.61,66.7,100.0
5,15,25,8,5,15,10,8,72,38,34,52.78,44.4,100.0
5,15,25,8,5,15,10,10,72,45,27,62.50,46.2,100.0
5,15,25,8,5,15,10,15,72,49,23,68.06,53.8,100.0
5,15,25,8,5,15,15,8,71,24,47,33.80,23.1,100.0
5,15,25,8,5,15,15,10,71,29,42,40.85,23.1,100.0
5,15,25,8,5,15,15,15,71,39,32,54.93,44.4,100.0
5,15,25,8,5,30,8,8,66,32,34,48.48,33.3,100.0
5,15,25,8,5,30,8,10,66,36,30,54.55,44.4,100.0
5,15,25,8,5,30,8,15,66,44,22,66.67,53.8,100.0
5,15,25,8,5,30,10,8,66,26,40,39.39,22.2,100.0
5,15,25,8,5,30,10,10,66,30,36,45.45,33.3,100.0
5,15,25,8,5,30,10,15,66,38,28,57.58,46.2,100.0
5,15,25,8,5,30,15,8,66,18,48,27.27,16.7,100.0
5,15,25,8,5,30,15,10,66,22,44,33.33,27.8,100.0
5,15,25,8,5,30,15,15,66,31,35,46.97,33.3,100.0
5,15,25,8,10,0,8,8,61,32,29,52.46,40.0,100.0
5,15,25,8,10,0,8,10,61,37,24,60.66,50.0,100.0
5,15,25,8,10,0,8,15,61,40,21,65.57,50.0,100.0
5,15,25,8,10,0,10,8,61,29,32,47.54,30.0,100.0
5,15,25,8,10,0,10,10,61,32,29,52.46,40.0,100.0
5,15,25,8,10,0,10,15,61,36,25,59.02,40.0,100.0
5,15,25,8,10,0,15,8,61,23,38,37.70,23.5,100.0
5,15,25,8,10,0,15,10,61,26,35,42.62,29.4,100.0
5,15,25,8,10,0,15,15,61,32,29,52.46,35.3,100.0
5,15,25,8,10,15,8,8,54,30,24,55.56,16.7,100.0
5,15,25,8,10,15,8,10,54,31,23,57.41,16.7,100.0
5,15,25,8,10,15,8,15,54,33,21,61.11,33.3,100.0
5,15,25,8,10,15,10,8,54,28,26,51.85,16.7,100.0
5,15,25,8,10,15,10,10,54,29,25,53.70,16.7,100.0
5,15,25,8,10,15,10,15,54,31,23,57.41,33.3,100.0
5,15,25,8,10,15,15,8,54,25,29,46.30,16.7,77.8
5,15,25,8,10,15,15,10,54,26,28,48.15,16.7,77.8
5,15,25,8,10,15,15,15,53,27,26,50.94,33.3,100.0
5,15,25,8,10,30,8,8,44,27,17,61.36,22.2,100.0
5,15,25,8,10,30,8,10,44,28,16,63.64,33.3,100.0
5,15,25,8,10,30,8,15,44,29,15,65.91,44.4,100.0
5,15,25,8,10,30,10,8,44,27,17,61.36,22.2,100.0
5,15,25,8,10,30,10,10,44,28,16,63.64,33.3,100.0
5,15,25,8,10,30,10,15,44,29,15,65.91,44.4,100.0
5,15,25,8,10,30,15,8,44,21,23,47.73,11.1,66.7
5,15,25,8,10,30,15,10,44,22,22,50.00,22.2,66.7
5,15,25,8,10,30,15,15,43,23,20,53.49,33.3,100.0
5,15,25,15,0,0,8,8,76,34,42,44.74,30.0,83.3
5,15,25,15,0,0,8,10,76,41,35,53.95,33.3,83.3
5,15,25,15,0,0,8,15,76,50,26,65.79,33.3,83.3
5,15,25,15,0,0,10,8,76,31,45,40.79,30.0,83.3
5,15,25,15,0,0,10,10,76,38,38,50.00,33.3,83.3
5,15,25,15,0,0,10,15,76,47,29,61.84,33.3,83.3
5,15,25,15,0,0,15,8,76,24,52,31.58,20.0,50.0
5,15,25,15,0,0,15,10,75,27,48,36.00,26.7,50.0
5,15,25,15,0,0,15,15,75,36,39,48.00,33.3,66.7
5,15,25,15,0,15,8,8,63,33,30,52.38,30.0,100.0
5,15,25,15,0,15,8,10,63,35,28,55.56,35.3,100.0
5,15,25,15,0,15,8,15,63,42,21,66.67,52.9,100.0
5,15,25,15,0,15,10,8,63,29,34,46.03,20.0,100.0
5,15,25,15,0,15,10,10,63,31,32,49.21,30.0,100.0
5,15,25,15,0,15,10,15,63,38,25,60.32,50.0,100.0
5,15,25,15,0,15,15,8,63,21,42,33.33,10.0,100.0
5,15,25,15,0,15,15,10,63,22,41,34.92,20.0,100.0
5,15,25,15,0,15,15,15,63,32,31,50.79,40.0,100.0
5,15,25,15,0,30,8,8,58,28,30,48.28,16.7,100.0
5,15,25,15,0,30,8,10,58,30,28,51.72,16.7,100.0
5,15,25,15,0,30,8,15,58,38,20,65.52,33.3,100.0
5,15,25,15,0,30,10,8,58,24,34,41.38,16.7,100.0
5,15,25,15,0,30,10,10,58,27,31,46.55,16.7,100.0
5,15,25,15,0,30,10,15,58,34,24,58.62,33.3,100.0
5,15,25,15,0,30,15,8,58,19,39,32.76,16.7,100.0
5,15,25,15,0,30,15,10,58,22,36,37.93,16.7,100.0
5,15,25,15,0,30,15,15,58,29,29,50.00,33.3,100.0
5,15,25,15,5,0,8,8,56,31,25,55.36,16.7,100.0
5,15,25,15,5,0,8,10,56,34,22,60.71,33.3,100.0
5,15,25,15,5,0,8,15,55,36,19,65.45,40.0,100.0
5,15,25,15,5,0,10,8,56,28,28,50.00,16.7,100.0
5,15,25,15,5,0,10,10,56,30,26,53.57,33.3,100.0
5,15,25,15,5,0,10,15,55,33,22,60.00,40.0,100.0
5,15,25,15,5,0,15,8,56,21,35,37.50,16.7,54.5
5,15,25,15,5,0,15,10,56,23,33,41.07,33.3,54.5
5,15,25,15,5,0,15,15,54,27,27,50.00,33.3,100.0
5,15,25,15,5,15,8,8,45,24,21,53.33,28.6,100.0
5,15,25,15,5,15,8,10,45,26,19,57.78,33.3,100.0
5,15,25,15,5,15,8,15,45,30,15,66.67,44.4,100.0
5,15,25,15,5,15,10,8,45,23,22,51.11,28.6,100.0
5,15,25,15,5,15,10,10,45,26,19,57.78,33.3,100.0
5,15,25,15,5,15,10,15,45,30,15,66.67,44.4,100.0
5,15,25,15,5,15,15,8,45,17,28,37.78,11.1,66.7
5,15,25,15,5,15,15,10,45,19,26,42.22,11.1,66.7
5,15,25,15,5,15,15,15,44,23,21,52.27,22.2,100.0
5,15,25,15,5,30,8,8,46,24,22,52.17,38.5,100.0
5,15,25,15,5,30,8,10,46,26,20,56.52,38.5,100.0
5,15,25,15,5,30,8,15,46,29,17,63.04,40.0,100.0
5,15,25,15,5,30,10,8,46,21,25,45.65,38.5,100.0
5,15,25,15,5,30,10,10,46,23,23,50.00,38.5,100.0
5,15,25,15,5,30,10,15,46,27,19,58.70,40.0,100.0
5,15,25,15,5,30,15,8,46,17,29,36.96,25.0,50.0
5,15,25,15,5,30,15,10,46,20,26,43.48,25.0,57.1
5,15,25,15,5,30,15,15,46,24,22,52.17,37.5,66.7
5,15,25,15,10,0,8,8,45,23,22,51.11,14.3,100.0
5,15,25,15,10,0,8,10,45,26,19,57.78,33.3,100.0
5,15,25,15,10,0,8,15,45,28,17,62.22,33.3,100.0
5,15,25,15,10,0,10,8,45,18,27,40.00,14.3,55.6
5,15,25,15,10,0,10,10,45,23,22,51.11,25.0,77.8
5,15,25,15,10,0,10,15,45,25,20,55.56,25.0,77.8
5,15,25,15,10,0,15,8,45,13,32,28.89,0.0,50.0
5,15,25,15,10,0,15,10,45,18,27,40.00,0.0,66.7
5,15,25,15,10,0,15,15,45,21,24,46.67,12.5,66.7
5,15,25,15,10,15,8,8,35,18,17,51.43,28.6,66.7
5,15,25,15,10,15,8,10,35,20,15,57.14,42.9,83.3
5,15,25,15,10,15,8,15,35,25,10,71.43,50.0,100.0
5,15,25,15,10,15,10,8,35,15,20,42.86,25.0,66.7
5,15,25,15,10,15,10,10,35,17,18,48.57,25.0,83.3
5,15,25,15,10,15,10,15,35,22,13,62.86,25.0,83.3
5,15,25,15,10,15,15,8,35,12,23,34.29,14.3,57.1
5,15,25,15,10,15,15,10,35,14,21,40.00,16.7,66.7
5,15,25,15,10,15,15,15,35,20,15,57.14,25.0,83.3
5,15,25,15,10,30,8,8,35,18,17,51.43,25.0,66.7
5,15,25,15,10,30,8,10,35,19,16,54.29,25.0,83.3
5,15,25,15,10,30,8,15,35,22,13,62.86,25.0,83.3
5,15,25,15,10,30,10,8,35,17,18,48.57,25.0,66.7
5,15,25,15,10,30,10,10,35,18,17,51.43,25.0,83.3
5,15,25,15,10,30,10,15,35,21,14,60.00,25.0,83.3
5,15,25,15,10,30,15,8,35,12,23,34.29,0.0,57.1
5,15,25,15,10,30,15,10,35,14,21,40.00,0.0,66.7
5,15,25,15,10,30,15,15,35,18,17,51.43,0.0,83.3
5,15,35,0,0,0,8,8,384,184,200,47.92,32.5,54.9
5,15,35,0,0,0,8,10,384,201,183,52.34,35.0,60.8
5,15,35,0,0,0,8,15,381,245,136,64.30,52.5,74.0
5,15,35,0,0,0,10,8,384,165,219,42.97,27.5,46.8
5,15,35,0,0,0,10,10,384,183,201,47.66,30.0,56.9
5,15,35,0,0,0,10,15,381,227,154,59.58,45.0,72.0
5,15,35,0,0,0,15,8,383,128,255,33.42,20.0,42.6
5,15,35,0,0,0,15,10,383,147,236,38.38,22.5,44.7
5,15,35,0,0,0,15,15,379,191,188,50.40,38.5,64.0
5,15,35,0,0,15,8,8,270,141,129,52.22,41.0,68.8
5,15,35,0,0,15,8,10,270,153,117,56.67,45.5,81.3
5,15,35,0,0,15,8,15,268,181,87,67.54,58.0,87.5
5,15,35,0,0,15,10,8,269,121,148,44.98,35.9,59.4
5,15,35,0,0,15,10,10,269,132,137,49.07,40.9,68.8
5,15,35,0,0,15,10,15,267,162,105,60.67,52.2,75.0
5,15,35,0,0,15,15,8,269,93,176,34.57,18.2,50.0
5,15,35,0,0,15,15,10,269,102,167,37.92,18.2,56.3
5,15,35,0,0,15,15,15,266,137,129,51.50,33.3,65.6
5,15,35,0,0,30,8,8,220,114,106,51.82,44.8,65.5
5,15,35,0,0,30,8,10,219,121,98,55.25,48.3,69.0
5,15,35,0,0,30,8,15,218,140,78,64.22,54.8,82.8
5,15,35,0,0,30,10,8,220,102,118,46.36,37.9,62.1
5,15,35,0,0,30,10,10,219,110,109,50.23,41.7,65.5
5,15,35,0,0,30,10,15,218,128,90,58.72,42.9,75.9
5,15,35,0,0,30,15,8,220,78,142,35.45,31.0,51.7
5,15,35,0,0,30,15,10,219,88,131,40.18,31.4,55.2
5,15,35,0,0,30,15,15,218,107,111,49.08,42.9,62.1
5,15,35,0,5,0,8,8,196,96,100,48.98,41.4,60.7
5,15,35,0,5,0,8,10,196,107,89,54.59,46.0,67.9
5,15,35,0,5,0,8,15,195,125,70,64.10,50.0,75.0
5,15,35,0,5,0,10,8,196,88,108,44.90,36.0,60.7
5,15,35,0,5,0,10,10,196,97,99,49.49,40.0,67.9
5,15,35,0,5,0,10,15,195,115,80,58.97,48.0,75.0
5,15,35,0,5,0,15,8,196,66,130,33.67,26.0,50.0
5,15,35,0,5,0,15,10,196,74,122,37.76,26.9,53.6
5,15,35,0,5,0,15,15,195,92,103,47.18,38.0,57.1
5,15,35,0,5,15,8,8,137,64,73,46.72,36.8,52.4
5,15,35,0,5,15,8,10,137,69,68,50.36,40.0,61.9
5,15,35,0,5,15,8,15,136,84,52,61.76,40.0,77.8
5,15,35,0,5,15,10,8,137,59,78,43.07,31.6,50.0
5,15,35,0,5,15,10,10,137,63,74,45.99,31.6,61.1
5,15,35,0,5,15,10,15,136,76,60,55.88,40.0,77.8
5,15,35,0,5,15,15,8,137,50,87,36.50,29.4,43.3
5,15,35,0,5,15,15,10,137,54,83,39.42,29.4,47.6
5,15,35,0,5,15,15,15,136,65,71,47.79,35.3,56.7
5,15,35,0,5,30,8,8,126,61,65,48.41,39.3,56.3
5,15,35,0,5,30,8,10,126,72,54,57.14,46.4,68.8
5,15,35,0,5,30,8,15,125,83,42,66.40,50.0,73.7
5,15,35,0,5,30,10,8,126,52,74,41.27,32.1,56.3
5,15,35,0,5,30,10,10,126,60,66,47.62,33.3,68.8
5,15,35,0,5,30,10,15,125,72,53,57.60,42.9,68.8
5,15,35,0,5,30,15,8,126,44,82,34.92,21.4,50.0
5,15,35,0,5,30,15,10,126,52,74,41.27,28.6,60.0
5,15,35,0,5,30,15,15,125,65,60,52.00,39.3,63.2
5,15,35,0,10,0,8,8,113,59,54,52.21,38.5,100.0
5,15,35,0,10,0,8,10,113,63,50,55.75,38.5,100.0
5,15,35,0,10,0,8,15,113,75,38,66.37,53.8,100.0
5,15,35,0,10,0,10,8,113,54,59,47.79,36.4,100.0
5,15,35,0,10,0,10,10,113,58,55,51.33,36.4,100.0
5,15,35,0,10,0,10,15,113,68,45,60.18,45.5,100.0
5,15,35,0,10,0,15,8,113,42,71,37.17,21.4,100.0
5,15,35,0,10,0,15,10,113,46,67,40.71,28.6,100.0
5,15,35,0,10,0,15,15,113,60,53,53.10,42.9,100.0
5,15,35,0,10,15,8,8,91,41,50,45.05,26.3,65.0
5,15,35,0,10,15,8,10,91,48,43,52.75,33.3,85.7
5,15,35,0,10,15,8,15,90,55,35,61.11,33.3,92.9
5,15,35,0,10,15,10,8,91,37,54,40.66,23.1,60.0
5,15,35,0,10,15,10,10,91,45,46,49.45,30.8,78.6
5,15,35,0,10,15,10,15,90,53,37,58.89,33.3,85.7
5,15,35,0,10,15,15,8,91,26,65,28.57,15.4,45.0
5,15,35,0,10,15,15,10,91,34,57,37.36,18.2,64.3
5,15,35,0,10,15,15,15,90,43,47,47.78,30.0,78.6
5,15,35,0,10,30,8,8,82,40,42,48.78,36.4,100.0
5,15,35,0,10,30,8,10,82,45,37,54.88,36.4,100.0
5,15,35,0,10,30,8,15,82,56,26,68.29,54.5,100.0
5,15,35,0,10,30,10,8,82,37,45,45.12,27.3,100.0
5,15,35,0,10,30,10,10,82,42,40,51.22,27.3,100.0
5,15,35,0,10,30,10,15,82,55,27,67.07,45.5,100.0
5,15,35,0,10,30,15,8,81,23,58,28.40,9.1,100.0
5,15,35,0,10,30,15,10,81,27,54,33.33,9.1,100.0
5,15,35,0,10,30,15,15,81,43,38,53.09,27.3,100.0
5,15,35,8,0,0,8,8,143,68,75,47.55,38.9,100.0
5,15,35,8,0,0,8,10,143,78,65,54.55,38.9,100.0
5,15,35,8,0,0,8,15,142,90,52,63.38,51.4,100.0
5,15,35,8,0,0,10,8,143,64,79,44.76,33.3,100.0
5,15,35,8,0,0,10,10,143,73,70,51.05,33.3,100.0
5,15,35,8,0,0,10,15,142,84,58,59.15,48.1,100.0
5,15,35,8,0,0,15,8,143,56,87,39.16,31.6,100.0
5,15,35,8,0,0,15,10,143,63,80,44.06,33.3,100.0
5,15,35,8,0,0,15,15,142,75,67,52.82,43.2,100.0
5,15,35,8,0,15,8,8,103,48,55,46.60,35.7,66.7
5,15,35,8,0,15,8,10,103,60,43,58.25,46.2,85.7
5,15,35,8,0,15,8,15,103,69,34,66.99,53.8,85.7
5,15,35,8,0,15,10,8,103,42,61,40.78,28.6,66.7
5,15,35,8,0,15,10,10,103,54,49,52.43,38.5,78.6
5,15,35,8,0,15,10,15,103,64,39,62.14,50.0,78.6
5,15,35,8,0,15,15,8,102,29,73,28.43,7.1,42.9
5,15,35,8,0,15,15,10,102,40,62,39.22,21.4,64.3
5,15,35,8,0,15,15,15,102,50,52,49.02,33.3,71.4
5,15,35,8,0,30,8,8,95,45,50,47.37,30.8,100.0
5,15,35,8,0,30,8,10,95,51,44,53.68,40.0,100.0
5,15,35,8,0,30,8,15,95,60,35,63.16,50.0,100.0
5,15,35,8,0,30,10,8,95,42,53,44.21,23.1,100.0
5,15,35,8,0,30,10,10,95,49,46,51.58,35.0,100.0
5,15,35,8,0,30,10,15,95,56,39,58.95,45.0,100.0
5,15,35,8,0,30,15,8,94,31,63,32.98,20.0,100.0
5,15,35,8,0,30,15,10,94,38,56,40.43,25.0,100.0
5,15,35,8,0,30,15,15,94,46,48,48.94,27.3,100.0
5,15,35,8,5,0,8,8,89,34,55,38.20,23.1,100.0
5,15,35,8,5,0,8,10,89,42,47,47.19,23.5,100.0
5,15,35,8,5,0,8,15,89,53,36,59.55,41.2,100.0
5,15,35,8,5,0,10,8,89,32,57,35.96,23.1,100.0
5,15,35,8,5,0,10,10,89,40,49,44.94,23.5,100.0
5,15,35,8,5,0,10,15,89,52,37,58.43,41.2,100.0
5,15,35,8,5,0,15,8,89,25,64,28.09,15.4,100.0
5,15,35,8,5,0,15,10,88,31,57,35.23,17.6,100.0
5,15,35,8,5,0,15,15,88,42,46,47.73,35.3,100.0
5,15,35,8,5,15,8,8,67,40,27,59.70,41.2,100.0
5,15,35,8,5,15,8,10,67,46,21,68.66,58.8,100.0
5,15,35,8,5,15,8,15,67,49,18,73.13,61.5,100.0
5,15,35,8,5,15,10,8,67,36,31,53.73,41.2,100.0
5,15,35,8,5,15,10,10,67,42,25,62.69,53.8,100.0
5,15,35,8,5,15,10,15,67,45,22,67.16,53.8,100.0
5,15,35,8,5,15,15,8,66,24,42,36.36,29.4,100.0
5,15,35,8,5,15,15,10,66,28,38,42.42,30.8,100.0
5,15,35,8,5,15,15,15,66,36,30,54.55,44.4,100.0
5,15,35,8,5,30,8,8,62,27,35,43.55,29.4,100.0
5,15,35,8,5,30,8,10,62,30,32,48.39,35.3,100.0
5,15,35,8,5,30,8,15,62,40,22,64.52,50.0,100.0
5,15,35,8,5,30,10,8,62,22,40,35.48,17.6,100.0
5,15,35,8,5,30,10,10,62,25,37,40.32,23.5,100.0
5,15,35,8,5,30,10,15,62,35,27,56.45,47.1,100.0
5,15,35,8,5,30,15,8,62,16,46,25.81,17.6,100.0
5,15,35,8,5,30,15,10,62,19,43,30.65,18.2,100.0
5,15,35,8,5,30,15,15,62,30,32,48.39,33.3,100.0
5,15,35,8,10,0,8,8,58,29,29,50.00,36.4,100.0
5,15,35,8,10,0,8,10,58,33,25,56.90,43.8,100.0
5,15,35,8,10,0,8,15,58,37,21,63.79,45.5,100.0
5,15,35,8,10,0,10,8,58,26,32,44.83,27.3,100.0
5,15,35,8,10,0,10,10,58,28,30,48.28,31.3,100.0
5,15,35,8,10,0,10,15,58,33,25,56.90,36.4,100.0
5,15,35,8,10,0,15,8,58,20,38,34.48,18.2,50.0
5,15,35,8,10,0,15,10,58,22,36,37.93,25.0,50.0
5,15,35,8,10,0,15,15,57,29,28,50.88,27.3,100.0
5,15,35,8,10,15,8,8,49,21,28,42.86,16.7,100.0
5,15,35,8,10,15,8,10,49,23,26,46.94,16.7,100.0
5,15,35,8,10,15,8,15,49,27,22,55.10,33.3,100.0
5,15,35,8,10,15,10,8,49,20,29,40.82,16.7,100.0
5,15,35,8,10,15,10,10,49,21,28,42.86,16.7,100.0
5,15,35,8,10,15,10,15,49,25,24,51.02,33.3,100.0
5,15,35,8,10,15,15,8,49,18,31,36.73,16.7,100.0
5,15,35,8,10,15,15,10,49,19,30,38.78,16.7,100.0
5,15,35,8,10,15,15,15,48,22,26,45.83,33.3,100.0
5,15,35,8,10,30,8,8,40,22,18,55.00,22.2,100.0
5,15,35,8,10,30,8,10,40,23,17,57.50,33.3,100.0
5,15,35,8,10,30,8,15,40,26,14,65.00,44.4,100.0
5,15,35,8,10,30,10,8,40,21,19,52.50,22.2,100.0
5,15,35,8,10,30,10,10,40,22,18,55.00,33.3,100.0
5,15,35,8,10,30,10,15,40,25,15,62.50,44.4,100.0
5,15,35,8,10,30,15,8,40,17,23,42.50,11.1,100.0
5,15,35,8,10,30,15,10,40,18,22,45.00,22.2,100.0
5,15,35,8,10,30,15,15,40,21,19,52.50,33.3,100.0
5,15,35,15,0,0,8,8,69,31,38,44.93,33.3,100.0
5,15,35,15,0,0,8,10,69,38,31,55.07,33.3,100.0
5,15,35,15,0,0,8,15,69,48,21,69.57,46.7,100.0
5,15,35,15,0,0,10,8,69,28,41,40.58,26.7,100.0
5,15,35,15,0,0,10,10,69,35,34,50.72,26.7,100.0
5,15,35,15,0,0,10,15,69,45,24,65.22,40.0,100.0
5,15,35,15,0,0,15,8,69,24,45,34.78,26.7,100.0
5,15,35,15,0,0,15,10,68,27,41,39.71,26.7,100.0
5,15,35,15,0,0,15,15,68,35,33,51.47,33.3,100.0
5,15,35,15,0,15,8,8,58,31,27,53.45,31.3,100.0
5,15,35,15,0,15,8,10,58,32,26,55.17,31.3,100.0
5,15,35,15,0,15,8,15,58,38,20,65.52,43.8,100.0
5,15,35,15,0,15,10,8,58,28,30,48.28,31.3,100.0
5,15,35,15,0,15,10,10,58,29,29,50.00,31.3,100.0
5,15,35,15,0,15,10,15,58,35,23,60.34,43.8,100.0
5,15,35,15,0,15,15,8,58,22,36,37.93,27.3,100.0
5,15,35,15,0,15,15,10,58,22,36,37.93,27.3,100.0
5,15,35,15,0,15,15,15,58,31,27,53.45,43.8,100.0
5,15,35,15,0,30,8,8,52,25,27,48.08,16.7,100.0
5,15,35,15,0,30,8,10,52,26,26,50.00,16.7,100.0
5,15,35,15,0,30,8,15,52,34,18,65.38,33.3,100.0
5,15,35,15,0,30,10,8,52,24,28,46.15,16.7,100.0
5,15,35,15,0,30,10,10,52,25,27,48.08,16.7,100.0
5,15,35,15,0,30,10,15,52,32,20,61.54,33.3,100.0
5,15,35,15,0,30,15,8,52,20,32,38.46,16.7,100.0
5,15,35,15,0,30,15,10,52,21,31,40.38,16.7,100.0
5,15,35,15,0,30,15,15,52,28,24,53.85,33.3,100.0
5,15,35,15,5,0,8,8,53,26,27,49.06,16.7,100.0
5,15,35,15,5,0,8,10,53,29,24,54.72,33.3,100.0
5,15,35,15,5,0,8,15,52,33,19,63.46,40.0,100.0
5,15,35,15,5,0,10,8,53,24,29,45.28,16.7,100.0
5,15,35,15,5,0,10,10,53,26,27,49.06,33.3,100.0
5,15,35,15,5,0,10,15,52,31,21,59.62,40.0,100.0
5,15,35,15,5,0,15,8,53,16,37,30.19,16.7,50.0
5,15,35,15,5,0,15,10,53,20,33,37.74,22.2,62.5
5,15,35,15,5,0,15,15,51,26,25,50.98,33.3,100.0
5,15,35,15,5,15,8,8,40,17,23,42.50,25.0,100.0
5,15,35,15,5,15,8,10,40,19,21,47.50,25.0,100.0
5,15,35,15,5,15,8,15,40,23,17,57.50,41.7,100.0
5,15,35,15,5,15,10,8,40,17,23,42.50,25.0,100.0
5,15,35,15,5,15,10,10,40,19,21,47.50,25.0,100.0
5,15,35,15,5,15,10,15,40,22,18,55.00,37.5,100.0
5,15,35,15,5,15,15,8,40,14,26,35.00,25.0,66.7
5,15,35,15,5,15,15,10,40,15,25,37.50,25.0,66.7
5,15,35,15,5,15,15,15,39,18,21,46.15,28.6,100.0
5,15,35,15,5,30,8,8,37,20,17,54.05,40.0,100.0
5,15,35,15,5,30,8,10,37,21,16,56.76,40.0,100.0
5,15,35,15,5,30,8,15,37,22,15,59.46,40.0,100.0
5,15,35,15,5,30,10,8,37,17,20,45.95,40.0,100.0
5,15,35,15,5,30,10,10,37,19,18,51.35,40.0,100.0
5,15,35,15,5,30,10,15,37,20,17,54.05,40.0,100.0
5,15,35,15,5,30,15,8,37,14,23,37.84,28.6,50.0
5,15,35,15,5,30,15,10,37,16,21,43.24,28.6,66.7
5,15,35,15,5,30,15,15,36,17,19,47.22,28.6,100.0
5,15,35,15,10,0,8,8,39,21,18,53.85,28.6,72.7
5,15,35,15,10,0,8,10,39,24,15,61.54,28.6,100.0
5,15,35,15,10,0,8,15,39,26,13,66.67,33.3,100.0
5,15,35,15,10,0,10,8,39,16,23,41.03,0.0,63.6
5,15,35,15,10,0,10,10,39,20,19,51.28,28.6,83.3
5,15,35,15,10,0,10,15,39,25,14,64.10,33.3,100.0
5,15,35,15,10,0,15,8,39,13,26,33.33,0.0,54.5
5,15,35,15,10,0,15,10,39,17,22,43.59,0.0,66.7
5,15,35,15,10,0,15,15,39,21,18,53.85,0.0,83.3
5,15,35,15,10,15,8,8,34,17,17,50.00,33.3,100.0
5,15,35,15,10,15,8,10,34,18,16,52.94,33.3,100.0
5,15,35,15,10,15,8,15,34,24,10,70.59,40.0,100.0
5,15,35,15,10,15,10,8,34,13,21,38.24,0.0,55.6
5,15,35,15,10,15,10,10,34,14,20,41.18,0.0,66.7
5,15,35,15,10,15,10,15,34,19,15,55.88,0.0,83.3
5,15,35,15,10,15,15,8,34,11,23,32.35,0.0,44.4
5,15,35,15,10,15,15,10,34,12,22,35.29,0.0,50.0
5,15,35,15,10,15,15,15,34,18,16,52.94,0.0,83.3
5,15,35,15,10,30,8,8,36,17,19,47.22,25.0,100.0
5,15,35,15,10,30,8,10,36,18,18,50.00,25.0,100.0
5,15,35,15,10,30,8,15,36,20,16,55.56,25.0,100.0
5,15,35,15,10,30,10,8,36,14,22,38.89,0.0,50.0
5,15,35,15,10,30,10,10,36,16,20,44.44,0.0,66.7
5,15,35,15,10,30,10,15,36,18,18,50.00,0.0,66.7
5,15,35,15,10,30,15,8,36,10,26,27.78,0.0,44.4
5,15,35,15,10,30,15,10,36,12,24,33.33,0.0,50.0
5,15,35,15,10,30,15,15,36,15,21,41.67,0.0,66.7
5,20,15,0,0,0,8,8,341,153,188,44.87,30.4,55.0
5,20,15,0,0,0,8,10,341,173,168,50.73,37.0,62.5
5,20,15,0,0,0,8,15,338,220,118,65.09,52.2,80.5
5,20,15,0,0,0,10,8,341,136,205,39.88,26.1,50.0
5,20,15,0,0,0,10,10,341,155,186,45.45,30.4,58.3
5,20,15,0,0,0,10,15,338,204,134,60.36,43.5,75.6
5,20,15,0,0,0,15,8,340,100,240,29.41,17.4,35.4
5,20,15,0,0,0,15,10,340,117,223,34.41,21.7,42.6
5,20,15,0,0,0,15,15,336,169,167,50.30,37.8,65.9
5,20,15,0,0,15,8,8,244,119,125,48.77,42.2,57.6
5,20,15,0,0,15,8,10,244,127,117,52.05,45.3,63.6
5,20,15,0,0,15,8,15,242,160,82,66.12,57.8,77.4
5,20,15,0,0,15,10,8,244,104,140,42.62,34.3,51.5
5,20,15,0,0,15,10,10,244,115,129,47.13,40.6,60.6
5,20,15,0,0,15,10,15,242,144,98,59.50,53.1,71.0
5,20,15,0,0,15,15,8,243,77,166,31.69,16.7,38.5
5,20,15,0,0,15,15,10,243,85,158,34.98,16.7,42.9
5,20,15,0,0,15,15,15,240,117,123,48.75,34.8,62.9
5,20,15,0,0,30,8,8,222,103,119,46.40,39.3,57.6
5,20,15,0,0,30,8,10,221,114,107,51.58,45.5,58.6
5,20,15,0,0,30,8,15,220,138,82,62.73,58.3,69.7
5,20,15,0,0,30,10,8,222,94,128,42.34,35.7,50.0
5,20,15,0,0,30,10,10,221,105,116,47.51,39.0,58.6
5,20,15,0,0,30,10,15,220,130,90,59.09,54.2,65.4
5,20,15,0,0,30,15,8,222,71,151,31.98,22.7,42.3
5,20,15,0,0,30,15,10,221,85,136,38.46,22.7,50.0
5,20,15,0,0,30,15,15,220,110,110,50.00,36.4,64.3
5,20,15,0,5,0,8,8,195,84,111,43.08,28.6,56.7
5,20,15,0,5,0,8,10,195,95,100,48.72,35.0,63.3
5,20,15,0,5,0,8,15,194,113,81,58.25,35.0,70.8
5,20,15,0,5,0,10,8,195,76,119,38.97,25.0,47.8
5,20,15,0,5,0,10,10,195,86,109,44.10,25.0,53.3
5,20,15,0,5,0,10,15,194,105,89,54.12,35.0,62.5
5,20,15,0,5,0,15,8,195,59,136,30.26,20.0,43.5
5,20,15,0,5,0,15,10,195,69,126,35.38,20.0,47.8
5,20,15,0,5,0,15,15,194,86,108,44.33,30.0,56.5
5,20,15,0,5,15,8,8,137,64,73,46.72,36.4,68.8
5,20,15,0,5,15,8,10,137,70,67,51.09,36.4,75.0
5,20,15,0,5,15,8,15,136,82,54,60.29,46.4,81.3
5,20,15,0,5,15,10,8,137,58,79,42.34,31.6,56.3
5,20,15,0,5,15,10,10,137,63,74,45.99,33.3,62.5
5,20,15,0,5,15,10,15,136,72,64,52.94,45.0,73.7
5,20,15,0,5,15,15,8,137,49,88,35.77,26.3,50.0
5,20,15,0,5,15,15,10,137,55,82,40.15,27.3,56.3
5,20,15,0,5,15,15,15,136,62,74,45.59,36.4,57.9
5,20,15,0,5,30,8,8,122,54,68,44.26,38.5,56.3
5,20,15,0,5,30,8,10,122,64,58,52.46,42.3,68.8
5,20,15,0,5,30,8,15,121,75,46,61.98,50.0,84.6
5,20,15,0,5,30,10,8,122,47,75,38.52,30.8,50.0
5,20,15,0,5,30,10,10,122,55,67,45.08,35.0,62.5
5,20,15,0,5,30,10,15,121,64,57,52.89,42.3,75.0
5,20,15,0,5,30,15,8,122,38,84,31.15,15.4,38.5
5,20,15,0,5,30,15,10,122,46,76,37.70,30.8,53.8
5,20,15,0,5,30,15,15,121,55,66,45.45,30.8,69.2
5,20,15,0,10,0,8,8,113,50,63,44.25,33.3,54.5
5,20,15,0,10,0,8,10,113,62,51,54.87,33.3,64.7
5,20,15,0,10,0,8,15,113,70,43,61.95,44.4,76.5
5,20,15,0,10,0,10,8,113,46,67,40.71,22.2,54.5
5,20,15,0,10,0,10,10,113,57,56,50.44,22.2,60.0
5,20,15,0,10,0,10,15,113,64,49,56.64,33.3,70.6
5,20,15,0,10,0,15,8,113,39,74,34.51,22.2,50.0
5,20,15,0,10,0,15,10,113,50,63,44.25,22.2,54.5
5,20,15,0,10,0,15,15,113,59,54,52.21,33.3,60.0
5,20,15,0,10,15,8,8,87,40,47,45.98,30.8,66.7
5,20,15,0,10,15,8,10,86,48,38,55.81,41.7,66.7
5,20,15,0,10,15,8,15,86,53,33,61.63,50.0,69.2
5,20,15,0,10,15,10,8,87,36,51,41.38,27.3,66.7
5,20,15,0,10,15,10,10,86,45,41,52.33,36.4,66.7
5,20,15,0,10,15,10,15,86,51,35,59.30,36.4,69.2
5,20,15,0,10,15,15,8,87,26,61,29.89,18.2,66.7
5,20,15,0,10,15,15,10,86,34,52,39.53,27.3,66.7
5,20,15,0,10,15,15,15,86,41,45,47.67,27.3,66.7
5,20,15,0,10,30,8,8,80,41,39,51.25,44.4,66.7
5,20,15,0,10,30,8,10,80,47,33,58.75,44.4,75.0
5,20,15,0,10,30,8,15,80,52,28,65.00,54.5,83.3
5,20,15,0,10,30,10,8,80,35,45,43.75,33.3,66.7
5,20,15,0,10,30,10,10,80,41,39,51.25,33.3,66.7
5,20,15,0,10,30,10,15,80,48,32,60.00,44.4,75.0
5,20,15,0,10,30,15,8,79,24,55,30.38,11.1,66.7
5,20,15,0,10,30,15,10,79,29,50,36.71,11.1,66.7
5,20,15,0,10,30,15,15,79,38,41,48.10,22.2,66.7
5,20,15,8,0,0,8,8,141,64,77,45.39,36.4,56.3
5,20,15,8,0,0,8,10,141,70,71,49.65,40.0,58.8
5,20,15,8,0,0,8,15,140,83,57,59.29,48.4,70.6
5,20,15,8,0,0,10,8,141,58,83,41.13,27.3,56.3
5,20,15,8,0,0,10,10,141,63,78,44.68,35.0,56.3
5,20,15,8,0,0,10,15,140,75,65,53.57,45.5,65.0
5,20,15,8,0,0,15,8,141,46,95,32.62,23.5,40.0
5,20,15,8,0,0,15,10,141,53,88,37.59,34.6,45.0
5,20,15,8,0,0,15,15,140,68,72,48.57,38.7,60.0
5,20,15,8,0,15,8,8,101,45,56,44.55,33.3,61.1
5,20,15,8,0,15,8,10,101,57,44,56.44,33.3,72.7
5,20,15,8,0,15,8,15,101,61,40,60.40,33.3,72.7
5,20,15,8,0,15,10,8,101,40,61,39.60,28.6,55.6
5,20,15,8,0,15,10,10,101,52,49,51.49,33.3,64.3
5,20,15,8,0,15,10,15,101,56,45,55.45,33.3,71.4
5,20,15,8,0,15,15,8,101,31,70,30.69,21.4,44.4
5,20,15,8,0,15,15,10,101,42,59,41.58,22.2,55.6
5,20,15,8,0,15,15,15,101,47,54,46.53,22.2,57.1
5,20,15,8,0,30,8,8,91,42,49,46.15,36.4,52.9
5,20,15,8,0,30,8,10,91,51,40,56.04,37.5,75.0
5,20,15,8,0,30,8,15,91,57,34,62.64,37.5,83.3
5,20,15,8,0,30,10,8,91,40,51,43.96,36.4,50.0
5,20,15,8,0,30,10,10,91,49,42,53.85,37.5,75.0
5,20,15,8,0,30,10,15,91,56,35,61.54,37.5,83.3
5,20,15,8,0,30,15,8,90,30,60,33.33,16.7,41.7
5,20,15,8,0,30,15,10,90,39,51,43.33,37.5,58.3
5,20,15,8,0,30,15,15,90,46,44,51.11,37.5,64.7
5,20,15,8,5,0,8,8,85,36,49,42.35,33.3,66.7
5,20,15,8,5,0,8,10,85,46,39,54.12,40.0,75.0
5,20,15,8,5,0,8,15,85,55,30,64.71,54.5,83.3
5,20,15,8,5,0,10,8,85,34,51,40.00,33.3,66.7
5,20,15,8,5,0,10,10,85,44,41,51.76,36.4,75.0
5,20,15,8,5,0,10,15,85,54,31,63.53,45.5,83.3
5,20,15,8,5,0,15,8,85,24,61,28.24,16.7,66.7
5,20,15,8,5,0,15,10,84,32,52,38.10,26.7,66.7
5,20,15,8,5,0,15,15,84,43,41,51.19,36.4,66.7
5,20,15,8,5,15,8,8,68,34,34,50.00,33.3,71.4
5,20,15,8,5,15,8,10,68,40,28,58.82,46.7,80.0
5,20,15,8,5,15,8,15,68,45,23,66.18,53.3,80.0
5,20,15,8,5,15,10,8,68,31,37,45.59,33.3,60.0
5,20,15,8,5,15,10,10,68,37,31,54.41,41.7,80.0
5,20,15,8,5,15,10,15,68,42,26,61.76,45.5,80.0
5,20,15,8,5,15,15,8,67,22,45,32.84,16.7,50.0
5,20,15,8,5,15,15,10,67,27,40,40.30,16.7,66.7
5,20,15,8,5,15,15,15,67,34,33,50.75,28.6,66.7
5,20,15,8,5,30,8,8,64,33,31,51.56,33.3,80.0
5,20,15,8,5,30,8,10,64,36,28,56.25,46.7,80.0
5,20,15,8,5,30,8,15,64,43,21,67.19,50.0,80.0
5,20,15,8,5,30,10,8,64,31,33,48.44,26.7,80.0
5,20,15,8,5,30,10,10,64,34,30,53.13,40.0,80.0
5,20,15,8,5,30,10,15,64,41,23,64.06,50.0,80.0
5,20,15,8,5,30,15,8,64,23,41,35.94,14.3,60.0
5,20,15,8,5,30,15,10,64,26,38,40.63,28.6,60.0
5,20,15,8,5,30,15,15,63,31,32,49.21,28.6,60.0
5,20,15,8,10,0,8,8,61,24,37,39.34,25.0,50.0
5,20,15,8,10,0,8,10,61,29,32,47.54,33.3,60.0
5,20,15,8,10,0,8,15,61,38,23,62.30,41.7,80.0
5,20,15,8,10,0,10,8,61,22,39,36.07,16.7,50.0
5,20,15,8,10,0,10,10,61,27,34,44.26,25.0,60.0
5,20,15,8,10,0,10,15,61,36,25,59.02,33.3,80.0
5,20,15,8,10,0,15,8,61,17,44,27.87,16.7,40.0
5,20,15,8,10,0,15,10,61,22,39,36.07,20.0,60.0
5,20,15,8,10,0,15,15,61,31,30,50.82,33.3,70.0
5,20,15,8,10,15,8,8,54,28,26,51.85,25.0,87.5
5,20,15,8,10,15,8,10,54,29,25,53.70,25.0,87.5
5,20,15,8,10,15,8,15,54,33,21,61.11,25.0,87.5
5,20,15,8,10,15,10,8,54,26,28,48.15,25.0,87.5
5,20,15,8,10,15,10,10,54,27,27,50.00,25.0,87.5
5,20,15,8,10,15,10,15,54,31,23,57.41,25.0,87.5
5,20,15,8,10,15,15,8,54,23,31,42.59,14.3,87.5
5,20,15,8,10,15,15,10,54,24,30,44.44,14.3,87.5
5,20,15,8,10,15,15,15,54,27,27,50.00,14.3,87.5
5,20,15,8,10,30,8,8,50,28,22,56.00,40.0,100.0
5,20,15,8,10,30,8,10,50,30,20,60.00,40.0,100.0
5,20,15,8,10,30,8,15,50,32,18,64.00,50.0,100.0
5,20,15,8,10,30,10,8,50,23,27,46.00,16.7,100.0
5,20,15,8,10,30,10,10,50,25,25,50.00,16.7,100.0
5,20,15,8,10,30,10,15,50,27,23,54.00,16.7,100.0
5,20,15,8,10,30,15,8,50,20,30,40.00,16.7,100.0
5,20,15,8,10,30,15,10,50,22,28,44.00,16.7,100.0
5,20,15,8,10,30,15,15,50,24,26,48.00,16.7,100.0
5,20,15,15,0,0,8,8,75,32,43,42.67,25.0,71.4
5,20,15,15,0,0,8,10,75,40,35,53.33,35.7,80.0
5,20,15,15,0,0,8,15,75,47,28,62.67,50.0,80.0
5,20,15,15,0,0,10,8,75,28,47,37.33,25.0,71.4
5,20,15,15,0,0,10,10,75,36,39,48.00,35.7,80.0
5,20,15,15,0,0,10,15,75,43,32,57.33,41.7,80.0
5,20,15,15,0,0,15,8,75,20,55,26.67,8.3,42.9
5,20,15,15,0,0,15,10,74,25,49,33.78,16.7,60.0
5,20,15,15,0,0,15,15,74,33,41,44.59,33.3,60.0
5,20,15,15,0,15,8,8,59,28,31,47.46,25.0,66.7
5,20,15,15,0,15,8,10,59,33,26,55.93,41.7,80.0
5,20,15,15,0,15,8,15,59,41,18,69.49,42.9,80.0
5,20,15,15,0,15,10,8,59,24,35,40.68,25.0,66.7
5,20,15,15,0,15,10,10,59,29,30,49.15,33.3,66.7
5,20,15,15,0,15,10,15,59,37,22,62.71,42.9,80.0
5,20,15,15,0,15,15,8,59,20,39,33.90,14.3,66.7
5,20,15,15,0,15,15,10,59,25,34,42.37,25.0,66.7
5,20,15,15,0,15,15,15,59,32,27,54.24,28.6,77.8
5,20,15,15,0,30,8,8,56,29,27,51.79,14.3,87.5
5,20,15,15,0,30,8,10,56,31,25,55.36,28.6,87.5
5,20,15,15,0,30,8,15,56,39,17,69.64,28.6,100.0
5,20,15,15,0,30,10,8,56,25,31,44.64,14.3,75.0
5,20,15,15,0,30,10,10,56,27,29,48.21,28.6,75.0
5,20,15,15,0,30,10,15,56,34,22,60.71,28.6,100.0
5,20,15,15,0,30,15,8,56,23,33,41.07,14.3,75.0
5,20,15,15,0,30,15,10,56,25,31,44.64,28.6,75.0
5,20,15,15,0,30,15,15,55,31,24,56.36,28.6,87.5
5,20,15,15,5,0,8,8,57,28,29,49.12,22.2,100.0
5,20,15,15,5,0,8,10,57,29,28,50.88,22.2,100.0
5,20,15,15,5,0,8,15,56,36,20,64.29,44.4,100.0
5,20,15,15,5,0,10,8,57,24,33,42.11,20.0,83.3
5,20,15,15,5,0,10,10,57,24,33,42.11,20.0,83.3
5,20,15,15,5,0,10,15,56,31,25,55.36,40.0,83.3
5,20,15,15,5,0,15,8,57,20,37,35.09,20.0,66.7
5,20,15,15,5,0,15,10,57,20,37,35.09,20.0,66.7
5,20,15,15,5,0,15,15,56,27,29,48.21,33.3,66.7
5,20,15,15,5,15,8,8,50,23,27,46.00,25.0,100.0
5,20,15,15,5,15,8,10,50,24,26,48.00,25.0,100.0
5,20,15,15,5,15,8,15,50,30,20,60.00,25.0,100.0
5,20,15,15,5,15,10,8,50,19,31,38.00,25.0,100.0
5,20,15,15,5,15,10,10,50,21,29,42.00,25.0,100.0
5,20,15,15,5,15,10,15,50,27,23,54.00,25.0,100.0
5,20,15,15,5,15,15,8,50,13,37,26.00,12.5,66.7
5,20,15,15,5,15,15,10,50,14,36,28.00,12.5,66.7
5,20,15,15,5,15,15,15,50,21,29,42.00,16.7,100.0
5,20,15,15,5,30,8,8,45,21,24,46.67,33.3,100.0
5,20,15,15,5,30,8,10,45,24,21,53.33,33.3,100.0
5,20,15,15,5,30,8,15,45,26,19,57.78,33.3,100.0
5,20,15,15,5,30,10,8,45,19,26,42.22,25.0,100.0
5,20,15,15,5,30,10,10,45,22,23,48.89,25.0,100.0
5,20,15,15,5,30,10,15,45,24,21,53.33,33.3,100.0
5,20,15,15,5,30,15,8,45,12,33,26.67,0.0,66.7
5,20,15,15,5,30,15,10,45,15,30,33.33,0.0,66.7
5,20,15,15,5,30,15,15,45,18,27,40.00,0.0,100.0
5,20,15,15,10,0,8,8,41,22,19,53.66,33.3,100.0
5,20,15,15,10,0,8,10,41,24,17,58.54,33.3,100.0
5,20,15,15,10,0,8,15,41,26,15,63.41,33.3,100.0
5,20,15,15,10,0,10,8,41,16,25,39.02,16.7,100.0
5,20,15,15,10,0,10,10,41,20,21,48.78,16.7,100.0
5,20,15,15,10,0,10,15,41,22,19,53.66,16.7,100.0
5,20,15,15,10,0,15,8,41,11,30,26.83,0.0,66.7
5,20,15,15,10,0,15,10,41,14,27,34.15,0.0,66.7
5,20,15,15,10,0,15,15,41,17,24,41.46,0.0,100.0
5,20,15,15,10,15,8,8,34,18,16,52.94,20.0,100.0
5,20,15,15,10,15,8,10,34,18,16,52.94,20.0,100.0
5,20,15,15,10,15,8,15,34,21,13,61.76,20.0,100.0
5,20,15,15,10,15,10,8,34,17,17,50.00,20.0,100.0
5,20,15,15,10,15,10,10,34,17,17,50.00,20.0,100.0
5,20,15,15,10,15,10,15,34,18,16,52.94,20.0,100.0
5,20,15,15,10,15,15,8,34,15,19,44.12,0.0,100.0
5,20,15,15,10,15,15,10,34,15,19,44.12,0.0,100.0
5,20,15,15,10,15,15,15,34,17,17,50.00,0.0,100.0
5,20,15,15,10,30,8,8,30,16,14,53.33,0.0,100.0
5,20,15,15,10,30,8,10,30,17,13,56.67,0.0,100.0
5,20,15,15,10,30,8,15,30,18,12,60.00,0.0,100.0
5,20,15,15,10,30,10,8,30,14,16,46.67,0.0,100.0
5,20,15,15,10,30,10,10,30,16,14,53.33,0.0,100.0
5,20,15,15,10,30,10,15,30,17,13,56.67,0.0,100.0
5,20,15,15,10,30,15,8,30,12,18,40.00,0.0,100.0
5,20,15,15,10,30,15,10,30,13,17,43.33,0.0,100.0
5,20,15,15,10,30,15,15,30,14,16,46.67,0.0,100.0
5,20,25,0,0,0,8,8,387,181,206,46.77,29.2,52.1
5,20,25,0,0,0,8,10,387,199,188,51.42,35.4,61.5
5,20,25,0,0,0,8,15,384,246,138,64.06,54.2,74.5
5,20,25,0,0,0,10,8,387,164,223,42.38,25.0,46.2
5,20,25,0,0,0,10,10,387,182,205,47.03,29.2,57.7
5,20,25,0,0,0,10,15,384,228,156,59.38,45.8,72.3
5,20,25,0,0,0,15,8,386,126,260,32.64,16.7,41.7
5,20,25,0,0,0,15,10,386,145,241,37.56,20.8,44.7
5,20,25,0,0,0,15,15,382,192,190,50.26,40.4,61.7
5,20,25,0,0,15,8,8,265,139,126,52.45,42.1,62.9
5,20,25,0,0,15,8,10,265,152,113,57.36,47.4,74.3
5,20,25,0,0,15,8,15,263,181,82,68.82,58.8,82.9
5,20,25,0,0,15,10,8,264,118,146,44.70,34.2,57.9
5,20,25,0,0,15,10,10,264,129,135,48.86,36.8,62.9
5,20,25,0,0,15,10,15,262,160,102,61.07,52.9,71.4
5,20,25,0,0,15,15,8,264,92,172,34.85,22.2,45.7
5,20,25,0,0,15,15,10,264,101,163,38.26,22.2,51.4
5,20,25,0,0,15,15,15,261,135,126,51.72,29.4,63.2
5,20,25,0,0,30,8,8,233,119,114,51.07,46.4,60.0
5,20,25,0,0,30,8,10,232,128,104,55.17,47.5,62.1
5,20,25,0,0,30,8,15,231,149,82,64.50,55.7,77.4
5,20,25,0,0,30,10,8,233,107,126,45.92,40.0,54.3
5,20,25,0,0,30,10,10,232,118,114,50.86,41.0,62.1
5,20,25,0,0,30,10,15,231,138,93,59.74,50.8,71.0
5,20,25,0,0,30,15,8,233,83,150,35.62,27.8,45.2
5,20,25,0,0,30,15,10,232,94,138,40.52,27.8,51.6
5,20,25,0,0,30,15,15,231,116,115,50.22,38.9,61.3
5,20,25,0,5,0,8,8,206,100,106,48.54,37.9,60.0
5,20,25,0,5,0,8,10,206,110,96,53.40,44.8,66.7
5,20,25,0,5,0,8,15,205,131,74,63.90,47.1,73.3
5,20,25,0,5,0,10,8,206,90,116,43.69,29.4,56.7
5,20,25,0,5,0,10,10,206,97,109,47.09,29.4,63.3
5,20,25,0,5,0,10,15,205,118,87,57.56,35.3,70.0
5,20,25,0,5,0,15,8,206,70,136,33.98,23.5,50.0
5,20,25,0,5,0,15,10,206,76,130,36.89,23.5,53.3
5,20,25,0,5,0,15,15,205,96,109,46.83,29.4,56.7
5,20,25,0,5,15,8,8,147,70,77,47.62,38.1,55.6
5,20,25,0,5,15,8,10,147,73,74,49.66,42.9,57.1
5,20,25,0,5,15,8,15,146,92,54,63.01,55.6,80.0
5,20,25,0,5,15,10,8,147,65,82,44.22,33.3,55.6
5,20,25,0,5,15,10,10,147,67,80,45.58,33.3,55.6
5,20,25,0,5,15,10,15,146,84,62,57.53,45.0,80.0
5,20,25,0,5,15,15,8,147,55,92,37.41,30.0,44.4
5,20,25,0,5,15,15,10,147,57,90,38.78,30.0,47.6
5,20,25,0,5,15,15,15,146,73,73,50.00,37.5,60.0
5,20,25,0,5,30,8,8,144,71,73,49.31,40.0,64.7
5,20,25,0,5,30,8,10,144,80,64,55.56,45.0,70.6
5,20,25,0,5,30,8,15,143,93,50,65.03,53.6,76.2
5,20,25,0,5,30,10,8,144,61,83,42.36,30.0,64.7
5,20,25,0,5,30,10,10,144,67,77,46.53,35.0,70.6
5,20,25,0,5,30,10,15,143,80,63,55.94,42.9,70.6
5,20,25,0,5,30,15,8,144,49,95,34.03,21.4,52.9
5,20,25,0,5,30,15,10,144,55,89,38.19,28.6,52.9
5,20,25,0,5,30,15,15,143,69,74,48.25,39.3,61.9
5,20,25,0,10,0,8,8,124,65,59,52.42,30.0,64.7
5,20,25,0,10,0,8,10,124,71,53,57.26,30.0,70.6
5,20,25,0,10,0,8,15,124,82,42,66.13,40.0,76.9
5,20,25,0,10,0,10,8,124,61,63,49.19,30.0,64.7
5,20,25,0,10,0,10,10,124,67,57,54.03,30.0,70.6
5,20,25,0,10,0,10,15,124,76,48,61.29,40.0,76.5
5,20,25,0,10,0,15,8,124,47,77,37.90,23.1,44.0
5,20,25,0,10,0,15,10,124,53,71,42.74,30.0,57.1
5,20,25,0,10,0,15,15,124,64,60,51.61,30.0,61.9
5,20,25,0,10,15,8,8,100,47,53,47.00,20.0,62.5
5,20,25,0,10,15,8,10,100,53,47,53.00,20.0,87.5
5,20,25,0,10,15,8,15,99,59,40,59.60,20.0,93.8
5,20,25,0,10,15,10,8,100,42,58,42.00,20.0,61.9
5,20,25,0,10,15,10,10,100,49,51,49.00,20.0,81.3
5,20,25,0,10,15,10,15,99,56,43,56.57,20.0,87.5
5,20,25,0,10,15,15,8,100,30,70,30.00,15.4,42.9
5,20,25,0,10,15,15,10,100,37,63,37.00,20.0,62.5
5,20,25,0,10,15,15,15,99,47,52,47.47,20.0,75.0
5,20,25,0,10,30,8,8,90,45,45,50.00,36.4,68.4
5,20,25,0,10,30,8,10,90,51,39,56.67,36.4,77.8
5,20,25,0,10,30,8,15,90,61,29,67.78,53.8,100.0
5,20,25,0,10,30,10,8,90,40,50,44.44,27.3,57.9
5,20,25,0,10,30,10,10,90,47,43,52.22,27.3,66.7
5,20,25,0,10,30,10,15,90,59,31,65.56,45.5,88.9
5,20,25,0,10,30,15,8,89,26,63,29.21,9.1,40.0
5,20,25,0,10,30,15,10,89,32,57,35.96,9.1,60.0
5,20,25,0,10,30,15,15,89,47,42,52.81,27.3,68.4
5,20,25,8,0,0,8,8,154,69,85,44.81,30.0,55.0
5,20,25,8,0,0,8,10,154,80,74,51.95,40.0,66.7
5,20,25,8,0,0,8,15,153,95,58,62.09,40.0,80.0
5,20,25,8,0,0,10,8,154,65,89,42.21,30.0,55.0
5,20,25,8,0,0,10,10,154,76,78,49.35,35.0,61.1
5,20,25,8,0,0,10,15,153,90,63,58.82,40.0,80.0
5,20,25,8,0,0,15,8,154,57,97,37.01,30.0,50.0
5,20,25,8,0,0,15,10,154,67,87,43.51,35.0,55.0
5,20,25,8,0,0,15,15,153,82,71,53.59,40.0,75.0
5,20,25,8,0,15,8,8,111,53,58,47.75,35.7,66.7
5,20,25,8,0,15,8,10,111,67,44,60.36,42.9,93.3
5,20,25,8,0,15,8,15,111,75,36,67.57,42.9,93.3
5,20,25,8,0,15,10,8,111,47,64,42.34,28.6,60.0
5,20,25,8,0,15,10,10,111,61,50,54.95,42.9,86.7
5,20,25,8,0,15,10,15,111,70,41,63.06,42.9,86.7
5,20,25,8,0,15,15,8,110,33,77,30.00,7.1,46.7
5,20,25,8,0,15,15,10,110,46,64,41.82,21.4,73.3
5,20,25,8,0,15,15,15,109,55,54,50.46,33.3,80.0
5,20,25,8,0,30,8,8,106,50,56,47.17,30.0,70.6
5,20,25,8,0,30,8,10,106,57,49,53.77,40.0,76.5
5,20,25,8,0,30,8,15,106,66,40,62.26,42.9,76.5
5,20,25,8,0,30,10,8,106,49,57,46.23,23.1,70.6
5,20,25,8,0,30,10,10,106,56,50,52.83,38.5,76.5
5,20,25,8,0,30,10,15,106,63,43,59.43,42.9,76.5
5,20,25,8,0,30,15,8,105,37,68,35.24,20.0,52.9
5,20,25,8,0,30,15,10,105,44,61,41.90,30.0,64.7
5,20,25,8,0,30,15,15,105,52,53,49.52,35.0,64.7
5,20,25,8,5,0,8,8,102,37,65,36.27,16.7,50.0
5,20,25,8,5,0,8,10,102,51,51,50.00,16.7,64.7
5,20,25,8,5,0,8,15,102,64,38,62.75,33.3,72.7
5,20,25,8,5,0,10,8,102,35,67,34.31,16.7,45.5
5,20,25,8,5,0,10,10,102,49,53,48.04,16.7,64.7
5,20,25,8,5,0,10,15,102,63,39,61.76,33.3,72.7
5,20,25,8,5,0,15,8,102,24,78,23.53,11.8,31.8
5,20,25,8,5,0,15,10,101,35,66,34.65,16.7,52.9
5,20,25,8,5,0,15,15,101,48,53,47.52,33.3,58.8
5,20,25,8,5,15,8,8,72,42,30,58.33,44.4,100.0
5,20,25,8,5,15,8,10,72,49,23,68.06,61.1,100.0
5,20,25,8,5,15,8,15,72,53,19,73.61,66.7,100.0
5,20,25,8,5,15,10,8,72,38,34,52.78,44.4,100.0
5,20,25,8,5,15,10,10,72,45,27,62.50,46.2,100.0
5,20,25,8,5,15,10,15,72,49,23,68.06,53.8,100.0
5,20,25,8,5,15,15,8,71,24,47,33.80,23.1,100.0
5,20,25,8,5,15,15,10,71,29,42,40.85,23.1,100.0
5,20,25,8,5,15,15,15,71,39,32,54.93,44.4,100.0
5,20,25,8,5,30,8,8,66,32,34,48.48,33.3,100.0
5,20,25,8,5,30,8,10,66,36,30,54.55,44.4,100.0
5,20,25,8,5,30,8,15,66,44,22,66.67,53.8,100.0
5,20,25,8,5,30,10,8,66,26,40,39.39,22.2,100.0
5,20,25,8,5,30,10,10,66,30,36,45.45,33.3,100.0
5,20,25,8,5,30,10,15,66,38,28,57.58,46.2,100.0
5,20,25,8,5,30,15,8,66,18,48,27.27,16.7,100.0
5,20,25,8,5,30,15,10,66,22,44,33.33,27.8,100.0
5,20,25,8,5,30,15,15,66,31,35,46.97,33.3,100.0
5,20,25,8,10,0,8,8,61,32,29,52.46,40.0,100.0
5,20,25,8,10,0,8,10,61,37,24,60.66,50.0,100.0
5,20,25,8,10,0,8,15,61,40,21,65.57,50.0,100.0
5,20,25,8,10,0,10,8,61,29,32,47.54,30.0,100.0
5,20,25,8,10,0,10,10,61,32,29,52.46,40.0,100.0
5,20,25,8,10,0,10,15,61,36,25,59.02,40.0,100.0
5,20,25,8,10,0,15,8,61,23,38,37.70,23.5,100.0
5,20,25,8,10,0,15,10,61,26,35,42.62,29.4,100.0
5,20,25,8,10,0,15,15,61,32,29,52.46,35.3,100.0
5,20,25,8,10,15,8,8,54,30,24,55.56,16.7,100.0
5,20,25,8,10,15,8,10,54,31,23,57.41,16.7,100.0
5,20,25,8,10,15,8,15,54,33,21,61.11,33.3,100.0
5,20,25,8,10,15,10,8,54,28,26,51.85,16.7,100.0
5,20,25,8,10,15,10,10,54,29,25,53.70,16.7,100.0
5,20,25,8,10,15,10,15,54,31,23,57.41,33.3,100.0
5,20,25,8,10,15,15,8,54,25,29,46.30,16.7,77.8
5,20,25,8,10,15,15,10,54,26,28,48.15,16.7,77.8
5,20,25,8,10,15,15,15,53,27,26,50.94,33.3,100.0
5,20,25,8,10,30,8,8,44,27,17,61.36,22.2,100.0
5,20,25,8,10,30,8,10,44,28,16,63.64,33.3,100.0
5,20,25,8,10,30,8,15,44,29,15,65.91,44.4,100.0
5,20,25,8,10,30,10,8,44,27,17,61.36,22.2,100.0
5,20,25,8,10,30,10,10,44,28,16,63.64,33.3,100.0
5,20,25,8,10,30,10,15,44,29,15,65.91,44.4,100.0
5,20,25,8,10,30,15,8,44,21,23,47.73,11.1,66.7
5,20,25,8,10,30,15,10,44,22,22,50.00,22.2,66.7
5,20,25,8,10,30,15,15,43,23,20,53.49,33.3,100.0
5,20,25,15,0,0,8,8,76,34,42,44.74,30.0,83.3
5,20,25,15,0,0,8,10,76,41,35,53.95,33.3,83.3
5,20,25,15,0,0,8,15,76,50,26,65.79,33.3,83.3
5,20,25,15,0,0,10,8,76,31,45,40.79,30.0,83.3
5,20,25,15,0,0,10,10,76,38,38,50.00,33.3,83.3
5,20,25,15,0,0,10,15,76,47,29,61.84,33.3,83.3
5,20,25,15,0,0,15,8,76,24,52,31.58,20.0,50.0
5,20,25,15,0,0,15,10,75,27,48,36.00,26.7,50.0
5,20,25,15,0,0,15,15,75,36,39,48.00,33.3,66.7
5,20,25,15,0,15,8,8,63,33,30,52.38,30.0,100.0
5,20,25,15,0,15,8,10,63,35,28,55.56,35.3,100.0
5,20,25,15,0,15,8,15,63,42,21,66.67,52.9,100.0
5,20,25,15,0,15,10,8,63,29,34,46.03,20.0,100.0
5,20,25,15,0,15,10,10,63,31,32,49.21,30.0,100.0
5,20,25,15,0,15,10,15,63,38,25,60.32,50.0,100.0
5,20,25,15,0,15,15,8,63,21,42,33.33,10.0,100.0
5,20,25,15,0,15,15,10,63,22,41,34.92,20.0,100.0
5,20,25,15,0,15,15,15,63,32,31,50.79,40.0,100.0
5,20,25,15,0,30,8,8,58,28,30,48.28,16.7,100.0
5,20,25,15,0,30,8,10,58,30,28,51.72,16.7,100.0
5,20,25,15,0,30,8,15,58,38,20,65.52,33.3,100.0
5,20,25,15,0,30,10,8,58,24,34,41.38,16.7,100.0
5,20,25,15,0,30,10,10,58,27,31,46.55,16.7,100.0
5,20,25,15,0,30,10,15,58,34,24,58.62,33.3,100.0
5,20,25,15,0,30,15,8,58,19,39,32.76,16.7,100.0
5,20,25,15,0,30,15,10,58,22,36,37.93,16.7,100.0
5,20,25,15,0,30,15,15,58,29,29,50.00,33.3,100.0
5,20,25,15,5,0,8,8,56,31,25,55.36,16.7,100.0
5,20,25,15,5,0,8,10,56,34,22,60.71,33.3,100.0
5,20,25,15,5,0,8,15,55,36,19,65.45,40.0,100.0
5,20,25,15,5,0,10,8,56,28,28,50.00,16.7,100.0
5,20,25,15,5,0,10,10,56,30,26,53.57,33.3,100.0
5,20,25,15,5,0,10,15,55,33,22,60.00,40.0,100.0
5,20,25,15,5,0,15,8,56,21,35,37.50,16.7,54.5
5,20,25,15,5,0,15,10,56,23,33,41.07,33.3,54.5
5,20,25,15,5,0,15,15,54,27,27,50.00,33.3,100.0
5,20,25,15,5,15,8,8,45,24,21,53.33,28.6,100.0
5,20,25,15,5,15,8,10,45,26,19,57.78,33.3,100.0
5,20,25,15,5,15,8,15,45,30,15,66.67,44.4,100.0
5,20,25,15,5,15,10,8,45,23,22,51.11,28.6,100.0
5,20,25,15,5,15,10,10,45,26,19,57.78,33.3,100.0
5,20,25,15,5,15,10,15,45,30,15,66.67,44.4,100.0
5,20,25,15,5,15,15,8,45,17,28,37.78,11.1,66.7
5,20,25,15,5,15,15,10,45,19,26,42.22,11.1,66.7
5,20,25,15,5,15,15,15,44,23,21,52.27,22.2,100.0
5,20,25,15,5,30,8,8,46,24,22,52.17,38.5,100.0
5,20,25,15,5,30,8,10,46,26,20,56.52,38.5,100.0
5,20,25,15,5,30,8,15,46,29,17,63.04,40.0,100.0
5,20,25,15,5,30,10,8,46,21,25,45.65,38.5,100.0
5,20,25,15,5,30,10,10,46,23,23,50.00,38.5,100.0
5,20,25,15,5,30,10,15,46,27,19,58.70,40.0,100.0
5,20,25,15,5,30,15,8,46,17,29,36.96,25.0,50.0
5,20,25,15,5,30,15,10,46,20,26,43.48,25.0,57.1
5,20,25,15,5,30,15,15,46,24,22,52.17,37.5,66.7
5,20,25,15,10,0,8,8,45,23,22,51.11,14.3,100.0
5,20,25,15,10,0,8,10,45,26,19,57.78,33.3,100.0
5,20,25,15,10,0,8,15,45,28,17,62.22,33.3,100.0
5,20,25,15,10,0,10,8,45,18,27,40.00,14.3,55.6
5,20,25,15,10,0,10,10,45,23,22,51.11,25.0,77.8
5,20,25,15,10,0,10,15,45,25,20,55.56,25.0,77.8
5,20,25,15,10,0,15,8,45,13,32,28.89,0.0,50.0
5,20,25,15,10,0,15,10,45,18,27,40.00,0.0,66.7
5,20,25,15,10,0,15,15,45,21,24,46.67,12.5,66.7
5,20,25,15,10,15,8,8,35,18,17,51.43,28.6,66.7
5,20,25,15,10,15,8,10,35,20,15,57.14,42.9,83.3
5,20,25,15,10,15,8,15,35,25,10,71.43,50.0,100.0
5,20,25,15,10,15,10,8,35,15,20,42.86,25.0,66.7
5,20,25,15,10,15,10,10,35,17,18,48.57,25.0,83.3
5,20,25,15,10,15,10,15,35,22,13,62.86,25.0,83.3
5,20,25,15,10,15,15,8,35,12,23,34.29,14.3,57.1
5,20,25,15,10,15,15,10,35,14,21,40.00,16.7,66.7
5,20,25,15,10,15,15,15,35,20,15,57.14,25.0,83.3
5,20,25,15,10,30,8,8,35,18,17,51.43,25.0,66.7
5,20,25,15,10,30,8,10,35,19,16,54.29,25.0,83.3
5,20,25,15,10,30,8,15,35,22,13,62.86,25.0,83.3
5,20,25,15,10,30,10,8,35,17,18,48.57,25.0,66.7
5,20,25,15,10,30,10,10,35,18,17,51.43,25.0,83.3
5,20,25,15,10,30,10,15,35,21,14,60.00,25.0,83.3
5,20,25,15,10,30,15,8,35,12,23,34.29,0.0,57.1
5,20,25,15,10,30,15,10,35,14,21,40.00,0.0,66.7
5,20,25,15,10,30,15,15,35,18,17,51.43,0.0,83.3
5,20,35,0,0,0,8,8,385,184,201,47.79,32.5,53.8
5,20,35,0,0,0,8,10,385,201,184,52.21,35.0,60.8
5,20,35,0,0,0,8,15,382,246,136,64.40,52.5,74.0
5,20,35,0,0,0,10,8,385,165,220,42.86,27.5,46.8
5,20,35,0,0,0,10,10,385,183,202,47.53,30.0,56.9
5,20,35,0,0,0,10,15,382,228,154,59.69,45.0,72.0
5,20,35,0,0,0,15,8,384,128,256,33.33,20.0,42.6
5,20,35,0,0,0,15,10,384,147,237,38.28,22.5,44.7
5,20,35,0,0,0,15,15,380,192,188,50.53,38.5,64.0
5,20,35,0,0,15,8,8,270,141,129,52.22,41.0,68.8
5,20,35,0,0,15,8,10,270,153,117,56.67,45.5,81.3
5,20,35,0,0,15,8,15,268,181,87,67.54,58.0,87.5
5,20,35,0,0,15,10,8,269,121,148,44.98,35.9,59.4
5,20,35,0,0,15,10,10,269,132,137,49.07,40.9,68.8
5,20,35,0,0,15,10,15,267,162,105,60.67,52.2,75.0
5,20,35,0,0,15,15,8,269,93,176,34.57,18.2,50.0
5,20,35,0,0,15,15,10,269,102,167,37.92,18.2,56.3
5,20,35,0,0,15,15,15,266,137,129,51.50,33.3,65.6
5,20,35,0,0,30,8,8,220,114,106,51.82,44.8,65.5
5,20,35,0,0,30,8,10,219,121,98,55.25,48.3,69.0
5,20,35,0,0,30,8,15,218,140,78,64.22,54.8,82.8
5,20,35,0,0,30,10,8,220,102,118,46.36,37.9,62.1
5,20,35,0,0,30,10,10,219,110,109,50.23,41.7,65.5
5,20,35,0,0,30,10,15,218,128,90,58.72,42.9,75.9
5,20,35,0,0,30,15,8,220,78,142,35.45,31.0,51.7
5,20,35,0,0,30,15,10,219,88,131,40.18,31.4,55.2
5,20,35,0,0,30,15,15,218,107,111,49.08,42.9,62.1
5,20,35,0,5,0,8,8,196,96,100,48.98,41.4,60.7
5,20,35,0,5,0,8,10,196,107,89,54.59,46.0,67.9
5,20,35,0,5,0,8,15,195,125,70,64.10,50.0,75.0
5,20,35,0,5,0,10,8,196,89,107,45.41,36.0,60.7
5,20,35,0,5,0,10,10,196,98,98,50.00,40.0,67.9
5,20,35,0,5,0,10,15,195,116,79,59.49,48.0,75.0
5,20,35,0,5,0,15,8,196,66,130,33.67,26.0,50.0
5,20,35,0,5,0,15,10,196,74,122,37.76,26.9,53.6
5,20,35,0,5,0,15,15,195,92,103,47.18,38.0,57.1
5,20,35,0,5,15,8,8,137,64,73,46.72,36.8,52.4
5,20,35,0,5,15,8,10,137,69,68,50.36,40.0,61.9
5,20,35,0,5,15,8,15,136,84,52,61.76,40.0,77.8
5,20,35,0,5,15,10,8,137,59,78,43.07,31.6,50.0
5,20,35,0,5,15,10,10,137,63,74,45.99,31.6,61.1
5,20,35,0,5,15,10,15,136,76,60,55.88,40.0,77.8
5,20,35,0,5,15,15,8,137,50,87,36.50,29.4,43.3
5,20,35,0,5,15,15,10,137,54,83,39.42,29.4,47.6
5,20,35,0,5,15,15,15,136,65,71,47.79,35.3,56.7
5,20,35,0,5,30,8,8,126,61,65,48.41,39.3,56.3
5,20,35,0,5,30,8,10,126,72,54,57.14,46.4,68.8
5,20,35,0,5,30,8,15,125,83,42,66.40,50.0,73.7
5,20,35,0,5,30,10,8,126,52,74,41.27,32.1,56.3
5,20,35,0,5,30,10,10,126,60,66,47.62,33.3,68.8
5,20,35,0,5,30,10,15,125,72,53,57.60,42.9,68.8
5,20,35,0,5,30,15,8,126,44,82,34.92,21.4,50.0
5,20,35,0,5,30,15,10,126,52,74,41.27,28.6,60.0
5,20,35,0,5,30,15,15,125,65,60,52.00,39.3,63.2
5,20,35,0,10,0,8,8,113,59,54,52.21,38.5,100.0
5,20,35,0,10,0,8,10,113,63,50,55.75,38.5,100.0
5,20,35,0,10,0,8,15,113,75,38,66.37,53.8,100.0
5,20,35,0,10,0,10,8,113,54,59,47.79,36.4,100.0
5,20,35,0,10,0,10,10,113,58,55,51.33,36.4,100.0
5,20,35,0,10,0,10,15,113,68,45,60.18,45.5,100.0
5,20,35,0,10,0,15,8,113,42,71,37.17,21.4,100.0
5,20,35,0,10,0,15,10,113,46,67,40.71,28.6,100.0
5,20,35,0,10,0,15,15,113,60,53,53.10,42.9,100.0
5,20,35,0,10,15,8,8,91,41,50,45.05,26.3,65.0
5,20,35,0,10,15,8,10,91,48,43,52.75,33.3,85.7
5,20,35,0,10,15,8,15,90,55,35,61.11,33.3,92.9
5,20,35,0,10,15,10,8,91,37,54,40.66,23.1,60.0
5,20,35,0,10,15,10,10,91,45,46,49.45,30.8,78.6
5,20,35,0,10,15,10,15,90,53,37,58.89,33.3,85.7
5,20,35,0,10,15,15,8,91,26,65,28.57,15.4,45.0
5,20,35,0,10,15,15,10,91,34,57,37.36,18.2,64.3
5,20,35,0,10,15,15,15,90,43,47,47.78,30.0,78.6
5,20,35,0,10,30,8,8,82,40,42,48.78,36.4,100.0
5,20,35,0,10,30,8,10,82,45,37,54.88,36.4,100.0
5,20,35,0,10,30,8,15,82,56,26,68.29,54.5,100.0
5,20,35,0,10,30,10,8,82,37,45,45.12,27.3,100.0
5,20,35,0,10,30,10,10,82,42,40,51.22,27.3,100.0
5,20,35,0,10,30,10,15,82,55,27,67.07,45.5,100.0
5,20,35,0,10,30,15,8,81,23,58,28.40,9.1,100.0
5,20,35,0,10,30,15,10,81,27,54,33.33,9.1,100.0
5,20,35,0,10,30,15,15,81,43,38,53.09,27.3,100.0
5,20,35,8,0,0,8,8,143,68,75,47.55,38.9,100.0
5,20,35,8,0,0,8,10,143,78,65,54.55,38.9,100.0
5,20,35,8,0,0,8,15,142,90,52,63.38,51.4,100.0
5,20,35,8,0,0,10,8,143,64,79,44.76,33.3,100.0
5,20,35,8,0,0,10,10,143,73,70,51.05,33.3,100.0
5,20,35,8,0,0,10,15,142,84,58,59.15,48.1,100.0
5,20,35,8,0,0,15,8,143,56,87,39.16,31.6,100.0
5,20,35,8,0,0,15,10,143,63,80,44.06,33.3,100.0
5,20,35,8,0,0,15,15,142,75,67,52.82,43.2,100.0
5,20,35,8,0,15,8,8,103,48,55,46.60,35.7,66.7
5,20,35,8,0,15,8,10,103,60,43,58.25,46.2,85.7
5,20,35,8,0,15,8,15,103,69,34,66.99,53.8,85.7
5,20,35,8,0,15,10,8,103,42,61,40.78,28.6,66.7
5,20,35,8,0,15,10,10,103,54,49,52.43,38.5,78.6
5,20,35,8,0,15,10,15,103,64,39,62.14,50.0,78.6
5,20,35,8,0,15,15,8,102,29,73,28.43,7.1,42.9
5,20,35,8,0,15,15,10,102,40,62,39.22,21.4,64.3
5,20,35,8,0,15,15,15,102,50,52,49.02,33.3,71.4
5,20,35,8,0,30,8,8,95,45,50,47.37,30.8,100.0
5,20,35,8,0,30,8,10,95,51,44,53.68,40.0,100.0
5,20,35,8,0,30,8,15,95,60,35,63.16,50.0,100.0
5,20,35,8,0,30,10,8,95,42,53,44.21,23.1,100.0
5,20,35,8,0,30,10,10,95,49,46,51.58,35.0,100.0
5,20,35,8,0,30,10,15,95,56,39,58.95,45.0,100.0
5,20,35,8,0,30,15,8,94,31,63,32.98,20.0,100.0
5,20,35,8,0,30,15,10,94,38,56,40.43,25.0,100.0
5,20,35,8,0,30,15,15,94,46,48,48.94,27.3,100.0
5,20,35,8,5,0,8,8,89,34,55,38.20,23.1,100.0
5,20,35,8,5,0,8,10,89,42,47,47.19,23.5,100.0
5,20,35,8,5,0,8,15,89,53,36,59.55,41.2,100.0
5,20,35,8,5,0,10,8,89,32,57,35.96,23.1,100.0
5,20,35,8,5,0,10,10,89,40,49,44.94,23.5,100.0
5,20,35,8,5,0,10,15,89,52,37,58.43,41.2,100.0
5,20,35,8,5,0,15,8,89,25,64,28.09,15.4,100.0
5,20,35,8,5,0,15,10,88,31,57,35.23,17.6,100.0
5,20,35,8,5,0,15,15,88,42,46,47.73,35.3,100.0
5,20,35,8,5,15,8,8,67,40,27,59.70,41.2,100.0
5,20,35,8,5,15,8,10,67,46,21,68.66,58.8,100.0
5,20,35,8,5,15,8,15,67,49,18,73.13,61.5,100.0
5,20,35,8,5,15,10,8,67,36,31,53.73,41.2,100.0
5,20,35,8,5,15,10,10,67,42,25,62.69,53.8,100.0
5,20,35,8,5,15,10,15,67,45,22,67.16,53.8,100.0
5,20,35,8,5,15,15,8,66,24,42,36.36,29.4,100.0
5,20,35,8,5,15,15,10,66,28,38,42.42,30.8,100.0
5,20,35,8,5,15,15,15,66,36,30,54.55,44.4,100.0
5,20,35,8,5,30,8,8,62,27,35,43.55,29.4,100.0
5,20,35,8,5,30,8,10,62,30,32,48.39,35.3,100.0
5,20,35,8,5,30,8,15,62,40,22,64.52,50.0,100.0
5,20,35,8,5,30,10,8,62,22,40,35.48,17.6,100.0
5,20,35,8,5,30,10,10,62,25,37,40.32,23.5,100.0
5,20,35,8,5,30,10,15,62,35,27,56.45,47.1,100.0
5,20,35,8,5,30,15,8,62,16,46,25.81,17.6,100.0
5,20,35,8,5,30,15,10,62,19,43,30.65,18.2,100.0
5,20,35,8,5,30,15,15,62,30,32,48.39,33.3,100.0
5,20,35,8,10,0,8,8,58,29,29,50.00,36.4,100.0
5,20,35,8,10,0,8,10,58,33,25,56.90,43.8,100.0
5,20,35,8,10,0,8,15,58,37,21,63.79,45.5,100.0
5,20,35,8,10,0,10,8,58,26,32,44.83,27.3,100.0
5,20,35,8,10,0,10,10,58,28,30,48.28,31.3,100.0
5,20,35,8,10,0,10,15,58,33,25,56.90,36.4,100.0
5,20,35,8,10,0,15,8,58,20,38,34.48,18.2,50.0
5,20,35,8,10,0,15,10,58,22,36,37.93,25.0,50.0
5,20,35,8,10,0,15,15,57,29,28,50.88,27.3,100.0
5,20,35,8,10,15,8,8,49,21,28,42.86,16.7,100.0
5,20,35,8,10,15,8,10,49,23,26,46.94,16.7,100.0
5,20,35,8,10,15,8,15,49,27,22,55.10,33.3,100.0
5,20,35,8,10,15,10,8,49,20,29,40.82,16.7,100.0
5,20,35,8,10,15,10,10,49,21,28,42.86,16.7,100.0
5,20,35,8,10,15,10,15,49,25,24,51.02,33.3,100.0
5,20,35,8,10,15,15,8,49,18,31,36.73,16.7,100.0
5,20,35,8,10,15,15,10,49,19,30,38.78,16.7,100.0
5,20,35,8,10,15,15,15,48,22,26,45.83,33.3,100.0
5,20,35,8,10,30,8,8,40,22,18,55.00,22.2,100.0
5,20,35,8,10,30,8,10,40,23,17,57.50,33.3,100.0
5,20,35,8,10,30,8,15,40,26,14,65.00,44.4,100.0
5,20,35,8,10,30,10,8,40,21,19,52.50,22.2,100.0
5,20,35,8,10,30,10,10,40,22,18,55.00,33.3,100.0
5,20,35,8,10,30,10,15,40,25,15,62.50,44.4,100.0
5,20,35,8,10,30,15,8,40,17,23,42.50,11.1,100.0
5,20,35,8,10,30,15,10,40,18,22,45.00,22.2,100.0
5,20,35,8,10,30,15,15,40,21,19,52.50,33.3,100.0
5,20,35,15,0,0,8,8,69,31,38,44.93,33.3,100.0
5,20,35,15,0,0,8,10,69,38,31,55.07,33.3,100.0
5,20,35,15,0,0,8,15,69,48,21,69.57,46.7,100.0
5,20,35,15,0,0,10,8,69,28,41,40.58,26.7,100.0
5,20,35,15,0,0,10,10,69,35,34,50.72,26.7,100.0
5,20,35,15,0,0,10,15,69,45,24,65.22,40.0,100.0
5,20,35,15,0,0,15,8,69,24,45,34.78,26.7,100.0
5,20,35,15,0,0,15,10,68,27,41,39.71,26.7,100.0
5,20,35,15,0,0,15,15,68,35,33,51.47,33.3,100.0
5,20,35,15,0,15,8,8,58,31,27,53.45,31.3,100.0
5,20,35,15,0,15,8,10,58,32,26,55.17,31.3,100.0
5,20,35,15,0,15,8,15,58,38,20,65.52,43.8,100.0
5,20,35,15,0,15,10,8,58,28,30,48.28,31.3,100.0
5,20,35,15,0,15,10,10,58,29,29,50.00,31.3,100.0
5,20,35,15,0,15,10,15,58,35,23,60.34,43.8,100.0
5,20,35,15,0,15,15,8,58,22,36,37.93,27.3,100.0
5,20,35,15,0,15,15,10,58,22,36,37.93,27.3,100.0
5,20,35,15,0,15,15,15,58,31,27,53.45,43.8,100.0
5,20,35,15,0,30,8,8,52,25,27,48.08,16.7,100.0
5,20,35,15,0,30,8,10,52,26,26,50.00,16.7,100.0
5,20,35,15,0,30,8,15,52,34,18,65.38,33.3,100.0
5,20,35,15,0,30,10,8,52,24,28,46.15,16.7,100.0
5,20,35,15,0,30,10,10,52,25,27,48.08,16.7,100.0
5,20,35,15,0,30,10,15,52,32,20,61.54,33.3,100.0
5,20,35,15,0,30,15,8,52,20,32,38.46,16.7,100.0
5,20,35,15,0,30,15,10,52,21,31,40.38,16.7,100.0
5,20,35,15,0,30,15,15,52,28,24,53.85,33.3,100.0
5,20,35,15,5,0,8,8,53,26,27,49.06,16.7,100.0
5,20,35,15,5,0,8,10,53,29,24,54.72,33.3,100.0
5,20,35,15,5,0,8,15,52,33,19,63.46,40.0,100.0
5,20,35,15,5,0,10,8,53,24,29,45.28,16.7,100.0
5,20,35,15,5,0,10,10,53,26,27,49.06,33.3,100.0
5,20,35,15,5,0,10,15,52,31,21,59.62,40.0,100.0
5,20,35,15,5,0,15,8,53,16,37,30.19,16.7,50.0
5,20,35,15,5,0,15,10,53,20,33,37.74,22.2,62.5
5,20,35,15,5,0,15,15,51,26,25,50.98,33.3,100.0
5,20,35,15,5,15,8,8,40,17,23,42.50,25.0,100.0
5,20,35,15,5,15,8,10,40,19,21,47.50,25.0,100.0
5,20,35,15,5,15,8,15,40,23,17,57.50,41.7,100.0
5,20,35,15,5,15,10,8,40,17,23,42.50,25.0,100.0
5,20,35,15,5,15,10,10,40,19,21,47.50,25.0,100.0
5,20,35,15,5,15,10,15,40,22,18,55.00,37.5,100.0
5,20,35,15,5,15,15,8,40,14,26,35.00,25.0,66.7
5,20,35,15,5,15,15,10,40,15,25,37.50,25.0,66.7
5,20,35,15,5,15,15,15,39,18,21,46.15,28.6,100.0
5,20,35,15,5,30,8,8,37,20,17,54.05,40.0,100.0
5,20,35,15,5,30,8,10,37,21,16,56.76,40.0,100.0
5,20,35,15,5,30,8,15,37,22,15,59.46,40.0,100.0
5,20,35,15,5,30,10,8,37,17,20,45.95,40.0,100.0
5,20,35,15,5,30,10,10,37,19,18,51.35,40.0,100.0
5,20,35,15,5,30,10,15,37,20,17,54.05,40.0,100.0
5,20,35,15,5,30,15,8,37,14,23,37.84,28.6,50.0
5,20,35,15,5,30,15,10,37,16,21,43.24,28.6,66.7
5,20,35,15,5,30,15,15,36,17,19,47.22,28.6,100.0
5,20,35,15,10,0,8,8,39,21,18,53.85,28.6,72.7
5,20,35,15,10,0,8,10,39,24,15,61.54,28.6,100.0
5,20,35,15,10,0,8,15,39,26,13,66.67,33.3,100.0
5,20,35,15,10,0,10,8,39,16,23,41.03,0.0,63.6
5,20,35,15,10,0,10,10,39,20,19,51.28,28.6,83.3
5,20,35,15,10,0,10,15,39,25,14,64.10,33.3,100.0
5,20,35,15,10,0,15,8,39,13,26,33.33,0.0,54.5
5,20,35,15,10,0,15,10,39,17,22,43.59,0.0,66.7
5,20,35,15,10,0,15,15,39,21,18,53.85,0.0,83.3
5,20,35,15,10,15,8,8,34,17,17,50.00,33.3,100.0
5,20,35,15,10,15,8,10,34,18,16,52.94,33.3,100.0
5,20,35,15,10,15,8,15,34,24,10,70.59,40.0,100.0
5,20,35,15,10,15,10,8,34,13,21,38.24,0.0,55.6
5,20,35,15,10,15,10,10,34,14,20,41.18,0.0,66.7
5,20,35,15,10,15,10,15,34,19,15,55.88,0.0,83.3
5,20,35,15,10,15,15,8,34,11,23,32.35,0.0,44.4
5,20,35,15,10,15,15,10,34,12,22,35.29,0.0,50.0
5,20,35,15,10,15,15,15,34,18,16,52.94,0.0,83.3
5,20,35,15,10,30,8,8,36,17,19,47.22,25.0,100.0
5,20,35,15,10,30,8,10,36,18,18,50.00,25.0,100.0
5,20,35,15,10,30,8,15,36,20,16,55.56,25.0,100.0
5,20,35,15,10,30,10,8,36,14,22,38.89,0.0,50.0
5,20,35,15,10,30,10,10,36,16,20,44.44,0.0,66.7
5,20,35,15,10,30,10,15,36,18,18,50.00,0.0,66.7
5,20,35,15,10,30,15,8,36,10,26,27.78,0.0,44.4
5,20,35,15,10,30,15,10,36,12,24,33.33,0.0,50.0
5,20,35,15,10,30,15,15,36,15,21,41.67,0.0,66.7