indicator,good,bad,oscillating,total,success_rate,interval_label
RSI_5_80_20,14,0,0,14,100,5min
RSI_5_90_10,1,0,0,1,100,5min
RSI_10_80_20,7,0,0,7,100,5min
RSI_20_70_30,6,0,0,6,100,5min
RSI_25_70_30,4,0,0,4,100,5min
RSI_5_70_30__AND__RSI_5_80_20,14,0,0,14,100,5min
RSI_5_70_30__AND__RSI_5_90_10,1,0,0,1,100,5min
RSI_5_70_30__AND__RSI_10_70_30,12,0,1,12,100,5min
RSI_5_70_30__AND__RSI_10_80_20,7,0,0,7,100,5min
RSI_5_70_30__AND__RSI_14_70_30,7,0,1,7,100,5min
RSI_5_70_30__AND__RSI_15_70_30,7,0,1,7,100,5min
RSI_5_70_30__AND__RSI_20_70_30,5,0,0,5,100,5min
RSI_5_70_30__AND__RSI_25_70_30,4,0,0,4,100,5min
RSI_5_70_30__AND__MACD_4_8_3,2,0,1,2,100,5min
RSI_5_70_30__AND__MACD_12_26_9,1,0,0,1,100,5min
RSI_5_70_30__AND__MACD_16_32_12,2,0,0,2,100,5min
RSI_5_70_30__AND__MACD_20_40_15,2,0,0,2,100,5min
RSI_5_70_30__AND__EMA_12_28,6,0,0,6,100,5min
RSI_5_70_30__AND__EMA_18_42,5,0,0,5,100,5min
RSI_5_70_30__AND__EMA_24_56,4,0,0,4,100,5min
RSI_5_70_30__AND__EMA_27_63,2,0,1,2,100,5min
RSI_5_70_30__AND__EMA_30_70,3,0,0,3,100,5min
RSI_5_80_20__AND__RSI_5_90_10,1,0,0,1,100,5min
RSI_5_80_20__AND__RSI_10_70_30,11,0,0,11,100,5min
RSI_5_80_20__AND__RSI_10_80_20,7,0,0,7,100,5min
RSI_5_80_20__AND__RSI_14_70_30,7,0,0,7,100,5min
RSI_5_80_20__AND__RSI_15_70_30,7,0,0,7,100,5min
RSI_5_80_20__AND__RSI_20_70_30,5,0,0,5,100,5min
RSI_5_80_20__AND__RSI_25_70_30,4,0,0,4,100,5min
RSI_5_80_20__AND__MACD_4_8_3,2,0,0,2,100,5min
RSI_5_80_20__AND__EMA_5_13,4,0,0,4,100,5min
RSI_5_80_20__AND__EMA_9_21,6,0,0,6,100,5min
RSI_5_80_20__AND__EMA_12_28,5,0,0,5,100,5min
RSI_5_80_20__AND__EMA_15_35,2,0,0,2,100,5min
RSI_5_80_20__AND__EMA_18_42,4,0,0,4,100,5min
RSI_5_80_20__AND__EMA_21_49,3,0,0,3,100,5min
RSI_5_80_20__AND__EMA_24_56,4,0,0,4,100,5min
RSI_5_80_20__AND__EMA_27_63,1,0,0,1,100,5min
RSI_5_80_20__AND__EMA_30_70,3,0,0,3,100,5min
RSI_5_80_20__AND__ADX_14,2,0,0,2,100,5min
RSI_5_80_20__AND__ADX_20,2,0,0,2,100,5min
RSI_5_90_10__AND__RSI_10_70_30,1,0,0,1,100,5min
RSI_5_90_10__AND__RSI_10_80_20,1,0,0,1,100,5min
RSI_5_90_10__AND__RSI_14_70_30,1,0,0,1,100,5min
RSI_5_90_10__AND__RSI_15_70_30,1,0,0,1,100,5min
RSI_5_90_10__AND__RSI_20_70_30,1,0,0,1,100,5min
RSI_5_90_10__AND__RSI_25_70_30,1,0,0,1,100,5min
RSI_5_90_10__AND__EMA_18_42,1,0,0,1,100,5min
RSI_5_90_10__AND__EMA_24_56,1,0,0,1,100,5min
RSI_10_70_30__AND__RSI_10_80_20,7,0,0,7,100,5min
RSI_10_70_30__AND__RSI_14_70_30,7,0,1,7,100,5min
RSI_10_70_30__AND__RSI_15_70_30,7,0,1,7,100,5min
RSI_10_70_30__AND__RSI_20_70_30,5,0,0,5,100,5min
RSI_10_70_30__AND__RSI_25_70_30,4,0,0,4,100,5min
RSI_10_70_30__AND__EMA_5_13,4,0,1,4,100,5min
RSI_10_70_30__AND__EMA_9_21,6,0,0,6,100,5min
RSI_10_70_30__AND__EMA_12_28,5,0,0,5,100,5min
RSI_10_70_30__AND__EMA_15_35,3,0,0,3,100,5min
RSI_10_70_30__AND__EMA_18_42,4,0,0,4,100,5min
RSI_10_70_30__AND__EMA_21_49,2,0,0,2,100,5min
RSI_10_70_30__AND__EMA_24_56,4,0,0,4,100,5min
RSI_10_70_30__AND__EMA_27_63,1,0,1,1,100,5min
RSI_10_70_30__AND__EMA_30_70,3,0,0,3,100,5min
RSI_10_70_30__AND__ADX_14,1,0,0,1,100,5min
RSI_10_70_30__AND__ADX_20,1,0,0,1,100,5min
RSI_10_80_20__AND__RSI_14_70_30,5,0,0,5,100,5min
RSI_10_80_20__AND__RSI_15_70_30,5,0,0,5,100,5min
RSI_10_80_20__AND__RSI_20_70_30,5,0,0,5,100,5min
RSI_10_80_20__AND__RSI_25_70_30,4,0,0,4,100,5min
RSI_10_80_20__AND__MACD_4_8_3,1,0,0,1,100,5min
RSI_10_80_20__AND__EMA_5_13,3,0,0,3,100,5min
RSI_10_80_20__AND__EMA_9_21,4,0,0,4,100,5min
RSI_10_80_20__AND__EMA_12_28,3,0,0,3,100,5min
RSI_10_80_20__AND__EMA_15_35,1,0,0,1,100,5min
RSI_10_80_20__AND__EMA_18_42,4,0,0,4,100,5min
RSI_10_80_20__AND__EMA_21_49,1,0,0,1,100,5min
RSI_10_80_20__AND__EMA_24_56,3,0,0,3,100,5min
RSI_10_80_20__AND__EMA_27_63,1,0,0,1,100,5min
RSI_10_80_20__AND__EMA_30_70,3,0,0,3,100,5min
RSI_14_70_30__AND__RSI_15_70_30,9,0,1,9,100,5min
RSI_14_70_30__AND__RSI_20_70_30,6,0,0,6,100,5min
RSI_14_70_30__AND__RSI_25_70_30,4,0,0,4,100,5min
RSI_14_70_30__AND__EMA_9_21,5,0,0,5,100,5min
RSI_14_70_30__AND__EMA_12_28,4,0,0,4,100,5min
RSI_14_70_30__AND__EMA_15_35,1,0,0,1,100,5min
RSI_14_70_30__AND__EMA_18_42,4,0,0,4,100,5min
RSI_14_70_30__AND__EMA_21_49,1,0,0,1,100,5min
RSI_14_70_30__AND__EMA_24_56,3,0,0,3,100,5min
RSI_14_70_30__AND__EMA_27_63,1,0,1,1,100,5min
RSI_14_70_30__AND__EMA_30_70,3,0,0,3,100,5min
RSI_15_70_30__AND__RSI_20_70_30,6,0,0,6,100,5min
RSI_15_70_30__AND__RSI_25_70_30,4,0,0,4,100,5min
RSI_15_70_30__AND__EMA_9_21,5,0,0,5,100,5min
RSI_15_70_30__AND__EMA_12_28,4,0,0,4,100,5min
RSI_15_70_30__AND__EMA_15_35,1,0,0,1,100,5min
RSI_15_70_30__AND__EMA_18_42,4,0,0,4,100,5min
RSI_15_70_30__AND__EMA_21_49,1,0,0,1,100,5min
RSI_15_70_30__AND__EMA_24_56,3,0,0,3,100,5min
RSI_15_70_30__AND__EMA_27_63,1,0,1,1,100,5min
RSI_15_70_30__AND__EMA_30_70,3,0,0,3,100,5min
RSI_20_70_30__AND__RSI_25_70_30,4,0,0,4,100,5min
RSI_20_70_30__AND__MACD_4_8_3,1,0,0,1,100,5min
RSI_20_70_30__AND__EMA_5_13,2,0,0,2,100,5min
RSI_20_70_30__AND__EMA_9_21,5,0,0,5,100,5min
RSI_20_70_30__AND__EMA_12_28,3,0,0,3,100,5min
RSI_20_70_30__AND__EMA_15_35,1,0,0,1,100,5min
RSI_20_70_30__AND__EMA_18_42,4,0,0,4,100,5min
RSI_20_70_30__AND__EMA_21_49,1,0,0,1,100,5min
RSI_20_70_30__AND__EMA_24_56,3,0,0,3,100,5min
RSI_20_70_30__AND__EMA_27_63,1,0,0,1,100,5min
RSI_20_70_30__AND__EMA_30_70,3,0,0,3,100,5min
RSI_25_70_30__AND__MACD_4_8_3,1,0,0,1,100,5min
RSI_25_70_30__AND__EMA_5_13,1,0,0,1,100,5min
RSI_25_70_30__AND__EMA_9_21,3,0,0,3,100,5min
RSI_25_70_30__AND__EMA_12_28,2,0,0,2,100,5min
RSI_25_70_30__AND__EMA_15_35,1,0,0,1,100,5min
RSI_25_70_30__AND__EMA_18_42,3,0,0,3,100,5min
RSI_25_70_30__AND__EMA_24_56,2,0,0,2,100,5min
RSI_25_70_30__AND__EMA_27_63,1,0,0,1,100,5min
RSI_25_70_30__AND__EMA_30_70,2,0,0,2,100,5min
RSI_10_70_30,12,1,1,13,92.31,5min
RSI_5_70_30,20,2,1,22,90.91,5min
RSI_14_70_30,9,1,1,10,90,5min
RSI_15_70_30,9,1,1,10,90,5min
RSI_5_70_30__AND__EMA_9_21,9,1,0,10,90,5min
RSI_5_70_30__AND__EMA_5_13,5,1,1,6,83.33,5min
RSI_5_70_30__AND__EMA_15_35,5,1,0,6,83.33,5min
RSI_5_70_30__AND__EMA_21_49,5,1,0,6,83.33,5min
RSI_14_70_30__AND__EMA_5_13,3,1,1,4,75,5min
RSI_15_70_30__AND__EMA_5_13,3,1,1,4,75,5min
EMA_9_21__AND__EMA_30_70,3,1,1,4,75,5min
EMA_18_42__AND__EMA_30_70,3,1,1,4,75,5min
EMA_9_21__AND__EMA_18_42,11,5,1,16,68.75,5min
RSI_5_70_30__AND__ADX_14,2,1,0,3,66.67,5min
RSI_5_70_30__AND__ADX_20,2,1,0,3,66.67,5min
RSI_10_70_30__AND__MACD_4_8_3,2,1,1,3,66.67,5min
Bollinger_30_1.5__AND__EMA_9_21,2,1,1,3,66.67,5min
EMA_24_56__AND__EMA_30_70,2,1,1,3,66.67,5min
EMA_9_21__AND__EMA_15_35,15,8,1,23,65.22,5min
EMA_9_21__AND__EMA_21_49,11,6,1,17,64.71,5min
EMA_15_35__AND__EMA_18_42,11,6,1,17,64.71,5min
EMA_9_21__AND__EMA_12_28,17,10,1,27,62.96,5min
EMA_5_13__AND__EMA_24_56,5,3,0,8,62.5,5min
EMA_18_42__AND__EMA_21_49,8,5,1,13,61.54,5min
EMA_5_13__AND__EMA_18_42,11,7,0,18,61.11,5min
EMA_5_13__AND__EMA_9_21,17,11,0,28,60.71,5min
EMA_30_70,3,2,1,5,60,5min
EMA_9_21__AND__EMA_24_56,6,4,1,10,60,5min
EMA_12_28__AND__EMA_15_35,12,8,1,20,60,5min
EMA_12_28__AND__EMA_18_42,12,8,1,20,60,5min
EMA_12_28__AND__EMA_30_70,3,2,1,5,60,5min
EMA_15_35__AND__EMA_21_49,9,6,1,15,60,5min
EMA_18_42,19,13,1,32,59.38,5min
MACD_16_32_12__AND__EMA_9_21,7,5,1,12,58.33,5min
MACD_12_26_9__AND__EMA_9_21,11,8,1,19,57.89,5min
MACD_20_40_15__AND__EMA_9_21,4,3,1,7,57.14,5min
EMA_15_35__AND__EMA_24_56,4,3,1,7,57.14,5min
EMA_18_42__AND__EMA_27_63,4,3,0,7,57.14,5min
EMA_9_21,30,23,1,53,56.6,5min
MACD_16_32_12__AND__EMA_18_42,9,7,1,16,56.25,5min
EMA_21_49,14,11,1,25,56,5min
EMA_24_56,10,8,1,18,55.56,5min
Bollinger_30_1__AND__EMA_9_21,5,4,1,9,55.56,5min
MACD_12_24_9__AND__EMA_9_21,11,9,1,20,55,5min
EMA_5_13__AND__EMA_21_49,6,5,0,11,54.55,5min
EMA_18_42__AND__EMA_24_56,6,5,1,11,54.55,5min
EMA_12_28,25,21,1,46,54.35,5min
EMA_9_21__AND__ADX_14,13,11,1,24,54.17,5min
EMA_15_35,21,18,1,39,53.85,5min
EMA_5_13__AND__EMA_12_28,14,12,0,26,53.85,5min
EMA_12_28__AND__EMA_21_49,7,6,1,13,53.85,5min
MACD_12_26_9__AND__EMA_18_42,9,8,1,17,52.94,5min
MACD_16_32_12__AND__EMA_15_35,10,9,1,19,52.63,5min
EMA_5_13__AND__EMA_15_35,10,9,0,19,52.63,5min
EMA_5_13,32,29,1,61,52.46,5min
RSI_14_70_30__AND__MACD_4_8_3,1,1,1,2,50,5min
RSI_15_70_30__AND__MACD_4_8_3,1,1,1,2,50,5min
MACD_8_16_6__AND__EMA_9_21,10,10,1,20,50,5min
MACD_8_16_6__AND__EMA_18_42,8,8,1,16,50,5min
MACD_12_24_9__AND__EMA_18_42,8,8,1,16,50,5min
MACD_16_32_12__AND__EMA_12_28,7,7,1,14,50,5min
MACD_16_32_12__AND__EMA_24_56,3,3,1,6,50,5min
MACD_20_40_15__AND__EMA_24_56,4,4,1,8,50,5min
Bollinger_15_1.5__AND__EMA_24_56,1,1,0,2,50,5min
Bollinger_20_2__AND__EMA_24_56,1,1,0,2,50,5min
Bollinger_25_1__AND__EMA_9_21,5,5,1,10,50,5min
EMA_5_13__AND__EMA_27_63,3,3,1,6,50,5min
EMA_5_13__AND__EMA_30_70,2,2,0,4,50,5min
EMA_9_21__AND__EMA_27_63,4,4,0,8,50,5min
EMA_9_21__AND__ADX_20,9,9,1,18,50,5min
EMA_9_21__AND__RSI_10_70_30_REV,1,1,1,2,50,5min
EMA_9_21__AND__RSI_14_70_30_REV,1,1,1,2,50,5min
EMA_18_42__AND__ADX_14,9,9,1,18,50,5min
EMA_18_42__AND__ADX_20,9,9,1,18,50,5min
EMA_21_49__AND__EMA_24_56,5,5,1,10,50,5min
EMA_24_56__AND__EMA_27_63,3,3,0,6,50,5min
MACD_8_16_6__AND__EMA_5_13,13,14,0,27,48.15,5min
MACD_12_26_9__AND__EMA_12_28,8,9,1,17,47.06,5min
MACD_16_32_12,14,16,1,30,46.67,5min
MACD_16_32_12__AND__EMA_5_13,7,8,0,15,46.67,5min
EMA_21_49__AND__ADX_14,7,8,1,15,46.67,5min
EMA_21_49__AND__ADX_20,7,8,1,15,46.67,5min
MACD_16_32_12__AND__EMA_21_49,6,7,1,13,46.15,5min
EMA_12_28__AND__ADX_14,12,14,1,26,46.15,5min
MACD_8_16_6__AND__EMA_12_28,10,12,1,22,45.45,5min
MACD_20_40_15__AND__EMA_5_13,5,6,0,11,45.45,5min
MACD_12_26_9__AND__EMA_15_35,9,11,1,20,45,5min
EMA_15_35__AND__ADX_20,9,11,1,20,45,5min
MACD_12_24_9__AND__EMA_12_28,8,10,1,18,44.44,5min
MACD_12_24_9__AND__EMA_24_56,4,5,1,9,44.44,5min
MACD_12_26_9__AND__EMA_24_56,4,5,1,9,44.44,5min
EMA_12_28__AND__ADX_20,8,10,1,18,44.44,5min
EMA_15_35__AND__EMA_27_63,4,5,0,9,44.44,5min
MACD_8_16_6,23,29,1,52,44.23,5min
MACD_12_24_9__AND__EMA_15_35,10,13,1,23,43.48,5min
EMA_15_35__AND__ADX_14,10,13,1,23,43.48,5min
MACD_8_16_6__AND__EMA_15_35,9,12,1,21,42.86,5min
MACD_20_40_15__AND__EMA_18_42,3,4,1,7,42.86,5min
Bollinger_25_1__AND__EMA_18_42,3,4,1,7,42.86,5min
Bollinger_30_1__AND__EMA_18_42,3,4,1,7,42.86,5min
EMA_21_49__AND__EMA_27_63,3,4,0,7,42.86,5min
MACD_8_16_6__AND__MACD_16_32_12,11,15,1,26,42.31,5min
EMA_5_13__AND__ADX_14,11,15,0,26,42.31,5min
ADX_14,19,26,1,45,42.22,5min
MACD_20_40_15,8,11,1,19,42.11,5min
EMA_27_63,5,7,1,12,41.67,5min
MACD_4_8_3__AND__EMA_18_42,5,7,0,12,41.67,5min
MACD_8_16_6__AND__EMA_21_49,5,7,1,12,41.67,5min
MACD_12_24_9__AND__EMA_21_49,5,7,1,12,41.67,5min
MACD_12_26_9__AND__MACD_16_32_12,10,14,1,24,41.67,5min
MACD_12_26_9__AND__EMA_21_49,5,7,1,12,41.67,5min
EMA_12_28__AND__EMA_24_56,5,7,1,12,41.67,5min
EMA_5_13__AND__ADX_20,7,10,0,17,41.18,5min
MACD_12_26_9,16,23,1,39,41.03,5min
MACD_4_8_3__AND__EMA_24_56,4,6,0,10,40,5min
MACD_8_16_6__AND__EMA_24_56,4,6,1,10,40,5min
MACD_12_24_9__AND__MACD_16_32_12,10,15,1,25,40,5min
MACD_16_32_12__AND__MACD_20_40_15,6,9,1,15,40,5min
MACD_20_40_15__AND__EMA_15_35,4,6,1,10,40,5min
MACD_20_40_15__AND__EMA_21_49,4,6,1,10,40,5min
MACD_24_48_18__AND__EMA_5_13,2,3,0,5,40,5min
MACD_24_48_18__AND__EMA_24_56,2,3,1,5,40,5min
Bollinger_20_1__AND__EMA_24_56,2,3,1,5,40,5min
Bollinger_20_1.5__AND__EMA_24_56,2,3,0,5,40,5min
Bollinger_25_1__AND__EMA_24_56,2,3,1,5,40,5min
Bollinger_25_1.5__AND__EMA_9_21,2,3,1,5,40,5min
Bollinger_25_1.5__AND__EMA_24_56,2,3,1,5,40,5min
Bollinger_30_1__AND__EMA_24_56,2,3,1,5,40,5min
Bollinger_30_1.5__AND__EMA_24_56,2,3,1,5,40,5min
EMA_24_56__AND__RSI_10_70_30_REV,2,3,1,5,40,5min
ADX_20,13,20,1,33,39.39,5min
ADX_14__AND__ADX_20,13,20,1,33,39.39,5min
MACD_12_24_9,16,25,1,41,39.02,5min
MACD_8_16_6__AND__MACD_12_24_9,14,22,1,36,38.89,5min
MACD_12_24_9__AND__MACD_12_26_9,14,22,1,36,38.89,5min
MACD_12_26_9__AND__EMA_5_13,7,11,0,18,38.89,5min
MACD_8_16_6__AND__MACD_12_26_9,12,19,1,31,38.71,5min
MACD_16_32_12__AND__Bollinger_25_1,5,8,1,13,38.46,5min
MACD_16_32_12__AND__Bollinger_30_1,5,8,1,13,38.46,5min
MACD_12_24_9__AND__EMA_5_13,8,13,0,21,38.1,5min
Bollinger_20_1__AND__EMA_9_21,3,5,1,8,37.5,5min
Bollinger_30_1.5__AND__EMA_12_28,3,5,1,8,37.5,5min
MACD_4_8_3__AND__MACD_16_32_12,7,12,0,19,36.84,5min
MACD_12_26_9__AND__Bollinger_25_1,7,12,1,19,36.84,5min
Bollinger_25_1__AND__Bollinger_30_1,8,14,1,22,36.36,5min
Bollinger_25_1__AND__EMA_12_28,4,7,1,11,36.36,5min
Bollinger_30_1__AND__EMA_12_28,4,7,1,11,36.36,5min
MACD_4_8_3__AND__EMA_9_21,9,16,0,25,36,5min
MACD_8_16_6__AND__ADX_14,9,16,1,25,36,5min
RSI_14_70_30_REV,5,9,1,14,35.71,5min
MACD_4_8_3__AND__EMA_15_35,6,11,0,17,35.29,5min
MACD_4_8_3__AND__EMA_12_28,7,13,0,20,35,5min
MACD_8_16_6__AND__Bollinger_30_1,7,13,1,20,35,5min
MACD_12_24_9__AND__Bollinger_25_1,7,13,1,20,35,5min
MACD_8_16_6__AND__Bollinger_25_1,8,15,1,23,34.78,5min
Bollinger_25_1,9,17,1,26,34.62,5min
Bollinger_30_1,8,16,1,24,33.33,5min
MACD_4_8_3__AND__EMA_21_49,3,6,0,9,33.33,5min
MACD_8_16_6__AND__MACD_20_40_15,4,8,1,12,33.33,5min
MACD_12_24_9__AND__MACD_20_40_15,4,8,1,12,33.33,5min
MACD_12_26_9__AND__MACD_20_40_15,4,8,1,12,33.33,5min
MACD_12_26_9__AND__Bollinger_30_1,7,14,1,21,33.33,5min
MACD_16_32_12__AND__EMA_27_63,3,6,0,9,33.33,5min
MACD_20_40_15__AND__Bollinger_20_1,4,8,1,12,33.33,5min
MACD_20_40_15__AND__Bollinger_25_1,4,8,1,12,33.33,5min
MACD_20_40_15__AND__Bollinger_30_1,4,8,1,12,33.33,5min
MACD_24_48_18__AND__EMA_9_21,1,2,1,3,33.33,5min
Bollinger_20_2__AND__EMA_18_42,1,2,0,3,33.33,5min
Bollinger_25_1__AND__EMA_5_13,5,10,0,15,33.33,5min
Bollinger_25_1.5__AND__EMA_12_28,3,6,1,9,33.33,5min
Bollinger_25_2__AND__EMA_24_56,1,2,0,3,33.33,5min
Bollinger_30_2__AND__EMA_24_56,1,2,0,3,33.33,5min
EMA_12_28__AND__RSI_10_70_30_REV,2,4,1,6,33.33,5min
EMA_12_28__AND__RSI_14_70_30_REV,2,4,1,6,33.33,5min
EMA_15_35__AND__EMA_30_70,1,2,1,3,33.33,5min
EMA_18_42__AND__RSI_10_70_30_REV,2,4,1,6,33.33,5min
EMA_21_49__AND__EMA_30_70,1,2,1,3,33.33,5min
EMA_24_56__AND__ADX_14,3,6,1,9,33.33,5min
EMA_24_56__AND__ADX_20,3,6,1,9,33.33,5min
EMA_27_63__AND__EMA_30_70,1,2,0,3,33.33,5min
MACD_12_24_9__AND__Bollinger_30_1,7,15,1,22,31.82,5min
MACD_12_26_9__AND__ADX_14,7,15,1,22,31.82,5min
MACD_4_8_3__AND__MACD_8_16_6,12,26,0,38,31.58,5min
MACD_12_26_9__AND__ADX_20,6,13,1,19,31.58,5min
RSI_10_70_30_REV,5,11,1,16,31.25,5min
MACD_4_8_3__AND__MACD_12_24_9,9,20,0,29,31.03,5min
MACD_4_8_3__AND__MACD_12_26_9,8,18,0,26,30.77,5min
MACD_16_32_12__AND__Bollinger_20_1,4,9,1,13,30.77,5min
MACD_12_24_9__AND__ADX_14,7,16,1,23,30.43,5min
MACD_4_8_3__AND__EMA_5_13,9,21,1,30,30,5min
MACD_4_8_3__AND__RSI_14_70_30_REV,3,7,0,10,30,5min
MACD_16_32_12__AND__ADX_14,3,7,1,10,30,5min
MACD_16_32_12__AND__ADX_20,3,7,1,10,30,5min
Bollinger_20_1__AND__Bollinger_30_1,6,14,1,20,30,5min
Bollinger_20_1__AND__EMA_12_28,3,7,1,10,30,5min
MACD_4_8_3__AND__Bollinger_30_1,5,12,0,17,29.41,5min
Bollinger_25_1__AND__ADX_14,5,12,1,17,29.41,5min
MACD_4_8_3,18,45,1,63,28.57,5min
MACD_20_40_15__AND__EMA_27_63,2,5,0,7,28.57,5min
Bollinger_10_1__AND__EMA_24_56,2,5,0,7,28.57,5min
Bollinger_15_1__AND__EMA_24_56,2,5,1,7,28.57,5min
Bollinger_30_1__AND__EMA_5_13,4,10,0,14,28.57,5min
EMA_5_13__AND__RSI_10_70_30_REV,2,5,0,7,28.57,5min
EMA_9_21__AND__RSI_5_80_20_REV,2,5,0,7,28.57,5min
EMA_12_28__AND__EMA_27_63,2,5,0,7,28.57,5min
EMA_15_35__AND__RSI_10_70_30_REV,2,5,1,7,28.57,5min
MACD_12_24_9__AND__ADX_20,5,13,1,18,27.78,5min
MACD_12_26_9__AND__Bollinger_20_1,5,13,1,18,27.78,5min
MACD_4_8_3__AND__MACD_20_40_15,3,8,0,11,27.27,5min
MACD_8_16_6__AND__Bollinger_20_1,6,16,1,22,27.27,5min
Bollinger_25_1__AND__EMA_15_35,3,8,1,11,27.27,5min
RSI_10_70_30_REV__AND__RSI_14_70_30_REV,3,8,1,11,27.27,5min
MACD_12_24_9__AND__Bollinger_20_1,5,14,1,19,26.32,5min
Bollinger_20_1__AND__Bollinger_25_1,6,17,1,23,26.09,5min
MACD_4_8_3__AND__Bollinger_25_1,5,15,0,20,25,5min
MACD_4_8_3__AND__Bollinger_30_1.5,3,9,0,12,25,5min
MACD_8_16_6__AND__EMA_27_63,2,6,0,8,25,5min
MACD_8_16_6__AND__ADX_20,4,12,1,16,25,5min
MACD_12_24_9__AND__EMA_27_63,2,6,0,8,25,5min
MACD_12_26_9__AND__EMA_27_63,2,6,0,8,25,5min
MACD_20_40_15__AND__EMA_12_28,2,6,1,8,25,5min
Bollinger_10_1.5__AND__EMA_15_35,1,3,0,4,25,5min
Bollinger_10_1.5__AND__EMA_18_42,1,3,0,4,25,5min
Bollinger_10_1.5__AND__EMA_24_56,1,3,0,4,25,5min
Bollinger_15_1__AND__EMA_9_21,3,9,1,12,25,5min
Bollinger_15_1.5__AND__EMA_12_28,1,3,0,4,25,5min
Bollinger_15_1.5__AND__EMA_18_42,1,3,0,4,25,5min
Bollinger_20_1.5__AND__EMA_9_21,1,3,0,4,25,5min
Bollinger_20_1.5__AND__EMA_12_28,2,6,0,8,25,5min
Bollinger_20_2__AND__EMA_12_28,1,3,0,4,25,5min
Bollinger_20_2__AND__EMA_15_35,1,3,0,4,25,5min
Bollinger_25_2__AND__EMA_12_28,1,3,0,4,25,5min
Bollinger_25_2__AND__EMA_18_42,1,3,0,4,25,5min
Bollinger_30_2__AND__EMA_12_28,1,3,0,4,25,5min
Bollinger_30_2__AND__EMA_18_42,1,3,0,4,25,5min
EMA_5_13__AND__RSI_14_70_30_REV,2,6,0,8,25,5min
EMA_9_21__AND__RSI_5_70_30_REV,3,9,0,12,25,5min
EMA_24_56__AND__RSI_14_70_30_REV,1,3,1,4,25,5min
EMA_27_63__AND__ADX_14,2,6,0,8,25,5min
EMA_27_63__AND__ADX_20,2,6,0,8,25,5min
MACD_4_8_3__AND__ADX_14,5,16,0,21,23.81,5min
Bollinger_30_1__AND__ADX_14,4,13,1,17,23.53,5min
Bollinger_20_1,6,20,1,26,23.08,5min
MACD_12_26_9__AND__Bollinger_25_1.5,3,10,1,13,23.08,5min
MACD_12_26_9__AND__Bollinger_30_1.5,3,10,1,13,23.08,5min
Bollinger_15_1__AND__EMA_12_28,3,10,1,13,23.08,5min
Bollinger_30_1__AND__EMA_15_35,3,10,1,13,23.08,5min
MACD_24_48_18,2,7,1,9,22.22,5min
MACD_20_40_15__AND__MACD_24_48_18,2,7,1,9,22.22,5min
Bollinger_10_1__AND__EMA_18_42,2,7,0,9,22.22,5min
Bollinger_15_1__AND__Bollinger_30_1,4,14,1,18,22.22,5min
Bollinger_30_1.5__AND__EMA_5_13,2,7,0,9,22.22,5min
EMA_18_42__AND__RSI_5_70_30_REV,2,7,0,9,22.22,5min
EMA_24_56__AND__RSI_5_70_30_REV,2,7,0,9,22.22,5min
Bollinger_30_1.5,3,11,1,14,21.43,5min
MACD_4_8_3__AND__Bollinger_25_1.5,3,11,0,14,21.43,5min
MACD_8_16_6__AND__Bollinger_30_1.5,3,11,1,14,21.43,5min
MACD_12_24_9__AND__Bollinger_25_1.5,3,11,1,14,21.43,5min
MACD_12_24_9__AND__Bollinger_30_1.5,3,11,1,14,21.43,5min
Bollinger_15_1__AND__Bollinger_30_1.5,3,11,1,14,21.43,5min
Bollinger_20_1__AND__Bollinger_30_1.5,3,11,1,14,21.43,5min
Bollinger_25_1__AND__Bollinger_30_1.5,3,11,1,14,21.43,5min
Bollinger_25_1.5__AND__Bollinger_30_1,3,11,1,14,21.43,5min
Bollinger_25_1.5__AND__Bollinger_30_1.5,3,11,1,14,21.43,5min
Bollinger_30_1__AND__Bollinger_30_1.5,3,11,1,14,21.43,5min
MACD_4_8_3__AND__ADX_20,3,12,0,15,20,5min
MACD_8_16_6__AND__RSI_5_70_30_REV,5,20,0,25,20,5min
MACD_8_16_6__AND__RSI_10_70_30_REV,2,8,1,10,20,5min
MACD_12_24_9__AND__RSI_10_70_30_REV,2,8,1,10,20,5min
MACD_12_26_9__AND__RSI_10_70_30_REV,2,8,1,10,20,5min
MACD_16_32_12__AND__Bollinger_25_1.5,2,8,1,10,20,5min
MACD_16_32_12__AND__Bollinger_30_1.5,2,8,1,10,20,5min
MACD_16_32_12__AND__RSI_10_70_30_REV,2,8,1,10,20,5min
MACD_20_40_15__AND__Bollinger_15_1,2,8,1,10,20,5min
MACD_20_40_15__AND__Bollinger_20_1.5,2,8,0,10,20,5min
MACD_20_40_15__AND__Bollinger_25_1.5,2,8,1,10,20,5min
MACD_20_40_15__AND__Bollinger_30_1.5,2,8,1,10,20,5min
MACD_24_48_18__AND__EMA_15_35,1,4,1,5,20,5min
MACD_24_48_18__AND__EMA_27_63,1,4,0,5,20,5min
Bollinger_15_1.5__AND__EMA_15_35,1,4,0,5,20,5min
Bollinger_25_1__AND__ADX_20,2,8,1,10,20,5min
Bollinger_25_1.5__AND__EMA_5_13,2,8,0,10,20,5min
Bollinger_25_1.5__AND__EMA_18_42,1,4,1,5,20,5min
Bollinger_30_1__AND__RSI_5_70_30_REV,3,12,0,15,20,5min
Bollinger_30_1.5__AND__EMA_18_42,1,4,1,5,20,5min
EMA_9_21__AND__RSI_5_90_10_REV,1,4,0,5,20,5min
EMA_18_42__AND__RSI_14_70_30_REV,1,4,1,5,20,5min
EMA_27_63__AND__RSI_10_70_30_REV,1,4,0,5,20,5min
Bollinger_15_1__AND__Bollinger_25_1,4,17,1,21,19.05,5min
Bollinger_25_1.5,3,13,1,16,18.75,5min
MACD_8_16_6__AND__Bollinger_25_1.5,3,13,1,16,18.75,5min
Bollinger_15_1__AND__Bollinger_25_1.5,3,13,1,16,18.75,5min
Bollinger_20_1__AND__Bollinger_25_1.5,3,13,1,16,18.75,5min
Bollinger_20_1__AND__EMA_5_13,3,13,0,16,18.75,5min
Bollinger_25_1__AND__Bollinger_25_1.5,3,13,1,16,18.75,5min
Bollinger_25_1__AND__RSI_5_70_30_REV,3,13,0,16,18.75,5min
MACD_4_8_3__AND__Bollinger_20_1,4,18,0,22,18.18,5min
MACD_8_16_6__AND__RSI_14_70_30_REV,2,9,1,11,18.18,5min
MACD_12_24_9__AND__RSI_14_70_30_REV,2,9,1,11,18.18,5min
MACD_12_26_9__AND__RSI_14_70_30_REV,2,9,1,11,18.18,5min
MACD_16_32_12__AND__Bollinger_20_1.5,2,9,0,11,18.18,5min
Bollinger_15_1__AND__RSI_14_70_30_REV,2,9,1,11,18.18,5min
Bollinger_20_1__AND__RSI_14_70_30_REV,2,9,1,11,18.18,5min
Bollinger_25_1__AND__RSI_14_70_30_REV,2,9,1,11,18.18,5min
Bollinger_25_1.5__AND__RSI_14_70_30_REV,2,9,1,11,18.18,5min
Bollinger_30_1__AND__ADX_20,2,9,1,11,18.18,5min
Bollinger_30_1__AND__RSI_14_70_30_REV,2,9,1,11,18.18,5min
Bollinger_30_1.5__AND__RSI_14_70_30_REV,2,9,1,11,18.18,5min
EMA_5_13__AND__RSI_5_80_20_REV,2,9,0,11,18.18,5min
RSI_5_70_30_REV__AND__RSI_14_70_30_REV,2,9,0,11,18.18,5min
MACD_4_8_3__AND__RSI_5_70_30_REV,5,23,0,28,17.86,5min
ADX_14__AND__RSI_5_70_30_REV,3,14,0,17,17.65,5min
MACD_12_24_9__AND__RSI_5_70_30_REV,4,19,0,23,17.39,5min
MACD_12_24_9__AND__Bollinger_20_2,1,5,0,6,16.67,5min
MACD_12_26_9__AND__Bollinger_20_1.5,2,10,0,12,16.67,5min
MACD_12_26_9__AND__Bollinger_20_2,1,5,0,6,16.67,5min
MACD_16_32_12__AND__Bollinger_20_2,1,5,0,6,16.67,5min
MACD_20_40_15__AND__Bollinger_10_1.5,1,5,0,6,16.67,5min
MACD_20_40_15__AND__Bollinger_20_2,1,5,0,6,16.67,5min
MACD_24_48_18__AND__EMA_21_49,1,5,1,6,16.67,5min
Bollinger_5_1__AND__RSI_14_70_30_REV,1,5,0,6,16.67,5min
Bollinger_10_1.5__AND__EMA_12_28,1,5,0,6,16.67,5min
Bollinger_15_1__AND__Bollinger_20_1,4,20,1,24,16.67,5min
Bollinger_20_1__AND__EMA_18_42,1,5,1,6,16.67,5min
Bollinger_20_1__AND__EMA_21_49,1,5,1,6,16.67,5min
Bollinger_20_1__AND__RSI_5_70_30_REV,3,15,0,18,16.67,5min
Bollinger_20_1.5__AND__Bollinger_30_1,2,10,0,12,16.67,5min
Bollinger_20_1.5__AND__Bollinger_30_1.5,2,10,0,12,16.67,5min
Bollinger_20_1.5__AND__EMA_18_42,1,5,0,6,16.67,5min
Bollinger_20_2__AND__Bollinger_30_1,1,5,0,6,16.67,5min
Bollinger_20_2__AND__Bollinger_30_1.5,1,5,0,6,16.67,5min
Bollinger_20_2__AND__Bollinger_30_2,1,5,0,6,16.67,5min
Bollinger_20_2__AND__RSI_10_70_30_REV,1,5,0,6,16.67,5min
Bollinger_20_2__AND__RSI_14_70_30_REV,1,5,0,6,16.67,5min
Bollinger_25_1__AND__EMA_21_49,1,5,1,6,16.67,5min
Bollinger_25_2__AND__EMA_15_35,1,5,0,6,16.67,5min
Bollinger_30_1__AND__EMA_21_49,1,5,1,6,16.67,5min
Bollinger_30_1.5__AND__RSI_5_70_30_REV,2,10,0,12,16.67,5min
Bollinger_30_2__AND__EMA_15_35,1,5,0,6,16.67,5min
EMA_15_35__AND__RSI_14_70_30_REV,1,5,1,6,16.67,5min
EMA_21_49__AND__RSI_10_70_30_REV,1,5,1,6,16.67,5min
ADX_14__AND__RSI_10_70_30_REV,1,5,1,6,16.67,5min
ADX_20__AND__RSI_10_70_30_REV,1,5,1,6,16.67,5min
MACD_12_26_9__AND__RSI_5_70_30_REV,3,16,0,19,15.79,5min
MACD_4_8_3__AND__Bollinger_20_1.5,2,11,0,13,15.38,5min
MACD_12_24_9__AND__Bollinger_20_1.5,2,11,0,13,15.38,5min
MACD_8_16_6__AND__Bollinger_15_1,4,23,1,27,14.81,5min
MACD_4_8_3__AND__MACD_24_48_18,1,6,0,7,14.29,5min
MACD_12_24_9__AND__RSI_5_80_20_REV,2,12,0,14,14.29,5min
MACD_12_26_9__AND__Bollinger_15_1,3,18,1,21,14.29,5min
MACD_16_32_12__AND__Bollinger_10_1.5,1,6,0,7,14.29,5min
MACD_16_32_12__AND__Bollinger_15_1,2,12,1,14,14.29,5min
MACD_20_40_15__AND__Bollinger_15_1.5,1,6,0,7,14.29,5min
Bollinger_5_1__AND__Bollinger_30_1.5,1,6,0,7,14.29,5min
Bollinger_10_1__AND__EMA_21_49,1,6,0,7,14.29,5min
Bollinger_10_1.5__AND__Bollinger_30_1,1,6,0,7,14.29,5min
Bollinger_10_1.5__AND__Bollinger_30_1.5,1,6,0,7,14.29,5min
Bollinger_10_1.5__AND__Bollinger_30_2,1,6,0,7,14.29,5min
Bollinger_10_1.5__AND__RSI_10_70_30_REV,1,6,0,7,14.29,5min
Bollinger_10_1.5__AND__RSI_14_70_30_REV,1,6,0,7,14.29,5min
Bollinger_15_1.5__AND__RSI_10_70_30_REV,1,6,0,7,14.29,5min
Bollinger_20_1__AND__ADX_14,2,12,1,14,14.29,5min
Bollinger_20_1.5__AND__Bollinger_25_1,2,12,0,14,14.29,5min
Bollinger_20_1.5__AND__Bollinger_25_1.5,2,12,0,14,14.29,5min
Bollinger_20_1.5__AND__EMA_15_35,1,6,0,7,14.29,5min
Bollinger_20_2__AND__Bollinger_25_2,1,6,0,7,14.29,5min
Bollinger_25_1.5__AND__RSI_5_70_30_REV,2,12,0,14,14.29,5min
EMA_5_13__AND__RSI_5_90_10_REV,1,6,0,7,14.29,5min
EMA_12_28__AND__RSI_5_70_30_REV,2,12,0,14,14.29,5min
ADX_14__AND__RSI_14_70_30_REV,1,6,1,7,14.29,5min
RSI_10_70_30_REV__AND__RSI_15_70_30_REV,1,6,1,7,14.29,5min
RSI_5_70_30_REV,5,31,0,36,13.89,5min
MACD_4_8_3__AND__Bollinger_15_1,4,25,0,29,13.79,5min
MACD_12_24_9__AND__Bollinger_15_1,3,19,1,22,13.64,5min
Bollinger_15_1__AND__RSI_5_70_30_REV,3,19,0,22,13.64,5min
Bollinger_20_1.5,2,13,0,15,13.33,5min
MACD_8_16_6__AND__Bollinger_20_1.5,2,13,0,15,13.33,5min
Bollinger_15_1__AND__Bollinger_20_1.5,2,13,0,15,13.33,5min
Bollinger_20_1__AND__Bollinger_20_1.5,2,13,0,15,13.33,5min
EMA_5_13__AND__RSI_5_70_30_REV,2,13,0,15,13.33,5min
Bollinger_15_1,4,27,1,31,12.9,5min
Bollinger_20_2,1,7,0,8,12.5,5min
MACD_4_8_3__AND__Bollinger_20_2,1,7,0,8,12.5,5min
MACD_4_8_3__AND__Bollinger_30_2,1,7,0,8,12.5,5min
MACD_8_16_6__AND__Bollinger_20_2,1,7,0,8,12.5,5min
MACD_12_24_9__AND__RSI_5_90_10_REV,1,7,0,8,12.5,5min
MACD_16_32_12__AND__Bollinger_25_2,1,7,0,8,12.5,5min
MACD_16_32_12__AND__Bollinger_30_2,1,7,0,8,12.5,5min
MACD_20_40_15__AND__Bollinger_25_2,1,7,0,8,12.5,5min
MACD_20_40_15__AND__Bollinger_30_2,1,7,0,8,12.5,5min
Bollinger_10_1__AND__Bollinger_20_2,1,7,0,8,12.5,5min
Bollinger_10_1.5__AND__Bollinger_20_2,1,7,0,8,12.5,5min
Bollinger_10_1.5__AND__Bollinger_25_2,1,7,0,8,12.5,5min
Bollinger_15_1__AND__Bollinger_20_2,1,7,0,8,12.5,5min
Bollinger_15_1__AND__EMA_18_42,1,7,1,8,12.5,5min
Bollinger_15_1.5__AND__Bollinger_20_2,1,7,0,8,12.5,5min
Bollinger_15_1.5__AND__Bollinger_30_1,1,7,0,8,12.5,5min
Bollinger_15_1.5__AND__Bollinger_30_1.5,1,7,0,8,12.5,5min
Bollinger_15_1.5__AND__Bollinger_30_2,1,7,0,8,12.5,5min
Bollinger_15_1.5__AND__RSI_14_70_30_REV,1,7,0,8,12.5,5min
Bollinger_20_1__AND__Bollinger_20_2,1,7,0,8,12.5,5min
Bollinger_20_1.5__AND__Bollinger_20_2,1,7,0,8,12.5,5min
Bollinger_20_2__AND__Bollinger_25_1,1,7,0,8,12.5,5min
Bollinger_20_2__AND__Bollinger_25_1.5,1,7,0,8,12.5,5min
Bollinger_20_2__AND__RSI_5_70_30_REV,1,7,0,8,12.5,5min
Bollinger_25_1.5__AND__EMA_15_35,1,7,1,8,12.5,5min
Bollinger_25_2__AND__RSI_10_70_30_REV,1,7,0,8,12.5,5min
Bollinger_30_1.5__AND__EMA_15_35,1,7,1,8,12.5,5min
Bollinger_30_2__AND__RSI_10_70_30_REV,1,7,0,8,12.5,5min
EMA_21_49__AND__RSI_5_70_30_REV,1,7,0,8,12.5,5min
RSI_14_70_30_REV__AND__RSI_15_70_30_REV,1,7,1,8,12.5,5min
MACD_8_16_6__AND__RSI_5_80_20_REV,2,15,0,17,11.76,5min
Bollinger_15_1__AND__EMA_5_13,2,15,0,17,11.76,5min
Bollinger_15_1__AND__ADX_14,2,15,1,17,11.76,5min
Bollinger_30_2,1,8,0,9,11.11,5min
MACD_4_8_3__AND__Bollinger_25_2,1,8,0,9,11.11,5min
MACD_4_8_3__AND__RSI_5_80_20_REV,2,16,0,18,11.11,5min
MACD_4_8_3__AND__RSI_10_70_30_REV,1,8,0,9,11.11,5min
MACD_8_16_6__AND__Bollinger_30_2,1,8,0,9,11.11,5min
MACD_12_24_9__AND__Bollinger_25_2,1,8,0,9,11.11,5min
MACD_12_24_9__AND__Bollinger_30_2,1,8,0,9,11.11,5min
MACD_12_26_9__AND__Bollinger_10_1,2,16,0,18,11.11,5min
MACD_12_26_9__AND__Bollinger_25_2,1,8,0,9,11.11,5min
MACD_12_26_9__AND__Bollinger_30_2,1,8,0,9,11.11,5min
MACD_16_32_12__AND__Bollinger_15_1.5,1,8,0,9,11.11,5min
MACD_16_32_12__AND__RSI_14_70_30_REV,1,8,1,9,11.11,5min
MACD_20_40_15__AND__Bollinger_10_1,1,8,0,9,11.11,5min
MACD_20_40_15__AND__RSI_10_70_30_REV,1,8,1,9,11.11,5min
MACD_20_40_15__AND__RSI_14_70_30_REV,1,8,1,9,11.11,5min
Bollinger_5_1__AND__Bollinger_25_1.5,1,8,0,9,11.11,5min
Bollinger_5_1__AND__Bollinger_30_1,1,8,0,9,11.11,5min
Bollinger_10_1__AND__Bollinger_30_2,1,8,0,9,11.11,5min
Bollinger_10_1__AND__EMA_15_35,1,8,0,9,11.11,5min
Bollinger_10_1.5__AND__Bollinger_20_1,1,8,0,9,11.11,5min
Bollinger_10_1.5__AND__Bollinger_20_1.5,1,8,0,9,11.11,5min
Bollinger_10_1.5__AND__Bollinger_25_1,1,8,0,9,11.11,5min
Bollinger_10_1.5__AND__Bollinger_25_1.5,1,8,0,9,11.11,5min
Bollinger_15_1__AND__Bollinger_30_2,1,8,0,9,11.11,5min
Bollinger_15_1__AND__EMA_15_35,1,8,1,9,11.11,5min
Bollinger_15_1__AND__RSI_10_70_30_REV,1,8,1,9,11.11,5min
Bollinger_15_1.5__AND__Bollinger_25_2,1,8,0,9,11.11,5min
Bollinger_20_1__AND__Bollinger_30_2,1,8,0,9,11.11,5min
Bollinger_20_1__AND__EMA_15_35,1,8,1,9,11.11,5min
Bollinger_20_1__AND__RSI_10_70_30_REV,1,8,1,9,11.11,5min
Bollinger_20_1.5__AND__Bollinger_30_2,1,8,0,9,11.11,5min
Bollinger_20_1.5__AND__RSI_10_70_30_REV,1,8,0,9,11.11,5min
Bollinger_25_1__AND__Bollinger_30_2,1,8,0,9,11.11,5min
Bollinger_25_1__AND__RSI_10_70_30_REV,1,8,1,9,11.11,5min
Bollinger_25_1.5__AND__Bollinger_30_2,1,8,0,9,11.11,5min
Bollinger_25_1.5__AND__RSI_10_70_30_REV,1,8,1,9,11.11,5min
Bollinger_25_2__AND__Bollinger_30_1,1,8,0,9,11.11,5min
Bollinger_25_2__AND__Bollinger_30_1.5,1,8,0,9,11.11,5min
Bollinger_25_2__AND__Bollinger_30_2,1,8,0,9,11.11,5min
Bollinger_25_2__AND__RSI_14_70_30_REV,1,8,0,9,11.11,5min
Bollinger_30_1__AND__Bollinger_30_2,1,8,0,9,11.11,5min
Bollinger_30_1__AND__RSI_5_80_20_REV,1,8,0,9,11.11,5min
Bollinger_30_1__AND__RSI_10_70_30_REV,1,8,1,9,11.11,5min
Bollinger_30_1.5__AND__Bollinger_30_2,1,8,0,9,11.11,5min
Bollinger_30_1.5__AND__ADX_14,1,8,1,9,11.11,5min
Bollinger_30_1.5__AND__RSI_5_80_20_REV,1,8,0,9,11.11,5min
Bollinger_30_1.5__AND__RSI_10_70_30_REV,1,8,1,9,11.11,5min
Bollinger_30_2__AND__RSI_5_70_30_REV,1,8,0,9,11.11,5min
Bollinger_30_2__AND__RSI_14_70_30_REV,1,8,0,9,11.11,5min
EMA_12_28__AND__RSI_5_80_20_REV,1,8,0,9,11.11,5min
RSI_5_80_20_REV__AND__RSI_14_70_30_REV,1,8,0,9,11.11,5min
Bollinger_25_2,1,9,0,10,10,5min
RSI_15_70_30_REV,1,9,1,10,10,5min
MACD_8_16_6__AND__Bollinger_25_2,1,9,0,10,10,5min
MACD_8_16_6__AND__RSI_5_90_10_REV,1,9,0,10,10,5min
MACD_12_24_9__AND__Bollinger_10_1,2,18,0,20,10,5min
MACD_12_24_9__AND__Bollinger_10_1.5,1,9,0,10,10,5min
MACD_12_24_9__AND__Bollinger_15_1.5,1,9,0,10,10,5min
MACD_12_26_9__AND__Bollinger_10_1.5,1,9,0,10,10,5min
MACD_12_26_9__AND__Bollinger_15_1.5,1,9,0,10,10,5min
MACD_20_40_15__AND__RSI_5_70_30_REV,1,9,0,10,10,5min
Bollinger_5_1__AND__EMA_12_28,1,9,0,10,10,5min
Bollinger_10_1__AND__Bollinger_25_2,1,9,0,10,10,5min
Bollinger_10_1__AND__EMA_12_28,1,9,0,10,10,5min
Bollinger_10_1__AND__ADX_20,1,9,0,10,10,5min
Bollinger_10_1__AND__RSI_14_70_30_REV,1,9,0,10,10,5min
Bollinger_10_1.5__AND__Bollinger_15_1.5,1,9,0,10,10,5min
Bollinger_15_1__AND__Bollinger_25_2,1,9,0,10,10,5min
Bollinger_15_1.5__AND__Bollinger_25_1,1,9,0,10,10,5min
Bollinger_15_1.5__AND__Bollinger_25_1.5,1,9,0,10,10,5min
Bollinger_20_1__AND__Bollinger_25_2,1,9,0,10,10,5min
Bollinger_20_1.5__AND__Bollinger_25_2,1,9,0,10,10,5min
Bollinger_20_1.5__AND__EMA_5_13,1,9,0,10,10,5min
Bollinger_20_1.5__AND__RSI_14_70_30_REV,1,9,0,10,10,5min
Bollinger_25_1__AND__Bollinger_25_2,1,9,0,10,10,5min
Bollinger_25_1.5__AND__Bollinger_25_2,1,9,0,10,10,5min
Bollinger_25_1.5__AND__ADX_14,1,9,1,10,10,5min
Bollinger_25_2__AND__RSI_5_70_30_REV,1,9,0,10,10,5min
EMA_15_35__AND__RSI_5_70_30_REV,1,9,0,10,10,5min
RSI_5_80_20_REV,2,19,0,21,9.52,5min
RSI_5_70_30_REV__AND__RSI_5_80_20_REV,2,19,0,21,9.52,5min
MACD_4_8_3__AND__RSI_5_90_10_REV,1,10,0,11,9.09,5min
MACD_12_26_9__AND__Bollinger_5_1,1,10,0,11,9.09,5min
Bollinger_5_1__AND__ADX_14,1,10,0,11,9.09,5min
Bollinger_15_1.5__AND__Bollinger_20_1,1,10,0,11,9.09,5min
Bollinger_15_1.5__AND__Bollinger_20_1.5,1,10,0,11,9.09,5min
Bollinger_20_1__AND__RSI_5_80_20_REV,1,10,0,11,9.09,5min
Bollinger_25_1__AND__RSI_5_80_20_REV,1,10,0,11,9.09,5min
Bollinger_25_1.5__AND__RSI_5_80_20_REV,1,10,0,11,9.09,5min
MACD_8_16_6__AND__Bollinger_10_1,2,22,0,24,8.33,5min
MACD_8_16_6__AND__Bollinger_10_1.5,1,11,0,12,8.33,5min
MACD_12_26_9__AND__RSI_5_80_20_REV,1,11,0,12,8.33,5min
Bollinger_5_1__AND__Bollinger_25_1,1,11,0,12,8.33,5min
Bollinger_10_1__AND__Bollinger_30_1,1,11,0,12,8.33,5min
Bollinger_10_1__AND__Bollinger_30_1.5,1,11,0,12,8.33,5min
Bollinger_10_1__AND__RSI_10_70_30_REV,1,11,0,12,8.33,5min
Bollinger_10_1.5__AND__Bollinger_15_1,1,11,0,12,8.33,5min
Bollinger_15_1.5__AND__RSI_5_70_30_REV,1,11,0,12,8.33,5min
ADX_14__AND__RSI_5_80_20_REV,1,11,0,12,8.33,5min
ADX_20__AND__RSI_5_70_30_REV,1,11,0,12,8.33,5min
RSI_5_70_30_REV__AND__RSI_10_70_30_REV,1,11,0,12,8.33,5min
Bollinger_10_1__AND__RSI_5_70_30_REV,2,23,0,25,8,5min
Bollinger_10_1.5,1,12,0,13,7.69,5min
Bollinger_15_1.5,1,12,0,13,7.69,5min
MACD_4_8_3__AND__Bollinger_10_1.5,1,12,0,13,7.69,5min
MACD_4_8_3__AND__Bollinger_15_1.5,1,12,0,13,7.69,5min
MACD_8_16_6__AND__Bollinger_15_1.5,1,12,0,13,7.69,5min
MACD_12_24_9__AND__Bollinger_5_1,1,12,0,13,7.69,5min
MACD_16_32_12__AND__RSI_5_70_30_REV,1,12,0,13,7.69,5min
Bollinger_5_1__AND__EMA_9_21,1,12,0,13,7.69,5min
Bollinger_10_1__AND__Bollinger_10_1.5,1,12,0,13,7.69,5min
Bollinger_10_1__AND__Bollinger_15_1.5,1,12,0,13,7.69,5min
Bollinger_10_1__AND__ADX_14,1,12,0,13,7.69,5min
Bollinger_10_1.5__AND__RSI_5_70_30_REV,1,12,0,13,7.69,5min
Bollinger_15_1__AND__Bollinger_15_1.5,1,12,0,13,7.69,5min
RSI_5_90_10_REV,1,13,0,14,7.14,5min
MACD_4_8_3__AND__Bollinger_10_1,2,26,0,28,7.14,5min
MACD_16_32_12__AND__Bollinger_10_1,1,13,0,14,7.14,5min
Bollinger_5_1__AND__Bollinger_20_1,1,13,0,14,7.14,5min
Bollinger_10_1__AND__Bollinger_20_1.5,1,13,0,14,7.14,5min
Bollinger_10_1__AND__Bollinger_25_1.5,1,13,0,14,7.14,5min
Bollinger_15_1__AND__RSI_5_80_20_REV,1,13,0,14,7.14,5min
Bollinger_20_1.5__AND__RSI_5_70_30_REV,1,13,0,14,7.14,5min
RSI_5_70_30_REV__AND__RSI_5_90_10_REV,1,13,0,14,7.14,5min
RSI_5_80_20_REV__AND__RSI_5_90_10_REV,1,13,0,14,7.14,5min
Bollinger_5_1__AND__RSI_5_80_20_REV,1,14,0,15,6.67,5min
Bollinger_10_1__AND__Bollinger_25_1,1,14,0,15,6.67,5min
Bollinger_10_1,2,30,0,32,6.25,5min
Bollinger_5_1__AND__EMA_5_13,1,16,1,17,5.88,5min
Bollinger_10_1__AND__Bollinger_20_1,1,17,0,18,5.56,5min
MACD_8_16_6__AND__Bollinger_5_1,1,18,0,19,5.26,5min
Bollinger_5_1__AND__Bollinger_15_1,1,18,0,19,5.26,5min
Bollinger_5_1__AND__RSI_5_70_30_REV,1,23,0,24,4.17,5min
Bollinger_10_1__AND__Bollinger_15_1,1,24,0,25,4,5min
MACD_4_8_3__AND__Bollinger_5_1,1,33,1,34,2.94,5min
Bollinger_5_1,1,37,1,38,2.63,5min
RSI_10_90_10,0,0,0,0,0,5min
RSI_14_80_20,0,0,0,0,0,5min
RSI_14_90_10,0,0,0,0,0,5min
RSI_15_80_20,0,0,0,0,0,5min
RSI_15_90_10,0,0,0,0,0,5min
RSI_20_80_20,0,0,0,0,0,5min
RSI_20_90_10,0,0,0,0,0,5min
RSI_25_80_20,0,0,0,0,0,5min
RSI_25_90_10,0,0,0,0,0,5min
RSI_30_70_30,0,0,0,0,0,5min
RSI_30_80_20,0,0,0,0,0,5min
RSI_30_90_10,0,0,0,0,0,5min
Bollinger_5_1.5,0,12,1,12,0,5min
Bollinger_5_2,0,0,0,0,0,5min
Bollinger_10_2,0,7,0,7,0,5min
Bollinger_15_2,0,7,0,7,0,5min
Stoch_14_3,0,0,0,0,0,5min
Stoch_14_5,0,0,0,0,0,5min
RSI_10_80_20_REV,0,9,1,9,0,5min
RSI_10_90_10_REV,0,0,0,0,0,5min
RSI_14_80_20_REV,0,4,1,4,0,5min
RSI_14_90_10_REV,0,0,0,0,0,5min
RSI_15_80_20_REV,0,3,1,3,0,5min
RSI_15_90_10_REV,0,0,0,0,0,5min
RSI_20_70_30_REV,0,5,1,5,0,5min
RSI_20_80_20_REV,0,0,0,0,0,5min
RSI_20_90_10_REV,0,0,0,0,0,5min
RSI_25_70_30_REV,0,0,0,0,0,5min
RSI_25_80_20_REV,0,0,0,0,0,5min
RSI_25_90_10_REV,0,0,0,0,0,5min
RSI_30_70_30_REV,0,0,0,0,0,5min
RSI_30_80_20_REV,0,0,0,0,0,5min
RSI_30_90_10_REV,0,0,0,0,0,5min
RSI_5_70_30__AND__RSI_10_90_10,0,0,0,0,0,5min
RSI_5_70_30__AND__RSI_14_80_20,0,0,0,0,0,5min
RSI_5_70_30__AND__RSI_14_90_10,0,0,0,0,0,5min
RSI_5_70_30__AND__RSI_15_80_20,0,0,0,0,0,5min
RSI_5_70_30__AND__RSI_15_90_10,0,0,0,0,0,5min
RSI_5_70_30__AND__RSI_20_80_20,0,0,0,0,0,5min
RSI_5_70_30__AND__RSI_20_90_10,0,0,0,0,0,5min
RSI_5_70_30__AND__RSI_25_80_20,0,0,0,0,0,5min
RSI_5_70_30__AND__RSI_25_90_10,0,0,0,0,0,5min
RSI_5_70_30__AND__RSI_30_70_30,0,0,0,0,0,5min
RSI_5_70_30__AND__RSI_30_80_20,0,0,0,0,0,5min
RSI_5_70_30__AND__RSI_30_90_10,0,0,0,0,0,5min
RSI_5_70_30__AND__MACD_8_16_6,0,0,0,0,0,5min
RSI_5_70_30__AND__MACD_12_24_9,0,0,0,0,0,5min
RSI_5_70_30__AND__MACD_24_48_18,0,0,0,0,0,5min
RSI_5_70_30__AND__Bollinger_5_1,0,0,1,0,0,5min
RSI_5_70_30__AND__Bollinger_5_1.5,0,0,1,0,0,5min
RSI_5_70_30__AND__Bollinger_5_2,0,0,0,0,0,5min
RSI_5_70_30__AND__Bollinger_10_1,0,0,0,0,0,5min
RSI_5_70_30__AND__Bollinger_10_1.5,0,0,0,0,0,5min
RSI_5_70_30__AND__Bollinger_10_2,0,0,0,0,0,5min
RSI_5_70_30__AND__Bollinger_15_1,0,0,0,0,0,5min
RSI_5_70_30__AND__Bollinger_15_1.5,0,0,0,0,0,5min
RSI_5_70_30__AND__Bollinger_15_2,0,0,0,0,0,5min
RSI_5_70_30__AND__Bollinger_20_1,0,0,0,0,0,5min
RSI_5_70_30__AND__Bollinger_20_1.5,0,0,0,0,0,5min
RSI_5_70_30__AND__Bollinger_20_2,0,0,0,0,0,5min
RSI_5_70_30__AND__Bollinger_25_1,0,0,0,0,0,5min
RSI_5_70_30__AND__Bollinger_25_1.5,0,0,0,0,0,5min
RSI_5_70_30__AND__Bollinger_25_2,0,0,0,0,0,5min
RSI_5_70_30__AND__Bollinger_30_1,0,0,0,0,0,5min
RSI_5_70_30__AND__Bollinger_30_1.5,0,0,0,0,0,5min
RSI_5_70_30__AND__Bollinger_30_2,0,0,0,0,0,5min
RSI_5_70_30__AND__Stoch_14_3,0,0,0,0,0,5min
RSI_5_70_30__AND__Stoch_14_5,0,0,0,0,0,5min
RSI_5_70_30__AND__RSI_5_70_30_REV,0,0,0,0,0,5min
RSI_5_70_30__AND__RSI_5_80_20_REV,0,0,0,0,0,5min
RSI_5_70_30__AND__RSI_5_90_10_REV,0,0,0,0,0,5min
RSI_5_70_30__AND__RSI_10_70_30_REV,0,0,0,0,0,5min
RSI_5_70_30__AND__RSI_10_80_20_REV,0,0,0,0,0,5min
RSI_5_70_30__AND__RSI_10_90_10_REV,0,0,0,0,0,5min
RSI_5_70_30__AND__RSI_14_70_30_REV,0,0,0,0,0,5min
RSI_5_70_30__AND__RSI_14_80_20_REV,0,0,0,0,0,5min
RSI_5_70_30__AND__RSI_14_90_10_REV,0,0,0,0,0,5min
RSI_5_70_30__AND__RSI_15_70_30_REV,0,0,0,0,0,5min
RSI_5_70_30__AND__RSI_15_80_20_REV,0,0,0,0,0,5min
RSI_5_70_30__AND__RSI_15_90_10_REV,0,0,0,0,0,5min
RSI_5_70_30__AND__RSI_20_70_30_REV,0,0,0,0,0,5min
RSI_5_70_30__AND__RSI_20_80_20_REV,0,0,0,0,0,5min
RSI_5_70_30__AND__RSI_20_90_10_REV,0,0,0,0,0,5min
RSI_5_70_30__AND__RSI_25_70_30_REV,0,0,0,0,0,5min
RSI_5_70_30__AND__RSI_25_80_20_REV,0,0,0,0,0,5min
RSI_5_70_30__AND__RSI_25_90_10_REV,0,0,0,0,0,5min
RSI_5_70_30__AND__RSI_30_70_30_REV,0,0,0,0,0,5min
RSI_5_70_30__AND__RSI_30_80_20_REV,0,0,0,0,0,5min
RSI_5_70_30__AND__RSI_30_90_10_REV,0,0,0,0,0,5min
RSI_5_80_20__AND__RSI_10_90_10,0,0,0,0,0,5min
RSI_5_80_20__AND__RSI_14_80_20,0,0,0,0,0,5min
RSI_5_80_20__AND__RSI_14_90_10,0,0,0,0,0,5min
RSI_5_80_20__AND__RSI_15_80_20,0,0,0,0,0,5min
RSI_5_80_20__AND__RSI_15_90_10,0,0,0,0,0,5min
RSI_5_80_20__AND__RSI_20_80_20,0,0,0,0,0,5min
RSI_5_80_20__AND__RSI_20_90_10,0,0,0,0,0,5min
RSI_5_80_20__AND__RSI_25_80_20,0,0,0,0,0,5min
RSI_5_80_20__AND__RSI_25_90_10,0,0,0,0,0,5min
RSI_5_80_20__AND__RSI_30_70_30,0,0,0,0,0,5min
RSI_5_80_20__AND__RSI_30_80_20,0,0,0,0,0,5min
RSI_5_80_20__AND__RSI_30_90_10,0,0,0,0,0,5min
RSI_5_80_20__AND__MACD_8_16_6,0,0,0,0,0,5min
RSI_5_80_20__AND__MACD_12_24_9,0,0,0,0,0,5min
RSI_5_80_20__AND__MACD_12_26_9,0,0,0,0,0,5min
RSI_5_80_20__AND__MACD_16_32_12,0,0,0,0,0,5min
RSI_5_80_20__AND__MACD_20_40_15,0,0,0,0,0,5min
RSI_5_80_20__AND__MACD_24_48_18,0,0,0,0,0,5min
RSI_5_80_20__AND__Bollinger_5_1,0,0,0,0,0,5min
RSI_5_80_20__AND__Bollinger_5_1.5,0,0,0,0,0,5min
RSI_5_80_20__AND__Bollinger_5_2,0,0,0,0,0,5min
RSI_5_80_20__AND__Bollinger_10_1,0,0,0,0,0,5min
RSI_5_80_20__AND__Bollinger_10_1.5,0,0,0,0,0,5min
RSI_5_80_20__AND__Bollinger_10_2,0,0,0,0,0,5min
RSI_5_80_20__AND__Bollinger_15_1,0,0,0,0,0,5min
RSI_5_80_20__AND__Bollinger_15_1.5,0,0,0,0,0,5min
RSI_5_80_20__AND__Bollinger_15_2,0,0,0,0,0,5min
RSI_5_80_20__AND__Bollinger_20_1,0,0,0,0,0,5min
RSI_5_80_20__AND__Bollinger_20_1.5,0,0,0,0,0,5min
RSI_5_80_20__AND__Bollinger_20_2,0,0,0,0,0,5min
RSI_5_80_20__AND__Bollinger_25_1,0,0,0,0,0,5min
RSI_5_80_20__AND__Bollinger_25_1.5,0,0,0,0,0,5min
RSI_5_80_20__AND__Bollinger_25_2,0,0,0,0,0,5min
RSI_5_80_20__AND__Bollinger_30_1,0,0,0,0,0,5min
RSI_5_80_20__AND__Bollinger_30_1.5,0,0,0,0,0,5min
RSI_5_80_20__AND__Bollinger_30_2,0,0,0,0,0,5min
RSI_5_80_20__AND__Stoch_14_3,0,0,0,0,0,5min
RSI_5_80_20__AND__Stoch_14_5,0,0,0,0,0,5min
RSI_5_80_20__AND__RSI_5_70_30_REV,0,0,0,0,0,5min
RSI_5_80_20__AND__RSI_5_80_20_REV,0,0,0,0,0,5min
RSI_5_80_20__AND__RSI_5_90_10_REV,0,0,0,0,0,5min
RSI_5_80_20__AND__RSI_10_70_30_REV,0,0,0,0,0,5min
RSI_5_80_20__AND__RSI_10_80_20_REV,0,0,0,0,0,5min
RSI_5_80_20__AND__RSI_10_90_10_REV,0,0,0,0,0,5min
RSI_5_80_20__AND__RSI_14_70_30_REV,0,0,0,0,0,5min
RSI_5_80_20__AND__RSI_14_80_20_REV,0,0,0,0,0,5min
RSI_5_80_20__AND__RSI_14_90_10_REV,0,0,0,0,0,5min
RSI_5_80_20__AND__RSI_15_70_30_REV,0,0,0,0,0,5min
RSI_5_80_20__AND__RSI_15_80_20_REV,0,0,0,0,0,5min
RSI_5_80_20__AND__RSI_15_90_10_REV,0,0,0,0,0,5min
RSI_5_80_20__AND__RSI_20_70_30_REV,0,0,0,0,0,5min
RSI_5_80_20__AND__RSI_20_80_20_REV,0,0,0,0,0,5min
RSI_5_80_20__AND__RSI_20_90_10_REV,0,0,0,0,0,5min
RSI_5_80_20__AND__RSI_25_70_30_REV,0,0,0,0,0,5min
RSI_5_80_20__AND__RSI_25_80_20_REV,0,0,0,0,0,5min
RSI_5_80_20__AND__RSI_25_90_10_REV,0,0,0,0,0,5min
RSI_5_80_20__AND__RSI_30_70_30_REV,0,0,0,0,0,5min
RSI_5_80_20__AND__RSI_30_80_20_REV,0,0,0,0,0,5min
RSI_5_80_20__AND__RSI_30_90_10_REV,0,0,0,0,0,5min
RSI_5_90_10__AND__RSI_10_90_10,0,0,0,0,0,5min
RSI_5_90_10__AND__RSI_14_80_20,0,0,0,0,0,5min
RSI_5_90_10__AND__RSI_14_90_10,0,0,0,0,0,5min
RSI_5_90_10__AND__RSI_15_80_20,0,0,0,0,0,5min
RSI_5_90_10__AND__RSI_15_90_10,0,0,0,0,0,5min
RSI_5_90_10__AND__RSI_20_80_20,0,0,0,0,0,5min
RSI_5_90_10__AND__RSI_20_90_10,0,0,0,0,0,5min
RSI_5_90_10__AND__RSI_25_80_20,0,0,0,0,0,5min
RSI_5_90_10__AND__RSI_25_90_10,0,0,0,0,0,5min
RSI_5_90_10__AND__RSI_30_70_30,0,0,0,0,0,5min
RSI_5_90_10__AND__RSI_30_80_20,0,0,0,0,0,5min
RSI_5_90_10__AND__RSI_30_90_10,0,0,0,0,0,5min
RSI_5_90_10__AND__MACD_4_8_3,0,0,0,0,0,5min
RSI_5_90_10__AND__MACD_8_16_6,0,0,0,0,0,5min
RSI_5_90_10__AND__MACD_12_24_9,0,0,0,0,0,5min
RSI_5_90_10__AND__MACD_12_26_9,0,0,0,0,0,5min
RSI_5_90_10__AND__MACD_16_32_12,0,0,0,0,0,5min
RSI_5_90_10__AND__MACD_20_40_15,0,0,0,0,0,5min
RSI_5_90_10__AND__MACD_24_48_18,0,0,0,0,0,5min
RSI_5_90_10__AND__Bollinger_5_1,0,0,0,0,0,5min
RSI_5_90_10__AND__Bollinger_5_1.5,0,0,0,0,0,5min
RSI_5_90_10__AND__Bollinger_5_2,0,0,0,0,0,5min
RSI_5_90_10__AND__Bollinger_10_1,0,0,0,0,0,5min
RSI_5_90_10__AND__Bollinger_10_1.5,0,0,0,0,0,5min
RSI_5_90_10__AND__Bollinger_10_2,0,0,0,0,0,5min
RSI_5_90_10__AND__Bollinger_15_1,0,0,0,0,0,5min
RSI_5_90_10__AND__Bollinger_15_1.5,0,0,0,0,0,5min
RSI_5_90_10__AND__Bollinger_15_2,0,0,0,0,0,5min
RSI_5_90_10__AND__Bollinger_20_1,0,0,0,0,0,5min
RSI_5_90_10__AND__Bollinger_20_1.5,0,0,0,0,0,5min
RSI_5_90_10__AND__Bollinger_20_2,0,0,0,0,0,5min
RSI_5_90_10__AND__Bollinger_25_1,0,0,0,0,0,5min
RSI_5_90_10__AND__Bollinger_25_1.5,0,0,0,0,0,5min
RSI_5_90_10__AND__Bollinger_25_2,0,0,0,0,0,5min
RSI_5_90_10__AND__Bollinger_30_1,0,0,0,0,0,5min
RSI_5_90_10__AND__Bollinger_30_1.5,0,0,0,0,0,5min
RSI_5_90_10__AND__Bollinger_30_2,0,0,0,0,0,5min
RSI_5_90_10__AND__EMA_5_13,0,0,0,0,0,5min
RSI_5_90_10__AND__EMA_9_21,0,0,0,0,0,5min
RSI_5_90_10__AND__EMA_12_28,0,0,0,0,0,5min
RSI_5_90_10__AND__EMA_15_35,0,0,0,0,0,5min
RSI_5_90_10__AND__EMA_21_49,0,0,0,0,0,5min
RSI_5_90_10__AND__EMA_27_63,0,0,0,0,0,5min
RSI_5_90_10__AND__EMA_30_70,0,0,0,0,0,5min
RSI_5_90_10__AND__ADX_14,0,0,0,0,0,5min
RSI_5_90_10__AND__ADX_20,0,0,0,0,0,5min
RSI_5_90_10__AND__Stoch_14_3,0,0,0,0,0,5min
RSI_5_90_10__AND__Stoch_14_5,0,0,0,0,0,5min
RSI_5_90_10__AND__RSI_5_70_30_REV,0,0,0,0,0,5min
RSI_5_90_10__AND__RSI_5_80_20_REV,0,0,0,0,0,5min
RSI_5_90_10__AND__RSI_5_90_10_REV,0,0,0,0,0,5min
RSI_5_90_10__AND__RSI_10_70_30_REV,0,0,0,0,0,5min
RSI_5_90_10__AND__RSI_10_80_20_REV,0,0,0,0,0,5min
RSI_5_90_10__AND__RSI_10_90_10_REV,0,0,0,0,0,5min
RSI_5_90_10__AND__RSI_14_70_30_REV,0,0,0,0,0,5min
RSI_5_90_10__AND__RSI_14_80_20_REV,0,0,0,0,0,5min
RSI_5_90_10__AND__RSI_14_90_10_REV,0,0,0,0,0,5min
RSI_5_90_10__AND__RSI_15_70_30_REV,0,0,0,0,0,5min
RSI_5_90_10__AND__RSI_15_80_20_REV,0,0,0,0,0,5min
RSI_5_90_10__AND__RSI_15_90_10_REV,0,0,0,0,0,5min
RSI_5_90_10__AND__RSI_20_70_30_REV,0,0,0,0,0,5min
RSI_5_90_10__AND__RSI_20_80_20_REV,0,0,0,0,0,5min
RSI_5_90_10__AND__RSI_20_90_10_REV,0,0,0,0,0,5min
RSI_5_90_10__AND__RSI_25_70_30_REV,0,0,0,0,0,5min
RSI_5_90_10__AND__RSI_25_80_20_REV,0,0,0,0,0,5min
RSI_5_90_10__AND__RSI_25_90_10_REV,0,0,0,0,0,5min
RSI_5_90_10__AND__RSI_30_70_30_REV,0,0,0,0,0,5min
RSI_5_90_10__AND__RSI_30_80_20_REV,0,0,0,0,0,5min
RSI_5_90_10__AND__RSI_30_90_10_REV,0,0,0,0,0,5min
RSI_10_70_30__AND__RSI_10_90_10,0,0,0,0,0,5min
RSI_10_70_30__AND__RSI_14_80_20,0,0,0,0,0,5min
RSI_10_70_30__AND__RSI_14_90_10,0,0,0,0,0,5min
RSI_10_70_30__AND__RSI_15_80_20,0,0,0,0,0,5min
RSI_10_70_30__AND__RSI_15_90_10,0,0,0,0,0,5min
RSI_10_70_30__AND__RSI_20_80_20,0,0,0,0,0,5min
RSI_10_70_30__AND__RSI_20_90_10,0,0,0,0,0,5min
RSI_10_70_30__AND__RSI_25_80_20,0,0,0,0,0,5min
RSI_10_70_30__AND__RSI_25_90_10,0,0,0,0,0,5min
RSI_10_70_30__AND__RSI_30_70_30,0,0,0,0,0,5min
RSI_10_70_30__AND__RSI_30_80_20,0,0,0,0,0,5min
RSI_10_70_30__AND__RSI_30_90_10,0,0,0,0,0,5min
RSI_10_70_30__AND__MACD_8_16_6,0,0,0,0,0,5min
RSI_10_70_30__AND__MACD_12_24_9,0,0,0,0,0,5min
RSI_10_70_30__AND__MACD_12_26_9,0,0,0,0,0,5min
RSI_10_70_30__AND__MACD_16_32_12,0,0,0,0,0,5min
RSI_10_70_30__AND__MACD_20_40_15,0,0,0,0,0,5min
RSI_10_70_30__AND__MACD_24_48_18,0,0,0,0,0,5min
RSI_10_70_30__AND__Bollinger_5_1,0,0,1,0,0,5min
RSI_10_70_30__AND__Bollinger_5_1.5,0,0,1,0,0,5min
RSI_10_70_30__AND__Bollinger_5_2,0,0,0,0,0,5min
RSI_10_70_30__AND__Bollinger_10_1,0,0,0,0,0,5min
RSI_10_70_30__AND__Bollinger_10_1.5,0,0,0,0,0,5min
RSI_10_70_30__AND__Bollinger_10_2,0,0,0,0,0,5min
RSI_10_70_30__AND__Bollinger_15_1,0,0,0,0,0,5min
RSI_10_70_30__AND__Bollinger_15_1.5,0,0,0,0,0,5min
RSI_10_70_30__AND__Bollinger_15_2,0,0,0,0,0,5min
RSI_10_70_30__AND__Bollinger_20_1,0,0,0,0,0,5min
RSI_10_70_30__AND__Bollinger_20_1.5,0,0,0,0,0,5min
RSI_10_70_30__AND__Bollinger_20_2,0,0,0,0,0,5min
RSI_10_70_30__AND__Bollinger_25_1,0,0,0,0,0,5min
RSI_10_70_30__AND__Bollinger_25_1.5,0,0,0,0,0,5min
RSI_10_70_30__AND__Bollinger_25_2,0,0,0,0,0,5min
RSI_10_70_30__AND__Bollinger_30_1,0,0,0,0,0,5min
RSI_10_70_30__AND__Bollinger_30_1.5,0,0,0,0,0,5min
RSI_10_70_30__AND__Bollinger_30_2,0,0,0,0,0,5min
RSI_10_70_30__AND__Stoch_14_3,0,0,0,0,0,5min
RSI_10_70_30__AND__Stoch_14_5,0,0,0,0,0,5min
RSI_10_70_30__AND__RSI_5_70_30_REV,0,0,0,0,0,5min
RSI_10_70_30__AND__RSI_5_80_20_REV,0,0,0,0,0,5min
RSI_10_70_30__AND__RSI_5_90_10_REV,0,0,0,0,0,5min
RSI_10_70_30__AND__RSI_10_70_30_REV,0,0,0,0,0,5min
RSI_10_70_30__AND__RSI_10_80_20_REV,0,0,0,0,0,5min
RSI_10_70_30__AND__RSI_10_90_10_REV,0,0,0,0,0,5min
RSI_10_70_30__AND__RSI_14_70_30_REV,0,0,0,0,0,5min
RSI_10_70_30__AND__RSI_14_80_20_REV,0,0,0,0,0,5min
RSI_10_70_30__AND__RSI_14_90_10_REV,0,0,0,0,0,5min
RSI_10_70_30__AND__RSI_15_70_30_REV,0,0,0,0,0,5min
RSI_10_70_30__AND__RSI_15_80_20_REV,0,0,0,0,0,5min
RSI_10_70_30__AND__RSI_15_90_10_REV,0,0,0,0,0,5min
RSI_10_70_30__AND__RSI_20_70_30_REV,0,0,0,0,0,5min
RSI_10_70_30__AND__RSI_20_80_20_REV,0,0,0,0,0,5min
RSI_10_70_30__AND__RSI_20_90_10_REV,0,0,0,0,0,5min
RSI_10_70_30__AND__RSI_25_70_30_REV,0,0,0,0,0,5min
RSI_10_70_30__AND__RSI_25_80_20_REV,0,0,0,0,0,5min
RSI_10_70_30__AND__RSI_25_90_10_REV,0,0,0,0,0,5min
RSI_10_70_30__AND__RSI_30_70_30_REV,0,0,0,0,0,5min
RSI_10_70_30__AND__RSI_30_80_20_REV,0,0,0,0,0,5min
RSI_10_70_30__AND__RSI_30_90_10_REV,0,0,0,0,0,5min
RSI_10_80_20__AND__RSI_10_90_10,0,0,0,0,0,5min
RSI_10_80_20__AND__RSI_14_80_20,0,0,0,0,0,5min
RSI_10_80_20__AND__RSI_14_90_10,0,0,0,0,0,5min
RSI_10_80_20__AND__RSI_15_80_20,0,0,0,0,0,5min
RSI_10_80_20__AND__RSI_15_90_10,0,0,0,0,0,5min
RSI_10_80_20__AND__RSI_20_80_20,0,0,0,0,0,5min
RSI_10_80_20__AND__RSI_20_90_10,0,0,0,0,0,5min
RSI_10_80_20__AND__RSI_25_80_20,0,0,0,0,0,5min
RSI_10_80_20__AND__RSI_25_90_10,0,0,0,0,0,5min
RSI_10_80_20__AND__RSI_30_70_30,0,0,0,0,0,5min
RSI_10_80_20__AND__RSI_30_80_20,0,0,0,0,0,5min
RSI_10_80_20__AND__RSI_30_90_10,0,0,0,0,0,5min
RSI_10_80_20__AND__MACD_8_16_6,0,0,0,0,0,5min
RSI_10_80_20__AND__MACD_12_24_9,0,0,0,0,0,5min
RSI_10_80_20__AND__MACD_12_26_9,0,0,0,0,0,5min
RSI_10_80_20__AND__MACD_16_32_12,0,0,0,0,0,5min
RSI_10_80_20__AND__MACD_20_40_15,0,0,0,0,0,5min
RSI_10_80_20__AND__MACD_24_48_18,0,0,0,0,0,5min
RSI_10_80_20__AND__Bollinger_5_1,0,0,0,0,0,5min
RSI_10_80_20__AND__Bollinger_5_1.5,0,0,0,0,0,5min
RSI_10_80_20__AND__Bollinger_5_2,0,0,0,0,0,5min
RSI_10_80_20__AND__Bollinger_10_1,0,0,0,0,0,5min
RSI_10_80_20__AND__Bollinger_10_1.5,0,0,0,0,0,5min
RSI_10_80_20__AND__Bollinger_10_2,0,0,0,0,0,5min
RSI_10_80_20__AND__Bollinger_15_1,0,0,0,0,0,5min
RSI_10_80_20__AND__Bollinger_15_1.5,0,0,0,0,0,5min
RSI_10_80_20__AND__Bollinger_15_2,0,0,0,0,0,5min
RSI_10_80_20__AND__Bollinger_20_1,0,0,0,0,0,5min
RSI_10_80_20__AND__Bollinger_20_1.5,0,0,0,0,0,5min
RSI_10_80_20__AND__Bollinger_20_2,0,0,0,0,0,5min
RSI_10_80_20__AND__Bollinger_25_1,0,0,0,0,0,5min
RSI_10_80_20__AND__Bollinger_25_1.5,0,0,0,0,0,5min
RSI_10_80_20__AND__Bollinger_25_2,0,0,0,0,0,5min
RSI_10_80_20__AND__Bollinger_30_1,0,0,0,0,0,5min
RSI_10_80_20__AND__Bollinger_30_1.5,0,0,0,0,0,5min
RSI_10_80_20__AND__Bollinger_30_2,0,0,0,0,0,5min
RSI_10_80_20__AND__ADX_14,0,0,0,0,0,5min
RSI_10_80_20__AND__ADX_20,0,0,0,0,0,5min
RSI_10_80_20__AND__Stoch_14_3,0,0,0,0,0,5min
RSI_10_80_20__AND__Stoch_14_5,0,0,0,0,0,5min
RSI_10_80_20__AND__RSI_5_70_30_REV,0,0,0,0,0,5min
RSI_10_80_20__AND__RSI_5_80_20_REV,0,0,0,0,0,5min
RSI_10_80_20__AND__RSI_5_90_10_REV,0,0,0,0,0,5min
RSI_10_80_20__AND__RSI_10_70_30_REV,0,0,0,0,0,5min
RSI_10_80_20__AND__RSI_10_80_20_REV,0,0,0,0,0,5min
RSI_10_80_20__AND__RSI_10_90_10_REV,0,0,0,0,0,5min
RSI_10_80_20__AND__RSI_14_70_30_REV,0,0,0,0,0,5min
RSI_10_80_20__AND__RSI_14_80_20_REV,0,0,0,0,0,5min
RSI_10_80_20__AND__RSI_14_90_10_REV,0,0,0,0,0,5min
RSI_10_80_20__AND__RSI_15_70_30_REV,0,0,0,0,0,5min
RSI_10_80_20__AND__RSI_15_80_20_REV,0,0,0,0,0,5min
RSI_10_80_20__AND__RSI_15_90_10_REV,0,0,0,0,0,5min
RSI_10_80_20__AND__RSI_20_70_30_REV,0,0,0,0,0,5min
RSI_10_80_20__AND__RSI_20_80_20_REV,0,0,0,0,0,5min
RSI_10_80_20__AND__RSI_20_90_10_REV,0,0,0,0,0,5min
RSI_10_80_20__AND__RSI_25_70_30_REV,0,0,0,0,0,5min
RSI_10_80_20__AND__RSI_25_80_20_REV,0,0,0,0,0,5min
RSI_10_80_20__AND__RSI_25_90_10_REV,0,0,0,0,0,5min
RSI_10_80_20__AND__RSI_30_70_30_REV,0,0,0,0,0,5min
RSI_10_80_20__AND__RSI_30_80_20_REV,0,0,0,0,0,5min
RSI_10_80_20__AND__RSI_30_90_10_REV,0,0,0,0,0,5min
RSI_10_90_10__AND__RSI_14_70_30,0,0,0,0,0,5min
RSI_10_90_10__AND__RSI_14_80_20,0,0,0,0,0,5min
RSI_10_90_10__AND__RSI_14_90_10,0,0,0,0,0,5min
RSI_10_90_10__AND__RSI_15_70_30,0,0,0,0,0,5min
RSI_10_90_10__AND__RSI_15_80_20,0,0,0,0,0,5min
RSI_10_90_10__AND__RSI_15_90_10,0,0,0,0,0,5min
RSI_10_90_10__AND__RSI_20_70_30,0,0,0,0,0,5min
RSI_10_90_10__AND__RSI_20_80_20,0,0,0,0,0,5min
RSI_10_90_10__AND__RSI_20_90_10,0,0,0,0,0,5min
RSI_10_90_10__AND__RSI_25_70_30,0,0,0,0,0,5min
RSI_10_90_10__AND__RSI_25_80_20,0,0,0,0,0,5min
RSI_10_90_10__AND__RSI_25_90_10,0,0,0,0,0,5min
RSI_10_90_10__AND__RSI_30_70_30,0,0,0,0,0,5min
RSI_10_90_10__AND__RSI_30_80_20,0,0,0,0,0,5min
RSI_10_90_10__AND__RSI_30_90_10,0,0,0,0,0,5min
RSI_10_90_10__AND__MACD_4_8_3,0,0,0,0,0,5min
RSI_10_90_10__AND__MACD_8_16_6,0,0,0,0,0,5min
RSI_10_90_10__AND__MACD_12_24_9,0,0,0,0,0,5min
RSI_10_90_10__AND__MACD_12_26_9,0,0,0,0,0,5min
RSI_10_90_10__AND__MACD_16_32_12,0,0,0,0,0,5min
RSI_10_90_10__AND__MACD_20_40_15,0,0,0,0,0,5min
RSI_10_90_10__AND__MACD_24_48_18,0,0,0,0,0,5min
RSI_10_90_10__AND__Bollinger_5_1,0,0,0,0,0,5min
RSI_10_90_10__AND__Bollinger_5_1.5,0,0,0,0,0,5min
RSI_10_90_10__AND__Bollinger_5_2,0,0,0,0,0,5min
RSI_10_90_10__AND__Bollinger_10_1,0,0,0,0,0,5min
RSI_10_90_10__AND__Bollinger_10_1.5,0,0,0,0,0,5min
RSI_10_90_10__AND__Bollinger_10_2,0,0,0,0,0,5min
RSI_10_90_10__AND__Bollinger_15_1,0,0,0,0,0,5min
RSI_10_90_10__AND__Bollinger_15_1.5,0,0,0,0,0,5min
RSI_10_90_10__AND__Bollinger_15_2,0,0,0,0,0,5min
RSI_10_90_10__AND__Bollinger_20_1,0,0,0,0,0,5min
RSI_10_90_10__AND__Bollinger_20_1.5,0,0,0,0,0,5min
RSI_10_90_10__AND__Bollinger_20_2,0,0,0,0,0,5min
RSI_10_90_10__AND__Bollinger_25_1,0,0,0,0,0,5min
RSI_10_90_10__AND__Bollinger_25_1.5,0,0,0,0,0,5min
RSI_10_90_10__AND__Bollinger_25_2,0,0,0,0,0,5min
RSI_10_90_10__AND__Bollinger_30_1,0,0,0,0,0,5min
RSI_10_90_10__AND__Bollinger_30_1.5,0,0,0,0,0,5min
RSI_10_90_10__AND__Bollinger_30_2,0,0,0,0,0,5min
RSI_10_90_10__AND__EMA_5_13,0,0,0,0,0,5min
RSI_10_90_10__AND__EMA_9_21,0,0,0,0,0,5min
RSI_10_90_10__AND__EMA_12_28,0,0,0,0,0,5min
RSI_10_90_10__AND__EMA_15_35,0,0,0,0,0,5min
RSI_10_90_10__AND__EMA_18_42,0,0,0,0,0,5min
RSI_10_90_10__AND__EMA_21_49,0,0,0,0,0,5min
RSI_10_90_10__AND__EMA_24_56,0,0,0,0,0,5min
RSI_10_90_10__AND__EMA_27_63,0,0,0,0,0,5min
RSI_10_90_10__AND__EMA_30_70,0,0,0,0,0,5min
RSI_10_90_10__AND__ADX_14,0,0,0,0,0,5min
RSI_10_90_10__AND__ADX_20,0,0,0,0,0,5min
RSI_10_90_10__AND__Stoch_14_3,0,0,0,0,0,5min
RSI_10_90_10__AND__Stoch_14_5,0,0,0,0,0,5min
RSI_10_90_10__AND__RSI_5_70_30_REV,0,0,0,0,0,5min
RSI_10_90_10__AND__RSI_5_80_20_REV,0,0,0,0,0,5min
RSI_10_90_10__AND__RSI_5_90_10_REV,0,0,0,0,0,5min
RSI_10_90_10__AND__RSI_10_70_30_REV,0,0,0,0,0,5min
RSI_10_90_10__AND__RSI_10_80_20_REV,0,0,0,0,0,5min
RSI_10_90_10__AND__RSI_10_90_10_REV,0,0,0,0,0,5min
RSI_10_90_10__AND__RSI_14_70_30_REV,0,0,0,0,0,5min
RSI_10_90_10__AND__RSI_14_80_20_REV,0,0,0,0,0,5min
RSI_10_90_10__AND__RSI_14_90_10_REV,0,0,0,0,0,5min
RSI_10_90_10__AND__RSI_15_70_30_REV,0,0,0,0,0,5min
RSI_10_90_10__AND__RSI_15_80_20_REV,0,0,0,0,0,5min
RSI_10_90_10__AND__RSI_15_90_10_REV,0,0,0,0,0,5min
RSI_10_90_10__AND__RSI_20_70_30_REV,0,0,0,0,0,5min
RSI_10_90_10__AND__RSI_20_80_20_REV,0,0,0,0,0,5min
RSI_10_90_10__AND__RSI_20_90_10_REV,0,0,0,0,0,5min
RSI_10_90_10__AND__RSI_25_70_30_REV,0,0,0,0,0,5min
RSI_10_90_10__AND__RSI_25_80_20_REV,0,0,0,0,0,5min
RSI_10_90_10__AND__RSI_25_90_10_REV,0,0,0,0,0,5min
RSI_10_90_10__AND__RSI_30_70_30_REV,0,0,0,0,0,5min
RSI_10_90_10__AND__RSI_30_80_20_REV,0,0,0,0,0,5min
RSI_10_90_10__AND__RSI_30_90_10_REV,0,0,0,0,0,5min
RSI_14_70_30__AND__RSI_14_80_20,0,0,0,0,0,5min
RSI_14_70_30__AND__RSI_14_90_10,0,0,0,0,0,5min
RSI_14_70_30__AND__RSI_15_80_20,0,0,0,0,0,5min
RSI_14_70_30__AND__RSI_15_90_10,0,0,0,0,0,5min
RSI_14_70_30__AND__RSI_20_80_20,0,0,0,0,0,5min
RSI_14_70_30__AND__RSI_20_90_10,0,0,0,0,0,5min
RSI_14_70_30__AND__RSI_25_80_20,0,0,0,0,0,5min
RSI_14_70_30__AND__RSI_25_90_10,0,0,0,0,0,5min
RSI_14_70_30__AND__RSI_30_70_30,0,0,0,0,0,5min
RSI_14_70_30__AND__RSI_30_80_20,0,0,0,0,0,5min
RSI_14_70_30__AND__RSI_30_90_10,0,0,0,0,0,5min
RSI_14_70_30__AND__MACD_8_16_6,0,0,0,0,0,5min
RSI_14_70_30__AND__MACD_12_24_9,0,0,0,0,0,5min
RSI_14_70_30__AND__MACD_12_26_9,0,0,0,0,0,5min
RSI_14_70_30__AND__MACD_16_32_12,0,0,0,0,0,5min
RSI_14_70_30__AND__MACD_20_40_15,0,0,0,0,0,5min
RSI_14_70_30__AND__MACD_24_48_18,0,0,0,0,0,5min
RSI_14_70_30__AND__Bollinger_5_1,0,1,1,1,0,5min
RSI_14_70_30__AND__Bollinger_5_1.5,0,0,1,0,0,5min
RSI_14_70_30__AND__Bollinger_5_2,0,0,0,0,0,5min
RSI_14_70_30__AND__Bollinger_10_1,0,0,0,0,0,5min
RSI_14_70_30__AND__Bollinger_10_1.5,0,0,0,0,0,5min
RSI_14_70_30__AND__Bollinger_10_2,0,0,0,0,0,5min
RSI_14_70_30__AND__Bollinger_15_1,0,0,0,0,0,5min
RSI_14_70_30__AND__Bollinger_15_1.5,0,0,0,0,0,5min
RSI_14_70_30__AND__Bollinger_15_2,0,0,0,0,0,5min
RSI_14_70_30__AND__Bollinger_20_1,0,0,0,0,0,5min
RSI_14_70_30__AND__Bollinger_20_1.5,0,0,0,0,0,5min
RSI_14_70_30__AND__Bollinger_20_2,0,0,0,0,0,5min
RSI_14_70_30__AND__Bollinger_25_1,0,0,0,0,0,5min
RSI_14_70_30__AND__Bollinger_25_1.5,0,0,0,0,0,5min
RSI_14_70_30__AND__Bollinger_25_2,0,0,0,0,0,5min
RSI_14_70_30__AND__Bollinger_30_1,0,0,0,0,0,5min
RSI_14_70_30__AND__Bollinger_30_1.5,0,0,0,0,0,5min
RSI_14_70_30__AND__Bollinger_30_2,0,0,0,0,0,5min
RSI_14_70_30__AND__ADX_14,0,0,0,0,0,5min
RSI_14_70_30__AND__ADX_20,0,0,0,0,0,5min
RSI_14_70_30__AND__Stoch_14_3,0,0,0,0,0,5min
RSI_14_70_30__AND__Stoch_14_5,0,0,0,0,0,5min
RSI_14_70_30__AND__RSI_5_70_30_REV,0,0,0,0,0,5min
RSI_14_70_30__AND__RSI_5_80_20_REV,0,0,0,0,0,5min
RSI_14_70_30__AND__RSI_5_90_10_REV,0,0,0,0,0,5min
RSI_14_70_30__AND__RSI_10_70_30_REV,0,0,0,0,0,5min
RSI_14_70_30__AND__RSI_10_80_20_REV,0,0,0,0,0,5min
RSI_14_70_30__AND__RSI_10_90_10_REV,0,0,0,0,0,5min
RSI_14_70_30__AND__RSI_14_70_30_REV,0,0,0,0,0,5min
RSI_14_70_30__AND__RSI_14_80_20_REV,0,0,0,0,0,5min
RSI_14_70_30__AND__RSI_14_90_10_REV,0,0,0,0,0,5min
RSI_14_70_30__AND__RSI_15_70_30_REV,0,0,0,0,0,5min
RSI_14_70_30__AND__RSI_15_80_20_REV,0,0,0,0,0,5min
RSI_14_70_30__AND__RSI_15_90_10_REV,0,0,0,0,0,5min
RSI_14_70_30__AND__RSI_20_70_30_REV,0,0,0,0,0,5min
RSI_14_70_30__AND__RSI_20_80_20_REV,0,0,0,0,0,5min
RSI_14_70_30__AND__RSI_20_90_10_REV,0,0,0,0,0,5min
RSI_14_70_30__AND__RSI_25_70_30_REV,0,0,0,0,0,5min
RSI_14_70_30__AND__RSI_25_80_20_REV,0,0,0,0,0,5min
RSI_14_70_30__AND__RSI_25_90_10_REV,0,0,0,0,0,5min
RSI_14_70_30__AND__RSI_30_70_30_REV,0,0,0,0,0,5min
RSI_14_70_30__AND__RSI_30_80_20_REV,0,0,0,0,0,5min
RSI_14_70_30__AND__RSI_30_90_10_REV,0,0,0,0,0,5min
RSI_14_80_20__AND__RSI_14_90_10,0,0,0,0,0,5min
RSI_14_80_20__AND__RSI_15_70_30,0,0,0,0,0,5min
RSI_14_80_20__AND__RSI_15_80_20,0,0,0,0,0,5min
RSI_14_80_20__AND__RSI_15_90_10,0,0,0,0,0,5min
RSI_14_80_20__AND__RSI_20_70_30,0,0,0,0,0,5min
RSI_14_80_20__AND__RSI_20_80_20,0,0,0,0,0,5min
RSI_14_80_20__AND__RSI_20_90_10,0,0,0,0,0,5min
RSI_14_80_20__AND__RSI_25_70_30,0,0,0,0,0,5min
RSI_14_80_20__AND__RSI_25_80_20,0,0,0,0,0,5min
RSI_14_80_20__AND__RSI_25_90_10,0,0,0,0,0,5min
RSI_14_80_20__AND__RSI_30_70_30,0,0,0,0,0,5min
RSI_14_80_20__AND__RSI_30_80_20,0,0,0,0,0,5min
RSI_14_80_20__AND__RSI_30_90_10,0,0,0,0,0,5min
RSI_14_80_20__AND__MACD_4_8_3,0,0,0,0,0,5min
RSI_14_80_20__AND__MACD_8_16_6,0,0,0,0,0,5min
RSI_14_80_20__AND__MACD_12_24_9,0,0,0,0,0,5min
RSI_14_80_20__AND__MACD_12_26_9,0,0,0,0,0,5min
RSI_14_80_20__AND__MACD_16_32_12,0,0,0,0,0,5min
RSI_14_80_20__AND__MACD_20_40_15,0,0,0,0,0,5min
RSI_14_80_20__AND__MACD_24_48_18,0,0,0,0,0,5min
RSI_14_80_20__AND__Bollinger_5_1,0,0,0,0,0,5min
RSI_14_80_20__AND__Bollinger_5_1.5,0,0,0,0,0,5min
RSI_14_80_20__AND__Bollinger_5_2,0,0,0,0,0,5min
RSI_14_80_20__AND__Bollinger_10_1,0,0,0,0,0,5min
RSI_14_80_20__AND__Bollinger_10_1.5,0,0,0,0,0,5min
RSI_14_80_20__AND__Bollinger_10_2,0,0,0,0,0,5min
RSI_14_80_20__AND__Bollinger_15_1,0,0,0,0,0,5min
RSI_14_80_20__AND__Bollinger_15_1.5,0,0,0,0,0,5min
RSI_14_80_20__AND__Bollinger_15_2,0,0,0,0,0,5min
RSI_14_80_20__AND__Bollinger_20_1,0,0,0,0,0,5min
RSI_14_80_20__AND__Bollinger_20_1.5,0,0,0,0,0,5min
RSI_14_80_20__AND__Bollinger_20_2,0,0,0,0,0,5min
RSI_14_80_20__AND__Bollinger_25_1,0,0,0,0,0,5min
RSI_14_80_20__AND__Bollinger_25_1.5,0,0,0,0,0,5min
RSI_14_80_20__AND__Bollinger_25_2,0,0,0,0,0,5min
RSI_14_80_20__AND__Bollinger_30_1,0,0,0,0,0,5min
RSI_14_80_20__AND__Bollinger_30_1.5,0,0,0,0,0,5min
RSI_14_80_20__AND__Bollinger_30_2,0,0,0,0,0,5min
RSI_14_80_20__AND__EMA_5_13,0,0,0,0,0,5min
RSI_14_80_20__AND__EMA_9_21,0,0,0,0,0,5min
RSI_14_80_20__AND__EMA_12_28,0,0,0,0,0,5min
RSI_14_80_20__AND__EMA_15_35,0,0,0,0,0,5min
RSI_14_80_20__AND__EMA_18_42,0,0,0,0,0,5min
RSI_14_80_20__AND__EMA_21_49,0,0,0,0,0,5min
RSI_14_80_20__AND__EMA_24_56,0,0,0,0,0,5min
RSI_14_80_20__AND__EMA_27_63,0,0,0,0,0,5min
RSI_14_80_20__AND__EMA_30_70,0,0,0,0,0,5min
RSI_14_80_20__AND__ADX_14,0,0,0,0,0,5min
RSI_14_80_20__AND__ADX_20,0,0,0,0,0,5min
RSI_14_80_20__AND__Stoch_14_3,0,0,0,0,0,5min
RSI_14_80_20__AND__Stoch_14_5,0,0,0,0,0,5min
RSI_14_80_20__AND__RSI_5_70_30_REV,0,0,0,0,0,5min
RSI_14_80_20__AND__RSI_5_80_20_REV,0,0,0,0,0,5min
RSI_14_80_20__AND__RSI_5_90_10_REV,0,0,0,0,0,5min
RSI_14_80_20__AND__RSI_10_70_30_REV,0,0,0,0,0,5min
RSI_14_80_20__AND__RSI_10_80_20_REV,0,0,0,0,0,5min
RSI_14_80_20__AND__RSI_10_90_10_REV,0,0,0,0,0,5min
RSI_14_80_20__AND__RSI_14_70_30_REV,0,0,0,0,0,5min
RSI_14_80_20__AND__RSI_14_80_20_REV,0,0,0,0,0,5min
RSI_14_80_20__AND__RSI_14_90_10_REV,0,0,0,0,0,5min
RSI_14_80_20__AND__RSI_15_70_30_REV,0,0,0,0,0,5min
RSI_14_80_20__AND__RSI_15_80_20_REV,0,0,0,0,0,5min
RSI_14_80_20__AND__RSI_15_90_10_REV,0,0,0,0,0,5min
RSI_14_80_20__AND__RSI_20_70_30_REV,0,0,0,0,0,5min
RSI_14_80_20__AND__RSI_20_80_20_REV,0,0,0,0,0,5min
RSI_14_80_20__AND__RSI_20_90_10_REV,0,0,0,0,0,5min
RSI_14_80_20__AND__RSI_25_70_30_REV,0,0,0,0,0,5min
RSI_14_80_20__AND__RSI_25_80_20_REV,0,0,0,0,0,5min
RSI_14_80_20__AND__RSI_25_90_10_REV,0,0,0,0,0,5min
RSI_14_80_20__AND__RSI_30_70_30_REV,0,0,0,0,0,5min
RSI_14_80_20__AND__RSI_30_80_20_REV,0,0,0,0,0,5min
RSI_14_80_20__AND__RSI_30_90_10_REV,0,0,0,0,0,5min
RSI_14_90_10__AND__RSI_15_70_30,0,0,0,0,0,5min
RSI_14_90_10__AND__RSI_15_80_20,0,0,0,0,0,5min
RSI_14_90_10__AND__RSI_15_90_10,0,0,0,0,0,5min
RSI_14_90_10__AND__RSI_20_70_30,0,0,0,0,0,5min
RSI_14_90_10__AND__RSI_20_80_20,0,0,0,0,0,5min
RSI_14_90_10__AND__RSI_20_90_10,0,0,0,0,0,5min
RSI_14_90_10__AND__RSI_25_70_30,0,0,0,0,0,5min
RSI_14_90_10__AND__RSI_25_80_20,0,0,0,0,0,5min
RSI_14_90_10__AND__RSI_25_90_10,0,0,0,0,0,5min
RSI_14_90_10__AND__RSI_30_70_30,0,0,0,0,0,5min
RSI_14_90_10__AND__RSI_30_80_20,0,0,0,0,0,5min
RSI_14_90_10__AND__RSI_30_90_10,0,0,0,0,0,5min
RSI_14_90_10__AND__MACD_4_8_3,0,0,0,0,0,5min
RSI_14_90_10__AND__MACD_8_16_6,0,0,0,0,0,5min
RSI_14_90_10__AND__MACD_12_24_9,0,0,0,0,0,5min
RSI_14_90_10__AND__MACD_12_26_9,0,0,0,0,0,5min
RSI_14_90_10__AND__MACD_16_32_12,0,0,0,0,0,5min
RSI_14_90_10__AND__MACD_20_40_15,0,0,0,0,0,5min
RSI_14_90_10__AND__MACD_24_48_18,0,0,0,0,0,5min
RSI_14_90_10__AND__Bollinger_5_1,0,0,0,0,0,5min
RSI_14_90_10__AND__Bollinger_5_1.5,0,0,0,0,0,5min
RSI_14_90_10__AND__Bollinger_5_2,0,0,0,0,0,5min
RSI_14_90_10__AND__Bollinger_10_1,0,0,0,0,0,5min
RSI_14_90_10__AND__Bollinger_10_1.5,0,0,0,0,0,5min
RSI_14_90_10__AND__Bollinger_10_2,0,0,0,0,0,5min
RSI_14_90_10__AND__Bollinger_15_1,0,0,0,0,0,5min
RSI_14_90_10__AND__Bollinger_15_1.5,0,0,0,0,0,5min
RSI_14_90_10__AND__Bollinger_15_2,0,0,0,0,0,5min
RSI_14_90_10__AND__Bollinger_20_1,0,0,0,0,0,5min
RSI_14_90_10__AND__Bollinger_20_1.5,0,0,0,0,0,5min
RSI_14_90_10__AND__Bollinger_20_2,0,0,0,0,0,5min
RSI_14_90_10__AND__Bollinger_25_1,0,0,0,0,0,5min
RSI_14_90_10__AND__Bollinger_25_1.5,0,0,0,0,0,5min
RSI_14_90_10__AND__Bollinger_25_2,0,0,0,0,0,5min
RSI_14_90_10__AND__Bollinger_30_1,0,0,0,0,0,5min
RSI_14_90_10__AND__Bollinger_30_1.5,0,0,0,0,0,5min
RSI_14_90_10__AND__Bollinger_30_2,0,0,0,0,0,5min
RSI_14_90_10__AND__EMA_5_13,0,0,0,0,0,5min
RSI_14_90_10__AND__EMA_9_21,0,0,0,0,0,5min
RSI_14_90_10__AND__EMA_12_28,0,0,0,0,0,5min
RSI_14_90_10__AND__EMA_15_35,0,0,0,0,0,5min
RSI_14_90_10__AND__EMA_18_42,0,0,0,0,0,5min
RSI_14_90_10__AND__EMA_21_49,0,0,0,0,0,5min
RSI_14_90_10__AND__EMA_24_56,0,0,0,0,0,5min
RSI_14_90_10__AND__EMA_27_63,0,0,0,0,0,5min
RSI_14_90_10__AND__EMA_30_70,0,0,0,0,0,5min
RSI_14_90_10__AND__ADX_14,0,0,0,0,0,5min
RSI_14_90_10__AND__ADX_20,0,0,0,0,0,5min
RSI_14_90_10__AND__Stoch_14_3,0,0,0,0,0,5min
RSI_14_90_10__AND__Stoch_14_5,0,0,0,0,0,5min
RSI_14_90_10__AND__RSI_5_70_30_REV,0,0,0,0,0,5min
RSI_14_90_10__AND__RSI_5_80_20_REV,0,0,0,0,0,5min
RSI_14_90_10__AND__RSI_5_90_10_REV,0,0,0,0,0,5min
RSI_14_90_10__AND__RSI_10_70_30_REV,0,0,0,0,0,5min
RSI_14_90_10__AND__RSI_10_80_20_REV,0,0,0,0,0,5min
RSI_14_90_10__AND__RSI_10_90_10_REV,0,0,0,0,0,5min
RSI_14_90_10__AND__RSI_14_70_30_REV,0,0,0,0,0,5min
RSI_14_90_10__AND__RSI_14_80_20_REV,0,0,0,0,0,5min
RSI_14_90_10__AND__RSI_14_90_10_REV,0,0,0,0,0,5min
RSI_14_90_10__AND__RSI_15_70_30_REV,0,0,0,0,0,5min
RSI_14_90_10__AND__RSI_15_80_20_REV,0,0,0,0,0,5min
RSI_14_90_10__AND__RSI_15_90_10_REV,0,0,0,0,0,5min
RSI_14_90_10__AND__RSI_20_70_30_REV,0,0,0,0,0,5min
RSI_14_90_10__AND__RSI_20_80_20_REV,0,0,0,0,0,5min
RSI_14_90_10__AND__RSI_20_90_10_REV,0,0,0,0,0,5min
RSI_14_90_10__AND__RSI_25_70_30_REV,0,0,0,0,0,5min
RSI_14_90_10__AND__RSI_25_80_20_REV,0,0,0,0,0,5min
RSI_14_90_10__AND__RSI_25_90_10_REV,0,0,0,0,0,5min
RSI_14_90_10__AND__RSI_30_70_30_REV,0,0,0,0,0,5min
RSI_14_90_10__AND__RSI_30_80_20_REV,0,0,0,0,0,5min
RSI_14_90_10__AND__RSI_30_90_10_REV,0,0,0,0,0,5min
RSI_15_70_30__AND__RSI_15_80_20,0,0,0,0,0,5min
RSI_15_70_30__AND__RSI_15_90_10,0,0,0,0,0,5min
RSI_15_70_30__AND__RSI_20_80_20,0,0,0,0,0,5min
RSI_15_70_30__AND__RSI_20_90_10,0,0,0,0,0,5min
RSI_15_70_30__AND__RSI_25_80_20,0,0,0,0,0,5min
RSI_15_70_30__AND__RSI_25_90_10,0,0,0,0,0,5min
RSI_15_70_30__AND__RSI_30_70_30,0,0,0,0,0,5min
RSI_15_70_30__AND__RSI_30_80_20,0,0,0,0,0,5min
RSI_15_70_30__AND__RSI_30_90_10,0,0,0,0,0,5min
RSI_15_70_30__AND__MACD_8_16_6,0,0,0,0,0,5min
RSI_15_70_30__AND__MACD_12_24_9,0,0,0,0,0,5min
RSI_15_70_30__AND__MACD_12_26_9,0,0,0,0,0,5min
RSI_15_70_30__AND__MACD_16_32_12,0,0,0,0,0,5min
RSI_15_70_30__AND__MACD_20_40_15,0,0,0,0,0,5min
RSI_15_70_30__AND__MACD_24_48_18,0,0,0,0,0,5min
RSI_15_70_30__AND__Bollinger_5_1,0,1,1,1,0,5min
RSI_15_70_30__AND__Bollinger_5_1.5,0,0,1,0,0,5min
RSI_15_70_30__AND__Bollinger_5_2,0,0,0,0,0,5min
RSI_15_70_30__AND__Bollinger_10_1,0,0,0,0,0,5min
RSI_15_70_30__AND__Bollinger_10_1.5,0,0,0,0,0,5min
RSI_15_70_30__AND__Bollinger_10_2,0,0,0,0,0,5min
RSI_15_70_30__AND__Bollinger_15_1,0,0,0,0,0,5min
RSI_15_70_30__AND__Bollinger_15_1.5,0,0,0,0,0,5min
RSI_15_70_30__AND__Bollinger_15_2,0,0,0,0,0,5min
RSI_15_70_30__AND__Bollinger_20_1,0,0,0,0,0,5min
RSI_15_70_30__AND__Bollinger_20_1.5,0,0,0,0,0,5min
RSI_15_70_30__AND__Bollinger_20_2,0,0,0,0,0,5min
RSI_15_70_30__AND__Bollinger_25_1,0,0,0,0,0,5min
RSI_15_70_30__AND__Bollinger_25_1.5,0,0,0,0,0,5min
RSI_15_70_30__AND__Bollinger_25_2,0,0,0,0,0,5min
RSI_15_70_30__AND__Bollinger_30_1,0,0,0,0,0,5min
RSI_15_70_30__AND__Bollinger_30_1.5,0,0,0,0,0,5min
RSI_15_70_30__AND__Bollinger_30_2,0,0,0,0,0,5min
RSI_15_70_30__AND__ADX_14,0,0,0,0,0,5min
RSI_15_70_30__AND__ADX_20,0,0,0,0,0,5min
RSI_15_70_30__AND__Stoch_14_3,0,0,0,0,0,5min
RSI_15_70_30__AND__Stoch_14_5,0,0,0,0,0,5min
RSI_15_70_30__AND__RSI_5_70_30_REV,0,0,0,0,0,5min
RSI_15_70_30__AND__RSI_5_80_20_REV,0,0,0,0,0,5min
RSI_15_70_30__AND__RSI_5_90_10_REV,0,0,0,0,0,5min
RSI_15_70_30__AND__RSI_10_70_30_REV,0,0,0,0,0,5min
RSI_15_70_30__AND__RSI_10_80_20_REV,0,0,0,0,0,5min
RSI_15_70_30__AND__RSI_10_90_10_REV,0,0,0,0,0,5min
RSI_15_70_30__AND__RSI_14_70_30_REV,0,0,0,0,0,5min
RSI_15_70_30__AND__RSI_14_80_20_REV,0,0,0,0,0,5min
RSI_15_70_30__AND__RSI_14_90_10_REV,0,0,0,0,0,5min
RSI_15_70_30__AND__RSI_15_70_30_REV,0,0,0,0,0,5min
RSI_15_70_30__AND__RSI_15_80_20_REV,0,0,0,0,0,5min
RSI_15_70_30__AND__RSI_15_90_10_REV,0,0,0,0,0,5min
RSI_15_70_30__AND__RSI_20_70_30_REV,0,0,0,0,0,5min
RSI_15_70_30__AND__RSI_20_80_20_REV,0,0,0,0,0,5min
RSI_15_70_30__AND__RSI_20_90_10_REV,0,0,0,0,0,5min
RSI_15_70_30__AND__RSI_25_70_30_REV,0,0,0,0,0,5min
RSI_15_70_30__AND__RSI_25_80_20_REV,0,0,0,0,0,5min
RSI_15_70_30__AND__RSI_25_90_10_REV,0,0,0,0,0,5min
RSI_15_70_30__AND__RSI_30_70_30_REV,0,0,0,0,0,5min
RSI_15_70_30__AND__RSI_30_80_20_REV,0,0,0,0,0,5min
RSI_15_70_30__AND__RSI_30_90_10_REV,0,0,0,0,0,5min
RSI_15_80_20__AND__RSI_15_90_10,0,0,0,0,0,5min
RSI_15_80_20__AND__RSI_20_70_30,0,0,0,0,0,5min
RSI_15_80_20__AND__RSI_20_80_20,0,0,0,0,0,5min
RSI_15_80_20__AND__RSI_20_90_10,0,0,0,0,0,5min
RSI_15_80_20__AND__RSI_25_70_30,0,0,0,0,0,5min
RSI_15_80_20__AND__RSI_25_80_20,0,0,0,0,0,5min
RSI_15_80_20__AND__RSI_25_90_10,0,0,0,0,0,5min
RSI_15_80_20__AND__RSI_30_70_30,0,0,0,0,0,5min
RSI_15_80_20__AND__RSI_30_80_20,0,0,0,0,0,5min
RSI_15_80_20__AND__RSI_30_90_10,0,0,0,0,0,5min
RSI_15_80_20__AND__MACD_4_8_3,0,0,0,0,0,5min
RSI_15_80_20__AND__MACD_8_16_6,0,0,0,0,0,5min
RSI_15_80_20__AND__MACD_12_24_9,0,0,0,0,0,5min
RSI_15_80_20__AND__MACD_12_26_9,0,0,0,0,0,5min
RSI_15_80_20__AND__MACD_16_32_12,0,0,0,0,0,5min
RSI_15_80_20__AND__MACD_20_40_15,0,0,0,0,0,5min
RSI_15_80_20__AND__MACD_24_48_18,0,0,0,0,0,5min
RSI_15_80_20__AND__Bollinger_5_1,0,0,0,0,0,5min
RSI_15_80_20__AND__Bollinger_5_1.5,0,0,0,0,0,5min
RSI_15_80_20__AND__Bollinger_5_2,0,0,0,0,0,5min
RSI_15_80_20__AND__Bollinger_10_1,0,0,0,0,0,5min
RSI_15_80_20__AND__Bollinger_10_1.5,0,0,0,0,0,5min
RSI_15_80_20__AND__Bollinger_10_2,0,0,0,0,0,5min
RSI_15_80_20__AND__Bollinger_15_1,0,0,0,0,0,5min
RSI_15_80_20__AND__Bollinger_15_1.5,0,0,0,0,0,5min
RSI_15_80_20__AND__Bollinger_15_2,0,0,0,0,0,5min
RSI_15_80_20__AND__Bollinger_20_1,0,0,0,0,0,5min
RSI_15_80_20__AND__Bollinger_20_1.5,0,0,0,0,0,5min
RSI_15_80_20__AND__Bollinger_20_2,0,0,0,0,0,5min
RSI_15_80_20__AND__Bollinger_25_1,0,0,0,0,0,5min
RSI_15_80_20__AND__Bollinger_25_1.5,0,0,0,0,0,5min
RSI_15_80_20__AND__Bollinger_25_2,0,0,0,0,0,5min
RSI_15_80_20__AND__Bollinger_30_1,0,0,0,0,0,5min
RSI_15_80_20__AND__Bollinger_30_1.5,0,0,0,0,0,5min
RSI_15_80_20__AND__Bollinger_30_2,0,0,0,0,0,5min
RSI_15_80_20__AND__EMA_5_13,0,0,0,0,0,5min
RSI_15_80_20__AND__EMA_9_21,0,0,0,0,0,5min
RSI_15_80_20__AND__EMA_12_28,0,0,0,0,0,5min
RSI_15_80_20__AND__EMA_15_35,0,0,0,0,0,5min
RSI_15_80_20__AND__EMA_18_42,0,0,0,0,0,5min
RSI_15_80_20__AND__EMA_21_49,0,0,0,0,0,5min
RSI_15_80_20__AND__EMA_24_56,0,0,0,0,0,5min
RSI_15_80_20__AND__EMA_27_63,0,0,0,0,0,5min
RSI_15_80_20__AND__EMA_30_70,0,0,0,0,0,5min
RSI_15_80_20__AND__ADX_14,0,0,0,0,0,5min
RSI_15_80_20__AND__ADX_20,0,0,0,0,0,5min
RSI_15_80_20__AND__Stoch_14_3,0,0,0,0,0,5min
RSI_15_80_20__AND__Stoch_14_5,0,0,0,0,0,5min
RSI_15_80_20__AND__RSI_5_70_30_REV,0,0,0,0,0,5min
RSI_15_80_20__AND__RSI_5_80_20_REV,0,0,0,0,0,5min
RSI_15_80_20__AND__RSI_5_90_10_REV,0,0,0,0,0,5min
RSI_15_80_20__AND__RSI_10_70_30_REV,0,0,0,0,0,5min
RSI_15_80_20__AND__RSI_10_80_20_REV,0,0,0,0,0,5min
RSI_15_80_20__AND__RSI_10_90_10_REV,0,0,0,0,0,5min
RSI_15_80_20__AND__RSI_14_70_30_REV,0,0,0,0,0,5min
RSI_15_80_20__AND__RSI_14_80_20_REV,0,0,0,0,0,5min
RSI_15_80_20__AND__RSI_14_90_10_REV,0,0,0,0,0,5min
RSI_15_80_20__AND__RSI_15_70_30_REV,0,0,0,0,0,5min
RSI_15_80_20__AND__RSI_15_80_20_REV,0,0,0,0,0,5min
RSI_15_80_20__AND__RSI_15_90_10_REV,0,0,0,0,0,5min
RSI_15_80_20__AND__RSI_20_70_30_REV,0,0,0,0,0,5min
RSI_15_80_20__AND__RSI_20_80_20_REV,0,0,0,0,0,5min
RSI_15_80_20__AND__RSI_20_90_10_REV,0,0,0,0,0,5min
RSI_15_80_20__AND__RSI_25_70_30_REV,0,0,0,0,0,5min
RSI_15_80_20__AND__RSI_25_80_20_REV,0,0,0,0,0,5min
RSI_15_80_20__AND__RSI_25_90_10_REV,0,0,0,0,0,5min
RSI_15_80_20__AND__RSI_30_70_30_REV,0,0,0,0,0,5min
RSI_15_80_20__AND__RSI_30_80_20_REV,0,0,0,0,0,5min
RSI_15_80_20__AND__RSI_30_90_10_REV,0,0,0,0,0,5min
RSI_15_90_10__AND__RSI_20_70_30,0,0,0,0,0,5min
RSI_15_90_10__AND__RSI_20_80_20,0,0,0,0,0,5min
RSI_15_90_10__AND__RSI_20_90_10,0,0,0,0,0,5min
RSI_15_90_10__AND__RSI_25_70_30,0,0,0,0,0,5min
RSI_15_90_10__AND__RSI_25_80_20,0,0,0,0,0,5min
RSI_15_90_10__AND__RSI_25_90_10,0,0,0,0,0,5min
RSI_15_90_10__AND__RSI_30_70_30,0,0,0,0,0,5min
RSI_15_90_10__AND__RSI_30_80_20,0,0,0,0,0,5min
RSI_15_90_10__AND__RSI_30_90_10,0,0,0,0,0,5min
RSI_15_90_10__AND__MACD_4_8_3,0,0,0,0,0,5min
RSI_15_90_10__AND__MACD_8_16_6,0,0,0,0,0,5min
RSI_15_90_10__AND__MACD_12_24_9,0,0,0,0,0,5min
RSI_15_90_10__AND__MACD_12_26_9,0,0,0,0,0,5min
RSI_15_90_10__AND__MACD_16_32_12,0,0,0,0,0,5min
RSI_15_90_10__AND__MACD_20_40_15,0,0,0,0,0,5min
RSI_15_90_10__AND__MACD_24_48_18,0,0,0,0,0,5min
RSI_15_90_10__AND__Bollinger_5_1,0,0,0,0,0,5min
RSI_15_90_10__AND__Bollinger_5_1.5,0,0,0,0,0,5min
RSI_15_90_10__AND__Bollinger_5_2,0,0,0,0,0,5min
RSI_15_90_10__AND__Bollinger_10_1,0,0,0,0,0,5min
RSI_15_90_10__AND__Bollinger_10_1.5,0,0,0,0,0,5min
RSI_15_90_10__AND__Bollinger_10_2,0,0,0,0,0,5min
RSI_15_90_10__AND__Bollinger_15_1,0,0,0,0,0,5min
RSI_15_90_10__AND__Bollinger_15_1.5,0,0,0,0,0,5min
RSI_15_90_10__AND__Bollinger_15_2,0,0,0,0,0,5min
RSI_15_90_10__AND__Bollinger_20_1,0,0,0,0,0,5min
RSI_15_90_10__AND__Bollinger_20_1.5,0,0,0,0,0,5min
RSI_15_90_10__AND__Bollinger_20_2,0,0,0,0,0,5min
RSI_15_90_10__AND__Bollinger_25_1,0,0,0,0,0,5min
RSI_15_90_10__AND__Bollinger_25_1.5,0,0,0,0,0,5min
RSI_15_90_10__AND__Bollinger_25_2,0,0,0,0,0,5min
RSI_15_90_10__AND__Bollinger_30_1,0,0,0,0,0,5min
RSI_15_90_10__AND__Bollinger_30_1.5,0,0,0,0,0,5min
RSI_15_90_10__AND__Bollinger_30_2,0,0,0,0,0,5min
RSI_15_90_10__AND__EMA_5_13,0,0,0,0,0,5min
RSI_15_90_10__AND__EMA_9_21,0,0,0,0,0,5min
RSI_15_90_10__AND__EMA_12_28,0,0,0,0,0,5min
RSI_15_90_10__AND__EMA_15_35,0,0,0,0,0,5min
RSI_15_90_10__AND__EMA_18_42,0,0,0,0,0,5min
RSI_15_90_10__AND__EMA_21_49,0,0,0,0,0,5min
RSI_15_90_10__AND__EMA_24_56,0,0,0,0,0,5min
RSI_15_90_10__AND__EMA_27_63,0,0,0,0,0,5min
RSI_15_90_10__AND__EMA_30_70,0,0,0,0,0,5min
RSI_15_90_10__AND__ADX_14,0,0,0,0,0,5min
RSI_15_90_10__AND__ADX_20,0,0,0,0,0,5min
RSI_15_90_10__AND__Stoch_14_3,0,0,0,0,0,5min
RSI_15_90_10__AND__Stoch_14_5,0,0,0,0,0,5min
RSI_15_90_10__AND__RSI_5_70_30_REV,0,0,0,0,0,5min
RSI_15_90_10__AND__RSI_5_80_20_REV,0,0,0,0,0,5min
RSI_15_90_10__AND__RSI_5_90_10_REV,0,0,0,0,0,5min
RSI_15_90_10__AND__RSI_10_70_30_REV,0,0,0,0,0,5min
RSI_15_90_10__AND__RSI_10_80_20_REV,0,0,0,0,0,5min
RSI_15_90_10__AND__RSI_10_90_10_REV,0,0,0,0,0,5min
RSI_15_90_10__AND__RSI_14_70_30_REV,0,0,0,0,0,5min
RSI_15_90_10__AND__RSI_14_80_20_REV,0,0,0,0,0,5min
RSI_15_90_10__AND__RSI_14_90_10_REV,0,0,0,0,0,5min
RSI_15_90_10__AND__RSI_15_70_30_REV,0,0,0,0,0,5min
RSI_15_90_10__AND__RSI_15_80_20_REV,0,0,0,0,0,5min
RSI_15_90_10__AND__RSI_15_90_10_REV,0,0,0,0,0,5min
RSI_15_90_10__AND__RSI_20_70_30_REV,0,0,0,0,0,5min
RSI_15_90_10__AND__RSI_20_80_20_REV,0,0,0,0,0,5min
RSI_15_90_10__AND__RSI_20_90_10_REV,0,0,0,0,0,5min
RSI_15_90_10__AND__RSI_25_70_30_REV,0,0,0,0,0,5min
RSI_15_90_10__AND__RSI_25_80_20_REV,0,0,0,0,0,5min
RSI_15_90_10__AND__RSI_25_90_10_REV,0,0,0,0,0,5min
RSI_15_90_10__AND__RSI_30_70_30_REV,0,0,0,0,0,5min
RSI_15_90_10__AND__RSI_30_80_20_REV,0,0,0,0,0,5min
RSI_15_90_10__AND__RSI_30_90_10_REV,0,0,0,0,0,5min
RSI_20_70_30__AND__RSI_20_80_20,0,0,0,0,0,5min
RSI_20_70_30__AND__RSI_20_90_10,0,0,0,0,0,5min
RSI_20_70_30__AND__RSI_25_80_20,0,0,0,0,0,5min
RSI_20_70_30__AND__RSI_25_90_10,0,0,0,0,0,5min
RSI_20_70_30__AND__RSI_30_70_30,0,0,0,0,0,5min
RSI_20_70_30__AND__RSI_30_80_20,0,0,0,0,0,5min
RSI_20_70_30__AND__RSI_30_90_10,0,0,0,0,0,5min
RSI_20_70_30__AND__MACD_8_16_6,0,0,0,0,0,5min
RSI_20_70_30__AND__MACD_12_24_9,0,0,0,0,0,5min
RSI_20_70_30__AND__MACD_12_26_9,0,0,0,0,0,5min
RSI_20_70_30__AND__MACD_16_32_12,0,0,0,0,0,5min
RSI_20_70_30__AND__MACD_20_40_15,0,0,0,0,0,5min
RSI_20_70_30__AND__MACD_24_48_18,0,0,0,0,0,5min
RSI_20_70_30__AND__Bollinger_5_1,0,0,0,0,0,5min
RSI_20_70_30__AND__Bollinger_5_1.5,0,0,0,0,0,5min
RSI_20_70_30__AND__Bollinger_5_2,0,0,0,0,0,5min
RSI_20_70_30__AND__Bollinger_10_1,0,0,0,0,0,5min
RSI_20_70_30__AND__Bollinger_10_1.5,0,0,0,0,0,5min
RSI_20_70_30__AND__Bollinger_10_2,0,0,0,0,0,5min
RSI_20_70_30__AND__Bollinger_15_1,0,0,0,0,0,5min
RSI_20_70_30__AND__Bollinger_15_1.5,0,0,0,0,0,5min
RSI_20_70_30__AND__Bollinger_15_2,0,0,0,0,0,5min
RSI_20_70_30__AND__Bollinger_20_1,0,0,0,0,0,5min
RSI_20_70_30__AND__Bollinger_20_1.5,0,0,0,0,0,5min
RSI_20_70_30__AND__Bollinger_20_2,0,0,0,0,0,5min
RSI_20_70_30__AND__Bollinger_25_1,0,0,0,0,0,5min
RSI_20_70_30__AND__Bollinger_25_1.5,0,0,0,0,0,5min
RSI_20_70_30__AND__Bollinger_25_2,0,0,0,0,0,5min
RSI_20_70_30__AND__Bollinger_30_1,0,0,0,0,0,5min
RSI_20_70_30__AND__Bollinger_30_1.5,0,0,0,0,0,5min
RSI_20_70_30__AND__Bollinger_30_2,0,0,0,0,0,5min
RSI_20_70_30__AND__ADX_14,0,0,0,0,0,5min
RSI_20_70_30__AND__ADX_20,0,0,0,0,0,5min
RSI_20_70_30__AND__Stoch_14_3,0,0,0,0,0,5min
RSI_20_70_30__AND__Stoch_14_5,0,0,0,0,0,5min
RSI_20_70_30__AND__RSI_5_70_30_REV,0,0,0,0,0,5min
RSI_20_70_30__AND__RSI_5_80_20_REV,0,0,0,0,0,5min
RSI_20_70_30__AND__RSI_5_90_10_REV,0,0,0,0,0,5min
RSI_20_70_30__AND__RSI_10_70_30_REV,0,0,0,0,0,5min
RSI_20_70_30__AND__RSI_10_80_20_REV,0,0,0,0,0,5min
RSI_20_70_30__AND__RSI_10_90_10_REV,0,0,0,0,0,5min
RSI_20_70_30__AND__RSI_14_70_30_REV,0,0,0,0,0,5min
RSI_20_70_30__AND__RSI_14_80_20_REV,0,0,0,0,0,5min
RSI_20_70_30__AND__RSI_14_90_10_REV,0,0,0,0,0,5min
RSI_20_70_30__AND__RSI_15_70_30_REV,0,0,0,0,0,5min
RSI_20_70_30__AND__RSI_15_80_20_REV,0,0,0,0,0,5min
RSI_20_70_30__AND__RSI_15_90_10_REV,0,0,0,0,0,5min
RSI_20_70_30__AND__RSI_20_70_30_REV,0,0,0,0,0,5min
RSI_20_70_30__AND__RSI_20_80_20_REV,0,0,0,0,0,5min
RSI_20_70_30__AND__RSI_20_90_10_REV,0,0,0,0,0,5min
RSI_20_70_30__AND__RSI_25_70_30_REV,0,0,0,0,0,5min
RSI_20_70_30__AND__RSI_25_80_20_REV,0,0,0,0,0,5min
RSI_20_70_30__AND__RSI_25_90_10_REV,0,0,0,0,0,5min
RSI_20_70_30__AND__RSI_30_70_30_REV,0,0,0,0,0,5min
RSI_20_70_30__AND__RSI_30_80_20_REV,0,0,0,0,0,5min
RSI_20_70_30__AND__RSI_30_90_10_REV,0,0,0,0,0,5min
RSI_20_80_20__AND__RSI_20_90_10,0,0,0,0,0,5min
RSI_20_80_20__AND__RSI_25_70_30,0,0,0,0,0,5min
RSI_20_80_20__AND__RSI_25_80_20,0,0,0,0,0,5min
RSI_20_80_20__AND__RSI_25_90_10,0,0,0,0,0,5min
RSI_20_80_20__AND__RSI_30_70_30,0,0,0,0,0,5min
RSI_20_80_20__AND__RSI_30_80_20,0,0,0,0,0,5min
RSI_20_80_20__AND__RSI_30_90_10,0,0,0,0,0,5min
RSI_20_80_20__AND__MACD_4_8_3,0,0,0,0,0,5min
RSI_20_80_20__AND__MACD_8_16_6,0,0,0,0,0,5min
RSI_20_80_20__AND__MACD_12_24_9,0,0,0,0,0,5min
RSI_20_80_20__AND__MACD_12_26_9,0,0,0,0,0,5min
RSI_20_80_20__AND__MACD_16_32_12,0,0,0,0,0,5min
RSI_20_80_20__AND__MACD_20_40_15,0,0,0,0,0,5min
RSI_20_80_20__AND__MACD_24_48_18,0,0,0,0,0,5min
RSI_20_80_20__AND__Bollinger_5_1,0,0,0,0,0,5min
RSI_20_80_20__AND__Bollinger_5_1.5,0,0,0,0,0,5min
RSI_20_80_20__AND__Bollinger_5_2,0,0,0,0,0,5min
RSI_20_80_20__AND__Bollinger_10_1,0,0,0,0,0,5min
RSI_20_80_20__AND__Bollinger_10_1.5,0,0,0,0,0,5min
RSI_20_80_20__AND__Bollinger_10_2,0,0,0,0,0,5min
RSI_20_80_20__AND__Bollinger_15_1,0,0,0,0,0,5min
RSI_20_80_20__AND__Bollinger_15_1.5,0,0,0,0,0,5min
RSI_20_80_20__AND__Bollinger_15_2,0,0,0,0,0,5min
RSI_20_80_20__AND__Bollinger_20_1,0,0,0,0,0,5min
RSI_20_80_20__AND__Bollinger_20_1.5,0,0,0,0,0,5min
RSI_20_80_20__AND__Bollinger_20_2,0,0,0,0,0,5min
RSI_20_80_20__AND__Bollinger_25_1,0,0,0,0,0,5min
RSI_20_80_20__AND__Bollinger_25_1.5,0,0,0,0,0,5min
RSI_20_80_20__AND__Bollinger_25_2,0,0,0,0,0,5min
RSI_20_80_20__AND__Bollinger_30_1,0,0,0,0,0,5min
RSI_20_80_20__AND__Bollinger_30_1.5,0,0,0,0,0,5min
RSI_20_80_20__AND__Bollinger_30_2,0,0,0,0,0,5min
RSI_20_80_20__AND__EMA_5_13,0,0,0,0,0,5min
RSI_20_80_20__AND__EMA_9_21,0,0,0,0,0,5min
RSI_20_80_20__AND__EMA_12_28,0,0,0,0,0,5min
RSI_20_80_20__AND__EMA_15_35,0,0,0,0,0,5min
RSI_20_80_20__AND__EMA_18_42,0,0,0,0,0,5min
RSI_20_80_20__AND__EMA_21_49,0,0,0,0,0,5min
RSI_20_80_20__AND__EMA_24_56,0,0,0,0,0,5min
RSI_20_80_20__AND__EMA_27_63,0,0,0,0,0,5min
RSI_20_80_20__AND__EMA_30_70,0,0,0,0,0,5min
RSI_20_80_20__AND__ADX_14,0,0,0,0,0,5min
RSI_20_80_20__AND__ADX_20,0,0,0,0,0,5min
RSI_20_80_20__AND__Stoch_14_3,0,0,0,0,0,5min
RSI_20_80_20__AND__Stoch_14_5,0,0,0,0,0,5min
RSI_20_80_20__AND__RSI_5_70_30_REV,0,0,0,0,0,5min
RSI_20_80_20__AND__RSI_5_80_20_REV,0,0,0,0,0,5min
RSI_20_80_20__AND__RSI_5_90_10_REV,0,0,0,0,0,5min
RSI_20_80_20__AND__RSI_10_70_30_REV,0,0,0,0,0,5min
RSI_20_80_20__AND__RSI_10_80_20_REV,0,0,0,0,0,5min
RSI_20_80_20__AND__RSI_10_90_10_REV,0,0,0,0,0,5min
RSI_20_80_20__AND__RSI_14_70_30_REV,0,0,0,0,0,5min
RSI_20_80_20__AND__RSI_14_80_20_REV,0,0,0,0,0,5min
RSI_20_80_20__AND__RSI_14_90_10_REV,0,0,0,0,0,5min
RSI_20_80_20__AND__RSI_15_70_30_REV,0,0,0,0,0,5min
RSI_20_80_20__AND__RSI_15_80_20_REV,0,0,0,0,0,5min
RSI_20_80_20__AND__RSI_15_90_10_REV,0,0,0,0,0,5min
RSI_20_80_20__AND__RSI_20_70_30_REV,0,0,0,0,0,5min
RSI_20_80_20__AND__RSI_20_80_20_REV,0,0,0,0,0,5min
RSI_20_80_20__AND__RSI_20_90_10_REV,0,0,0,0,0,5min
RSI_20_80_20__AND__RSI_25_70_30_REV,0,0,0,0,0,5min
RSI_20_80_20__AND__RSI_25_80_20_REV,0,0,0,0,0,5min
RSI_20_80_20__AND__RSI_25_90_10_REV,0,0,0,0,0,5min
RSI_20_80_20__AND__RSI_30_70_30_REV,0,0,0,0,0,5min
RSI_20_80_20__AND__RSI_30_80_20_REV,0,0,0,0,0,5min
RSI_20_80_20__AND__RSI_30_90_10_REV,0,0,0,0,0,5min
RSI_20_90_10__AND__RSI_25_70_30,0,0,0,0,0,5min
RSI_20_90_10__AND__RSI_25_80_20,0,0,0,0,0,5min
RSI_20_90_10__AND__RSI_25_90_10,0,0,0,0,0,5min
RSI_20_90_10__AND__RSI_30_70_30,0,0,0,0,0,5min
RSI_20_90_10__AND__RSI_30_80_20,0,0,0,0,0,5min
RSI_20_90_10__AND__RSI_30_90_10,0,0,0,0,0,5min
RSI_20_90_10__AND__MACD_4_8_3,0,0,0,0,0,5min
RSI_20_90_10__AND__MACD_8_16_6,0,0,0,0,0,5min
RSI_20_90_10__AND__MACD_12_24_9,0,0,0,0,0,5min
RSI_20_90_10__AND__MACD_12_26_9,0,0,0,0,0,5min
RSI_20_90_10__AND__MACD_16_32_12,0,0,0,0,0,5min
RSI_20_90_10__AND__MACD_20_40_15,0,0,0,0,0,5min
RSI_20_90_10__AND__MACD_24_48_18,0,0,0,0,0,5min
RSI_20_90_10__AND__Bollinger_5_1,0,0,0,0,0,5min
RSI_20_90_10__AND__Bollinger_5_1.5,0,0,0,0,0,5min
RSI_20_90_10__AND__Bollinger_5_2,0,0,0,0,0,5min
RSI_20_90_10__AND__Bollinger_10_1,0,0,0,0,0,5min
RSI_20_90_10__AND__Bollinger_10_1.5,0,0,0,0,0,5min
RSI_20_90_10__AND__Bollinger_10_2,0,0,0,0,0,5min
RSI_20_90_10__AND__Bollinger_15_1,0,0,0,0,0,5min
RSI_20_90_10__AND__Bollinger_15_1.5,0,0,0,0,0,5min
RSI_20_90_10__AND__Bollinger_15_2,0,0,0,0,0,5min
RSI_20_90_10__AND__Bollinger_20_1,0,0,0,0,0,5min
RSI_20_90_10__AND__Bollinger_20_1.5,0,0,0,0,0,5min
RSI_20_90_10__AND__Bollinger_20_2,0,0,0,0,0,5min
RSI_20_90_10__AND__Bollinger_25_1,0,0,0,0,0,5min
RSI_20_90_10__AND__Bollinger_25_1.5,0,0,0,0,0,5min
RSI_20_90_10__AND__Bollinger_25_2,0,0,0,0,0,5min
RSI_20_90_10__AND__Bollinger_30_1,0,0,0,0,0,5min
RSI_20_90_10__AND__Bollinger_30_1.5,0,0,0,0,0,5min
RSI_20_90_10__AND__Bollinger_30_2,0,0,0,0,0,5min
RSI_20_90_10__AND__EMA_5_13,0,0,0,0,0,5min
RSI_20_90_10__AND__EMA_9_21,0,0,0,0,0,5min
RSI_20_90_10__AND__EMA_12_28,0,0,0,0,0,5min
RSI_20_90_10__AND__EMA_15_35,0,0,0,0,0,5min
RSI_20_90_10__AND__EMA_18_42,0,0,0,0,0,5min
RSI_20_90_10__AND__EMA_21_49,0,0,0,0,0,5min
RSI_20_90_10__AND__EMA_24_56,0,0,0,0,0,5min
RSI_20_90_10__AND__EMA_27_63,0,0,0,0,0,5min
RSI_20_90_10__AND__EMA_30_70,0,0,0,0,0,5min
RSI_20_90_10__AND__ADX_14,0,0,0,0,0,5min
RSI_20_90_10__AND__ADX_20,0,0,0,0,0,5min
RSI_20_90_10__AND__Stoch_14_3,0,0,0,0,0,5min
RSI_20_90_10__AND__Stoch_14_5,0,0,0,0,0,5min
RSI_20_90_10__AND__RSI_5_70_30_REV,0,0,0,0,0,5min
RSI_20_90_10__AND__RSI_5_80_20_REV,0,0,0,0,0,5min
RSI_20_90_10__AND__RSI_5_90_10_REV,0,0,0,0,0,5min
RSI_20_90_10__AND__RSI_10_70_30_REV,0,0,0,0,0,5min
RSI_20_90_10__AND__RSI_10_80_20_REV,0,0,0,0,0,5min
RSI_20_90_10__AND__RSI_10_90_10_REV,0,0,0,0,0,5min
RSI_20_90_10__AND__RSI_14_70_30_REV,0,0,0,0,0,5min
RSI_20_90_10__AND__RSI_14_80_20_REV,0,0,0,0,0,5min
RSI_20_90_10__AND__RSI_14_90_10_REV,0,0,0,0,0,5min
RSI_20_90_10__AND__RSI_15_70_30_REV,0,0,0,0,0,5min
RSI_20_90_10__AND__RSI_15_80_20_REV,0,0,0,0,0,5min
RSI_20_90_10__AND__RSI_15_90_10_REV,0,0,0,0,0,5min
RSI_20_90_10__AND__RSI_20_70_30_REV,0,0,0,0,0,5min
RSI_20_90_10__AND__RSI_20_80_20_REV,0,0,0,0,0,5min
RSI_20_90_10__AND__RSI_20_90_10_REV,0,0,0,0,0,5min
RSI_20_90_10__AND__RSI_25_70_30_REV,0,0,0,0,0,5min
RSI_20_90_10__AND__RSI_25_80_20_REV,0,0,0,0,0,5min
RSI_20_90_10__AND__RSI_25_90_10_REV,0,0,0,0,0,5min
RSI_20_90_10__AND__RSI_30_70_30_REV,0,0,0,0,0,5min
RSI_20_90_10__AND__RSI_30_80_20_REV,0,0,0,0,0,5min
RSI_20_90_10__AND__RSI_30_90_10_REV,0,0,0,0,0,5min
RSI_25_70_30__AND__RSI_25_80_20,0,0,0,0,0,5min
RSI_25_70_30__AND__RSI_25_90_10,0,0,0,0,0,5min
RSI_25_70_30__AND__RSI_30_70_30,0,0,0,0,0,5min
RSI_25_70_30__AND__RSI_30_80_20,0,0,0,0,0,5min
RSI_25_70_30__AND__RSI_30_90_10,0,0,0,0,0,5min
RSI_25_70_30__AND__MACD_8_16_6,0,0,0,0,0,5min
RSI_25_70_30__AND__MACD_12_24_9,0,0,0,0,0,5min
RSI_25_70_30__AND__MACD_12_26_9,0,0,0,0,0,5min
RSI_25_70_30__AND__MACD_16_32_12,0,0,0,0,0,5min
RSI_25_70_30__AND__MACD_20_40_15,0,0,0,0,0,5min
RSI_25_70_30__AND__MACD_24_48_18,0,0,0,0,0,5min
RSI_25_70_30__AND__Bollinger_5_1,0,0,0,0,0,5min
RSI_25_70_30__AND__Bollinger_5_1.5,0,0,0,0,0,5min
RSI_25_70_30__AND__Bollinger_5_2,0,0,0,0,0,5min
RSI_25_70_30__AND__Bollinger_10_1,0,0,0,0,0,5min
RSI_25_70_30__AND__Bollinger_10_1.5,0,0,0,0,0,5min
RSI_25_70_30__AND__Bollinger_10_2,0,0,0,0,0,5min
RSI_25_70_30__AND__Bollinger_15_1,0,0,0,0,0,5min
RSI_25_70_30__AND__Bollinger_15_1.5,0,0,0,0,0,5min
RSI_25_70_30__AND__Bollinger_15_2,0,0,0,0,0,5min
RSI_25_70_30__AND__Bollinger_20_1,0,0,0,0,0,5min
RSI_25_70_30__AND__Bollinger_20_1.5,0,0,0,0,0,5min
RSI_25_70_30__AND__Bollinger_20_2,0,0,0,0,0,5min
RSI_25_70_30__AND__Bollinger_25_1,0,0,0,0,0,5min
RSI_25_70_30__AND__Bollinger_25_1.5,0,0,0,0,0,5min
RSI_25_70_30__AND__Bollinger_25_2,0,0,0,0,0,5min
RSI_25_70_30__AND__Bollinger_30_1,0,0,0,0,0,5min
RSI_25_70_30__AND__Bollinger_30_1.5,0,0,0,0,0,5min
RSI_25_70_30__AND__Bollinger_30_2,0,0,0,0,0,5min
RSI_25_70_30__AND__EMA_21_49,0,0,0,0,0,5min
RSI_25_70_30__AND__ADX_14,0,0,0,0,0,5min
RSI_25_70_30__AND__ADX_20,0,0,0,0,0,5min
RSI_25_70_30__AND__Stoch_14_3,0,0,0,0,0,5min
RSI_25_70_30__AND__Stoch_14_5,0,0,0,0,0,5min
RSI_25_70_30__AND__RSI_5_70_30_REV,0,0,0,0,0,5min
RSI_25_70_30__AND__RSI_5_80_20_REV,0,0,0,0,0,5min
RSI_25_70_30__AND__RSI_5_90_10_REV,0,0,0,0,0,5min
RSI_25_70_30__AND__RSI_10_70_30_REV,0,0,0,0,0,5min
RSI_25_70_30__AND__RSI_10_80_20_REV,0,0,0,0,0,5min
RSI_25_70_30__AND__RSI_10_90_10_REV,0,0,0,0,0,5min
RSI_25_70_30__AND__RSI_14_70_30_REV,0,0,0,0,0,5min
RSI_25_70_30__AND__RSI_14_80_20_REV,0,0,0,0,0,5min
RSI_25_70_30__AND__RSI_14_90_10_REV,0,0,0,0,0,5min
RSI_25_70_30__AND__RSI_15_70_30_REV,0,0,0,0,0,5min
RSI_25_70_30__AND__RSI_15_80_20_REV,0,0,0,0,0,5min
RSI_25_70_30__AND__RSI_15_90_10_REV,0,0,0,0,0,5min
RSI_25_70_30__AND__RSI_20_70_30_REV,0,0,0,0,0,5min
RSI_25_70_30__AND__RSI_20_80_20_REV,0,0,0,0,0,5min
RSI_25_70_30__AND__RSI_20_90_10_REV,0,0,0,0,0,5min
RSI_25_70_30__AND__RSI_25_70_30_REV,0,0,0,0,0,5min
RSI_25_70_30__AND__RSI_25_80_20_REV,0,0,0,0,0,5min
RSI_25_70_30__AND__RSI_25_90_10_REV,0,0,0,0,0,5min
RSI_25_70_30__AND__RSI_30_70_30_REV,0,0,0,0,0,5min
RSI_25_70_30__AND__RSI_30_80_20_REV,0,0,0,0,0,5min
RSI_25_70_30__AND__RSI_30_90_10_REV,0,0,0,0,0,5min
RSI_25_80_20__AND__RSI_25_90_10,0,0,0,0,0,5min
RSI_25_80_20__AND__RSI_30_70_30,0,0,0,0,0,5min
RSI_25_80_20__AND__RSI_30_80_20,0,0,0,0,0,5min
RSI_25_80_20__AND__RSI_30_90_10,0,0,0,0,0,5min
RSI_25_80_20__AND__MACD_4_8_3,0,0,0,0,0,5min
RSI_25_80_20__AND__MACD_8_16_6,0,0,0,0,0,5min
RSI_25_80_20__AND__MACD_12_24_9,0,0,0,0,0,5min
RSI_25_80_20__AND__MACD_12_26_9,0,0,0,0,0,5min
RSI_25_80_20__AND__MACD_16_32_12,0,0,0,0,0,5min
RSI_25_80_20__AND__MACD_20_40_15,0,0,0,0,0,5min
RSI_25_80_20__AND__MACD_24_48_18,0,0,0,0,0,5min
RSI_25_80_20__AND__Bollinger_5_1,0,0,0,0,0,5min
RSI_25_80_20__AND__Bollinger_5_1.5,0,0,0,0,0,5min
RSI_25_80_20__AND__Bollinger_5_2,0,0,0,0,0,5min
RSI_25_80_20__AND__Bollinger_10_1,0,0,0,0,0,5min
RSI_25_80_20__AND__Bollinger_10_1.5,0,0,0,0,0,5min
RSI_25_80_20__AND__Bollinger_10_2,0,0,0,0,0,5min
RSI_25_80_20__AND__Bollinger_15_1,0,0,0,0,0,5min
RSI_25_80_20__AND__Bollinger_15_1.5,0,0,0,0,0,5min
RSI_25_80_20__AND__Bollinger_15_2,0,0,0,0,0,5min
RSI_25_80_20__AND__Bollinger_20_1,0,0,0,0,0,5min
RSI_25_80_20__AND__Bollinger_20_1.5,0,0,0,0,0,5min
RSI_25_80_20__AND__Bollinger_20_2,0,0,0,0,0,5min
RSI_25_80_20__AND__Bollinger_25_1,0,0,0,0,0,5min
RSI_25_80_20__AND__Bollinger_25_1.5,0,0,0,0,0,5min
RSI_25_80_20__AND__Bollinger_25_2,0,0,0,0,0,5min
RSI_25_80_20__AND__Bollinger_30_1,0,0,0,0,0,5min
RSI_25_80_20__AND__Bollinger_30_1.5,0,0,0,0,0,5min
RSI_25_80_20__AND__Bollinger_30_2,0,0,0,0,0,5min
RSI_25_80_20__AND__EMA_5_13,0,0,0,0,0,5min
RSI_25_80_20__AND__EMA_9_21,0,0,0,0,0,5min
RSI_25_80_20__AND__EMA_12_28,0,0,0,0,0,5min
RSI_25_80_20__AND__EMA_15_35,0,0,0,0,0,5min
RSI_25_80_20__AND__EMA_18_42,0,0,0,0,0,5min
RSI_25_80_20__AND__EMA_21_49,0,0,0,0,0,5min
RSI_25_80_20__AND__EMA_24_56,0,0,0,0,0,5min
RSI_25_80_20__AND__EMA_27_63,0,0,0,0,0,5min
RSI_25_80_20__AND__EMA_30_70,0,0,0,0,0,5min
RSI_25_80_20__AND__ADX_14,0,0,0,0,0,5min
RSI_25_80_20__AND__ADX_20,0,0,0,0,0,5min
RSI_25_80_20__AND__Stoch_14_3,0,0,0,0,0,5min
RSI_25_80_20__AND__Stoch_14_5,0,0,0,0,0,5min
RSI_25_80_20__AND__RSI_5_70_30_REV,0,0,0,0,0,5min
RSI_25_80_20__AND__RSI_5_80_20_REV,0,0,0,0,0,5min
RSI_25_80_20__AND__RSI_5_90_10_REV,0,0,0,0,0,5min
RSI_25_80_20__AND__RSI_10_70_30_REV,0,0,0,0,0,5min
RSI_25_80_20__AND__RSI_10_80_20_REV,0,0,0,0,0,5min
RSI_25_80_20__AND__RSI_10_90_10_REV,0,0,0,0,0,5min
RSI_25_80_20__AND__RSI_14_70_30_REV,0,0,0,0,0,5min
RSI_25_80_20__AND__RSI_14_80_20_REV,0,0,0,0,0,5min
RSI_25_80_20__AND__RSI_14_90_10_REV,0,0,0,0,0,5min
RSI_25_80_20__AND__RSI_15_70_30_REV,0,0,0,0,0,5min
RSI_25_80_20__AND__RSI_15_80_20_REV,0,0,0,0,0,5min
RSI_25_80_20__AND__RSI_15_90_10_REV,0,0,0,0,0,5min
RSI_25_80_20__AND__RSI_20_70_30_REV,0,0,0,0,0,5min
RSI_25_80_20__AND__RSI_20_80_20_REV,0,0,0,0,0,5min
RSI_25_80_20__AND__RSI_20_90_10_REV,0,0,0,0,0,5min
RSI_25_80_20__AND__RSI_25_70_30_REV,0,0,0,0,0,5min
RSI_25_80_20__AND__RSI_25_80_20_REV,0,0,0,0,0,5min
RSI_25_80_20__AND__RSI_25_90_10_REV,0,0,0,0,0,5min
RSI_25_80_20__AND__RSI_30_70_30_REV,0,0,0,0,0,5min
RSI_25_80_20__AND__RSI_30_80_20_REV,0,0,0,0,0,5min
RSI_25_80_20__AND__RSI_30_90_10_REV,0,0,0,0,0,5min
RSI_25_90_10__AND__RSI_30_70_30,0,0,0,0,0,5min
RSI_25_90_10__AND__RSI_30_80_20,0,0,0,0,0,5min
RSI_25_90_10__AND__RSI_30_90_10,0,0,0,0,0,5min
RSI_25_90_10__AND__MACD_4_8_3,0,0,0,0,0,5min
RSI_25_90_10__AND__MACD_8_16_6,0,0,0,0,0,5min
RSI_25_90_10__AND__MACD_12_24_9,0,0,0,0,0,5min
RSI_25_90_10__AND__MACD_12_26_9,0,0,0,0,0,5min
RSI_25_90_10__AND__MACD_16_32_12,0,0,0,0,0,5min
RSI_25_90_10__AND__MACD_20_40_15,0,0,0,0,0,5min
RSI_25_90_10__AND__MACD_24_48_18,0,0,0,0,0,5min
RSI_25_90_10__AND__Bollinger_5_1,0,0,0,0,0,5min
RSI_25_90_10__AND__Bollinger_5_1.5,0,0,0,0,0,5min
RSI_25_90_10__AND__Bollinger_5_2,0,0,0,0,0,5min
RSI_25_90_10__AND__Bollinger_10_1,0,0,0,0,0,5min
RSI_25_90_10__AND__Bollinger_10_1.5,0,0,0,0,0,5min
RSI_25_90_10__AND__Bollinger_10_2,0,0,0,0,0,5min
RSI_25_90_10__AND__Bollinger_15_1,0,0,0,0,0,5min
RSI_25_90_10__AND__Bollinger_15_1.5,0,0,0,0,0,5min
RSI_25_90_10__AND__Bollinger_15_2,0,0,0,0,0,5min
RSI_25_90_10__AND__Bollinger_20_1,0,0,0,0,0,5min
RSI_25_90_10__AND__Bollinger_20_1.5,0,0,0,0,0,5min
RSI_25_90_10__AND__Bollinger_20_2,0,0,0,0,0,5min
RSI_25_90_10__AND__Bollinger_25_1,0,0,0,0,0,5min
RSI_25_90_10__AND__Bollinger_25_1.5,0,0,0,0,0,5min
RSI_25_90_10__AND__Bollinger_25_2,0,0,0,0,0,5min
RSI_25_90_10__AND__Bollinger_30_1,0,0,0,0,0,5min
RSI_25_90_10__AND__Bollinger_30_1.5,0,0,0,0,0,5min
RSI_25_90_10__AND__Bollinger_30_2,0,0,0,0,0,5min
RSI_25_90_10__AND__EMA_5_13,0,0,0,0,0,5min
RSI_25_90_10__AND__EMA_9_21,0,0,0,0,0,5min
RSI_25_90_10__AND__EMA_12_28,0,0,0,0,0,5min
RSI_25_90_10__AND__EMA_15_35,0,0,0,0,0,5min
RSI_25_90_10__AND__EMA_18_42,0,0,0,0,0,5min
RSI_25_90_10__AND__EMA_21_49,0,0,0,0,0,5min
RSI_25_90_10__AND__EMA_24_56,0,0,0,0,0,5min
RSI_25_90_10__AND__EMA_27_63,0,0,0,0,0,5min
RSI_25_90_10__AND__EMA_30_70,0,0,0,0,0,5min
RSI_25_90_10__AND__ADX_14,0,0,0,0,0,5min
RSI_25_90_10__AND__ADX_20,0,0,0,0,0,5min
RSI_25_90_10__AND__Stoch_14_3,0,0,0,0,0,5min
RSI_25_90_10__AND__Stoch_14_5,0,0,0,0,0,5min
RSI_25_90_10__AND__RSI_5_70_30_REV,0,0,0,0,0,5min
RSI_25_90_10__AND__RSI_5_80_20_REV,0,0,0,0,0,5min
RSI_25_90_10__AND__RSI_5_90_10_REV,0,0,0,0,0,5min
RSI_25_90_10__AND__RSI_10_70_30_REV,0,0,0,0,0,5min
RSI_25_90_10__AND__RSI_10_80_20_REV,0,0,0,0,0,5min
RSI_25_90_10__AND__RSI_10_90_10_REV,0,0,0,0,0,5min
RSI_25_90_10__AND__RSI_14_70_30_REV,0,0,0,0,0,5min
RSI_25_90_10__AND__RSI_14_80_20_REV,0,0,0,0,0,5min
RSI_25_90_10__AND__RSI_14_90_10_REV,0,0,0,0,0,5min
RSI_25_90_10__AND__RSI_15_70_30_REV,0,0,0,0,0,5min
RSI_25_90_10__AND__RSI_15_80_20_REV,0,0,0,0,0,5min
RSI_25_90_10__AND__RSI_15_90_10_REV,0,0,0,0,0,5min
RSI_25_90_10__AND__RSI_20_70_30_REV,0,0,0,0,0,5min
RSI_25_90_10__AND__RSI_20_80_20_REV,0,0,0,0,0,5min
RSI_25_90_10__AND__RSI_20_90_10_REV,0,0,0,0,0,5min
RSI_25_90_10__AND__RSI_25_70_30_REV,0,0,0,0,0,5min
RSI_25_90_10__AND__RSI_25_80_20_REV,0,0,0,0,0,5min
RSI_25_90_10__AND__RSI_25_90_10_REV,0,0,0,0,0,5min
RSI_25_90_10__AND__RSI_30_70_30_REV,0,0,0,0,0,5min
RSI_25_90_10__AND__RSI_30_80_20_REV,0,0,0,0,0,5min
RSI_25_90_10__AND__RSI_30_90_10_REV,0,0,0,0,0,5min
RSI_30_70_30__AND__RSI_30_80_20,0,0,0,0,0,5min
RSI_30_70_30__AND__RSI_30_90_10,0,0,0,0,0,5min
RSI_30_70_30__AND__MACD_4_8_3,0,0,0,0,0,5min
RSI_30_70_30__AND__MACD_8_16_6,0,0,0,0,0,5min
RSI_30_70_30__AND__MACD_12_24_9,0,0,0,0,0,5min
RSI_30_70_30__AND__MACD_12_26_9,0,0,0,0,0,5min
RSI_30_70_30__AND__MACD_16_32_12,0,0,0,0,0,5min
RSI_30_70_30__AND__MACD_20_40_15,0,0,0,0,0,5min
RSI_30_70_30__AND__MACD_24_48_18,0,0,0,0,0,5min
RSI_30_70_30__AND__Bollinger_5_1,0,0,0,0,0,5min
RSI_30_70_30__AND__Bollinger_5_1.5,0,0,0,0,0,5min
RSI_30_70_30__AND__Bollinger_5_2,0,0,0,0,0,5min
RSI_30_70_30__AND__Bollinger_10_1,0,0,0,0,0,5min
RSI_30_70_30__AND__Bollinger_10_1.5,0,0,0,0,0,5min
RSI_30_70_30__AND__Bollinger_10_2,0,0,0,0,0,5min
RSI_30_70_30__AND__Bollinger_15_1,0,0,0,0,0,5min
RSI_30_70_30__AND__Bollinger_15_1.5,0,0,0,0,0,5min
RSI_30_70_30__AND__Bollinger_15_2,0,0,0,0,0,5min
RSI_30_70_30__AND__Bollinger_20_1,0,0,0,0,0,5min
RSI_30_70_30__AND__Bollinger_20_1.5,0,0,0,0,0,5min
RSI_30_70_30__AND__Bollinger_20_2,0,0,0,0,0,5min
RSI_30_70_30__AND__Bollinger_25_1,0,0,0,0,0,5min
RSI_30_70_30__AND__Bollinger_25_1.5,0,0,0,0,0,5min
RSI_30_70_30__AND__Bollinger_25_2,0,0,0,0,0,5min
RSI_30_70_30__AND__Bollinger_30_1,0,0,0,0,0,5min
RSI_30_70_30__AND__Bollinger_30_1.5,0,0,0,0,0,5min
RSI_30_70_30__AND__Bollinger_30_2,0,0,0,0,0,5min
RSI_30_70_30__AND__EMA_5_13,0,0,0,0,0,5min
RSI_30_70_30__AND__EMA_9_21,0,0,0,0,0,5min
RSI_30_70_30__AND__EMA_12_28,0,0,0,0,0,5min
RSI_30_70_30__AND__EMA_15_35,0,0,0,0,0,5min
RSI_30_70_30__AND__EMA_18_42,0,0,0,0,0,5min
RSI_30_70_30__AND__EMA_21_49,0,0,0,0,0,5min
RSI_30_70_30__AND__EMA_24_56,0,0,0,0,0,5min
RSI_30_70_30__AND__EMA_27_63,0,0,0,0,0,5min
RSI_30_70_30__AND__EMA_30_70,0,0,0,0,0,5min
RSI_30_70_30__AND__ADX_14,0,0,0,0,0,5min
RSI_30_70_30__AND__ADX_20,0,0,0,0,0,5min
RSI_30_70_30__AND__Stoch_14_3,0,0,0,0,0,5min
RSI_30_70_30__AND__Stoch_14_5,0,0,0,0,0,5min
RSI_30_70_30__AND__RSI_5_70_30_REV,0,0,0,0,0,5min
RSI_30_70_30__AND__RSI_5_80_20_REV,0,0,0,0,0,5min
RSI_30_70_30__AND__RSI_5_90_10_REV,0,0,0,0,0,5min
RSI_30_70_30__AND__RSI_10_70_30_REV,0,0,0,0,0,5min
RSI_30_70_30__AND__RSI_10_80_20_REV,0,0,0,0,0,5min
RSI_30_70_30__AND__RSI_10_90_10_REV,0,0,0,0,0,5min
RSI_30_70_30__AND__RSI_14_70_30_REV,0,0,0,0,0,5min
RSI_30_70_30__AND__RSI_14_80_20_REV,0,0,0,0,0,5min
RSI_30_70_30__AND__RSI_14_90_10_REV,0,0,0,0,0,5min
RSI_30_70_30__AND__RSI_15_70_30_REV,0,0,0,0,0,5min
RSI_30_70_30__AND__RSI_15_80_20_REV,0,0,0,0,0,5min
RSI_30_70_30__AND__RSI_15_90_10_REV,0,0,0,0,0,5min
RSI_30_70_30__AND__RSI_20_70_30_REV,0,0,0,0,0,5min
RSI_30_70_30__AND__RSI_20_80_20_REV,0,0,0,0,0,5min
RSI_30_70_30__AND__RSI_20_90_10_REV,0,0,0,0,0,5min
RSI_30_70_30__AND__RSI_25_70_30_REV,0,0,0,0,0,5min
RSI_30_70_30__AND__RSI_25_80_20_REV,0,0,0,0,0,5min
RSI_30_70_30__AND__RSI_25_90_10_REV,0,0,0,0,0,5min
RSI_30_70_30__AND__RSI_30_70_30_REV,0,0,0,0,0,5min
RSI_30_70_30__AND__RSI_30_80_20_REV,0,0,0,0,0,5min
RSI_30_70_30__AND__RSI_30_90_10_REV,0,0,0,0,0,5min
RSI_30_80_20__AND__RSI_30_90_10,0,0,0,0,0,5min
RSI_30_80_20__AND__MACD_4_8_3,0,0,0,0,0,5min
RSI_30_80_20__AND__MACD_8_16_6,0,0,0,0,0,5min
RSI_30_80_20__AND__MACD_12_24_9,0,0,0,0,0,5min
RSI_30_80_20__AND__MACD_12_26_9,0,0,0,0,0,5min
RSI_30_80_20__AND__MACD_16_32_12,0,0,0,0,0,5min
RSI_30_80_20__AND__MACD_20_40_15,0,0,0,0,0,5min
RSI_30_80_20__AND__MACD_24_48_18,0,0,0,0,0,5min
RSI_30_80_20__AND__Bollinger_5_1,0,0,0,0,0,5min
RSI_30_80_20__AND__Bollinger_5_1.5,0,0,0,0,0,5min
RSI_30_80_20__AND__Bollinger_5_2,0,0,0,0,0,5min
RSI_30_80_20__AND__Bollinger_10_1,0,0,0,0,0,5min
RSI_30_80_20__AND__Bollinger_10_1.5,0,0,0,0,0,5min
RSI_30_80_20__AND__Bollinger_10_2,0,0,0,0,0,5min
RSI_30_80_20__AND__Bollinger_15_1,0,0,0,0,0,5min
RSI_30_80_20__AND__Bollinger_15_1.5,0,0,0,0,0,5min
RSI_30_80_20__AND__Bollinger_15_2,0,0,0,0,0,5min
RSI_30_80_20__AND__Bollinger_20_1,0,0,0,0,0,5min
RSI_30_80_20__AND__Bollinger_20_1.5,0,0,0,0,0,5min
RSI_30_80_20__AND__Bollinger_20_2,0,0,0,0,0,5min
RSI_30_80_20__AND__Bollinger_25_1,0,0,0,0,0,5min
RSI_30_80_20__AND__Bollinger_25_1.5,0,0,0,0,0,5min
RSI_30_80_20__AND__Bollinger_25_2,0,0,0,0,0,5min
RSI_30_80_20__AND__Bollinger_30_1,0,0,0,0,0,5min
RSI_30_80_20__AND__Bollinger_30_1.5,0,0,0,0,0,5min
RSI_30_80_20__AND__Bollinger_30_2,0,0,0,0,0,5min
RSI_30_80_20__AND__EMA_5_13,0,0,0,0,0,5min
RSI_30_80_20__AND__EMA_9_21,0,0,0,0,0,5min
RSI_30_80_20__AND__EMA_12_28,0,0,0,0,0,5min
RSI_30_80_20__AND__EMA_15_35,0,0,0,0,0,5min
RSI_30_80_20__AND__EMA_18_42,0,0,0,0,0,5min
RSI_30_80_20__AND__EMA_21_49,0,0,0,0,0,5min
RSI_30_80_20__AND__EMA_24_56,0,0,0,0,0,5min
RSI_30_80_20__AND__EMA_27_63,0,0,0,0,0,5min
RSI_30_80_20__AND__EMA_30_70,0,0,0,0,0,5min
RSI_30_80_20__AND__ADX_14,0,0,0,0,0,5min
RSI_30_80_20__AND__ADX_20,0,0,0,0,0,5min
RSI_30_80_20__AND__Stoch_14_3,0,0,0,0,0,5min
RSI_30_80_20__AND__Stoch_14_5,0,0,0,0,0,5min
RSI_30_80_20__AND__RSI_5_70_30_REV,0,0,0,0,0,5min
RSI_30_80_20__AND__RSI_5_80_20_REV,0,0,0,0,0,5min
RSI_30_80_20__AND__RSI_5_90_10_REV,0,0,0,0,0,5min
RSI_30_80_20__AND__RSI_10_70_30_REV,0,0,0,0,0,5min
RSI_30_80_20__AND__RSI_10_80_20_REV,0,0,0,0,0,5min
RSI_30_80_20__AND__RSI_10_90_10_REV,0,0,0,0,0,5min
RSI_30_80_20__AND__RSI_14_70_30_REV,0,0,0,0,0,5min
RSI_30_80_20__AND__RSI_14_80_20_REV,0,0,0,0,0,5min
RSI_30_80_20__AND__RSI_14_90_10_REV,0,0,0,0,0,5min
RSI_30_80_20__AND__RSI_15_70_30_REV,0,0,0,0,0,5min
RSI_30_80_20__AND__RSI_15_80_20_REV,0,0,0,0,0,5min
RSI_30_80_20__AND__RSI_15_90_10_REV,0,0,0,0,0,5min
RSI_30_80_20__AND__RSI_20_70_30_REV,0,0,0,0,0,5min
RSI_30_80_20__AND__RSI_20_80_20_REV,0,0,0,0,0,5min
RSI_30_80_20__AND__RSI_20_90_10_REV,0,0,0,0,0,5min
RSI_30_80_20__AND__RSI_25_70_30_REV,0,0,0,0,0,5min
RSI_30_80_20__AND__RSI_25_80_20_REV,0,0,0,0,0,5min
RSI_30_80_20__AND__RSI_25_90_10_REV,0,0,0,0,0,5min
RSI_30_80_20__AND__RSI_30_70_30_REV,0,0,0,0,0,5min
RSI_30_80_20__AND__RSI_30_80_20_REV,0,0,0,0,0,5min
RSI_30_80_20__AND__RSI_30_90_10_REV,0,0,0,0,0,5min
RSI_30_90_10__AND__MACD_4_8_3,0,0,0,0,0,5min
RSI_30_90_10__AND__MACD_8_16_6,0,0,0,0,0,5min
RSI_30_90_10__AND__MACD_12_24_9,0,0,0,0,0,5min
RSI_30_90_10__AND__MACD_12_26_9,0,0,0,0,0,5min
RSI_30_90_10__AND__MACD_16_32_12,0,0,0,0,0,5min
RSI_30_90_10__AND__MACD_20_40_15,0,0,0,0,0,5min
RSI_30_90_10__AND__MACD_24_48_18,0,0,0,0,0,5min
RSI_30_90_10__AND__Bollinger_5_1,0,0,0,0,0,5min
RSI_30_90_10__AND__Bollinger_5_1.5,0,0,0,0,0,5min
RSI_30_90_10__AND__Bollinger_5_2,0,0,0,0,0,5min
RSI_30_90_10__AND__Bollinger_10_1,0,0,0,0,0,5min
RSI_30_90_10__AND__Bollinger_10_1.5,0,0,0,0,0,5min
RSI_30_90_10__AND__Bollinger_10_2,0,0,0,0,0,5min
RSI_30_90_10__AND__Bollinger_15_1,0,0,0,0,0,5min
RSI_30_90_10__AND__Bollinger_15_1.5,0,0,0,0,0,5min
RSI_30_90_10__AND__Bollinger_15_2,0,0,0,0,0,5min
RSI_30_90_10__AND__Bollinger_20_1,0,0,0,0,0,5min
RSI_30_90_10__AND__Bollinger_20_1.5,0,0,0,0,0,5min
RSI_30_90_10__AND__Bollinger_20_2,0,0,0,0,0,5min
RSI_30_90_10__AND__Bollinger_25_1,0,0,0,0,0,5min
RSI_30_90_10__AND__Bollinger_25_1.5,0,0,0,0,0,5min
RSI_30_90_10__AND__Bollinger_25_2,0,0,0,0,0,5min
RSI_30_90_10__AND__Bollinger_30_1,0,0,0,0,0,5min
RSI_30_90_10__AND__Bollinger_30_1.5,0,0,0,0,0,5min
RSI_30_90_10__AND__Bollinger_30_2,0,0,0,0,0,5min
RSI_30_90_10__AND__EMA_5_13,0,0,0,0,0,5min
RSI_30_90_10__AND__EMA_9_21,0,0,0,0,0,5min
RSI_30_90_10__AND__EMA_12_28,0,0,0,0,0,5min
RSI_30_90_10__AND__EMA_15_35,0,0,0,0,0,5min
RSI_30_90_10__AND__EMA_18_42,0,0,0,0,0,5min
RSI_30_90_10__AND__EMA_21_49,0,0,0,0,0,5min
RSI_30_90_10__AND__EMA_24_56,0,0,0,0,0,5min
RSI_30_90_10__AND__EMA_27_63,0,0,0,0,0,5min
RSI_30_90_10__AND__EMA_30_70,0,0,0,0,0,5min
RSI_30_90_10__AND__ADX_14,0,0,0,0,0,5min
RSI_30_90_10__AND__ADX_20,0,0,0,0,0,5min
RSI_30_90_10__AND__Stoch_14_3,0,0,0,0,0,5min
RSI_30_90_10__AND__Stoch_14_5,0,0,0,0,0,5min
RSI_30_90_10__AND__RSI_5_70_30_REV,0,0,0,0,0,5min
RSI_30_90_10__AND__RSI_5_80_20_REV,0,0,0,0,0,5min
RSI_30_90_10__AND__RSI_5_90_10_REV,0,0,0,0,0,5min
RSI_30_90_10__AND__RSI_10_70_30_REV,0,0,0,0,0,5min
RSI_30_90_10__AND__RSI_10_80_20_REV,0,0,0,0,0,5min
RSI_30_90_10__AND__RSI_10_90_10_REV,0,0,0,0,0,5min
RSI_30_90_10__AND__RSI_14_70_30_REV,0,0,0,0,0,5min
RSI_30_90_10__AND__RSI_14_80_20_REV,0,0,0,0,0,5min
RSI_30_90_10__AND__RSI_14_90_10_REV,0,0,0,0,0,5min
RSI_30_90_10__AND__RSI_15_70_30_REV,0,0,0,0,0,5min
RSI_30_90_10__AND__RSI_15_80_20_REV,0,0,0,0,0,5min
RSI_30_90_10__AND__RSI_15_90_10_REV,0,0,0,0,0,5min
RSI_30_90_10__AND__RSI_20_70_30_REV,0,0,0,0,0,5min
RSI_30_90_10__AND__RSI_20_80_20_REV,0,0,0,0,0,5min
RSI_30_90_10__AND__RSI_20_90_10_REV,0,0,0,0,0,5min
RSI_30_90_10__AND__RSI_25_70_30_REV,0,0,0,0,0,5min
RSI_30_90_10__AND__RSI_25_80_20_REV,0,0,0,0,0,5min
RSI_30_90_10__AND__RSI_25_90_10_REV,0,0,0,0,0,5min
RSI_30_90_10__AND__RSI_30_70_30_REV,0,0,0,0,0,5min
RSI_30_90_10__AND__RSI_30_80_20_REV,0,0,0,0,0,5min
RSI_30_90_10__AND__RSI_30_90_10_REV,0,0,0,0,0,5min
MACD_4_8_3__AND__Bollinger_5_1.5,0,11,1,11,0,5min
MACD_4_8_3__AND__Bollinger_5_2,0,0,0,0,0,5min
MACD_4_8_3__AND__Bollinger_10_2,0,7,0,7,0,5min
MACD_4_8_3__AND__Bollinger_15_2,0,7,0,7,0,5min
MACD_4_8_3__AND__EMA_27_63,0,4,1,4,0,5min
MACD_4_8_3__AND__EMA_30_70,0,1,0,1,0,5min
MACD_4_8_3__AND__Stoch_14_3,0,0,0,0,0,5min
MACD_4_8_3__AND__Stoch_14_5,0,0,0,0,0,5min
MACD_4_8_3__AND__RSI_10_80_20_REV,0,7,0,7,0,5min
MACD_4_8_3__AND__RSI_10_90_10_REV,0,0,0,0,0,5min
MACD_4_8_3__AND__RSI_14_80_20_REV,0,3,0,3,0,5min
MACD_4_8_3__AND__RSI_14_90_10_REV,0,0,0,0,0,5min
MACD_4_8_3__AND__RSI_15_70_30_REV,0,8,0,8,0,5min
MACD_4_8_3__AND__RSI_15_80_20_REV,0,2,0,2,0,5min
MACD_4_8_3__AND__RSI_15_90_10_REV,0,0,0,0,0,5min
MACD_4_8_3__AND__RSI_20_70_30_REV,0,4,0,4,0,5min
MACD_4_8_3__AND__RSI_20_80_20_REV,0,0,0,0,0,5min
MACD_4_8_3__AND__RSI_20_90_10_REV,0,0,0,0,0,5min
MACD_4_8_3__AND__RSI_25_70_30_REV,0,0,0,0,0,5min
MACD_4_8_3__AND__RSI_25_80_20_REV,0,0,0,0,0,5min
MACD_4_8_3__AND__RSI_25_90_10_REV,0,0,0,0,0,5min
MACD_4_8_3__AND__RSI_30_70_30_REV,0,0,0,0,0,5min
MACD_4_8_3__AND__RSI_30_80_20_REV,0,0,0,0,0,5min
MACD_4_8_3__AND__RSI_30_90_10_REV,0,0,0,0,0,5min
MACD_8_16_6__AND__MACD_24_48_18,0,5,1,5,0,5min
MACD_8_16_6__AND__Bollinger_5_1.5,0,8,0,8,0,5min
MACD_8_16_6__AND__Bollinger_5_2,0,0,0,0,0,5min
MACD_8_16_6__AND__Bollinger_10_2,0,7,0,7,0,5min
MACD_8_16_6__AND__Bollinger_15_2,0,7,0,7,0,5min
MACD_8_16_6__AND__EMA_30_70,0,2,1,2,0,5min
MACD_8_16_6__AND__Stoch_14_3,0,0,0,0,0,5min
MACD_8_16_6__AND__Stoch_14_5,0,0,0,0,0,5min
MACD_8_16_6__AND__RSI_10_80_20_REV,0,6,1,6,0,5min
MACD_8_16_6__AND__RSI_10_90_10_REV,0,0,0,0,0,5min
MACD_8_16_6__AND__RSI_14_80_20_REV,0,4,1,4,0,5min
MACD_8_16_6__AND__RSI_14_90_10_REV,0,0,0,0,0,5min
MACD_8_16_6__AND__RSI_15_70_30_REV,0,7,1,7,0,5min
MACD_8_16_6__AND__RSI_15_80_20_REV,0,3,1,3,0,5min
MACD_8_16_6__AND__RSI_15_90_10_REV,0,0,0,0,0,5min
MACD_8_16_6__AND__RSI_20_70_30_REV,0,4,1,4,0,5min
MACD_8_16_6__AND__RSI_20_80_20_REV,0,0,0,0,0,5min
MACD_8_16_6__AND__RSI_20_90_10_REV,0,0,0,0,0,5min
MACD_8_16_6__AND__RSI_25_70_30_REV,0,0,0,0,0,5min
MACD_8_16_6__AND__RSI_25_80_20_REV,0,0,0,0,0,5min
MACD_8_16_6__AND__RSI_25_90_10_REV,0,0,0,0,0,5min
MACD_8_16_6__AND__RSI_30_70_30_REV,0,0,0,0,0,5min
MACD_8_16_6__AND__RSI_30_80_20_REV,0,0,0,0,0,5min
MACD_8_16_6__AND__RSI_30_90_10_REV,0,0,0,0,0,5min
MACD_12_24_9__AND__MACD_24_48_18,0,5,1,5,0,5min
MACD_12_24_9__AND__Bollinger_5_1.5,0,5,0,5,0,5min
MACD_12_24_9__AND__Bollinger_5_2,0,0,0,0,0,5min
MACD_12_24_9__AND__Bollinger_10_2,0,6,0,6,0,5min
MACD_12_24_9__AND__Bollinger_15_2,0,5,0,5,0,5min
MACD_12_24_9__AND__EMA_30_70,0,2,1,2,0,5min
MACD_12_24_9__AND__Stoch_14_3,0,0,0,0,0,5min
MACD_12_24_9__AND__Stoch_14_5,0,0,0,0,0,5min
MACD_12_24_9__AND__RSI_10_80_20_REV,0,6,1,6,0,5min
MACD_12_24_9__AND__RSI_10_90_10_REV,0,0,0,0,0,5min
MACD_12_24_9__AND__RSI_14_80_20_REV,0,4,1,4,0,5min
MACD_12_24_9__AND__RSI_14_90_10_REV,0,0,0,0,0,5min
MACD_12_24_9__AND__RSI_15_70_30_REV,0,7,1,7,0,5min
MACD_12_24_9__AND__RSI_15_80_20_REV,0,3,1,3,0,5min
MACD_12_24_9__AND__RSI_15_90_10_REV,0,0,0,0,0,5min
MACD_12_24_9__AND__RSI_20_70_30_REV,0,4,1,4,0,5min
MACD_12_24_9__AND__RSI_20_80_20_REV,0,0,0,0,0,5min
MACD_12_24_9__AND__RSI_20_90_10_REV,0,0,0,0,0,5min
MACD_12_24_9__AND__RSI_25_70_30_REV,0,0,0,0,0,5min
MACD_12_24_9__AND__RSI_25_80_20_REV,0,0,0,0,0,5min
MACD_12_24_9__AND__RSI_25_90_10_REV,0,0,0,0,0,5min
MACD_12_24_9__AND__RSI_30_70_30_REV,0,0,0,0,0,5min
MACD_12_24_9__AND__RSI_30_80_20_REV,0,0,0,0,0,5min
MACD_12_24_9__AND__RSI_30_90_10_REV,0,0,0,0,0,5min
MACD_12_26_9__AND__MACD_24_48_18,0,5,1,5,0,5min
MACD_12_26_9__AND__Bollinger_5_1.5,0,4,0,4,0,5min
MACD_12_26_9__AND__Bollinger_5_2,0,0,0,0,0,5min
MACD_12_26_9__AND__Bollinger_10_2,0,6,0,6,0,5min
MACD_12_26_9__AND__Bollinger_15_2,0,5,0,5,0,5min
MACD_12_26_9__AND__EMA_30_70,0,2,1,2,0,5min
MACD_12_26_9__AND__Stoch_14_3,0,0,0,0,0,5min
MACD_12_26_9__AND__Stoch_14_5,0,0,0,0,0,5min
MACD_12_26_9__AND__RSI_5_90_10_REV,0,6,0,6,0,5min
MACD_12_26_9__AND__RSI_10_80_20_REV,0,6,1,6,0,5min
MACD_12_26_9__AND__RSI_10_90_10_REV,0,0,0,0,0,5min
MACD_12_26_9__AND__RSI_14_80_20_REV,0,4,1,4,0,5min
MACD_12_26_9__AND__RSI_14_90_10_REV,0,0,0,0,0,5min
MACD_12_26_9__AND__RSI_15_70_30_REV,0,7,1,7,0,5min
MACD_12_26_9__AND__RSI_15_80_20_REV,0,3,1,3,0,5min
MACD_12_26_9__AND__RSI_15_90_10_REV,0,0,0,0,0,5min
MACD_12_26_9__AND__RSI_20_70_30_REV,0,4,1,4,0,5min
MACD_12_26_9__AND__RSI_20_80_20_REV,0,0,0,0,0,5min
MACD_12_26_9__AND__RSI_20_90_10_REV,0,0,0,0,0,5min
MACD_12_26_9__AND__RSI_25_70_30_REV,0,0,0,0,0,5min
MACD_12_26_9__AND__RSI_25_80_20_REV,0,0,0,0,0,5min
MACD_12_26_9__AND__RSI_25_90_10_REV,0,0,0,0,0,5min
MACD_12_26_9__AND__RSI_30_70_30_REV,0,0,0,0,0,5min
MACD_12_26_9__AND__RSI_30_80_20_REV,0,0,0,0,0,5min
MACD_12_26_9__AND__RSI_30_90_10_REV,0,0,0,0,0,5min
MACD_16_32_12__AND__MACD_24_48_18,0,5,1,5,0,5min
MACD_16_32_12__AND__Bollinger_5_1,0,6,0,6,0,5min
MACD_16_32_12__AND__Bollinger_5_1.5,0,4,0,4,0,5min
MACD_16_32_12__AND__Bollinger_5_2,0,0,0,0,0,5min
MACD_16_32_12__AND__Bollinger_10_2,0,5,0,5,0,5min
MACD_16_32_12__AND__Bollinger_15_2,0,5,0,5,0,5min
MACD_16_32_12__AND__EMA_30_70,0,2,1,2,0,5min
MACD_16_32_12__AND__Stoch_14_3,0,0,0,0,0,5min
MACD_16_32_12__AND__Stoch_14_5,0,0,0,0,0,5min
MACD_16_32_12__AND__RSI_5_80_20_REV,0,8,0,8,0,5min
MACD_16_32_12__AND__RSI_5_90_10_REV,0,4,0,4,0,5min
MACD_16_32_12__AND__RSI_10_80_20_REV,0,6,1,6,0,5min
MACD_16_32_12__AND__RSI_10_90_10_REV,0,0,0,0,0,5min
MACD_16_32_12__AND__RSI_14_80_20_REV,0,4,1,4,0,5min
MACD_16_32_12__AND__RSI_14_90_10_REV,0,0,0,0,0,5min
MACD_16_32_12__AND__RSI_15_70_30_REV,0,6,1,6,0,5min
MACD_16_32_12__AND__RSI_15_80_20_REV,0,3,1,3,0,5min
MACD_16_32_12__AND__RSI_15_90_10_REV,0,0,0,0,0,5min
MACD_16_32_12__AND__RSI_20_70_30_REV,0,4,1,4,0,5min
MACD_16_32_12__AND__RSI_20_80_20_REV,0,0,0,0,0,5min
MACD_16_32_12__AND__RSI_20_90_10_REV,0,0,0,0,0,5min
MACD_16_32_12__AND__RSI_25_70_30_REV,0,0,0,0,0,5min
MACD_16_32_12__AND__RSI_25_80_20_REV,0,0,0,0,0,5min
MACD_16_32_12__AND__RSI_25_90_10_REV,0,0,0,0,0,5min
MACD_16_32_12__AND__RSI_30_70_30_REV,0,0,0,0,0,5min
MACD_16_32_12__AND__RSI_30_80_20_REV,0,0,0,0,0,5min
MACD_16_32_12__AND__RSI_30_90_10_REV,0,0,0,0,0,5min
MACD_20_40_15__AND__Bollinger_5_1,0,6,0,6,0,5min
MACD_20_40_15__AND__Bollinger_5_1.5,0,3,0,3,0,5min
MACD_20_40_15__AND__Bollinger_5_2,0,0,0,0,0,5min
MACD_20_40_15__AND__Bollinger_10_2,0,4,0,4,0,5min
MACD_20_40_15__AND__Bollinger_15_2,0,5,0,5,0,5min
MACD_20_40_15__AND__EMA_30_70,0,2,1,2,0,5min
MACD_20_40_15__AND__ADX_14,0,5,1,5,0,5min
MACD_20_40_15__AND__ADX_20,0,5,1,5,0,5min
MACD_20_40_15__AND__Stoch_14_3,0,0,0,0,0,5min
MACD_20_40_15__AND__Stoch_14_5,0,0,0,0,0,5min
MACD_20_40_15__AND__RSI_5_80_20_REV,0,7,0,7,0,5min
MACD_20_40_15__AND__RSI_5_90_10_REV,0,4,0,4,0,5min
MACD_20_40_15__AND__RSI_10_80_20_REV,0,6,1,6,0,5min
MACD_20_40_15__AND__RSI_10_90_10_REV,0,0,0,0,0,5min
MACD_20_40_15__AND__RSI_14_80_20_REV,0,4,1,4,0,5min
MACD_20_40_15__AND__RSI_14_90_10_REV,0,0,0,0,0,5min
MACD_20_40_15__AND__RSI_15_70_30_REV,0,6,1,6,0,5min
MACD_20_40_15__AND__RSI_15_80_20_REV,0,3,1,3,0,5min
MACD_20_40_15__AND__RSI_15_90_10_REV,0,0,0,0,0,5min
MACD_20_40_15__AND__RSI_20_70_30_REV,0,4,1,4,0,5min
MACD_20_40_15__AND__RSI_20_80_20_REV,0,0,0,0,0,5min
MACD_20_40_15__AND__RSI_20_90_10_REV,0,0,0,0,0,5min
MACD_20_40_15__AND__RSI_25_70_30_REV,0,0,0,0,0,5min
MACD_20_40_15__AND__RSI_25_80_20_REV,0,0,0,0,0,5min
MACD_20_40_15__AND__RSI_25_90_10_REV,0,0,0,0,0,5min
MACD_20_40_15__AND__RSI_30_70_30_REV,0,0,0,0,0,5min
MACD_20_40_15__AND__RSI_30_80_20_REV,0,0,0,0,0,5min
MACD_20_40_15__AND__RSI_30_90_10_REV,0,0,0,0,0,5min
MACD_24_48_18__AND__Bollinger_5_1,0,4,0,4,0,5min
MACD_24_48_18__AND__Bollinger_5_1.5,0,2,0,2,0,5min
MACD_24_48_18__AND__Bollinger_5_2,0,0,0,0,0,5min
MACD_24_48_18__AND__Bollinger_10_1,0,5,0,5,0,5min
MACD_24_48_18__AND__Bollinger_10_1.5,0,3,0,3,0,5min
MACD_24_48_18__AND__Bollinger_10_2,0,2,0,2,0,5min
MACD_24_48_18__AND__Bollinger_15_1,0,5,1,5,0,5min
MACD_24_48_18__AND__Bollinger_15_1.5,0,4,0,4,0,5min
MACD_24_48_18__AND__Bollinger_15_2,0,3,0,3,0,5min
MACD_24_48_18__AND__Bollinger_20_1,0,5,1,5,0,5min
MACD_24_48_18__AND__Bollinger_20_1.5,0,5,0,5,0,5min
MACD_24_48_18__AND__Bollinger_20_2,0,3,0,3,0,5min
MACD_24_48_18__AND__Bollinger_25_1,0,5,1,5,0,5min
MACD_24_48_18__AND__Bollinger_25_1.5,0,5,1,5,0,5min
MACD_24_48_18__AND__Bollinger_25_2,0,5,0,5,0,5min
MACD_24_48_18__AND__Bollinger_30_1,0,5,1,5,0,5min
MACD_24_48_18__AND__Bollinger_30_1.5,0,5,1,5,0,5min
MACD_24_48_18__AND__Bollinger_30_2,0,5,0,5,0,5min
MACD_24_48_18__AND__EMA_12_28,0,3,1,3,0,5min
MACD_24_48_18__AND__EMA_18_42,0,1,1,1,0,5min
MACD_24_48_18__AND__EMA_30_70,0,2,1,2,0,5min
MACD_24_48_18__AND__ADX_14,0,5,1,5,0,5min
MACD_24_48_18__AND__ADX_20,0,5,1,5,0,5min
MACD_24_48_18__AND__Stoch_14_3,0,0,0,0,0,5min
MACD_24_48_18__AND__Stoch_14_5,0,0,0,0,0,5min
MACD_24_48_18__AND__RSI_5_70_30_REV,0,6,0,6,0,5min
MACD_24_48_18__AND__RSI_5_80_20_REV,0,5,0,5,0,5min
MACD_24_48_18__AND__RSI_5_90_10_REV,0,3,0,3,0,5min
MACD_24_48_18__AND__RSI_10_70_30_REV,0,5,1,5,0,5min
MACD_24_48_18__AND__RSI_10_80_20_REV,0,5,1,5,0,5min
MACD_24_48_18__AND__RSI_10_90_10_REV,0,0,0,0,0,5min
MACD_24_48_18__AND__RSI_14_70_30_REV,0,5,1,5,0,5min
MACD_24_48_18__AND__RSI_14_80_20_REV,0,4,1,4,0,5min
MACD_24_48_18__AND__RSI_14_90_10_REV,0,0,0,0,0,5min
MACD_24_48_18__AND__RSI_15_70_30_REV,0,5,1,5,0,5min
MACD_24_48_18__AND__RSI_15_80_20_REV,0,3,1,3,0,5min
MACD_24_48_18__AND__RSI_15_90_10_REV,0,0,0,0,0,5min
MACD_24_48_18__AND__RSI_20_70_30_REV,0,4,1,4,0,5min
MACD_24_48_18__AND__RSI_20_80_20_REV,0,0,0,0,0,5min
MACD_24_48_18__AND__RSI_20_90_10_REV,0,0,0,0,0,5min
MACD_24_48_18__AND__RSI_25_70_30_REV,0,0,0,0,0,5min
MACD_24_48_18__AND__RSI_25_80_20_REV,0,0,0,0,0,5min
MACD_24_48_18__AND__RSI_25_90_10_REV,0,0,0,0,0,5min
MACD_24_48_18__AND__RSI_30_70_30_REV,0,0,0,0,0,5min
MACD_24_48_18__AND__RSI_30_80_20_REV,0,0,0,0,0,5min
MACD_24_48_18__AND__RSI_30_90_10_REV,0,0,0,0,0,5min
Bollinger_5_1__AND__Bollinger_5_1.5,0,12,1,12,0,5min
Bollinger_5_1__AND__Bollinger_5_2,0,0,0,0,0,5min
Bollinger_5_1__AND__Bollinger_10_1,0,21,0,21,0,5min
Bollinger_5_1__AND__Bollinger_10_1.5,0,11,0,11,0,5min
Bollinger_5_1__AND__Bollinger_10_2,0,7,0,7,0,5min
Bollinger_5_1__AND__Bollinger_15_1.5,0,9,0,9,0,5min
Bollinger_5_1__AND__Bollinger_15_2,0,6,0,6,0,5min
Bollinger_5_1__AND__Bollinger_20_1.5,0,8,0,8,0,5min
Bollinger_5_1__AND__Bollinger_20_2,0,6,0,6,0,5min
Bollinger_5_1__AND__Bollinger_25_2,0,6,0,6,0,5min
Bollinger_5_1__AND__Bollinger_30_2,0,5,0,5,0,5min
Bollinger_5_1__AND__EMA_15_35,0,6,0,6,0,5min
Bollinger_5_1__AND__EMA_18_42,0,3,0,3,0,5min
Bollinger_5_1__AND__EMA_21_49,0,3,0,3,0,5min
Bollinger_5_1__AND__EMA_24_56,0,4,0,4,0,5min
Bollinger_5_1__AND__EMA_27_63,0,3,1,3,0,5min
Bollinger_5_1__AND__EMA_30_70,0,1,0,1,0,5min
Bollinger_5_1__AND__ADX_20,0,6,0,6,0,5min
Bollinger_5_1__AND__Stoch_14_3,0,0,0,0,0,5min
Bollinger_5_1__AND__Stoch_14_5,0,0,0,0,0,5min
Bollinger_5_1__AND__RSI_5_90_10_REV,0,9,0,9,0,5min
Bollinger_5_1__AND__RSI_10_70_30_REV,0,6,0,6,0,5min
Bollinger_5_1__AND__RSI_10_80_20_REV,0,5,0,5,0,5min
Bollinger_5_1__AND__RSI_10_90_10_REV,0,0,0,0,0,5min
Bollinger_5_1__AND__RSI_14_80_20_REV,0,1,0,1,0,5min
Bollinger_5_1__AND__RSI_14_90_10_REV,0,0,0,0,0,5min
Bollinger_5_1__AND__RSI_15_70_30_REV,0,6,0,6,0,5min
Bollinger_5_1__AND__RSI_15_80_20_REV,0,0,0,0,0,5min
Bollinger_5_1__AND__RSI_15_90_10_REV,0,0,0,0,0,5min
Bollinger_5_1__AND__RSI_20_70_30_REV,0,2,0,2,0,5min
Bollinger_5_1__AND__RSI_20_80_20_REV,0,0,0,0,0,5min
Bollinger_5_1__AND__RSI_20_90_10_REV,0,0,0,0,0,5min
Bollinger_5_1__AND__RSI_25_70_30_REV,0,0,0,0,0,5min
Bollinger_5_1__AND__RSI_25_80_20_REV,0,0,0,0,0,5min
Bollinger_5_1__AND__RSI_25_90_10_REV,0,0,0,0,0,5min
Bollinger_5_1__AND__RSI_30_70_30_REV,0,0,0,0,0,5min
Bollinger_5_1__AND__RSI_30_80_20_REV,0,0,0,0,0,5min
Bollinger_5_1__AND__RSI_30_90_10_REV,0,0,0,0,0,5min
Bollinger_5_1.5__AND__Bollinger_5_2,0,0,0,0,0,5min
Bollinger_5_1.5__AND__Bollinger_10_1,0,9,0,9,0,5min
Bollinger_5_1.5__AND__Bollinger_10_1.5,0,6,0,6,0,5min
Bollinger_5_1.5__AND__Bollinger_10_2,0,5,0,5,0,5min
Bollinger_5_1.5__AND__Bollinger_15_1,0,8,0,8,0,5min
Bollinger_5_1.5__AND__Bollinger_15_1.5,0,5,0,5,0,5min
Bollinger_5_1.5__AND__Bollinger_15_2,0,3,0,3,0,5min
Bollinger_5_1.5__AND__Bollinger_20_1,0,5,0,5,0,5min
Bollinger_5_1.5__AND__Bollinger_20_1.5,0,3,0,3,0,5min
Bollinger_5_1.5__AND__Bollinger_20_2,0,3,0,3,0,5min
Bollinger_5_1.5__AND__Bollinger_25_1,0,5,0,5,0,5min
Bollinger_5_1.5__AND__Bollinger_25_1.5,0,3,0,3,0,5min
Bollinger_5_1.5__AND__Bollinger_25_2,0,3,0,3,0,5min
Bollinger_5_1.5__AND__Bollinger_30_1,0,3,0,3,0,5min
Bollinger_5_1.5__AND__Bollinger_30_1.5,0,2,0,2,0,5min
Bollinger_5_1.5__AND__Bollinger_30_2,0,2,0,2,0,5min
Bollinger_5_1.5__AND__EMA_5_13,0,4,1,4,0,5min
Bollinger_5_1.5__AND__EMA_9_21,0,5,0,5,0,5min
Bollinger_5_1.5__AND__EMA_12_28,0,3,0,3,0,5min
Bollinger_5_1.5__AND__EMA_15_35,0,3,0,3,0,5min
Bollinger_5_1.5__AND__EMA_18_42,0,1,0,1,0,5min
Bollinger_5_1.5__AND__EMA_21_49,0,2,0,2,0,5min
Bollinger_5_1.5__AND__EMA_24_56,0,2,0,2,0,5min
Bollinger_5_1.5__AND__EMA_27_63,0,1,1,1,0,5min
Bollinger_5_1.5__AND__EMA_30_70,0,0,0,0,0,5min
Bollinger_5_1.5__AND__ADX_14,0,3,0,3,0,5min
Bollinger_5_1.5__AND__ADX_20,0,2,0,2,0,5min
Bollinger_5_1.5__AND__Stoch_14_3,0,0,0,0,0,5min
Bollinger_5_1.5__AND__Stoch_14_5,0,0,0,0,0,5min
Bollinger_5_1.5__AND__RSI_5_70_30_REV,0,9,0,9,0,5min
Bollinger_5_1.5__AND__RSI_5_80_20_REV,0,5,0,5,0,5min
Bollinger_5_1.5__AND__RSI_5_90_10_REV,0,2,0,2,0,5min
Bollinger_5_1.5__AND__RSI_10_70_30_REV,0,3,0,3,0,5min
Bollinger_5_1.5__AND__RSI_10_80_20_REV,0,3,0,3,0,5min
Bollinger_5_1.5__AND__RSI_10_90_10_REV,0,0,0,0,0,5min
Bollinger_5_1.5__AND__RSI_14_70_30_REV,0,2,0,2,0,5min
Bollinger_5_1.5__AND__RSI_14_80_20_REV,0,0,0,0,0,5min
Bollinger_5_1.5__AND__RSI_14_90_10_REV,0,0,0,0,0,5min
Bollinger_5_1.5__AND__RSI_15_70_30_REV,0,1,0,1,0,5min
Bollinger_5_1.5__AND__RSI_15_80_20_REV,0,0,0,0,0,5min
Bollinger_5_1.5__AND__RSI_15_90_10_REV,0,0,0,0,0,5min
Bollinger_5_1.5__AND__RSI_20_70_30_REV,0,0,0,0,0,5min
Bollinger_5_1.5__AND__RSI_20_80_20_REV,0,0,0,0,0,5min
Bollinger_5_1.5__AND__RSI_20_90_10_REV,0,0,0,0,0,5min
Bollinger_5_1.5__AND__RSI_25_70_30_REV,0,0,0,0,0,5min
Bollinger_5_1.5__AND__RSI_25_80_20_REV,0,0,0,0,0,5min
Bollinger_5_1.5__AND__RSI_25_90_10_REV,0,0,0,0,0,5min
Bollinger_5_1.5__AND__RSI_30_70_30_REV,0,0,0,0,0,5min
Bollinger_5_1.5__AND__RSI_30_80_20_REV,0,0,0,0,0,5min
Bollinger_5_1.5__AND__RSI_30_90_10_REV,0,0,0,0,0,5min
Bollinger_5_2__AND__Bollinger_10_1,0,0,0,0,0,5min
Bollinger_5_2__AND__Bollinger_10_1.5,0,0,0,0,0,5min
Bollinger_5_2__AND__Bollinger_10_2,0,0,0,0,0,5min
Bollinger_5_2__AND__Bollinger_15_1,0,0,0,0,0,5min
Bollinger_5_2__AND__Bollinger_15_1.5,0,0,0,0,0,5min
Bollinger_5_2__AND__Bollinger_15_2,0,0,0,0,0,5min
Bollinger_5_2__AND__Bollinger_20_1,0,0,0,0,0,5min
Bollinger_5_2__AND__Bollinger_20_1.5,0,0,0,0,0,5min
Bollinger_5_2__AND__Bollinger_20_2,0,0,0,0,0,5min
Bollinger_5_2__AND__Bollinger_25_1,0,0,0,0,0,5min
Bollinger_5_2__AND__Bollinger_25_1.5,0,0,0,0,0,5min
Bollinger_5_2__AND__Bollinger_25_2,0,0,0,0,0,5min
Bollinger_5_2__AND__Bollinger_30_1,0,0,0,0,0,5min
Bollinger_5_2__AND__Bollinger_30_1.5,0,0,0,0,0,5min
Bollinger_5_2__AND__Bollinger_30_2,0,0,0,0,0,5min
Bollinger_5_2__AND__EMA_5_13,0,0,0,0,0,5min
Bollinger_5_2__AND__EMA_9_21,0,0,0,0,0,5min
Bollinger_5_2__AND__EMA_12_28,0,0,0,0,0,5min
Bollinger_5_2__AND__EMA_15_35,0,0,0,0,0,5min
Bollinger_5_2__AND__EMA_18_42,0,0,0,0,0,5min
Bollinger_5_2__AND__EMA_21_49,0,0,0,0,0,5min
Bollinger_5_2__AND__EMA_24_56,0,0,0,0,0,5min
Bollinger_5_2__AND__EMA_27_63,0,0,0,0,0,5min
Bollinger_5_2__AND__EMA_30_70,0,0,0,0,0,5min
Bollinger_5_2__AND__ADX_14,0,0,0,0,0,5min
Bollinger_5_2__AND__ADX_20,0,0,0,0,0,5min
Bollinger_5_2__AND__Stoch_14_3,0,0,0,0,0,5min
Bollinger_5_2__AND__Stoch_14_5,0,0,0,0,0,5min
Bollinger_5_2__AND__RSI_5_70_30_REV,0,0,0,0,0,5min
Bollinger_5_2__AND__RSI_5_80_20_REV,0,0,0,0,0,5min
Bollinger_5_2__AND__RSI_5_90_10_REV,0,0,0,0,0,5min
Bollinger_5_2__AND__RSI_10_70_30_REV,0,0,0,0,0,5min
Bollinger_5_2__AND__RSI_10_80_20_REV,0,0,0,0,0,5min
Bollinger_5_2__AND__RSI_10_90_10_REV,0,0,0,0,0,5min
Bollinger_5_2__AND__RSI_14_70_30_REV,0,0,0,0,0,5min
Bollinger_5_2__AND__RSI_14_80_20_REV,0,0,0,0,0,5min
Bollinger_5_2__AND__RSI_14_90_10_REV,0,0,0,0,0,5min
Bollinger_5_2__AND__RSI_15_70_30_REV,0,0,0,0,0,5min
Bollinger_5_2__AND__RSI_15_80_20_REV,0,0,0,0,0,5min
Bollinger_5_2__AND__RSI_15_90_10_REV,0,0,0,0,0,5min
Bollinger_5_2__AND__RSI_20_70_30_REV,0,0,0,0,0,5min
Bollinger_5_2__AND__RSI_20_80_20_REV,0,0,0,0,0,5min
Bollinger_5_2__AND__RSI_20_90_10_REV,0,0,0,0,0,5min
Bollinger_5_2__AND__RSI_25_70_30_REV,0,0,0,0,0,5min
Bollinger_5_2__AND__RSI_25_80_20_REV,0,0,0,0,0,5min
Bollinger_5_2__AND__RSI_25_90_10_REV,0,0,0,0,0,5min
Bollinger_5_2__AND__RSI_30_70_30_REV,0,0,0,0,0,5min
Bollinger_5_2__AND__RSI_30_80_20_REV,0,0,0,0,0,5min
Bollinger_5_2__AND__RSI_30_90_10_REV,0,0,0,0,0,5min
Bollinger_10_1__AND__Bollinger_10_2,0,7,0,7,0,5min
Bollinger_10_1__AND__Bollinger_15_2,0,7,0,7,0,5min
Bollinger_10_1__AND__EMA_5_13,0,13,0,13,0,5min
Bollinger_10_1__AND__EMA_9_21,0,8,0,8,0,5min
Bollinger_10_1__AND__EMA_27_63,0,5,0,5,0,5min
Bollinger_10_1__AND__EMA_30_70,0,2,0,2,0,5min
Bollinger_10_1__AND__Stoch_14_3,0,0,0,0,0,5min
Bollinger_10_1__AND__Stoch_14_5,0,0,0,0,0,5min
Bollinger_10_1__AND__RSI_5_80_20_REV,0,17,0,17,0,5min
Bollinger_10_1__AND__RSI_5_90_10_REV,0,12,0,12,0,5min
Bollinger_10_1__AND__RSI_10_80_20_REV,0,9,0,9,0,5min
Bollinger_10_1__AND__RSI_10_90_10_REV,0,0,0,0,0,5min
Bollinger_10_1__AND__RSI_14_80_20_REV,0,4,0,4,0,5min
Bollinger_10_1__AND__RSI_14_90_10_REV,0,0,0,0,0,5min
Bollinger_10_1__AND__RSI_15_70_30_REV,0,9,0,9,0,5min
Bollinger_10_1__AND__RSI_15_80_20_REV,0,3,0,3,0,5min
Bollinger_10_1__AND__RSI_15_90_10_REV,0,0,0,0,0,5min
Bollinger_10_1__AND__RSI_20_70_30_REV,0,5,0,5,0,5min
Bollinger_10_1__AND__RSI_20_80_20_REV,0,0,0,0,0,5min
Bollinger_10_1__AND__RSI_20_90_10_REV,0,0,0,0,0,5min
Bollinger_10_1__AND__RSI_25_70_30_REV,0,0,0,0,0,5min
Bollinger_10_1__AND__RSI_25_80_20_REV,0,0,0,0,0,5min
Bollinger_10_1__AND__RSI_25_90_10_REV,0,0,0,0,0,5min
Bollinger_10_1__AND__RSI_30_70_30_REV,0,0,0,0,0,5min
Bollinger_10_1__AND__RSI_30_80_20_REV,0,0,0,0,0,5min
Bollinger_10_1__AND__RSI_30_90_10_REV,0,0,0,0,0,5min
Bollinger_10_1.5__AND__Bollinger_10_2,0,7,0,7,0,5min
Bollinger_10_1.5__AND__Bollinger_15_2,0,7,0,7,0,5min
Bollinger_10_1.5__AND__EMA_5_13,0,6,0,6,0,5min
Bollinger_10_1.5__AND__EMA_9_21,0,5,0,5,0,5min
Bollinger_10_1.5__AND__EMA_21_49,0,3,0,3,0,5min
Bollinger_10_1.5__AND__EMA_27_63,0,4,0,4,0,5min
Bollinger_10_1.5__AND__EMA_30_70,0,1,0,1,0,5min
Bollinger_10_1.5__AND__ADX_14,0,7,0,7,0,5min
Bollinger_10_1.5__AND__ADX_20,0,5,0,5,0,5min
Bollinger_10_1.5__AND__Stoch_14_3,0,0,0,0,0,5min
Bollinger_10_1.5__AND__Stoch_14_5,0,0,0,0,0,5min
Bollinger_10_1.5__AND__RSI_5_80_20_REV,0,11,0,11,0,5min
Bollinger_10_1.5__AND__RSI_5_90_10_REV,0,7,0,7,0,5min
Bollinger_10_1.5__AND__RSI_10_80_20_REV,0,5,0,5,0,5min
Bollinger_10_1.5__AND__RSI_10_90_10_REV,0,0,0,0,0,5min
Bollinger_10_1.5__AND__RSI_14_80_20_REV,0,2,0,2,0,5min
Bollinger_10_1.5__AND__RSI_14_90_10_REV,0,0,0,0,0,5min
Bollinger_10_1.5__AND__RSI_15_70_30_REV,0,5,0,5,0,5min
Bollinger_10_1.5__AND__RSI_15_80_20_REV,0,1,0,1,0,5min
Bollinger_10_1.5__AND__RSI_15_90_10_REV,0,0,0,0,0,5min
Bollinger_10_1.5__AND__RSI_20_70_30_REV,0,2,0,2,0,5min
Bollinger_10_1.5__AND__RSI_20_80_20_REV,0,0,0,0,0,5min
Bollinger_10_1.5__AND__RSI_20_90_10_REV,0,0,0,0,0,5min
Bollinger_10_1.5__AND__RSI_25_70_30_REV,0,0,0,0,0,5min
Bollinger_10_1.5__AND__RSI_25_80_20_REV,0,0,0,0,0,5min
Bollinger_10_1.5__AND__RSI_25_90_10_REV,0,0,0,0,0,5min
Bollinger_10_1.5__AND__RSI_30_70_30_REV,0,0,0,0,0,5min
Bollinger_10_1.5__AND__RSI_30_80_20_REV,0,0,0,0,0,5min
Bollinger_10_1.5__AND__RSI_30_90_10_REV,0,0,0,0,0,5min
Bollinger_10_2__AND__Bollinger_15_1,0,7,0,7,0,5min
Bollinger_10_2__AND__Bollinger_15_1.5,0,6,0,6,0,5min
Bollinger_10_2__AND__Bollinger_15_2,0,5,0,5,0,5min
Bollinger_10_2__AND__Bollinger_20_1,0,5,0,5,0,5min
Bollinger_10_2__AND__Bollinger_20_1.5,0,5,0,5,0,5min
Bollinger_10_2__AND__Bollinger_20_2,0,5,0,5,0,5min
Bollinger_10_2__AND__Bollinger_25_1,0,5,0,5,0,5min
Bollinger_10_2__AND__Bollinger_25_1.5,0,5,0,5,0,5min
Bollinger_10_2__AND__Bollinger_25_2,0,5,0,5,0,5min
Bollinger_10_2__AND__Bollinger_30_1,0,4,0,4,0,5min
Bollinger_10_2__AND__Bollinger_30_1.5,0,4,0,4,0,5min
Bollinger_10_2__AND__Bollinger_30_2,0,4,0,4,0,5min
Bollinger_10_2__AND__EMA_5_13,0,4,0,4,0,5min
Bollinger_10_2__AND__EMA_9_21,0,3,0,3,0,5min
Bollinger_10_2__AND__EMA_12_28,0,3,0,3,0,5min
Bollinger_10_2__AND__EMA_15_35,0,3,0,3,0,5min
Bollinger_10_2__AND__EMA_18_42,0,2,0,2,0,5min
Bollinger_10_2__AND__EMA_21_49,0,2,0,2,0,5min
Bollinger_10_2__AND__EMA_24_56,0,1,0,1,0,5min
Bollinger_10_2__AND__EMA_27_63,0,2,0,2,0,5min
Bollinger_10_2__AND__EMA_30_70,0,1,0,1,0,5min
Bollinger_10_2__AND__ADX_14,0,3,0,3,0,5min
Bollinger_10_2__AND__ADX_20,0,3,0,3,0,5min
Bollinger_10_2__AND__Stoch_14_3,0,0,0,0,0,5min
Bollinger_10_2__AND__Stoch_14_5,0,0,0,0,0,5min
Bollinger_10_2__AND__RSI_5_70_30_REV,0,7,0,7,0,5min
Bollinger_10_2__AND__RSI_5_80_20_REV,0,6,0,6,0,5min
Bollinger_10_2__AND__RSI_5_90_10_REV,0,2,0,2,0,5min
Bollinger_10_2__AND__RSI_10_70_30_REV,0,4,0,4,0,5min
Bollinger_10_2__AND__RSI_10_80_20_REV,0,3,0,3,0,5min
Bollinger_10_2__AND__RSI_10_90_10_REV,0,0,0,0,0,5min
Bollinger_10_2__AND__RSI_14_70_30_REV,0,4,0,4,0,5min
Bollinger_10_2__AND__RSI_14_80_20_REV,0,1,0,1,0,5min
Bollinger_10_2__AND__RSI_14_90_10_REV,0,0,0,0,0,5min
Bollinger_10_2__AND__RSI_15_70_30_REV,0,3,0,3,0,5min
Bollinger_10_2__AND__RSI_15_80_20_REV,0,0,0,0,0,5min
Bollinger_10_2__AND__RSI_15_90_10_REV,0,0,0,0,0,5min
Bollinger_10_2__AND__RSI_20_70_30_REV,0,1,0,1,0,5min
Bollinger_10_2__AND__RSI_20_80_20_REV,0,0,0,0,0,5min
Bollinger_10_2__AND__RSI_20_90_10_REV,0,0,0,0,0,5min
Bollinger_10_2__AND__RSI_25_70_30_REV,0,0,0,0,0,5min
Bollinger_10_2__AND__RSI_25_80_20_REV,0,0,0,0,0,5min
Bollinger_10_2__AND__RSI_25_90_10_REV,0,0,0,0,0,5min
Bollinger_10_2__AND__RSI_30_70_30_REV,0,0,0,0,0,5min
Bollinger_10_2__AND__RSI_30_80_20_REV,0,0,0,0,0,5min
Bollinger_10_2__AND__RSI_30_90_10_REV,0,0,0,0,0,5min
Bollinger_15_1__AND__Bollinger_15_2,0,7,0,7,0,5min
Bollinger_15_1__AND__EMA_21_49,0,6,1,6,0,5min
Bollinger_15_1__AND__EMA_27_63,0,5,0,5,0,5min
Bollinger_15_1__AND__EMA_30_70,0,2,1,2,0,5min
Bollinger_15_1__AND__ADX_20,0,11,1,11,0,5min
Bollinger_15_1__AND__Stoch_14_3,0,0,0,0,0,5min
Bollinger_15_1__AND__Stoch_14_5,0,0,0,0,0,5min
Bollinger_15_1__AND__RSI_5_90_10_REV,0,8,0,8,0,5min
Bollinger_15_1__AND__RSI_10_80_20_REV,0,6,1,6,0,5min
Bollinger_15_1__AND__RSI_10_90_10_REV,0,0,0,0,0,5min
Bollinger_15_1__AND__RSI_14_80_20_REV,0,4,1,4,0,5min
Bollinger_15_1__AND__RSI_14_90_10_REV,0,0,0,0,0,5min
Bollinger_15_1__AND__RSI_15_70_30_REV,0,9,1,9,0,5min
Bollinger_15_1__AND__RSI_15_80_20_REV,0,3,1,3,0,5min
Bollinger_15_1__AND__RSI_15_90_10_REV,0,0,0,0,0,5min
Bollinger_15_1__AND__RSI_20_70_30_REV,0,5,1,5,0,5min
Bollinger_15_1__AND__RSI_20_80_20_REV,0,0,0,0,0,5min
Bollinger_15_1__AND__RSI_20_90_10_REV,0,0,0,0,0,5min
Bollinger_15_1__AND__RSI_25_70_30_REV,0,0,0,0,0,5min
Bollinger_15_1__AND__RSI_25_80_20_REV,0,0,0,0,0,5min
Bollinger_15_1__AND__RSI_25_90_10_REV,0,0,0,0,0,5min
Bollinger_15_1__AND__RSI_30_70_30_REV,0,0,0,0,0,5min
Bollinger_15_1__AND__RSI_30_80_20_REV,0,0,0,0,0,5min
Bollinger_15_1__AND__RSI_30_90_10_REV,0,0,0,0,0,5min
Bollinger_15_1.5__AND__Bollinger_15_2,0,7,0,7,0,5min
Bollinger_15_1.5__AND__EMA_5_13,0,8,0,8,0,5min
Bollinger_15_1.5__AND__EMA_9_21,0,5,0,5,0,5min
Bollinger_15_1.5__AND__EMA_21_49,0,4,0,4,0,5min
Bollinger_15_1.5__AND__EMA_27_63,0,3,0,3,0,5min
Bollinger_15_1.5__AND__EMA_30_70,0,1,0,1,0,5min
Bollinger_15_1.5__AND__ADX_14,0,6,0,6,0,5min
Bollinger_15_1.5__AND__ADX_20,0,4,0,4,0,5min
Bollinger_15_1.5__AND__Stoch_14_3,0,0,0,0,0,5min
Bollinger_15_1.5__AND__Stoch_14_5,0,0,0,0,0,5min
Bollinger_15_1.5__AND__RSI_5_80_20_REV,0,9,0,9,0,5min
Bollinger_15_1.5__AND__RSI_5_90_10_REV,0,6,0,6,0,5min
Bollinger_15_1.5__AND__RSI_10_80_20_REV,0,5,0,5,0,5min
Bollinger_15_1.5__AND__RSI_10_90_10_REV,0,0,0,0,0,5min
Bollinger_15_1.5__AND__RSI_14_80_20_REV,0,3,0,3,0,5min
Bollinger_15_1.5__AND__RSI_14_90_10_REV,0,0,0,0,0,5min
Bollinger_15_1.5__AND__RSI_15_70_30_REV,0,6,0,6,0,5min
Bollinger_15_1.5__AND__RSI_15_80_20_REV,0,2,0,2,0,5min
Bollinger_15_1.5__AND__RSI_15_90_10_REV,0,0,0,0,0,5min
Bollinger_15_1.5__AND__RSI_20_70_30_REV,0,3,0,3,0,5min
Bollinger_15_1.5__AND__RSI_20_80_20_REV,0,0,0,0,0,5min
Bollinger_15_1.5__AND__RSI_20_90_10_REV,0,0,0,0,0,5min
Bollinger_15_1.5__AND__RSI_25_70_30_REV,0,0,0,0,0,5min
Bollinger_15_1.5__AND__RSI_25_80_20_REV,0,0,0,0,0,5min
Bollinger_15_1.5__AND__RSI_25_90_10_REV,0,0,0,0,0,5min
Bollinger_15_1.5__AND__RSI_30_70_30_REV,0,0,0,0,0,5min
Bollinger_15_1.5__AND__RSI_30_80_20_REV,0,0,0,0,0,5min
Bollinger_15_1.5__AND__RSI_30_90_10_REV,0,0,0,0,0,5min
Bollinger_15_2__AND__Bollinger_20_1,0,7,0,7,0,5min
Bollinger_15_2__AND__Bollinger_20_1.5,0,7,0,7,0,5min
Bollinger_15_2__AND__Bollinger_20_2,0,7,0,7,0,5min
Bollinger_15_2__AND__Bollinger_25_1,0,7,0,7,0,5min
Bollinger_15_2__AND__Bollinger_25_1.5,0,7,0,7,0,5min
Bollinger_15_2__AND__Bollinger_25_2,0,6,0,6,0,5min
Bollinger_15_2__AND__Bollinger_30_1,0,5,0,5,0,5min
Bollinger_15_2__AND__Bollinger_30_1.5,0,5,0,5,0,5min
Bollinger_15_2__AND__Bollinger_30_2,0,5,0,5,0,5min
Bollinger_15_2__AND__EMA_5_13,0,4,0,4,0,5min
Bollinger_15_2__AND__EMA_9_21,0,3,0,3,0,5min
Bollinger_15_2__AND__EMA_12_28,0,3,0,3,0,5min
Bollinger_15_2__AND__EMA_15_35,0,3,0,3,0,5min
Bollinger_15_2__AND__EMA_18_42,0,2,0,2,0,5min
Bollinger_15_2__AND__EMA_21_49,0,2,0,2,0,5min
Bollinger_15_2__AND__EMA_24_56,0,1,0,1,0,5min
Bollinger_15_2__AND__EMA_27_63,0,3,0,3,0,5min
Bollinger_15_2__AND__EMA_30_70,0,1,0,1,0,5min
Bollinger_15_2__AND__ADX_14,0,4,0,4,0,5min
Bollinger_15_2__AND__ADX_20,0,3,0,3,0,5min
Bollinger_15_2__AND__Stoch_14_3,0,0,0,0,0,5min
Bollinger_15_2__AND__Stoch_14_5,0,0,0,0,0,5min
Bollinger_15_2__AND__RSI_5_70_30_REV,0,7,0,7,0,5min
Bollinger_15_2__AND__RSI_5_80_20_REV,0,7,0,7,0,5min
Bollinger_15_2__AND__RSI_5_90_10_REV,0,4,0,4,0,5min
Bollinger_15_2__AND__RSI_10_70_30_REV,0,5,0,5,0,5min
Bollinger_15_2__AND__RSI_10_80_20_REV,0,4,0,4,0,5min
Bollinger_15_2__AND__RSI_10_90_10_REV,0,0,0,0,0,5min
Bollinger_15_2__AND__RSI_14_70_30_REV,0,5,0,5,0,5min
Bollinger_15_2__AND__RSI_14_80_20_REV,0,2,0,2,0,5min
Bollinger_15_2__AND__RSI_14_90_10_REV,0,0,0,0,0,5min
Bollinger_15_2__AND__RSI_15_70_30_REV,0,4,0,4,0,5min
Bollinger_15_2__AND__RSI_15_80_20_REV,0,1,0,1,0,5min
Bollinger_15_2__AND__RSI_15_90_10_REV,0,0,0,0,0,5min
Bollinger_15_2__AND__RSI_20_70_30_REV,0,2,0,2,0,5min
Bollinger_15_2__AND__RSI_20_80_20_REV,0,0,0,0,0,5min
Bollinger_15_2__AND__RSI_20_90_10_REV,0,0,0,0,0,5min
Bollinger_15_2__AND__RSI_25_70_30_REV,0,0,0,0,0,5min
Bollinger_15_2__AND__RSI_25_80_20_REV,0,0,0,0,0,5min
Bollinger_15_2__AND__RSI_25_90_10_REV,0,0,0,0,0,5min
Bollinger_15_2__AND__RSI_30_70_30_REV,0,0,0,0,0,5min
Bollinger_15_2__AND__RSI_30_80_20_REV,0,0,0,0,0,5min
Bollinger_15_2__AND__RSI_30_90_10_REV,0,0,0,0,0,5min
Bollinger_20_1__AND__EMA_27_63,0,4,0,4,0,5min
Bollinger_20_1__AND__EMA_30_70,0,2,1,2,0,5min
Bollinger_20_1__AND__ADX_20,0,8,1,8,0,5min
Bollinger_20_1__AND__Stoch_14_3,0,0,0,0,0,5min
Bollinger_20_1__AND__Stoch_14_5,0,0,0,0,0,5min
Bollinger_20_1__AND__RSI_5_90_10_REV,0,7,0,7,0,5min
Bollinger_20_1__AND__RSI_10_80_20_REV,0,6,1,6,0,5min
Bollinger_20_1__AND__RSI_10_90_10_REV,0,0,0,0,0,5min
Bollinger_20_1__AND__RSI_14_80_20_REV,0,4,1,4,0,5min
Bollinger_20_1__AND__RSI_14_90_10_REV,0,0,0,0,0,5min
Bollinger_20_1__AND__RSI_15_70_30_REV,0,9,1,9,0,5min
Bollinger_20_1__AND__RSI_15_80_20_REV,0,3,1,3,0,5min
Bollinger_20_1__AND__RSI_15_90_10_REV,0,0,0,0,0,5min
Bollinger_20_1__AND__RSI_20_70_30_REV,0,5,1,5,0,5min
Bollinger_20_1__AND__RSI_20_80_20_REV,0,0,0,0,0,5min
Bollinger_20_1__AND__RSI_20_90_10_REV,0,0,0,0,0,5min
Bollinger_20_1__AND__RSI_25_70_30_REV,0,0,0,0,0,5min
Bollinger_20_1__AND__RSI_25_80_20_REV,0,0,0,0,0,5min
Bollinger_20_1__AND__RSI_25_90_10_REV,0,0,0,0,0,5min
Bollinger_20_1__AND__RSI_30_70_30_REV,0,0,0,0,0,5min
Bollinger_20_1__AND__RSI_30_80_20_REV,0,0,0,0,0,5min
Bollinger_20_1__AND__RSI_30_90_10_REV,0,0,0,0,0,5min
Bollinger_20_1.5__AND__EMA_21_49,0,5,0,5,0,5min
Bollinger_20_1.5__AND__EMA_27_63,0,4,0,4,0,5min
Bollinger_20_1.5__AND__EMA_30_70,0,2,0,2,0,5min
Bollinger_20_1.5__AND__ADX_14,0,8,0,8,0,5min
Bollinger_20_1.5__AND__ADX_20,0,5,0,5,0,5min
Bollinger_20_1.5__AND__Stoch_14_3,0,0,0,0,0,5min
Bollinger_20_1.5__AND__Stoch_14_5,0,0,0,0,0,5min
Bollinger_20_1.5__AND__RSI_5_80_20_REV,0,10,0,10,0,5min
Bollinger_20_1.5__AND__RSI_5_90_10_REV,0,7,0,7,0,5min
Bollinger_20_1.5__AND__RSI_10_80_20_REV,0,6,0,6,0,5min
Bollinger_20_1.5__AND__RSI_10_90_10_REV,0,0,0,0,0,5min
Bollinger_20_1.5__AND__RSI_14_80_20_REV,0,4,0,4,0,5min
Bollinger_20_1.5__AND__RSI_14_90_10_REV,0,0,0,0,0,5min
Bollinger_20_1.5__AND__RSI_15_70_30_REV,0,7,0,7,0,5min
Bollinger_20_1.5__AND__RSI_15_80_20_REV,0,3,0,3,0,5min
Bollinger_20_1.5__AND__RSI_15_90_10_REV,0,0,0,0,0,5min
Bollinger_20_1.5__AND__RSI_20_70_30_REV,0,4,0,4,0,5min
Bollinger_20_1.5__AND__RSI_20_80_20_REV,0,0,0,0,0,5min
Bollinger_20_1.5__AND__RSI_20_90_10_REV,0,0,0,0,0,5min
Bollinger_20_1.5__AND__RSI_25_70_30_REV,0,0,0,0,0,5min
Bollinger_20_1.5__AND__RSI_25_80_20_REV,0,0,0,0,0,5min
Bollinger_20_1.5__AND__RSI_25_90_10_REV,0,0,0,0,0,5min
Bollinger_20_1.5__AND__RSI_30_70_30_REV,0,0,0,0,0,5min
Bollinger_20_1.5__AND__RSI_30_80_20_REV,0,0,0,0,0,5min
Bollinger_20_1.5__AND__RSI_30_90_10_REV,0,0,0,0,0,5min
Bollinger_20_2__AND__EMA_5_13,0,4,0,4,0,5min
Bollinger_20_2__AND__EMA_9_21,0,3,0,3,0,5min
Bollinger_20_2__AND__EMA_21_49,0,2,0,2,0,5min
Bollinger_20_2__AND__EMA_27_63,0,3,0,3,0,5min
Bollinger_20_2__AND__EMA_30_70,0,1,0,1,0,5min
Bollinger_20_2__AND__ADX_14,0,4,0,4,0,5min
Bollinger_20_2__AND__ADX_20,0,3,0,3,0,5min
Bollinger_20_2__AND__Stoch_14_3,0,0,0,0,0,5min
Bollinger_20_2__AND__Stoch_14_5,0,0,0,0,0,5min
Bollinger_20_2__AND__RSI_5_80_20_REV,0,7,0,7,0,5min
Bollinger_20_2__AND__RSI_5_90_10_REV,0,4,0,4,0,5min
Bollinger_20_2__AND__RSI_10_80_20_REV,0,4,0,4,0,5min
Bollinger_20_2__AND__RSI_10_90_10_REV,0,0,0,0,0,5min
Bollinger_20_2__AND__RSI_14_80_20_REV,0,2,0,2,0,5min
Bollinger_20_2__AND__RSI_14_90_10_REV,0,0,0,0,0,5min
Bollinger_20_2__AND__RSI_15_70_30_REV,0,4,0,4,0,5min
Bollinger_20_2__AND__RSI_15_80_20_REV,0,1,0,1,0,5min
Bollinger_20_2__AND__RSI_15_90_10_REV,0,0,0,0,0,5min
Bollinger_20_2__AND__RSI_20_70_30_REV,0,2,0,2,0,5min
Bollinger_20_2__AND__RSI_20_80_20_REV,0,0,0,0,0,5min
Bollinger_20_2__AND__RSI_20_90_10_REV,0,0,0,0,0,5min
Bollinger_20_2__AND__RSI_25_70_30_REV,0,0,0,0,0,5min
Bollinger_20_2__AND__RSI_25_80_20_REV,0,0,0,0,0,5min
Bollinger_20_2__AND__RSI_25_90_10_REV,0,0,0,0,0,5min
Bollinger_20_2__AND__RSI_30_70_30_REV,0,0,0,0,0,5min
Bollinger_20_2__AND__RSI_30_80_20_REV,0,0,0,0,0,5min
Bollinger_20_2__AND__RSI_30_90_10_REV,0,0,0,0,0,5min
Bollinger_25_1__AND__EMA_27_63,0,4,0,4,0,5min
Bollinger_25_1__AND__EMA_30_70,0,2,1,2,0,5min
Bollinger_25_1__AND__Stoch_14_3,0,0,0,0,0,5min
Bollinger_25_1__AND__Stoch_14_5,0,0,0,0,0,5min
Bollinger_25_1__AND__RSI_5_90_10_REV,0,7,0,7,0,5min
Bollinger_25_1__AND__RSI_10_80_20_REV,0,6,1,6,0,5min
Bollinger_25_1__AND__RSI_10_90_10_REV,0,0,0,0,0,5min
Bollinger_25_1__AND__RSI_14_80_20_REV,0,4,1,4,0,5min
Bollinger_25_1__AND__RSI_14_90_10_REV,0,0,0,0,0,5min
Bollinger_25_1__AND__RSI_15_70_30_REV,0,7,1,7,0,5min
Bollinger_25_1__AND__RSI_15_80_20_REV,0,3,1,3,0,5min
Bollinger_25_1__AND__RSI_15_90_10_REV,0,0,0,0,0,5min
Bollinger_25_1__AND__RSI_20_70_30_REV,0,4,1,4,0,5min
Bollinger_25_1__AND__RSI_20_80_20_REV,0,0,0,0,0,5min
Bollinger_25_1__AND__RSI_20_90_10_REV,0,0,0,0,0,5min
Bollinger_25_1__AND__RSI_25_70_30_REV,0,0,0,0,0,5min
Bollinger_25_1__AND__RSI_25_80_20_REV,0,0,0,0,0,5min
Bollinger_25_1__AND__RSI_25_90_10_REV,0,0,0,0,0,5min
Bollinger_25_1__AND__RSI_30_70_30_REV,0,0,0,0,0,5min
Bollinger_25_1__AND__RSI_30_80_20_REV,0,0,0,0,0,5min
Bollinger_25_1__AND__RSI_30_90_10_REV,0,0,0,0,0,5min
Bollinger_25_1.5__AND__EMA_21_49,0,5,1,5,0,5min
Bollinger_25_1.5__AND__EMA_27_63,0,4,0,4,0,5min
Bollinger_25_1.5__AND__EMA_30_70,0,2,1,2,0,5min
Bollinger_25_1.5__AND__ADX_20,0,6,1,6,0,5min
Bollinger_25_1.5__AND__Stoch_14_3,0,0,0,0,0,5min
Bollinger_25_1.5__AND__Stoch_14_5,0,0,0,0,0,5min
Bollinger_25_1.5__AND__RSI_5_90_10_REV,0,7,0,7,0,5min
Bollinger_25_1.5__AND__RSI_10_80_20_REV,0,6,1,6,0,5min
Bollinger_25_1.5__AND__RSI_10_90_10_REV,0,0,0,0,0,5min
Bollinger_25_1.5__AND__RSI_14_80_20_REV,0,4,1,4,0,5min
Bollinger_25_1.5__AND__RSI_14_90_10_REV,0,0,0,0,0,5min
Bollinger_25_1.5__AND__RSI_15_70_30_REV,0,7,1,7,0,5min
Bollinger_25_1.5__AND__RSI_15_80_20_REV,0,3,1,3,0,5min
Bollinger_25_1.5__AND__RSI_15_90_10_REV,0,0,0,0,0,5min
Bollinger_25_1.5__AND__RSI_20_70_30_REV,0,4,1,4,0,5min
Bollinger_25_1.5__AND__RSI_20_80_20_REV,0,0,0,0,0,5min
Bollinger_25_1.5__AND__RSI_20_90_10_REV,0,0,0,0,0,5min
Bollinger_25_1.5__AND__RSI_25_70_30_REV,0,0,0,0,0,5min
Bollinger_25_1.5__AND__RSI_25_80_20_REV,0,0,0,0,0,5min
Bollinger_25_1.5__AND__RSI_25_90_10_REV,0,0,0,0,0,5min
Bollinger_25_1.5__AND__RSI_30_70_30_REV,0,0,0,0,0,5min
Bollinger_25_1.5__AND__RSI_30_80_20_REV,0,0,0,0,0,5min
Bollinger_25_1.5__AND__RSI_30_90_10_REV,0,0,0,0,0,5min
Bollinger_25_2__AND__EMA_5_13,0,6,0,6,0,5min
Bollinger_25_2__AND__EMA_9_21,0,2,0,2,0,5min
Bollinger_25_2__AND__EMA_21_49,0,4,0,4,0,5min
Bollinger_25_2__AND__EMA_27_63,0,4,0,4,0,5min
Bollinger_25_2__AND__EMA_30_70,0,2,0,2,0,5min
Bollinger_25_2__AND__ADX_14,0,6,0,6,0,5min
Bollinger_25_2__AND__ADX_20,0,5,0,5,0,5min
Bollinger_25_2__AND__Stoch_14_3,0,0,0,0,0,5min
Bollinger_25_2__AND__Stoch_14_5,0,0,0,0,0,5min
Bollinger_25_2__AND__RSI_5_80_20_REV,0,9,0,9,0,5min
Bollinger_25_2__AND__RSI_5_90_10_REV,0,6,0,6,0,5min
Bollinger_25_2__AND__RSI_10_80_20_REV,0,6,0,6,0,5min
Bollinger_25_2__AND__RSI_10_90_10_REV,0,0,0,0,0,5min
Bollinger_25_2__AND__RSI_14_80_20_REV,0,4,0,4,0,5min
Bollinger_25_2__AND__RSI_14_90_10_REV,0,0,0,0,0,5min
Bollinger_25_2__AND__RSI_15_70_30_REV,0,7,0,7,0,5min
Bollinger_25_2__AND__RSI_15_80_20_REV,0,3,0,3,0,5min
Bollinger_25_2__AND__RSI_15_90_10_REV,0,0,0,0,0,5min
Bollinger_25_2__AND__RSI_20_70_30_REV,0,4,0,4,0,5min
Bollinger_25_2__AND__RSI_20_80_20_REV,0,0,0,0,0,5min
Bollinger_25_2__AND__RSI_20_90_10_REV,0,0,0,0,0,5min
Bollinger_25_2__AND__RSI_25_70_30_REV,0,0,0,0,0,5min
Bollinger_25_2__AND__RSI_25_80_20_REV,0,0,0,0,0,5min
Bollinger_25_2__AND__RSI_25_90_10_REV,0,0,0,0,0,5min
Bollinger_25_2__AND__RSI_30_70_30_REV,0,0,0,0,0,5min
Bollinger_25_2__AND__RSI_30_80_20_REV,0,0,0,0,0,5min
Bollinger_25_2__AND__RSI_30_90_10_REV,0,0,0,0,0,5min
Bollinger_30_1__AND__EMA_27_63,0,4,0,4,0,5min
Bollinger_30_1__AND__EMA_30_70,0,2,1,2,0,5min
Bollinger_30_1__AND__Stoch_14_3,0,0,0,0,0,5min
Bollinger_30_1__AND__Stoch_14_5,0,0,0,0,0,5min
Bollinger_30_1__AND__RSI_5_90_10_REV,0,5,0,5,0,5min
Bollinger_30_1__AND__RSI_10_80_20_REV,0,6,1,6,0,5min
Bollinger_30_1__AND__RSI_10_90_10_REV,0,0,0,0,0,5min
Bollinger_30_1__AND__RSI_14_80_20_REV,0,4,1,4,0,5min
Bollinger_30_1__AND__RSI_14_90_10_REV,0,0,0,0,0,5min
Bollinger_30_1__AND__RSI_15_70_30_REV,0,7,1,7,0,5min
Bollinger_30_1__AND__RSI_15_80_20_REV,0,3,1,3,0,5min
Bollinger_30_1__AND__RSI_15_90_10_REV,0,0,0,0,0,5min
Bollinger_30_1__AND__RSI_20_70_30_REV,0,4,1,4,0,5min
Bollinger_30_1__AND__RSI_20_80_20_REV,0,0,0,0,0,5min
Bollinger_30_1__AND__RSI_20_90_10_REV,0,0,0,0,0,5min
Bollinger_30_1__AND__RSI_25_70_30_REV,0,0,0,0,0,5min
Bollinger_30_1__AND__RSI_25_80_20_REV,0,0,0,0,0,5min
Bollinger_30_1__AND__RSI_25_90_10_REV,0,0,0,0,0,5min
Bollinger_30_1__AND__RSI_30_70_30_REV,0,0,0,0,0,5min
Bollinger_30_1__AND__RSI_30_80_20_REV,0,0,0,0,0,5min
Bollinger_30_1__AND__RSI_30_90_10_REV,0,0,0,0,0,5min
Bollinger_30_1.5__AND__EMA_21_49,0,5,1,5,0,5min
Bollinger_30_1.5__AND__EMA_27_63,0,4,0,4,0,5min
Bollinger_30_1.5__AND__EMA_30_70,0,2,1,2,0,5min
Bollinger_30_1.5__AND__ADX_20,0,6,1,6,0,5min
Bollinger_30_1.5__AND__Stoch_14_3,0,0,0,0,0,5min
Bollinger_30_1.5__AND__Stoch_14_5,0,0,0,0,0,5min
Bollinger_30_1.5__AND__RSI_5_90_10_REV,0,5,0,5,0,5min
Bollinger_30_1.5__AND__RSI_10_80_20_REV,0,6,1,6,0,5min
Bollinger_30_1.5__AND__RSI_10_90_10_REV,0,0,0,0,0,5min
Bollinger_30_1.5__AND__RSI_14_80_20_REV,0,4,1,4,0,5min
Bollinger_30_1.5__AND__RSI_14_90_10_REV,0,0,0,0,0,5min
Bollinger_30_1.5__AND__RSI_15_70_30_REV,0,7,1,7,0,5min
Bollinger_30_1.5__AND__RSI_15_80_20_REV,0,3,1,3,0,5min
Bollinger_30_1.5__AND__RSI_15_90_10_REV,0,0,0,0,0,5min
Bollinger_30_1.5__AND__RSI_20_70_30_REV,0,4,1,4,0,5min
Bollinger_30_1.5__AND__RSI_20_80_20_REV,0,0,0,0,0,5min
Bollinger_30_1.5__AND__RSI_20_90_10_REV,0,0,0,0,0,5min
Bollinger_30_1.5__AND__RSI_25_70_30_REV,0,0,0,0,0,5min
Bollinger_30_1.5__AND__RSI_25_80_20_REV,0,0,0,0,0,5min
Bollinger_30_1.5__AND__RSI_25_90_10_REV,0,0,0,0,0,5min
Bollinger_30_1.5__AND__RSI_30_70_30_REV,0,0,0,0,0,5min
Bollinger_30_1.5__AND__RSI_30_80_20_REV,0,0,0,0,0,5min
Bollinger_30_1.5__AND__RSI_30_90_10_REV,0,0,0,0,0,5min
Bollinger_30_2__AND__EMA_5_13,0,6,0,6,0,5min
Bollinger_30_2__AND__EMA_9_21,0,1,0,1,0,5min
Bollinger_30_2__AND__EMA_21_49,0,4,0,4,0,5min
Bollinger_30_2__AND__EMA_27_63,0,4,0,4,0,5min
Bollinger_30_2__AND__EMA_30_70,0,2,0,2,0,5min
Bollinger_30_2__AND__ADX_14,0,6,0,6,0,5min
Bollinger_30_2__AND__ADX_20,0,5,0,5,0,5min
Bollinger_30_2__AND__Stoch_14_3,0,0,0,0,0,5min
Bollinger_30_2__AND__Stoch_14_5,0,0,0,0,0,5min
Bollinger_30_2__AND__RSI_5_80_20_REV,0,8,0,8,0,5min
Bollinger_30_2__AND__RSI_5_90_10_REV,0,5,0,5,0,5min
Bollinger_30_2__AND__RSI_10_80_20_REV,0,6,0,6,0,5min
Bollinger_30_2__AND__RSI_10_90_10_REV,0,0,0,0,0,5min
Bollinger_30_2__AND__RSI_14_80_20_REV,0,4,0,4,0,5min
Bollinger_30_2__AND__RSI_14_90_10_REV,0,0,0,0,0,5min
Bollinger_30_2__AND__RSI_15_70_30_REV,0,7,0,7,0,5min
Bollinger_30_2__AND__RSI_15_80_20_REV,0,3,0,3,0,5min
Bollinger_30_2__AND__RSI_15_90_10_REV,0,0,0,0,0,5min
Bollinger_30_2__AND__RSI_20_70_30_REV,0,4,0,4,0,5min
Bollinger_30_2__AND__RSI_20_80_20_REV,0,0,0,0,0,5min
Bollinger_30_2__AND__RSI_20_90_10_REV,0,0,0,0,0,5min
Bollinger_30_2__AND__RSI_25_70_30_REV,0,0,0,0,0,5min
Bollinger_30_2__AND__RSI_25_80_20_REV,0,0,0,0,0,5min
Bollinger_30_2__AND__RSI_25_90_10_REV,0,0,0,0,0,5min
Bollinger_30_2__AND__RSI_30_70_30_REV,0,0,0,0,0,5min
Bollinger_30_2__AND__RSI_30_80_20_REV,0,0,0,0,0,5min
Bollinger_30_2__AND__RSI_30_90_10_REV,0,0,0,0,0,5min
EMA_5_13__AND__Stoch_14_3,0,0,0,0,0,5min
EMA_5_13__AND__Stoch_14_5,0,0,0,0,0,5min
EMA_5_13__AND__RSI_10_80_20_REV,0,4,0,4,0,5min
EMA_5_13__AND__RSI_10_90_10_REV,0,0,0,0,0,5min
EMA_5_13__AND__RSI_14_80_20_REV,0,3,0,3,0,5min
EMA_5_13__AND__RSI_14_90_10_REV,0,0,0,0,0,5min
EMA_5_13__AND__RSI_15_70_30_REV,0,7,0,7,0,5min
EMA_5_13__AND__RSI_15_80_20_REV,0,2,0,2,0,5min
EMA_5_13__AND__RSI_15_90_10_REV,0,0,0,0,0,5min
EMA_5_13__AND__RSI_20_70_30_REV,0,4,0,4,0,5min
EMA_5_13__AND__RSI_20_80_20_REV,0,0,0,0,0,5min
EMA_5_13__AND__RSI_20_90_10_REV,0,0,0,0,0,5min
EMA_5_13__AND__RSI_25_70_30_REV,0,0,0,0,0,5min
EMA_5_13__AND__RSI_25_80_20_REV,0,0,0,0,0,5min
EMA_5_13__AND__RSI_25_90_10_REV,0,0,0,0,0,5min
EMA_5_13__AND__RSI_30_70_30_REV,0,0,0,0,0,5min
EMA_5_13__AND__RSI_30_80_20_REV,0,0,0,0,0,5min
EMA_5_13__AND__RSI_30_90_10_REV,0,0,0,0,0,5min
EMA_9_21__AND__Stoch_14_3,0,0,0,0,0,5min
EMA_9_21__AND__Stoch_14_5,0,0,0,0,0,5min
EMA_9_21__AND__RSI_10_80_20_REV,0,1,1,1,0,5min
EMA_9_21__AND__RSI_10_90_10_REV,0,0,0,0,0,5min
EMA_9_21__AND__RSI_14_80_20_REV,0,1,1,1,0,5min
EMA_9_21__AND__RSI_14_90_10_REV,0,0,0,0,0,5min
EMA_9_21__AND__RSI_15_70_30_REV,0,1,1,1,0,5min
EMA_9_21__AND__RSI_15_80_20_REV,0,0,1,0,0,5min
EMA_9_21__AND__RSI_15_90_10_REV,0,0,0,0,0,5min
EMA_9_21__AND__RSI_20_70_30_REV,0,1,1,1,0,5min
EMA_9_21__AND__RSI_20_80_20_REV,0,0,0,0,0,5min
EMA_9_21__AND__RSI_20_90_10_REV,0,0,0,0,0,5min
EMA_9_21__AND__RSI_25_70_30_REV,0,0,0,0,0,5min
EMA_9_21__AND__RSI_25_80_20_REV,0,0,0,0,0,5min
EMA_9_21__AND__RSI_25_90_10_REV,0,0,0,0,0,5min
EMA_9_21__AND__RSI_30_70_30_REV,0,0,0,0,0,5min
EMA_9_21__AND__RSI_30_80_20_REV,0,0,0,0,0,5min
EMA_9_21__AND__RSI_30_90_10_REV,0,0,0,0,0,5min
EMA_12_28__AND__Stoch_14_3,0,0,0,0,0,5min
EMA_12_28__AND__Stoch_14_5,0,0,0,0,0,5min
EMA_12_28__AND__RSI_5_90_10_REV,0,4,0,4,0,5min
EMA_12_28__AND__RSI_10_80_20_REV,0,2,1,2,0,5min
EMA_12_28__AND__RSI_10_90_10_REV,0,0,0,0,0,5min
EMA_12_28__AND__RSI_14_80_20_REV,0,2,1,2,0,5min
EMA_12_28__AND__RSI_14_90_10_REV,0,0,0,0,0,5min
EMA_12_28__AND__RSI_15_70_30_REV,0,3,1,3,0,5min
EMA_12_28__AND__RSI_15_80_20_REV,0,1,1,1,0,5min
EMA_12_28__AND__RSI_15_90_10_REV,0,0,0,0,0,5min
EMA_12_28__AND__RSI_20_70_30_REV,0,2,1,2,0,5min
EMA_12_28__AND__RSI_20_80_20_REV,0,0,0,0,0,5min
EMA_12_28__AND__RSI_20_90_10_REV,0,0,0,0,0,5min
EMA_12_28__AND__RSI_25_70_30_REV,0,0,0,0,0,5min
EMA_12_28__AND__RSI_25_80_20_REV,0,0,0,0,0,5min
EMA_12_28__AND__RSI_25_90_10_REV,0,0,0,0,0,5min
EMA_12_28__AND__RSI_30_70_30_REV,0,0,0,0,0,5min
EMA_12_28__AND__RSI_30_80_20_REV,0,0,0,0,0,5min
EMA_12_28__AND__RSI_30_90_10_REV,0,0,0,0,0,5min
EMA_15_35__AND__Stoch_14_3,0,0,0,0,0,5min
EMA_15_35__AND__Stoch_14_5,0,0,0,0,0,5min
EMA_15_35__AND__RSI_5_80_20_REV,0,6,0,6,0,5min
EMA_15_35__AND__RSI_5_90_10_REV,0,2,0,2,0,5min
EMA_15_35__AND__RSI_10_80_20_REV,0,5,1,5,0,5min
EMA_15_35__AND__RSI_10_90_10_REV,0,0,0,0,0,5min
EMA_15_35__AND__RSI_14_80_20_REV,0,3,1,3,0,5min
EMA_15_35__AND__RSI_14_90_10_REV,0,0,0,0,0,5min
EMA_15_35__AND__RSI_15_70_30_REV,0,4,1,4,0,5min
EMA_15_35__AND__RSI_15_80_20_REV,0,2,1,2,0,5min
EMA_15_35__AND__RSI_15_90_10_REV,0,0,0,0,0,5min
EMA_15_35__AND__RSI_20_70_30_REV,0,3,1,3,0,5min
EMA_15_35__AND__RSI_20_80_20_REV,0,0,0,0,0,5min
EMA_15_35__AND__RSI_20_90_10_REV,0,0,0,0,0,5min
EMA_15_35__AND__RSI_25_70_30_REV,0,0,0,0,0,5min
EMA_15_35__AND__RSI_25_80_20_REV,0,0,0,0,0,5min
EMA_15_35__AND__RSI_25_90_10_REV,0,0,0,0,0,5min
EMA_15_35__AND__RSI_30_70_30_REV,0,0,0,0,0,5min
EMA_15_35__AND__RSI_30_80_20_REV,0,0,0,0,0,5min
EMA_15_35__AND__RSI_30_90_10_REV,0,0,0,0,0,5min
EMA_18_42__AND__Stoch_14_3,0,0,0,0,0,5min
EMA_18_42__AND__Stoch_14_5,0,0,0,0,0,5min
EMA_18_42__AND__RSI_5_80_20_REV,0,5,0,5,0,5min
EMA_18_42__AND__RSI_5_90_10_REV,0,3,0,3,0,5min
EMA_18_42__AND__RSI_10_80_20_REV,0,2,1,2,0,5min
EMA_18_42__AND__RSI_10_90_10_REV,0,0,0,0,0,5min
EMA_18_42__AND__RSI_14_80_20_REV,0,1,1,1,0,5min
EMA_18_42__AND__RSI_14_90_10_REV,0,0,0,0,0,5min
EMA_18_42__AND__RSI_15_70_30_REV,0,2,1,2,0,5min
EMA_18_42__AND__RSI_15_80_20_REV,0,1,1,1,0,5min
EMA_18_42__AND__RSI_15_90_10_REV,0,0,0,0,0,5min
EMA_18_42__AND__RSI_20_70_30_REV,0,1,1,1,0,5min
EMA_18_42__AND__RSI_20_80_20_REV,0,0,0,0,0,5min
EMA_18_42__AND__RSI_20_90_10_REV,0,0,0,0,0,5min
EMA_18_42__AND__RSI_25_70_30_REV,0,0,0,0,0,5min
EMA_18_42__AND__RSI_25_80_20_REV,0,0,0,0,0,5min
EMA_18_42__AND__RSI_25_90_10_REV,0,0,0,0,0,5min
EMA_18_42__AND__RSI_30_70_30_REV,0,0,0,0,0,5min
EMA_18_42__AND__RSI_30_80_20_REV,0,0,0,0,0,5min
EMA_18_42__AND__RSI_30_90_10_REV,0,0,0,0,0,5min
EMA_21_49__AND__Stoch_14_3,0,0,0,0,0,5min
EMA_21_49__AND__Stoch_14_5,0,0,0,0,0,5min
EMA_21_49__AND__RSI_5_80_20_REV,0,4,0,4,0,5min
EMA_21_49__AND__RSI_5_90_10_REV,0,3,0,3,0,5min
EMA_21_49__AND__RSI_10_80_20_REV,0,4,1,4,0,5min
EMA_21_49__AND__RSI_10_90_10_REV,0,0,0,0,0,5min
EMA_21_49__AND__RSI_14_70_30_REV,0,5,1,5,0,5min
EMA_21_49__AND__RSI_14_80_20_REV,0,4,1,4,0,5min
EMA_21_49__AND__RSI_14_90_10_REV,0,0,0,0,0,5min
EMA_21_49__AND__RSI_15_70_30_REV,0,4,1,4,0,5min
EMA_21_49__AND__RSI_15_80_20_REV,0,3,1,3,0,5min
EMA_21_49__AND__RSI_15_90_10_REV,0,0,0,0,0,5min
EMA_21_49__AND__RSI_20_70_30_REV,0,4,1,4,0,5min
EMA_21_49__AND__RSI_20_80_20_REV,0,0,0,0,0,5min
EMA_21_49__AND__RSI_20_90_10_REV,0,0,0,0,0,5min
EMA_21_49__AND__RSI_25_70_30_REV,0,0,0,0,0,5min
EMA_21_49__AND__RSI_25_80_20_REV,0,0,0,0,0,5min
EMA_21_49__AND__RSI_25_90_10_REV,0,0,0,0,0,5min
EMA_21_49__AND__RSI_30_70_30_REV,0,0,0,0,0,5min
EMA_21_49__AND__RSI_30_80_20_REV,0,0,0,0,0,5min
EMA_21_49__AND__RSI_30_90_10_REV,0,0,0,0,0,5min
EMA_24_56__AND__Stoch_14_3,0,0,0,0,0,5min
EMA_24_56__AND__Stoch_14_5,0,0,0,0,0,5min
EMA_24_56__AND__RSI_5_80_20_REV,0,5,0,5,0,5min
EMA_24_56__AND__RSI_5_90_10_REV,0,3,0,3,0,5min
EMA_24_56__AND__RSI_10_80_20_REV,0,2,1,2,0,5min
EMA_24_56__AND__RSI_10_90_10_REV,0,0,0,0,0,5min
EMA_24_56__AND__RSI_14_80_20_REV,0,2,1,2,0,5min
EMA_24_56__AND__RSI_14_90_10_REV,0,0,0,0,0,5min
EMA_24_56__AND__RSI_15_70_30_REV,0,2,1,2,0,5min
EMA_24_56__AND__RSI_15_80_20_REV,0,2,1,2,0,5min
EMA_24_56__AND__RSI_15_90_10_REV,0,0,0,0,0,5min
EMA_24_56__AND__RSI_20_70_30_REV,0,2,1,2,0,5min
EMA_24_56__AND__RSI_20_80_20_REV,0,0,0,0,0,5min
EMA_24_56__AND__RSI_20_90_10_REV,0,0,0,0,0,5min
EMA_24_56__AND__RSI_25_70_30_REV,0,0,0,0,0,5min
EMA_24_56__AND__RSI_25_80_20_REV,0,0,0,0,0,5min
EMA_24_56__AND__RSI_25_90_10_REV,0,0,0,0,0,5min
EMA_24_56__AND__RSI_30_70_30_REV,0,0,0,0,0,5min
EMA_24_56__AND__RSI_30_80_20_REV,0,0,0,0,0,5min
EMA_24_56__AND__RSI_30_90_10_REV,0,0,0,0,0,5min
EMA_27_63__AND__Stoch_14_3,0,0,0,0,0,5min
EMA_27_63__AND__Stoch_14_5,0,0,0,0,0,5min
EMA_27_63__AND__RSI_5_70_30_REV,0,5,0,5,0,5min
EMA_27_63__AND__RSI_5_80_20_REV,0,5,0,5,0,5min
EMA_27_63__AND__RSI_5_90_10_REV,0,3,0,3,0,5min
EMA_27_63__AND__RSI_10_80_20_REV,0,4,0,4,0,5min
EMA_27_63__AND__RSI_10_90_10_REV,0,0,0,0,0,5min
EMA_27_63__AND__RSI_14_70_30_REV,0,4,0,4,0,5min
EMA_27_63__AND__RSI_14_80_20_REV,0,3,0,3,0,5min
EMA_27_63__AND__RSI_14_90_10_REV,0,0,0,0,0,5min
EMA_27_63__AND__RSI_15_70_30_REV,0,4,0,4,0,5min
EMA_27_63__AND__RSI_15_80_20_REV,0,2,0,2,0,5min
EMA_27_63__AND__RSI_15_90_10_REV,0,0,0,0,0,5min
EMA_27_63__AND__RSI_20_70_30_REV,0,3,0,3,0,5min
EMA_27_63__AND__RSI_20_80_20_REV,0,0,0,0,0,5min
EMA_27_63__AND__RSI_20_90_10_REV,0,0,0,0,0,5min
EMA_27_63__AND__RSI_25_70_30_REV,0,0,0,0,0,5min
EMA_27_63__AND__RSI_25_80_20_REV,0,0,0,0,0,5min
EMA_27_63__AND__RSI_25_90_10_REV,0,0,0,0,0,5min
EMA_27_63__AND__RSI_30_70_30_REV,0,0,0,0,0,5min
EMA_27_63__AND__RSI_30_80_20_REV,0,0,0,0,0,5min
EMA_27_63__AND__RSI_30_90_10_REV,0,0,0,0,0,5min
EMA_30_70__AND__ADX_14,0,2,1,2,0,5min
EMA_30_70__AND__ADX_20,0,2,1,2,0,5min
EMA_30_70__AND__Stoch_14_3,0,0,0,0,0,5min
EMA_30_70__AND__Stoch_14_5,0,0,0,0,0,5min
EMA_30_70__AND__RSI_5_70_30_REV,0,2,0,2,0,5min
EMA_30_70__AND__RSI_5_80_20_REV,0,2,0,2,0,5min
EMA_30_70__AND__RSI_5_90_10_REV,0,1,0,1,0,5min
EMA_30_70__AND__RSI_10_70_30_REV,0,2,1,2,0,5min
EMA_30_70__AND__RSI_10_80_20_REV,0,2,1,2,0,5min
EMA_30_70__AND__RSI_10_90_10_REV,0,0,0,0,0,5min
EMA_30_70__AND__RSI_14_70_30_REV,0,2,1,2,0,5min
EMA_30_70__AND__RSI_14_80_20_REV,0,2,1,2,0,5min
EMA_30_70__AND__RSI_14_90_10_REV,0,0,0,0,0,5min
EMA_30_70__AND__RSI_15_70_30_REV,0,2,1,2,0,5min
EMA_30_70__AND__RSI_15_80_20_REV,0,1,1,1,0,5min
EMA_30_70__AND__RSI_15_90_10_REV,0,0,0,0,0,5min
EMA_30_70__AND__RSI_20_70_30_REV,0,2,1,2,0,5min
EMA_30_70__AND__RSI_20_80_20_REV,0,0,0,0,0,5min
EMA_30_70__AND__RSI_20_90_10_REV,0,0,0,0,0,5min
EMA_30_70__AND__RSI_25_70_30_REV,0,0,0,0,0,5min
EMA_30_70__AND__RSI_25_80_20_REV,0,0,0,0,0,5min
EMA_30_70__AND__RSI_25_90_10_REV,0,0,0,0,0,5min
EMA_30_70__AND__RSI_30_70_30_REV,0,0,0,0,0,5min
EMA_30_70__AND__RSI_30_80_20_REV,0,0,0,0,0,5min
EMA_30_70__AND__RSI_30_90_10_REV,0,0,0,0,0,5min
ADX_14__AND__Stoch_14_3,0,0,0,0,0,5min
ADX_14__AND__Stoch_14_5,0,0,0,0,0,5min
ADX_14__AND__RSI_5_90_10_REV,0,6,0,6,0,5min
ADX_14__AND__RSI_10_80_20_REV,0,5,1,5,0,5min
ADX_14__AND__RSI_10_90_10_REV,0,0,0,0,0,5min
ADX_14__AND__RSI_14_80_20_REV,0,4,1,4,0,5min
ADX_14__AND__RSI_14_90_10_REV,0,0,0,0,0,5min
ADX_14__AND__RSI_15_70_30_REV,0,6,1,6,0,5min
ADX_14__AND__RSI_15_80_20_REV,0,3,1,3,0,5min
ADX_14__AND__RSI_15_90_10_REV,0,0,0,0,0,5min
ADX_14__AND__RSI_20_70_30_REV,0,4,1,4,0,5min
ADX_14__AND__RSI_20_80_20_REV,0,0,0,0,0,5min
ADX_14__AND__RSI_20_90_10_REV,0,0,0,0,0,5min
ADX_14__AND__RSI_25_70_30_REV,0,0,0,0,0,5min
ADX_14__AND__RSI_25_80_20_REV,0,0,0,0,0,5min
ADX_14__AND__RSI_25_90_10_REV,0,0,0,0,0,5min
ADX_14__AND__RSI_30_70_30_REV,0,0,0,0,0,5min
ADX_14__AND__RSI_30_80_20_REV,0,0,0,0,0,5min
ADX_14__AND__RSI_30_90_10_REV,0,0,0,0,0,5min
ADX_20__AND__Stoch_14_3,0,0,0,0,0,5min
ADX_20__AND__Stoch_14_5,0,0,0,0,0,5min
ADX_20__AND__RSI_5_80_20_REV,0,9,0,9,0,5min
ADX_20__AND__RSI_5_90_10_REV,0,4,0,4,0,5min
ADX_20__AND__RSI_10_80_20_REV,0,5,1,5,0,5min
ADX_20__AND__RSI_10_90_10_REV,0,0,0,0,0,5min
ADX_20__AND__RSI_14_70_30_REV,0,5,1,5,0,5min
ADX_20__AND__RSI_14_80_20_REV,0,4,1,4,0,5min
ADX_20__AND__RSI_14_90_10_REV,0,0,0,0,0,5min
ADX_20__AND__RSI_15_70_30_REV,0,5,1,5,0,5min
ADX_20__AND__RSI_15_80_20_REV,0,3,1,3,0,5min
ADX_20__AND__RSI_15_90_10_REV,0,0,0,0,0,5min
ADX_20__AND__RSI_20_70_30_REV,0,4,1,4,0,5min
ADX_20__AND__RSI_20_80_20_REV,0,0,0,0,0,5min
ADX_20__AND__RSI_20_90_10_REV,0,0,0,0,0,5min
ADX_20__AND__RSI_25_70_30_REV,0,0,0,0,0,5min
ADX_20__AND__RSI_25_80_20_REV,0,0,0,0,0,5min
ADX_20__AND__RSI_25_90_10_REV,0,0,0,0,0,5min
ADX_20__AND__RSI_30_70_30_REV,0,0,0,0,0,5min
ADX_20__AND__RSI_30_80_20_REV,0,0,0,0,0,5min
ADX_20__AND__RSI_30_90_10_REV,0,0,0,0,0,5min
Stoch_14_3__AND__Stoch_14_5,0,0,0,0,0,5min
Stoch_14_3__AND__RSI_5_70_30_REV,0,0,0,0,0,5min
Stoch_14_3__AND__RSI_5_80_20_REV,0,0,0,0,0,5min
Stoch_14_3__AND__RSI_5_90_10_REV,0,0,0,0,0,5min
Stoch_14_3__AND__RSI_10_70_30_REV,0,0,0,0,0,5min
Stoch_14_3__AND__RSI_10_80_20_REV,0,0,0,0,0,5min
Stoch_14_3__AND__RSI_10_90_10_REV,0,0,0,0,0,5min
Stoch_14_3__AND__RSI_14_70_30_REV,0,0,0,0,0,5min
Stoch_14_3__AND__RSI_14_80_20_REV,0,0,0,0,0,5min
Stoch_14_3__AND__RSI_14_90_10_REV,0,0,0,0,0,5min
Stoch_14_3__AND__RSI_15_70_30_REV,0,0,0,0,0,5min
Stoch_14_3__AND__RSI_15_80_20_REV,0,0,0,0,0,5min
Stoch_14_3__AND__RSI_15_90_10_REV,0,0,0,0,0,5min
Stoch_14_3__AND__RSI_20_70_30_REV,0,0,0,0,0,5min
Stoch_14_3__AND__RSI_20_80_20_REV,0,0,0,0,0,5min
Stoch_14_3__AND__RSI_20_90_10_REV,0,0,0,0,0,5min
Stoch_14_3__AND__RSI_25_70_30_REV,0,0,0,0,0,5min
Stoch_14_3__AND__RSI_25_80_20_REV,0,0,0,0,0,5min
Stoch_14_3__AND__RSI_25_90_10_REV,0,0,0,0,0,5min
Stoch_14_3__AND__RSI_30_70_30_REV,0,0,0,0,0,5min
Stoch_14_3__AND__RSI_30_80_20_REV,0,0,0,0,0,5min
Stoch_14_3__AND__RSI_30_90_10_REV,0,0,0,0,0,5min
Stoch_14_5__AND__RSI_5_70_30_REV,0,0,0,0,0,5min
Stoch_14_5__AND__RSI_5_80_20_REV,0,0,0,0,0,5min
Stoch_14_5__AND__RSI_5_90_10_REV,0,0,0,0,0,5min
Stoch_14_5__AND__RSI_10_70_30_REV,0,0,0,0,0,5min
Stoch_14_5__AND__RSI_10_80_20_REV,0,0,0,0,0,5min
Stoch_14_5__AND__RSI_10_90_10_REV,0,0,0,0,0,5min
Stoch_14_5__AND__RSI_14_70_30_REV,0,0,0,0,0,5min
Stoch_14_5__AND__RSI_14_80_20_REV,0,0,0,0,0,5min
Stoch_14_5__AND__RSI_14_90_10_REV,0,0,0,0,0,5min
Stoch_14_5__AND__RSI_15_70_30_REV,0,0,0,0,0,5min
Stoch_14_5__AND__RSI_15_80_20_REV,0,0,0,0,0,5min
Stoch_14_5__AND__RSI_15_90_10_REV,0,0,0,0,0,5min
Stoch_14_5__AND__RSI_20_70_30_REV,0,0,0,0,0,5min
Stoch_14_5__AND__RSI_20_80_20_REV,0,0,0,0,0,5min
Stoch_14_5__AND__RSI_20_90_10_REV,0,0,0,0,0,5min
Stoch_14_5__AND__RSI_25_70_30_REV,0,0,0,0,0,5min
Stoch_14_5__AND__RSI_25_80_20_REV,0,0,0,0,0,5min
Stoch_14_5__AND__RSI_25_90_10_REV,0,0,0,0,0,5min
Stoch_14_5__AND__RSI_30_70_30_REV,0,0,0,0,0,5min
Stoch_14_5__AND__RSI_30_80_20_REV,0,0,0,0,0,5min
Stoch_14_5__AND__RSI_30_90_10_REV,0,0,0,0,0,5min
RSI_5_70_30_REV__AND__RSI_10_80_20_REV,0,9,0,9,0,5min
RSI_5_70_30_REV__AND__RSI_10_90_10_REV,0,0,0,0,0,5min
RSI_5_70_30_REV__AND__RSI_14_80_20_REV,0,4,0,4,0,5min
RSI_5_70_30_REV__AND__RSI_14_90_10_REV,0,0,0,0,0,5min
RSI_5_70_30_REV__AND__RSI_15_70_30_REV,0,8,0,8,0,5min
RSI_5_70_30_REV__AND__RSI_15_80_20_REV,0,3,0,3,0,5min
RSI_5_70_30_REV__AND__RSI_15_90_10_REV,0,0,0,0,0,5min
RSI_5_70_30_REV__AND__RSI_20_70_30_REV,0,5,0,5,0,5min
RSI_5_70_30_REV__AND__RSI_20_80_20_REV,0,0,0,0,0,5min
RSI_5_70_30_REV__AND__RSI_20_90_10_REV,0,0,0,0,0,5min
RSI_5_70_30_REV__AND__RSI_25_70_30_REV,0,0,0,0,0,5min
RSI_5_70_30_REV__AND__RSI_25_80_20_REV,0,0,0,0,0,5min
RSI_5_70_30_REV__AND__RSI_25_90_10_REV,0,0,0,0,0,5min
RSI_5_70_30_REV__AND__RSI_30_70_30_REV,0,0,0,0,0,5min
RSI_5_70_30_REV__AND__RSI_30_80_20_REV,0,0,0,0,0,5min
RSI_5_70_30_REV__AND__RSI_30_90_10_REV,0,0,0,0,0,5min
RSI_5_80_20_REV__AND__RSI_10_70_30_REV,0,10,0,10,0,5min
RSI_5_80_20_REV__AND__RSI_10_80_20_REV,0,9,0,9,0,5min
RSI_5_80_20_REV__AND__RSI_10_90_10_REV,0,0,0,0,0,5min
RSI_5_80_20_REV__AND__RSI_14_80_20_REV,0,4,0,4,0,5min
RSI_5_80_20_REV__AND__RSI_14_90_10_REV,0,0,0,0,0,5min
RSI_5_80_20_REV__AND__RSI_15_70_30_REV,0,7,0,7,0,5min
RSI_5_80_20_REV__AND__RSI_15_80_20_REV,0,3,0,3,0,5min
RSI_5_80_20_REV__AND__RSI_15_90_10_REV,0,0,0,0,0,5min
RSI_5_80_20_REV__AND__RSI_20_70_30_REV,0,4,0,4,0,5min
RSI_5_80_20_REV__AND__RSI_20_80_20_REV,0,0,0,0,0,5min
RSI_5_80_20_REV__AND__RSI_20_90_10_REV,0,0,0,0,0,5min
RSI_5_80_20_REV__AND__RSI_25_70_30_REV,0,0,0,0,0,5min
RSI_5_80_20_REV__AND__RSI_25_80_20_REV,0,0,0,0,0,5min
RSI_5_80_20_REV__AND__RSI_25_90_10_REV,0,0,0,0,0,5min
RSI_5_80_20_REV__AND__RSI_30_70_30_REV,0,0,0,0,0,5min
RSI_5_80_20_REV__AND__RSI_30_80_20_REV,0,0,0,0,0,5min
RSI_5_80_20_REV__AND__RSI_30_90_10_REV,0,0,0,0,0,5min
RSI_5_90_10_REV__AND__RSI_10_70_30_REV,0,7,0,7,0,5min
RSI_5_90_10_REV__AND__RSI_10_80_20_REV,0,6,0,6,0,5min
RSI_5_90_10_REV__AND__RSI_10_90_10_REV,0,0,0,0,0,5min
RSI_5_90_10_REV__AND__RSI_14_70_30_REV,0,5,0,5,0,5min
RSI_5_90_10_REV__AND__RSI_14_80_20_REV,0,3,0,3,0,5min
RSI_5_90_10_REV__AND__RSI_14_90_10_REV,0,0,0,0,0,5min
RSI_5_90_10_REV__AND__RSI_15_70_30_REV,0,5,0,5,0,5min
RSI_5_90_10_REV__AND__RSI_15_80_20_REV,0,3,0,3,0,5min
RSI_5_90_10_REV__AND__RSI_15_90_10_REV,0,0,0,0,0,5min
RSI_5_90_10_REV__AND__RSI_20_70_30_REV,0,3,0,3,0,5min
RSI_5_90_10_REV__AND__RSI_20_80_20_REV,0,0,0,0,0,5min
RSI_5_90_10_REV__AND__RSI_20_90_10_REV,0,0,0,0,0,5min
RSI_5_90_10_REV__AND__RSI_25_70_30_REV,0,0,0,0,0,5min
RSI_5_90_10_REV__AND__RSI_25_80_20_REV,0,0,0,0,0,5min
RSI_5_90_10_REV__AND__RSI_25_90_10_REV,0,0,0,0,0,5min
RSI_5_90_10_REV__AND__RSI_30_70_30_REV,0,0,0,0,0,5min
RSI_5_90_10_REV__AND__RSI_30_80_20_REV,0,0,0,0,0,5min
RSI_5_90_10_REV__AND__RSI_30_90_10_REV,0,0,0,0,0,5min
RSI_10_70_30_REV__AND__RSI_10_80_20_REV,0,9,1,9,0,5min
RSI_10_70_30_REV__AND__RSI_10_90_10_REV,0,0,0,0,0,5min
RSI_10_70_30_REV__AND__RSI_14_80_20_REV,0,4,1,4,0,5min
RSI_10_70_30_REV__AND__RSI_14_90_10_REV,0,0,0,0,0,5min
RSI_10_70_30_REV__AND__RSI_15_80_20_REV,0,3,1,3,0,5min
RSI_10_70_30_REV__AND__RSI_15_90_10_REV,0,0,0,0,0,5min
RSI_10_70_30_REV__AND__RSI_20_70_30_REV,0,4,1,4,0,5min
RSI_10_70_30_REV__AND__RSI_20_80_20_REV,0,0,0,0,0,5min
RSI_10_70_30_REV__AND__RSI_20_90_10_REV,0,0,0,0,0,5min
RSI_10_70_30_REV__AND__RSI_25_70_30_REV,0,0,0,0,0,5min
RSI_10_70_30_REV__AND__RSI_25_80_20_REV,0,0,0,0,0,5min
RSI_10_70_30_REV__AND__RSI_25_90_10_REV,0,0,0,0,0,5min
RSI_10_70_30_REV__AND__RSI_30_70_30_REV,0,0,0,0,0,5min
RSI_10_70_30_REV__AND__RSI_30_80_20_REV,0,0,0,0,0,5min
RSI_10_70_30_REV__AND__RSI_30_90_10_REV,0,0,0,0,0,5min
RSI_10_80_20_REV__AND__RSI_10_90_10_REV,0,0,0,0,0,5min
RSI_10_80_20_REV__AND__RSI_14_70_30_REV,0,6,1,6,0,5min
RSI_10_80_20_REV__AND__RSI_14_80_20_REV,0,4,1,4,0,5min
RSI_10_80_20_REV__AND__RSI_14_90_10_REV,0,0,0,0,0,5min
RSI_10_80_20_REV__AND__RSI_15_70_30_REV,0,5,1,5,0,5min
RSI_10_80_20_REV__AND__RSI_15_80_20_REV,0,3,1,3,0,5min
RSI_10_80_20_REV__AND__RSI_15_90_10_REV,0,0,0,0,0,5min
RSI_10_80_20_REV__AND__RSI_20_70_30_REV,0,4,1,4,0,5min
RSI_10_80_20_REV__AND__RSI_20_80_20_REV,0,0,0,0,0,5min
RSI_10_80_20_REV__AND__RSI_20_90_10_REV,0,0,0,0,0,5min
RSI_10_80_20_REV__AND__RSI_25_70_30_REV,0,0,0,0,0,5min
RSI_10_80_20_REV__AND__RSI_25_80_20_REV,0,0,0,0,0,5min
RSI_10_80_20_REV__AND__RSI_25_90_10_REV,0,0,0,0,0,5min
RSI_10_80_20_REV__AND__RSI_30_70_30_REV,0,0,0,0,0,5min
RSI_10_80_20_REV__AND__RSI_30_80_20_REV,0,0,0,0,0,5min
RSI_10_80_20_REV__AND__RSI_30_90_10_REV,0,0,0,0,0,5min
RSI_10_90_10_REV__AND__RSI_14_70_30_REV,0,0,0,0,0,5min
RSI_10_90_10_REV__AND__RSI_14_80_20_REV,0,0,0,0,0,5min
RSI_10_90_10_REV__AND__RSI_14_90_10_REV,0,0,0,0,0,5min
RSI_10_90_10_REV__AND__RSI_15_70_30_REV,0,0,0,0,0,5min
RSI_10_90_10_REV__AND__RSI_15_80_20_REV,0,0,0,0,0,5min
RSI_10_90_10_REV__AND__RSI_15_90_10_REV,0,0,0,0,0,5min
RSI_10_90_10_REV__AND__RSI_20_70_30_REV,0,0,0,0,0,5min
RSI_10_90_10_REV__AND__RSI_20_80_20_REV,0,0,0,0,0,5min
RSI_10_90_10_REV__AND__RSI_20_90_10_REV,0,0,0,0,0,5min
RSI_10_90_10_REV__AND__RSI_25_70_30_REV,0,0,0,0,0,5min
RSI_10_90_10_REV__AND__RSI_25_80_20_REV,0,0,0,0,0,5min
RSI_10_90_10_REV__AND__RSI_25_90_10_REV,0,0,0,0,0,5min
RSI_10_90_10_REV__AND__RSI_30_70_30_REV,0,0,0,0,0,5min
RSI_10_90_10_REV__AND__RSI_30_80_20_REV,0,0,0,0,0,5min
RSI_10_90_10_REV__AND__RSI_30_90_10_REV,0,0,0,0,0,5min
RSI_14_70_30_REV__AND__RSI_14_80_20_REV,0,4,1,4,0,5min
RSI_14_70_30_REV__AND__RSI_14_90_10_REV,0,0,0,0,0,5min
RSI_14_70_30_REV__AND__RSI_15_80_20_REV,0,3,1,3,0,5min
RSI_14_70_30_REV__AND__RSI_15_90_10_REV,0,0,0,0,0,5min
RSI_14_70_30_REV__AND__RSI_20_70_30_REV,0,4,1,4,0,5min
RSI_14_70_30_REV__AND__RSI_20_80_20_REV,0,0,0,0,0,5min
RSI_14_70_30_REV__AND__RSI_20_90_10_REV,0,0,0,0,0,5min
RSI_14_70_30_REV__AND__RSI_25_70_30_REV,0,0,0,0,0,5min
RSI_14_70_30_REV__AND__RSI_25_80_20_REV,0,0,0,0,0,5min
RSI_14_70_30_REV__AND__RSI_25_90_10_REV,0,0,0,0,0,5min
RSI_14_70_30_REV__AND__RSI_30_70_30_REV,0,0,0,0,0,5min
RSI_14_70_30_REV__AND__RSI_30_80_20_REV,0,0,0,0,0,5min
RSI_14_70_30_REV__AND__RSI_30_90_10_REV,0,0,0,0,0,5min
RSI_14_80_20_REV__AND__RSI_14_90_10_REV,0,0,0,0,0,5min
RSI_14_80_20_REV__AND__RSI_15_70_30_REV,0,4,1,4,0,5min
RSI_14_80_20_REV__AND__RSI_15_80_20_REV,0,3,1,3,0,5min
RSI_14_80_20_REV__AND__RSI_15_90_10_REV,0,0,0,0,0,5min
RSI_14_80_20_REV__AND__RSI_20_70_30_REV,0,4,1,4,0,5min
RSI_14_80_20_REV__AND__RSI_20_80_20_REV,0,0,0,0,0,5min
RSI_14_80_20_REV__AND__RSI_20_90_10_REV,0,0,0,0,0,5min
RSI_14_80_20_REV__AND__RSI_25_70_30_REV,0,0,0,0,0,5min
RSI_14_80_20_REV__AND__RSI_25_80_20_REV,0,0,0,0,0,5min
RSI_14_80_20_REV__AND__RSI_25_90_10_REV,0,0,0,0,0,5min
RSI_14_80_20_REV__AND__RSI_30_70_30_REV,0,0,0,0,0,5min
RSI_14_80_20_REV__AND__RSI_30_80_20_REV,0,0,0,0,0,5min
RSI_14_80_20_REV__AND__RSI_30_90_10_REV,0,0,0,0,0,5min
RSI_14_90_10_REV__AND__RSI_15_70_30_REV,0,0,0,0,0,5min
RSI_14_90_10_REV__AND__RSI_15_80_20_REV,0,0,0,0,0,5min
RSI_14_90_10_REV__AND__RSI_15_90_10_REV,0,0,0,0,0,5min
RSI_14_90_10_REV__AND__RSI_20_70_30_REV,0,0,0,0,0,5min
RSI_14_90_10_REV__AND__RSI_20_80_20_REV,0,0,0,0,0,5min
RSI_14_90_10_REV__AND__RSI_20_90_10_REV,0,0,0,0,0,5min
RSI_14_90_10_REV__AND__RSI_25_70_30_REV,0,0,0,0,0,5min
RSI_14_90_10_REV__AND__RSI_25_80_20_REV,0,0,0,0,0,5min
RSI_14_90_10_REV__AND__RSI_25_90_10_REV,0,0,0,0,0,5min
RSI_14_90_10_REV__AND__RSI_30_70_30_REV,0,0,0,0,0,5min
RSI_14_90_10_REV__AND__RSI_30_80_20_REV,0,0,0,0,0,5min
RSI_14_90_10_REV__AND__RSI_30_90_10_REV,0,0,0,0,0,5min
RSI_15_70_30_REV__AND__RSI_15_80_20_REV,0,3,1,3,0,5min
RSI_15_70_30_REV__AND__RSI_15_90_10_REV,0,0,0,0,0,5min
RSI_15_70_30_REV__AND__RSI_20_70_30_REV,0,5,1,5,0,5min
RSI_15_70_30_REV__AND__RSI_20_80_20_REV,0,0,0,0,0,5min
RSI_15_70_30_REV__AND__RSI_20_90_10_REV,0,0,0,0,0,5min
RSI_15_70_30_REV__AND__RSI_25_70_30_REV,0,0,0,0,0,5min
RSI_15_70_30_REV__AND__RSI_25_80_20_REV,0,0,0,0,0,5min
RSI_15_70_30_REV__AND__RSI_25_90_10_REV,0,0,0,0,0,5min
RSI_15_70_30_REV__AND__RSI_30_70_30_REV,0,0,0,0,0,5min
RSI_15_70_30_REV__AND__RSI_30_80_20_REV,0,0,0,0,0,5min
RSI_15_70_30_REV__AND__RSI_30_90_10_REV,0,0,0,0,0,5min
RSI_15_80_20_REV__AND__RSI_15_90_10_REV,0,0,0,0,0,5min
RSI_15_80_20_REV__AND__RSI_20_70_30_REV,0,3,1,3,0,5min
RSI_15_80_20_REV__AND__RSI_20_80_20_REV,0,0,0,0,0,5min
RSI_15_80_20_REV__AND__RSI_20_90_10_REV,0,0,0,0,0,5min
RSI_15_80_20_REV__AND__RSI_25_70_30_REV,0,0,0,0,0,5min
RSI_15_80_20_REV__AND__RSI_25_80_20_REV,0,0,0,0,0,5min
RSI_15_80_20_REV__AND__RSI_25_90_10_REV,0,0,0,0,0,5min
RSI_15_80_20_REV__AND__RSI_30_70_30_REV,0,0,0,0,0,5min
RSI_15_80_20_REV__AND__RSI_30_80_20_REV,0,0,0,0,0,5min
RSI_15_80_20_REV__AND__RSI_30_90_10_REV,0,0,0,0,0,5min
RSI_15_90_10_REV__AND__RSI_20_70_30_REV,0,0,0,0,0,5min
RSI_15_90_10_REV__AND__RSI_20_80_20_REV,0,0,0,0,0,5min
RSI_15_90_10_REV__AND__RSI_20_90_10_REV,0,0,0,0,0,5min
RSI_15_90_10_REV__AND__RSI_25_70_30_REV,0,0,0,0,0,5min
RSI_15_90_10_REV__AND__RSI_25_80_20_REV,0,0,0,0,0,5min
RSI_15_90_10_REV__AND__RSI_25_90_10_REV,0,0,0,0,0,5min
RSI_15_90_10_REV__AND__RSI_30_70_30_REV,0,0,0,0,0,5min
RSI_15_90_10_REV__AND__RSI_30_80_20_REV,0,0,0,0,0,5min
RSI_15_90_10_REV__AND__RSI_30_90_10_REV,0,0,0,0,0,5min
RSI_20_70_30_REV__AND__RSI_20_80_20_REV,0,0,0,0,0,5min
RSI_20_70_30_REV__AND__RSI_20_90_10_REV,0,0,0,0,0,5min
RSI_20_70_30_REV__AND__RSI_25_70_30_REV,0,0,0,0,0,5min
RSI_20_70_30_REV__AND__RSI_25_80_20_REV,0,0,0,0,0,5min
RSI_20_70_30_REV__AND__RSI_25_90_10_REV,0,0,0,0,0,5min
RSI_20_70_30_REV__AND__RSI_30_70_30_REV,0,0,0,0,0,5min
RSI_20_70_30_REV__AND__RSI_30_80_20_REV,0,0,0,0,0,5min
RSI_20_70_30_REV__AND__RSI_30_90_10_REV,0,0,0,0,0,5min
RSI_20_80_20_REV__AND__RSI_20_90_10_REV,0,0,0,0,0,5min
RSI_20_80_20_REV__AND__RSI_25_70_30_REV,0,0,0,0,0,5min
RSI_20_80_20_REV__AND__RSI_25_80_20_REV,0,0,0,0,0,5min
RSI_20_80_20_REV__AND__RSI_25_90_10_REV,0,0,0,0,0,5min
RSI_20_80_20_REV__AND__RSI_30_70_30_REV,0,0,0,0,0,5min
RSI_20_80_20_REV__AND__RSI_30_80_20_REV,0,0,0,0,0,5min
RSI_20_80_20_REV__AND__RSI_30_90_10_REV,0,0,0,0,0,5min
RSI_20_90_10_REV__AND__RSI_25_70_30_REV,0,0,0,0,0,5min
RSI_20_90_10_REV__AND__RSI_25_80_20_REV,0,0,0,0,0,5min
RSI_20_90_10_REV__AND__RSI_25_90_10_REV,0,0,0,0,0,5min
RSI_20_90_10_REV__AND__RSI_30_70_30_REV,0,0,0,0,0,5min
RSI_20_90_10_REV__AND__RSI_30_80_20_REV,0,0,0,0,0,5min
RSI_20_90_10_REV__AND__RSI_30_90_10_REV,0,0,0,0,0,5min
RSI_25_70_30_REV__AND__RSI_25_80_20_REV,0,0,0,0,0,5min
RSI_25_70_30_REV__AND__RSI_25_90_10_REV,0,0,0,0,0,5min
RSI_25_70_30_REV__AND__RSI_30_70_30_REV,0,0,0,0,0,5min
RSI_25_70_30_REV__AND__RSI_30_80_20_REV,0,0,0,0,0,5min
RSI_25_70_30_REV__AND__RSI_30_90_10_REV,0,0,0,0,0,5min
RSI_25_80_20_REV__AND__RSI_25_90_10_REV,0,0,0,0,0,5min
RSI_25_80_20_REV__AND__RSI_30_70_30_REV,0,0,0,0,0,5min
RSI_25_80_20_REV__AND__RSI_30_80_20_REV,0,0,0,0,0,5min
RSI_25_80_20_REV__AND__RSI_30_90_10_REV,0,0,0,0,0,5min
RSI_25_90_10_REV__AND__RSI_30_70_30_REV,0,0,0,0,0,5min
RSI_25_90_10_REV__AND__RSI_30_80_20_REV,0,0,0,0,0,5min
RSI_25_90_10_REV__AND__RSI_30_90_10_REV,0,0,0,0,0,5min
RSI_30_70_30_REV__AND__RSI_30_80_20_REV,0,0,0,0,0,5min
RSI_30_70_30_REV__AND__RSI_30_90_10_REV,0,0,0,0,0,5min
RSI_30_80_20_REV__AND__RSI_30_90_10_REV,0,0,0,0,0,5min
