interval,interval_label,time,open,close,high,low,average,median,stddev,mad,S1,R1,S2,R2,rate_of_change,range,diff,volume,buy_qty,sell_qty,RSI_5_70_30,RSI_5_80_20,RSI_5_90_10,RSI_10_70_30,RSI_10_80_20,RSI_10_90_10,RSI_14_70_30,RSI_14_80_20,RSI_14_90_10,RSI_15_70_30,RSI_15_80_20,RSI_15_90_10,RSI_20_70_30,RSI_20_80_20,RSI_20_90_10,RSI_25_70_30,RSI_25_80_20,RSI_25_90_10,RSI_30_70_30,RSI_30_80_20,RSI_30_90_10,MACD_4_8_3,MACD_8_16_6,MACD_12_24_9,MACD_12_26_9,MACD_16_32_12,MACD_20_40_15,MACD_24_48_18,Bollinger_5_1,Bollinger_5_1.5,Bollinger_5_2,Bollinger_10_1,Bollinger_10_1.5,Bollinger_10_2,Bollinger_15_1,Bollinger_15_1.5,Bollinger_15_2,Bollinger_20_1,Bollinger_20_1.5,Bollinger_20_2,Bollinger_25_1,Bollinger_25_1.5,Bollinger_25_2,Bollinger_30_1,Bollinger_30_1.5,Bollinger_30_2,EMA_5_13,EMA_9_21,EMA_12_28,EMA_15_35,EMA_18_42,EMA_21_49,EMA_24_56,EMA_27_63,EMA_30_70,ADX_14,ADX_20,Stoch_14_3,Stoch_14_5,predicted_direction,label
60,1min,1765165671,26163.75,26161.2,26164.65,26155.65,26160.45,26160.5,2.71,2.6,26156.35,26165.35,26151.5,26169.5,-0.01,9.0,-2.55,0.0,0.0,0.0,,,,,,,,,,,,,,,,,,,,,,,,,,,,,,,,,,,,,,,,,,,,,,,,,,,,,,,,,,,,NEUTRAL,neutral
60,1min,1765165731,26161.45,26157.15,26162.7,26149.2,26154.93,26154.6,3.5,2.55,26150.0,26163.5,26142.85,26169.85,-0.02,13.5,-4.3,0.0,0.0,0.0,,,,,,,,,,,,,,,,,,,,,,,,,,,,,,,,,,,,,,,,,,,,,,,,,,,,,,,,,,,,NEUTRAL,neutral
60,1min,1765165791,26158.2,26168.35,26168.9,26142.05,26153.57,26151.2,7.53,6.05,26150.63,26177.48,26132.92,26186.62,0.04,26.85,10.15,0.0,0.0,0.0,,,,,,,,,,,,,,,,,,,,,,,,,,,,,,,,,,,,,,,,,,,,,,,,,,,,,,,,,,,,NEUTRAL,neutral
60,1min,1765165851,26168.65,26163.55,26172.75,26161.6,26165.43,26164.7,2.79,1.65,26159.18,26170.33,26154.82,26177.12,-0.02,11.15,-5.1,0.0,0.0,0.0,,,,,,,,,,,,,,,,,,,,,,,,,,,,,,,,,,,,,,,,,,,,,,,,,,,,,,,,,,,,NEUTRAL,neutral
60,1min,1765165911,26163.8,26170.7,26178.4,26161.05,26169.07,26169.32,5.11,4.55,26161.7,26179.05,26152.7,26187.4,0.03,17.35,6.9,0.0,0.0,0.0,,,,,,,,,,,,,,,,,,,,,,,,,,,,,UP,NEUTRAL,NEUTRAL,,,,,,,,,,,,,,,,,,,,,,,,,,,,,UP,bad
60,1min,1765165971,26171.15,26171.5,26172.35,26165.8,26169.49,26169.62,1.4,0.97,26167.42,26173.97,26163.33,26176.43,0.0,6.55,0.35,0.0,0.0,0.0,NEUTRAL,NEUTRAL,NEUTRAL,,,,,,,,,,,,,,,,,,,,,,,,,,NEUTRAL,NEUTRAL,NEUTRAL,,,,,,,,,,,,,,,,,,,,,,,,,,,,,NEUTRAL,neutral
60,1min,1765166031,26171.55,26171.05,26177.9,26169.2,26173.01,26172.68,2.42,1.9,26167.53,26176.23,26164.02,26181.42,-0.0,8.7,-0.5,0.0,0.0,0.0,NEUTRAL,NEUTRAL,NEUTRAL,,,,,,,,,,,,,,,,,,,,,,,,,,NEUTRAL,NEUTRAL,NEUTRAL,,,,,,,,,,,,,,,,,,,,,,,,,,,,,NEUTRAL,neutral
60,1min,1765166091,26170.85,26158.6,26172.6,26154.6,26161.26,26158.4,5.57,2.75,26151.27,26169.27,26143.93,26179.93,-0.05,18.0,-12.25,0.0,0.0,0.0,NEUTRAL,NEUTRAL,NEUTRAL,,,,,,,,,,,,,,,,,,,,,,,,,,DOWN,DOWN,NEUTRAL,,,,,,,,,,,,,,,,,,,,,,,,,,,,,DOWN,good
60,1min,1765166151,26159.5,26148.35,26163.7,26148.35,26158.24,26159.07,3.31,2.08,26143.23,26158.58,26138.12,26168.82,-0.04,15.35,-11.15,0.0,0.0,0.0,UP,NEUTRAL,NEUTRAL,,,,,,,,,,,,,,,,,,,,,,,,,,DOWN,DOWN,NEUTRAL,,,,,,,,,,,,,,,,,,,,,,,,,,,,,DOWN,good
60,1min,1765166211,26148.6,26136.85,26153.4,26136.85,26149.03,26150.55,3.81,1.38,26131.33,26147.88,26125.82,26158.92,-0.04,16.55,-11.75,0.0,0.0,0.0,UP,UP,NEUTRAL,,,,,,,,,,,,,,,,,,,,,,,,,,DOWN,DOWN,NEUTRAL,DOWN,DOWN,DOWN,,,,,,,,,,,,,,,,,,,,,,,,,,DOWN,good
60,1min,1765166271,26138.05,26143.8,26145.4,26132.2,26139.56,26138.8,3.92,3.6,26135.53,26148.73,26127.27,26153.67,0.02,13.2,5.75,0.0,0.0,0.0,NEUTRAL,NEUTRAL,NEUTRAL,NEUTRAL,NEUTRAL,NEUTRAL,,,,,,,,,,,,,,,,DOWN,,,,,,,NEUTRAL,NEUTRAL,NEUTRAL,DOWN,NEUTRAL,NEUTRAL,,,,,,,,,,,,,,,,,,,,,,,,,,DOWN,good
60,1min,1765166331,26144.15,26140.25,26148.6,26139.25,26144.36,26144.18,2.57,2.23,26136.8,26146.15,26133.35,26152.05,-0.01,9.35,-3.9,0.0,0.0,0.0,NEUTRAL,NEUTRAL,NEUTRAL,NEUTRAL,NEUTRAL,NEUTRAL,,,,,,,,,,,,,,,,DOWN,,,,,,,NEUTRAL,NEUTRAL,NEUTRAL,DOWN,NEUTRAL,NEUTRAL,,,,,,,,,,,,,,,,,,,,,,,,,,DOWN,good
60,1min,1765166391,26140.0,26137.2,26140.75,26134.7,26137.39,26137.1,1.39,0.85,26134.35,26140.4,26131.5,26143.6,-0.01,6.05,-2.8,0.0,0.0,0.0,UP,NEUTRAL,NEUTRAL,NEUTRAL,NEUTRAL,NEUTRAL,,,,,,,,,,,,,,,,DOWN,,,,,,,NEUTRAL,NEUTRAL,NEUTRAL,DOWN,NEUTRAL,NEUTRAL,,,,,,,,,,,,,DOWN,,,,,,,,,,,,,DOWN,good
60,1min,1765166451,26138.4,26135.15,26140.0,26132.15,26137.16,26137.3,1.67,1.3,26131.53,26139.38,26127.92,26143.62,-0.01,7.85,-3.25,0.0,0.0,0.0,UP,NEUTRAL,NEUTRAL,NEUTRAL,NEUTRAL,NEUTRAL,,,,,,,,,,,,,,,,DOWN,,,,,,,DOWN,NEUTRAL,NEUTRAL,DOWN,NEUTRAL,NEUTRAL,,,,,,,,,,,,,UP,,,,,,,,,,,,,DOWN,good
60,1min,1765166511,26134.15,26135.7,26136.55,26127.25,26131.59,26131.9,2.12,1.5,26129.78,26139.08,26123.87,26142.47,0.01,9.3,1.55,0.0,0.0,0.0,UP,NEUTRAL,NEUTRAL,NEUTRAL,NEUTRAL,NEUTRAL,NEUTRAL,NEUTRAL,NEUTRAL,,,,,,,,,,,,,UP,,,,,,,NEUTRAL,NEUTRAL,NEUTRAL,NEUTRAL,NEUTRAL,NEUTRAL,DOWN,NEUTRAL,NEUTRAL,,,,,,,,,,DOWN,,,,,,,,,,,,,NEUTRAL,neutral
60,1min,1765166571,26136.0,26142.7,26143.25,26132.85,26137.9,26137.15,2.91,2.37,26135.95,26146.35,26129.2,26150.0,0.03,10.4,6.7,0.0,0.0,0.0,NEUTRAL,NEUTRAL,NEUTRAL,NEUTRAL,NEUTRAL,NEUTRAL,NEUTRAL,NEUTRAL,NEUTRAL,NEUTRAL,NEUTRAL,NEUTRAL,,,,,,,,,,UP,,,,,,,UP,UP,NEUTRAL,NEUTRAL,NEUTRAL,NEUTRAL,NEUTRAL,NEUTRAL,NEUTRAL,,,,,,,,,,UP,,,,,,,,,,,,,UP,bad
60,1min,1765166631,26142.65,26132.2,26144.05,26131.65,26138.15,26138.12,4.0,4.22,26127.88,26140.28,26123.57,26148.37,-0.04,12.4,-10.45,0.0,0.0,0.0,NEUTRAL,NEUTRAL,NEUTRAL,NEUTRAL,NEUTRAL,NEUTRAL,NEUTRAL,NEUTRAL,NEUTRAL,NEUTRAL,NEUTRAL,NEUTRAL,,,,,,,,,,UP,,,,,,,DOWN,NEUTRAL,NEUTRAL,DOWN,NEUTRAL,NEUTRAL,DOWN,NEUTRAL,NEUTRAL,,,,,,,,,,UP,,,,,,,,,,,NEUTRAL,,DOWN,good
60,1min,1765166691,26132.3,26118.7,26132.5,26118.3,26125.34,26125.65,3.64,2.6,26113.83,26128.03,26108.97,26137.37,-0.05,14.2,-13.6,0.0,0.0,0.0,UP,NEUTRAL,NEUTRAL,UP,NEUTRAL,NEUTRAL,UP,NEUTRAL,NEUTRAL,UP,NEUTRAL,NEUTRAL,,,,,,,,,,DOWN,,,,,,,DOWN,DOWN,NEUTRAL,DOWN,DOWN,DOWN,DOWN,DOWN,NEUTRAL,,,,,,,,,,DOWN,,,,,,,,,,,NEUTRAL,,DOWN,bad
60,1min,1765166751,26118.05,26122.7,26123.8,26112.0,26115.81,26115.02,3.03,1.6,26115.2,26127.0,26107.7,26131.3,0.02,11.8,4.65,0.0,0.0,0.0,UP,NEUTRAL,NEUTRAL,NEUTRAL,NEUTRAL,NEUTRAL,NEUTRAL,NEUTRAL,NEUTRAL,NEUTRAL,NEUTRAL,NEUTRAL,,,,,,,,,,DOWN,,,,,,,NEUTRAL,NEUTRAL,NEUTRAL,DOWN,DOWN,NEUTRAL,DOWN,NEUTRAL,NEUTRAL,,,,,,,,,,DOWN,,,,,,,,,,,UP,UP,DOWN,good
60,1min,1765166811,26123.4,26124.2,26127.6,26123.0,26125.24,26125.2,0.88,0.68,26122.27,26126.87,26120.33,26129.53,0.0,4.6,0.8,0.0,0.0,0.0,NEUTRAL,NEUTRAL,NEUTRAL,NEUTRAL,NEUTRAL,NEUTRAL,NEUTRAL,NEUTRAL,NEUTRAL,NEUTRAL,NEUTRAL,NEUTRAL,,,,,,,,,,DOWN,,,,,,,NEUTRAL,NEUTRAL,NEUTRAL,DOWN,NEUTRAL,NEUTRAL,DOWN,NEUTRAL,NEUTRAL,DOWN,NEUTRAL,NEUTRAL,,,,,,,DOWN,,,,,,,,,,,UP,UP,DOWN,good
60,1min,1765166871,26123.3,26121.8,26123.9,26117.35,26121.13,26121.4,1.53,0.8,26118.13,26124.68,26114.47,26127.57,-0.01,6.55,-1.5,0.0,0.0,0.0,NEUTRAL,NEUTRAL,NEUTRAL,NEUTRAL,NEUTRAL,NEUTRAL,NEUTRAL,NEUTRAL,NEUTRAL,NEUTRAL,NEUTRAL,NEUTRAL,NEUTRAL,NEUTRAL,NEUTRAL,,,,,,,UP,,,,,,,NEUTRAL,NEUTRAL,NEUTRAL,DOWN,NEUTRAL,NEUTRAL,DOWN,NEUTRAL,NEUTRAL,DOWN,NEUTRAL,NEUTRAL,,,,,,,DOWN,DOWN,,,,,,,,,,NEUTRAL,UP,DOWN,good
60,1min,1765166931,26121.55,26119.65,26125.2,26119.0,26121.53,26121.1,1.61,1.0,26117.37,26123.57,26115.08,26127.48,-0.01,6.2,-1.9,0.0,0.0,0.0,UP,NEUTRAL,NEUTRAL,NEUTRAL,NEUTRAL,NEUTRAL,NEUTRAL,NEUTRAL,NEUTRAL,NEUTRAL,NEUTRAL,NEUTRAL,NEUTRAL,NEUTRAL,NEUTRAL,,,,,,,DOWN,DOWN,,,,,,NEUTRAL,NEUTRAL,NEUTRAL,DOWN,NEUTRAL,NEUTRAL,DOWN,NEUTRAL,NEUTRAL,DOWN,NEUTRAL,NEUTRAL,,,,,,,UP,UP,,,,,,,,,,NEUTRAL,UP,DOWN,good
60,1min,1765166991,26120.2,26117.05,26120.35,26113.05,26117.99,26118.3,1.55,1.15,26113.28,26120.58,26109.52,26124.12,-0.01,7.3,-3.15,0.0,0.0,0.0,UP,NEUTRAL,NEUTRAL,UP,NEUTRAL,NEUTRAL,NEUTRAL,NEUTRAL,NEUTRAL,NEUTRAL,NEUTRAL,NEUTRAL,NEUTRAL,NEUTRAL,NEUTRAL,,,,,,,DOWN,DOWN,,,,,,DOWN,DOWN,NEUTRAL,DOWN,NEUTRAL,NEUTRAL,DOWN,NEUTRAL,NEUTRAL,DOWN,NEUTRAL,NEUTRAL,,,,,,,DOWN,DOWN,,,,,,,,,,NEUTRAL,NEUTRAL,DOWN,good
60,1min,1765167051,26117.75,26118.0,26118.95,26112.25,26115.24,26115.0,1.7,1.25,26113.85,26120.55,26109.7,26123.1,0.0,6.7,0.25,0.0,0.0,0.0,UP,NEUTRAL,NEUTRAL,NEUTRAL,NEUTRAL,NEUTRAL,NEUTRAL,NEUTRAL,NEUTRAL,NEUTRAL,NEUTRAL,NEUTRAL,NEUTRAL,NEUTRAL,NEUTRAL,,,,,,,UP,UP,,,,,,NEUTRAL,NEUTRAL,NEUTRAL,NEUTRAL,NEUTRAL,NEUTRAL,DOWN,NEUTRAL,NEUTRAL,DOWN,NEUTRAL,NEUTRAL,,,,,,,DOWN,UP,,,,,,,,,,UP,UP,UP,good
60,1min,1765167111,26117.5,26122.55,26123.6,26116.0,26119.33,26119.55,1.98,1.2,26117.83,26125.43,26113.12,26128.32,0.02,7.6,5.05,0.0,0.0,0.0,NEUTRAL,NEUTRAL,NEUTRAL,NEUTRAL,NEUTRAL,NEUTRAL,NEUTRAL,NEUTRAL,NEUTRAL,NEUTRAL,NEUTRAL,NEUTRAL,NEUTRAL,NEUTRAL,NEUTRAL,,,,,,,UP,UP,,,,,,UP,NEUTRAL,NEUTRAL,NEUTRAL,NEUTRAL,NEUTRAL,NEUTRAL,NEUTRAL,NEUTRAL,NEUTRAL,NEUTRAL,NEUTRAL,DOWN,NEUTRAL,NEUTRAL,,,,DOWN,UP,,,,,,,,,,NEUTRAL,NEUTRAL,UP,good
60,1min,1765167171,26122.9,26132.4,26135.5,26121.85,26129.15,26129.88,3.19,1.4,26124.33,26137.98,26116.27,26143.57,0.04,13.65,9.5,0.0,0.0,0.0,NEUTRAL,NEUTRAL,NEUTRAL,NEUTRAL,NEUTRAL,NEUTRAL,NEUTRAL,NEUTRAL,NEUTRAL,NEUTRAL,NEUTRAL,NEUTRAL,NEUTRAL,NEUTRAL,NEUTRAL,NEUTRAL,NEUTRAL,NEUTRAL,,,,UP,UP,,,,,,UP,UP,NEUTRAL,UP,UP,NEUTRAL,NEUTRAL,NEUTRAL,NEUTRAL,NEUTRAL,NEUTRAL,NEUTRAL,NEUTRAL,NEUTRAL,NEUTRAL,,,,UP,DOWN,,,,,,,,,,NEUTRAL,NEUTRAL,UP,bad
60,1min,1765167231,26130.8,26131.85,26134.65,26129.9,26132.34,26132.4,1.08,0.85,26129.62,26134.37,26127.38,26136.88,0.0,4.75,1.05,0.0,0.0,0.0,NEUTRAL,NEUTRAL,NEUTRAL,NEUTRAL,NEUTRAL,NEUTRAL,NEUTRAL,NEUTRAL,NEUTRAL,NEUTRAL,NEUTRAL,NEUTRAL,NEUTRAL,NEUTRAL,NEUTRAL,NEUTRAL,NEUTRAL,NEUTRAL,,,,UP,UP,,,,,,UP,NEUTRAL,NEUTRAL,UP,UP,NEUTRAL,NEUTRAL,NEUTRAL,NEUTRAL,NEUTRAL,NEUTRAL,NEUTRAL,NEUTRAL,NEUTRAL,NEUTRAL,,,,UP,DOWN,,,,,,,,,,NEUTRAL,NEUTRAL,UP,bad
60,1min,1765167291,26131.15,26120.7,26131.45,26120.7,26127.12,26127.62,2.45,1.35,26117.12,26127.87,26113.53,26135.03,-0.04,10.75,-10.45,0.0,0.0,0.0,NEUTRAL,NEUTRAL,NEUTRAL,NEUTRAL,NEUTRAL,NEUTRAL,NEUTRAL,NEUTRAL,NEUTRAL,NEUTRAL,NEUTRAL,NEUTRAL,NEUTRAL,NEUTRAL,NEUTRAL,NEUTRAL,NEUTRAL,NEUTRAL,,,,DOWN,UP,,,,,,NEUTRAL,NEUTRAL,NEUTRAL,NEUTRAL,NEUTRAL,NEUTRAL,NEUTRAL,NEUTRAL,NEUTRAL,NEUTRAL,NEUTRAL,NEUTRAL,NEUTRAL,NEUTRAL,NEUTRAL,,,,DOWN,DOWN,DOWN,,,,,,,,,NEUTRAL,NEUTRAL,DOWN,good
60,1min,1765167351,26121.95,26115.5,26123.45,26114.15,26117.24,26115.75,2.76,1.1,26111.95,26121.25,26108.4,26127.0,-0.02,9.3,-6.45,0.0,0.0,0.0,NEUTRAL,NEUTRAL,NEUTRAL,NEUTRAL,NEUTRAL,NEUTRAL,NEUTRAL,NEUTRAL,NEUTRAL,NEUTRAL,NEUTRAL,NEUTRAL,NEUTRAL,NEUTRAL,NEUTRAL,NEUTRAL,NEUTRAL,NEUTRAL,,,,DOWN,UP,,,,,,DOWN,NEUTRAL,NEUTRAL,DOWN,NEUTRAL,NEUTRAL,DOWN,NEUTRAL,NEUTRAL,DOWN,NEUTRAL,NEUTRAL,DOWN,NEUTRAL,NEUTRAL,,,,DOWN,DOWN,UP,,,,,,,DOWN,,NEUTRAL,NEUTRAL,DOWN,good
60,1min,1765167411,26115.95,26106.45,26118.25,26106.2,26112.26,26112.15,3.82,3.55,26102.35,26114.4,26098.25,26122.35,-0.04,12.05,-9.5,0.0,0.0,0.0,UP,NEUTRAL,NEUTRAL,UP,NEUTRAL,NEUTRAL,NEUTRAL,NEUTRAL,NEUTRAL,NEUTRAL,NEUTRAL,NEUTRAL,NEUTRAL,NEUTRAL,NEUTRAL,NEUTRAL,NEUTRAL,NEUTRAL,,,,DOWN,DOWN,,,,,,DOWN,DOWN,NEUTRAL,DOWN,DOWN,NEUTRAL,DOWN,DOWN,NEUTRAL,DOWN,DOWN,DOWN,DOWN,DOWN,NEUTRAL,DOWN,DOWN,NEUTRAL,UP,UP,DOWN,,,,,,,DOWN,,NEUTRAL,NEUTRAL,DOWN,good
60,1min,1765167471,26106.75,26104.55,26107.95,26097.25,26101.97,26101.8,2.69,2.15,26098.55,26109.25,26092.55,26113.95,-0.01,10.7,-2.2,0.0,0.0,0.0,UP,NEUTRAL,NEUTRAL,UP,NEUTRAL,NEUTRAL,NEUTRAL,NEUTRAL,NEUTRAL,NEUTRAL,NEUTRAL,NEUTRAL,NEUTRAL,NEUTRAL,NEUTRAL,NEUTRAL,NEUTRAL,NEUTRAL,NEUTRAL,NEUTRAL,NEUTRAL,DOWN,DOWN,,,,,,DOWN,NEUTRAL,NEUTRAL,DOWN,DOWN,NEUTRAL,DOWN,DOWN,DOWN,DOWN,DOWN,NEUTRAL,DOWN,DOWN,NEUTRAL,DOWN,DOWN,NEUTRAL,UP,DOWN,UP,,,,,,,DOWN,,UP,NEUTRAL,DOWN,good
60,1min,1765167531,26104.2,26102.75,26105.1,26098.6,26101.64,26101.65,1.29,0.9,26099.2,26105.7,26095.65,26108.65,-0.01,6.5,-1.45,0.0,0.0,0.0,UP,UP,NEUTRAL,UP,NEUTRAL,NEUTRAL,UP,NEUTRAL,NEUTRAL,NEUTRAL,NEUTRAL,NEUTRAL,NEUTRAL,NEUTRAL,NEUTRAL,NEUTRAL,NEUTRAL,NEUTRAL,NEUTRAL,NEUTRAL,NEUTRAL,DOWN,DOWN,,,,,,DOWN,NEUTRAL,NEUTRAL,DOWN,NEUTRAL,NEUTRAL,DOWN,DOWN,NEUTRAL,DOWN,DOWN,NEUTRAL,DOWN,DOWN,NEUTRAL,DOWN,DOWN,NEUTRAL,DOWN,DOWN,UP,,,,,,,DOWN,,UP,NEUTRAL,DOWN,good
60,1min,1765167591,26102.85,26093.55,26104.0,26093.55,26099.56,26100.55,2.7,1.55,26090.07,26100.52,26086.58,26107.48,-0.04,10.45,-9.3,0.0,0.0,0.0,UP,UP,NEUTRAL,UP,NEUTRAL,NEUTRAL,UP,NEUTRAL,NEUTRAL,UP,NEUTRAL,NEUTRAL,UP,NEUTRAL,NEUTRAL,UP,NEUTRAL,NEUTRAL,NEUTRAL,NEUTRAL,NEUTRAL,DOWN,DOWN,DOWN,,,,,DOWN,DOWN,NEUTRAL,DOWN,DOWN,NEUTRAL,DOWN,DOWN,DOWN,DOWN,DOWN,DOWN,DOWN,DOWN,DOWN,DOWN,DOWN,NEUTRAL,DOWN,DOWN,DOWN,,,,,,,DOWN,,NEUTRAL,NEUTRAL,DOWN,good
60,1min,1765167651,26093.1,26093.5,26095.55,26084.55,26089.64,26089.25,2.7,2.15,26086.85,26097.85,26080.2,26102.2,0.0,11.0,0.4,0.0,0.0,0.0,UP,UP,NEUTRAL,UP,NEUTRAL,NEUTRAL,UP,NEUTRAL,NEUTRAL,UP,NEUTRAL,NEUTRAL,UP,NEUTRAL,NEUTRAL,UP,NEUTRAL,NEUTRAL,NEUTRAL,NEUTRAL,NEUTRAL,DOWN,DOWN,DOWN,,,,,DOWN,NEUTRAL,NEUTRAL,DOWN,NEUTRAL,NEUTRAL,DOWN,DOWN,NEUTRAL,DOWN,DOWN,NEUTRAL,DOWN,DOWN,DOWN,DOWN,DOWN,NEUTRAL,DOWN,UP,DOWN,,,,,,,DOWN,,UP,UP,DOWN,good
60,1min,1765167711,26094.55,26091.65,26096.2,26091.45,26094.17,26094.4,1.08,0.7,26090.0,26094.75,26088.35,26097.85,-0.01,4.75,-2.9,0.0,0.0,0.0,UP,UP,NEUTRAL,UP,NEUTRAL,NEUTRAL,UP,NEUTRAL,NEUTRAL,UP,NEUTRAL,NEUTRAL,UP,NEUTRAL,NEUTRAL,UP,NEUTRAL,NEUTRAL,NEUTRAL,NEUTRAL,NEUTRAL,DOWN,DOWN,DOWN,DOWN,,,,DOWN,NEUTRAL,NEUTRAL,DOWN,NEUTRAL,NEUTRAL,DOWN,DOWN,NEUTRAL,DOWN,DOWN,NEUTRAL,DOWN,DOWN,NEUTRAL,DOWN,DOWN,NEUTRAL,UP,UP,DOWN,DOWN,,,,,,DOWN,,UP,UP,DOWN,good
60,1min,1765167771,26091.7,26081.45,26092.5,26081.45,26086.59,26086.25,3.42,3.15,26077.77,26088.82,26074.08,26096.18,-0.04,11.05,-10.25,0.0,0.0,0.0,UP,UP,UP,UP,UP,NEUTRAL,UP,NEUTRAL,NEUTRAL,UP,NEUTRAL,NEUTRAL,UP,NEUTRAL,NEUTRAL,UP,NEUTRAL,NEUTRAL,UP,NEUTRAL,NEUTRAL,DOWN,DOWN,DOWN,DOWN,,,,DOWN,DOWN,NEUTRAL,DOWN,DOWN,NEUTRAL,DOWN,DOWN,NEUTRAL,DOWN,DOWN,DOWN,DOWN,DOWN,DOWN,DOWN,DOWN,DOWN,UP,DOWN,DOWN,UP,,,,,,DOWN,,NEUTRAL,NEUTRAL,DOWN,bad
60,1min,1765167831,26081.5,26083.8,26089.7,26080.2,26085.09,26084.9,2.33,1.95,26079.43,26088.93,26075.07,26094.07,0.01,9.5,2.3,0.0,0.0,0.0,UP,UP,NEUTRAL,UP,NEUTRAL,NEUTRAL,UP,NEUTRAL,NEUTRAL,UP,NEUTRAL,NEUTRAL,UP,NEUTRAL,NEUTRAL,UP,NEUTRAL,NEUTRAL,UP,NEUTRAL,NEUTRAL,UP,DOWN,DOWN,DOWN,,,,NEUTRAL,NEUTRAL,NEUTRAL,DOWN,NEUTRAL,NEUTRAL,DOWN,DOWN,NEUTRAL,DOWN,DOWN,NEUTRAL,DOWN,DOWN,NEUTRAL,DOWN,DOWN,NEUTRAL,UP,DOWN,UP,DOWN,,,,,,DOWN,,NEUTRAL,NEUTRAL,DOWN,bad
60,1min,1765167891,26083.9,26087.8,26088.5,26080.5,26084.13,26083.85,2.21,1.65,26082.7,26090.7,26077.6,26093.6,0.01,8.0,3.9,0.0,0.0,0.0,NEUTRAL,NEUTRAL,NEUTRAL,UP,NEUTRAL,NEUTRAL,UP,NEUTRAL,NEUTRAL,UP,NEUTRAL,NEUTRAL,UP,NEUTRAL,NEUTRAL,NEUTRAL,NEUTRAL,NEUTRAL,NEUTRAL,NEUTRAL,NEUTRAL,UP,DOWN,DOWN,DOWN,,,,NEUTRAL,NEUTRAL,NEUTRAL,NEUTRAL,NEUTRAL,NEUTRAL,DOWN,NEUTRAL,NEUTRAL,DOWN,NEUTRAL,NEUTRAL,DOWN,DOWN,NEUTRAL,DOWN,DOWN,NEUTRAL,DOWN,UP,DOWN,UP,,,,,,DOWN,,UP,UP,DOWN,good
60,1min,1765167951,26087.5,26084.7,26089.25,26084.3,26086.89,26086.85,1.15,0.95,26082.92,26087.87,26081.13,26091.03,-0.01,4.95,-2.8,0.0,0.0,0.0,UP,NEUTRAL,NEUTRAL,UP,NEUTRAL,NEUTRAL,UP,NEUTRAL,NEUTRAL,UP,NEUTRAL,NEUTRAL,UP,NEUTRAL,NEUTRAL,UP,NEUTRAL,NEUTRAL,NEUTRAL,NEUTRAL,NEUTRAL,UP,DOWN,DOWN,DOWN,,,,NEUTRAL,NEUTRAL,NEUTRAL,NEUTRAL,NEUTRAL,NEUTRAL,DOWN,NEUTRAL,NEUTRAL,DOWN,NEUTRAL,NEUTRAL,DOWN,DOWN,NEUTRAL,DOWN,DOWN,NEUTRAL,DOWN,UP,DOWN,UP,,,,,,DOWN,,NEUTRAL,NEUTRAL,DOWN,good
60,1min,1765168011,26084.2,26079.6,26086.65,26077.65,26082.72,26082.7,2.88,2.95,26075.95,26084.95,26072.3,26090.3,-0.02,9.0,-4.6,0.0,0.0,0.0,UP,NEUTRAL,NEUTRAL,UP,NEUTRAL,NEUTRAL,UP,NEUTRAL,NEUTRAL,UP,NEUTRAL,NEUTRAL,UP,NEUTRAL,NEUTRAL,UP,NEUTRAL,NEUTRAL,UP,NEUTRAL,NEUTRAL,DOWN,DOWN,DOWN,DOWN,,,,DOWN,NEUTRAL,NEUTRAL,DOWN,NEUTRAL,NEUTRAL,DOWN,NEUTRAL,NEUTRAL,DOWN,DOWN,NEUTRAL,DOWN,DOWN,NEUTRAL,DOWN,DOWN,NEUTRAL,DOWN,DOWN,DOWN,DOWN,,,,,,DOWN,,NEUTRAL,NEUTRAL,DOWN,good
60,1min,1765168071,26080.65,26082.25,26085.3,26079.4,26082.17,26082.05,1.48,1.08,26079.33,26085.23,26076.42,26088.22,0.01,5.9,1.6,0.0,0.0,0.0,NEUTRAL,NEUTRAL,NEUTRAL,UP,NEUTRAL,NEUTRAL,UP,NEUTRAL,NEUTRAL,UP,NEUTRAL,NEUTRAL,UP,NEUTRAL,NEUTRAL,NEUTRAL,NEUTRAL,NEUTRAL,NEUTRAL,NEUTRAL,NEUTRAL,UP,DOWN,DOWN,DOWN,,,,NEUTRAL,NEUTRAL,NEUTRAL,NEUTRAL,NEUTRAL,NEUTRAL,NEUTRAL,NEUTRAL,NEUTRAL,DOWN,NEUTRAL,NEUTRAL,DOWN,NEUTRAL,NEUTRAL,DOWN,DOWN,NEUTRAL,DOWN,DOWN,UP,DOWN,,,,,,DOWN,DOWN,UP,UP,DOWN,good
60,1min,1765168131,26082.6,26084.6,26086.05,26079.75,26082.93,26083.0,1.55,1.2,26080.88,26087.18,26077.17,26089.77,0.01,6.3,2.0,0.0,0.0,0.0,NEUTRAL,NEUTRAL,NEUTRAL,NEUTRAL,NEUTRAL,NEUTRAL,NEUTRAL,NEUTRAL,NEUTRAL,NEUTRAL,NEUTRAL,NEUTRAL,NEUTRAL,NEUTRAL,NEUTRAL,NEUTRAL,NEUTRAL,NEUTRAL,NEUTRAL,NEUTRAL,NEUTRAL,UP,UP,DOWN,DOWN,,,,NEUTRAL,NEUTRAL,NEUTRAL,NEUTRAL,NEUTRAL,NEUTRAL,NEUTRAL,NEUTRAL,NEUTRAL,NEUTRAL,NEUTRAL,NEUTRAL,DOWN,NEUTRAL,NEUTRAL,DOWN,NEUTRAL,NEUTRAL,DOWN,DOWN,UP,DOWN,DOWN,,,,,DOWN,DOWN,UP,UP,DOWN,good
60,1min,1765168191,26084.7,26083.6,26086.55,26079.15,26082.56,26082.57,1.91,1.35,26079.65,26087.05,26075.7,26090.5,-0.0,7.4,-1.1,0.0,0.0,0.0,NEUTRAL,NEUTRAL,NEUTRAL,NEUTRAL,NEUTRAL,NEUTRAL,NEUTRAL,NEUTRAL,NEUTRAL,NEUTRAL,NEUTRAL,NEUTRAL,NEUTRAL,NEUTRAL,NEUTRAL,NEUTRAL,NEUTRAL,NEUTRAL,NEUTRAL,NEUTRAL,NEUTRAL,UP,UP,DOWN,DOWN,,,,NEUTRAL,NEUTRAL,NEUTRAL,NEUTRAL,NEUTRAL,NEUTRAL,NEUTRAL,NEUTRAL,NEUTRAL,NEUTRAL,NEUTRAL,NEUTRAL,DOWN,NEUTRAL,NEUTRAL,DOWN,NEUTRAL,NEUTRAL,DOWN,UP,DOWN,DOWN,UP,,,,,DOWN,DOWN,UP,UP,DOWN,good
60,1min,1765168251,26082.75,26089.9,26092.25,26082.75,26088.37,26089.4,2.61,1.55,26084.35,26093.85,26078.8,26097.8,0.03,9.5,7.15,0.0,0.0,0.0,NEUTRAL,NEUTRAL,NEUTRAL,NEUTRAL,NEUTRAL,NEUTRAL,NEUTRAL,NEUTRAL,NEUTRAL,NEUTRAL,NEUTRAL,NEUTRAL,NEUTRAL,NEUTRAL,NEUTRAL,NEUTRAL,NEUTRAL,NEUTRAL,NEUTRAL,NEUTRAL,NEUTRAL,UP,UP,UP,UP,DOWN,,,UP,UP,NEUTRAL,UP,NEUTRAL,NEUTRAL,NEUTRAL,NEUTRAL,NEUTRAL,NEUTRAL,NEUTRAL,NEUTRAL,NEUTRAL,NEUTRAL,NEUTRAL,NEUTRAL,NEUTRAL,NEUTRAL,DOWN,UP,DOWN,UP,DOWN,,,,,DOWN,DOWN,NEUTRAL,NEUTRAL,UP,bad
60,1min,1765168311,26089.55,26084.45,26091.25,26083.3,26088.14,26088.7,2.07,0.95,26081.42,26089.37,26078.38,26094.28,-0.02,7.95,-5.1,0.0,0.0,0.0,NEUTRAL,NEUTRAL,NEUTRAL,NEUTRAL,NEUTRAL,NEUTRAL,NEUTRAL,NEUTRAL,NEUTRAL,NEUTRAL,NEUTRAL,NEUTRAL,NEUTRAL,NEUTRAL,NEUTRAL,NEUTRAL,NEUTRAL,NEUTRAL,NEUTRAL,NEUTRAL,NEUTRAL,UP,UP,UP,UP,DOWN,,,NEUTRAL,NEUTRAL,NEUTRAL,NEUTRAL,NEUTRAL,NEUTRAL,NEUTRAL,NEUTRAL,NEUTRAL,NEUTRAL,NEUTRAL,NEUTRAL,NEUTRAL,NEUTRAL,NEUTRAL,DOWN,NEUTRAL,NEUTRAL,DOWN,UP,UP,DOWN,UP,,,,,DOWN,DOWN,NEUTRAL,NEUTRAL,UP,bad
60,1min,1765168371,26083.7,26078.05,26084.65,26074.5,26080.13,26081.38,2.68,1.22,26073.48,26083.63,26068.92,26089.22,-0.02,10.15,-5.65,0.0,0.0,0.0,NEUTRAL,NEUTRAL,NEUTRAL,NEUTRAL,NEUTRAL,NEUTRAL,NEUTRAL,NEUTRAL,NEUTRAL,NEUTRAL,NEUTRAL,NEUTRAL,NEUTRAL,NEUTRAL,NEUTRAL,NEUTRAL,NEUTRAL,NEUTRAL,NEUTRAL,NEUTRAL,NEUTRAL,DOWN,UP,UP,UP,UP,,,DOWN,DOWN,NEUTRAL,DOWN,DOWN,NEUTRAL,DOWN,NEUTRAL,NEUTRAL,DOWN,NEUTRAL,NEUTRAL,DOWN,NEUTRAL,NEUTRAL,DOWN,NEUTRAL,NEUTRAL,DOWN,DOWN,UP,DOWN,UP,,,,,DOWN,DOWN,NEUTRAL,NEUTRAL,DOWN,bad
60,1min,1765168431,26078.7,26070.15,26078.8,26069.7,26075.16,26076.75,3.01,1.3,26066.97,26076.07,26063.78,26081.98,-0.03,9.1,-8.55,0.0,0.0,0.0,UP,NEUTRAL,NEUTRAL,UP,NEUTRAL,NEUTRAL,UP,NEUTRAL,NEUTRAL,UP,NEUTRAL,NEUTRAL,UP,NEUTRAL,NEUTRAL,UP,NEUTRAL,NEUTRAL,NEUTRAL,NEUTRAL,NEUTRAL,DOWN,UP,DOWN,DOWN,DOWN,,,DOWN,DOWN,NEUTRAL,DOWN,DOWN,DOWN,DOWN,DOWN,DOWN,DOWN,DOWN,NEUTRAL,DOWN,DOWN,NEUTRAL,DOWN,DOWN,NEUTRAL,DOWN,DOWN,DOWN,DOWN,DOWN,,,,,DOWN,DOWN,NEUTRAL,NEUTRAL,DOWN,bad
60,1min,1765168491,26070.9,26076.1,26076.75,26068.7,26073.2,26074.75,2.64,1.75,26070.95,26079.0,26065.8,26081.9,0.02,8.05,5.2,0.0,0.0,0.0,NEUTRAL,NEUTRAL,NEUTRAL,NEUTRAL,NEUTRAL,NEUTRAL,NEUTRAL,NEUTRAL,NEUTRAL,NEUTRAL,NEUTRAL,NEUTRAL,NEUTRAL,NEUTRAL,NEUTRAL,NEUTRAL,NEUTRAL,NEUTRAL,NEUTRAL,NEUTRAL,NEUTRAL,DOWN,UP,UP,DOWN,UP,,,NEUTRAL,NEUTRAL,NEUTRAL,NEUTRAL,NEUTRAL,NEUTRAL,DOWN,NEUTRAL,NEUTRAL,DOWN,NEUTRAL,NEUTRAL,DOWN,NEUTRAL,NEUTRAL,DOWN,NEUTRAL,NEUTRAL,UP,DOWN,DOWN,UP,DOWN,,,,,DOWN,DOWN,NEUTRAL,NEUTRAL,DOWN,bad
60,1min,1765168551,26076.0,26082.4,26083.1,26076.0,26080.21,26080.18,1.57,0.92,26077.9,26085.0,26073.4,26087.6,0.02,7.1,6.4,0.0,0.0,0.0,NEUTRAL,NEUTRAL,NEUTRAL,NEUTRAL,NEUTRAL,NEUTRAL,NEUTRAL,NEUTRAL,NEUTRAL,NEUTRAL,NEUTRAL,NEUTRAL,NEUTRAL,NEUTRAL,NEUTRAL,NEUTRAL,NEUTRAL,NEUTRAL,NEUTRAL,NEUTRAL,NEUTRAL,UP,UP,UP,UP,UP,,,NEUTRAL,NEUTRAL,NEUTRAL,NEUTRAL,NEUTRAL,NEUTRAL,NEUTRAL,NEUTRAL,NEUTRAL,NEUTRAL,NEUTRAL,NEUTRAL,NEUTRAL,NEUTRAL,NEUTRAL,NEUTRAL,NEUTRAL,NEUTRAL,UP,DOWN,DOWN,UP,DOWN,DOWN,,,,DOWN,DOWN,NEUTRAL,NEUTRAL,UP,good
60,1min,1765168611,26082.65,26078.75,26083.8,26075.95,26079.32,26078.9,1.83,0.8,26075.2,26083.05,26071.65,26087.35,-0.01,7.85,-3.9,0.0,0.0,0.0,NEUTRAL,NEUTRAL,NEUTRAL,NEUTRAL,NEUTRAL,NEUTRAL,NEUTRAL,NEUTRAL,NEUTRAL,NEUTRAL,NEUTRAL,NEUTRAL,NEUTRAL,NEUTRAL,NEUTRAL,NEUTRAL,NEUTRAL,NEUTRAL,NEUTRAL,NEUTRAL,NEUTRAL,UP,UP,UP,UP,UP,,,NEUTRAL,NEUTRAL,NEUTRAL,NEUTRAL,NEUTRAL,NEUTRAL,NEUTRAL,NEUTRAL,NEUTRAL,NEUTRAL,NEUTRAL,NEUTRAL,NEUTRAL,NEUTRAL,NEUTRAL,DOWN,NEUTRAL,NEUTRAL,DOWN,DOWN,UP,DOWN,DOWN,UP,,,,DOWN,DOWN,NEUTRAL,NEUTRAL,NEUTRAL,neutral
60,1min,1765168671,26079.05,26081.65,26082.05,26075.85,26078.58,26078.05,1.67,0.9,26077.65,26083.85,26073.65,26086.05,0.01,6.2,2.6,0.0,0.0,0.0,NEUTRAL,NEUTRAL,NEUTRAL,NEUTRAL,NEUTRAL,NEUTRAL,NEUTRAL,NEUTRAL,NEUTRAL,NEUTRAL,NEUTRAL,NEUTRAL,NEUTRAL,NEUTRAL,NEUTRAL,NEUTRAL,NEUTRAL,NEUTRAL,NEUTRAL,NEUTRAL,NEUTRAL,UP,UP,UP,UP,UP,,,NEUTRAL,NEUTRAL,NEUTRAL,NEUTRAL,NEUTRAL,NEUTRAL,NEUTRAL,NEUTRAL,NEUTRAL,NEUTRAL,NEUTRAL,NEUTRAL,NEUTRAL,NEUTRAL,NEUTRAL,NEUTRAL,NEUTRAL,NEUTRAL,DOWN,DOWN,UP,DOWN,UP,DOWN,,,,DOWN,DOWN,NEUTRAL,NEUTRAL,UP,good
60,1min,1765168731,26081.4,26086.5,26088.05,26081.4,26085.75,26085.9,1.26,0.75,26082.58,26089.23,26078.67,26091.97,0.02,6.65,5.1,0.0,0.0,0.0,NEUTRAL,NEUTRAL,NEUTRAL,NEUTRAL,NEUTRAL,NEUTRAL,NEUTRAL,NEUTRAL,NEUTRAL,NEUTRAL,NEUTRAL,NEUTRAL,NEUTRAL,NEUTRAL,NEUTRAL,NEUTRAL,NEUTRAL,NEUTRAL,NEUTRAL,NEUTRAL,NEUTRAL,UP,UP,UP,UP,UP,,,UP,UP,NEUTRAL,NEUTRAL,NEUTRAL,NEUTRAL,NEUTRAL,NEUTRAL,NEUTRAL,NEUTRAL,NEUTRAL,NEUTRAL,NEUTRAL,NEUTRAL,NEUTRAL,NEUTRAL,NEUTRAL,NEUTRAL,UP,DOWN,UP,UP,DOWN,UP,,,,DOWN,DOWN,NEUTRAL,NEUTRAL,UP,good
60,1min,1765168791,26087.3,26082.55,26087.3,26076.9,26081.1,26081.25,2.38,1.88,26077.2,26087.6,26071.85,26092.65,-0.02,10.4,-4.75,0.0,0.0,0.0,NEUTRAL,NEUTRAL,NEUTRAL,NEUTRAL,NEUTRAL,NEUTRAL,NEUTRAL,NEUTRAL,NEUTRAL,NEUTRAL,NEUTRAL,NEUTRAL,NEUTRAL,NEUTRAL,NEUTRAL,NEUTRAL,NEUTRAL,NEUTRAL,NEUTRAL,NEUTRAL,NEUTRAL,UP,UP,UP,UP,UP,,,NEUTRAL,NEUTRAL,NEUTRAL,NEUTRAL,NEUTRAL,NEUTRAL,NEUTRAL,NEUTRAL,NEUTRAL,NEUTRAL,NEUTRAL,NEUTRAL,NEUTRAL,NEUTRAL,NEUTRAL,NEUTRAL,NEUTRAL,NEUTRAL,UP,DOWN,DOWN,UP,DOWN,UP,,,,DOWN,DOWN,NEUTRAL,NEUTRAL,UP,good
60,1min,1765168851,26082.2,26078.55,26084.5,26077.9,26081.19,26081.6,1.66,1.0,26076.13,26082.73,26073.72,26086.92,-0.01,6.6,-3.65,0.0,0.0,0.0,NEUTRAL,NEUTRAL,NEUTRAL,NEUTRAL,NEUTRAL,NEUTRAL,NEUTRAL,NEUTRAL,NEUTRAL,NEUTRAL,NEUTRAL,NEUTRAL,NEUTRAL,NEUTRAL,NEUTRAL,NEUTRAL,NEUTRAL,NEUTRAL,NEUTRAL,NEUTRAL,NEUTRAL,DOWN,UP,UP,UP,UP,,,DOWN,NEUTRAL,NEUTRAL,NEUTRAL,NEUTRAL,NEUTRAL,NEUTRAL,NEUTRAL,NEUTRAL,NEUTRAL,NEUTRAL,NEUTRAL,NEUTRAL,NEUTRAL,NEUTRAL,NEUTRAL,NEUTRAL,NEUTRAL,DOWN,DOWN,DOWN,DOWN,DOWN,DOWN,,,,DOWN,DOWN,NEUTRAL,NEUTRAL,DOWN,bad
60,1min,1765168911,26079.05,26077.85,26079.85,26075.3,26077.69,26077.72,1.08,0.88,26075.48,26080.03,26073.12,26082.22,-0.0,4.55,-1.2,0.0,0.0,0.0,NEUTRAL,NEUTRAL,NEUTRAL,NEUTRAL,NEUTRAL,NEUTRAL,NEUTRAL,NEUTRAL,NEUTRAL,NEUTRAL,NEUTRAL,NEUTRAL,NEUTRAL,NEUTRAL,NEUTRAL,NEUTRAL,NEUTRAL,NEUTRAL,NEUTRAL,NEUTRAL,NEUTRAL,DOWN,UP,UP,UP,UP,UP,,DOWN,NEUTRAL,NEUTRAL,NEUTRAL,NEUTRAL,NEUTRAL,NEUTRAL,NEUTRAL,NEUTRAL,NEUTRAL,NEUTRAL,NEUTRAL,NEUTRAL,NEUTRAL,NEUTRAL,NEUTRAL,NEUTRAL,NEUTRAL,UP,DOWN,DOWN,DOWN,UP,DOWN,,,,DOWN,DOWN,NEUTRAL,NEUTRAL,DOWN,bad
60,1min,1765168971,26078.15,26083.15,26084.6,26077.25,26080.59,26079.22,2.33,1.6,26078.73,26086.08,26074.32,26089.02,0.02,7.35,5.0,0.0,0.0,0.0,NEUTRAL,NEUTRAL,NEUTRAL,NEUTRAL,NEUTRAL,NEUTRAL,NEUTRAL,NEUTRAL,NEUTRAL,NEUTRAL,NEUTRAL,NEUTRAL,NEUTRAL,NEUTRAL,NEUTRAL,NEUTRAL,NEUTRAL,NEUTRAL,NEUTRAL,NEUTRAL,NEUTRAL,UP,UP,UP,UP,UP,UP,,NEUTRAL,NEUTRAL,NEUTRAL,NEUTRAL,NEUTRAL,NEUTRAL,NEUTRAL,NEUTRAL,NEUTRAL,NEUTRAL,NEUTRAL,NEUTRAL,NEUTRAL,NEUTRAL,NEUTRAL,NEUTRAL,NEUTRAL,NEUTRAL,DOWN,UP,DOWN,DOWN,UP,DOWN,DOWN,,,DOWN,DOWN,NEUTRAL,NEUTRAL,UP,good
60,1min,1765169031,26082.8,26093.8,26093.8,26081.55,26086.22,26086.3,2.91,2.35,26085.63,26097.88,26077.47,26101.97,0.04,12.25,11.0,0.0,0.0,0.0,DOWN,NEUTRAL,NEUTRAL,NEUTRAL,NEUTRAL,NEUTRAL,NEUTRAL,NEUTRAL,NEUTRAL,NEUTRAL,NEUTRAL,NEUTRAL,NEUTRAL,NEUTRAL,NEUTRAL,NEUTRAL,NEUTRAL,NEUTRAL,NEUTRAL,NEUTRAL,NEUTRAL,UP,UP,UP,UP,UP,UP,,UP,UP,NEUTRAL,UP,UP,UP,UP,UP,UP,UP,UP,UP,UP,UP,NEUTRAL,NEUTRAL,NEUTRAL,NEUTRAL,DOWN,UP,DOWN,UP,DOWN,DOWN,UP,,,DOWN,DOWN,NEUTRAL,NEUTRAL,UP,good
60,1min,1765169091,26093.5,26101.5,26102.45,26092.55,26096.74,26096.45,2.43,1.4,26095.22,26105.12,26088.93,26108.73,0.03,9.9,8.0,0.0,0.0,0.0,DOWN,DOWN,NEUTRAL,NEUTRAL,NEUTRAL,NEUTRAL,NEUTRAL,NEUTRAL,NEUTRAL,NEUTRAL,NEUTRAL,NEUTRAL,NEUTRAL,NEUTRAL,NEUTRAL,NEUTRAL,NEUTRAL,NEUTRAL,NEUTRAL,NEUTRAL,NEUTRAL,UP,UP,UP,UP,UP,UP,,UP,UP,NEUTRAL,UP,UP,UP,UP,UP,UP,UP,UP,UP,UP,UP,UP,UP,NEUTRAL,NEUTRAL,DOWN,DOWN,DOWN,UP,DOWN,UP,DOWN,,,UP,DOWN,NEUTRAL,NEUTRAL,UP,bad
60,1min,1765169151,26102.2,26099.55,26109.15,26099.55,26104.69,26104.52,2.18,1.82,26096.35,26105.95,26093.15,26112.35,-0.01,9.6,-2.65,0.0,0.0,0.0,DOWN,NEUTRAL,NEUTRAL,NEUTRAL,NEUTRAL,NEUTRAL,NEUTRAL,NEUTRAL,NEUTRAL,NEUTRAL,NEUTRAL,NEUTRAL,NEUTRAL,NEUTRAL,NEUTRAL,NEUTRAL,NEUTRAL,NEUTRAL,NEUTRAL,NEUTRAL,NEUTRAL,UP,UP,UP,UP,UP,UP,,NEUTRAL,NEUTRAL,NEUTRAL,UP,UP,NEUTRAL,UP,UP,NEUTRAL,UP,UP,UP,UP,UP,UP,UP,NEUTRAL,NEUTRAL,UP,DOWN,DOWN,UP,UP,DOWN,UP,,,UP,UP,NEUTRAL,NEUTRAL,UP,bad
60,1min,1765169211,26099.25,26086.95,26099.25,26083.65,26089.9,26088.82,4.07,1.93,26080.65,26096.25,26074.35,26105.55,-0.05,15.6,-12.3,0.0,0.0,0.0,NEUTRAL,NEUTRAL,NEUTRAL,NEUTRAL,NEUTRAL,NEUTRAL,NEUTRAL,NEUTRAL,NEUTRAL,NEUTRAL,NEUTRAL,NEUTRAL,NEUTRAL,NEUTRAL,NEUTRAL,NEUTRAL,NEUTRAL,NEUTRAL,NEUTRAL,NEUTRAL,NEUTRAL,DOWN,UP,UP,UP,UP,UP,,NEUTRAL,NEUTRAL,NEUTRAL,NEUTRAL,NEUTRAL,NEUTRAL,NEUTRAL,NEUTRAL,NEUTRAL,NEUTRAL,NEUTRAL,NEUTRAL,NEUTRAL,NEUTRAL,NEUTRAL,NEUTRAL,NEUTRAL,NEUTRAL,UP,UP,DOWN,DOWN,UP,DOWN,UP,,,DOWN,DOWN,NEUTRAL,NEUTRAL,UP,good
60,1min,1765169271,26086.55,26083.15,26090.6,26081.75,26085.66,26085.65,2.2,2.0,26079.73,26088.58,26076.32,26094.02,-0.01,8.85,-3.4,0.0,0.0,0.0,NEUTRAL,NEUTRAL,NEUTRAL,NEUTRAL,NEUTRAL,NEUTRAL,NEUTRAL,NEUTRAL,NEUTRAL,NEUTRAL,NEUTRAL,NEUTRAL,NEUTRAL,NEUTRAL,NEUTRAL,NEUTRAL,NEUTRAL,NEUTRAL,NEUTRAL,NEUTRAL,NEUTRAL,DOWN,DOWN,UP,UP,UP,UP,,DOWN,NEUTRAL,NEUTRAL,NEUTRAL,NEUTRAL,NEUTRAL,NEUTRAL,NEUTRAL,NEUTRAL,NEUTRAL,NEUTRAL,NEUTRAL,NEUTRAL,NEUTRAL,NEUTRAL,NEUTRAL,NEUTRAL,NEUTRAL,DOWN,UP,DOWN,DOWN,DOWN,DOWN,DOWN,,,DOWN,DOWN,NEUTRAL,NEUTRAL,DOWN,bad
60,1min,1765169331,26082.9,26087.05,26090.4,26082.65,26086.66,26086.8,1.94,1.75,26083.0,26090.75,26078.95,26094.45,0.02,7.75,4.15,0.0,0.0,0.0,NEUTRAL,NEUTRAL,NEUTRAL,NEUTRAL,NEUTRAL,NEUTRAL,NEUTRAL,NEUTRAL,NEUTRAL,NEUTRAL,NEUTRAL,NEUTRAL,NEUTRAL,NEUTRAL,NEUTRAL,NEUTRAL,NEUTRAL,NEUTRAL,NEUTRAL,NEUTRAL,NEUTRAL,DOWN,DOWN,UP,UP,UP,UP,,NEUTRAL,NEUTRAL,NEUTRAL,NEUTRAL,NEUTRAL,NEUTRAL,NEUTRAL,NEUTRAL,NEUTRAL,NEUTRAL,NEUTRAL,NEUTRAL,NEUTRAL,NEUTRAL,NEUTRAL,NEUTRAL,NEUTRAL,NEUTRAL,UP,DOWN,DOWN,DOWN,DOWN,UP,DOWN,,,DOWN,DOWN,NEUTRAL,NEUTRAL,DOWN,bad
60,1min,1765169391,26087.25,26089.75,26091.0,26084.55,26088.15,26088.38,1.61,1.17,26085.87,26092.32,26081.98,26094.88,0.01,6.45,2.5,0.0,0.0,0.0,NEUTRAL,NEUTRAL,NEUTRAL,NEUTRAL,NEUTRAL,NEUTRAL,NEUTRAL,NEUTRAL,NEUTRAL,NEUTRAL,NEUTRAL,NEUTRAL,NEUTRAL,NEUTRAL,NEUTRAL,NEUTRAL,NEUTRAL,NEUTRAL,NEUTRAL,NEUTRAL,NEUTRAL,DOWN,DOWN,UP,UP,UP,UP,,NEUTRAL,NEUTRAL,NEUTRAL,NEUTRAL,NEUTRAL,NEUTRAL,NEUTRAL,NEUTRAL,NEUTRAL,NEUTRAL,NEUTRAL,NEUTRAL,NEUTRAL,NEUTRAL,NEUTRAL,NEUTRAL,NEUTRAL,NEUTRAL,UP,UP,UP,DOWN,DOWN,UP,DOWN,DOWN,,DOWN,DOWN,NEUTRAL,NEUTRAL,NEUTRAL,neutral
60,1min,1765169451,26089.8,26085.6,26091.95,26084.65,26087.79,26087.55,1.75,1.2,26082.85,26090.15,26080.1,26094.7,-0.02,7.3,-4.2,0.0,0.0,0.0,NEUTRAL,NEUTRAL,NEUTRAL,NEUTRAL,NEUTRAL,NEUTRAL,NEUTRAL,NEUTRAL,NEUTRAL,NEUTRAL,NEUTRAL,NEUTRAL,NEUTRAL,NEUTRAL,NEUTRAL,NEUTRAL,NEUTRAL,NEUTRAL,NEUTRAL,NEUTRAL,NEUTRAL,DOWN,DOWN,UP,UP,UP,UP,,NEUTRAL,NEUTRAL,NEUTRAL,NEUTRAL,NEUTRAL,NEUTRAL,NEUTRAL,NEUTRAL,NEUTRAL,NEUTRAL,NEUTRAL,NEUTRAL,NEUTRAL,NEUTRAL,NEUTRAL,NEUTRAL,NEUTRAL,NEUTRAL,DOWN,DOWN,UP,DOWN,UP,DOWN,DOWN,UP,,DOWN,DOWN,NEUTRAL,NEUTRAL,DOWN,bad
60,1min,1765169511,26086.8,26094.2,26095.65,26086.2,26092.28,26092.9,2.23,1.0,26088.38,26097.83,26082.57,26101.47,0.03,9.45,7.4,0.0,0.0,0.0,NEUTRAL,NEUTRAL,NEUTRAL,NEUTRAL,NEUTRAL,NEUTRAL,NEUTRAL,NEUTRAL,NEUTRAL,NEUTRAL,NEUTRAL,NEUTRAL,NEUTRAL,NEUTRAL,NEUTRAL,NEUTRAL,NEUTRAL,NEUTRAL,NEUTRAL,NEUTRAL,NEUTRAL,UP,UP,UP,UP,UP,UP,,UP,UP,NEUTRAL,NEUTRAL,NEUTRAL,NEUTRAL,NEUTRAL,NEUTRAL,NEUTRAL,UP,NEUTRAL,NEUTRAL,UP,NEUTRAL,NEUTRAL,UP,NEUTRAL,NEUTRAL,DOWN,DOWN,DOWN,DOWN,UP,DOWN,UP,DOWN,,UP,DOWN,NEUTRAL,NEUTRAL,UP,good
60,1min,1765169571,26094.4,26105.0,26105.15,26094.15,26100.15,26100.9,2.95,2.1,26097.72,26108.72,26090.43,26112.43,0.04,11.0,10.6,0.0,0.0,0.0,DOWN,NEUTRAL,NEUTRAL,NEUTRAL,NEUTRAL,NEUTRAL,NEUTRAL,NEUTRAL,NEUTRAL,NEUTRAL,NEUTRAL,NEUTRAL,NEUTRAL,NEUTRAL,NEUTRAL,NEUTRAL,NEUTRAL,NEUTRAL,NEUTRAL,NEUTRAL,NEUTRAL,UP,UP,UP,UP,UP,UP,UP,UP,UP,NEUTRAL,UP,UP,NEUTRAL,UP,UP,UP,UP,UP,UP,UP,UP,UP,UP,UP,UP,DOWN,DOWN,DOWN,DOWN,UP,UP,DOWN,UP,,UP,UP,NEUTRAL,NEUTRAL,UP,bad
60,1min,1765169631,26104.0,26100.55,26105.6,26097.25,26101.46,26101.32,2.03,1.67,26096.67,26105.02,26092.78,26109.48,-0.01,8.35,-3.45,0.0,0.0,0.0,NEUTRAL,NEUTRAL,NEUTRAL,NEUTRAL,NEUTRAL,NEUTRAL,NEUTRAL,NEUTRAL,NEUTRAL,NEUTRAL,NEUTRAL,NEUTRAL,NEUTRAL,NEUTRAL,NEUTRAL,NEUTRAL,NEUTRAL,NEUTRAL,NEUTRAL,NEUTRAL,NEUTRAL,UP,UP,UP,UP,UP,UP,UP,NEUTRAL,NEUTRAL,NEUTRAL,NEUTRAL,NEUTRAL,NEUTRAL,UP,NEUTRAL,NEUTRAL,UP,UP,NEUTRAL,UP,UP,NEUTRAL,UP,UP,NEUTRAL,UP,UP,UP,DOWN,DOWN,UP,DOWN,UP,,UP,UP,NEUTRAL,NEUTRAL,UP,bad
60,1min,1765169691,26101.15,26099.05,26103.9,26099.05,26101.32,26101.45,1.1,0.7,26097.43,26102.28,26095.82,26105.52,-0.01,4.85,-2.1,0.0,0.0,0.0,NEUTRAL,NEUTRAL,NEUTRAL,NEUTRAL,NEUTRAL,NEUTRAL,NEUTRAL,NEUTRAL,NEUTRAL,NEUTRAL,NEUTRAL,NEUTRAL,NEUTRAL,NEUTRAL,NEUTRAL,NEUTRAL,NEUTRAL,NEUTRAL,NEUTRAL,NEUTRAL,NEUTRAL,UP,UP,UP,UP,UP,UP,UP,NEUTRAL,NEUTRAL,NEUTRAL,NEUTRAL,NEUTRAL,NEUTRAL,NEUTRAL,NEUTRAL,NEUTRAL,UP,NEUTRAL,NEUTRAL,UP,NEUTRAL,NEUTRAL,UP,UP,NEUTRAL,UP,UP,UP,DOWN,DOWN,DOWN,DOWN,DOWN,,UP,UP,NEUTRAL,NEUTRAL,UP,bad
60,1min,1765169751,26099.4,26089.85,26099.85,26089.85,26095.83,26096.7,2.7,1.55,26086.52,26096.52,26083.18,26103.18,-0.04,10.0,-9.55,0.0,0.0,0.0,NEUTRAL,NEUTRAL,NEUTRAL,NEUTRAL,NEUTRAL,NEUTRAL,NEUTRAL,NEUTRAL,NEUTRAL,NEUTRAL,NEUTRAL,NEUTRAL,NEUTRAL,NEUTRAL,NEUTRAL,NEUTRAL,NEUTRAL,NEUTRAL,NEUTRAL,NEUTRAL,NEUTRAL,DOWN,DOWN,UP,UP,UP,UP,UP,DOWN,DOWN,NEUTRAL,NEUTRAL,NEUTRAL,NEUTRAL,NEUTRAL,NEUTRAL,NEUTRAL,NEUTRAL,NEUTRAL,NEUTRAL,NEUTRAL,NEUTRAL,NEUTRAL,NEUTRAL,NEUTRAL,NEUTRAL,UP,DOWN,DOWN,DOWN,DOWN,DOWN,UP,DOWN,,DOWN,DOWN,NEUTRAL,NEUTRAL,DOWN,bad
60,1min,1765169811,26090.05,26092.7,26093.95,26089.7,26091.43,26091.25,0.97,0.65,26090.28,26094.53,26087.87,26096.37,0.01,4.25,2.65,0.0,0.0,0.0,NEUTRAL,NEUTRAL,NEUTRAL,NEUTRAL,NEUTRAL,NEUTRAL,NEUTRAL,NEUTRAL,NEUTRAL,NEUTRAL,NEUTRAL,NEUTRAL,NEUTRAL,NEUTRAL,NEUTRAL,NEUTRAL,NEUTRAL,NEUTRAL,NEUTRAL,NEUTRAL,NEUTRAL,DOWN,DOWN,UP,UP,UP,UP,UP,NEUTRAL,NEUTRAL,NEUTRAL,NEUTRAL,NEUTRAL,NEUTRAL,NEUTRAL,NEUTRAL,NEUTRAL,NEUTRAL,NEUTRAL,NEUTRAL,NEUTRAL,NEUTRAL,NEUTRAL,NEUTRAL,NEUTRAL,NEUTRAL,DOWN,UP,UP,UP,DOWN,DOWN,UP,DOWN,DOWN,DOWN,DOWN,NEUTRAL,NEUTRAL,NEUTRAL,neutral
60,1min,1765169871,26092.65,26094.65,26098.65,26092.45,26096.36,26096.57,1.25,0.62,26091.85,26098.05,26089.05,26101.45,0.01,6.2,2.0,0.0,0.0,0.0,NEUTRAL,NEUTRAL,NEUTRAL,NEUTRAL,NEUTRAL,NEUTRAL,NEUTRAL,NEUTRAL,NEUTRAL,NEUTRAL,NEUTRAL,NEUTRAL,NEUTRAL,NEUTRAL,NEUTRAL,NEUTRAL,NEUTRAL,NEUTRAL,NEUTRAL,NEUTRAL,NEUTRAL,DOWN,DOWN,UP,UP,UP,UP,UP,NEUTRAL,NEUTRAL,NEUTRAL,NEUTRAL,NEUTRAL,NEUTRAL,NEUTRAL,NEUTRAL,NEUTRAL,NEUTRAL,NEUTRAL,NEUTRAL,NEUTRAL,NEUTRAL,NEUTRAL,NEUTRAL,NEUTRAL,NEUTRAL,DOWN,UP,DOWN,UP,DOWN,UP,DOWN,DOWN,UP,UP,DOWN,NEUTRAL,NEUTRAL,UP,bad
60,1min,1765169931,26095.25,26097.9,26100.65,26095.2,26097.74,26097.65,1.2,0.83,26095.18,26100.63,26092.47,26103.37,0.01,5.45,2.65,0.0,0.0,0.0,NEUTRAL,NEUTRAL,NEUTRAL,NEUTRAL,NEUTRAL,NEUTRAL,NEUTRAL,NEUTRAL,NEUTRAL,NEUTRAL,NEUTRAL,NEUTRAL,NEUTRAL,NEUTRAL,NEUTRAL,NEUTRAL,NEUTRAL,NEUTRAL,NEUTRAL,NEUTRAL,NEUTRAL,UP,DOWN,UP,UP,UP,UP,UP,NEUTRAL,NEUTRAL,NEUTRAL,NEUTRAL,NEUTRAL,NEUTRAL,NEUTRAL,NEUTRAL,NEUTRAL,NEUTRAL,NEUTRAL,NEUTRAL,UP,NEUTRAL,NEUTRAL,UP,NEUTRAL,NEUTRAL,DOWN,DOWN,DOWN,DOWN,DOWN,UP,DOWN,UP,DOWN,NEUTRAL,UP,NEUTRAL,NEUTRAL,UP,bad
60,1min,1765169991,26098.15,26091.35,26099.15,26087.8,26092.61,26090.95,3.61,1.23,26086.38,26097.73,26081.42,26104.12,-0.03,11.35,-6.8,0.0,0.0,0.0,NEUTRAL,NEUTRAL,NEUTRAL,NEUTRAL,NEUTRAL,NEUTRAL,NEUTRAL,NEUTRAL,NEUTRAL,NEUTRAL,NEUTRAL,NEUTRAL,NEUTRAL,NEUTRAL,NEUTRAL,NEUTRAL,NEUTRAL,NEUTRAL,NEUTRAL,NEUTRAL,NEUTRAL,DOWN,DOWN,DOWN,DOWN,UP,UP,UP,NEUTRAL,NEUTRAL,NEUTRAL,NEUTRAL,NEUTRAL,NEUTRAL,NEUTRAL,NEUTRAL,NEUTRAL,NEUTRAL,NEUTRAL,NEUTRAL,NEUTRAL,NEUTRAL,NEUTRAL,NEUTRAL,NEUTRAL,NEUTRAL,UP,DOWN,DOWN,DOWN,DOWN,UP,UP,DOWN,UP,NEUTRAL,DOWN,NEUTRAL,NEUTRAL,DOWN,bad
60,1min,1765170051,26091.8,26094.95,26097.4,26090.95,26094.87,26094.9,1.03,0.55,26091.47,26097.92,26087.98,26100.88,0.01,6.45,3.15,0.0,0.0,0.0,NEUTRAL,NEUTRAL,NEUTRAL,NEUTRAL,NEUTRAL,NEUTRAL,NEUTRAL,NEUTRAL,NEUTRAL,NEUTRAL,NEUTRAL,NEUTRAL,NEUTRAL,NEUTRAL,NEUTRAL,NEUTRAL,NEUTRAL,NEUTRAL,NEUTRAL,NEUTRAL,NEUTRAL,DOWN,DOWN,DOWN,DOWN,UP,UP,UP,NEUTRAL,NEUTRAL,NEUTRAL,NEUTRAL,NEUTRAL,NEUTRAL,NEUTRAL,NEUTRAL,NEUTRAL,NEUTRAL,NEUTRAL,NEUTRAL,NEUTRAL,NEUTRAL,NEUTRAL,NEUTRAL,NEUTRAL,NEUTRAL,UP,DOWN,UP,UP,DOWN,DOWN,UP,DOWN,UP,NEUTRAL,DOWN,NEUTRAL,NEUTRAL,DOWN,good
60,1min,1765170111,26094.6,26096.15,26098.1,26091.75,26095.11,26095.15,1.69,1.5,26092.57,26098.92,26088.98,26101.68,0.01,6.35,1.55,0.0,0.0,0.0,NEUTRAL,NEUTRAL,NEUTRAL,NEUTRAL,NEUTRAL,NEUTRAL,NEUTRAL,NEUTRAL,NEUTRAL,NEUTRAL,NEUTRAL,NEUTRAL,NEUTRAL,NEUTRAL,NEUTRAL,NEUTRAL,NEUTRAL,NEUTRAL,NEUTRAL,NEUTRAL,NEUTRAL,UP,DOWN,DOWN,DOWN,UP,UP,UP,NEUTRAL,NEUTRAL,NEUTRAL,NEUTRAL,NEUTRAL,NEUTRAL,NEUTRAL,NEUTRAL,NEUTRAL,NEUTRAL,NEUTRAL,NEUTRAL,NEUTRAL,NEUTRAL,NEUTRAL,NEUTRAL,NEUTRAL,NEUTRAL,DOWN,UP,UP,UP,DOWN,DOWN,DOWN,DOWN,DOWN,NEUTRAL,DOWN,NEUTRAL,NEUTRAL,DOWN,good
60,1min,1765170171,26096.35,26087.7,26097.5,26086.75,26092.54,26093.7,3.33,2.7,26083.8,26094.55,26079.9,26101.4,-0.03,10.75,-8.65,0.0,0.0,0.0,NEUTRAL,NEUTRAL,NEUTRAL,NEUTRAL,NEUTRAL,NEUTRAL,NEUTRAL,NEUTRAL,NEUTRAL,NEUTRAL,NEUTRAL,NEUTRAL,NEUTRAL,NEUTRAL,NEUTRAL,NEUTRAL,NEUTRAL,NEUTRAL,NEUTRAL,NEUTRAL,NEUTRAL,DOWN,DOWN,DOWN,DOWN,UP,UP,UP,DOWN,DOWN,NEUTRAL,DOWN,DOWN,NEUTRAL,DOWN,NEUTRAL,NEUTRAL,DOWN,NEUTRAL,NEUTRAL,NEUTRAL,NEUTRAL,NEUTRAL,NEUTRAL,NEUTRAL,NEUTRAL,UP,UP,DOWN,DOWN,DOWN,DOWN,DOWN,UP,DOWN,NEUTRAL,DOWN,NEUTRAL,NEUTRAL,DOWN,bad
60,1min,1765170231,26087.55,26085.4,26089.05,26081.7,26084.94,26084.65,1.64,1.07,26081.72,26089.07,26078.03,26092.73,-0.01,7.35,-2.15,0.0,0.0,0.0,NEUTRAL,NEUTRAL,NEUTRAL,NEUTRAL,NEUTRAL,NEUTRAL,NEUTRAL,NEUTRAL,NEUTRAL,NEUTRAL,NEUTRAL,NEUTRAL,NEUTRAL,NEUTRAL,NEUTRAL,NEUTRAL,NEUTRAL,NEUTRAL,NEUTRAL,NEUTRAL,NEUTRAL,DOWN,DOWN,DOWN,DOWN,DOWN,UP,UP,DOWN,NEUTRAL,NEUTRAL,DOWN,DOWN,NEUTRAL,DOWN,DOWN,NEUTRAL,DOWN,NEUTRAL,NEUTRAL,NEUTRAL,NEUTRAL,NEUTRAL,NEUTRAL,NEUTRAL,NEUTRAL,UP,UP,UP,UP,UP,DOWN,DOWN,UP,DOWN,NEUTRAL,DOWN,NEUTRAL,NEUTRAL,DOWN,bad
60,1min,1765170291,26085.35,26083.65,26087.65,26081.7,26084.38,26084.2,1.35,1.05,26081.02,26086.97,26078.38,26090.28,-0.01,5.95,-1.7,0.0,0.0,0.0,UP,NEUTRAL,NEUTRAL,NEUTRAL,NEUTRAL,NEUTRAL,NEUTRAL,NEUTRAL,NEUTRAL,NEUTRAL,NEUTRAL,NEUTRAL,NEUTRAL,NEUTRAL,NEUTRAL,NEUTRAL,NEUTRAL,NEUTRAL,NEUTRAL,NEUTRAL,NEUTRAL,DOWN,DOWN,DOWN,DOWN,DOWN,UP,UP,DOWN,NEUTRAL,NEUTRAL,DOWN,DOWN,NEUTRAL,DOWN,DOWN,NEUTRAL,DOWN,NEUTRAL,NEUTRAL,DOWN,NEUTRAL,NEUTRAL,NEUTRAL,NEUTRAL,NEUTRAL,DOWN,DOWN,UP,DOWN,UP,DOWN,UP,DOWN,DOWN,NEUTRAL,DOWN,NEUTRAL,NEUTRAL,DOWN,bad
60,1min,1765170351,26082.7,26086.0,26090.35,26082.3,26086.52,26086.5,1.95,1.55,26082.08,26090.13,26078.17,26094.27,0.01,8.05,3.3,0.0,0.0,0.0,NEUTRAL,NEUTRAL,NEUTRAL,NEUTRAL,NEUTRAL,NEUTRAL,NEUTRAL,NEUTRAL,NEUTRAL,NEUTRAL,NEUTRAL,NEUTRAL,NEUTRAL,NEUTRAL,NEUTRAL,NEUTRAL,NEUTRAL,NEUTRAL,NEUTRAL,NEUTRAL,NEUTRAL,DOWN,DOWN,DOWN,DOWN,DOWN,UP,UP,NEUTRAL,NEUTRAL,NEUTRAL,DOWN,NEUTRAL,NEUTRAL,DOWN,NEUTRAL,NEUTRAL,NEUTRAL,NEUTRAL,NEUTRAL,NEUTRAL,NEUTRAL,NEUTRAL,NEUTRAL,NEUTRAL,NEUTRAL,DOWN,DOWN,DOWN,DOWN,DOWN,DOWN,UP,DOWN,UP,NEUTRAL,DOWN,UP,NEUTRAL,DOWN,bad
60,1min,1765170411,26087.5,26085.0,26088.0,26083.35,26085.17,26085.2,0.86,0.5,26082.9,26087.55,26080.8,26090.1,-0.01,4.65,-2.5,0.0,0.0,0.0,NEUTRAL,NEUTRAL,NEUTRAL,NEUTRAL,NEUTRAL,NEUTRAL,NEUTRAL,NEUTRAL,NEUTRAL,NEUTRAL,NEUTRAL,NEUTRAL,NEUTRAL,NEUTRAL,NEUTRAL,NEUTRAL,NEUTRAL,NEUTRAL,NEUTRAL,NEUTRAL,NEUTRAL,DOWN,DOWN,DOWN,DOWN,DOWN,UP,UP,NEUTRAL,NEUTRAL,NEUTRAL,DOWN,NEUTRAL,NEUTRAL,DOWN,NEUTRAL,NEUTRAL,DOWN,NEUTRAL,NEUTRAL,DOWN,NEUTRAL,NEUTRAL,NEUTRAL,NEUTRAL,NEUTRAL,DOWN,DOWN,DOWN,DOWN,DOWN,DOWN,UP,UP,DOWN,NEUTRAL,DOWN,UP,NEUTRAL,DOWN,bad
60,1min,1765170471,26084.75,26088.8,26090.8,26084.75,26088.69,26089.25,1.42,0.8,26085.43,26091.48,26082.07,26094.17,0.02,6.05,4.05,0.0,0.0,0.0,NEUTRAL,NEUTRAL,NEUTRAL,NEUTRAL,NEUTRAL,NEUTRAL,NEUTRAL,NEUTRAL,NEUTRAL,NEUTRAL,NEUTRAL,NEUTRAL,NEUTRAL,NEUTRAL,NEUTRAL,NEUTRAL,NEUTRAL,NEUTRAL,NEUTRAL,NEUTRAL,NEUTRAL,UP,DOWN,DOWN,DOWN,DOWN,UP,UP,UP,UP,NEUTRAL,NEUTRAL,NEUTRAL,NEUTRAL,NEUTRAL,NEUTRAL,NEUTRAL,NEUTRAL,NEUTRAL,NEUTRAL,NEUTRAL,NEUTRAL,NEUTRAL,NEUTRAL,NEUTRAL,NEUTRAL,UP,UP,DOWN,UP,UP,DOWN,DOWN,UP,DOWN,NEUTRAL,DOWN,NEUTRAL,NEUTRAL,UP,good
60,1min,1765170531,26088.4,26089.95,26091.95,26087.2,26089.62,26089.7,1.05,0.8,26087.45,26092.2,26084.95,26094.45,0.01,4.75,1.55,0.0,0.0,0.0,NEUTRAL,NEUTRAL,NEUTRAL,NEUTRAL,NEUTRAL,NEUTRAL,NEUTRAL,NEUTRAL,NEUTRAL,NEUTRAL,NEUTRAL,NEUTRAL,NEUTRAL,NEUTRAL,NEUTRAL,NEUTRAL,NEUTRAL,NEUTRAL,NEUTRAL,NEUTRAL,NEUTRAL,UP,DOWN,DOWN,DOWN,DOWN,UP,UP,UP,NEUTRAL,NEUTRAL,NEUTRAL,NEUTRAL,NEUTRAL,NEUTRAL,NEUTRAL,NEUTRAL,NEUTRAL,NEUTRAL,NEUTRAL,NEUTRAL,NEUTRAL,NEUTRAL,NEUTRAL,NEUTRAL,NEUTRAL,UP,UP,UP,UP,UP,DOWN,DOWN,DOWN,DOWN,NEUTRAL,NEUTRAL,NEUTRAL,NEUTRAL,UP,good
60,1min,1765170591,26089.35,26087.45,26093.15,26086.6,26089.53,26089.48,1.24,0.73,26084.98,26091.53,26082.52,26095.62,-0.01,6.55,-1.9,0.0,0.0,0.0,NEUTRAL,NEUTRAL,NEUTRAL,NEUTRAL,NEUTRAL,NEUTRAL,NEUTRAL,NEUTRAL,NEUTRAL,NEUTRAL,NEUTRAL,NEUTRAL,NEUTRAL,NEUTRAL,NEUTRAL,NEUTRAL,NEUTRAL,NEUTRAL,NEUTRAL,NEUTRAL,NEUTRAL,UP,DOWN,DOWN,DOWN,DOWN,UP,UP,NEUTRAL,NEUTRAL,NEUTRAL,NEUTRAL,NEUTRAL,NEUTRAL,NEUTRAL,NEUTRAL,NEUTRAL,NEUTRAL,NEUTRAL,NEUTRAL,NEUTRAL,NEUTRAL,NEUTRAL,NEUTRAL,NEUTRAL,NEUTRAL,UP,DOWN,UP,DOWN,DOWN,DOWN,DOWN,DOWN,UP,NEUTRAL,NEUTRAL,NEUTRAL,NEUTRAL,DOWN,bad
60,1min,1765170651,26087.15,26093.6,26094.8,26087.0,26091.02,26090.85,2.38,2.27,26088.8,26096.6,26084.0,26099.6,0.02,7.8,6.45,0.0,0.0,0.0,NEUTRAL,NEUTRAL,NEUTRAL,NEUTRAL,NEUTRAL,NEUTRAL,NEUTRAL,NEUTRAL,NEUTRAL,NEUTRAL,NEUTRAL,NEUTRAL,NEUTRAL,NEUTRAL,NEUTRAL,NEUTRAL,NEUTRAL,NEUTRAL,NEUTRAL,NEUTRAL,NEUTRAL,UP,UP,DOWN,DOWN,DOWN,UP,UP,UP,UP,NEUTRAL,UP,NEUTRAL,NEUTRAL,NEUTRAL,NEUTRAL,NEUTRAL,NEUTRAL,NEUTRAL,NEUTRAL,NEUTRAL,NEUTRAL,NEUTRAL,NEUTRAL,NEUTRAL,NEUTRAL,DOWN,UP,UP,UP,UP,UP,DOWN,DOWN,UP,NEUTRAL,NEUTRAL,NEUTRAL,NEUTRAL,UP,bad
60,1min,1765170711,26093.5,26092.9,26098.7,26091.95,26095.33,26094.95,1.89,1.6,26090.33,26097.08,26087.77,26101.27,-0.0,6.75,-0.6,0.0,0.0,0.0,NEUTRAL,NEUTRAL,NEUTRAL,NEUTRAL,NEUTRAL,NEUTRAL,NEUTRAL,NEUTRAL,NEUTRAL,NEUTRAL,NEUTRAL,NEUTRAL,NEUTRAL,NEUTRAL,NEUTRAL,NEUTRAL,NEUTRAL,NEUTRAL,NEUTRAL,NEUTRAL,NEUTRAL,UP,UP,DOWN,DOWN,DOWN,UP,UP,NEUTRAL,NEUTRAL,NEUTRAL,UP,UP,NEUTRAL,NEUTRAL,NEUTRAL,NEUTRAL,NEUTRAL,NEUTRAL,NEUTRAL,NEUTRAL,NEUTRAL,NEUTRAL,NEUTRAL,NEUTRAL,NEUTRAL,UP,UP,DOWN,UP,DOWN,UP,DOWN,UP,DOWN,NEUTRAL,NEUTRAL,NEUTRAL,NEUTRAL,UP,bad
60,1min,1765170771,26092.2,26093.1,26094.7,26090.25,26092.64,26092.68,1.01,0.7,26090.67,26095.12,26088.23,26097.13,0.0,4.45,0.9,0.0,0.0,0.0,NEUTRAL,NEUTRAL,NEUTRAL,NEUTRAL,NEUTRAL,NEUTRAL,NEUTRAL,NEUTRAL,NEUTRAL,NEUTRAL,NEUTRAL,NEUTRAL,NEUTRAL,NEUTRAL,NEUTRAL,NEUTRAL,NEUTRAL,NEUTRAL,NEUTRAL,NEUTRAL,NEUTRAL,UP,UP,UP,UP,DOWN,UP,UP,NEUTRAL,NEUTRAL,NEUTRAL,UP,NEUTRAL,NEUTRAL,NEUTRAL,NEUTRAL,NEUTRAL,NEUTRAL,NEUTRAL,NEUTRAL,NEUTRAL,NEUTRAL,NEUTRAL,NEUTRAL,NEUTRAL,NEUTRAL,UP,DOWN,DOWN,DOWN,DOWN,DOWN,DOWN,UP,DOWN,NEUTRAL,NEUTRAL,NEUTRAL,NEUTRAL,UP,bad
60,1min,1765170831,26093.85,26094.8,26097.65,26093.35,26095.17,26095.02,1.03,0.72,26092.88,26097.18,26090.97,26099.57,0.0,4.3,0.95,0.0,0.0,0.0,NEUTRAL,NEUTRAL,NEUTRAL,NEUTRAL,NEUTRAL,NEUTRAL,NEUTRAL,NEUTRAL,NEUTRAL,NEUTRAL,NEUTRAL,NEUTRAL,NEUTRAL,NEUTRAL,NEUTRAL,NEUTRAL,NEUTRAL,NEUTRAL,NEUTRAL,NEUTRAL,NEUTRAL,UP,UP,UP,UP,UP,UP,UP,NEUTRAL,NEUTRAL,NEUTRAL,UP,NEUTRAL,NEUTRAL,UP,NEUTRAL,NEUTRAL,NEUTRAL,NEUTRAL,NEUTRAL,NEUTRAL,NEUTRAL,NEUTRAL,NEUTRAL,NEUTRAL,NEUTRAL,DOWN,DOWN,DOWN,DOWN,DOWN,DOWN,DOWN,UP,UP,NEUTRAL,NEUTRAL,NEUTRAL,NEUTRAL,UP,bad
60,1min,1765170891,26095.4,26100.1,26100.6,26093.5,26096.8,26096.4,2.02,1.8,26095.53,26102.63,26090.97,26105.17,0.02,7.1,4.7,0.0,0.0,0.0,DOWN,DOWN,NEUTRAL,NEUTRAL,NEUTRAL,NEUTRAL,NEUTRAL,NEUTRAL,NEUTRAL,NEUTRAL,NEUTRAL,NEUTRAL,NEUTRAL,NEUTRAL,NEUTRAL,NEUTRAL,NEUTRAL,NEUTRAL,NEUTRAL,NEUTRAL,NEUTRAL,UP,UP,UP,UP,UP,UP,UP,UP,UP,NEUTRAL,UP,UP,UP,UP,UP,UP,UP,UP,NEUTRAL,UP,NEUTRAL,NEUTRAL,UP,NEUTRAL,NEUTRAL,DOWN,DOWN,UP,DOWN,UP,UP,DOWN,DOWN,UP,NEUTRAL,NEUTRAL,NEUTRAL,NEUTRAL,UP,bad
60,1min,1765170951,26100.35,26096.5,26101.5,26094.0,26096.72,26095.95,2.11,1.1,26093.17,26100.67,26089.83,26104.83,-0.01,7.5,-3.85,0.0,0.0,0.0,NEUTRAL,NEUTRAL,NEUTRAL,NEUTRAL,NEUTRAL,NEUTRAL,NEUTRAL,NEUTRAL,NEUTRAL,NEUTRAL,NEUTRAL,NEUTRAL,NEUTRAL,NEUTRAL,NEUTRAL,NEUTRAL,NEUTRAL,NEUTRAL,NEUTRAL,NEUTRAL,NEUTRAL,UP,UP,UP,UP,UP,UP,UP,NEUTRAL,NEUTRAL,NEUTRAL,UP,NEUTRAL,NEUTRAL,UP,NEUTRAL,NEUTRAL,UP,NEUTRAL,NEUTRAL,NEUTRAL,NEUTRAL,NEUTRAL,NEUTRAL,NEUTRAL,NEUTRAL,DOWN,UP,UP,UP,UP,UP,DOWN,DOWN,DOWN,NEUTRAL,NEUTRAL,NEUTRAL,NEUTRAL,UP,bad
60,1min,1765171011,26096.6,26094.45,26099.8,26093.85,26096.59,26096.6,1.46,1.25,26092.27,26098.22,26090.08,26101.98,-0.01,5.95,-2.15,0.0,0.0,0.0,NEUTRAL,NEUTRAL,NEUTRAL,NEUTRAL,NEUTRAL,NEUTRAL,NEUTRAL,NEUTRAL,NEUTRAL,NEUTRAL,NEUTRAL,NEUTRAL,NEUTRAL,NEUTRAL,NEUTRAL,NEUTRAL,NEUTRAL,NEUTRAL,NEUTRAL,NEUTRAL,NEUTRAL,DOWN,UP,UP,UP,UP,UP,UP,NEUTRAL,NEUTRAL,NEUTRAL,NEUTRAL,NEUTRAL,NEUTRAL,NEUTRAL,NEUTRAL,NEUTRAL,NEUTRAL,NEUTRAL,NEUTRAL,NEUTRAL,NEUTRAL,NEUTRAL,NEUTRAL,NEUTRAL,NEUTRAL,UP,UP,DOWN,UP,DOWN,DOWN,DOWN,DOWN,DOWN,NEUTRAL,NEUTRAL,NEUTRAL,NEUTRAL,UP,bad
60,1min,1765171071,26093.9,26089.2,26096.05,26088.7,26093.15,26093.68,1.68,0.72,26086.58,26093.93,26083.97,26098.67,-0.02,7.35,-4.7,0.0,0.0,0.0,NEUTRAL,NEUTRAL,NEUTRAL,NEUTRAL,NEUTRAL,NEUTRAL,NEUTRAL,NEUTRAL,NEUTRAL,NEUTRAL,NEUTRAL,NEUTRAL,NEUTRAL,NEUTRAL,NEUTRAL,NEUTRAL,NEUTRAL,NEUTRAL,NEUTRAL,NEUTRAL,NEUTRAL,DOWN,DOWN,UP,UP,DOWN,UP,UP,DOWN,DOWN,NEUTRAL,DOWN,NEUTRAL,NEUTRAL,NEUTRAL,NEUTRAL,NEUTRAL,NEUTRAL,NEUTRAL,NEUTRAL,NEUTRAL,NEUTRAL,NEUTRAL,NEUTRAL,NEUTRAL,NEUTRAL,DOWN,UP,UP,UP,UP,UP,UP,DOWN,DOWN,NEUTRAL,NEUTRAL,NEUTRAL,NEUTRAL,UP,bad
60,1min,1765171131,26088.8,26083.5,26088.8,26083.45,26086.0,26086.25,1.31,1.05,26081.7,26087.05,26079.9,26090.6,-0.02,5.35,-5.3,0.0,0.0,0.0,UP,NEUTRAL,NEUTRAL,NEUTRAL,NEUTRAL,NEUTRAL,NEUTRAL,NEUTRAL,NEUTRAL,NEUTRAL,NEUTRAL,NEUTRAL,NEUTRAL,NEUTRAL,NEUTRAL,NEUTRAL,NEUTRAL,NEUTRAL,NEUTRAL,NEUTRAL,NEUTRAL,DOWN,DOWN,DOWN,DOWN,DOWN,DOWN,UP,DOWN,DOWN,NEUTRAL,DOWN,DOWN,DOWN,DOWN,NEUTRAL,NEUTRAL,DOWN,DOWN,NEUTRAL,DOWN,DOWN,NEUTRAL,DOWN,DOWN,NEUTRAL,UP,DOWN,UP,DOWN,UP,DOWN,UP,DOWN,UP,NEUTRAL,NEUTRAL,NEUTRAL,NEUTRAL,DOWN,bad
60,1min,1765171191,26083.95,26082.0,26085.9,26079.25,26083.19,26083.55,1.49,0.85,26078.87,26085.52,26075.73,26089.03,-0.01,6.65,-1.95,0.0,0.0,0.0,UP,NEUTRAL,NEUTRAL,NEUTRAL,NEUTRAL,NEUTRAL,NEUTRAL,NEUTRAL,NEUTRAL,NEUTRAL,NEUTRAL,NEUTRAL,NEUTRAL,NEUTRAL,NEUTRAL,NEUTRAL,NEUTRAL,NEUTRAL,NEUTRAL,NEUTRAL,NEUTRAL,DOWN,DOWN,DOWN,DOWN,DOWN,DOWN,UP,DOWN,NEUTRAL,NEUTRAL,DOWN,DOWN,NEUTRAL,DOWN,DOWN,NEUTRAL,DOWN,DOWN,NEUTRAL,DOWN,DOWN,NEUTRAL,DOWN,DOWN,NEUTRAL,UP,UP,DOWN,DOWN,DOWN,DOWN,DOWN,DOWN,UP,NEUTRAL,NEUTRAL,NEUTRAL,NEUTRAL,DOWN,good
60,1min,1765171251,26081.7,26081.75,26084.75,26080.0,26082.18,26082.15,0.7,0.4,26079.58,26084.33,26077.42,26086.92,0.0,4.75,0.05,0.0,0.0,0.0,UP,NEUTRAL,NEUTRAL,NEUTRAL,NEUTRAL,NEUTRAL,NEUTRAL,NEUTRAL,NEUTRAL,NEUTRAL,NEUTRAL,NEUTRAL,NEUTRAL,NEUTRAL,NEUTRAL,NEUTRAL,NEUTRAL,NEUTRAL,NEUTRAL,NEUTRAL,NEUTRAL,DOWN,DOWN,DOWN,DOWN,DOWN,DOWN,UP,NEUTRAL,NEUTRAL,NEUTRAL,DOWN,NEUTRAL,NEUTRAL,DOWN,DOWN,NEUTRAL,DOWN,DOWN,NEUTRAL,DOWN,DOWN,NEUTRAL,DOWN,DOWN,NEUTRAL,DOWN,UP,DOWN,DOWN,DOWN,DOWN,DOWN,DOWN,UP,NEUTRAL,NEUTRAL,UP,NEUTRAL,DOWN,good
60,1min,1765171311,26081.2,26082.4,26083.35,26079.9,26081.76,26081.75,0.7,0.5,26080.42,26083.87,26078.43,26085.33,0.0,3.45,1.2,0.0,0.0,0.0,UP,NEUTRAL,NEUTRAL,NEUTRAL,NEUTRAL,NEUTRAL,NEUTRAL,NEUTRAL,NEUTRAL,NEUTRAL,NEUTRAL,NEUTRAL,NEUTRAL,NEUTRAL,NEUTRAL,NEUTRAL,NEUTRAL,NEUTRAL,NEUTRAL,NEUTRAL,NEUTRAL,DOWN,DOWN,DOWN,DOWN,DOWN,DOWN,DOWN,NEUTRAL,NEUTRAL,NEUTRAL,DOWN,NEUTRAL,NEUTRAL,DOWN,NEUTRAL,NEUTRAL,DOWN,NEUTRAL,NEUTRAL,DOWN,NEUTRAL,NEUTRAL,DOWN,NEUTRAL,NEUTRAL,UP,DOWN,DOWN,UP,DOWN,UP,UP,DOWN,DOWN,NEUTRAL,NEUTRAL,UP,NEUTRAL,DOWN,good
60,1min,1765171371,26081.65,26090.5,26091.25,26080.9,26086.1,26086.2,3.32,3.23,26083.85,26094.2,26077.2,26097.9,0.03,10.35,8.85,0.0,0.0,0.0,NEUTRAL,NEUTRAL,NEUTRAL,NEUTRAL,NEUTRAL,NEUTRAL,NEUTRAL,NEUTRAL,NEUTRAL,NEUTRAL,NEUTRAL,NEUTRAL,NEUTRAL,NEUTRAL,NEUTRAL,NEUTRAL,NEUTRAL,NEUTRAL,NEUTRAL,NEUTRAL,NEUTRAL,UP,DOWN,DOWN,DOWN,DOWN,DOWN,DOWN,UP,UP,NEUTRAL,NEUTRAL,NEUTRAL,NEUTRAL,NEUTRAL,NEUTRAL,NEUTRAL,NEUTRAL,NEUTRAL,NEUTRAL,NEUTRAL,NEUTRAL,NEUTRAL,NEUTRAL,NEUTRAL,NEUTRAL,DOWN,DOWN,UP,UP,UP,UP,UP,DOWN,DOWN,NEUTRAL,NEUTRAL,NEUTRAL,NEUTRAL,DOWN,good
60,1min,1765171431,26090.6,26095.85,26097.4,26090.6,26094.15,26094.05,1.97,1.85,26091.83,26098.63,26087.82,26101.42,0.02,6.8,5.25,0.0,0.0,0.0,DOWN,NEUTRAL,NEUTRAL,NEUTRAL,NEUTRAL,NEUTRAL,NEUTRAL,NEUTRAL,NEUTRAL,NEUTRAL,NEUTRAL,NEUTRAL,NEUTRAL,NEUTRAL,NEUTRAL,NEUTRAL,NEUTRAL,NEUTRAL,NEUTRAL,NEUTRAL,NEUTRAL,UP,UP,UP,DOWN,DOWN,DOWN,DOWN,UP,UP,NEUTRAL,NEUTRAL,NEUTRAL,NEUTRAL,NEUTRAL,NEUTRAL,NEUTRAL,UP,NEUTRAL,NEUTRAL,UP,NEUTRAL,NEUTRAL,NEUTRAL,NEUTRAL,NEUTRAL,UP,DOWN,UP,DOWN,UP,DOWN,DOWN,DOWN,DOWN,NEUTRAL,NEUTRAL,NEUTRAL,NEUTRAL,DOWN,good
60,1min,1765171491,26095.45,26091.85,26097.2,26091.85,26095.31,26095.35,0.99,0.7,26090.07,26095.42,26088.28,26098.98,-0.01,5.35,-3.6,0.0,0.0,0.0,NEUTRAL,NEUTRAL,NEUTRAL,NEUTRAL,NEUTRAL,NEUTRAL,NEUTRAL,NEUTRAL,NEUTRAL,NEUTRAL,NEUTRAL,NEUTRAL,NEUTRAL,NEUTRAL,NEUTRAL,NEUTRAL,NEUTRAL,NEUTRAL,NEUTRAL,NEUTRAL,NEUTRAL,UP,UP,UP,UP,DOWN,DOWN,DOWN,NEUTRAL,NEUTRAL,NEUTRAL,NEUTRAL,NEUTRAL,NEUTRAL,NEUTRAL,NEUTRAL,NEUTRAL,NEUTRAL,NEUTRAL,NEUTRAL,NEUTRAL,NEUTRAL,NEUTRAL,NEUTRAL,NEUTRAL,NEUTRAL,UP,UP,UP,UP,UP,UP,UP,UP,DOWN,NEUTRAL,NEUTRAL,NEUTRAL,NEUTRAL,UP,bad
60,1min,1765171551,26092.65,26094.05,26095.25,26090.2,26092.84,26092.88,1.17,0.88,26091.08,26096.13,26088.12,26098.22,0.01,5.05,1.4,0.0,0.0,0.0,NEUTRAL,NEUTRAL,NEUTRAL,NEUTRAL,NEUTRAL,NEUTRAL,NEUTRAL,NEUTRAL,NEUTRAL,NEUTRAL,NEUTRAL,NEUTRAL,NEUTRAL,NEUTRAL,NEUTRAL,NEUTRAL,NEUTRAL,NEUTRAL,NEUTRAL,NEUTRAL,NEUTRAL,UP,UP,UP,UP,UP,DOWN,DOWN,NEUTRAL,NEUTRAL,NEUTRAL,UP,NEUTRAL,NEUTRAL,NEUTRAL,NEUTRAL,NEUTRAL,NEUTRAL,NEUTRAL,NEUTRAL,NEUTRAL,NEUTRAL,NEUTRAL,NEUTRAL,NEUTRAL,NEUTRAL,UP,DOWN,DOWN,UP,DOWN,UP,DOWN,UP,DOWN,NEUTRAL,NEUTRAL,NEUTRAL,NEUTRAL,UP,bad
60,1min,1765171611,26094.25,26088.5,26096.35,26086.5,26091.63,26091.05,2.48,2.0,26084.55,26094.4,26080.6,26100.3,-0.02,9.85,-5.75,0.0,0.0,0.0,NEUTRAL,NEUTRAL,NEUTRAL,NEUTRAL,NEUTRAL,NEUTRAL,NEUTRAL,NEUTRAL,NEUTRAL,NEUTRAL,NEUTRAL,NEUTRAL,NEUTRAL,NEUTRAL,NEUTRAL,NEUTRAL,NEUTRAL,NEUTRAL,NEUTRAL,NEUTRAL,NEUTRAL,DOWN,UP,UP,UP,UP,DOWN,DOWN,DOWN,NEUTRAL,NEUTRAL,NEUTRAL,NEUTRAL,NEUTRAL,NEUTRAL,NEUTRAL,NEUTRAL,NEUTRAL,NEUTRAL,NEUTRAL,NEUTRAL,NEUTRAL,NEUTRAL,NEUTRAL,NEUTRAL,NEUTRAL,DOWN,UP,UP,DOWN,DOWN,DOWN,DOWN,DOWN,DOWN,NEUTRAL,NEUTRAL,NEUTRAL,NEUTRAL,DOWN,good
60,1min,1765171671,26088.3,26078.05,26088.85,26077.05,26083.93,26084.6,3.44,2.65,26073.78,26085.58,26069.52,26093.12,-0.04,11.8,-10.25,0.0,0.0,0.0,UP,NEUTRAL,NEUTRAL,NEUTRAL,NEUTRAL,NEUTRAL,NEUTRAL,NEUTRAL,NEUTRAL,NEUTRAL,NEUTRAL,NEUTRAL,NEUTRAL,NEUTRAL,NEUTRAL,NEUTRAL,NEUTRAL,NEUTRAL,NEUTRAL,NEUTRAL,NEUTRAL,DOWN,DOWN,DOWN,DOWN,DOWN,DOWN,DOWN,DOWN,DOWN,NEUTRAL,DOWN,DOWN,NEUTRAL,DOWN,DOWN,NEUTRAL,DOWN,DOWN,DOWN,DOWN,DOWN,DOWN,DOWN,DOWN,DOWN,DOWN,UP,UP,DOWN,DOWN,DOWN,DOWN,DOWN,DOWN,NEUTRAL,NEUTRAL,NEUTRAL,NEUTRAL,DOWN,good
60,1min,1765171731,26077.9,26069.95,26078.35,26069.7,26074.7,26075.75,2.48,1.2,26066.98,26075.63,26064.02,26081.32,-0.03,8.65,-7.95,0.0,0.0,0.0,UP,UP,NEUTRAL,UP,NEUTRAL,NEUTRAL,NEUTRAL,NEUTRAL,NEUTRAL,NEUTRAL,NEUTRAL,NEUTRAL,NEUTRAL,NEUTRAL,NEUTRAL,NEUTRAL,NEUTRAL,NEUTRAL,NEUTRAL,NEUTRAL,NEUTRAL,DOWN,DOWN,DOWN,DOWN,DOWN,DOWN,DOWN,DOWN,DOWN,NEUTRAL,DOWN,DOWN,DOWN,DOWN,DOWN,DOWN,DOWN,DOWN,DOWN,DOWN,DOWN,DOWN,DOWN,DOWN,DOWN,DOWN,DOWN,DOWN,DOWN,UP,DOWN,UP,UP,DOWN,NEUTRAL,NEUTRAL,NEUTRAL,NEUTRAL,DOWN,good
60,1min,1765171791,26070.1,26072.05,26072.9,26067.3,26070.2,26070.25,1.39,1.05,26068.6,26074.2,26065.15,26076.35,0.01,5.6,1.95,0.0,0.0,0.0,UP,NEUTRAL,NEUTRAL,NEUTRAL,NEUTRAL,NEUTRAL,NEUTRAL,NEUTRAL,NEUTRAL,NEUTRAL,NEUTRAL,NEUTRAL,NEUTRAL,NEUTRAL,NEUTRAL,NEUTRAL,NEUTRAL,NEUTRAL,NEUTRAL,NEUTRAL,NEUTRAL,DOWN,DOWN,DOWN,DOWN,DOWN,DOWN,DOWN,NEUTRAL,NEUTRAL,NEUTRAL,DOWN,NEUTRAL,NEUTRAL,DOWN,DOWN,NEUTRAL,DOWN,DOWN,NEUTRAL,DOWN,DOWN,DOWN,DOWN,DOWN,DOWN,DOWN,UP,DOWN,UP,UP,UP,UP,UP,DOWN,NEUTRAL,NEUTRAL,UP,NEUTRAL,DOWN,good
60,1min,1765171851,26071.5,26063.35,26072.5,26061.15,26066.08,26064.48,3.38,1.4,26058.83,26070.18,26054.32,26077.02,-0.03,11.35,-8.15,0.0,0.0,0.0,UP,UP,NEUTRAL,UP,NEUTRAL,NEUTRAL,NEUTRAL,NEUTRAL,NEUTRAL,NEUTRAL,NEUTRAL,NEUTRAL,NEUTRAL,NEUTRAL,NEUTRAL,NEUTRAL,NEUTRAL,NEUTRAL,NEUTRAL,NEUTRAL,NEUTRAL,DOWN,DOWN,DOWN,DOWN,DOWN,DOWN,DOWN,DOWN,NEUTRAL,NEUTRAL,DOWN,DOWN,NEUTRAL,DOWN,DOWN,DOWN,DOWN,DOWN,DOWN,DOWN,DOWN,DOWN,DOWN,DOWN,DOWN,DOWN,DOWN,DOWN,UP,DOWN,UP,DOWN,DOWN,DOWN,NEUTRAL,NEUTRAL,NEUTRAL,NEUTRAL,DOWN,good
60,1min,1765171911,26063.05,26063.5,26064.85,26060.75,26063.33,26063.38,0.81,0.58,26061.22,26065.32,26058.93,26067.13,0.0,4.1,0.45,0.0,0.0,0.0,UP,UP,NEUTRAL,UP,NEUTRAL,NEUTRAL,NEUTRAL,NEUTRAL,NEUTRAL,NEUTRAL,NEUTRAL,NEUTRAL,NEUTRAL,NEUTRAL,NEUTRAL,NEUTRAL,NEUTRAL,NEUTRAL,NEUTRAL,NEUTRAL,NEUTRAL,DOWN,DOWN,DOWN,DOWN,DOWN,DOWN,DOWN,DOWN,NEUTRAL,NEUTRAL,DOWN,NEUTRAL,NEUTRAL,DOWN,DOWN,NEUTRAL,DOWN,DOWN,DOWN,DOWN,DOWN,DOWN,DOWN,DOWN,DOWN,DOWN,UP,UP,UP,UP,UP,UP,UP,UP,NEUTRAL,NEUTRAL,NEUTRAL,UP,DOWN,good
60,1min,1765171971,26064.2,26064.65,26066.55,26062.6,26064.84,26064.95,0.81,0.5,26062.65,26066.6,26060.65,26068.55,0.0,3.95,0.45,0.0,0.0,0.0,UP,NEUTRAL,NEUTRAL,UP,NEUTRAL,NEUTRAL,NEUTRAL,NEUTRAL,NEUTRAL,NEUTRAL,NEUTRAL,NEUTRAL,NEUTRAL,NEUTRAL,NEUTRAL,NEUTRAL,NEUTRAL,NEUTRAL,NEUTRAL,NEUTRAL,NEUTRAL,UP,DOWN,DOWN,DOWN,DOWN,DOWN,DOWN,NEUTRAL,NEUTRAL,NEUTRAL,DOWN,NEUTRAL,NEUTRAL,DOWN,NEUTRAL,NEUTRAL,DOWN,DOWN,NEUTRAL,DOWN,DOWN,NEUTRAL,DOWN,DOWN,DOWN,UP,UP,DOWN,DOWN,UP,DOWN,UP,DOWN,UP,DOWN,NEUTRAL,UP,UP,DOWN,good
60,1min,1765172031,26064.75,26061.35,26065.75,26060.25,26063.14,26062.95,1.1,0.8,26059.15,26064.65,26056.95,26067.95,-0.01,5.5,-3.4,0.0,0.0,0.0,UP,UP,NEUTRAL,UP,NEUTRAL,NEUTRAL,NEUTRAL,NEUTRAL,NEUTRAL,NEUTRAL,NEUTRAL,NEUTRAL,NEUTRAL,NEUTRAL,NEUTRAL,NEUTRAL,NEUTRAL,NEUTRAL,NEUTRAL,NEUTRAL,NEUTRAL,UP,DOWN,DOWN,DOWN,DOWN,DOWN,DOWN,NEUTRAL,NEUTRAL,NEUTRAL,DOWN,NEUTRAL,NEUTRAL,DOWN,NEUTRAL,NEUTRAL,DOWN,DOWN,NEUTRAL,DOWN,DOWN,NEUTRAL,DOWN,DOWN,DOWN,UP,UP,UP,UP,DOWN,DOWN,DOWN,DOWN,DOWN,DOWN,NEUTRAL,NEUTRAL,NEUTRAL,DOWN,bad
60,1min,1765172091,26061.55,26062.15,26062.15,26057.5,26059.92,26059.98,1.17,0.93,26059.05,26063.7,26055.95,26065.25,0.0,4.65,0.6,0.0,0.0,0.0,UP,NEUTRAL,NEUTRAL,UP,NEUTRAL,NEUTRAL,NEUTRAL,NEUTRAL,NEUTRAL,NEUTRAL,NEUTRAL,NEUTRAL,NEUTRAL,NEUTRAL,NEUTRAL,NEUTRAL,NEUTRAL,NEUTRAL,NEUTRAL,NEUTRAL,NEUTRAL,UP,DOWN,DOWN,DOWN,DOWN,DOWN,DOWN,NEUTRAL,NEUTRAL,NEUTRAL,NEUTRAL,NEUTRAL,NEUTRAL,DOWN,NEUTRAL,NEUTRAL,DOWN,NEUTRAL,NEUTRAL,DOWN,DOWN,NEUTRAL,DOWN,DOWN,NEUTRAL,UP,DOWN,UP,UP,DOWN,DOWN,DOWN,DOWN,DOWN,DOWN,NEUTRAL,UP,UP,DOWN,good
60,1min,1765172151,26061.55,26059.8,26065.7,26059.65,26062.83,26063.05,1.72,1.35,26057.73,26063.78,26055.67,26067.77,-0.01,6.05,-1.75,0.0,0.0,0.0,UP,UP,NEUTRAL,UP,NEUTRAL,NEUTRAL,NEUTRAL,NEUTRAL,NEUTRAL,NEUTRAL,NEUTRAL,NEUTRAL,NEUTRAL,NEUTRAL,NEUTRAL,NEUTRAL,NEUTRAL,NEUTRAL,NEUTRAL,NEUTRAL,NEUTRAL,UP,DOWN,DOWN,DOWN,DOWN,DOWN,DOWN,DOWN,NEUTRAL,NEUTRAL,NEUTRAL,NEUTRAL,NEUTRAL,DOWN,NEUTRAL,NEUTRAL,DOWN,DOWN,NEUTRAL,DOWN,DOWN,NEUTRAL,DOWN,DOWN,NEUTRAL,DOWN,DOWN,DOWN,DOWN,DOWN,UP,DOWN,UP,UP,DOWN,NEUTRAL,NEUTRAL,NEUTRAL,DOWN,bad
60,1min,1765172211,26060.35,26063.05,26064.75,26058.8,26062.15,26062.25,1.3,1.05,26059.65,26065.6,26056.25,26068.15,0.01,5.95,2.7,0.0,0.0,0.0,NEUTRAL,NEUTRAL,NEUTRAL,NEUTRAL,NEUTRAL,NEUTRAL,NEUTRAL,NEUTRAL,NEUTRAL,NEUTRAL,NEUTRAL,NEUTRAL,NEUTRAL,NEUTRAL,NEUTRAL,NEUTRAL,NEUTRAL,NEUTRAL,NEUTRAL,NEUTRAL,NEUTRAL,UP,DOWN,DOWN,DOWN,DOWN,DOWN,DOWN,NEUTRAL,NEUTRAL,NEUTRAL,NEUTRAL,NEUTRAL,NEUTRAL,NEUTRAL,NEUTRAL,NEUTRAL,DOWN,NEUTRAL,NEUTRAL,DOWN,NEUTRAL,NEUTRAL,DOWN,DOWN,NEUTRAL,UP,DOWN,UP,DOWN,UP,UP,UP,UP,UP,DOWN,NEUTRAL,UP,UP,DOWN,good
60,1min,1765172271,26063.45,26058.0,26063.7,26055.2,26059.98,26059.7,2.47,2.4,26054.23,26062.73,26050.47,26067.47,-0.02,8.5,-5.45,0.0,0.0,0.0,UP,NEUTRAL,NEUTRAL,UP,NEUTRAL,NEUTRAL,NEUTRAL,NEUTRAL,NEUTRAL,NEUTRAL,NEUTRAL,NEUTRAL,NEUTRAL,NEUTRAL,NEUTRAL,NEUTRAL,NEUTRAL,NEUTRAL,NEUTRAL,NEUTRAL,NEUTRAL,UP,DOWN,DOWN,DOWN,DOWN,DOWN,DOWN,DOWN,DOWN,NEUTRAL,DOWN,NEUTRAL,NEUTRAL,DOWN,NEUTRAL,NEUTRAL,DOWN,NEUTRAL,NEUTRAL,DOWN,DOWN,NEUTRAL,DOWN,DOWN,NEUTRAL,DOWN,DOWN,DOWN,DOWN,UP,DOWN,UP,DOWN,DOWN,DOWN,NEUTRAL,NEUTRAL,NEUTRAL,DOWN,bad
60,1min,1765172331,26058.75,26060.85,26061.9,26051.9,26058.13,26058.5,2.36,1.88,26054.53,26064.53,26048.22,26068.22,0.01,10.0,2.1,0.0,0.0,0.0,NEUTRAL,NEUTRAL,NEUTRAL,NEUTRAL,NEUTRAL,NEUTRAL,NEUTRAL,NEUTRAL,NEUTRAL,NEUTRAL,NEUTRAL,NEUTRAL,NEUTRAL,NEUTRAL,NEUTRAL,NEUTRAL,NEUTRAL,NEUTRAL,NEUTRAL,NEUTRAL,NEUTRAL,UP,UP,DOWN,DOWN,DOWN,DOWN,DOWN,NEUTRAL,NEUTRAL,NEUTRAL,NEUTRAL,NEUTRAL,NEUTRAL,NEUTRAL,NEUTRAL,NEUTRAL,DOWN,NEUTRAL,NEUTRAL,DOWN,NEUTRAL,NEUTRAL,DOWN,NEUTRAL,NEUTRAL,DOWN,DOWN,UP,UP,UP,UP,UP,UP,UP,DOWN,NEUTRAL,NEUTRAL,NEUTRAL,DOWN,bad
60,1min,1765172391,26061.35,26079.3,26079.3,26060.85,26069.81,26070.05,6.06,6.15,26067.0,26085.45,26054.7,26091.6,0.07,18.45,17.95,0.0,0.0,0.0,DOWN,NEUTRAL,NEUTRAL,NEUTRAL,NEUTRAL,NEUTRAL,NEUTRAL,NEUTRAL,NEUTRAL,NEUTRAL,NEUTRAL,NEUTRAL,NEUTRAL,NEUTRAL,NEUTRAL,NEUTRAL,NEUTRAL,NEUTRAL,NEUTRAL,NEUTRAL,NEUTRAL,UP,UP,UP,UP,DOWN,DOWN,DOWN,UP,UP,NEUTRAL,UP,UP,UP,NEUTRAL,NEUTRAL,NEUTRAL,NEUTRAL,NEUTRAL,NEUTRAL,NEUTRAL,NEUTRAL,NEUTRAL,NEUTRAL,NEUTRAL,NEUTRAL,DOWN,DOWN,UP,DOWN,DOWN,UP,DOWN,UP,DOWN,DOWN,NEUTRAL,NEUTRAL,NEUTRAL,UP,bad
60,1min,1765172451,26078.9,26069.25,26080.7,26068.65,26075.39,26076.43,2.99,1.52,26065.03,26077.08,26060.82,26084.92,-0.04,12.05,-9.65,0.0,0.0,0.0,NEUTRAL,NEUTRAL,NEUTRAL,NEUTRAL,NEUTRAL,NEUTRAL,NEUTRAL,NEUTRAL,NEUTRAL,NEUTRAL,NEUTRAL,NEUTRAL,NEUTRAL,NEUTRAL,NEUTRAL,NEUTRAL,NEUTRAL,NEUTRAL,NEUTRAL,NEUTRAL,NEUTRAL,UP,UP,UP,UP,DOWN,DOWN,DOWN,NEUTRAL,NEUTRAL,NEUTRAL,NEUTRAL,NEUTRAL,NEUTRAL,NEUTRAL,NEUTRAL,NEUTRAL,NEUTRAL,NEUTRAL,NEUTRAL,NEUTRAL,NEUTRAL,NEUTRAL,NEUTRAL,NEUTRAL,NEUTRAL,UP,UP,UP,UP,UP,DOWN,DOWN,DOWN,DOWN,UP,NEUTRAL,NEUTRAL,NEUTRAL,UP,good
60,1min,1765172511,26070.45,26070.95,26073.35,26068.95,26071.15,26071.2,0.89,0.6,26068.82,26073.22,26066.68,26075.48,0.0,4.4,0.5,0.0,0.0,0.0,NEUTRAL,NEUTRAL,NEUTRAL,NEUTRAL,NEUTRAL,NEUTRAL,NEUTRAL,NEUTRAL,NEUTRAL,NEUTRAL,NEUTRAL,NEUTRAL,NEUTRAL,NEUTRAL,NEUTRAL,NEUTRAL,NEUTRAL,NEUTRAL,NEUTRAL,NEUTRAL,NEUTRAL,UP,UP,UP,UP,UP,DOWN,DOWN,NEUTRAL,NEUTRAL,NEUTRAL,NEUTRAL,NEUTRAL,NEUTRAL,NEUTRAL,NEUTRAL,NEUTRAL,NEUTRAL,NEUTRAL,NEUTRAL,NEUTRAL,NEUTRAL,NEUTRAL,NEUTRAL,NEUTRAL,NEUTRAL,DOWN,UP,DOWN,UP,UP,DOWN,DOWN,DOWN,DOWN,UP,NEUTRAL,NEUTRAL,NEUTRAL,UP,bad
60,1min,1765172571,26071.4,26070.35,26072.5,26068.45,26070.48,26070.48,0.85,0.55,26068.37,26072.42,26066.38,26074.48,-0.0,4.05,-1.05,0.0,0.0,0.0,NEUTRAL,NEUTRAL,NEUTRAL,NEUTRAL,NEUTRAL,NEUTRAL,NEUTRAL,NEUTRAL,NEUTRAL,NEUTRAL,NEUTRAL,NEUTRAL,NEUTRAL,NEUTRAL,NEUTRAL,NEUTRAL,NEUTRAL,NEUTRAL,NEUTRAL,NEUTRAL,NEUTRAL,DOWN,UP,UP,UP,UP,DOWN,DOWN,NEUTRAL,NEUTRAL,NEUTRAL,NEUTRAL,NEUTRAL,NEUTRAL,NEUTRAL,NEUTRAL,NEUTRAL,NEUTRAL,NEUTRAL,NEUTRAL,NEUTRAL,NEUTRAL,NEUTRAL,NEUTRAL,NEUTRAL,NEUTRAL,UP,UP,DOWN,DOWN,DOWN,DOWN,UP,DOWN,UP,UP,NEUTRAL,NEUTRAL,NEUTRAL,UP,bad
60,1min,1765172631,26069.55,26070.4,26072.2,26066.7,26069.77,26069.57,1.48,1.27,26067.33,26072.83,26064.27,26075.27,0.0,5.5,0.85,0.0,0.0,0.0,NEUTRAL,NEUTRAL,NEUTRAL,NEUTRAL,NEUTRAL,NEUTRAL,NEUTRAL,NEUTRAL,NEUTRAL,NEUTRAL,NEUTRAL,NEUTRAL,NEUTRAL,NEUTRAL,NEUTRAL,NEUTRAL,NEUTRAL,NEUTRAL,NEUTRAL,NEUTRAL,NEUTRAL,DOWN,UP,UP,UP,UP,DOWN,DOWN,NEUTRAL,NEUTRAL,NEUTRAL,NEUTRAL,NEUTRAL,NEUTRAL,NEUTRAL,NEUTRAL,NEUTRAL,NEUTRAL,NEUTRAL,NEUTRAL,NEUTRAL,NEUTRAL,NEUTRAL,NEUTRAL,NEUTRAL,NEUTRAL,UP,DOWN,DOWN,UP,DOWN,UP,UP,UP,UP,NEUTRAL,NEUTRAL,NEUTRAL,NEUTRAL,UP,bad
60,1min,1765172691,26070.45,26068.4,26071.55,26067.75,26069.61,26069.45,0.85,0.7,26066.92,26070.72,26065.43,26073.03,-0.01,3.8,-2.05,0.0,0.0,0.0,NEUTRAL,NEUTRAL,NEUTRAL,NEUTRAL,NEUTRAL,NEUTRAL,NEUTRAL,NEUTRAL,NEUTRAL,NEUTRAL,NEUTRAL,NEUTRAL,NEUTRAL,NEUTRAL,NEUTRAL,NEUTRAL,NEUTRAL,NEUTRAL,NEUTRAL,NEUTRAL,NEUTRAL,DOWN,UP,UP,UP,UP,DOWN,DOWN,DOWN,DOWN,NEUTRAL,NEUTRAL,NEUTRAL,NEUTRAL,NEUTRAL,NEUTRAL,NEUTRAL,NEUTRAL,NEUTRAL,NEUTRAL,NEUTRAL,NEUTRAL,NEUTRAL,NEUTRAL,NEUTRAL,NEUTRAL,DOWN,UP,DOWN,DOWN,DOWN,UP,DOWN,UP,DOWN,NEUTRAL,NEUTRAL,NEUTRAL,NEUTRAL,DOWN,good
60,1min,1765172751,26069.1,26065.9,26071.55,26065.25,26069.01,26069.6,1.65,1.05,26063.58,26069.88,26061.27,26073.87,-0.01,6.3,-3.2,0.0,0.0,0.0,NEUTRAL,NEUTRAL,NEUTRAL,NEUTRAL,NEUTRAL,NEUTRAL,NEUTRAL,NEUTRAL,NEUTRAL,NEUTRAL,NEUTRAL,NEUTRAL,NEUTRAL,NEUTRAL,NEUTRAL,NEUTRAL,NEUTRAL,NEUTRAL,NEUTRAL,NEUTRAL,NEUTRAL,DOWN,UP,UP,UP,UP,DOWN,DOWN,DOWN,DOWN,NEUTRAL,NEUTRAL,NEUTRAL,NEUTRAL,NEUTRAL,NEUTRAL,NEUTRAL,NEUTRAL,NEUTRAL,NEUTRAL,NEUTRAL,NEUTRAL,NEUTRAL,NEUTRAL,NEUTRAL,NEUTRAL,UP,DOWN,DOWN,UP,UP,UP,UP,UP,UP,NEUTRAL,NEUTRAL,NEUTRAL,NEUTRAL,UP,good
60,1min,1765172811,26066.4,26066.7,26069.5,26065.35,26067.69,26067.65,0.86,0.6,26064.87,26069.02,26063.03,26071.33,0.0,4.15,0.3,0.0,0.0,0.0,NEUTRAL,NEUTRAL,NEUTRAL,NEUTRAL,NEUTRAL,NEUTRAL,NEUTRAL,NEUTRAL,NEUTRAL,NEUTRAL,NEUTRAL,NEUTRAL,NEUTRAL,NEUTRAL,NEUTRAL,NEUTRAL,NEUTRAL,NEUTRAL,NEUTRAL,NEUTRAL,NEUTRAL,DOWN,UP,UP,UP,UP,UP,DOWN,NEUTRAL,NEUTRAL,NEUTRAL,NEUTRAL,NEUTRAL,NEUTRAL,NEUTRAL,NEUTRAL,NEUTRAL,NEUTRAL,NEUTRAL,NEUTRAL,NEUTRAL,NEUTRAL,NEUTRAL,NEUTRAL,NEUTRAL,NEUTRAL,DOWN,DOWN,DOWN,UP,DOWN,DOWN,UP,DOWN,UP,NEUTRAL,NEUTRAL,NEUTRAL,NEUTRAL,NEUTRAL,neutral
60,1min,1765172871,26066.95,26064.05,26068.7,26062.95,26066.14,26066.15,1.29,0.95,26061.77,26067.52,26059.48,26070.98,-0.01,5.75,-2.9,0.0,0.0,0.0,NEUTRAL,NEUTRAL,NEUTRAL,NEUTRAL,NEUTRAL,NEUTRAL,NEUTRAL,NEUTRAL,NEUTRAL,NEUTRAL,NEUTRAL,NEUTRAL,NEUTRAL,NEUTRAL,NEUTRAL,NEUTRAL,NEUTRAL,NEUTRAL,NEUTRAL,NEUTRAL,NEUTRAL,DOWN,UP,UP,UP,UP,UP,DOWN,DOWN,NEUTRAL,NEUTRAL,NEUTRAL,NEUTRAL,NEUTRAL,NEUTRAL,NEUTRAL,NEUTRAL,NEUTRAL,NEUTRAL,NEUTRAL,NEUTRAL,NEUTRAL,NEUTRAL,NEUTRAL,NEUTRAL,NEUTRAL,UP,DOWN,UP,UP,UP,UP,DOWN,DOWN,DOWN,NEUTRAL,NEUTRAL,NEUTRAL,NEUTRAL,UP,good
60,1min,1765172931,26065.1,26057.65,26065.1,26056.55,26060.82,26060.8,2.48,2.25,26054.43,26062.98,26051.22,26068.32,-0.03,8.55,-7.45,0.0,0.0,0.0,UP,NEUTRAL,NEUTRAL,NEUTRAL,NEUTRAL,NEUTRAL,NEUTRAL,NEUTRAL,NEUTRAL,NEUTRAL,NEUTRAL,NEUTRAL,NEUTRAL,NEUTRAL,NEUTRAL,NEUTRAL,NEUTRAL,NEUTRAL,NEUTRAL,NEUTRAL,NEUTRAL,DOWN,DOWN,UP,UP,DOWN,DOWN,DOWN,DOWN,DOWN,NEUTRAL,DOWN,DOWN,DOWN,DOWN,NEUTRAL,NEUTRAL,DOWN,DOWN,NEUTRAL,DOWN,NEUTRAL,NEUTRAL,DOWN,NEUTRAL,NEUTRAL,DOWN,UP,UP,DOWN,UP,UP,DOWN,DOWN,DOWN,NEUTRAL,NEUTRAL,NEUTRAL,NEUTRAL,DOWN,bad
60,1min,1765172991,26057.15,26060.4,26061.85,26057.15,26059.95,26060.0,0.9,0.65,26057.75,26062.45,26055.1,26064.5,0.01,4.7,3.25,0.0,0.0,0.0,NEUTRAL,NEUTRAL,NEUTRAL,NEUTRAL,NEUTRAL,NEUTRAL,NEUTRAL,NEUTRAL,NEUTRAL,NEUTRAL,NEUTRAL,NEUTRAL,NEUTRAL,NEUTRAL,NEUTRAL,NEUTRAL,NEUTRAL,NEUTRAL,NEUTRAL,NEUTRAL,NEUTRAL,DOWN,DOWN,DOWN,UP,DOWN,DOWN,DOWN,NEUTRAL,NEUTRAL,NEUTRAL,DOWN,NEUTRAL,NEUTRAL,NEUTRAL,NEUTRAL,NEUTRAL,NEUTRAL,NEUTRAL,NEUTRAL,NEUTRAL,NEUTRAL,NEUTRAL,NEUTRAL,NEUTRAL,NEUTRAL,UP,DOWN,UP,DOWN,DOWN,DOWN,DOWN,UP,DOWN,NEUTRAL,NEUTRAL,NEUTRAL,NEUTRAL,DOWN,bad
60,1min,1765173051,26062.0,26062.05,26063.4,26057.9,26060.48,26060.5,1.25,1.05,26058.83,26064.33,26055.62,26066.62,0.0,5.5,0.05,0.0,0.0,0.0,NEUTRAL,NEUTRAL,NEUTRAL,NEUTRAL,NEUTRAL,NEUTRAL,NEUTRAL,NEUTRAL,NEUTRAL,NEUTRAL,NEUTRAL,NEUTRAL,NEUTRAL,NEUTRAL,NEUTRAL,NEUTRAL,NEUTRAL,NEUTRAL,NEUTRAL,NEUTRAL,NEUTRAL,UP,DOWN,DOWN,UP,DOWN,DOWN,DOWN,NEUTRAL,NEUTRAL,NEUTRAL,NEUTRAL,NEUTRAL,NEUTRAL,NEUTRAL,NEUTRAL,NEUTRAL,NEUTRAL,NEUTRAL,NEUTRAL,NEUTRAL,NEUTRAL,NEUTRAL,NEUTRAL,NEUTRAL,NEUTRAL,UP,UP,DOWN,DOWN,UP,DOWN,UP,UP,UP,NEUTRAL,NEUTRAL,NEUTRAL,NEUTRAL,NEUTRAL,neutral
60,1min,1765173111,26061.8,26067.9,26069.3,26060.1,26064.44,26063.5,2.81,2.4,26062.23,26071.43,26056.57,26074.97,0.02,9.2,6.1,0.0,0.0,0.0,NEUTRAL,NEUTRAL,NEUTRAL,NEUTRAL,NEUTRAL,NEUTRAL,NEUTRAL,NEUTRAL,NEUTRAL,NEUTRAL,NEUTRAL,NEUTRAL,NEUTRAL,NEUTRAL,NEUTRAL,NEUTRAL,NEUTRAL,NEUTRAL,NEUTRAL,NEUTRAL,NEUTRAL,UP,DOWN,UP,UP,UP,UP,DOWN,UP,UP,NEUTRAL,NEUTRAL,NEUTRAL,NEUTRAL,NEUTRAL,NEUTRAL,NEUTRAL,NEUTRAL,NEUTRAL,NEUTRAL,NEUTRAL,NEUTRAL,NEUTRAL,NEUTRAL,NEUTRAL,NEUTRAL,DOWN,UP,UP,DOWN,DOWN,DOWN,UP,DOWN,UP,NEUTRAL,NEUTRAL,NEUTRAL,NEUTRAL,UP,bad
60,1min,1765173171,26068.6,26072.4,26076.3,26067.25,26072.79,26072.6,1.77,1.1,26067.67,26076.72,26062.93,26081.03,0.01,9.05,3.8,0.0,0.0,0.0,DOWN,NEUTRAL,NEUTRAL,NEUTRAL,NEUTRAL,NEUTRAL,NEUTRAL,NEUTRAL,NEUTRAL,NEUTRAL,NEUTRAL,NEUTRAL,NEUTRAL,NEUTRAL,NEUTRAL,NEUTRAL,NEUTRAL,NEUTRAL,NEUTRAL,NEUTRAL,NEUTRAL,UP,UP,UP,UP,UP,UP,DOWN,UP,UP,NEUTRAL,UP,UP,NEUTRAL,NEUTRAL,NEUTRAL,NEUTRAL,UP,NEUTRAL,NEUTRAL,UP,NEUTRAL,NEUTRAL,NEUTRAL,NEUTRAL,NEUTRAL,UP,DOWN,DOWN,DOWN,UP,UP,UP,UP,UP,NEUTRAL,NEUTRAL,NEUTRAL,NEUTRAL,UP,bad
60,1min,1765173231,26072.2,26072.8,26076.1,26071.05,26073.55,26073.4,1.02,0.8,26070.53,26075.58,26068.27,26078.37,0.0,5.05,0.6,0.0,0.0,0.0,DOWN,NEUTRAL,NEUTRAL,NEUTRAL,NEUTRAL,NEUTRAL,NEUTRAL,NEUTRAL,NEUTRAL,NEUTRAL,NEUTRAL,NEUTRAL,NEUTRAL,NEUTRAL,NEUTRAL,NEUTRAL,NEUTRAL,NEUTRAL,NEUTRAL,NEUTRAL,NEUTRAL,UP,UP,UP,UP,UP,UP,UP,UP,NEUTRAL,NEUTRAL,UP,NEUTRAL,NEUTRAL,NEUTRAL,NEUTRAL,NEUTRAL,UP,NEUTRAL,NEUTRAL,UP,NEUTRAL,NEUTRAL,NEUTRAL,NEUTRAL,NEUTRAL,DOWN,UP,DOWN,DOWN,UP,DOWN,DOWN,UP,DOWN,NEUTRAL,NEUTRAL,NEUTRAL,NEUTRAL,UP,bad
60,1min,1765173291,26072.6,26075.15,26075.65,26071.3,26073.98,26074.05,0.9,0.55,26072.42,26076.77,26069.68,26078.38,0.01,4.35,2.55,0.0,0.0,0.0,DOWN,NEUTRAL,NEUTRAL,NEUTRAL,NEUTRAL,NEUTRAL,NEUTRAL,NEUTRAL,NEUTRAL,NEUTRAL,NEUTRAL,NEUTRAL,NEUTRAL,NEUTRAL,NEUTRAL,NEUTRAL,NEUTRAL,NEUTRAL,NEUTRAL,NEUTRAL,NEUTRAL,UP,UP,UP,UP,UP,UP,UP,UP,NEUTRAL,NEUTRAL,UP,UP,NEUTRAL,UP,UP,NEUTRAL,UP,NEUTRAL,NEUTRAL,UP,UP,NEUTRAL,NEUTRAL,NEUTRAL,NEUTRAL,UP,DOWN,DOWN,UP,UP,UP,UP,DOWN,DOWN,NEUTRAL,NEUTRAL,NEUTRAL,NEUTRAL,UP,bad
60,1min,1765173351,26075.3,26074.45,26075.95,26071.5,26074.07,26074.2,1.05,0.8,26071.98,26076.43,26069.52,26078.42,-0.0,4.45,-0.85,0.0,0.0,0.0,DOWN,NEUTRAL,NEUTRAL,NEUTRAL,NEUTRAL,NEUTRAL,NEUTRAL,NEUTRAL,NEUTRAL,NEUTRAL,NEUTRAL,NEUTRAL,NEUTRAL,NEUTRAL,NEUTRAL,NEUTRAL,NEUTRAL,NEUTRAL,NEUTRAL,NEUTRAL,NEUTRAL,UP,UP,UP,UP,UP,UP,UP,NEUTRAL,NEUTRAL,NEUTRAL,UP,NEUTRAL,NEUTRAL,UP,NEUTRAL,NEUTRAL,UP,NEUTRAL,NEUTRAL,UP,NEUTRAL,NEUTRAL,NEUTRAL,NEUTRAL,NEUTRAL,DOWN,UP,UP,UP,DOWN,UP,UP,DOWN,DOWN,NEUTRAL,NEUTRAL,NEUTRAL,NEUTRAL,UP,bad
60,1min,1765173411,26075.6,26076.15,26077.85,26074.35,26076.12,26076.07,0.74,0.52,26074.38,26077.88,26072.62,26079.62,0.0,3.5,0.55,0.0,0.0,0.0,DOWN,NEUTRAL,NEUTRAL,NEUTRAL,NEUTRAL,NEUTRAL,NEUTRAL,NEUTRAL,NEUTRAL,NEUTRAL,NEUTRAL,NEUTRAL,NEUTRAL,NEUTRAL,NEUTRAL,NEUTRAL,NEUTRAL,NEUTRAL,NEUTRAL,NEUTRAL,NEUTRAL,UP,UP,UP,UP,UP,UP,UP,UP,NEUTRAL,NEUTRAL,UP,NEUTRAL,NEUTRAL,UP,NEUTRAL,NEUTRAL,UP,NEUTRAL,NEUTRAL,UP,UP,NEUTRAL,UP,NEUTRAL,NEUTRAL,DOWN,DOWN,DOWN,UP,DOWN,DOWN,DOWN,DOWN,UP,NEUTRAL,NEUTRAL,DOWN,NEUTRAL,UP,bad
60,1min,1765173471,26076.3,26072.0,26077.1,26072.0,26074.99,26075.35,1.26,0.7,26070.3,26075.4,26068.6,26078.8,-0.02,5.1,-4.3,0.0,0.0,0.0,NEUTRAL,NEUTRAL,NEUTRAL,NEUTRAL,NEUTRAL,NEUTRAL,NEUTRAL,NEUTRAL,NEUTRAL,NEUTRAL,NEUTRAL,NEUTRAL,NEUTRAL,NEUTRAL,NEUTRAL,NEUTRAL,NEUTRAL,NEUTRAL,NEUTRAL,NEUTRAL,NEUTRAL,DOWN,UP,UP,UP,UP,UP,UP,DOWN,NEUTRAL,NEUTRAL,NEUTRAL,NEUTRAL,NEUTRAL,NEUTRAL,NEUTRAL,NEUTRAL,NEUTRAL,NEUTRAL,NEUTRAL,NEUTRAL,NEUTRAL,NEUTRAL,NEUTRAL,NEUTRAL,NEUTRAL,UP,UP,UP,DOWN,DOWN,UP,DOWN,UP,UP,NEUTRAL,NEUTRAL,NEUTRAL,NEUTRAL,UP,bad
60,1min,1765173531,26072.3,26069.2,26072.45,26067.15,26069.97,26070.15,1.31,0.95,26066.75,26072.05,26064.3,26074.9,-0.01,5.3,-3.1,0.0,0.0,0.0,NEUTRAL,NEUTRAL,NEUTRAL,NEUTRAL,NEUTRAL,NEUTRAL,NEUTRAL,NEUTRAL,NEUTRAL,NEUTRAL,NEUTRAL,NEUTRAL,NEUTRAL,NEUTRAL,NEUTRAL,NEUTRAL,NEUTRAL,NEUTRAL,NEUTRAL,NEUTRAL,NEUTRAL,DOWN,DOWN,UP,UP,UP,UP,UP,DOWN,DOWN,NEUTRAL,NEUTRAL,NEUTRAL,NEUTRAL,NEUTRAL,NEUTRAL,NEUTRAL,NEUTRAL,NEUTRAL,NEUTRAL,NEUTRAL,NEUTRAL,NEUTRAL,NEUTRAL,NEUTRAL,NEUTRAL,DOWN,UP,UP,UP,DOWN,DOWN,DOWN,UP,DOWN,NEUTRAL,NEUTRAL,NEUTRAL,NEUTRAL,NEUTRAL,neutral
60,1min,1765173591,26069.5,26070.7,26072.2,26066.0,26069.6,26069.65,1.14,0.65,26067.07,26073.27,26063.43,26075.83,0.0,6.2,1.2,0.0,0.0,0.0,NEUTRAL,NEUTRAL,NEUTRAL,NEUTRAL,NEUTRAL,NEUTRAL,NEUTRAL,NEUTRAL,NEUTRAL,NEUTRAL,NEUTRAL,NEUTRAL,NEUTRAL,NEUTRAL,NEUTRAL,NEUTRAL,NEUTRAL,NEUTRAL,NEUTRAL,NEUTRAL,NEUTRAL,DOWN,DOWN,UP,UP,UP,UP,UP,NEUTRAL,NEUTRAL,NEUTRAL,NEUTRAL,NEUTRAL,NEUTRAL,NEUTRAL,NEUTRAL,NEUTRAL,NEUTRAL,NEUTRAL,NEUTRAL,NEUTRAL,NEUTRAL,NEUTRAL,NEUTRAL,NEUTRAL,NEUTRAL,DOWN,DOWN,DOWN,DOWN,DOWN,UP,UP,UP,UP,NEUTRAL,NEUTRAL,NEUTRAL,NEUTRAL,UP,bad
60,1min,1765173651,26072.65,26072.9,26074.45,26068.3,26070.83,26070.38,1.51,0.85,26069.32,26075.47,26065.73,26078.03,0.0,6.15,0.25,0.0,0.0,0.0,NEUTRAL,NEUTRAL,NEUTRAL,NEUTRAL,NEUTRAL,NEUTRAL,NEUTRAL,NEUTRAL,NEUTRAL,NEUTRAL,NEUTRAL,NEUTRAL,NEUTRAL,NEUTRAL,NEUTRAL,NEUTRAL,NEUTRAL,NEUTRAL,NEUTRAL,NEUTRAL,NEUTRAL,DOWN,UP,UP,UP,UP,UP,UP,NEUTRAL,NEUTRAL,NEUTRAL,NEUTRAL,NEUTRAL,NEUTRAL,NEUTRAL,NEUTRAL,NEUTRAL,NEUTRAL,NEUTRAL,NEUTRAL,NEUTRAL,NEUTRAL,NEUTRAL,NEUTRAL,NEUTRAL,NEUTRAL,UP,UP,UP,DOWN,DOWN,UP,DOWN,DOWN,UP,NEUTRAL,NEUTRAL,NEUTRAL,NEUTRAL,UP,bad
60,1min,1765173711,26072.4,26064.85,26074.3,26064.85,26069.77,26070.2,2.38,1.5,26061.7,26071.15,26058.55,26077.45,-0.03,9.45,-7.55,0.0,0.0,0.0,NEUTRAL,NEUTRAL,NEUTRAL,NEUTRAL,NEUTRAL,NEUTRAL,NEUTRAL,NEUTRAL,NEUTRAL,NEUTRAL,NEUTRAL,NEUTRAL,NEUTRAL,NEUTRAL,NEUTRAL,NEUTRAL,NEUTRAL,NEUTRAL,NEUTRAL,NEUTRAL,NEUTRAL,DOWN,DOWN,DOWN,UP,UP,UP,UP,DOWN,DOWN,NEUTRAL,DOWN,DOWN,DOWN,NEUTRAL,NEUTRAL,NEUTRAL,NEUTRAL,NEUTRAL,NEUTRAL,NEUTRAL,NEUTRAL,NEUTRAL,NEUTRAL,NEUTRAL,NEUTRAL,UP,DOWN,DOWN,DOWN,UP,UP,UP,UP,DOWN,NEUTRAL,NEUTRAL,NEUTRAL,NEUTRAL,DOWN,bad
60,1min,1765173771,26064.8,26063.25,26066.9,26059.6,26063.91,26064.2,1.59,0.9,26059.6,26066.9,26055.95,26070.55,-0.01,7.3,-1.55,0.0,0.0,0.0,UP,NEUTRAL,NEUTRAL,NEUTRAL,NEUTRAL,NEUTRAL,NEUTRAL,NEUTRAL,NEUTRAL,NEUTRAL,NEUTRAL,NEUTRAL,NEUTRAL,NEUTRAL,NEUTRAL,NEUTRAL,NEUTRAL,NEUTRAL,NEUTRAL,NEUTRAL,NEUTRAL,DOWN,DOWN,DOWN,DOWN,UP,UP,UP,DOWN,NEUTRAL,NEUTRAL,DOWN,DOWN,NEUTRAL,NEUTRAL,NEUTRAL,NEUTRAL,DOWN,NEUTRAL,NEUTRAL,DOWN,NEUTRAL,NEUTRAL,NEUTRAL,NEUTRAL,NEUTRAL,UP,UP,UP,UP,UP,DOWN,UP,UP,DOWN,NEUTRAL,NEUTRAL,NEUTRAL,NEUTRAL,NEUTRAL,neutral
60,1min,1765173831,26062.45,26065.25,26070.7,26061.5,26065.79,26066.3,2.87,2.73,26060.93,26070.13,26056.62,26075.02,0.01,9.2,2.8,0.0,0.0,0.0,NEUTRAL,NEUTRAL,NEUTRAL,NEUTRAL,NEUTRAL,NEUTRAL,NEUTRAL,NEUTRAL,NEUTRAL,NEUTRAL,NEUTRAL,NEUTRAL,NEUTRAL,NEUTRAL,NEUTRAL,NEUTRAL,NEUTRAL,NEUTRAL,NEUTRAL,NEUTRAL,NEUTRAL,DOWN,DOWN,DOWN,DOWN,UP,UP,UP,NEUTRAL,NEUTRAL,NEUTRAL,DOWN,NEUTRAL,NEUTRAL,NEUTRAL,NEUTRAL,NEUTRAL,NEUTRAL,NEUTRAL,NEUTRAL,NEUTRAL,NEUTRAL,NEUTRAL,NEUTRAL,NEUTRAL,NEUTRAL,UP,DOWN,DOWN,DOWN,UP,DOWN,DOWN,DOWN,DOWN,NEUTRAL,NEUTRAL,NEUTRAL,NEUTRAL,DOWN,good
60,1min,1765173891,26066.8,26061.3,26067.0,26061.0,26063.56,26063.42,1.64,1.42,26059.2,26065.2,26057.1,26069.1,-0.02,6.0,-5.5,0.0,0.0,0.0,UP,NEUTRAL,NEUTRAL,NEUTRAL,NEUTRAL,NEUTRAL,NEUTRAL,NEUTRAL,NEUTRAL,NEUTRAL,NEUTRAL,NEUTRAL,NEUTRAL,NEUTRAL,NEUTRAL,NEUTRAL,NEUTRAL,NEUTRAL,NEUTRAL,NEUTRAL,NEUTRAL,DOWN,DOWN,DOWN,DOWN,DOWN,UP,UP,DOWN,NEUTRAL,NEUTRAL,DOWN,DOWN,NEUTRAL,DOWN,DOWN,NEUTRAL,DOWN,NEUTRAL,NEUTRAL,DOWN,NEUTRAL,NEUTRAL,DOWN,NEUTRAL,NEUTRAL,UP,DOWN,UP,UP,DOWN,DOWN,UP,DOWN,UP,NEUTRAL,NEUTRAL,NEUTRAL,NEUTRAL,DOWN,good
60,1min,1765173951,26063.25,26063.15,26065.35,26059.75,26062.26,26062.15,1.36,1.0,26060.15,26065.75,26057.15,26068.35,-0.0,5.6,-0.1,0.0,0.0,0.0,NEUTRAL,NEUTRAL,NEUTRAL,NEUTRAL,NEUTRAL,NEUTRAL,NEUTRAL,NEUTRAL,NEUTRAL,NEUTRAL,NEUTRAL,NEUTRAL,NEUTRAL,NEUTRAL,NEUTRAL,NEUTRAL,NEUTRAL,NEUTRAL,NEUTRAL,NEUTRAL,NEUTRAL,UP,DOWN,DOWN,DOWN,DOWN,UP,UP,NEUTRAL,NEUTRAL,NEUTRAL,NEUTRAL,NEUTRAL,NEUTRAL,DOWN,NEUTRAL,NEUTRAL,NEUTRAL,NEUTRAL,NEUTRAL,NEUTRAL,NEUTRAL,NEUTRAL,NEUTRAL,NEUTRAL,NEUTRAL,UP,UP,UP,UP,UP,DOWN,DOWN,DOWN,UP,NEUTRAL,NEUTRAL,NEUTRAL,NEUTRAL,UP,bad
60,1min,1765174011,26063.35,26064.95,26068.15,26063.1,26065.2,26065.1,1.15,0.75,26062.65,26067.7,26060.35,26070.45,0.01,5.05,1.6,0.0,0.0,0.0,NEUTRAL,NEUTRAL,NEUTRAL,NEUTRAL,NEUTRAL,NEUTRAL,NEUTRAL,NEUTRAL,NEUTRAL,NEUTRAL,NEUTRAL,NEUTRAL,NEUTRAL,NEUTRAL,NEUTRAL,NEUTRAL,NEUTRAL,NEUTRAL,NEUTRAL,NEUTRAL,NEUTRAL,UP,DOWN,DOWN,DOWN,UP,UP,UP,NEUTRAL,NEUTRAL,NEUTRAL,NEUTRAL,NEUTRAL,NEUTRAL,NEUTRAL,NEUTRAL,NEUTRAL,NEUTRAL,NEUTRAL,NEUTRAL,NEUTRAL,NEUTRAL,NEUTRAL,NEUTRAL,NEUTRAL,NEUTRAL,DOWN,DOWN,DOWN,DOWN,DOWN,DOWN,UP,UP,UP,NEUTRAL,NEUTRAL,NEUTRAL,NEUTRAL,DOWN,good
60,1min,1765174071,26064.2,26060.6,26066.4,26059.45,26061.83,26061.38,1.51,0.58,26057.9,26064.85,26055.2,26069.1,-0.01,6.95,-3.6,0.0,0.0,0.0,NEUTRAL,NEUTRAL,NEUTRAL,NEUTRAL,NEUTRAL,NEUTRAL,NEUTRAL,NEUTRAL,NEUTRAL,NEUTRAL,NEUTRAL,NEUTRAL,NEUTRAL,NEUTRAL,NEUTRAL,NEUTRAL,NEUTRAL,NEUTRAL,NEUTRAL,NEUTRAL,NEUTRAL,DOWN,DOWN,DOWN,DOWN,DOWN,UP,UP,DOWN,NEUTRAL,NEUTRAL,DOWN,NEUTRAL,NEUTRAL,DOWN,DOWN,NEUTRAL,DOWN,NEUTRAL,NEUTRAL,DOWN,NEUTRAL,NEUTRAL,DOWN,NEUTRAL,NEUTRAL,UP,DOWN,UP,UP,DOWN,DOWN,UP,DOWN,DOWN,NEUTRAL,NEUTRAL,NEUTRAL,NEUTRAL,DOWN,good
60,1min,1765174131,26061.05,26061.05,26063.25,26057.95,26060.19,26060.18,1.09,0.8,26058.25,26063.55,26055.45,26066.05,0.0,5.3,0.0,0.0,0.0,0.0,NEUTRAL,NEUTRAL,NEUTRAL,NEUTRAL,NEUTRAL,NEUTRAL,NEUTRAL,NEUTRAL,NEUTRAL,NEUTRAL,NEUTRAL,NEUTRAL,NEUTRAL,NEUTRAL,NEUTRAL,NEUTRAL,NEUTRAL,NEUTRAL,NEUTRAL,NEUTRAL,NEUTRAL,DOWN,DOWN,DOWN,DOWN,DOWN,UP,DOWN,NEUTRAL,NEUTRAL,NEUTRAL,NEUTRAL,NEUTRAL,NEUTRAL,DOWN,NEUTRAL,NEUTRAL,DOWN,NEUTRAL,NEUTRAL,DOWN,NEUTRAL,NEUTRAL,DOWN,NEUTRAL,NEUTRAL,DOWN,UP,DOWN,DOWN,DOWN,UP,UP,UP,UP,NEUTRAL,NEUTRAL,NEUTRAL,NEUTRAL,DOWN,good
60,1min,1765174191,26060.6,26063.95,26064.95,26060.2,26062.54,26062.45,1.16,0.85,26061.12,26065.87,26058.28,26067.78,0.01,4.75,3.35,0.0,0.0,0.0,NEUTRAL,NEUTRAL,NEUTRAL,NEUTRAL,NEUTRAL,NEUTRAL,NEUTRAL,NEUTRAL,NEUTRAL,NEUTRAL,NEUTRAL,NEUTRAL,NEUTRAL,NEUTRAL,NEUTRAL,NEUTRAL,NEUTRAL,NEUTRAL,NEUTRAL,NEUTRAL,NEUTRAL,UP,DOWN,DOWN,DOWN,DOWN,UP,DOWN,NEUTRAL,NEUTRAL,NEUTRAL,NEUTRAL,NEUTRAL,NEUTRAL,NEUTRAL,NEUTRAL,NEUTRAL,NEUTRAL,NEUTRAL,NEUTRAL,NEUTRAL,NEUTRAL,NEUTRAL,NEUTRAL,NEUTRAL,NEUTRAL,DOWN,UP,UP,UP,UP,UP,DOWN,UP,UP,NEUTRAL,NEUTRAL,NEUTRAL,NEUTRAL,UP,good
60,1min,1765174251,26064.8,26062.55,26065.75,26061.7,26063.66,26063.7,0.76,0.55,26060.92,26064.97,26059.28,26067.38,-0.01,4.05,-2.25,0.0,0.0,0.0,NEUTRAL,NEUTRAL,NEUTRAL,NEUTRAL,NEUTRAL,NEUTRAL,NEUTRAL,NEUTRAL,NEUTRAL,NEUTRAL,NEUTRAL,NEUTRAL,NEUTRAL,NEUTRAL,NEUTRAL,NEUTRAL,NEUTRAL,NEUTRAL,NEUTRAL,NEUTRAL,NEUTRAL,UP,DOWN,DOWN,DOWN,DOWN,UP,DOWN,NEUTRAL,NEUTRAL,NEUTRAL,NEUTRAL,NEUTRAL,NEUTRAL,NEUTRAL,NEUTRAL,NEUTRAL,DOWN,NEUTRAL,NEUTRAL,NEUTRAL,NEUTRAL,NEUTRAL,NEUTRAL,NEUTRAL,NEUTRAL,UP,UP,DOWN,DOWN,DOWN,UP,DOWN,DOWN,DOWN,NEUTRAL,NEUTRAL,NEUTRAL,NEUTRAL,DOWN,good
60,1min,1765174311,26061.6,26051.05,26062.05,26049.65,26057.72,26059.65,3.82,0.9,26046.45,26058.85,26041.85,26066.65,-0.04,12.4,-10.55,0.0,0.0,0.0,UP,UP,NEUTRAL,UP,NEUTRAL,NEUTRAL,NEUTRAL,NEUTRAL,NEUTRAL,NEUTRAL,NEUTRAL,NEUTRAL,NEUTRAL,NEUTRAL,NEUTRAL,NEUTRAL,NEUTRAL,NEUTRAL,NEUTRAL,NEUTRAL,NEUTRAL,DOWN,DOWN,DOWN,DOWN,DOWN,DOWN,DOWN,DOWN,DOWN,NEUTRAL,DOWN,DOWN,DOWN,DOWN,DOWN,DOWN,DOWN,DOWN,DOWN,DOWN,DOWN,DOWN,DOWN,DOWN,DOWN,UP,UP,DOWN,UP,UP,DOWN,DOWN,UP,DOWN,NEUTRAL,NEUTRAL,NEUTRAL,NEUTRAL,DOWN,bad
60,1min,1765174371,26050.45,26051.75,26051.9,26042.05,26046.87,26047.22,2.81,2.68,26045.23,26055.08,26038.72,26058.42,0.0,9.85,1.3,0.0,0.0,0.0,UP,NEUTRAL,NEUTRAL,NEUTRAL,NEUTRAL,NEUTRAL,NEUTRAL,NEUTRAL,NEUTRAL,NEUTRAL,NEUTRAL,NEUTRAL,NEUTRAL,NEUTRAL,NEUTRAL,NEUTRAL,NEUTRAL,NEUTRAL,NEUTRAL,NEUTRAL,NEUTRAL,DOWN,DOWN,DOWN,DOWN,DOWN,DOWN,DOWN,DOWN,NEUTRAL,NEUTRAL,DOWN,DOWN,NEUTRAL,DOWN,DOWN,NEUTRAL,DOWN,DOWN,DOWN,DOWN,DOWN,DOWN,DOWN,DOWN,DOWN,DOWN,UP,UP,UP,UP,UP,DOWN,DOWN,DOWN,NEUTRAL,NEUTRAL,NEUTRAL,NEUTRAL,DOWN,bad
60,1min,1765174431,26050.5,26065.7,26065.7,26049.05,26056.9,26057.3,3.61,2.1,26054.6,26071.25,26043.5,26076.8,0.06,16.65,15.2,0.0,0.0,0.0,NEUTRAL,NEUTRAL,NEUTRAL,NEUTRAL,NEUTRAL,NEUTRAL,NEUTRAL,NEUTRAL,NEUTRAL,NEUTRAL,NEUTRAL,NEUTRAL,NEUTRAL,NEUTRAL,NEUTRAL,NEUTRAL,NEUTRAL,NEUTRAL,NEUTRAL,NEUTRAL,NEUTRAL,UP,UP,DOWN,DOWN,DOWN,DOWN,DOWN,UP,NEUTRAL,NEUTRAL,UP,NEUTRAL,NEUTRAL,NEUTRAL,NEUTRAL,NEUTRAL,NEUTRAL,NEUTRAL,NEUTRAL,NEUTRAL,NEUTRAL,NEUTRAL,NEUTRAL,NEUTRAL,NEUTRAL,DOWN,UP,DOWN,DOWN,DOWN,DOWN,DOWN,UP,UP,NEUTRAL,NEUTRAL,NEUTRAL,NEUTRAL,DOWN,good
60,1min,1765174491,26066.45,26062.2,26069.3,26061.75,26064.77,26064.0,1.95,1.2,26059.53,26067.08,26056.87,26071.97,-0.02,7.55,-4.25,0.0,0.0,0.0,NEUTRAL,NEUTRAL,NEUTRAL,NEUTRAL,NEUTRAL,NEUTRAL,NEUTRAL,NEUTRAL,NEUTRAL,NEUTRAL,NEUTRAL,NEUTRAL,NEUTRAL,NEUTRAL,NEUTRAL,NEUTRAL,NEUTRAL,NEUTRAL,NEUTRAL,NEUTRAL,NEUTRAL,UP,UP,DOWN,DOWN,DOWN,DOWN,DOWN,NEUTRAL,NEUTRAL,NEUTRAL,NEUTRAL,NEUTRAL,NEUTRAL,NEUTRAL,NEUTRAL,NEUTRAL,NEUTRAL,NEUTRAL,NEUTRAL,NEUTRAL,NEUTRAL,NEUTRAL,NEUTRAL,NEUTRAL,NEUTRAL,UP,DOWN,DOWN,UP,UP,DOWN,DOWN,UP,DOWN,NEUTRAL,NEUTRAL,NEUTRAL,NEUTRAL,DOWN,bad
60,1min,1765174551,26063.8,26065.2,26065.5,26060.8,26062.78,26062.6,1.26,1.05,26062.17,26066.87,26059.13,26068.53,0.01,4.7,1.4,0.0,0.0,0.0,NEUTRAL,NEUTRAL,NEUTRAL,NEUTRAL,NEUTRAL,NEUTRAL,NEUTRAL,NEUTRAL,NEUTRAL,NEUTRAL,NEUTRAL,NEUTRAL,NEUTRAL,NEUTRAL,NEUTRAL,NEUTRAL,NEUTRAL,NEUTRAL,NEUTRAL,NEUTRAL,NEUTRAL,UP,UP,UP,UP,DOWN,DOWN,UP,NEUTRAL,NEUTRAL,NEUTRAL,NEUTRAL,NEUTRAL,NEUTRAL,NEUTRAL,NEUTRAL,NEUTRAL,NEUTRAL,NEUTRAL,NEUTRAL,NEUTRAL,NEUTRAL,NEUTRAL,NEUTRAL,NEUTRAL,NEUTRAL,DOWN,UP,UP,DOWN,DOWN,DOWN,UP,UP,UP,NEUTRAL,NEUTRAL,NEUTRAL,NEUTRAL,UP,bad
60,1min,1765174611,26064.6,26066.1,26066.1,26062.4,26064.36,26064.35,0.88,0.62,26063.63,26067.33,26061.17,26068.57,0.01,3.7,1.5,0.0,0.0,0.0,NEUTRAL,NEUTRAL,NEUTRAL,NEUTRAL,NEUTRAL,NEUTRAL,NEUTRAL,NEUTRAL,NEUTRAL,NEUTRAL,NEUTRAL,NEUTRAL,NEUTRAL,NEUTRAL,NEUTRAL,NEUTRAL,NEUTRAL,NEUTRAL,NEUTRAL,NEUTRAL,NEUTRAL,UP,UP,UP,UP,DOWN,UP,UP,NEUTRAL,NEUTRAL,NEUTRAL,NEUTRAL,NEUTRAL,NEUTRAL,NEUTRAL,NEUTRAL,NEUTRAL,NEUTRAL,NEUTRAL,NEUTRAL,NEUTRAL,NEUTRAL,NEUTRAL,NEUTRAL,NEUTRAL,NEUTRAL,UP,DOWN,UP,UP,UP,UP,UP,DOWN,UP,NEUTRAL,NEUTRAL,NEUTRAL,NEUTRAL,UP,bad
60,1min,1765174671,26066.3,26068.9,26070.1,26064.85,26067.14,26067.05,1.15,0.82,26065.8,26071.05,26062.7,26073.2,0.01,5.25,2.6,0.0,0.0,0.0,NEUTRAL,NEUTRAL,NEUTRAL,NEUTRAL,NEUTRAL,NEUTRAL,NEUTRAL,NEUTRAL,NEUTRAL,NEUTRAL,NEUTRAL,NEUTRAL,NEUTRAL,NEUTRAL,NEUTRAL,NEUTRAL,NEUTRAL,NEUTRAL,NEUTRAL,NEUTRAL,NEUTRAL,UP,UP,UP,UP,UP,UP,UP,UP,UP,NEUTRAL,UP,NEUTRAL,NEUTRAL,UP,NEUTRAL,NEUTRAL,NEUTRAL,NEUTRAL,NEUTRAL,NEUTRAL,NEUTRAL,NEUTRAL,NEUTRAL,NEUTRAL,NEUTRAL,UP,DOWN,UP,DOWN,DOWN,DOWN,UP,DOWN,DOWN,NEUTRAL,NEUTRAL,NEUTRAL,NEUTRAL,UP,bad
60,1min,1765174731,26069.55,26073.05,26073.95,26068.15,26070.39,26070.05,1.43,0.75,26069.48,26075.28,26065.92,26077.52,0.01,5.8,3.5,0.0,0.0,0.0,DOWN,NEUTRAL,NEUTRAL,NEUTRAL,NEUTRAL,NEUTRAL,NEUTRAL,NEUTRAL,NEUTRAL,NEUTRAL,NEUTRAL,NEUTRAL,NEUTRAL,NEUTRAL,NEUTRAL,NEUTRAL,NEUTRAL,NEUTRAL,NEUTRAL,NEUTRAL,NEUTRAL,UP,UP,UP,UP,UP,UP,UP,UP,UP,NEUTRAL,UP,UP,NEUTRAL,UP,UP,NEUTRAL,UP,UP,NEUTRAL,UP,NEUTRAL,NEUTRAL,UP,NEUTRAL,NEUTRAL,DOWN,UP,UP,DOWN,UP,UP,DOWN,DOWN,UP,NEUTRAL,NEUTRAL,NEUTRAL,NEUTRAL,UP,bad
60,1min,1765174791,26072.9,26068.85,26074.05,26068.1,26070.98,26070.75,1.41,0.8,26066.62,26072.57,26064.38,26076.28,-0.02,5.95,-4.05,0.0,0.0,0.0,NEUTRAL,NEUTRAL,NEUTRAL,NEUTRAL,NEUTRAL,NEUTRAL,NEUTRAL,NEUTRAL,NEUTRAL,NEUTRAL,NEUTRAL,NEUTRAL,NEUTRAL,NEUTRAL,NEUTRAL,NEUTRAL,NEUTRAL,NEUTRAL,NEUTRAL,NEUTRAL,NEUTRAL,UP,UP,UP,UP,UP,UP,UP,NEUTRAL,NEUTRAL,NEUTRAL,NEUTRAL,NEUTRAL,NEUTRAL,NEUTRAL,NEUTRAL,NEUTRAL,NEUTRAL,NEUTRAL,NEUTRAL,NEUTRAL,NEUTRAL,NEUTRAL,NEUTRAL,NEUTRAL,NEUTRAL,UP,UP,UP,UP,UP,UP,UP,DOWN,DOWN,NEUTRAL,NEUTRAL,DOWN,DOWN,UP,bad
60,1min,1765174851,26070.55,26065.7,26070.55,26064.75,26067.21,26067.1,1.29,1.0,26063.45,26069.25,26061.2,26072.8,-0.02,5.8,-4.85,0.0,0.0,0.0,NEUTRAL,NEUTRAL,NEUTRAL,NEUTRAL,NEUTRAL,NEUTRAL,NEUTRAL,NEUTRAL,NEUTRAL,NEUTRAL,NEUTRAL,NEUTRAL,NEUTRAL,NEUTRAL,NEUTRAL,NEUTRAL,NEUTRAL,NEUTRAL,NEUTRAL,NEUTRAL,NEUTRAL,DOWN,UP,UP,UP,UP,UP,UP,DOWN,NEUTRAL,NEUTRAL,NEUTRAL,NEUTRAL,NEUTRAL,NEUTRAL,NEUTRAL,NEUTRAL,NEUTRAL,NEUTRAL,NEUTRAL,NEUTRAL,NEUTRAL,NEUTRAL,NEUTRAL,NEUTRAL,NEUTRAL,UP,DOWN,UP,DOWN,DOWN,DOWN,DOWN,DOWN,UP,NEUTRAL,NEUTRAL,NEUTRAL,NEUTRAL,UP,bad
60,1min,1765174911,26065.45,26062.35,26067.55,26061.75,26065.05,26065.75,1.62,0.65,26060.22,26066.02,26058.08,26069.68,-0.01,5.8,-3.1,0.0,0.0,0.0,NEUTRAL,NEUTRAL,NEUTRAL,NEUTRAL,NEUTRAL,NEUTRAL,NEUTRAL,NEUTRAL,NEUTRAL,NEUTRAL,NEUTRAL,NEUTRAL,NEUTRAL,NEUTRAL,NEUTRAL,NEUTRAL,NEUTRAL,NEUTRAL,NEUTRAL,NEUTRAL,NEUTRAL,DOWN,UP,UP,UP,UP,UP,UP,DOWN,DOWN,NEUTRAL,NEUTRAL,NEUTRAL,NEUTRAL,NEUTRAL,NEUTRAL,NEUTRAL,NEUTRAL,NEUTRAL,NEUTRAL,NEUTRAL,NEUTRAL,NEUTRAL,NEUTRAL,NEUTRAL,NEUTRAL,DOWN,DOWN,DOWN,DOWN,UP,UP,DOWN,DOWN,UP,NEUTRAL,NEUTRAL,NEUTRAL,NEUTRAL,NEUTRAL,neutral
60,1min,1765174971,26062.85,26063.6,26067.0,26062.0,26064.33,26064.4,0.95,0.55,26061.4,26066.4,26059.2,26069.2,0.0,5.0,0.75,0.0,0.0,0.0,NEUTRAL,NEUTRAL,NEUTRAL,NEUTRAL,NEUTRAL,NEUTRAL,NEUTRAL,NEUTRAL,NEUTRAL,NEUTRAL,NEUTRAL,NEUTRAL,NEUTRAL,NEUTRAL,NEUTRAL,NEUTRAL,NEUTRAL,NEUTRAL,NEUTRAL,NEUTRAL,NEUTRAL,DOWN,DOWN,UP,UP,UP,UP,UP,NEUTRAL,NEUTRAL,NEUTRAL,NEUTRAL,NEUTRAL,NEUTRAL,NEUTRAL,NEUTRAL,NEUTRAL,NEUTRAL,NEUTRAL,NEUTRAL,NEUTRAL,NEUTRAL,NEUTRAL,NEUTRAL,NEUTRAL,NEUTRAL,DOWN,UP,UP,UP,DOWN,DOWN,DOWN,UP,UP,NEUTRAL,NEUTRAL,NEUTRAL,NEUTRAL,UP,bad
60,1min,1765175031,26063.25,26061.65,26064.75,26060.7,26062.77,26062.85,0.69,0.4,26059.98,26064.03,26058.32,26066.42,-0.01,4.05,-1.6,0.0,0.0,0.0,NEUTRAL,NEUTRAL,NEUTRAL,NEUTRAL,NEUTRAL,NEUTRAL,NEUTRAL,NEUTRAL,NEUTRAL,NEUTRAL,NEUTRAL,NEUTRAL,NEUTRAL,NEUTRAL,NEUTRAL,NEUTRAL,NEUTRAL,NEUTRAL,NEUTRAL,NEUTRAL,NEUTRAL,DOWN,DOWN,UP,DOWN,UP,UP,UP,DOWN,NEUTRAL,NEUTRAL,DOWN,NEUTRAL,NEUTRAL,NEUTRAL,NEUTRAL,NEUTRAL,NEUTRAL,NEUTRAL,NEUTRAL,NEUTRAL,NEUTRAL,NEUTRAL,NEUTRAL,NEUTRAL,NEUTRAL,UP,DOWN,DOWN,UP,UP,UP,UP,UP,DOWN,NEUTRAL,NEUTRAL,NEUTRAL,NEUTRAL,UP,bad
60,1min,1765175091,26061.9,26063.1,26063.15,26060.1,26061.59,26061.57,0.58,0.45,26061.08,26064.13,26059.07,26065.17,0.0,3.05,1.2,0.0,0.0,0.0,NEUTRAL,NEUTRAL,NEUTRAL,NEUTRAL,NEUTRAL,NEUTRAL,NEUTRAL,NEUTRAL,NEUTRAL,NEUTRAL,NEUTRAL,NEUTRAL,NEUTRAL,NEUTRAL,NEUTRAL,NEUTRAL,NEUTRAL,NEUTRAL,NEUTRAL,NEUTRAL,NEUTRAL,DOWN,DOWN,UP,DOWN,UP,DOWN,UP,NEUTRAL,NEUTRAL,NEUTRAL,NEUTRAL,NEUTRAL,NEUTRAL,NEUTRAL,NEUTRAL,NEUTRAL,NEUTRAL,NEUTRAL,NEUTRAL,NEUTRAL,NEUTRAL,NEUTRAL,NEUTRAL,NEUTRAL,NEUTRAL,UP,UP,DOWN,UP,DOWN,DOWN,DOWN,UP,DOWN,NEUTRAL,NEUTRAL,NEUTRAL,NEUTRAL,DOWN,good
60,1min,1765175151,26062.95,26059.7,26063.35,26058.9,26061.12,26061.05,1.1,0.9,26057.95,26062.4,26056.2,26065.1,-0.01,4.45,-3.25,0.0,0.0,0.0,NEUTRAL,NEUTRAL,NEUTRAL,NEUTRAL,NEUTRAL,NEUTRAL,NEUTRAL,NEUTRAL,NEUTRAL,NEUTRAL,NEUTRAL,NEUTRAL,NEUTRAL,NEUTRAL,NEUTRAL,NEUTRAL,NEUTRAL,NEUTRAL,NEUTRAL,NEUTRAL,NEUTRAL,DOWN,DOWN,DOWN,DOWN,DOWN,DOWN,UP,DOWN,DOWN,NEUTRAL,DOWN,NEUTRAL,NEUTRAL,NEUTRAL,NEUTRAL,NEUTRAL,NEUTRAL,NEUTRAL,NEUTRAL,NEUTRAL,NEUTRAL,NEUTRAL,NEUTRAL,NEUTRAL,NEUTRAL,DOWN,UP,UP,UP,DOWN,UP,UP,DOWN,DOWN,NEUTRAL,NEUTRAL,NEUTRAL,NEUTRAL,DOWN,good
60,1min,1765175211,26060.2,26056.75,26064.25,26056.75,26060.7,26060.55,1.81,1.4,26054.25,26061.75,26051.75,26066.75,-0.01,7.5,-3.45,0.0,0.0,0.0,UP,NEUTRAL,NEUTRAL,NEUTRAL,NEUTRAL,NEUTRAL,NEUTRAL,NEUTRAL,NEUTRAL,NEUTRAL,NEUTRAL,NEUTRAL,NEUTRAL,NEUTRAL,NEUTRAL,NEUTRAL,NEUTRAL,NEUTRAL,NEUTRAL,NEUTRAL,NEUTRAL,DOWN,DOWN,DOWN,DOWN,DOWN,DOWN,UP,DOWN,DOWN,NEUTRAL,DOWN,DOWN,NEUTRAL,DOWN,NEUTRAL,NEUTRAL,DOWN,NEUTRAL,NEUTRAL,DOWN,NEUTRAL,NEUTRAL,DOWN,NEUTRAL,NEUTRAL,UP,DOWN,UP,UP,UP,UP,UP,UP,DOWN,NEUTRAL,NEUTRAL,NEUTRAL,NEUTRAL,DOWN,good
60,1min,1765175271,26057.15,26058.35,26059.3,26054.4,26056.75,26056.55,1.06,0.8,26055.4,26060.3,26052.45,26062.25,0.0,4.9,1.2,0.0,0.0,0.0,NEUTRAL,NEUTRAL,NEUTRAL,NEUTRAL,NEUTRAL,NEUTRAL,NEUTRAL,NEUTRAL,NEUTRAL,NEUTRAL,NEUTRAL,NEUTRAL,NEUTRAL,NEUTRAL,NEUTRAL,NEUTRAL,NEUTRAL,NEUTRAL,NEUTRAL,NEUTRAL,NEUTRAL,DOWN,DOWN,DOWN,DOWN,DOWN,DOWN,UP,NEUTRAL,NEUTRAL,NEUTRAL,DOWN,NEUTRAL,NEUTRAL,DOWN,NEUTRAL,NEUTRAL,NEUTRAL,NEUTRAL,NEUTRAL,NEUTRAL,NEUTRAL,NEUTRAL,DOWN,NEUTRAL,NEUTRAL,UP,UP,DOWN,UP,DOWN,DOWN,DOWN,DOWN,DOWN,NEUTRAL,NEUTRAL,NEUTRAL,NEUTRAL,DOWN,good
60,1min,1765175331,26058.1,26058.25,26061.45,26057.0,26059.66,26059.75,0.96,0.6,26056.35,26060.8,26054.45,26063.35,0.0,4.45,0.15,0.0,0.0,0.0,NEUTRAL,NEUTRAL,NEUTRAL,NEUTRAL,NEUTRAL,NEUTRAL,NEUTRAL,NEUTRAL,NEUTRAL,NEUTRAL,NEUTRAL,NEUTRAL,NEUTRAL,NEUTRAL,NEUTRAL,NEUTRAL,NEUTRAL,NEUTRAL,NEUTRAL,NEUTRAL,NEUTRAL,UP,DOWN,DOWN,DOWN,DOWN,DOWN,UP,NEUTRAL,NEUTRAL,NEUTRAL,DOWN,NEUTRAL,NEUTRAL,DOWN,NEUTRAL,NEUTRAL,NEUTRAL,NEUTRAL,NEUTRAL,NEUTRAL,NEUTRAL,NEUTRAL,NEUTRAL,NEUTRAL,NEUTRAL,UP,UP,DOWN,DOWN,DOWN,UP,UP,DOWN,DOWN,NEUTRAL,NEUTRAL,NEUTRAL,NEUTRAL,DOWN,good
60,1min,1765175391,26058.95,26055.0,26059.9,26054.75,26057.22,26057.2,0.96,0.6,26053.2,26058.35,26051.4,26061.7,-0.02,5.15,-3.95,0.0,0.0,0.0,UP,NEUTRAL,NEUTRAL,NEUTRAL,NEUTRAL,NEUTRAL,NEUTRAL,NEUTRAL,NEUTRAL,NEUTRAL,NEUTRAL,NEUTRAL,NEUTRAL,NEUTRAL,NEUTRAL,NEUTRAL,NEUTRAL,NEUTRAL,NEUTRAL,NEUTRAL,NEUTRAL,DOWN,DOWN,DOWN,DOWN,DOWN,DOWN,DOWN,DOWN,DOWN,NEUTRAL,DOWN,DOWN,NEUTRAL,DOWN,DOWN,NEUTRAL,DOWN,NEUTRAL,NEUTRAL,DOWN,NEUTRAL,NEUTRAL,DOWN,DOWN,NEUTRAL,UP,DOWN,UP,UP,UP,DOWN,DOWN,DOWN,UP,NEUTRAL,NEUTRAL,NEUTRAL,NEUTRAL,DOWN,good
60,1min,1765175451,26054.75,26049.55,26056.0,26049.35,26053.43,26054.05,1.75,1.0,26047.27,26053.92,26044.98,26058.28,-0.02,6.65,-5.2,0.0,0.0,0.0,UP,UP,NEUTRAL,UP,NEUTRAL,NEUTRAL,NEUTRAL,NEUTRAL,NEUTRAL,NEUTRAL,NEUTRAL,NEUTRAL,NEUTRAL,NEUTRAL,NEUTRAL,NEUTRAL,NEUTRAL,NEUTRAL,NEUTRAL,NEUTRAL,NEUTRAL,DOWN,DOWN,DOWN,DOWN,DOWN,DOWN,DOWN,DOWN,DOWN,NEUTRAL,DOWN,DOWN,DOWN,DOWN,DOWN,DOWN,DOWN,DOWN,NEUTRAL,DOWN,DOWN,DOWN,DOWN,DOWN,DOWN,DOWN,DOWN,DOWN,DOWN,UP,UP,UP,UP,UP,NEUTRAL,NEUTRAL,NEUTRAL,NEUTRAL,DOWN,bad
60,1min,1765175511,26049.8,26049.7,26052.9,26046.15,26048.69,26047.75,1.96,0.8,26046.27,26053.02,26042.83,26056.33,-0.0,6.75,-0.1,0.0,0.0,0.0,UP,UP,NEUTRAL,NEUTRAL,NEUTRAL,NEUTRAL,NEUTRAL,NEUTRAL,NEUTRAL,NEUTRAL,NEUTRAL,NEUTRAL,NEUTRAL,NEUTRAL,NEUTRAL,NEUTRAL,NEUTRAL,NEUTRAL,NEUTRAL,NEUTRAL,NEUTRAL,DOWN,DOWN,DOWN,DOWN,DOWN,DOWN,DOWN,DOWN,NEUTRAL,NEUTRAL,DOWN,DOWN,NEUTRAL,DOWN,DOWN,NEUTRAL,DOWN,DOWN,NEUTRAL,DOWN,DOWN,NEUTRAL,DOWN,DOWN,DOWN,DOWN,UP,UP,DOWN,UP,DOWN,DOWN,DOWN,UP,NEUTRAL,NEUTRAL,UP,UP,DOWN,bad
60,1min,1765175571,26049.75,26046.5,26050.55,26044.65,26047.37,26047.05,1.3,0.48,26043.92,26049.82,26041.33,26053.13,-0.01,5.9,-3.25,0.0,0.0,0.0,UP,UP,NEUTRAL,UP,NEUTRAL,NEUTRAL,NEUTRAL,NEUTRAL,NEUTRAL,NEUTRAL,NEUTRAL,NEUTRAL,NEUTRAL,NEUTRAL,NEUTRAL,NEUTRAL,NEUTRAL,NEUTRAL,NEUTRAL,NEUTRAL,NEUTRAL,DOWN,DOWN,DOWN,DOWN,DOWN,DOWN,DOWN,DOWN,NEUTRAL,NEUTRAL,DOWN,DOWN,NEUTRAL,DOWN,DOWN,NEUTRAL,DOWN,DOWN,DOWN,DOWN,DOWN,DOWN,DOWN,DOWN,DOWN,DOWN,UP,UP,UP,UP,DOWN,UP,UP,DOWN,NEUTRAL,NEUTRAL,NEUTRAL,NEUTRAL,DOWN,bad
60,1min,1765175631,26047.5,26050.1,26052.3,26044.4,26048.44,26049.05,2.1,1.85,26045.57,26053.47,26041.03,26056.83,0.01,7.9,2.6,0.0,0.0,0.0,NEUTRAL,NEUTRAL,NEUTRAL,NEUTRAL,NEUTRAL,NEUTRAL,NEUTRAL,NEUTRAL,NEUTRAL,NEUTRAL,NEUTRAL,NEUTRAL,NEUTRAL,NEUTRAL,NEUTRAL,NEUTRAL,NEUTRAL,NEUTRAL,NEUTRAL,NEUTRAL,NEUTRAL,UP,DOWN,DOWN,DOWN,DOWN,DOWN,DOWN,NEUTRAL,NEUTRAL,NEUTRAL,NEUTRAL,NEUTRAL,NEUTRAL,DOWN,NEUTRAL,NEUTRAL,DOWN,NEUTRAL,NEUTRAL,DOWN,NEUTRAL,NEUTRAL,DOWN,DOWN,NEUTRAL,UP,DOWN,DOWN,UP,UP,UP,UP,UP,UP,NEUTRAL,NEUTRAL,NEUTRAL,NEUTRAL,DOWN,bad
60,1min,1765175691,26050.35,26045.95,26051.75,26044.3,26048.53,26048.55,1.68,1.2,26042.92,26050.37,26039.88,26054.78,-0.02,7.45,-4.4,0.0,0.0,0.0,UP,NEUTRAL,NEUTRAL,NEUTRAL,NEUTRAL,NEUTRAL,NEUTRAL,NEUTRAL,NEUTRAL,NEUTRAL,NEUTRAL,NEUTRAL,NEUTRAL,NEUTRAL,NEUTRAL,NEUTRAL,NEUTRAL,NEUTRAL,NEUTRAL,NEUTRAL,NEUTRAL,DOWN,DOWN,DOWN,DOWN,DOWN,DOWN,DOWN,DOWN,NEUTRAL,NEUTRAL,DOWN,NEUTRAL,NEUTRAL,DOWN,DOWN,NEUTRAL,DOWN,DOWN,NEUTRAL,DOWN,DOWN,NEUTRAL,DOWN,DOWN,DOWN,DOWN,UP,UP,DOWN,UP,DOWN,DOWN,DOWN,DOWN,NEUTRAL,NEUTRAL,NEUTRAL,NEUTRAL,DOWN,good
60,1min,1765175751,26046.95,26047.3,26049.95,26043.9,26047.11,26047.05,1.31,0.77,26044.15,26050.2,26041.0,26053.1,0.0,6.05,0.35,0.0,0.0,0.0,NEUTRAL,NEUTRAL,NEUTRAL,NEUTRAL,NEUTRAL,NEUTRAL,NEUTRAL,NEUTRAL,NEUTRAL,NEUTRAL,NEUTRAL,NEUTRAL,NEUTRAL,NEUTRAL,NEUTRAL,NEUTRAL,NEUTRAL,NEUTRAL,NEUTRAL,NEUTRAL,NEUTRAL,UP,DOWN,DOWN,DOWN,DOWN,DOWN,DOWN,NEUTRAL,NEUTRAL,NEUTRAL,NEUTRAL,NEUTRAL,NEUTRAL,DOWN,NEUTRAL,NEUTRAL,DOWN,NEUTRAL,NEUTRAL,DOWN,NEUTRAL,NEUTRAL,DOWN,DOWN,NEUTRAL,UP,UP,UP,DOWN,DOWN,DOWN,UP,UP,DOWN,NEUTRAL,NEUTRAL,UP,UP,DOWN,good
60,1min,1765175811,26046.95,26049.35,26051.45,26045.9,26048.61,26048.65,1.31,0.95,26046.35,26051.9,26043.35,26054.45,0.01,5.55,2.4,0.0,0.0,0.0,NEUTRAL,NEUTRAL,NEUTRAL,NEUTRAL,NEUTRAL,NEUTRAL,NEUTRAL,NEUTRAL,NEUTRAL,NEUTRAL,NEUTRAL,NEUTRAL,NEUTRAL,NEUTRAL,NEUTRAL,NEUTRAL,NEUTRAL,NEUTRAL,NEUTRAL,NEUTRAL,NEUTRAL,UP,DOWN,DOWN,DOWN,DOWN,DOWN,DOWN,NEUTRAL,NEUTRAL,NEUTRAL,NEUTRAL,NEUTRAL,NEUTRAL,NEUTRAL,NEUTRAL,NEUTRAL,DOWN,NEUTRAL,NEUTRAL,DOWN,NEUTRAL,NEUTRAL,DOWN,NEUTRAL,NEUTRAL,DOWN,UP,DOWN,UP,UP,UP,DOWN,DOWN,DOWN,DOWN,NEUTRAL,NEUTRAL,NEUTRAL,DOWN,good
60,1min,1765175871,26048.0,26048.2,26049.15,26044.2,26046.72,26046.65,1.2,1.05,26045.22,26050.17,26042.23,26052.13,0.0,4.95,0.2,0.0,0.0,0.0,NEUTRAL,NEUTRAL,NEUTRAL,NEUTRAL,NEUTRAL,NEUTRAL,NEUTRAL,NEUTRAL,NEUTRAL,NEUTRAL,NEUTRAL,NEUTRAL,NEUTRAL,NEUTRAL,NEUTRAL,NEUTRAL,NEUTRAL,NEUTRAL,NEUTRAL,NEUTRAL,NEUTRAL,UP,UP,DOWN,DOWN,DOWN,DOWN,DOWN,NEUTRAL,NEUTRAL,NEUTRAL,NEUTRAL,NEUTRAL,NEUTRAL,NEUTRAL,NEUTRAL,NEUTRAL,DOWN,NEUTRAL,NEUTRAL,DOWN,NEUTRAL,NEUTRAL,DOWN,NEUTRAL,NEUTRAL,DOWN,UP,DOWN,DOWN,DOWN,UP,UP,UP,UP,DOWN,NEUTRAL,NEUTRAL,NEUTRAL,DOWN,good
60,1min,1765175931,26047.4,26048.55,26052.1,26046.95,26048.95,26048.95,1.01,0.75,26046.3,26051.45,26044.05,26054.35,0.0,5.15,1.15,0.0,0.0,0.0,NEUTRAL,NEUTRAL,NEUTRAL,NEUTRAL,NEUTRAL,NEUTRAL,NEUTRAL,NEUTRAL,NEUTRAL,NEUTRAL,NEUTRAL,NEUTRAL,NEUTRAL,NEUTRAL,NEUTRAL,NEUTRAL,NEUTRAL,NEUTRAL,NEUTRAL,NEUTRAL,NEUTRAL,UP,UP,DOWN,DOWN,DOWN,DOWN,DOWN,NEUTRAL,NEUTRAL,NEUTRAL,NEUTRAL,NEUTRAL,NEUTRAL,NEUTRAL,NEUTRAL,NEUTRAL,NEUTRAL,NEUTRAL,NEUTRAL,DOWN,NEUTRAL,NEUTRAL,DOWN,NEUTRAL,NEUTRAL,UP,DOWN,UP,UP,DOWN,UP,DOWN,DOWN,DOWN,DOWN,NEUTRAL,NEUTRAL,NEUTRAL,DOWN,good
60,1min,1765175991,26048.45,26046.05,26049.2,26045.4,26047.25,26047.3,0.9,0.68,26044.57,26048.37,26043.08,26050.68,-0.01,3.8,-2.4,0.0,0.0,0.0,NEUTRAL,NEUTRAL,NEUTRAL,NEUTRAL,NEUTRAL,NEUTRAL,NEUTRAL,NEUTRAL,NEUTRAL,NEUTRAL,NEUTRAL,NEUTRAL,NEUTRAL,NEUTRAL,NEUTRAL,NEUTRAL,NEUTRAL,NEUTRAL,NEUTRAL,NEUTRAL,NEUTRAL,DOWN,UP,DOWN,DOWN,DOWN,DOWN,DOWN,DOWN,DOWN,NEUTRAL,DOWN,NEUTRAL,NEUTRAL,DOWN,NEUTRAL,NEUTRAL,DOWN,NEUTRAL,NEUTRAL,DOWN,NEUTRAL,NEUTRAL,DOWN,NEUTRAL,NEUTRAL,DOWN,DOWN,UP,UP,UP,UP,DOWN,UP,UP,DOWN,NEUTRAL,NEUTRAL,NEUTRAL,DOWN,good
60,1min,1765176051,26046.2,26050.9,26053.15,26045.95,26048.61,26048.1,1.83,0.65,26046.85,26054.05,26042.8,26057.2,0.02,7.2,4.7,0.0,0.0,0.0,NEUTRAL,NEUTRAL,NEUTRAL,NEUTRAL,NEUTRAL,NEUTRAL,NEUTRAL,NEUTRAL,NEUTRAL,NEUTRAL,NEUTRAL,NEUTRAL,NEUTRAL,NEUTRAL,NEUTRAL,NEUTRAL,NEUTRAL,NEUTRAL,NEUTRAL,NEUTRAL,NEUTRAL,UP,UP,DOWN,DOWN,DOWN,DOWN,DOWN,UP,NEUTRAL,NEUTRAL,UP,UP,NEUTRAL,NEUTRAL,NEUTRAL,NEUTRAL,NEUTRAL,NEUTRAL,NEUTRAL,NEUTRAL,NEUTRAL,NEUTRAL,NEUTRAL,NEUTRAL,NEUTRAL,DOWN,DOWN,DOWN,DOWN,UP,UP,UP,UP,UP,DOWN,NEUTRAL,NEUTRAL,NEUTRAL,NEUTRAL,neutral
60,1min,1765176111,26051.85,26049.1,26052.4,26047.1,26049.74,26049.52,1.4,1.28,26046.67,26051.97,26044.23,26054.83,-0.01,5.3,-2.75,0.0,0.0,0.0,NEUTRAL,NEUTRAL,NEUTRAL,NEUTRAL,NEUTRAL,NEUTRAL,NEUTRAL,NEUTRAL,NEUTRAL,NEUTRAL,NEUTRAL,NEUTRAL,NEUTRAL,NEUTRAL,NEUTRAL,NEUTRAL,NEUTRAL,NEUTRAL,NEUTRAL,NEUTRAL,NEUTRAL,UP,UP,UP,DOWN,DOWN,DOWN,DOWN,NEUTRAL,NEUTRAL,NEUTRAL,NEUTRAL,NEUTRAL,NEUTRAL,NEUTRAL,NEUTRAL,NEUTRAL,NEUTRAL,NEUTRAL,NEUTRAL,NEUTRAL,NEUTRAL,NEUTRAL,NEUTRAL,NEUTRAL,NEUTRAL,DOWN,UP,UP,UP,DOWN,UP,DOWN,DOWN,DOWN,NEUTRAL,NEUTRAL,NEUTRAL,NEUTRAL,DOWN,good
60,1min,1765176171,26049.0,26045.8,26050.25,26045.45,26047.55,26047.5,0.96,0.65,26044.08,26048.88,26042.37,26051.97,-0.01,4.8,-3.2,0.0,0.0,0.0,NEUTRAL,NEUTRAL,NEUTRAL,NEUTRAL,NEUTRAL,NEUTRAL,NEUTRAL,NEUTRAL,NEUTRAL,NEUTRAL,NEUTRAL,NEUTRAL,NEUTRAL,NEUTRAL,NEUTRAL,NEUTRAL,NEUTRAL,NEUTRAL,NEUTRAL,NEUTRAL,NEUTRAL,DOWN,UP,DOWN,DOWN,DOWN,DOWN,DOWN,DOWN,NEUTRAL,NEUTRAL,DOWN,NEUTRAL,NEUTRAL,DOWN,NEUTRAL,NEUTRAL,DOWN,NEUTRAL,NEUTRAL,DOWN,NEUTRAL,NEUTRAL,DOWN,NEUTRAL,NEUTRAL,UP,DOWN,UP,UP,DOWN,DOWN,DOWN,UP,UP,NEUTRAL,NEUTRAL,NEUTRAL,NEUTRAL,DOWN,good
60,1min,1765176231,26045.45,26037.05,26047.15,26034.55,26041.49,26042.85,4.36,3.55,26032.02,26044.62,26026.98,26052.18,-0.03,12.6,-8.4,0.0,0.0,0.0,UP,UP,NEUTRAL,UP,NEUTRAL,NEUTRAL,NEUTRAL,NEUTRAL,NEUTRAL,NEUTRAL,NEUTRAL,NEUTRAL,NEUTRAL,NEUTRAL,NEUTRAL,NEUTRAL,NEUTRAL,NEUTRAL,NEUTRAL,NEUTRAL,NEUTRAL,DOWN,DOWN,DOWN,DOWN,DOWN,DOWN,DOWN,DOWN,DOWN,NEUTRAL,DOWN,DOWN,DOWN,DOWN,DOWN,DOWN,DOWN,DOWN,DOWN,DOWN,DOWN,DOWN,DOWN,DOWN,DOWN,DOWN,UP,UP,DOWN,UP,UP,UP,DOWN,DOWN,DOWN,NEUTRAL,NEUTRAL,NEUTRAL,DOWN,bad
60,1min,1765176291,26036.7,26035.0,26039.9,26034.0,26036.94,26036.82,1.39,1.15,26032.7,26038.6,26030.4,26042.2,-0.01,5.9,-1.7,0.0,0.0,0.0,UP,UP,NEUTRAL,UP,NEUTRAL,NEUTRAL,UP,NEUTRAL,NEUTRAL,NEUTRAL,NEUTRAL,NEUTRAL,NEUTRAL,NEUTRAL,NEUTRAL,NEUTRAL,NEUTRAL,NEUTRAL,NEUTRAL,NEUTRAL,NEUTRAL,DOWN,DOWN,DOWN,DOWN,DOWN,DOWN,DOWN,DOWN,NEUTRAL,NEUTRAL,DOWN,DOWN,DOWN,DOWN,DOWN,DOWN,DOWN,DOWN,DOWN,DOWN,DOWN,DOWN,DOWN,DOWN,DOWN,UP,DOWN,UP,DOWN,DOWN,DOWN,UP,UP,UP,DOWN,NEUTRAL,NEUTRAL,NEUTRAL,DOWN,bad
60,1min,1765176351,26036.1,26042.1,26044.2,26034.65,26039.85,26041.75,3.28,2.0,26036.43,26045.98,26030.77,26049.87,0.02,9.55,6.0,0.0,0.0,0.0,NEUTRAL,NEUTRAL,NEUTRAL,NEUTRAL,NEUTRAL,NEUTRAL,NEUTRAL,NEUTRAL,NEUTRAL,NEUTRAL,NEUTRAL,NEUTRAL,NEUTRAL,NEUTRAL,NEUTRAL,NEUTRAL,NEUTRAL,NEUTRAL,NEUTRAL,NEUTRAL,NEUTRAL,UP,DOWN,DOWN,DOWN,DOWN,DOWN,DOWN,NEUTRAL,NEUTRAL,NEUTRAL,NEUTRAL,NEUTRAL,NEUTRAL,NEUTRAL,NEUTRAL,NEUTRAL,DOWN,NEUTRAL,NEUTRAL,DOWN,NEUTRAL,NEUTRAL,DOWN,NEUTRAL,NEUTRAL,DOWN,DOWN,DOWN,UP,UP,DOWN,UP,DOWN,DOWN,DOWN,NEUTRAL,NEUTRAL,NEUTRAL,DOWN,bad
60,1min,1765176411,26042.7,26042.65,26050.3,26041.85,26045.7,26045.2,2.39,2.05,26039.57,26048.02,26036.48,26053.38,-0.0,8.45,-0.05,0.0,0.0,0.0,NEUTRAL,NEUTRAL,NEUTRAL,NEUTRAL,NEUTRAL,NEUTRAL,NEUTRAL,NEUTRAL,NEUTRAL,NEUTRAL,NEUTRAL,NEUTRAL,NEUTRAL,NEUTRAL,NEUTRAL,NEUTRAL,NEUTRAL,NEUTRAL,NEUTRAL,NEUTRAL,NEUTRAL,UP,DOWN,DOWN,DOWN,DOWN,DOWN,DOWN,NEUTRAL,NEUTRAL,NEUTRAL,NEUTRAL,NEUTRAL,NEUTRAL,NEUTRAL,NEUTRAL,NEUTRAL,NEUTRAL,NEUTRAL,NEUTRAL,DOWN,NEUTRAL,NEUTRAL,DOWN,NEUTRAL,NEUTRAL,UP,UP,DOWN,UP,UP,UP,UP,DOWN,UP,DOWN,NEUTRAL,NEUTRAL,NEUTRAL,DOWN,bad
60,1min,1765176471,26043.6,26041.35,26044.3,26039.1,26041.23,26041.05,0.98,0.75,26038.87,26044.07,26036.38,26046.78,-0.01,5.2,-2.25,0.0,0.0,0.0,NEUTRAL,NEUTRAL,NEUTRAL,NEUTRAL,NEUTRAL,NEUTRAL,NEUTRAL,NEUTRAL,NEUTRAL,NEUTRAL,NEUTRAL,NEUTRAL,NEUTRAL,NEUTRAL,NEUTRAL,NEUTRAL,NEUTRAL,NEUTRAL,NEUTRAL,NEUTRAL,NEUTRAL,UP,DOWN,DOWN,DOWN,DOWN,DOWN,DOWN,NEUTRAL,NEUTRAL,NEUTRAL,NEUTRAL,NEUTRAL,NEUTRAL,NEUTRAL,NEUTRAL,NEUTRAL,DOWN,NEUTRAL,NEUTRAL,DOWN,NEUTRAL,NEUTRAL,DOWN,NEUTRAL,NEUTRAL,UP,DOWN,DOWN,DOWN,DOWN,UP,UP,UP,UP,NEUTRAL,NEUTRAL,NEUTRAL,NEUTRAL,DOWN,bad
60,1min,1765176531,26041.15,26042.0,26046.6,26038.3,26042.07,26041.72,1.82,0.82,26038.0,26046.3,26034.0,26050.6,0.0,8.3,0.85,0.0,0.0,0.0,NEUTRAL,NEUTRAL,NEUTRAL,NEUTRAL,NEUTRAL,NEUTRAL,NEUTRAL,NEUTRAL,NEUTRAL,NEUTRAL,NEUTRAL,NEUTRAL,NEUTRAL,NEUTRAL,NEUTRAL,NEUTRAL,NEUTRAL,NEUTRAL,NEUTRAL,NEUTRAL,NEUTRAL,UP,UP,UP,DOWN,DOWN,DOWN,DOWN,NEUTRAL,NEUTRAL,NEUTRAL,NEUTRAL,NEUTRAL,NEUTRAL,NEUTRAL,NEUTRAL,NEUTRAL,NEUTRAL,NEUTRAL,NEUTRAL,NEUTRAL,NEUTRAL,NEUTRAL,DOWN,NEUTRAL,NEUTRAL,DOWN,DOWN,UP,UP,UP,DOWN,UP,DOWN,DOWN,NEUTRAL,NEUTRAL,NEUTRAL,NEUTRAL,DOWN,good
60,1min,1765176591,26040.6,26037.8,26042.8,26037.8,26040.64,26040.65,1.06,0.85,26036.13,26041.13,26034.47,26044.47,-0.01,5.0,-2.8,0.0,0.0,0.0,NEUTRAL,NEUTRAL,NEUTRAL,NEUTRAL,NEUTRAL,NEUTRAL,NEUTRAL,NEUTRAL,NEUTRAL,NEUTRAL,NEUTRAL,NEUTRAL,NEUTRAL,NEUTRAL,NEUTRAL,NEUTRAL,NEUTRAL,NEUTRAL,NEUTRAL,NEUTRAL,NEUTRAL,DOWN,DOWN,UP,DOWN,DOWN,DOWN,DOWN,DOWN,DOWN,NEUTRAL,NEUTRAL,NEUTRAL,NEUTRAL,DOWN,NEUTRAL,NEUTRAL,DOWN,DOWN,NEUTRAL,DOWN,DOWN,NEUTRAL,DOWN,DOWN,NEUTRAL,UP,DOWN,DOWN,UP,UP,DOWN,DOWN,DOWN,UP,NEUTRAL,NEUTRAL,NEUTRAL,NEUTRAL,DOWN,good
60,1min,1765176651,26038.6,26039.35,26044.45,26036.0,26040.52,26040.6,2.1,1.8,26035.42,26043.87,26031.48,26048.38,0.0,8.45,0.75,0.0,0.0,0.0,NEUTRAL,NEUTRAL,NEUTRAL,NEUTRAL,NEUTRAL,NEUTRAL,NEUTRAL,NEUTRAL,NEUTRAL,NEUTRAL,NEUTRAL,NEUTRAL,NEUTRAL,NEUTRAL,NEUTRAL,NEUTRAL,NEUTRAL,NEUTRAL,NEUTRAL,NEUTRAL,NEUTRAL,UP,DOWN,UP,DOWN,DOWN,DOWN,DOWN,NEUTRAL,NEUTRAL,NEUTRAL,NEUTRAL,NEUTRAL,NEUTRAL,NEUTRAL,NEUTRAL,NEUTRAL,DOWN,NEUTRAL,NEUTRAL,DOWN,NEUTRAL,NEUTRAL,DOWN,NEUTRAL,NEUTRAL,DOWN,UP,UP,UP,DOWN,UP,UP,UP,DOWN,NEUTRAL,NEUTRAL,NEUTRAL,NEUTRAL,DOWN,good
60,1min,1765176711,26039.7,26043.3,26043.7,26039.05,26041.49,26041.7,1.21,0.95,26040.33,26044.98,26037.37,26046.67,0.01,4.65,3.6,0.0,0.0,0.0,NEUTRAL,NEUTRAL,NEUTRAL,NEUTRAL,NEUTRAL,NEUTRAL,NEUTRAL,NEUTRAL,NEUTRAL,NEUTRAL,NEUTRAL,NEUTRAL,NEUTRAL,NEUTRAL,NEUTRAL,NEUTRAL,NEUTRAL,NEUTRAL,NEUTRAL,NEUTRAL,NEUTRAL,UP,UP,UP,UP,DOWN,DOWN,DOWN,UP,NEUTRAL,NEUTRAL,NEUTRAL,NEUTRAL,NEUTRAL,NEUTRAL,NEUTRAL,NEUTRAL,NEUTRAL,NEUTRAL,NEUTRAL,NEUTRAL,NEUTRAL,NEUTRAL,NEUTRAL,NEUTRAL,NEUTRAL,UP,DOWN,DOWN,UP,DOWN,DOWN,DOWN,UP,UP,NEUTRAL,NEUTRAL,NEUTRAL,NEUTRAL,UP,bad
60,1min,1765176771,26043.45,26041.8,26044.85,26040.45,26042.67,26042.75,0.87,0.6,26039.88,26044.28,26037.97,26046.77,-0.01,4.4,-1.65,0.0,0.0,0.0,NEUTRAL,NEUTRAL,NEUTRAL,NEUTRAL,NEUTRAL,NEUTRAL,NEUTRAL,NEUTRAL,NEUTRAL,NEUTRAL,NEUTRAL,NEUTRAL,NEUTRAL,NEUTRAL,NEUTRAL,NEUTRAL,NEUTRAL,NEUTRAL,NEUTRAL,NEUTRAL,NEUTRAL,UP,UP,UP,UP,DOWN,DOWN,DOWN,NEUTRAL,NEUTRAL,NEUTRAL,NEUTRAL,NEUTRAL,NEUTRAL,NEUTRAL,NEUTRAL,NEUTRAL,NEUTRAL,NEUTRAL,NEUTRAL,NEUTRAL,NEUTRAL,NEUTRAL,NEUTRAL,NEUTRAL,NEUTRAL,DOWN,UP,DOWN,DOWN,UP,UP,DOWN,UP,DOWN,NEUTRAL,NEUTRAL,NEUTRAL,NEUTRAL,NEUTRAL,neutral
60,1min,1765176831,26041.5,26044.85,26047.1,26040.1,26043.18,26042.58,1.78,1.17,26040.93,26047.93,26037.02,26051.02,0.01,7.0,3.35,0.0,0.0,0.0,NEUTRAL,NEUTRAL,NEUTRAL,NEUTRAL,NEUTRAL,NEUTRAL,NEUTRAL,NEUTRAL,NEUTRAL,NEUTRAL,NEUTRAL,NEUTRAL,NEUTRAL,NEUTRAL,NEUTRAL,NEUTRAL,NEUTRAL,NEUTRAL,NEUTRAL,NEUTRAL,NEUTRAL,UP,UP,UP,UP,UP,DOWN,DOWN,UP,NEUTRAL,NEUTRAL,UP,NEUTRAL,NEUTRAL,NEUTRAL,NEUTRAL,NEUTRAL,NEUTRAL,NEUTRAL,NEUTRAL,NEUTRAL,NEUTRAL,NEUTRAL,NEUTRAL,NEUTRAL,NEUTRAL,DOWN,DOWN,UP,DOWN,UP,UP,UP,UP,DOWN,NEUTRAL,NEUTRAL,NEUTRAL,NEUTRAL,UP,bad
60,1min,1765176891,26044.8,26042.35,26048.8,26041.85,26045.15,26045.3,1.24,0.6,26039.87,26046.82,26037.38,26051.28,-0.01,6.95,-2.45,0.0,0.0,0.0,NEUTRAL,NEUTRAL,NEUTRAL,NEUTRAL,NEUTRAL,NEUTRAL,NEUTRAL,NEUTRAL,NEUTRAL,NEUTRAL,NEUTRAL,NEUTRAL,NEUTRAL,NEUTRAL,NEUTRAL,NEUTRAL,NEUTRAL,NEUTRAL,NEUTRAL,NEUTRAL,NEUTRAL,DOWN,UP,UP,UP,UP,UP,DOWN,NEUTRAL,NEUTRAL,NEUTRAL,NEUTRAL,NEUTRAL,NEUTRAL,NEUTRAL,NEUTRAL,NEUTRAL,NEUTRAL,NEUTRAL,NEUTRAL,NEUTRAL,NEUTRAL,NEUTRAL,NEUTRAL,NEUTRAL,NEUTRAL,DOWN,UP,DOWN,DOWN,DOWN,DOWN,UP,UP,UP,NEUTRAL,NEUTRAL,NEUTRAL,NEUTRAL,UP,bad
60,1min,1765176951,26041.55,26038.65,26043.35,26035.8,26039.32,26039.28,1.61,0.93,26035.18,26042.73,26031.72,26046.82,-0.01,7.55,-2.9,0.0,0.0,0.0,NEUTRAL,NEUTRAL,NEUTRAL,NEUTRAL,NEUTRAL,NEUTRAL,NEUTRAL,NEUTRAL,NEUTRAL,NEUTRAL,NEUTRAL,NEUTRAL,NEUTRAL,NEUTRAL,NEUTRAL,NEUTRAL,NEUTRAL,NEUTRAL,NEUTRAL,NEUTRAL,NEUTRAL,DOWN,UP,UP,UP,DOWN,DOWN,DOWN,DOWN,DOWN,NEUTRAL,DOWN,NEUTRAL,NEUTRAL,NEUTRAL,NEUTRAL,NEUTRAL,DOWN,NEUTRAL,NEUTRAL,DOWN,NEUTRAL,NEUTRAL,DOWN,NEUTRAL,NEUTRAL,DOWN,UP,DOWN,UP,UP,UP,DOWN,UP,DOWN,NEUTRAL,NEUTRAL,NEUTRAL,NEUTRAL,DOWN,good
60,1min,1765177011,26038.45,26035.95,26042.5,26035.05,26038.91,26038.9,1.41,0.85,26033.17,26040.62,26030.38,26045.28,-0.01,7.45,-2.5,0.0,0.0,0.0,UP,NEUTRAL,NEUTRAL,NEUTRAL,NEUTRAL,NEUTRAL,NEUTRAL,NEUTRAL,NEUTRAL,NEUTRAL,NEUTRAL,NEUTRAL,NEUTRAL,NEUTRAL,NEUTRAL,NEUTRAL,NEUTRAL,NEUTRAL,NEUTRAL,NEUTRAL,NEUTRAL,DOWN,DOWN,UP,UP,UP,DOWN,DOWN,DOWN,DOWN,NEUTRAL,DOWN,DOWN,NEUTRAL,DOWN,DOWN,NEUTRAL,DOWN,DOWN,NEUTRAL,DOWN,DOWN,NEUTRAL,DOWN,DOWN,NEUTRAL,UP,DOWN,DOWN,DOWN,UP,UP,DOWN,DOWN,DOWN,NEUTRAL,NEUTRAL,NEUTRAL,NEUTRAL,DOWN,good
60,1min,1765177071,26035.4,26027.3,26036.25,26025.5,26029.3,26028.65,2.7,1.45,26023.12,26033.87,26018.93,26040.43,-0.03,10.75,-8.1,0.0,0.0,0.0,UP,UP,NEUTRAL,UP,NEUTRAL,NEUTRAL,NEUTRAL,NEUTRAL,NEUTRAL,NEUTRAL,NEUTRAL,NEUTRAL,NEUTRAL,NEUTRAL,NEUTRAL,NEUTRAL,NEUTRAL,NEUTRAL,NEUTRAL,NEUTRAL,NEUTRAL,DOWN,DOWN,DOWN,DOWN,DOWN,DOWN,DOWN,DOWN,DOWN,NEUTRAL,DOWN,DOWN,DOWN,DOWN,DOWN,DOWN,DOWN,DOWN,DOWN,DOWN,DOWN,DOWN,DOWN,DOWN,DOWN,UP,UP,UP,UP,UP,DOWN,UP,UP,UP,NEUTRAL,NEUTRAL,NEUTRAL,NEUTRAL,DOWN,good
60,1min,1765177131,26026.75,26026.45,26029.5,26023.25,26025.91,26025.93,1.46,1.23,26023.3,26029.55,26020.15,26032.65,-0.0,6.25,-0.3,0.0,0.0,0.0,UP,UP,NEUTRAL,UP,NEUTRAL,NEUTRAL,NEUTRAL,NEUTRAL,NEUTRAL,NEUTRAL,NEUTRAL,NEUTRAL,NEUTRAL,NEUTRAL,NEUTRAL,NEUTRAL,NEUTRAL,NEUTRAL,NEUTRAL,NEUTRAL,NEUTRAL,DOWN,DOWN,DOWN,DOWN,DOWN,DOWN,DOWN,DOWN,NEUTRAL,NEUTRAL,DOWN,DOWN,NEUTRAL,DOWN,DOWN,DOWN,DOWN,DOWN,DOWN,DOWN,DOWN,DOWN,DOWN,DOWN,DOWN,DOWN,DOWN,DOWN,DOWN,UP,DOWN,DOWN,DOWN,UP,NEUTRAL,NEUTRAL,UP,NEUTRAL,DOWN,good
60,1min,1765177191,26027.05,26017.8,26027.8,26015.8,26022.88,26023.9,3.49,2.1,26013.13,26025.13,26008.47,26032.47,-0.04,12.0,-9.25,0.0,0.0,0.0,UP,UP,UP,UP,NEUTRAL,NEUTRAL,UP,NEUTRAL,NEUTRAL,UP,NEUTRAL,NEUTRAL,UP,NEUTRAL,NEUTRAL,NEUTRAL,NEUTRAL,NEUTRAL,NEUTRAL,NEUTRAL,NEUTRAL,DOWN,DOWN,DOWN,DOWN,DOWN,DOWN,DOWN,DOWN,DOWN,NEUTRAL,DOWN,DOWN,DOWN,DOWN,DOWN,DOWN,DOWN,DOWN,DOWN,DOWN,DOWN,DOWN,DOWN,DOWN,DOWN,UP,UP,UP,DOWN,DOWN,UP,UP,DOWN,UP,NEUTRAL,NEUTRAL,NEUTRAL,NEUTRAL,DOWN,bad
60,1min,1765177251,26017.45,26018.4,26020.9,26014.1,26017.52,26017.4,1.27,0.8,26014.7,26021.5,26011.0,26024.6,0.0,6.8,0.95,0.0,0.0,0.0,UP,UP,NEUTRAL,UP,NEUTRAL,NEUTRAL,UP,NEUTRAL,NEUTRAL,UP,NEUTRAL,NEUTRAL,UP,NEUTRAL,NEUTRAL,NEUTRAL,NEUTRAL,NEUTRAL,NEUTRAL,NEUTRAL,NEUTRAL,DOWN,DOWN,DOWN,DOWN,DOWN,DOWN,DOWN,DOWN,NEUTRAL,NEUTRAL,DOWN,DOWN,NEUTRAL,DOWN,DOWN,DOWN,DOWN,DOWN,DOWN,DOWN,DOWN,DOWN,DOWN,DOWN,DOWN,DOWN,DOWN,DOWN,UP,DOWN,UP,UP,UP,UP,DOWN,NEUTRAL,UP,UP,DOWN,bad
60,1min,1765177311,26018.95,26023.35,26023.35,26016.0,26018.85,26018.8,1.18,0.7,26018.45,26025.8,26013.55,26028.25,0.02,7.35,4.4,0.0,0.0,0.0,NEUTRAL,NEUTRAL,NEUTRAL,NEUTRAL,NEUTRAL,NEUTRAL,NEUTRAL,NEUTRAL,NEUTRAL,NEUTRAL,NEUTRAL,NEUTRAL,NEUTRAL,NEUTRAL,NEUTRAL,NEUTRAL,NEUTRAL,NEUTRAL,NEUTRAL,NEUTRAL,NEUTRAL,UP,DOWN,DOWN,DOWN,DOWN,DOWN,DOWN,NEUTRAL,NEUTRAL,NEUTRAL,NEUTRAL,NEUTRAL,NEUTRAL,DOWN,NEUTRAL,NEUTRAL,DOWN,DOWN,NEUTRAL,DOWN,DOWN,NEUTRAL,DOWN,DOWN,NEUTRAL,UP,DOWN,UP,DOWN,DOWN,DOWN,DOWN,UP,UP,DOWN,NEUTRAL,NEUTRAL,NEUTRAL,DOWN,good
60,1min,1765177371,26022.25,26022.05,26025.2,26018.05,26021.59,26022.25,1.88,1.27,26018.33,26025.48,26014.62,26028.92,-0.0,7.15,-0.2,0.0,0.0,0.0,NEUTRAL,NEUTRAL,NEUTRAL,NEUTRAL,NEUTRAL,NEUTRAL,NEUTRAL,NEUTRAL,NEUTRAL,NEUTRAL,NEUTRAL,NEUTRAL,NEUTRAL,NEUTRAL,NEUTRAL,NEUTRAL,NEUTRAL,NEUTRAL,NEUTRAL,NEUTRAL,NEUTRAL,UP,DOWN,DOWN,DOWN,DOWN,DOWN,DOWN,NEUTRAL,NEUTRAL,NEUTRAL,NEUTRAL,NEUTRAL,NEUTRAL,DOWN,NEUTRAL,NEUTRAL,DOWN,NEUTRAL,NEUTRAL,DOWN,DOWN,NEUTRAL,DOWN,DOWN,NEUTRAL,UP,DOWN,UP,DOWN,UP,UP,UP,DOWN,UP,DOWN,NEUTRAL,NEUTRAL,NEUTRAL,DOWN,bad
60,1min,1765177431,26022.55,26016.05,26024.15,26014.65,26019.51,26019.82,1.84,1.17,26012.42,26021.92,26008.78,26027.78,-0.02,9.5,-6.5,0.0,0.0,0.0,UP,NEUTRAL,NEUTRAL,UP,NEUTRAL,NEUTRAL,UP,NEUTRAL,NEUTRAL,UP,NEUTRAL,NEUTRAL,NEUTRAL,NEUTRAL,NEUTRAL,NEUTRAL,NEUTRAL,NEUTRAL,NEUTRAL,NEUTRAL,NEUTRAL,UP,DOWN,DOWN,DOWN,DOWN,DOWN,DOWN,DOWN,NEUTRAL,NEUTRAL,DOWN,NEUTRAL,NEUTRAL,DOWN,DOWN,NEUTRAL,DOWN,DOWN,NEUTRAL,DOWN,DOWN,DOWN,DOWN,DOWN,DOWN,DOWN,DOWN,DOWN,DOWN,DOWN,UP,UP,DOWN,DOWN,DOWN,DOWN,NEUTRAL,NEUTRAL,DOWN,bad
60,1min,1765177491,26016.3,26015.65,26018.9,26012.65,26015.52,26015.5,1.14,0.8,26012.57,26018.82,26009.48,26021.98,-0.0,6.25,-0.65,0.0,0.0,0.0,UP,NEUTRAL,NEUTRAL,UP,NEUTRAL,NEUTRAL,UP,NEUTRAL,NEUTRAL,UP,NEUTRAL,NEUTRAL,NEUTRAL,NEUTRAL,NEUTRAL,NEUTRAL,NEUTRAL,NEUTRAL,NEUTRAL,NEUTRAL,NEUTRAL,UP,DOWN,DOWN,DOWN,DOWN,DOWN,DOWN,DOWN,NEUTRAL,NEUTRAL,DOWN,NEUTRAL,NEUTRAL,DOWN,NEUTRAL,NEUTRAL,DOWN,DOWN,NEUTRAL,DOWN,DOWN,NEUTRAL,DOWN,DOWN,NEUTRAL,UP,UP,UP,UP,UP,UP,DOWN,UP,UP,DOWN,DOWN,NEUTRAL,NEUTRAL,DOWN,bad
60,1min,1765177551,26016.15,26017.55,26020.15,26016.15,26017.82,26017.8,0.72,0.5,26015.75,26019.75,26013.95,26021.95,0.01,4.0,1.4,0.0,0.0,0.0,NEUTRAL,NEUTRAL,NEUTRAL,NEUTRAL,NEUTRAL,NEUTRAL,NEUTRAL,NEUTRAL,NEUTRAL,NEUTRAL,NEUTRAL,NEUTRAL,NEUTRAL,NEUTRAL,NEUTRAL,NEUTRAL,NEUTRAL,NEUTRAL,NEUTRAL,NEUTRAL,NEUTRAL,UP,DOWN,DOWN,DOWN,DOWN,DOWN,DOWN,NEUTRAL,NEUTRAL,NEUTRAL,NEUTRAL,NEUTRAL,NEUTRAL,DOWN,NEUTRAL,NEUTRAL,DOWN,NEUTRAL,NEUTRAL,DOWN,DOWN,NEUTRAL,DOWN,DOWN,NEUTRAL,DOWN,UP,DOWN,DOWN,DOWN,UP,DOWN,DOWN,DOWN,DOWN,DOWN,UP,NEUTRAL,DOWN,bad
60,1min,1765177611,26017.2,26022.15,26022.85,26016.45,26019.96,26020.35,1.55,1.1,26018.12,26024.52,26014.08,26026.88,0.02,6.4,4.95,0.0,0.0,0.0,NEUTRAL,NEUTRAL,NEUTRAL,NEUTRAL,NEUTRAL,NEUTRAL,NEUTRAL,NEUTRAL,NEUTRAL,NEUTRAL,NEUTRAL,NEUTRAL,NEUTRAL,NEUTRAL,NEUTRAL,NEUTRAL,NEUTRAL,NEUTRAL,NEUTRAL,NEUTRAL,NEUTRAL,UP,UP,DOWN,DOWN,DOWN,DOWN,DOWN,UP,NEUTRAL,NEUTRAL,NEUTRAL,NEUTRAL,NEUTRAL,NEUTRAL,NEUTRAL,NEUTRAL,NEUTRAL,NEUTRAL,NEUTRAL,DOWN,NEUTRAL,NEUTRAL,DOWN,NEUTRAL,NEUTRAL,DOWN,DOWN,UP,UP,DOWN,DOWN,UP,UP,DOWN,DOWN,DOWN,NEUTRAL,NEUTRAL,DOWN,good
60,1min,1765177671,26021.3,26021.1,26024.0,26019.65,26021.84,26021.95,1.01,0.85,26019.17,26023.52,26017.23,26025.93,-0.0,4.35,-0.2,0.0,0.0,0.0,NEUTRAL,NEUTRAL,NEUTRAL,NEUTRAL,NEUTRAL,NEUTRAL,NEUTRAL,NEUTRAL,NEUTRAL,NEUTRAL,NEUTRAL,NEUTRAL,NEUTRAL,NEUTRAL,NEUTRAL,NEUTRAL,NEUTRAL,NEUTRAL,NEUTRAL,NEUTRAL,NEUTRAL,UP,UP,DOWN,DOWN,DOWN,DOWN,DOWN,NEUTRAL,NEUTRAL,NEUTRAL,NEUTRAL,NEUTRAL,NEUTRAL,NEUTRAL,NEUTRAL,NEUTRAL,NEUTRAL,NEUTRAL,NEUTRAL,DOWN,NEUTRAL,NEUTRAL,DOWN,NEUTRAL,NEUTRAL,DOWN,UP,DOWN,DOWN,UP,DOWN,UP,UP,UP,DOWN,DOWN,NEUTRAL,NEUTRAL,DOWN,good
60,1min,1765177731,26022.05,26018.2,26022.85,26017.15,26020.24,26020.25,0.89,0.55,26015.95,26021.65,26013.7,26025.1,-0.01,5.7,-3.85,0.0,0.0,0.0,NEUTRAL,NEUTRAL,NEUTRAL,NEUTRAL,NEUTRAL,NEUTRAL,NEUTRAL,NEUTRAL,NEUTRAL,NEUTRAL,NEUTRAL,NEUTRAL,NEUTRAL,NEUTRAL,NEUTRAL,NEUTRAL,NEUTRAL,NEUTRAL,NEUTRAL,NEUTRAL,NEUTRAL,UP,UP,DOWN,DOWN,DOWN,DOWN,DOWN,NEUTRAL,NEUTRAL,NEUTRAL,NEUTRAL,NEUTRAL,NEUTRAL,NEUTRAL,NEUTRAL,NEUTRAL,NEUTRAL,NEUTRAL,NEUTRAL,DOWN,NEUTRAL,NEUTRAL,DOWN,NEUTRAL,NEUTRAL,DOWN,DOWN,DOWN,UP,DOWN,DOWN,DOWN,DOWN,UP,DOWN,DOWN,NEUTRAL,UP,DOWN,bad
60,1min,1765177791,26017.75,26015.95,26020.25,26015.15,26017.49,26017.5,0.95,0.55,26013.98,26019.08,26012.02,26022.22,-0.01,5.1,-1.8,0.0,0.0,0.0,NEUTRAL,NEUTRAL,NEUTRAL,NEUTRAL,NEUTRAL,NEUTRAL,NEUTRAL,NEUTRAL,NEUTRAL,NEUTRAL,NEUTRAL,NEUTRAL,NEUTRAL,NEUTRAL,NEUTRAL,NEUTRAL,NEUTRAL,NEUTRAL,NEUTRAL,NEUTRAL,NEUTRAL,DOWN,UP,DOWN,DOWN,DOWN,DOWN,DOWN,DOWN,NEUTRAL,NEUTRAL,DOWN,NEUTRAL,NEUTRAL,NEUTRAL,NEUTRAL,NEUTRAL,DOWN,NEUTRAL,NEUTRAL,DOWN,NEUTRAL,NEUTRAL,DOWN,NEUTRAL,NEUTRAL,DOWN,UP,DOWN,UP,DOWN,UP,UP,UP,DOWN,DOWN,DOWN,NEUTRAL,NEUTRAL,DOWN,bad
60,1min,1765177851,26014.5,26024.55,26027.9,26014.0,26019.48,26017.6,3.89,2.3,26016.4,26030.3,26008.25,26036.05,0.04,13.9,10.05,0.0,0.0,0.0,NEUTRAL,NEUTRAL,NEUTRAL,NEUTRAL,NEUTRAL,NEUTRAL,NEUTRAL,NEUTRAL,NEUTRAL,NEUTRAL,NEUTRAL,NEUTRAL,NEUTRAL,NEUTRAL,NEUTRAL,NEUTRAL,NEUTRAL,NEUTRAL,NEUTRAL,NEUTRAL,NEUTRAL,UP,UP,UP,UP,DOWN,DOWN,DOWN,UP,NEUTRAL,NEUTRAL,UP,UP,NEUTRAL,NEUTRAL,NEUTRAL,NEUTRAL,NEUTRAL,NEUTRAL,NEUTRAL,NEUTRAL,NEUTRAL,NEUTRAL,NEUTRAL,NEUTRAL,NEUTRAL,DOWN,UP,DOWN,DOWN,DOWN,DOWN,UP,UP,DOWN,DOWN,DOWN,NEUTRAL,NEUTRAL,DOWN,good
60,1min,1765177911,26025.0,26019.05,26026.45,26018.1,26022.31,26022.55,2.36,2.25,26015.95,26024.3,26012.85,26029.55,-0.02,8.35,-5.95,0.0,0.0,0.0,NEUTRAL,NEUTRAL,NEUTRAL,NEUTRAL,NEUTRAL,NEUTRAL,NEUTRAL,NEUTRAL,NEUTRAL,NEUTRAL,NEUTRAL,NEUTRAL,NEUTRAL,NEUTRAL,NEUTRAL,NEUTRAL,NEUTRAL,NEUTRAL,NEUTRAL,NEUTRAL,NEUTRAL,UP,UP,UP,UP,DOWN,DOWN,DOWN,NEUTRAL,NEUTRAL,NEUTRAL,NEUTRAL,NEUTRAL,NEUTRAL,NEUTRAL,NEUTRAL,NEUTRAL,NEUTRAL,NEUTRAL,NEUTRAL,NEUTRAL,NEUTRAL,NEUTRAL,DOWN,NEUTRAL,NEUTRAL,UP,DOWN,UP,UP,UP,UP,UP,DOWN,UP,DOWN,DOWN,NEUTRAL,NEUTRAL,UP,bad
60,1min,1765177971,26019.95,26018.55,26020.85,26015.8,26017.91,26018.0,0.97,0.7,26015.95,26021.0,26013.35,26023.45,-0.01,5.05,-1.4,0.0,0.0,0.0,NEUTRAL,NEUTRAL,NEUTRAL,NEUTRAL,NEUTRAL,NEUTRAL,NEUTRAL,NEUTRAL,NEUTRAL,NEUTRAL,NEUTRAL,NEUTRAL,NEUTRAL,NEUTRAL,NEUTRAL,NEUTRAL,NEUTRAL,NEUTRAL,NEUTRAL,NEUTRAL,NEUTRAL,DOWN,UP,UP,UP,DOWN,DOWN,DOWN,NEUTRAL,NEUTRAL,NEUTRAL,NEUTRAL,NEUTRAL,NEUTRAL,NEUTRAL,NEUTRAL,NEUTRAL,NEUTRAL,NEUTRAL,NEUTRAL,NEUTRAL,NEUTRAL,NEUTRAL,DOWN,NEUTRAL,NEUTRAL,UP,UP,UP,DOWN,DOWN,DOWN,UP,DOWN,DOWN,DOWN,DOWN,NEUTRAL,NEUTRAL,DOWN,bad
60,1min,1765178031,26018.3,26016.45,26019.25,26012.9,26016.4,26016.62,1.29,0.67,26013.15,26019.5,26009.85,26022.55,-0.01,6.35,-1.85,0.0,0.0,0.0,NEUTRAL,NEUTRAL,NEUTRAL,NEUTRAL,NEUTRAL,NEUTRAL,NEUTRAL,NEUTRAL,NEUTRAL,NEUTRAL,NEUTRAL,NEUTRAL,NEUTRAL,NEUTRAL,NEUTRAL,NEUTRAL,NEUTRAL,NEUTRAL,NEUTRAL,NEUTRAL,NEUTRAL,DOWN,UP,UP,UP,DOWN,DOWN,DOWN,NEUTRAL,NEUTRAL,NEUTRAL,NEUTRAL,NEUTRAL,NEUTRAL,NEUTRAL,NEUTRAL,NEUTRAL,NEUTRAL,NEUTRAL,NEUTRAL,DOWN,NEUTRAL,NEUTRAL,DOWN,NEUTRAL,NEUTRAL,DOWN,DOWN,DOWN,UP,UP,DOWN,DOWN,UP,UP,DOWN,DOWN,NEUTRAL,NEUTRAL,DOWN,bad
60,1min,1765178091,26015.8,26015.55,26016.3,26010.95,26014.1,26014.48,1.41,0.88,26012.23,26017.58,26008.92,26019.62,-0.0,5.35,-0.25,0.0,0.0,0.0,NEUTRAL,NEUTRAL,NEUTRAL,NEUTRAL,NEUTRAL,NEUTRAL,NEUTRAL,NEUTRAL,NEUTRAL,NEUTRAL,NEUTRAL,NEUTRAL,NEUTRAL,NEUTRAL,NEUTRAL,NEUTRAL,NEUTRAL,NEUTRAL,NEUTRAL,NEUTRAL,NEUTRAL,DOWN,UP,UP,UP,DOWN,DOWN,DOWN,DOWN,NEUTRAL,NEUTRAL,DOWN,NEUTRAL,NEUTRAL,DOWN,NEUTRAL,NEUTRAL,NEUTRAL,NEUTRAL,NEUTRAL,DOWN,NEUTRAL,NEUTRAL,DOWN,NEUTRAL,NEUTRAL,DOWN,DOWN,UP,DOWN,DOWN,UP,DOWN,UP,UP,DOWN,DOWN,NEUTRAL,NEUTRAL,DOWN,bad
60,1min,1765178151,26015.4,26019.65,26021.2,26013.6,26016.36,26015.72,1.99,1.05,26015.1,26022.7,26010.55,26025.75,0.02,7.6,4.25,0.0,0.0,0.0,NEUTRAL,NEUTRAL,NEUTRAL,NEUTRAL,NEUTRAL,NEUTRAL,NEUTRAL,NEUTRAL,NEUTRAL,NEUTRAL,NEUTRAL,NEUTRAL,NEUTRAL,NEUTRAL,NEUTRAL,NEUTRAL,NEUTRAL,NEUTRAL,NEUTRAL,NEUTRAL,NEUTRAL,UP,UP,UP,UP,UP,DOWN,DOWN,UP,NEUTRAL,NEUTRAL,NEUTRAL,NEUTRAL,NEUTRAL,NEUTRAL,NEUTRAL,NEUTRAL,NEUTRAL,NEUTRAL,NEUTRAL,NEUTRAL,NEUTRAL,NEUTRAL,NEUTRAL,NEUTRAL,NEUTRAL,DOWN,DOWN,DOWN,DOWN,UP,DOWN,DOWN,DOWN,DOWN,DOWN,DOWN,NEUTRAL,NEUTRAL,DOWN,bad
60,1min,1765178211,26019.25,26020.2,26021.8,26018.05,26019.77,26019.65,0.76,0.45,26018.23,26021.98,26016.27,26023.77,0.0,3.75,0.95,0.0,0.0,0.0,NEUTRAL,NEUTRAL,NEUTRAL,NEUTRAL,NEUTRAL,NEUTRAL,NEUTRAL,NEUTRAL,NEUTRAL,NEUTRAL,NEUTRAL,NEUTRAL,NEUTRAL,NEUTRAL,NEUTRAL,NEUTRAL,NEUTRAL,NEUTRAL,NEUTRAL,NEUTRAL,NEUTRAL,UP,UP,UP,UP,UP,UP,DOWN,UP,NEUTRAL,NEUTRAL,NEUTRAL,NEUTRAL,NEUTRAL,NEUTRAL,NEUTRAL,NEUTRAL,NEUTRAL,NEUTRAL,NEUTRAL,NEUTRAL,NEUTRAL,NEUTRAL,NEUTRAL,NEUTRAL,NEUTRAL,UP,DOWN,UP,DOWN,UP,DOWN,UP,UP,UP,DOWN,DOWN,NEUTRAL,NEUTRAL,UP,bad
60,1min,1765178271,26019.9,26015.1,26021.0,26015.1,26018.4,26018.35,0.94,0.55,26013.13,26019.03,26011.17,26022.97,-0.02,5.9,-4.8,0.0,0.0,0.0,NEUTRAL,NEUTRAL,NEUTRAL,NEUTRAL,NEUTRAL,NEUTRAL,NEUTRAL,NEUTRAL,NEUTRAL,NEUTRAL,NEUTRAL,NEUTRAL,NEUTRAL,NEUTRAL,NEUTRAL,NEUTRAL,NEUTRAL,NEUTRAL,NEUTRAL,NEUTRAL,NEUTRAL,DOWN,UP,UP,UP,UP,UP,DOWN,DOWN,NEUTRAL,NEUTRAL,DOWN,NEUTRAL,NEUTRAL,DOWN,NEUTRAL,NEUTRAL,DOWN,NEUTRAL,NEUTRAL,NEUTRAL,NEUTRAL,NEUTRAL,DOWN,NEUTRAL,NEUTRAL,UP,DOWN,UP,DOWN,DOWN,DOWN,DOWN,UP,UP,DOWN,DOWN,NEUTRAL,NEUTRAL,DOWN,bad
60,1min,1765178331,26016.3,26018.5,26018.9,26014.35,26016.63,26016.78,1.03,0.67,26015.6,26020.15,26012.7,26021.8,0.01,4.55,2.2,0.0,0.0,0.0,NEUTRAL,NEUTRAL,NEUTRAL,NEUTRAL,NEUTRAL,NEUTRAL,NEUTRAL,NEUTRAL,NEUTRAL,NEUTRAL,NEUTRAL,NEUTRAL,NEUTRAL,NEUTRAL,NEUTRAL,NEUTRAL,NEUTRAL,NEUTRAL,NEUTRAL,NEUTRAL,NEUTRAL,UP,UP,UP,UP,UP,UP,DOWN,NEUTRAL,NEUTRAL,NEUTRAL,NEUTRAL,NEUTRAL,NEUTRAL,NEUTRAL,NEUTRAL,NEUTRAL,NEUTRAL,NEUTRAL,NEUTRAL,NEUTRAL,NEUTRAL,NEUTRAL,NEUTRAL,NEUTRAL,NEUTRAL,DOWN,DOWN,DOWN,UP,UP,UP,UP,UP,DOWN,DOWN,DOWN,NEUTRAL,NEUTRAL,UP,bad
60,1min,1765178391,26016.65,26025.2,26026.55,26016.65,26021.36,26020.12,2.6,1.45,26019.05,26028.95,26012.9,26032.7,0.03,9.9,8.55,0.0,0.0,0.0,NEUTRAL,NEUTRAL,NEUTRAL,NEUTRAL,NEUTRAL,NEUTRAL,NEUTRAL,NEUTRAL,NEUTRAL,NEUTRAL,NEUTRAL,NEUTRAL,NEUTRAL,NEUTRAL,NEUTRAL,NEUTRAL,NEUTRAL,NEUTRAL,NEUTRAL,NEUTRAL,NEUTRAL,UP,UP,UP,UP,UP,UP,UP,UP,UP,NEUTRAL,UP,UP,NEUTRAL,UP,UP,UP,UP,UP,UP,NEUTRAL,NEUTRAL,NEUTRAL,NEUTRAL,NEUTRAL,NEUTRAL,DOWN,UP,UP,UP,DOWN,DOWN,DOWN,UP,DOWN,UP,NEUTRAL,NEUTRAL,NEUTRAL,UP,bad
60,1min,1765178451,26026.3,26019.35,26026.3,26019.2,26021.98,26021.6,1.8,1.47,26016.93,26024.03,26014.52,26028.72,-0.03,7.1,-6.95,0.0,0.0,0.0,NEUTRAL,NEUTRAL,NEUTRAL,NEUTRAL,NEUTRAL,NEUTRAL,NEUTRAL,NEUTRAL,NEUTRAL,NEUTRAL,NEUTRAL,NEUTRAL,NEUTRAL,NEUTRAL,NEUTRAL,NEUTRAL,NEUTRAL,NEUTRAL,NEUTRAL,NEUTRAL,NEUTRAL,UP,UP,UP,UP,UP,UP,UP,NEUTRAL,NEUTRAL,NEUTRAL,NEUTRAL,NEUTRAL,NEUTRAL,NEUTRAL,NEUTRAL,NEUTRAL,NEUTRAL,NEUTRAL,NEUTRAL,NEUTRAL,NEUTRAL,NEUTRAL,NEUTRAL,NEUTRAL,NEUTRAL,DOWN,UP,DOWN,DOWN,UP,UP,DOWN,DOWN,UP,NEUTRAL,NEUTRAL,NEUTRAL,NEUTRAL,UP,bad
60,1min,1765178511,26018.55,26017.2,26020.75,26015.35,26018.07,26018.02,1.25,0.88,26014.78,26020.18,26012.37,26023.17,-0.01,5.4,-1.35,0.0,0.0,0.0,NEUTRAL,NEUTRAL,NEUTRAL,NEUTRAL,NEUTRAL,NEUTRAL,NEUTRAL,NEUTRAL,NEUTRAL,NEUTRAL,NEUTRAL,NEUTRAL,NEUTRAL,NEUTRAL,NEUTRAL,NEUTRAL,NEUTRAL,NEUTRAL,NEUTRAL,NEUTRAL,NEUTRAL,DOWN,DOWN,UP,UP,UP,UP,UP,NEUTRAL,NEUTRAL,NEUTRAL,NEUTRAL,NEUTRAL,NEUTRAL,NEUTRAL,NEUTRAL,NEUTRAL,NEUTRAL,NEUTRAL,NEUTRAL,NEUTRAL,NEUTRAL,NEUTRAL,NEUTRAL,NEUTRAL,NEUTRAL,UP,DOWN,DOWN,UP,DOWN,DOWN,UP,DOWN,UP,NEUTRAL,NEUTRAL,NEUTRAL,NEUTRAL,UP,bad
60,1min,1765178571,26016.05,26010.65,26017.95,26010.65,26013.07,26012.65,1.66,0.95,26008.22,26015.52,26005.78,26020.38,-0.02,7.3,-5.4,0.0,0.0,0.0,NEUTRAL,NEUTRAL,NEUTRAL,NEUTRAL,NEUTRAL,NEUTRAL,NEUTRAL,NEUTRAL,NEUTRAL,NEUTRAL,NEUTRAL,NEUTRAL,NEUTRAL,NEUTRAL,NEUTRAL,NEUTRAL,NEUTRAL,NEUTRAL,NEUTRAL,NEUTRAL,NEUTRAL,DOWN,DOWN,UP,UP,UP,UP,UP,DOWN,DOWN,NEUTRAL,DOWN,DOWN,NEUTRAL,DOWN,DOWN,DOWN,DOWN,DOWN,DOWN,DOWN,DOWN,DOWN,DOWN,NEUTRAL,NEUTRAL,DOWN,DOWN,DOWN,DOWN,DOWN,UP,DOWN,DOWN,DOWN,NEUTRAL,NEUTRAL,NEUTRAL,NEUTRAL,DOWN,bad
60,1min,1765178631,26011.1,26017.85,26018.7,26011.1,26016.17,26016.4,1.55,0.95,26013.07,26020.67,26008.28,26023.48,0.03,7.6,6.75,0.0,0.0,0.0,NEUTRAL,NEUTRAL,NEUTRAL,NEUTRAL,NEUTRAL,NEUTRAL,NEUTRAL,NEUTRAL,NEUTRAL,NEUTRAL,NEUTRAL,NEUTRAL,NEUTRAL,NEUTRAL,NEUTRAL,NEUTRAL,NEUTRAL,NEUTRAL,NEUTRAL,NEUTRAL,NEUTRAL,DOWN,DOWN,UP,UP,UP,UP,UP,NEUTRAL,NEUTRAL,NEUTRAL,NEUTRAL,NEUTRAL,NEUTRAL,NEUTRAL,NEUTRAL,NEUTRAL,NEUTRAL,NEUTRAL,NEUTRAL,NEUTRAL,NEUTRAL,NEUTRAL,NEUTRAL,NEUTRAL,NEUTRAL,DOWN,DOWN,DOWN,UP,DOWN,UP,DOWN,UP,UP,NEUTRAL,NEUTRAL,NEUTRAL,NEUTRAL,UP,bad
60,1min,1765178691,26017.95,26015.6,26018.75,26012.65,26014.83,26014.5,1.38,0.65,26012.58,26018.68,26009.57,26021.77,-0.01,6.1,-2.35,0.0,0.0,0.0,NEUTRAL,NEUTRAL,NEUTRAL,NEUTRAL,NEUTRAL,NEUTRAL,NEUTRAL,NEUTRAL,NEUTRAL,NEUTRAL,NEUTRAL,NEUTRAL,NEUTRAL,NEUTRAL,NEUTRAL,NEUTRAL,NEUTRAL,NEUTRAL,NEUTRAL,NEUTRAL,NEUTRAL,DOWN,DOWN,UP,UP,UP,UP,UP,NEUTRAL,NEUTRAL,NEUTRAL,NEUTRAL,NEUTRAL,NEUTRAL,NEUTRAL,NEUTRAL,NEUTRAL,NEUTRAL,NEUTRAL,NEUTRAL,NEUTRAL,NEUTRAL,NEUTRAL,NEUTRAL,NEUTRAL,NEUTRAL,DOWN,UP,DOWN,UP,DOWN,DOWN,DOWN,DOWN,UP,NEUTRAL,NEUTRAL,NEUTRAL,NEUTRAL,NEUTRAL,neutral
60,1min,1765178751,26014.95,26013.65,26017.8,26009.25,26013.54,26013.72,1.6,1.08,26009.33,26017.88,26005.02,26022.12,-0.0,8.55,-1.3,0.0,0.0,0.0,NEUTRAL,NEUTRAL,NEUTRAL,NEUTRAL,NEUTRAL,NEUTRAL,NEUTRAL,NEUTRAL,NEUTRAL,NEUTRAL,NEUTRAL,NEUTRAL,NEUTRAL,NEUTRAL,NEUTRAL,NEUTRAL,NEUTRAL,NEUTRAL,NEUTRAL,NEUTRAL,NEUTRAL,DOWN,DOWN,UP,UP,UP,UP,UP,NEUTRAL,NEUTRAL,NEUTRAL,NEUTRAL,NEUTRAL,NEUTRAL,DOWN,NEUTRAL,NEUTRAL,DOWN,NEUTRAL,NEUTRAL,DOWN,NEUTRAL,NEUTRAL,DOWN,NEUTRAL,NEUTRAL,DOWN,UP,DOWN,DOWN,UP,UP,UP,UP,UP,NEUTRAL,NEUTRAL,NEUTRAL,NEUTRAL,UP,good
60,1min,1765178811,26013.1,26010.75,26016.45,26010.15,26012.45,26012.28,1.27,0.82,26008.45,26014.75,26006.15,26018.75,-0.01,6.3,-2.35,0.0,0.0,0.0,NEUTRAL,NEUTRAL,NEUTRAL,NEUTRAL,NEUTRAL,NEUTRAL,NEUTRAL,NEUTRAL,NEUTRAL,NEUTRAL,NEUTRAL,NEUTRAL,NEUTRAL,NEUTRAL,NEUTRAL,NEUTRAL,NEUTRAL,NEUTRAL,NEUTRAL,NEUTRAL,NEUTRAL,DOWN,DOWN,DOWN,DOWN,DOWN,UP,UP,DOWN,NEUTRAL,NEUTRAL,DOWN,NEUTRAL,NEUTRAL,DOWN,DOWN,NEUTRAL,DOWN,DOWN,NEUTRAL,DOWN,DOWN,DOWN,DOWN,DOWN,NEUTRAL,UP,DOWN,UP,UP,UP,DOWN,DOWN,DOWN,UP,NEUTRAL,NEUTRAL,NEUTRAL,NEUTRAL,DOWN,bad
60,1min,1765178871,26010.7,26006.9,26012.15,26006.7,26009.69,26010.05,1.33,0.8,26005.02,26010.47,26003.13,26014.03,-0.01,5.45,-3.8,0.0,0.0,0.0,UP,NEUTRAL,NEUTRAL,NEUTRAL,NEUTRAL,NEUTRAL,NEUTRAL,NEUTRAL,NEUTRAL,NEUTRAL,NEUTRAL,NEUTRAL,NEUTRAL,NEUTRAL,NEUTRAL,NEUTRAL,NEUTRAL,NEUTRAL,NEUTRAL,NEUTRAL,NEUTRAL,DOWN,DOWN,DOWN,DOWN,DOWN,DOWN,UP,DOWN,DOWN,NEUTRAL,DOWN,DOWN,NEUTRAL,DOWN,DOWN,DOWN,DOWN,DOWN,DOWN,DOWN,DOWN,DOWN,DOWN,DOWN,DOWN,UP,DOWN,UP,DOWN,DOWN,UP,UP,DOWN,DOWN,NEUTRAL,NEUTRAL,NEUTRAL,NEUTRAL,DOWN,bad
60,1min,1765178931,26007.0,26013.1,26014.7,26006.65,26011.18,26011.45,2.22,1.65,26008.27,26016.32,26003.43,26019.53,0.02,8.05,6.1,0.0,0.0,0.0,NEUTRAL,NEUTRAL,NEUTRAL,NEUTRAL,NEUTRAL,NEUTRAL,NEUTRAL,NEUTRAL,NEUTRAL,NEUTRAL,NEUTRAL,NEUTRAL,NEUTRAL,NEUTRAL,NEUTRAL,NEUTRAL,NEUTRAL,NEUTRAL,NEUTRAL,NEUTRAL,NEUTRAL,UP,DOWN,DOWN,DOWN,DOWN,DOWN,UP,NEUTRAL,NEUTRAL,NEUTRAL,NEUTRAL,NEUTRAL,NEUTRAL,NEUTRAL,NEUTRAL,NEUTRAL,NEUTRAL,NEUTRAL,NEUTRAL,NEUTRAL,NEUTRAL,NEUTRAL,DOWN,NEUTRAL,NEUTRAL,DOWN,DOWN,DOWN,DOWN,UP,DOWN,DOWN,UP,DOWN,NEUTRAL,NEUTRAL,NEUTRAL,NEUTRAL,DOWN,bad
60,1min,1765178991,26012.35,26008.9,26013.2,26008.9,26011.17,26011.0,1.02,0.7,26007.47,26011.77,26006.03,26014.63,-0.01,4.3,-3.45,0.0,0.0,0.0,NEUTRAL,NEUTRAL,NEUTRAL,NEUTRAL,NEUTRAL,NEUTRAL,NEUTRAL,NEUTRAL,NEUTRAL,NEUTRAL,NEUTRAL,NEUTRAL,NEUTRAL,NEUTRAL,NEUTRAL,NEUTRAL,NEUTRAL,NEUTRAL,NEUTRAL,NEUTRAL,NEUTRAL,UP,DOWN,DOWN,DOWN,DOWN,DOWN,UP,NEUTRAL,NEUTRAL,NEUTRAL,DOWN,NEUTRAL,NEUTRAL,DOWN,NEUTRAL,NEUTRAL,DOWN,DOWN,NEUTRAL,DOWN,DOWN,NEUTRAL,DOWN,DOWN,NEUTRAL,UP,UP,DOWN,DOWN,DOWN,DOWN,UP,DOWN,DOWN,NEUTRAL,NEUTRAL,NEUTRAL,NEUTRAL,DOWN,bad
60,1min,1765179051,26010.15,26012.6,26013.75,26004.7,26009.13,26009.65,2.58,2.15,26006.95,26016.0,26001.3,26019.4,0.01,9.05,2.45,0.0,0.0,0.0,NEUTRAL,NEUTRAL,NEUTRAL,NEUTRAL,NEUTRAL,NEUTRAL,NEUTRAL,NEUTRAL,NEUTRAL,NEUTRAL,NEUTRAL,NEUTRAL,NEUTRAL,NEUTRAL,NEUTRAL,NEUTRAL,NEUTRAL,NEUTRAL,NEUTRAL,NEUTRAL,NEUTRAL,UP,DOWN,DOWN,DOWN,DOWN,UP,UP,NEUTRAL,NEUTRAL,NEUTRAL,NEUTRAL,NEUTRAL,NEUTRAL,NEUTRAL,NEUTRAL,NEUTRAL,NEUTRAL,NEUTRAL,NEUTRAL,NEUTRAL,NEUTRAL,NEUTRAL,DOWN,NEUTRAL,NEUTRAL,UP,DOWN,DOWN,DOWN,UP,DOWN,UP,DOWN,UP,NEUTRAL,NEUTRAL,NEUTRAL,NEUTRAL,DOWN,bad
60,1min,1765179111,26011.95,26015.25,26020.55,26010.9,26016.36,26017.15,2.42,1.45,26010.58,26020.23,26005.92,26025.22,0.01,9.65,3.3,0.0,0.0,0.0,NEUTRAL,NEUTRAL,NEUTRAL,NEUTRAL,NEUTRAL,NEUTRAL,NEUTRAL,NEUTRAL,NEUTRAL,NEUTRAL,NEUTRAL,NEUTRAL,NEUTRAL,NEUTRAL,NEUTRAL,NEUTRAL,NEUTRAL,NEUTRAL,NEUTRAL,NEUTRAL,NEUTRAL,UP,UP,DOWN,DOWN,UP,UP,UP,UP,NEUTRAL,NEUTRAL,NEUTRAL,NEUTRAL,NEUTRAL,NEUTRAL,NEUTRAL,NEUTRAL,NEUTRAL,NEUTRAL,NEUTRAL,NEUTRAL,NEUTRAL,NEUTRAL,NEUTRAL,NEUTRAL,NEUTRAL,DOWN,DOWN,UP,DOWN,UP,DOWN,DOWN,DOWN,DOWN,NEUTRAL,NEUTRAL,NEUTRAL,NEUTRAL,DOWN,bad
60,1min,1765179171,26015.35,26021.0,26021.5,26015.15,26017.71,26017.55,1.1,0.45,26016.93,26023.28,26012.87,26025.57,0.02,6.35,5.65,0.0,0.0,0.0,NEUTRAL,NEUTRAL,NEUTRAL,NEUTRAL,NEUTRAL,NEUTRAL,NEUTRAL,NEUTRAL,NEUTRAL,NEUTRAL,NEUTRAL,NEUTRAL,NEUTRAL,NEUTRAL,NEUTRAL,NEUTRAL,NEUTRAL,NEUTRAL,NEUTRAL,NEUTRAL,NEUTRAL,UP,UP,UP,UP,UP,UP,UP,UP,UP,NEUTRAL,UP,UP,NEUTRAL,UP,NEUTRAL,NEUTRAL,UP,NEUTRAL,NEUTRAL,UP,NEUTRAL,NEUTRAL,UP,NEUTRAL,NEUTRAL,DOWN,DOWN,UP,DOWN,DOWN,UP,UP,UP,UP,NEUTRAL,NEUTRAL,NEUTRAL,NEUTRAL,UP,good
60,1min,1765179231,26020.65,26023.55,26024.8,26020.05,26022.4,26022.5,0.9,0.6,26020.8,26025.55,26018.05,26027.55,0.01,4.75,2.9,0.0,0.0,0.0,DOWN,NEUTRAL,NEUTRAL,NEUTRAL,NEUTRAL,NEUTRAL,NEUTRAL,NEUTRAL,NEUTRAL,NEUTRAL,NEUTRAL,NEUTRAL,NEUTRAL,NEUTRAL,NEUTRAL,NEUTRAL,NEUTRAL,NEUTRAL,NEUTRAL,NEUTRAL,NEUTRAL,UP,UP,UP,UP,UP,UP,UP,UP,NEUTRAL,NEUTRAL,UP,UP,NEUTRAL,UP,UP,NEUTRAL,UP,UP,NEUTRAL,UP,UP,NEUTRAL,UP,UP,NEUTRAL,DOWN,DOWN,DOWN,UP,UP,UP,DOWN,DOWN,DOWN,NEUTRAL,NEUTRAL,NEUTRAL,NEUTRAL,UP,good
60,1min,1765179291,26023.1,26026.85,26027.15,26022.35,26024.36,26024.2,1.17,0.8,26023.75,26028.55,26020.65,26030.25,0.01,4.8,3.75,0.0,0.0,0.0,DOWN,NEUTRAL,NEUTRAL,NEUTRAL,NEUTRAL,NEUTRAL,NEUTRAL,NEUTRAL,NEUTRAL,NEUTRAL,NEUTRAL,NEUTRAL,NEUTRAL,NEUTRAL,NEUTRAL,NEUTRAL,NEUTRAL,NEUTRAL,NEUTRAL,NEUTRAL,NEUTRAL,UP,UP,UP,UP,UP,UP,UP,UP,NEUTRAL,NEUTRAL,UP,UP,NEUTRAL,UP,UP,UP,UP,UP,NEUTRAL,UP,UP,NEUTRAL,UP,UP,UP,UP,UP,DOWN,UP,DOWN,DOWN,UP,UP,DOWN,NEUTRAL,NEUTRAL,NEUTRAL,NEUTRAL,UP,good
60,1min,1765179351,26025.65,26032.0,26032.15,26025.65,26029.09,26029.45,1.62,1.38,26027.72,26034.22,26023.43,26036.43,0.02,6.5,6.35,0.0,0.0,0.0,DOWN,DOWN,NEUTRAL,NEUTRAL,NEUTRAL,NEUTRAL,NEUTRAL,NEUTRAL,NEUTRAL,NEUTRAL,NEUTRAL,NEUTRAL,NEUTRAL,NEUTRAL,NEUTRAL,NEUTRAL,NEUTRAL,NEUTRAL,NEUTRAL,NEUTRAL,NEUTRAL,UP,UP,UP,UP,UP,UP,UP,UP,NEUTRAL,NEUTRAL,UP,UP,NEUTRAL,UP,UP,UP,UP,UP,UP,UP,UP,UP,UP,UP,UP,DOWN,UP,DOWN,DOWN,DOWN,UP,DOWN,DOWN,UP,NEUTRAL,NEUTRAL,NEUTRAL,NEUTRAL,UP,bad
60,1min,1765179411,26031.8,26026.55,26032.2,26022.0,26025.55,26024.65,2.65,1.27,26021.63,26031.83,26016.72,26037.12,-0.02,10.2,-5.25,0.0,0.0,0.0,NEUTRAL,NEUTRAL,NEUTRAL,NEUTRAL,NEUTRAL,NEUTRAL,NEUTRAL,NEUTRAL,NEUTRAL,NEUTRAL,NEUTRAL,NEUTRAL,NEUTRAL,NEUTRAL,NEUTRAL,NEUTRAL,NEUTRAL,NEUTRAL,NEUTRAL,NEUTRAL,NEUTRAL,DOWN,UP,UP,UP,UP,UP,UP,NEUTRAL,NEUTRAL,NEUTRAL,NEUTRAL,NEUTRAL,NEUTRAL,UP,NEUTRAL,NEUTRAL,UP,NEUTRAL,NEUTRAL,UP,UP,NEUTRAL,UP,UP,NEUTRAL,DOWN,DOWN,UP,DOWN,DOWN,DOWN,DOWN,UP,DOWN,NEUTRAL,NEUTRAL,NEUTRAL,NEUTRAL,UP,good
60,1min,1765179471,26026.45,26020.85,26029.15,26020.4,26023.47,26023.22,2.02,1.2,26017.78,26026.53,26014.72,26032.22,-0.02,8.75,-5.6,0.0,0.0,0.0,NEUTRAL,NEUTRAL,NEUTRAL,NEUTRAL,NEUTRAL,NEUTRAL,NEUTRAL,NEUTRAL,NEUTRAL,NEUTRAL,NEUTRAL,NEUTRAL,NEUTRAL,NEUTRAL,NEUTRAL,NEUTRAL,NEUTRAL,NEUTRAL,NEUTRAL,NEUTRAL,NEUTRAL,DOWN,UP,UP,UP,UP,UP,UP,DOWN,NEUTRAL,NEUTRAL,NEUTRAL,NEUTRAL,NEUTRAL,NEUTRAL,NEUTRAL,NEUTRAL,NEUTRAL,NEUTRAL,NEUTRAL,NEUTRAL,NEUTRAL,NEUTRAL,NEUTRAL,NEUTRAL,NEUTRAL,DOWN,UP,DOWN,DOWN,DOWN,UP,DOWN,UP,DOWN,NEUTRAL,NEUTRAL,NEUTRAL,NEUTRAL,UP,good
60,1min,1765179531,26020.45,26022.55,26024.25,26016.8,26020.37,26020.4,1.95,1.75,26018.15,26025.6,26013.75,26028.65,0.01,7.45,2.1,0.0,0.0,0.0,NEUTRAL,NEUTRAL,NEUTRAL,NEUTRAL,NEUTRAL,NEUTRAL,NEUTRAL,NEUTRAL,NEUTRAL,NEUTRAL,NEUTRAL,NEUTRAL,NEUTRAL,NEUTRAL,NEUTRAL,NEUTRAL,NEUTRAL,NEUTRAL,NEUTRAL,NEUTRAL,NEUTRAL,DOWN,UP,UP,UP,UP,UP,UP,NEUTRAL,NEUTRAL,NEUTRAL,NEUTRAL,NEUTRAL,NEUTRAL,NEUTRAL,NEUTRAL,NEUTRAL,NEUTRAL,NEUTRAL,NEUTRAL,NEUTRAL,NEUTRAL,NEUTRAL,NEUTRAL,NEUTRAL,NEUTRAL,DOWN,UP,DOWN,UP,DOWN,UP,DOWN,DOWN,DOWN,NEUTRAL,NEUTRAL,NEUTRAL,NEUTRAL,UP,good
60,1min,1765179591,26022.25,26022.7,26023.65,26020.05,26022.14,26022.2,0.8,0.55,26020.62,26024.22,26018.53,26025.73,0.0,3.6,0.45,0.0,0.0,0.0,NEUTRAL,NEUTRAL,NEUTRAL,NEUTRAL,NEUTRAL,NEUTRAL,NEUTRAL,NEUTRAL,NEUTRAL,NEUTRAL,NEUTRAL,NEUTRAL,NEUTRAL,NEUTRAL,NEUTRAL,NEUTRAL,NEUTRAL,NEUTRAL,NEUTRAL,NEUTRAL,NEUTRAL,DOWN,UP,UP,UP,UP,UP,UP,NEUTRAL,NEUTRAL,NEUTRAL,NEUTRAL,NEUTRAL,NEUTRAL,NEUTRAL,NEUTRAL,NEUTRAL,NEUTRAL,NEUTRAL,NEUTRAL,NEUTRAL,NEUTRAL,NEUTRAL,NEUTRAL,NEUTRAL,NEUTRAL,UP,DOWN,DOWN,UP,DOWN,DOWN,UP,UP,UP,NEUTRAL,NEUTRAL,NEUTRAL,NEUTRAL,UP,good
60,1min,1765179651,26022.6,26026.75,26028.35,26021.45,26025.22,26025.62,2.11,1.73,26022.68,26029.58,26018.62,26032.42,0.02,6.9,4.15,0.0,0.0,0.0,NEUTRAL,NEUTRAL,NEUTRAL,NEUTRAL,NEUTRAL,NEUTRAL,NEUTRAL,NEUTRAL,NEUTRAL,NEUTRAL,NEUTRAL,NEUTRAL,NEUTRAL,NEUTRAL,NEUTRAL,NEUTRAL,NEUTRAL,NEUTRAL,NEUTRAL,NEUTRAL,NEUTRAL,DOWN,UP,UP,UP,UP,UP,UP,UP,NEUTRAL,NEUTRAL,NEUTRAL,NEUTRAL,NEUTRAL,UP,NEUTRAL,NEUTRAL,UP,NEUTRAL,NEUTRAL,UP,NEUTRAL,NEUTRAL,UP,NEUTRAL,NEUTRAL,DOWN,DOWN,DOWN,DOWN,UP,UP,UP,DOWN,DOWN,NEUTRAL,NEUTRAL,NEUTRAL,NEUTRAL,UP,good
60,1min,1765179711,26027.0,26032.15,26033.2,26025.0,26027.99,26027.15,2.3,1.4,26027.03,26035.23,26021.92,26038.32,0.02,8.2,5.15,0.0,0.0,0.0,DOWN,NEUTRAL,NEUTRAL,NEUTRAL,NEUTRAL,NEUTRAL,NEUTRAL,NEUTRAL,NEUTRAL,NEUTRAL,NEUTRAL,NEUTRAL,NEUTRAL,NEUTRAL,NEUTRAL,NEUTRAL,NEUTRAL,NEUTRAL,NEUTRAL,NEUTRAL,NEUTRAL,UP,UP,UP,UP,UP,UP,UP,UP,UP,NEUTRAL,UP,UP,NEUTRAL,UP,NEUTRAL,NEUTRAL,UP,UP,NEUTRAL,UP,UP,NEUTRAL,UP,UP,UP,UP,DOWN,UP,DOWN,UP,DOWN,DOWN,UP,UP,NEUTRAL,NEUTRAL,NEUTRAL,NEUTRAL,UP,bad
60,1min,1765179771,26031.65,26037.95,26040.8,26030.55,26035.64,26036.35,2.78,1.62,26032.07,26042.32,26026.18,26046.68,0.02,10.25,6.3,0.0,0.0,0.0,DOWN,DOWN,NEUTRAL,NEUTRAL,NEUTRAL,NEUTRAL,NEUTRAL,NEUTRAL,NEUTRAL,NEUTRAL,NEUTRAL,NEUTRAL,NEUTRAL,NEUTRAL,NEUTRAL,NEUTRAL,NEUTRAL,NEUTRAL,NEUTRAL,NEUTRAL,NEUTRAL,UP,UP,UP,UP,UP,UP,UP,UP,UP,NEUTRAL,UP,UP,UP,UP,UP,NEUTRAL,UP,UP,UP,UP,UP,UP,UP,UP,UP,UP,UP,UP,DOWN,DOWN,DOWN,UP,DOWN,DOWN,NEUTRAL,NEUTRAL,NEUTRAL,NEUTRAL,UP,bad
60,1min,1765179831,26037.8,26030.65,26038.1,26027.4,26032.44,26031.45,2.95,1.75,26026.0,26036.7,26021.35,26042.75,-0.03,10.7,-7.15,0.0,0.0,0.0,NEUTRAL,NEUTRAL,NEUTRAL,NEUTRAL,NEUTRAL,NEUTRAL,NEUTRAL,NEUTRAL,NEUTRAL,NEUTRAL,NEUTRAL,NEUTRAL,NEUTRAL,NEUTRAL,NEUTRAL,NEUTRAL,NEUTRAL,NEUTRAL,NEUTRAL,NEUTRAL,NEUTRAL,UP,UP,UP,UP,UP,UP,UP,NEUTRAL,NEUTRAL,NEUTRAL,NEUTRAL,NEUTRAL,NEUTRAL,NEUTRAL,NEUTRAL,NEUTRAL,UP,NEUTRAL,NEUTRAL,UP,NEUTRAL,NEUTRAL,UP,NEUTRAL,NEUTRAL,UP,DOWN,DOWN,UP,DOWN,DOWN,DOWN,DOWN,UP,NEUTRAL,NEUTRAL,NEUTRAL,NEUTRAL,UP,bad
60,1min,1765179891,26029.9,26027.4,26031.25,26026.7,26028.75,26028.55,1.1,0.6,26025.65,26030.2,26023.9,26033.0,-0.01,4.55,-2.5,0.0,0.0,0.0,NEUTRAL,NEUTRAL,NEUTRAL,NEUTRAL,NEUTRAL,NEUTRAL,NEUTRAL,NEUTRAL,NEUTRAL,NEUTRAL,NEUTRAL,NEUTRAL,NEUTRAL,NEUTRAL,NEUTRAL,NEUTRAL,NEUTRAL,NEUTRAL,NEUTRAL,NEUTRAL,NEUTRAL,DOWN,UP,UP,UP,UP,UP,UP,NEUTRAL,NEUTRAL,NEUTRAL,NEUTRAL,NEUTRAL,NEUTRAL,NEUTRAL,NEUTRAL,NEUTRAL,NEUTRAL,NEUTRAL,NEUTRAL,NEUTRAL,NEUTRAL,NEUTRAL,NEUTRAL,NEUTRAL,NEUTRAL,UP,DOWN,UP,DOWN,DOWN,DOWN,UP,DOWN,UP,NEUTRAL,NEUTRAL,NEUTRAL,NEUTRAL,UP,bad
60,1min,1765179951,26027.3,26021.15,26027.85,26020.05,26024.77,26024.9,1.9,1.0,26018.18,26025.98,26015.22,26030.82,-0.02,7.8,-6.15,0.0,0.0,0.0,NEUTRAL,NEUTRAL,NEUTRAL,NEUTRAL,NEUTRAL,NEUTRAL,NEUTRAL,NEUTRAL,NEUTRAL,NEUTRAL,NEUTRAL,NEUTRAL,NEUTRAL,NEUTRAL,NEUTRAL,NEUTRAL,NEUTRAL,NEUTRAL,NEUTRAL,NEUTRAL,NEUTRAL,DOWN,DOWN,UP,UP,UP,UP,UP,DOWN,DOWN,NEUTRAL,DOWN,NEUTRAL,NEUTRAL,NEUTRAL,NEUTRAL,NEUTRAL,NEUTRAL,NEUTRAL,NEUTRAL,NEUTRAL,NEUTRAL,NEUTRAL,NEUTRAL,NEUTRAL,NEUTRAL,UP,DOWN,UP,DOWN,UP,DOWN,UP,DOWN,DOWN,NEUTRAL,NEUTRAL,NEUTRAL,NEUTRAL,DOWN,good
60,1min,1765180011,26022.15,26014.7,26022.15,26011.9,26016.27,26015.8,2.33,1.35,26010.35,26020.6,26006.0,26026.5,-0.03,10.25,-7.45,0.0,0.0,0.0,UP,NEUTRAL,NEUTRAL,NEUTRAL,NEUTRAL,NEUTRAL,NEUTRAL,NEUTRAL,NEUTRAL,NEUTRAL,NEUTRAL,NEUTRAL,NEUTRAL,NEUTRAL,NEUTRAL,NEUTRAL,NEUTRAL,NEUTRAL,NEUTRAL,NEUTRAL,NEUTRAL,DOWN,DOWN,DOWN,DOWN,DOWN,UP,UP,DOWN,NEUTRAL,NEUTRAL,DOWN,DOWN,NEUTRAL,DOWN,DOWN,NEUTRAL,NEUTRAL,NEUTRAL,NEUTRAL,NEUTRAL,NEUTRAL,NEUTRAL,NEUTRAL,NEUTRAL,NEUTRAL,UP,DOWN,DOWN,DOWN,UP,DOWN,DOWN,UP,UP,NEUTRAL,NEUTRAL,NEUTRAL,NEUTRAL,DOWN,good
60,1min,1765180071,26014.6,26015.6,26016.1,26011.2,26014.15,26014.3,1.0,0.58,26012.5,26017.4,26009.4,26019.2,0.0,4.9,1.0,0.0,0.0,0.0,UP,NEUTRAL,NEUTRAL,NEUTRAL,NEUTRAL,NEUTRAL,NEUTRAL,NEUTRAL,NEUTRAL,NEUTRAL,NEUTRAL,NEUTRAL,NEUTRAL,NEUTRAL,NEUTRAL,NEUTRAL,NEUTRAL,NEUTRAL,NEUTRAL,NEUTRAL,NEUTRAL,DOWN,DOWN,DOWN,DOWN,DOWN,UP,UP,NEUTRAL,NEUTRAL,NEUTRAL,DOWN,NEUTRAL,NEUTRAL,DOWN,DOWN,NEUTRAL,NEUTRAL,NEUTRAL,NEUTRAL,NEUTRAL,NEUTRAL,NEUTRAL,NEUTRAL,NEUTRAL,NEUTRAL,DOWN,UP,DOWN,DOWN,DOWN,UP,UP,UP,DOWN,NEUTRAL,NEUTRAL,NEUTRAL,NEUTRAL,DOWN,good
60,1min,1765180131,26014.35,26003.3,26015.9,26003.0,26008.23,26006.43,4.02,2.75,25998.9,26011.8,25994.5,26020.3,-0.04,12.9,-11.05,0.0,0.0,0.0,UP,UP,NEUTRAL,NEUTRAL,NEUTRAL,NEUTRAL,NEUTRAL,NEUTRAL,NEUTRAL,NEUTRAL,NEUTRAL,NEUTRAL,NEUTRAL,NEUTRAL,NEUTRAL,NEUTRAL,NEUTRAL,NEUTRAL,NEUTRAL,NEUTRAL,NEUTRAL,DOWN,DOWN,DOWN,DOWN,DOWN,DOWN,UP,DOWN,DOWN,NEUTRAL,DOWN,DOWN,DOWN,DOWN,DOWN,DOWN,DOWN,DOWN,DOWN,DOWN,DOWN,NEUTRAL,DOWN,DOWN,DOWN,DOWN,DOWN,DOWN,UP,DOWN,UP,DOWN,DOWN,UP,NEUTRAL,NEUTRAL,NEUTRAL,NEUTRAL,DOWN,good
60,1min,1765180191,26002.75,25990.25,26004.75,25990.25,25999.82,26000.3,3.52,2.25,25985.42,25999.92,25980.58,26009.58,-0.05,14.5,-12.5,0.0,0.0,0.0,UP,UP,NEUTRAL,UP,NEUTRAL,NEUTRAL,UP,NEUTRAL,NEUTRAL,NEUTRAL,NEUTRAL,NEUTRAL,NEUTRAL,NEUTRAL,NEUTRAL,NEUTRAL,NEUTRAL,NEUTRAL,NEUTRAL,NEUTRAL,NEUTRAL,DOWN,DOWN,DOWN,DOWN,DOWN,DOWN,DOWN,DOWN,DOWN,NEUTRAL,DOWN,DOWN,DOWN,DOWN,DOWN,DOWN,DOWN,DOWN,DOWN,DOWN,DOWN,DOWN,DOWN,DOWN,DOWN,UP,UP,UP,UP,DOWN,DOWN,DOWN,UP,DOWN,NEUTRAL,NEUTRAL,NEUTRAL,NEUTRAL,DOWN,good
60,1min,1765180251,25989.85,25979.05,25991.35,25976.1,25984.01,25986.25,4.51,2.45,25972.98,25988.23,25966.92,25997.42,-0.04,15.25,-10.8,0.0,0.0,0.0,UP,UP,UP,UP,UP,NEUTRAL,UP,NEUTRAL,NEUTRAL,UP,NEUTRAL,NEUTRAL,UP,NEUTRAL,NEUTRAL,NEUTRAL,NEUTRAL,NEUTRAL,NEUTRAL,NEUTRAL,NEUTRAL,DOWN,DOWN,DOWN,DOWN,DOWN,DOWN,DOWN,DOWN,DOWN,NEUTRAL,DOWN,DOWN,NEUTRAL,DOWN,DOWN,DOWN,DOWN,DOWN,DOWN,DOWN,DOWN,DOWN,DOWN,DOWN,DOWN,UP,UP,DOWN,DOWN,UP,DOWN,DOWN,DOWN,DOWN,DOWN,NEUTRAL,UP,NEUTRAL,DOWN,good
60,1min,1765180311,25977.85,25975.2,25979.9,25973.2,25976.75,25976.9,1.58,1.2,25972.3,25979.0,25969.4,25982.8,-0.01,6.7,-2.65,0.0,0.0,0.0,UP,UP,UP,UP,UP,NEUTRAL,UP,NEUTRAL,NEUTRAL,UP,NEUTRAL,NEUTRAL,UP,NEUTRAL,NEUTRAL,NEUTRAL,NEUTRAL,NEUTRAL,NEUTRAL,NEUTRAL,NEUTRAL,DOWN,DOWN,DOWN,DOWN,DOWN,DOWN,DOWN,DOWN,NEUTRAL,NEUTRAL,DOWN,DOWN,NEUTRAL,DOWN,DOWN,DOWN,DOWN,DOWN,DOWN,DOWN,DOWN,DOWN,DOWN,DOWN,DOWN,UP,UP,DOWN,UP,DOWN,DOWN,DOWN,UP,DOWN,DOWN,NEUTRAL,UP,NEUTRAL,DOWN,good
60,1min,1765180371,25974.05,25966.05,25974.55,25965.95,25970.79,25971.25,2.19,1.5,25963.15,25971.75,25960.25,25977.45,-0.03,8.6,-8.0,0.0,0.0,0.0,UP,UP,UP,UP,UP,NEUTRAL,UP,NEUTRAL,NEUTRAL,UP,NEUTRAL,NEUTRAL,UP,NEUTRAL,NEUTRAL,UP,NEUTRAL,NEUTRAL,NEUTRAL,NEUTRAL,NEUTRAL,DOWN,DOWN,DOWN,DOWN,DOWN,DOWN,DOWN,DOWN,NEUTRAL,NEUTRAL,DOWN,DOWN,NEUTRAL,DOWN,DOWN,DOWN,DOWN,DOWN,DOWN,DOWN,DOWN,DOWN,DOWN,DOWN,DOWN,UP,UP,DOWN,UP,DOWN,UP,DOWN,UP,DOWN,DOWN,NEUTRAL,NEUTRAL,NEUTRAL,DOWN,good
60,1min,1765180431,25967.7,25972.65,25974.6,25965.45,25969.71,25969.95,2.72,2.65,25967.2,25976.35,25961.75,25980.05,0.02,9.15,4.95,0.0,0.0,0.0,UP,NEUTRAL,NEUTRAL,UP,NEUTRAL,NEUTRAL,UP,NEUTRAL,NEUTRAL,UP,NEUTRAL,NEUTRAL,NEUTRAL,NEUTRAL,NEUTRAL,NEUTRAL,NEUTRAL,NEUTRAL,NEUTRAL,NEUTRAL,NEUTRAL,UP,DOWN,DOWN,DOWN,DOWN,DOWN,DOWN,NEUTRAL,NEUTRAL,NEUTRAL,DOWN,NEUTRAL,NEUTRAL,DOWN,NEUTRAL,NEUTRAL,DOWN,DOWN,NEUTRAL,DOWN,DOWN,DOWN,DOWN,DOWN,DOWN,UP,UP,DOWN,DOWN,DOWN,UP,DOWN,DOWN,UP,DOWN,DOWN,UP,UP,DOWN,good
60,1min,1765180491,25972.5,25967.45,25973.7,25964.25,25967.48,25966.8,2.4,1.0,25963.23,25972.68,25959.02,25977.92,-0.02,9.45,-5.05,0.0,0.0,0.0,UP,UP,NEUTRAL,UP,NEUTRAL,NEUTRAL,UP,NEUTRAL,NEUTRAL,UP,NEUTRAL,NEUTRAL,UP,NEUTRAL,NEUTRAL,NEUTRAL,NEUTRAL,NEUTRAL,NEUTRAL,NEUTRAL,NEUTRAL,UP,DOWN,DOWN,DOWN,DOWN,DOWN,DOWN,NEUTRAL,NEUTRAL,NEUTRAL,DOWN,NEUTRAL,NEUTRAL,DOWN,NEUTRAL,NEUTRAL,DOWN,DOWN,NEUTRAL,DOWN,DOWN,DOWN,DOWN,DOWN,DOWN,DOWN,UP,UP,DOWN,DOWN,DOWN,UP,UP,UP,DOWN,DOWN,NEUTRAL,NEUTRAL,DOWN,good
60,1min,1765180551,25969.0,25969.65,25972.45,25966.4,25969.11,25969.35,1.28,0.9,25966.55,25972.6,25963.45,25975.55,0.0,6.05,0.65,0.0,0.0,0.0,UP,NEUTRAL,NEUTRAL,UP,NEUTRAL,NEUTRAL,UP,NEUTRAL,NEUTRAL,UP,NEUTRAL,NEUTRAL,NEUTRAL,NEUTRAL,NEUTRAL,NEUTRAL,NEUTRAL,NEUTRAL,NEUTRAL,NEUTRAL,NEUTRAL,UP,DOWN,DOWN,DOWN,DOWN,DOWN,DOWN,NEUTRAL,NEUTRAL,NEUTRAL,NEUTRAL,NEUTRAL,NEUTRAL,DOWN,NEUTRAL,NEUTRAL,DOWN,NEUTRAL,NEUTRAL,DOWN,DOWN,NEUTRAL,DOWN,DOWN,NEUTRAL,DOWN,DOWN,DOWN,DOWN,UP,DOWN,UP,DOWN,DOWN,DOWN,DOWN,UP,UP,DOWN,good
60,1min,1765180611,25969.7,25965.3,25970.35,25964.45,25967.8,25967.85,1.33,0.7,25963.05,25968.95,25960.8,25972.6,-0.02,5.9,-4.4,0.0,0.0,0.0,UP,NEUTRAL,NEUTRAL,UP,NEUTRAL,NEUTRAL,UP,NEUTRAL,NEUTRAL,UP,NEUTRAL,NEUTRAL,UP,NEUTRAL,NEUTRAL,NEUTRAL,NEUTRAL,NEUTRAL,NEUTRAL,NEUTRAL,NEUTRAL,UP,DOWN,DOWN,DOWN,DOWN,DOWN,DOWN,DOWN,NEUTRAL,NEUTRAL,NEUTRAL,NEUTRAL,NEUTRAL,DOWN,NEUTRAL,NEUTRAL,DOWN,NEUTRAL,NEUTRAL,DOWN,DOWN,NEUTRAL,DOWN,DOWN,NEUTRAL,DOWN,DOWN,UP,UP,UP,DOWN,DOWN,DOWN,UP,DOWN,DOWN,NEUTRAL,NEUTRAL,DOWN,good
60,1min,1765180671,25964.35,25952.85,25964.75,25950.4,25956.09,25955.15,3.13,1.3,25947.25,25961.6,25941.65,25970.35,-0.04,14.35,-11.5,0.0,0.0,0.0,UP,UP,NEUTRAL,UP,UP,NEUTRAL,UP,NEUTRAL,NEUTRAL,UP,NEUTRAL,NEUTRAL,UP,NEUTRAL,NEUTRAL,UP,NEUTRAL,NEUTRAL,NEUTRAL,NEUTRAL,NEUTRAL,DOWN,DOWN,DOWN,DOWN,DOWN,DOWN,DOWN,DOWN,DOWN,NEUTRAL,DOWN,DOWN,NEUTRAL,DOWN,NEUTRAL,NEUTRAL,DOWN,DOWN,NEUTRAL,DOWN,DOWN,NEUTRAL,DOWN,DOWN,DOWN,DOWN,UP,UP,DOWN,DOWN,UP,DOWN,DOWN,DOWN,DOWN,DOWN,NEUTRAL,NEUTRAL,DOWN,good
60,1min,1765180731,25952.25,25952.8,25957.7,25952.25,25954.83,25954.85,1.21,0.9,25950.8,25956.25,25948.8,25959.7,0.0,5.45,0.55,0.0,0.0,0.0,UP,UP,NEUTRAL,UP,UP,NEUTRAL,UP,NEUTRAL,NEUTRAL,UP,NEUTRAL,NEUTRAL,UP,NEUTRAL,NEUTRAL,UP,NEUTRAL,NEUTRAL,NEUTRAL,NEUTRAL,NEUTRAL,DOWN,DOWN,DOWN,DOWN,DOWN,DOWN,DOWN,DOWN,NEUTRAL,NEUTRAL,DOWN,DOWN,NEUTRAL,DOWN,NEUTRAL,NEUTRAL,DOWN,DOWN,NEUTRAL,DOWN,DOWN,NEUTRAL,DOWN,DOWN,NEUTRAL,UP,UP,UP,DOWN,UP,DOWN,DOWN,DOWN,UP,DOWN,DOWN,UP,NEUTRAL,DOWN,good
60,1min,1765180791,25953.05,25955.75,25960.05,25952.5,25957.29,25957.65,1.81,1.0,25952.15,25959.7,25948.55,25963.65,0.01,7.55,2.7,0.0,0.0,0.0,UP,NEUTRAL,NEUTRAL,UP,NEUTRAL,NEUTRAL,UP,NEUTRAL,NEUTRAL,UP,NEUTRAL,NEUTRAL,UP,NEUTRAL,NEUTRAL,NEUTRAL,NEUTRAL,NEUTRAL,NEUTRAL,NEUTRAL,NEUTRAL,UP,DOWN,DOWN,DOWN,DOWN,DOWN,DOWN,NEUTRAL,NEUTRAL,NEUTRAL,DOWN,NEUTRAL,NEUTRAL,DOWN,NEUTRAL,NEUTRAL,DOWN,NEUTRAL,NEUTRAL,DOWN,NEUTRAL,NEUTRAL,DOWN,DOWN,NEUTRAL,DOWN,UP,UP,DOWN,UP,DOWN,UP,DOWN,UP,DOWN,DOWN,UP,UP,DOWN,good
60,1min,1765180851,25956.25,25944.65,25957.65,25944.65,25953.65,25955.0,3.37,0.95,25940.32,25953.32,25935.98,25961.98,-0.04,13.0,-11.6,0.0,0.0,0.0,UP,UP,NEUTRAL,UP,UP,NEUTRAL,UP,NEUTRAL,NEUTRAL,UP,NEUTRAL,NEUTRAL,UP,NEUTRAL,NEUTRAL,UP,NEUTRAL,NEUTRAL,UP,NEUTRAL,NEUTRAL,DOWN,DOWN,DOWN,DOWN,DOWN,DOWN,DOWN,DOWN,NEUTRAL,NEUTRAL,DOWN,DOWN,NEUTRAL,DOWN,NEUTRAL,NEUTRAL,DOWN,NEUTRAL,NEUTRAL,DOWN,DOWN,NEUTRAL,DOWN,DOWN,NEUTRAL,DOWN,UP,UP,DOWN,DOWN,DOWN,UP,DOWN,DOWN,DOWN,DOWN,NEUTRAL,NEUTRAL,DOWN,good
60,1min,1765180911,25944.05,25928.65,25944.9,25927.05,25933.65,25931.8,4.59,2.6,25922.17,25940.02,25915.68,25951.38,-0.06,17.85,-15.4,0.0,0.0,0.0,UP,UP,UP,UP,UP,NEUTRAL,UP,UP,NEUTRAL,UP,UP,NEUTRAL,UP,NEUTRAL,NEUTRAL,UP,NEUTRAL,NEUTRAL,UP,NEUTRAL,NEUTRAL,DOWN,DOWN,DOWN,DOWN,DOWN,DOWN,DOWN,DOWN,DOWN,NEUTRAL,DOWN,DOWN,DOWN,DOWN,DOWN,NEUTRAL,DOWN,DOWN,NEUTRAL,DOWN,DOWN,NEUTRAL,DOWN,DOWN,DOWN,DOWN,UP,UP,UP,DOWN,DOWN,DOWN,UP,UP,DOWN,DOWN,NEUTRAL,NEUTRAL,DOWN,good
60,1min,1765180971,25928.15,25906.95,25929.3,25906.15,25923.32,25926.55,6.46,1.1,25898.97,25922.12,25890.98,25937.28,-0.08,23.15,-21.2,0.0,0.0,0.0,UP,UP,UP,UP,UP,NEUTRAL,UP,UP,NEUTRAL,UP,UP,NEUTRAL,UP,UP,NEUTRAL,UP,NEUTRAL,NEUTRAL,UP,NEUTRAL,NEUTRAL,DOWN,DOWN,DOWN,DOWN,DOWN,DOWN,DOWN,DOWN,DOWN,NEUTRAL,DOWN,DOWN,DOWN,DOWN,DOWN,DOWN,DOWN,DOWN,DOWN,DOWN,DOWN,DOWN,DOWN,DOWN,DOWN,DOWN,DOWN,DOWN,DOWN,DOWN,UP,DOWN,UP,DOWN,DOWN,DOWN,NEUTRAL,NEUTRAL,DOWN,bad
60,1min,1765181031,25906.25,25919.05,25919.05,25903.1,25913.7,25915.07,4.56,2.0,25908.42,25924.37,25897.78,25929.68,0.05,15.95,12.8,0.0,0.0,0.0,UP,NEUTRAL,NEUTRAL,UP,NEUTRAL,NEUTRAL,UP,NEUTRAL,NEUTRAL,UP,NEUTRAL,NEUTRAL,UP,NEUTRAL,NEUTRAL,UP,NEUTRAL,NEUTRAL,UP,NEUTRAL,NEUTRAL,DOWN,DOWN,DOWN,DOWN,DOWN,DOWN,DOWN,NEUTRAL,NEUTRAL,NEUTRAL,DOWN,NEUTRAL,NEUTRAL,DOWN,DOWN,NEUTRAL,DOWN,DOWN,NEUTRAL,DOWN,DOWN,NEUTRAL,DOWN,DOWN,NEUTRAL,DOWN,DOWN,DOWN,UP,UP,UP,DOWN,DOWN,DOWN,DOWN,DOWN,UP,UP,DOWN,good
60,1min,1765181091,25918.3,25912.65,25922.2,25907.1,25914.57,25914.68,3.46,2.65,25905.77,25920.87,25898.88,25929.08,-0.02,15.1,-5.65,0.0,0.0,0.0,UP,NEUTRAL,NEUTRAL,UP,NEUTRAL,NEUTRAL,UP,NEUTRAL,NEUTRAL,UP,NEUTRAL,NEUTRAL,UP,NEUTRAL,NEUTRAL,UP,NEUTRAL,NEUTRAL,UP,NEUTRAL,NEUTRAL,DOWN,DOWN,DOWN,DOWN,DOWN,DOWN,DOWN,NEUTRAL,NEUTRAL,NEUTRAL,DOWN,NEUTRAL,NEUTRAL,DOWN,DOWN,NEUTRAL,DOWN,DOWN,NEUTRAL,DOWN,DOWN,NEUTRAL,DOWN,DOWN,NEUTRAL,UP,DOWN,UP,UP,DOWN,DOWN,UP,DOWN,DOWN,DOWN,DOWN,UP,UP,DOWN,bad
60,1min,1765181151,25910.1,25906.0,25915.1,25905.8,25910.95,25911.0,2.13,1.45,25902.83,25912.13,25899.67,25918.27,-0.02,9.3,-4.1,0.0,0.0,0.0,UP,UP,NEUTRAL,UP,UP,NEUTRAL,UP,NEUTRAL,NEUTRAL,UP,NEUTRAL,NEUTRAL,UP,NEUTRAL,NEUTRAL,UP,NEUTRAL,NEUTRAL,UP,NEUTRAL,NEUTRAL,DOWN,DOWN,DOWN,DOWN,DOWN,DOWN,DOWN,DOWN,NEUTRAL,NEUTRAL,DOWN,NEUTRAL,NEUTRAL,DOWN,DOWN,NEUTRAL,DOWN,DOWN,NEUTRAL,DOWN,DOWN,NEUTRAL,DOWN,DOWN,NEUTRAL,DOWN,DOWN,UP,UP,DOWN,UP,DOWN,DOWN,DOWN,DOWN,DOWN,NEUTRAL,NEUTRAL,DOWN,bad
60,1min,1765181211,25907.3,25919.85,25921.15,25905.0,25911.0,25910.25,4.72,3.6,25909.52,25925.67,25899.18,25931.48,0.05,16.15,12.55,0.0,0.0,0.0,NEUTRAL,NEUTRAL,NEUTRAL,NEUTRAL,NEUTRAL,NEUTRAL,NEUTRAL,NEUTRAL,NEUTRAL,NEUTRAL,NEUTRAL,NEUTRAL,NEUTRAL,NEUTRAL,NEUTRAL,NEUTRAL,NEUTRAL,NEUTRAL,NEUTRAL,NEUTRAL,NEUTRAL,UP,DOWN,DOWN,DOWN,DOWN,DOWN,DOWN,UP,NEUTRAL,NEUTRAL,NEUTRAL,NEUTRAL,NEUTRAL,NEUTRAL,NEUTRAL,NEUTRAL,DOWN,NEUTRAL,NEUTRAL,DOWN,NEUTRAL,NEUTRAL,DOWN,NEUTRAL,NEUTRAL,UP,UP,UP,UP,DOWN,UP,DOWN,UP,DOWN,DOWN,DOWN,NEUTRAL,NEUTRAL,DOWN,good
60,1min,1765181271,25920.55,25917.1,25922.6,25915.9,25918.94,25918.85,1.77,1.6,25914.47,25921.17,25911.83,25925.23,-0.01,6.7,-3.45,0.0,0.0,0.0,NEUTRAL,NEUTRAL,NEUTRAL,NEUTRAL,NEUTRAL,NEUTRAL,UP,NEUTRAL,NEUTRAL,UP,NEUTRAL,NEUTRAL,UP,NEUTRAL,NEUTRAL,NEUTRAL,NEUTRAL,NEUTRAL,NEUTRAL,NEUTRAL,NEUTRAL,UP,UP,DOWN,DOWN,DOWN,DOWN,DOWN,NEUTRAL,NEUTRAL,NEUTRAL,NEUTRAL,NEUTRAL,NEUTRAL,NEUTRAL,NEUTRAL,NEUTRAL,DOWN,NEUTRAL,NEUTRAL,DOWN,NEUTRAL,NEUTRAL,DOWN,NEUTRAL,NEUTRAL,DOWN,DOWN,UP,UP,DOWN,DOWN,DOWN,UP,DOWN,DOWN,DOWN,UP,UP,DOWN,bad
60,1min,1765181331,25917.2,25920.7,25921.75,25916.3,25918.77,25918.68,1.47,1.3,25917.42,25922.87,25914.13,25925.03,0.01,5.45,3.5,0.0,0.0,0.0,NEUTRAL,NEUTRAL,NEUTRAL,NEUTRAL,NEUTRAL,NEUTRAL,NEUTRAL,NEUTRAL,NEUTRAL,NEUTRAL,NEUTRAL,NEUTRAL,NEUTRAL,NEUTRAL,NEUTRAL,NEUTRAL,NEUTRAL,NEUTRAL,NEUTRAL,NEUTRAL,NEUTRAL,UP,UP,DOWN,DOWN,DOWN,DOWN,DOWN,UP,NEUTRAL,NEUTRAL,NEUTRAL,NEUTRAL,NEUTRAL,NEUTRAL,NEUTRAL,NEUTRAL,NEUTRAL,NEUTRAL,NEUTRAL,DOWN,NEUTRAL,NEUTRAL,DOWN,NEUTRAL,NEUTRAL,DOWN,DOWN,UP,UP,UP,DOWN,DOWN,DOWN,UP,DOWN,DOWN,NEUTRAL,NEUTRAL,DOWN,bad
60,1min,1765181391,25920.75,25920.95,25921.35,25913.7,25917.81,25917.43,1.81,1.25,25915.98,25923.63,25911.02,25926.32,0.0,7.65,0.2,0.0,0.0,0.0,NEUTRAL,NEUTRAL,NEUTRAL,NEUTRAL,NEUTRAL,NEUTRAL,NEUTRAL,NEUTRAL,NEUTRAL,NEUTRAL,NEUTRAL,NEUTRAL,NEUTRAL,NEUTRAL,NEUTRAL,NEUTRAL,NEUTRAL,NEUTRAL,NEUTRAL,NEUTRAL,NEUTRAL,UP,UP,UP,UP,DOWN,DOWN,DOWN,NEUTRAL,NEUTRAL,NEUTRAL,NEUTRAL,NEUTRAL,NEUTRAL,NEUTRAL,NEUTRAL,NEUTRAL,NEUTRAL,NEUTRAL,NEUTRAL,NEUTRAL,NEUTRAL,NEUTRAL,DOWN,NEUTRAL,NEUTRAL,DOWN,DOWN,DOWN,DOWN,DOWN,DOWN,UP,DOWN,UP,DOWN,DOWN,NEUTRAL,NEUTRAL,DOWN,bad
60,1min,1765181451,25920.7,25923.3,25923.75,25919.7,25921.6,25921.55,0.87,0.65,25920.75,25924.8,25918.2,25926.3,0.01,4.05,2.6,0.0,0.0,0.0,NEUTRAL,NEUTRAL,NEUTRAL,NEUTRAL,NEUTRAL,NEUTRAL,NEUTRAL,NEUTRAL,NEUTRAL,NEUTRAL,NEUTRAL,NEUTRAL,NEUTRAL,NEUTRAL,NEUTRAL,NEUTRAL,NEUTRAL,NEUTRAL,NEUTRAL,NEUTRAL,NEUTRAL,UP,UP,UP,UP,DOWN,DOWN,DOWN,UP,NEUTRAL,NEUTRAL,NEUTRAL,NEUTRAL,NEUTRAL,NEUTRAL,NEUTRAL,NEUTRAL,NEUTRAL,NEUTRAL,NEUTRAL,NEUTRAL,NEUTRAL,NEUTRAL,NEUTRAL,NEUTRAL,NEUTRAL,UP,DOWN,DOWN,DOWN,UP,UP,UP,DOWN,DOWN,DOWN,DOWN,NEUTRAL,NEUTRAL,DOWN,bad
60,1min,1765181511,25923.55,25930.25,25935.15,25923.15,25929.73,25930.25,2.76,1.85,25923.88,25935.88,25917.52,25941.52,0.03,12.0,6.7,0.0,0.0,0.0,NEUTRAL,NEUTRAL,NEUTRAL,NEUTRAL,NEUTRAL,NEUTRAL,NEUTRAL,NEUTRAL,NEUTRAL,NEUTRAL,NEUTRAL,NEUTRAL,NEUTRAL,NEUTRAL,NEUTRAL,NEUTRAL,NEUTRAL,NEUTRAL,NEUTRAL,NEUTRAL,NEUTRAL,UP,UP,UP,UP,DOWN,DOWN,DOWN,UP,UP,NEUTRAL,UP,UP,NEUTRAL,NEUTRAL,NEUTRAL,NEUTRAL,NEUTRAL,NEUTRAL,NEUTRAL,NEUTRAL,NEUTRAL,NEUTRAL,NEUTRAL,NEUTRAL,NEUTRAL,DOWN,DOWN,DOWN,UP,UP,DOWN,DOWN,UP,DOWN,DOWN,DOWN,NEUTRAL,NEUTRAL,NEUTRAL,neutral
60,1min,1765181571,25931.35,25923.1,25933.15,25921.65,25927.5,25928.2,3.85,3.7,25918.78,25930.28,25914.47,25937.47,-0.03,11.5,-8.25,0.0,0.0,0.0,NEUTRAL,NEUTRAL,NEUTRAL,NEUTRAL,NEUTRAL,NEUTRAL,NEUTRAL,NEUTRAL,NEUTRAL,NEUTRAL,NEUTRAL,NEUTRAL,NEUTRAL,NEUTRAL,NEUTRAL,NEUTRAL,NEUTRAL,NEUTRAL,NEUTRAL,NEUTRAL,NEUTRAL,DOWN,UP,UP,UP,DOWN,DOWN,DOWN,NEUTRAL,NEUTRAL,NEUTRAL,NEUTRAL,NEUTRAL,NEUTRAL,NEUTRAL,NEUTRAL,NEUTRAL,NEUTRAL,NEUTRAL,NEUTRAL,NEUTRAL,NEUTRAL,NEUTRAL,NEUTRAL,NEUTRAL,NEUTRAL,DOWN,UP,DOWN,UP,UP,DOWN,UP,DOWN,DOWN,DOWN,DOWN,NEUTRAL,NEUTRAL,DOWN,bad
60,1min,1765181631,25923.45,25922.65,25926.6,25918.0,25922.22,25922.65,2.12,1.6,25918.23,25926.83,25913.82,25931.02,-0.0,8.6,-0.8,0.0,0.0,0.0,NEUTRAL,NEUTRAL,NEUTRAL,NEUTRAL,NEUTRAL,NEUTRAL,NEUTRAL,NEUTRAL,NEUTRAL,NEUTRAL,NEUTRAL,NEUTRAL,NEUTRAL,NEUTRAL,NEUTRAL,NEUTRAL,NEUTRAL,NEUTRAL,NEUTRAL,NEUTRAL,NEUTRAL,DOWN,UP,UP,UP,UP,DOWN,DOWN,NEUTRAL,NEUTRAL,NEUTRAL,NEUTRAL,NEUTRAL,NEUTRAL,NEUTRAL,NEUTRAL,NEUTRAL,NEUTRAL,NEUTRAL,NEUTRAL,NEUTRAL,NEUTRAL,NEUTRAL,NEUTRAL,NEUTRAL,NEUTRAL,DOWN,DOWN,UP,UP,UP,DOWN,UP,DOWN,UP,DOWN,DOWN,NEUTRAL,NEUTRAL,NEUTRAL,neutral
60,1min,1765181691,25922.55,25920.9,25924.75,25918.0,25921.43,25921.57,1.39,0.9,25917.68,25924.43,25914.47,25927.97,-0.01,6.75,-1.65,0.0,0.0,0.0,NEUTRAL,NEUTRAL,NEUTRAL,NEUTRAL,NEUTRAL,NEUTRAL,NEUTRAL,NEUTRAL,NEUTRAL,NEUTRAL,NEUTRAL,NEUTRAL,NEUTRAL,NEUTRAL,NEUTRAL,NEUTRAL,NEUTRAL,NEUTRAL,NEUTRAL,NEUTRAL,NEUTRAL,DOWN,UP,UP,UP,UP,DOWN,DOWN,NEUTRAL,NEUTRAL,NEUTRAL,NEUTRAL,NEUTRAL,NEUTRAL,NEUTRAL,NEUTRAL,NEUTRAL,NEUTRAL,NEUTRAL,NEUTRAL,NEUTRAL,NEUTRAL,NEUTRAL,NEUTRAL,NEUTRAL,NEUTRAL,UP,UP,DOWN,UP,UP,DOWN,DOWN,DOWN,UP,DOWN,DOWN,NEUTRAL,NEUTRAL,NEUTRAL,neutral
60,1min,1765181751,25919.35,25933.35,25934.95,25919.0,25928.57,25930.0,5.01,3.6,25923.25,25939.2,25913.15,25945.05,0.05,15.95,14.0,0.0,0.0,0.0,NEUTRAL,NEUTRAL,NEUTRAL,NEUTRAL,NEUTRAL,NEUTRAL,NEUTRAL,NEUTRAL,NEUTRAL,NEUTRAL,NEUTRAL,NEUTRAL,NEUTRAL,NEUTRAL,NEUTRAL,NEUTRAL,NEUTRAL,NEUTRAL,NEUTRAL,NEUTRAL,NEUTRAL,UP,UP,UP,UP,UP,DOWN,DOWN,UP,UP,NEUTRAL,UP,UP,UP,UP,UP,NEUTRAL,NEUTRAL,NEUTRAL,NEUTRAL,NEUTRAL,NEUTRAL,NEUTRAL,NEUTRAL,NEUTRAL,NEUTRAL,DOWN,DOWN,DOWN,UP,UP,UP,DOWN,DOWN,DOWN,DOWN,DOWN,NEUTRAL,NEUTRAL,UP,bad
60,1min,1765181811,25934.9,25930.45,25936.15,25928.55,25932.33,25932.7,1.78,1.3,25927.28,25934.88,25924.12,25939.32,-0.02,7.6,-4.45,0.0,0.0,0.0,NEUTRAL,NEUTRAL,NEUTRAL,NEUTRAL,NEUTRAL,NEUTRAL,NEUTRAL,NEUTRAL,NEUTRAL,NEUTRAL,NEUTRAL,NEUTRAL,NEUTRAL,NEUTRAL,NEUTRAL,NEUTRAL,NEUTRAL,NEUTRAL,NEUTRAL,NEUTRAL,NEUTRAL,UP,UP,UP,UP,UP,UP,DOWN,NEUTRAL,NEUTRAL,NEUTRAL,UP,NEUTRAL,NEUTRAL,UP,NEUTRAL,NEUTRAL,NEUTRAL,NEUTRAL,NEUTRAL,NEUTRAL,NEUTRAL,NEUTRAL,NEUTRAL,NEUTRAL,NEUTRAL,DOWN,DOWN,DOWN,DOWN,DOWN,DOWN,DOWN,UP,DOWN,DOWN,DOWN,NEUTRAL,NEUTRAL,DOWN,good
60,1min,1765181871,25929.95,25938.1,25938.25,25926.65,25932.66,25932.12,3.52,3.0,25930.42,25942.02,25922.73,25945.93,0.03,11.6,8.15,0.0,0.0,0.0,DOWN,NEUTRAL,NEUTRAL,NEUTRAL,NEUTRAL,NEUTRAL,NEUTRAL,NEUTRAL,NEUTRAL,NEUTRAL,NEUTRAL,NEUTRAL,NEUTRAL,NEUTRAL,NEUTRAL,NEUTRAL,NEUTRAL,NEUTRAL,NEUTRAL,NEUTRAL,NEUTRAL,UP,UP,UP,UP,UP,UP,DOWN,UP,NEUTRAL,NEUTRAL,UP,UP,UP,UP,UP,NEUTRAL,NEUTRAL,NEUTRAL,NEUTRAL,NEUTRAL,NEUTRAL,NEUTRAL,NEUTRAL,NEUTRAL,NEUTRAL,UP,DOWN,DOWN,DOWN,DOWN,UP,UP,UP,DOWN,DOWN,DOWN,NEUTRAL,NEUTRAL,UP,bad
60,1min,1765181931,25938.25,25935.7,25940.25,25932.4,25937.12,25937.4,1.77,1.5,25931.98,25939.83,25928.27,25943.97,-0.01,7.85,-2.55,0.0,0.0,0.0,NEUTRAL,NEUTRAL,NEUTRAL,NEUTRAL,NEUTRAL,NEUTRAL,NEUTRAL,NEUTRAL,NEUTRAL,NEUTRAL,NEUTRAL,NEUTRAL,NEUTRAL,NEUTRAL,NEUTRAL,NEUTRAL,NEUTRAL,NEUTRAL,NEUTRAL,NEUTRAL,NEUTRAL,UP,UP,UP,UP,UP,UP,DOWN,NEUTRAL,NEUTRAL,NEUTRAL,UP,NEUTRAL,NEUTRAL,UP,NEUTRAL,NEUTRAL,NEUTRAL,NEUTRAL,NEUTRAL,NEUTRAL,NEUTRAL,NEUTRAL,NEUTRAL,NEUTRAL,NEUTRAL,DOWN,UP,DOWN,DOWN,UP,UP,DOWN,DOWN,UP,DOWN,DOWN,DOWN,NEUTRAL,UP,bad
60,1min,1765181991,25935.0,25935.25,25939.3,25933.4,25936.43,25936.55,1.06,0.65,25932.67,25938.57,25930.08,25941.88,0.0,5.9,0.25,0.0,0.0,0.0,NEUTRAL,NEUTRAL,NEUTRAL,NEUTRAL,NEUTRAL,NEUTRAL,NEUTRAL,NEUTRAL,NEUTRAL,NEUTRAL,NEUTRAL,NEUTRAL,NEUTRAL,NEUTRAL,NEUTRAL,NEUTRAL,NEUTRAL,NEUTRAL,NEUTRAL,NEUTRAL,NEUTRAL,DOWN,UP,UP,UP,UP,UP,UP,NEUTRAL,NEUTRAL,NEUTRAL,NEUTRAL,NEUTRAL,NEUTRAL,UP,NEUTRAL,NEUTRAL,UP,NEUTRAL,NEUTRAL,NEUTRAL,NEUTRAL,NEUTRAL,NEUTRAL,NEUTRAL,NEUTRAL,UP,DOWN,UP,DOWN,UP,UP,DOWN,UP,DOWN,DOWN,DOWN,DOWN,DOWN,UP,bad
60,1min,1765182051,25935.2,25935.95,25937.25,25932.0,25935.03,25935.32,1.11,0.8,25932.88,25938.13,25929.82,25940.32,0.0,5.25,0.75,0.0,0.0,0.0,NEUTRAL,NEUTRAL,NEUTRAL,NEUTRAL,NEUTRAL,NEUTRAL,NEUTRAL,NEUTRAL,NEUTRAL,NEUTRAL,NEUTRAL,NEUTRAL,NEUTRAL,NEUTRAL,NEUTRAL,NEUTRAL,NEUTRAL,NEUTRAL,NEUTRAL,NEUTRAL,NEUTRAL,DOWN,UP,UP,UP,UP,UP,UP,NEUTRAL,NEUTRAL,NEUTRAL,NEUTRAL,NEUTRAL,NEUTRAL,UP,NEUTRAL,NEUTRAL,UP,NEUTRAL,NEUTRAL,NEUTRAL,NEUTRAL,NEUTRAL,NEUTRAL,NEUTRAL,NEUTRAL,UP,DOWN,DOWN,UP,UP,UP,DOWN,UP,DOWN,DOWN,DOWN,DOWN,DOWN,UP,bad
60,1min,1765182111,25936.4,25932.0,25938.2,25928.55,25932.12,25931.7,2.27,1.1,25927.63,25937.28,25923.27,25942.57,-0.02,9.65,-4.4,0.0,0.0,0.0,NEUTRAL,NEUTRAL,NEUTRAL,NEUTRAL,NEUTRAL,NEUTRAL,NEUTRAL,NEUTRAL,NEUTRAL,NEUTRAL,NEUTRAL,NEUTRAL,NEUTRAL,NEUTRAL,NEUTRAL,NEUTRAL,NEUTRAL,NEUTRAL,NEUTRAL,NEUTRAL,NEUTRAL,DOWN,UP,UP,UP,UP,UP,UP,DOWN,DOWN,NEUTRAL,NEUTRAL,NEUTRAL,NEUTRAL,NEUTRAL,NEUTRAL,NEUTRAL,NEUTRAL,NEUTRAL,NEUTRAL,NEUTRAL,NEUTRAL,NEUTRAL,NEUTRAL,NEUTRAL,NEUTRAL,UP,DOWN,UP,DOWN,UP,UP,DOWN,DOWN,DOWN,DOWN,DOWN,NEUTRAL,NEUTRAL,NEUTRAL,neutral
60,1min,1765182171,25931.35,25932.45,25935.75,25930.05,25932.48,25932.45,1.14,0.75,25929.75,25935.45,25927.05,25938.45,0.0,5.7,1.1,0.0,0.0,0.0,NEUTRAL,NEUTRAL,NEUTRAL,NEUTRAL,NEUTRAL,NEUTRAL,NEUTRAL,NEUTRAL,NEUTRAL,NEUTRAL,NEUTRAL,NEUTRAL,NEUTRAL,NEUTRAL,NEUTRAL,NEUTRAL,NEUTRAL,NEUTRAL,NEUTRAL,NEUTRAL,NEUTRAL,DOWN,UP,UP,UP,UP,UP,UP,DOWN,NEUTRAL,NEUTRAL,NEUTRAL,NEUTRAL,NEUTRAL,NEUTRAL,NEUTRAL,NEUTRAL,NEUTRAL,NEUTRAL,NEUTRAL,NEUTRAL,NEUTRAL,NEUTRAL,NEUTRAL,NEUTRAL,NEUTRAL,UP,UP,DOWN,DOWN,UP,UP,UP,DOWN,DOWN,DOWN,DOWN,NEUTRAL,NEUTRAL,UP,bad
60,1min,1765182231,25932.65,25934.05,25934.3,25928.4,25931.58,25932.15,1.72,1.45,25930.2,25936.1,25926.35,25938.15,0.01,5.9,1.4,0.0,0.0,0.0,NEUTRAL,NEUTRAL,NEUTRAL,NEUTRAL,NEUTRAL,NEUTRAL,NEUTRAL,NEUTRAL,NEUTRAL,NEUTRAL,NEUTRAL,NEUTRAL,NEUTRAL,NEUTRAL,NEUTRAL,NEUTRAL,NEUTRAL,NEUTRAL,NEUTRAL,NEUTRAL,NEUTRAL,DOWN,DOWN,UP,UP,UP,UP,UP,NEUTRAL,NEUTRAL,NEUTRAL,NEUTRAL,NEUTRAL,NEUTRAL,NEUTRAL,NEUTRAL,NEUTRAL,NEUTRAL,NEUTRAL,NEUTRAL,NEUTRAL,NEUTRAL,NEUTRAL,NEUTRAL,NEUTRAL,NEUTRAL,DOWN,DOWN,DOWN,DOWN,DOWN,DOWN,DOWN,DOWN,UP,DOWN,DOWN,NEUTRAL,NEUTRAL,DOWN,good
60,1min,1765182291,25933.4,25927.9,25934.85,25925.2,25929.09,25928.57,2.54,1.47,25923.78,25933.43,25919.67,25938.97,-0.02,9.65,-5.5,0.0,0.0,0.0,NEUTRAL,NEUTRAL,NEUTRAL,NEUTRAL,NEUTRAL,NEUTRAL,NEUTRAL,NEUTRAL,NEUTRAL,NEUTRAL,NEUTRAL,NEUTRAL,NEUTRAL,NEUTRAL,NEUTRAL,NEUTRAL,NEUTRAL,NEUTRAL,NEUTRAL,NEUTRAL,NEUTRAL,DOWN,DOWN,UP,UP,UP,UP,UP,DOWN,DOWN,NEUTRAL,DOWN,DOWN,NEUTRAL,NEUTRAL,NEUTRAL,NEUTRAL,NEUTRAL,NEUTRAL,NEUTRAL,NEUTRAL,NEUTRAL,NEUTRAL,NEUTRAL,NEUTRAL,NEUTRAL,DOWN,DOWN,DOWN,DOWN,DOWN,DOWN,UP,UP,UP,DOWN,DOWN,NEUTRAL,NEUTRAL,DOWN,good
60,1min,1765182351,25927.4,25920.1,25927.95,25916.0,25920.9,25920.0,3.28,2.15,25914.75,25926.7,25909.4,25933.3,-0.03,11.95,-7.3,0.0,0.0,0.0,UP,NEUTRAL,NEUTRAL,NEUTRAL,NEUTRAL,NEUTRAL,NEUTRAL,NEUTRAL,NEUTRAL,NEUTRAL,NEUTRAL,NEUTRAL,NEUTRAL,NEUTRAL,NEUTRAL,NEUTRAL,NEUTRAL,NEUTRAL,NEUTRAL,NEUTRAL,NEUTRAL,DOWN,DOWN,UP,UP,UP,UP,UP,DOWN,DOWN,NEUTRAL,DOWN,DOWN,DOWN,DOWN,DOWN,NEUTRAL,DOWN,NEUTRAL,NEUTRAL,NEUTRAL,NEUTRAL,NEUTRAL,NEUTRAL,NEUTRAL,NEUTRAL,DOWN,UP,UP,DOWN,DOWN,UP,UP,DOWN,DOWN,DOWN,DOWN,NEUTRAL,NEUTRAL,DOWN,good
60,1min,1765182411,25919.5,25923.55,25925.05,25915.7,25922.15,25923.1,2.49,1.2,25917.82,25927.17,25912.08,25930.78,0.02,9.35,4.05,0.0,0.0,0.0,NEUTRAL,NEUTRAL,NEUTRAL,NEUTRAL,NEUTRAL,NEUTRAL,NEUTRAL,NEUTRAL,NEUTRAL,NEUTRAL,NEUTRAL,NEUTRAL,NEUTRAL,NEUTRAL,NEUTRAL,NEUTRAL,NEUTRAL,NEUTRAL,NEUTRAL,NEUTRAL,NEUTRAL,DOWN,DOWN,UP,UP,UP,UP,UP,NEUTRAL,NEUTRAL,NEUTRAL,DOWN,NEUTRAL,NEUTRAL,DOWN,NEUTRAL,NEUTRAL,NEUTRAL,NEUTRAL,NEUTRAL,NEUTRAL,NEUTRAL,NEUTRAL,NEUTRAL,NEUTRAL,NEUTRAL,UP,DOWN,DOWN,UP,DOWN,UP,UP,DOWN,UP,DOWN,DOWN,NEUTRAL,NEUTRAL,NEUTRAL,neutral
60,1min,1765182471,25922.75,25931.35,25931.55,25920.15,25924.62,25924.12,2.86,1.72,25923.82,25935.22,25916.28,25939.08,0.03,11.4,8.6,0.0,0.0,0.0,NEUTRAL,NEUTRAL,NEUTRAL,NEUTRAL,NEUTRAL,NEUTRAL,NEUTRAL,NEUTRAL,NEUTRAL,NEUTRAL,NEUTRAL,NEUTRAL,NEUTRAL,NEUTRAL,NEUTRAL,NEUTRAL,NEUTRAL,NEUTRAL,NEUTRAL,NEUTRAL,NEUTRAL,UP,DOWN,UP,UP,UP,UP,UP,NEUTRAL,NEUTRAL,NEUTRAL,NEUTRAL,NEUTRAL,NEUTRAL,NEUTRAL,NEUTRAL,NEUTRAL,NEUTRAL,NEUTRAL,NEUTRAL,NEUTRAL,NEUTRAL,NEUTRAL,NEUTRAL,NEUTRAL,NEUTRAL,DOWN,UP,DOWN,DOWN,UP,UP,UP,DOWN,UP,DOWN,DOWN,NEUTRAL,NEUTRAL,UP,bad
60,1min,1765182531,25932.5,25930.1,25934.4,25928.25,25932.01,25932.25,1.22,0.55,25927.43,25933.58,25924.77,25937.07,-0.01,6.15,-2.4,0.0,0.0,0.0,NEUTRAL,NEUTRAL,NEUTRAL,NEUTRAL,NEUTRAL,NEUTRAL,NEUTRAL,NEUTRAL,NEUTRAL,NEUTRAL,NEUTRAL,NEUTRAL,NEUTRAL,NEUTRAL,NEUTRAL,NEUTRAL,NEUTRAL,NEUTRAL,NEUTRAL,NEUTRAL,NEUTRAL,UP,DOWN,UP,UP,UP,UP,UP,NEUTRAL,NEUTRAL,NEUTRAL,NEUTRAL,NEUTRAL,NEUTRAL,NEUTRAL,NEUTRAL,NEUTRAL,NEUTRAL,NEUTRAL,NEUTRAL,NEUTRAL,NEUTRAL,NEUTRAL,NEUTRAL,NEUTRAL,NEUTRAL,UP,UP,DOWN,UP,DOWN,UP,UP,DOWN,DOWN,DOWN,DOWN,NEUTRAL,NEUTRAL,UP,bad
60,1min,1765182591,25929.55,25925.1,25930.4,25919.75,25924.1,25923.55,3.14,1.65,25919.77,25930.42,25914.43,25935.73,-0.02,10.65,-4.45,0.0,0.0,0.0,NEUTRAL,NEUTRAL,NEUTRAL,NEUTRAL,NEUTRAL,NEUTRAL,NEUTRAL,NEUTRAL,NEUTRAL,NEUTRAL,NEUTRAL,NEUTRAL,NEUTRAL,NEUTRAL,NEUTRAL,NEUTRAL,NEUTRAL,NEUTRAL,NEUTRAL,NEUTRAL,NEUTRAL,UP,DOWN,UP,UP,UP,UP,UP,NEUTRAL,NEUTRAL,NEUTRAL,NEUTRAL,NEUTRAL,NEUTRAL,DOWN,NEUTRAL,NEUTRAL,NEUTRAL,NEUTRAL,NEUTRAL,NEUTRAL,NEUTRAL,NEUTRAL,NEUTRAL,NEUTRAL,NEUTRAL,DOWN,UP,UP,DOWN,DOWN,UP,UP,UP,DOWN,DOWN,DOWN,NEUTRAL,NEUTRAL,UP,bad
60,1min,1765182651,25924.55,25921.05,25926.7,25917.45,25922.51,25922.55,2.45,2.3,25916.77,25926.02,25912.48,25930.98,-0.01,9.25,-3.5,0.0,0.0,0.0,NEUTRAL,NEUTRAL,NEUTRAL,NEUTRAL,NEUTRAL,NEUTRAL,NEUTRAL,NEUTRAL,NEUTRAL,NEUTRAL,NEUTRAL,NEUTRAL,NEUTRAL,NEUTRAL,NEUTRAL,NEUTRAL,NEUTRAL,NEUTRAL,NEUTRAL,NEUTRAL,NEUTRAL,DOWN,DOWN,DOWN,UP,UP,UP,UP,DOWN,NEUTRAL,NEUTRAL,DOWN,NEUTRAL,NEUTRAL,DOWN,DOWN,NEUTRAL,DOWN,NEUTRAL,NEUTRAL,DOWN,NEUTRAL,NEUTRAL,NEUTRAL,NEUTRAL,NEUTRAL,DOWN,UP,DOWN,DOWN,DOWN,DOWN,DOWN,DOWN,DOWN,DOWN,DOWN,NEUTRAL,NEUTRAL,DOWN,good
60,1min,1765182711,25921.25,25920.5,25923.2,25918.75,25920.84,25920.8,0.76,0.45,25918.43,25922.88,25916.37,25925.27,-0.0,4.45,-0.75,0.0,0.0,0.0,NEUTRAL,NEUTRAL,NEUTRAL,NEUTRAL,NEUTRAL,NEUTRAL,NEUTRAL,NEUTRAL,NEUTRAL,NEUTRAL,NEUTRAL,NEUTRAL,NEUTRAL,NEUTRAL,NEUTRAL,NEUTRAL,NEUTRAL,NEUTRAL,NEUTRAL,NEUTRAL,NEUTRAL,DOWN,DOWN,DOWN,DOWN,UP,UP,UP,DOWN,NEUTRAL,NEUTRAL,DOWN,NEUTRAL,NEUTRAL,DOWN,DOWN,NEUTRAL,DOWN,NEUTRAL,NEUTRAL,DOWN,NEUTRAL,NEUTRAL,NEUTRAL,NEUTRAL,NEUTRAL,UP,DOWN,DOWN,DOWN,DOWN,DOWN,DOWN,UP,UP,DOWN,DOWN,NEUTRAL,NEUTRAL,DOWN,good
60,1min,1765182771,25920.8,25914.55,25922.95,25908.45,25918.29,25920.75,4.39,1.05,25907.68,25922.18,25900.82,25929.82,-0.02,14.5,-6.25,0.0,0.0,0.0,UP,NEUTRAL,NEUTRAL,NEUTRAL,NEUTRAL,NEUTRAL,NEUTRAL,NEUTRAL,NEUTRAL,NEUTRAL,NEUTRAL,NEUTRAL,NEUTRAL,NEUTRAL,NEUTRAL,NEUTRAL,NEUTRAL,NEUTRAL,NEUTRAL,NEUTRAL,NEUTRAL,DOWN,DOWN,DOWN,DOWN,UP,UP,UP,DOWN,NEUTRAL,NEUTRAL,DOWN,DOWN,NEUTRAL,DOWN,DOWN,DOWN,DOWN,DOWN,DOWN,DOWN,DOWN,DOWN,DOWN,NEUTRAL,NEUTRAL,DOWN,DOWN,UP,UP,DOWN,DOWN,UP,UP,DOWN,DOWN,DOWN,NEUTRAL,NEUTRAL,DOWN,bad
60,1min,1765182831,25914.75,25922.7,25923.0,25911.65,25916.15,25914.95,3.14,1.9,25915.23,25926.58,25907.77,25930.47,0.03,11.35,7.95,0.0,0.0,0.0,NEUTRAL,NEUTRAL,NEUTRAL,NEUTRAL,NEUTRAL,NEUTRAL,NEUTRAL,NEUTRAL,NEUTRAL,NEUTRAL,NEUTRAL,NEUTRAL,NEUTRAL,NEUTRAL,NEUTRAL,NEUTRAL,NEUTRAL,NEUTRAL,NEUTRAL,NEUTRAL,NEUTRAL,UP,DOWN,DOWN,DOWN,UP,UP,UP,NEUTRAL,NEUTRAL,NEUTRAL,NEUTRAL,NEUTRAL,NEUTRAL,NEUTRAL,NEUTRAL,NEUTRAL,NEUTRAL,NEUTRAL,NEUTRAL,NEUTRAL,NEUTRAL,NEUTRAL,NEUTRAL,NEUTRAL,NEUTRAL,UP,DOWN,DOWN,DOWN,UP,DOWN,UP,UP,DOWN,DOWN,DOWN,NEUTRAL,NEUTRAL,DOWN,good
60,1min,1765182891,25921.85,25919.75,25923.3,25919.5,25921.44,25921.55,0.8,0.5,25918.4,25922.2,25917.05,25924.65,-0.01,3.8,-2.1,0.0,0.0,0.0,NEUTRAL,NEUTRAL,NEUTRAL,NEUTRAL,NEUTRAL,NEUTRAL,NEUTRAL,NEUTRAL,NEUTRAL,NEUTRAL,NEUTRAL,NEUTRAL,NEUTRAL,NEUTRAL,NEUTRAL,NEUTRAL,NEUTRAL,NEUTRAL,NEUTRAL,NEUTRAL,NEUTRAL,UP,DOWN,DOWN,DOWN,UP,UP,UP,NEUTRAL,NEUTRAL,NEUTRAL,NEUTRAL,NEUTRAL,NEUTRAL,DOWN,NEUTRAL,NEUTRAL,DOWN,NEUTRAL,NEUTRAL,DOWN,NEUTRAL,NEUTRAL,NEUTRAL,NEUTRAL,NEUTRAL,UP,UP,UP,DOWN,DOWN,UP,UP,UP,DOWN,DOWN,DOWN,NEUTRAL,NEUTRAL,DOWN,bad
60,1min,1765182951,25920.15,25919.35,25920.15,25916.2,25917.84,25917.75,0.8,0.55,25916.98,25920.93,25914.62,25922.52,-0.0,3.95,-0.8,0.0,0.0,0.0,NEUTRAL,NEUTRAL,NEUTRAL,NEUTRAL,NEUTRAL,NEUTRAL,NEUTRAL,NEUTRAL,NEUTRAL,NEUTRAL,NEUTRAL,NEUTRAL,NEUTRAL,NEUTRAL,NEUTRAL,NEUTRAL,NEUTRAL,NEUTRAL,NEUTRAL,NEUTRAL,NEUTRAL,DOWN,DOWN,DOWN,DOWN,UP,UP,UP,NEUTRAL,NEUTRAL,NEUTRAL,NEUTRAL,NEUTRAL,NEUTRAL,NEUTRAL,NEUTRAL,NEUTRAL,DOWN,NEUTRAL,NEUTRAL,DOWN,NEUTRAL,NEUTRAL,DOWN,NEUTRAL,NEUTRAL,DOWN,DOWN,UP,DOWN,UP,DOWN,UP,UP,DOWN,DOWN,DOWN,NEUTRAL,NEUTRAL,DOWN,bad
60,1min,1765183011,25919.0,25923.35,25927.05,25918.25,25922.75,25924.07,2.74,1.38,25918.72,25927.52,25914.08,25931.68,0.02,8.8,4.35,0.0,0.0,0.0,NEUTRAL,NEUTRAL,NEUTRAL,NEUTRAL,NEUTRAL,NEUTRAL,NEUTRAL,NEUTRAL,NEUTRAL,NEUTRAL,NEUTRAL,NEUTRAL,NEUTRAL,NEUTRAL,NEUTRAL,NEUTRAL,NEUTRAL,NEUTRAL,NEUTRAL,NEUTRAL,NEUTRAL,UP,UP,DOWN,DOWN,UP,UP,UP,UP,NEUTRAL,NEUTRAL,NEUTRAL,NEUTRAL,NEUTRAL,NEUTRAL,NEUTRAL,NEUTRAL,NEUTRAL,NEUTRAL,NEUTRAL,NEUTRAL,NEUTRAL,NEUTRAL,NEUTRAL,NEUTRAL,NEUTRAL,DOWN,UP,UP,UP,DOWN,DOWN,UP,UP,UP,DOWN,DOWN,NEUTRAL,NEUTRAL,UP,good
60,1min,1765183071,25923.85,25920.0,25925.75,25918.3,25921.14,25921.0,1.83,1.55,25916.95,25924.4,25913.9,25928.8,-0.01,7.45,-3.85,0.0,0.0,0.0,NEUTRAL,NEUTRAL,NEUTRAL,NEUTRAL,NEUTRAL,NEUTRAL,NEUTRAL,NEUTRAL,NEUTRAL,NEUTRAL,NEUTRAL,NEUTRAL,NEUTRAL,NEUTRAL,NEUTRAL,NEUTRAL,NEUTRAL,NEUTRAL,NEUTRAL,NEUTRAL,NEUTRAL,UP,UP,DOWN,DOWN,UP,UP,UP,NEUTRAL,NEUTRAL,NEUTRAL,NEUTRAL,NEUTRAL,NEUTRAL,NEUTRAL,NEUTRAL,NEUTRAL,NEUTRAL,NEUTRAL,NEUTRAL,DOWN,NEUTRAL,NEUTRAL,DOWN,NEUTRAL,NEUTRAL,UP,DOWN,UP,DOWN,DOWN,DOWN,DOWN,DOWN,DOWN,DOWN,DOWN,NEUTRAL,NEUTRAL,DOWN,good
60,1min,1765183131,25918.8,25924.9,25924.9,25916.65,25919.66,25919.28,1.65,1.17,25919.4,25927.65,25913.9,25930.4,0.02,8.25,6.1,0.0,0.0,0.0,NEUTRAL,NEUTRAL,NEUTRAL,NEUTRAL,NEUTRAL,NEUTRAL,NEUTRAL,NEUTRAL,NEUTRAL,NEUTRAL,NEUTRAL,NEUTRAL,NEUTRAL,NEUTRAL,NEUTRAL,NEUTRAL,NEUTRAL,NEUTRAL,NEUTRAL,NEUTRAL,NEUTRAL,UP,UP,DOWN,DOWN,UP,UP,UP,UP,UP,NEUTRAL,UP,NEUTRAL,NEUTRAL,NEUTRAL,NEUTRAL,NEUTRAL,NEUTRAL,NEUTRAL,NEUTRAL,NEUTRAL,NEUTRAL,NEUTRAL,NEUTRAL,NEUTRAL,NEUTRAL,UP,DOWN,DOWN,DOWN,DOWN,DOWN,DOWN,DOWN,UP,DOWN,DOWN,NEUTRAL,NEUTRAL,DOWN,good
60,1min,1765183191,25922.85,25936.45,25936.45,25922.85,25930.46,25930.68,3.32,2.62,25927.38,25940.98,25918.32,25945.52,0.05,13.6,13.6,0.0,0.0,0.0,DOWN,NEUTRAL,NEUTRAL,NEUTRAL,NEUTRAL,NEUTRAL,NEUTRAL,NEUTRAL,NEUTRAL,NEUTRAL,NEUTRAL,NEUTRAL,NEUTRAL,NEUTRAL,NEUTRAL,NEUTRAL,NEUTRAL,NEUTRAL,NEUTRAL,NEUTRAL,NEUTRAL,UP,UP,UP,UP,UP,UP,UP,UP,UP,NEUTRAL,UP,UP,UP,UP,UP,UP,UP,UP,NEUTRAL,UP,NEUTRAL,NEUTRAL,UP,NEUTRAL,NEUTRAL,DOWN,UP,DOWN,UP,UP,DOWN,DOWN,UP,UP,DOWN,DOWN,NEUTRAL,NEUTRAL,UP,bad
60,1min,1765183251,25936.35,25934.1,25937.0,25928.8,25932.31,25931.85,1.96,1.05,25929.6,25937.8,25925.1,25941.5,-0.01,8.2,-2.25,0.0,0.0,0.0,NEUTRAL,NEUTRAL,NEUTRAL,NEUTRAL,NEUTRAL,NEUTRAL,NEUTRAL,NEUTRAL,NEUTRAL,NEUTRAL,NEUTRAL,NEUTRAL,NEUTRAL,NEUTRAL,NEUTRAL,NEUTRAL,NEUTRAL,NEUTRAL,NEUTRAL,NEUTRAL,NEUTRAL,UP,UP,UP,UP,UP,UP,UP,NEUTRAL,NEUTRAL,NEUTRAL,UP,UP,NEUTRAL,UP,UP,NEUTRAL,UP,NEUTRAL,NEUTRAL,NEUTRAL,NEUTRAL,NEUTRAL,UP,NEUTRAL,NEUTRAL,DOWN,DOWN,DOWN,DOWN,DOWN,UP,DOWN,UP,UP,DOWN,DOWN,NEUTRAL,NEUTRAL,UP,bad
60,1min,1765183311,25933.5,25935.35,25943.2,25930.15,25936.88,25936.0,3.17,2.5,25929.27,25942.32,25923.18,25949.28,0.01,13.05,1.85,0.0,0.0,0.0,DOWN,NEUTRAL,NEUTRAL,NEUTRAL,NEUTRAL,NEUTRAL,NEUTRAL,NEUTRAL,NEUTRAL,NEUTRAL,NEUTRAL,NEUTRAL,NEUTRAL,NEUTRAL,NEUTRAL,NEUTRAL,NEUTRAL,NEUTRAL,NEUTRAL,NEUTRAL,NEUTRAL,UP,UP,UP,UP,UP,UP,UP,NEUTRAL,NEUTRAL,NEUTRAL,UP,NEUTRAL,NEUTRAL,UP,UP,NEUTRAL,UP,UP,NEUTRAL,UP,NEUTRAL,NEUTRAL,UP,NEUTRAL,NEUTRAL,DOWN,UP,UP,UP,DOWN,DOWN,UP,UP,UP,UP,DOWN,NEUTRAL,NEUTRAL,UP,bad
60,1min,1765183371,25934.95,25926.45,25937.4,25923.3,25931.05,25932.25,3.82,2.8,25920.7,25934.8,25914.95,25943.15,-0.03,14.1,-8.5,0.0,0.0,0.0,NEUTRAL,NEUTRAL,NEUTRAL,NEUTRAL,NEUTRAL,NEUTRAL,NEUTRAL,NEUTRAL,NEUTRAL,NEUTRAL,NEUTRAL,NEUTRAL,NEUTRAL,NEUTRAL,NEUTRAL,NEUTRAL,NEUTRAL,NEUTRAL,NEUTRAL,NEUTRAL,NEUTRAL,DOWN,UP,UP,UP,UP,UP,UP,DOWN,NEUTRAL,NEUTRAL,NEUTRAL,NEUTRAL,NEUTRAL,NEUTRAL,NEUTRAL,NEUTRAL,NEUTRAL,NEUTRAL,NEUTRAL,NEUTRAL,NEUTRAL,NEUTRAL,NEUTRAL,NEUTRAL,NEUTRAL,DOWN,UP,DOWN,UP,DOWN,UP,DOWN,UP,UP,DOWN,DOWN,NEUTRAL,NEUTRAL,UP,good
60,1min,1765183431,25926.85,25915.0,25927.75,25914.35,25919.8,25917.45,4.09,2.45,25910.32,25923.72,25905.63,25932.43,-0.05,13.4,-11.85,0.0,0.0,0.0,UP,NEUTRAL,NEUTRAL,NEUTRAL,NEUTRAL,NEUTRAL,NEUTRAL,NEUTRAL,NEUTRAL,NEUTRAL,NEUTRAL,NEUTRAL,NEUTRAL,NEUTRAL,NEUTRAL,NEUTRAL,NEUTRAL,NEUTRAL,NEUTRAL,NEUTRAL,NEUTRAL,DOWN,DOWN,UP,DOWN,UP,UP,UP,DOWN,DOWN,NEUTRAL,DOWN,NEUTRAL,NEUTRAL,DOWN,NEUTRAL,NEUTRAL,DOWN,DOWN,NEUTRAL,DOWN,DOWN,NEUTRAL,DOWN,DOWN,NEUTRAL,DOWN,DOWN,UP,UP,UP,DOWN,DOWN,UP,UP,DOWN,DOWN,NEUTRAL,NEUTRAL,DOWN,good
60,1min,1765183491,25914.85,25912.5,25919.65,25910.8,25914.41,25914.35,1.66,0.85,25908.98,25917.83,25905.47,25923.17,-0.01,8.85,-2.35,0.0,0.0,0.0,UP,NEUTRAL,NEUTRAL,NEUTRAL,NEUTRAL,NEUTRAL,NEUTRAL,NEUTRAL,NEUTRAL,NEUTRAL,NEUTRAL,NEUTRAL,NEUTRAL,NEUTRAL,NEUTRAL,NEUTRAL,NEUTRAL,NEUTRAL,NEUTRAL,NEUTRAL,NEUTRAL,DOWN,DOWN,DOWN,DOWN,DOWN,UP,UP,DOWN,NEUTRAL,NEUTRAL,DOWN,DOWN,NEUTRAL,DOWN,NEUTRAL,NEUTRAL,DOWN,DOWN,NEUTRAL,DOWN,DOWN,NEUTRAL,DOWN,DOWN,NEUTRAL,UP,DOWN,DOWN,UP,DOWN,DOWN,DOWN,DOWN,DOWN,DOWN,DOWN,NEUTRAL,NEUTRAL,DOWN,good
60,1min,1765183551,25913.85,25905.8,25915.35,25904.85,25911.03,25911.8,2.43,0.95,25901.98,25912.48,25898.17,25919.17,-0.03,10.5,-8.05,0.0,0.0,0.0,UP,NEUTRAL,NEUTRAL,NEUTRAL,NEUTRAL,NEUTRAL,NEUTRAL,NEUTRAL,NEUTRAL,NEUTRAL,NEUTRAL,NEUTRAL,NEUTRAL,NEUTRAL,NEUTRAL,NEUTRAL,NEUTRAL,NEUTRAL,NEUTRAL,NEUTRAL,NEUTRAL,DOWN,DOWN,DOWN,DOWN,DOWN,UP,UP,DOWN,NEUTRAL,NEUTRAL,DOWN,DOWN,NEUTRAL,DOWN,DOWN,NEUTRAL,DOWN,DOWN,DOWN,DOWN,DOWN,DOWN,DOWN,DOWN,DOWN,DOWN,UP,DOWN,DOWN,DOWN,DOWN,DOWN,DOWN,DOWN,DOWN,DOWN,NEUTRAL,NEUTRAL,DOWN,good
60,1min,1765183611,25905.05,25896.2,25906.75,25892.4,25898.74,25896.45,4.77,3.05,25890.15,25904.5,25884.1,25912.8,-0.03,14.35,-8.85,0.0,0.0,0.0,UP,UP,NEUTRAL,UP,NEUTRAL,NEUTRAL,NEUTRAL,NEUTRAL,NEUTRAL,NEUTRAL,NEUTRAL,NEUTRAL,NEUTRAL,NEUTRAL,NEUTRAL,NEUTRAL,NEUTRAL,NEUTRAL,NEUTRAL,NEUTRAL,NEUTRAL,DOWN,DOWN,DOWN,DOWN,DOWN,DOWN,UP,DOWN,NEUTRAL,NEUTRAL,DOWN,DOWN,NEUTRAL,DOWN,DOWN,DOWN,DOWN,DOWN,DOWN,DOWN,DOWN,DOWN,DOWN,DOWN,DOWN,DOWN,UP,UP,DOWN,UP,UP,DOWN,DOWN,UP,DOWN,DOWN,UP,NEUTRAL,DOWN,bad
60,1min,1765183671,25896.3,25918.75,25919.15,25894.65,25905.81,25905.5,9.2,8.85,25902.55,25927.05,25886.35,25935.35,0.09,24.5,22.45,0.0,0.0,0.0,NEUTRAL,NEUTRAL,NEUTRAL,NEUTRAL,NEUTRAL,NEUTRAL,NEUTRAL,NEUTRAL,NEUTRAL,NEUTRAL,NEUTRAL,NEUTRAL,NEUTRAL,NEUTRAL,NEUTRAL,NEUTRAL,NEUTRAL,NEUTRAL,NEUTRAL,NEUTRAL,NEUTRAL,UP,DOWN,DOWN,DOWN,DOWN,DOWN,UP,UP,NEUTRAL,NEUTRAL,NEUTRAL,NEUTRAL,NEUTRAL,NEUTRAL,NEUTRAL,NEUTRAL,NEUTRAL,NEUTRAL,NEUTRAL,NEUTRAL,NEUTRAL,NEUTRAL,NEUTRAL,NEUTRAL,NEUTRAL,UP,DOWN,DOWN,DOWN,DOWN,DOWN,UP,DOWN,UP,DOWN,DOWN,NEUTRAL,NEUTRAL,DOWN,good
60,1min,1765183731,25918.55,25926.2,25927.4,25916.3,25921.47,25921.1,3.34,2.95,25919.2,25930.3,25912.2,25934.4,0.03,11.1,7.65,0.0,0.0,0.0,NEUTRAL,NEUTRAL,NEUTRAL,NEUTRAL,NEUTRAL,NEUTRAL,NEUTRAL,NEUTRAL,NEUTRAL,NEUTRAL,NEUTRAL,NEUTRAL,NEUTRAL,NEUTRAL,NEUTRAL,NEUTRAL,NEUTRAL,NEUTRAL,NEUTRAL,NEUTRAL,NEUTRAL,UP,UP,DOWN,DOWN,DOWN,UP,UP,UP,NEUTRAL,NEUTRAL,NEUTRAL,NEUTRAL,NEUTRAL,NEUTRAL,NEUTRAL,NEUTRAL,NEUTRAL,NEUTRAL,NEUTRAL,NEUTRAL,NEUTRAL,NEUTRAL,NEUTRAL,NEUTRAL,NEUTRAL,DOWN,DOWN,UP,UP,UP,DOWN,DOWN,UP,UP,DOWN,DOWN,NEUTRAL,NEUTRAL,UP,bad
60,1min,1765183791,25925.05,25922.55,25927.45,25920.1,25924.38,25924.9,1.88,1.1,25919.28,25926.63,25916.02,25930.72,-0.01,7.35,-2.5,0.0,0.0,0.0,NEUTRAL,NEUTRAL,NEUTRAL,NEUTRAL,NEUTRAL,NEUTRAL,NEUTRAL,NEUTRAL,NEUTRAL,NEUTRAL,NEUTRAL,NEUTRAL,NEUTRAL,NEUTRAL,NEUTRAL,NEUTRAL,NEUTRAL,NEUTRAL,NEUTRAL,NEUTRAL,NEUTRAL,UP,UP,UP,UP,DOWN,UP,UP,NEUTRAL,NEUTRAL,NEUTRAL,NEUTRAL,NEUTRAL,NEUTRAL,NEUTRAL,NEUTRAL,NEUTRAL,NEUTRAL,NEUTRAL,NEUTRAL,NEUTRAL,NEUTRAL,NEUTRAL,NEUTRAL,NEUTRAL,NEUTRAL,UP,DOWN,UP,DOWN,UP,DOWN,UP,DOWN,UP,DOWN,DOWN,NEUTRAL,NEUTRAL,UP,good
60,1min,1765183851,25921.7,25917.5,25922.65,25915.05,25918.59,25918.1,2.11,1.6,25914.15,25921.75,25910.8,25926.0,-0.02,7.6,-4.2,0.0,0.0,0.0,NEUTRAL,NEUTRAL,NEUTRAL,NEUTRAL,NEUTRAL,NEUTRAL,NEUTRAL,NEUTRAL,NEUTRAL,NEUTRAL,NEUTRAL,NEUTRAL,NEUTRAL,NEUTRAL,NEUTRAL,NEUTRAL,NEUTRAL,NEUTRAL,NEUTRAL,NEUTRAL,NEUTRAL,UP,UP,UP,UP,DOWN,UP,UP,NEUTRAL,NEUTRAL,NEUTRAL,NEUTRAL,NEUTRAL,NEUTRAL,NEUTRAL,NEUTRAL,NEUTRAL,NEUTRAL,NEUTRAL,NEUTRAL,NEUTRAL,NEUTRAL,NEUTRAL,NEUTRAL,NEUTRAL,NEUTRAL,UP,DOWN,DOWN,UP,UP,UP,DOWN,DOWN,UP,DOWN,DOWN,NEUTRAL,NEUTRAL,UP,good
60,1min,1765183911,25919.0,25928.55,25928.55,25917.1,25923.27,25923.05,3.31,3.25,25920.92,25932.37,25913.28,25936.18,0.04,11.45,9.55,0.0,0.0,0.0,NEUTRAL,NEUTRAL,NEUTRAL,NEUTRAL,NEUTRAL,NEUTRAL,NEUTRAL,NEUTRAL,NEUTRAL,NEUTRAL,NEUTRAL,NEUTRAL,NEUTRAL,NEUTRAL,NEUTRAL,NEUTRAL,NEUTRAL,NEUTRAL,NEUTRAL,NEUTRAL,NEUTRAL,UP,UP,UP,UP,UP,UP,UP,UP,NEUTRAL,NEUTRAL,UP,NEUTRAL,NEUTRAL,NEUTRAL,NEUTRAL,NEUTRAL,NEUTRAL,NEUTRAL,NEUTRAL,NEUTRAL,NEUTRAL,NEUTRAL,NEUTRAL,NEUTRAL,NEUTRAL,DOWN,DOWN,DOWN,DOWN,UP,DOWN,DOWN,DOWN,DOWN,DOWN,DOWN,NEUTRAL,NEUTRAL,NEUTRAL,neutral
60,1min,1765183971,25927.4,25930.9,25932.75,25925.25,25928.59,25928.1,2.0,1.42,25926.52,25934.02,25922.13,25937.13,0.01,7.5,3.5,0.0,0.0,0.0,NEUTRAL,NEUTRAL,NEUTRAL,NEUTRAL,NEUTRAL,NEUTRAL,NEUTRAL,NEUTRAL,NEUTRAL,NEUTRAL,NEUTRAL,NEUTRAL,NEUTRAL,NEUTRAL,NEUTRAL,NEUTRAL,NEUTRAL,NEUTRAL,NEUTRAL,NEUTRAL,NEUTRAL,UP,UP,UP,UP,UP,UP,UP,UP,NEUTRAL,NEUTRAL,UP,NEUTRAL,NEUTRAL,NEUTRAL,NEUTRAL,NEUTRAL,NEUTRAL,NEUTRAL,NEUTRAL,UP,NEUTRAL,NEUTRAL,NEUTRAL,NEUTRAL,NEUTRAL,UP,UP,UP,DOWN,DOWN,DOWN,DOWN,DOWN,DOWN,NEUTRAL,DOWN,NEUTRAL,NEUTRAL,UP,bad
60,1min,1765184031,25927.7,25931.2,25932.15,25925.8,25929.6,25929.7,1.48,1.15,25927.28,25933.63,25923.37,25936.07,0.01,6.35,3.5,0.0,0.0,0.0,NEUTRAL,NEUTRAL,NEUTRAL,NEUTRAL,NEUTRAL,NEUTRAL,NEUTRAL,NEUTRAL,NEUTRAL,NEUTRAL,NEUTRAL,NEUTRAL,NEUTRAL,NEUTRAL,NEUTRAL,NEUTRAL,NEUTRAL,NEUTRAL,NEUTRAL,NEUTRAL,NEUTRAL,UP,UP,UP,UP,UP,UP,UP,NEUTRAL,NEUTRAL,NEUTRAL,UP,NEUTRAL,NEUTRAL,NEUTRAL,NEUTRAL,NEUTRAL,NEUTRAL,NEUTRAL,NEUTRAL,UP,NEUTRAL,NEUTRAL,UP,NEUTRAL,NEUTRAL,DOWN,DOWN,UP,UP,DOWN,UP,UP,DOWN,DOWN,NEUTRAL,DOWN,NEUTRAL,NEUTRAL,UP,bad
60,1min,1765184091,25930.9,25926.75,25933.25,25926.75,25930.1,25930.18,1.3,0.8,25924.58,25931.08,25922.42,25935.42,-0.02,6.5,-4.15,0.0,0.0,0.0,NEUTRAL,NEUTRAL,NEUTRAL,NEUTRAL,NEUTRAL,NEUTRAL,NEUTRAL,NEUTRAL,NEUTRAL,NEUTRAL,NEUTRAL,NEUTRAL,NEUTRAL,NEUTRAL,NEUTRAL,NEUTRAL,NEUTRAL,NEUTRAL,NEUTRAL,NEUTRAL,NEUTRAL,DOWN,UP,UP,UP,UP,UP,UP,NEUTRAL,NEUTRAL,NEUTRAL,NEUTRAL,NEUTRAL,NEUTRAL,NEUTRAL,NEUTRAL,NEUTRAL,NEUTRAL,NEUTRAL,NEUTRAL,NEUTRAL,NEUTRAL,NEUTRAL,NEUTRAL,NEUTRAL,NEUTRAL,DOWN,DOWN,DOWN,DOWN,DOWN,DOWN,DOWN,UP,DOWN,NEUTRAL,DOWN,NEUTRAL,NEUTRAL,DOWN,good
60,1min,1765184151,25926.15,25924.0,25926.9,25917.9,25921.79,25922.4,2.27,1.75,25918.97,25927.97,25913.93,25931.93,-0.01,9.0,-2.15,0.0,0.0,0.0,NEUTRAL,NEUTRAL,NEUTRAL,NEUTRAL,NEUTRAL,NEUTRAL,NEUTRAL,NEUTRAL,NEUTRAL,NEUTRAL,NEUTRAL,NEUTRAL,NEUTRAL,NEUTRAL,NEUTRAL,NEUTRAL,NEUTRAL,NEUTRAL,NEUTRAL,NEUTRAL,NEUTRAL,DOWN,UP,UP,UP,UP,UP,UP,DOWN,DOWN,NEUTRAL,NEUTRAL,NEUTRAL,NEUTRAL,NEUTRAL,NEUTRAL,NEUTRAL,NEUTRAL,NEUTRAL,NEUTRAL,NEUTRAL,NEUTRAL,NEUTRAL,NEUTRAL,NEUTRAL,NEUTRAL,DOWN,UP,DOWN,UP,UP,UP,DOWN,DOWN,UP,NEUTRAL,DOWN,NEUTRAL,NEUTRAL,UP,bad
60,1min,1765184211,25923.2,25920.85,25923.7,25919.65,25921.37,25921.07,1.01,0.62,25919.1,25923.15,25917.35,25925.45,-0.01,4.05,-2.35,0.0,0.0,0.0,NEUTRAL,NEUTRAL,NEUTRAL,NEUTRAL,NEUTRAL,NEUTRAL,NEUTRAL,NEUTRAL,NEUTRAL,NEUTRAL,NEUTRAL,NEUTRAL,NEUTRAL,NEUTRAL,NEUTRAL,NEUTRAL,NEUTRAL,NEUTRAL,NEUTRAL,NEUTRAL,NEUTRAL,DOWN,DOWN,UP,UP,UP,DOWN,UP,DOWN,NEUTRAL,NEUTRAL,NEUTRAL,NEUTRAL,NEUTRAL,NEUTRAL,NEUTRAL,NEUTRAL,NEUTRAL,NEUTRAL,NEUTRAL,NEUTRAL,NEUTRAL,NEUTRAL,NEUTRAL,NEUTRAL,NEUTRAL,DOWN,DOWN,DOWN,UP,DOWN,UP,DOWN,UP,DOWN,NEUTRAL,DOWN,NEUTRAL,NEUTRAL,DOWN,good
60,1min,1765184271,25920.9,25923.85,25924.35,25917.65,25921.45,25921.78,1.92,1.48,25919.55,25926.25,25915.25,25928.65,0.01,6.7,2.95,0.0,0.0,0.0,NEUTRAL,NEUTRAL,NEUTRAL,NEUTRAL,NEUTRAL,NEUTRAL,NEUTRAL,NEUTRAL,NEUTRAL,NEUTRAL,NEUTRAL,NEUTRAL,NEUTRAL,NEUTRAL,NEUTRAL,NEUTRAL,NEUTRAL,NEUTRAL,NEUTRAL,NEUTRAL,NEUTRAL,DOWN,DOWN,UP,UP,UP,UP,UP,NEUTRAL,NEUTRAL,NEUTRAL,NEUTRAL,NEUTRAL,NEUTRAL,NEUTRAL,NEUTRAL,NEUTRAL,NEUTRAL,NEUTRAL,NEUTRAL,NEUTRAL,NEUTRAL,NEUTRAL,NEUTRAL,NEUTRAL,NEUTRAL,DOWN,UP,DOWN,DOWN,UP,UP,UP,DOWN,DOWN,NEUTRAL,DOWN,NEUTRAL,NEUTRAL,UP,bad
60,1min,1765184331,25924.65,25924.1,25929.0,25923.95,25926.44,25926.5,1.05,0.62,25922.37,25927.42,25920.63,25930.73,-0.0,5.05,-0.55,0.0,0.0,0.0,NEUTRAL,NEUTRAL,NEUTRAL,NEUTRAL,NEUTRAL,NEUTRAL,NEUTRAL,NEUTRAL,NEUTRAL,NEUTRAL,NEUTRAL,NEUTRAL,NEUTRAL,NEUTRAL,NEUTRAL,NEUTRAL,NEUTRAL,NEUTRAL,NEUTRAL,NEUTRAL,NEUTRAL,DOWN,DOWN,UP,UP,UP,UP,UP,NEUTRAL,NEUTRAL,NEUTRAL,NEUTRAL,NEUTRAL,NEUTRAL,NEUTRAL,NEUTRAL,NEUTRAL,NEUTRAL,NEUTRAL,NEUTRAL,NEUTRAL,NEUTRAL,NEUTRAL,NEUTRAL,NEUTRAL,NEUTRAL,UP,UP,DOWN,DOWN,DOWN,UP,DOWN,DOWN,DOWN,NEUTRAL,DOWN,NEUTRAL,NEUTRAL,DOWN,good
60,1min,1765184391,25923.95,25924.05,25926.35,25923.2,25924.83,25924.9,0.65,0.5,25922.72,25925.87,25921.38,25927.68,0.0,3.15,0.1,0.0,0.0,0.0,NEUTRAL,NEUTRAL,NEUTRAL,NEUTRAL,NEUTRAL,NEUTRAL,NEUTRAL,NEUTRAL,NEUTRAL,NEUTRAL,NEUTRAL,NEUTRAL,NEUTRAL,NEUTRAL,NEUTRAL,NEUTRAL,NEUTRAL,NEUTRAL,NEUTRAL,NEUTRAL,NEUTRAL,DOWN,DOWN,UP,UP,UP,DOWN,UP,NEUTRAL,NEUTRAL,NEUTRAL,NEUTRAL,NEUTRAL,NEUTRAL,NEUTRAL,NEUTRAL,NEUTRAL,NEUTRAL,NEUTRAL,NEUTRAL,NEUTRAL,NEUTRAL,NEUTRAL,NEUTRAL,NEUTRAL,NEUTRAL,UP,DOWN,UP,UP,DOWN,DOWN,DOWN,DOWN,DOWN,NEUTRAL,NEUTRAL,NEUTRAL,NEUTRAL,DOWN,good
60,1min,1765184451,25924.35,25920.05,25924.35,25919.0,25920.84,25920.65,1.08,0.6,25917.92,25923.27,25915.78,25926.48,-0.02,5.35,-4.3,0.0,0.0,0.0,NEUTRAL,NEUTRAL,NEUTRAL,NEUTRAL,NEUTRAL,NEUTRAL,NEUTRAL,NEUTRAL,NEUTRAL,NEUTRAL,NEUTRAL,NEUTRAL,NEUTRAL,NEUTRAL,NEUTRAL,NEUTRAL,NEUTRAL,NEUTRAL,NEUTRAL,NEUTRAL,NEUTRAL,DOWN,DOWN,UP,DOWN,UP,UP,UP,DOWN,NEUTRAL,NEUTRAL,DOWN,NEUTRAL,NEUTRAL,NEUTRAL,NEUTRAL,NEUTRAL,NEUTRAL,NEUTRAL,NEUTRAL,NEUTRAL,NEUTRAL,NEUTRAL,NEUTRAL,NEUTRAL,NEUTRAL,DOWN,UP,DOWN,UP,UP,DOWN,UP,UP,DOWN,NEUTRAL,NEUTRAL,NEUTRAL,NEUTRAL,NEUTRAL,neutral
60,1min,1765184511,25919.75,25915.85,25920.7,25914.85,25917.42,25917.05,1.45,0.95,25913.57,25919.42,25911.28,25922.98,-0.02,5.85,-3.9,0.0,0.0,0.0,UP,NEUTRAL,NEUTRAL,NEUTRAL,NEUTRAL,NEUTRAL,NEUTRAL,NEUTRAL,NEUTRAL,NEUTRAL,NEUTRAL,NEUTRAL,NEUTRAL,NEUTRAL,NEUTRAL,NEUTRAL,NEUTRAL,NEUTRAL,NEUTRAL,NEUTRAL,NEUTRAL,DOWN,DOWN,DOWN,DOWN,UP,DOWN,UP,DOWN,DOWN,NEUTRAL,DOWN,DOWN,NEUTRAL,DOWN,DOWN,NEUTRAL,NEUTRAL,NEUTRAL,NEUTRAL,NEUTRAL,NEUTRAL,NEUTRAL,NEUTRAL,NEUTRAL,NEUTRAL,DOWN,DOWN,DOWN,DOWN,DOWN,DOWN,DOWN,DOWN,UP,NEUTRAL,NEUTRAL,NEUTRAL,NEUTRAL,DOWN,good
60,1min,1765184571,25915.15,25920.15,25922.85,25914.4,25918.02,25917.85,2.51,2.3,25915.42,25923.87,25910.68,25927.58,0.02,8.45,5.0,0.0,0.0,0.0,NEUTRAL,NEUTRAL,NEUTRAL,NEUTRAL,NEUTRAL,NEUTRAL,NEUTRAL,NEUTRAL,NEUTRAL,NEUTRAL,NEUTRAL,NEUTRAL,NEUTRAL,NEUTRAL,NEUTRAL,NEUTRAL,NEUTRAL,NEUTRAL,NEUTRAL,NEUTRAL,NEUTRAL,UP,DOWN,DOWN,DOWN,UP,DOWN,UP,NEUTRAL,NEUTRAL,NEUTRAL,NEUTRAL,NEUTRAL,NEUTRAL,NEUTRAL,NEUTRAL,NEUTRAL,NEUTRAL,NEUTRAL,NEUTRAL,NEUTRAL,NEUTRAL,NEUTRAL,NEUTRAL,NEUTRAL,NEUTRAL,UP,DOWN,UP,DOWN,UP,UP,UP,DOWN,DOWN,NEUTRAL,NEUTRAL,NEUTRAL,NEUTRAL,NEUTRAL,neutral
60,1min,1765184631,25920.4,25918.8,25922.0,25916.25,25919.82,25920.05,1.17,0.8,25916.03,25921.78,25913.27,25924.77,-0.01,5.75,-1.6,0.0,0.0,0.0,NEUTRAL,NEUTRAL,NEUTRAL,NEUTRAL,NEUTRAL,NEUTRAL,NEUTRAL,NEUTRAL,NEUTRAL,NEUTRAL,NEUTRAL,NEUTRAL,NEUTRAL,NEUTRAL,NEUTRAL,NEUTRAL,NEUTRAL,NEUTRAL,NEUTRAL,NEUTRAL,NEUTRAL,UP,DOWN,DOWN,DOWN,DOWN,DOWN,UP,NEUTRAL,NEUTRAL,NEUTRAL,NEUTRAL,NEUTRAL,NEUTRAL,DOWN,NEUTRAL,NEUTRAL,NEUTRAL,NEUTRAL,NEUTRAL,NEUTRAL,NEUTRAL,NEUTRAL,NEUTRAL,NEUTRAL,NEUTRAL,UP,DOWN,DOWN,DOWN,UP,DOWN,UP,DOWN,UP,NEUTRAL,NEUTRAL,NEUTRAL,NEUTRAL,DOWN,good
60,1min,1765184691,25918.2,25912.5,25918.85,25911.15,25914.84,25914.6,1.84,1.55,25909.48,25917.18,25906.47,25921.87,-0.02,7.7,-5.7,0.0,0.0,0.0,UP,NEUTRAL,NEUTRAL,NEUTRAL,NEUTRAL,NEUTRAL,NEUTRAL,NEUTRAL,NEUTRAL,NEUTRAL,NEUTRAL,NEUTRAL,NEUTRAL,NEUTRAL,NEUTRAL,NEUTRAL,NEUTRAL,NEUTRAL,NEUTRAL,NEUTRAL,NEUTRAL,DOWN,DOWN,DOWN,DOWN,DOWN,DOWN,UP,DOWN,DOWN,NEUTRAL,DOWN,DOWN,DOWN,DOWN,DOWN,NEUTRAL,NEUTRAL,NEUTRAL,NEUTRAL,DOWN,NEUTRAL,NEUTRAL,DOWN,NEUTRAL,NEUTRAL,UP,DOWN,UP,DOWN,DOWN,UP,UP,UP,DOWN,NEUTRAL,NEUTRAL,NEUTRAL,NEUTRAL,DOWN,bad
60,1min,1765184751,25911.7,25911.65,25915.2,25908.35,25911.4,25911.45,1.21,0.9,25908.27,25915.12,25904.88,25918.58,-0.0,6.85,-0.05,0.0,0.0,0.0,UP,NEUTRAL,NEUTRAL,NEUTRAL,NEUTRAL,NEUTRAL,NEUTRAL,NEUTRAL,NEUTRAL,NEUTRAL,NEUTRAL,NEUTRAL,NEUTRAL,NEUTRAL,NEUTRAL,NEUTRAL,NEUTRAL,NEUTRAL,NEUTRAL,NEUTRAL,NEUTRAL,DOWN,DOWN,DOWN,DOWN,DOWN,DOWN,DOWN,DOWN,NEUTRAL,NEUTRAL,DOWN,DOWN,NEUTRAL,DOWN,DOWN,NEUTRAL,DOWN,NEUTRAL,NEUTRAL,DOWN,NEUTRAL,NEUTRAL,DOWN,NEUTRAL,NEUTRAL,DOWN,DOWN,UP,DOWN,DOWN,DOWN,UP,DOWN,DOWN,NEUTRAL,NEUTRAL,NEUTRAL,NEUTRAL,DOWN,bad
60,1min,1765184811,25910.25,25913.65,25916.45,25903.45,25910.68,25911.5,3.56,2.65,25905.92,25918.92,25898.18,25924.18,0.01,13.0,3.4,0.0,0.0,0.0,NEUTRAL,NEUTRAL,NEUTRAL,NEUTRAL,NEUTRAL,NEUTRAL,NEUTRAL,NEUTRAL,NEUTRAL,NEUTRAL,NEUTRAL,NEUTRAL,NEUTRAL,NEUTRAL,NEUTRAL,NEUTRAL,NEUTRAL,NEUTRAL,NEUTRAL,NEUTRAL,NEUTRAL,DOWN,DOWN,DOWN,DOWN,DOWN,DOWN,DOWN,NEUTRAL,NEUTRAL,NEUTRAL,DOWN,NEUTRAL,NEUTRAL,DOWN,NEUTRAL,NEUTRAL,DOWN,NEUTRAL,NEUTRAL,NEUTRAL,NEUTRAL,NEUTRAL,NEUTRAL,NEUTRAL,NEUTRAL,DOWN,UP,DOWN,UP,UP,DOWN,DOWN,DOWN,DOWN,NEUTRAL,NEUTRAL,NEUTRAL,NEUTRAL,DOWN,good
60,1min,1765184871,25913.85,25909.45,25916.4,25904.15,25909.6,25908.85,3.22,2.0,25903.6,25915.85,25897.75,25922.25,-0.02,12.25,-4.4,0.0,0.0,0.0,UP,NEUTRAL,NEUTRAL,NEUTRAL,NEUTRAL,NEUTRAL,NEUTRAL,NEUTRAL,NEUTRAL,NEUTRAL,NEUTRAL,NEUTRAL,NEUTRAL,NEUTRAL,NEUTRAL,NEUTRAL,NEUTRAL,NEUTRAL,NEUTRAL,NEUTRAL,NEUTRAL,DOWN,DOWN,DOWN,DOWN,DOWN,DOWN,DOWN,DOWN,NEUTRAL,NEUTRAL,DOWN,DOWN,NEUTRAL,DOWN,DOWN,NEUTRAL,DOWN,DOWN,NEUTRAL,DOWN,NEUTRAL,NEUTRAL,DOWN,NEUTRAL,NEUTRAL,DOWN,UP,UP,DOWN,UP,UP,DOWN,UP,UP,NEUTRAL,NEUTRAL,NEUTRAL,NEUTRAL,DOWN,bad
60,1min,1765184931,25910.95,25913.0,25916.7,25909.65,25913.9,25914.18,1.6,0.67,25909.53,25916.58,25906.07,25920.17,0.01,7.05,2.05,0.0,0.0,0.0,NEUTRAL,NEUTRAL,NEUTRAL,NEUTRAL,NEUTRAL,NEUTRAL,NEUTRAL,NEUTRAL,NEUTRAL,NEUTRAL,NEUTRAL,NEUTRAL,NEUTRAL,NEUTRAL,NEUTRAL,NEUTRAL,NEUTRAL,NEUTRAL,NEUTRAL,NEUTRAL,NEUTRAL,UP,DOWN,DOWN,DOWN,DOWN,DOWN,DOWN,NEUTRAL,NEUTRAL,NEUTRAL,NEUTRAL,NEUTRAL,NEUTRAL,DOWN,NEUTRAL,NEUTRAL,DOWN,NEUTRAL,NEUTRAL,NEUTRAL,NEUTRAL,NEUTRAL,NEUTRAL,NEUTRAL,NEUTRAL,UP,DOWN,DOWN,DOWN,DOWN,DOWN,DOWN,DOWN,DOWN,NEUTRAL,DOWN,NEUTRAL,NEUTRAL,DOWN,bad
60,1min,1765184991,25914.35,25915.75,25917.15,25909.8,25913.36,25913.7,2.06,1.8,25911.32,25918.67,25906.88,25921.58,0.01,7.35,1.4,0.0,0.0,0.0,NEUTRAL,NEUTRAL,NEUTRAL,NEUTRAL,NEUTRAL,NEUTRAL,NEUTRAL,NEUTRAL,NEUTRAL,NEUTRAL,NEUTRAL,NEUTRAL,NEUTRAL,NEUTRAL,NEUTRAL,NEUTRAL,NEUTRAL,NEUTRAL,NEUTRAL,NEUTRAL,NEUTRAL,UP,UP,DOWN,DOWN,DOWN,DOWN,DOWN,UP,NEUTRAL,NEUTRAL,NEUTRAL,NEUTRAL,NEUTRAL,NEUTRAL,NEUTRAL,NEUTRAL,NEUTRAL,NEUTRAL,NEUTRAL,NEUTRAL,NEUTRAL,NEUTRAL,NEUTRAL,NEUTRAL,NEUTRAL,UP,DOWN,DOWN,UP,DOWN,UP,UP,UP,DOWN,NEUTRAL,DOWN,NEUTRAL,NEUTRAL,DOWN,bad
60,1min,1765185051,25915.5,25920.25,25920.25,25914.7,25917.7,25917.82,1.22,0.7,25916.55,25922.1,25912.85,25923.95,0.02,5.55,4.75,0.0,0.0,0.0,NEUTRAL,NEUTRAL,NEUTRAL,NEUTRAL,NEUTRAL,NEUTRAL,NEUTRAL,NEUTRAL,NEUTRAL,NEUTRAL,NEUTRAL,NEUTRAL,NEUTRAL,NEUTRAL,NEUTRAL,NEUTRAL,NEUTRAL,NEUTRAL,NEUTRAL,NEUTRAL,NEUTRAL,UP,UP,DOWN,DOWN,DOWN,DOWN,DOWN,UP,UP,NEUTRAL,UP,NEUTRAL,NEUTRAL,NEUTRAL,NEUTRAL,NEUTRAL,NEUTRAL,NEUTRAL,NEUTRAL,NEUTRAL,NEUTRAL,NEUTRAL,NEUTRAL,NEUTRAL,NEUTRAL,DOWN,UP,DOWN,DOWN,DOWN,UP,DOWN,UP,DOWN,DOWN,DOWN,NEUTRAL,NEUTRAL,DOWN,bad
60,1min,1765185111,25919.7,25917.95,25921.4,25915.95,25918.05,25917.75,1.22,0.85,25915.47,25920.92,25912.98,25923.88,-0.01,5.45,-1.75,0.0,0.0,0.0,NEUTRAL,NEUTRAL,NEUTRAL,NEUTRAL,NEUTRAL,NEUTRAL,NEUTRAL,NEUTRAL,NEUTRAL,NEUTRAL,NEUTRAL,NEUTRAL,NEUTRAL,NEUTRAL,NEUTRAL,NEUTRAL,NEUTRAL,NEUTRAL,NEUTRAL,NEUTRAL,NEUTRAL,UP,UP,UP,DOWN,DOWN,DOWN,DOWN,NEUTRAL,NEUTRAL,NEUTRAL,NEUTRAL,NEUTRAL,NEUTRAL,NEUTRAL,NEUTRAL,NEUTRAL,NEUTRAL,NEUTRAL,NEUTRAL,NEUTRAL,NEUTRAL,NEUTRAL,NEUTRAL,NEUTRAL,NEUTRAL,DOWN,UP,DOWN,UP,DOWN,DOWN,UP,UP,UP,NEUTRAL,DOWN,NEUTRAL,NEUTRAL,DOWN,bad
60,1min,1765185171,25919.3,25914.5,25922.25,25912.4,25918.37,25918.82,2.26,1.48,25910.52,25920.37,25906.53,25926.23,-0.02,9.85,-4.8,0.0,0.0,0.0,NEUTRAL,NEUTRAL,NEUTRAL,NEUTRAL,NEUTRAL,NEUTRAL,NEUTRAL,NEUTRAL,NEUTRAL,NEUTRAL,NEUTRAL,NEUTRAL,NEUTRAL,NEUTRAL,NEUTRAL,NEUTRAL,NEUTRAL,NEUTRAL,NEUTRAL,NEUTRAL,NEUTRAL,DOWN,UP,UP,UP,DOWN,DOWN,DOWN,NEUTRAL,NEUTRAL,NEUTRAL,NEUTRAL,NEUTRAL,NEUTRAL,NEUTRAL,NEUTRAL,NEUTRAL,NEUTRAL,NEUTRAL,NEUTRAL,NEUTRAL,NEUTRAL,NEUTRAL,NEUTRAL,NEUTRAL,NEUTRAL,DOWN,UP,DOWN,UP,DOWN,DOWN,DOWN,UP,DOWN,DOWN,DOWN,NEUTRAL,NEUTRAL,DOWN,bad
60,1min,1765185231,25912.15,25927.65,25928.35,25910.95,25918.9,25919.0,4.76,4.0,25916.28,25933.68,25904.92,25939.72,0.06,17.4,15.5,0.0,0.0,0.0,DOWN,NEUTRAL,NEUTRAL,NEUTRAL,NEUTRAL,NEUTRAL,NEUTRAL,NEUTRAL,NEUTRAL,NEUTRAL,NEUTRAL,NEUTRAL,NEUTRAL,NEUTRAL,NEUTRAL,NEUTRAL,NEUTRAL,NEUTRAL,NEUTRAL,NEUTRAL,NEUTRAL,UP,UP,UP,UP,UP,UP,DOWN,UP,UP,NEUTRAL,UP,UP,UP,UP,UP,UP,UP,UP,NEUTRAL,UP,NEUTRAL,NEUTRAL,UP,NEUTRAL,NEUTRAL,UP,DOWN,UP,DOWN,UP,UP,DOWN,DOWN,DOWN,NEUTRAL,DOWN,NEUTRAL,NEUTRAL,UP,good
60,1min,1765185291,25927.5,25929.75,25930.35,25922.25,25926.33,25926.4,2.18,1.85,25924.55,25932.65,25919.35,25935.55,0.01,8.1,2.25,0.0,0.0,0.0,DOWN,NEUTRAL,NEUTRAL,NEUTRAL,NEUTRAL,NEUTRAL,NEUTRAL,NEUTRAL,NEUTRAL,NEUTRAL,NEUTRAL,NEUTRAL,NEUTRAL,NEUTRAL,NEUTRAL,NEUTRAL,NEUTRAL,NEUTRAL,NEUTRAL,NEUTRAL,NEUTRAL,UP,UP,UP,UP,UP,UP,UP,UP,NEUTRAL,NEUTRAL,UP,UP,NEUTRAL,UP,UP,UP,UP,UP,NEUTRAL,UP,NEUTRAL,NEUTRAL,UP,NEUTRAL,NEUTRAL,DOWN,DOWN,UP,UP,DOWN,UP,UP,DOWN,UP,NEUTRAL,NEUTRAL,NEUTRAL,NEUTRAL,UP,good
60,1min,1765185351,25928.95,25936.85,25938.35,25927.7,25933.47,25933.85,3.12,2.65,25930.25,25940.9,25923.65,25944.95,0.03,10.65,7.9,0.0,0.0,0.0,DOWN,DOWN,NEUTRAL,NEUTRAL,NEUTRAL,NEUTRAL,NEUTRAL,NEUTRAL,NEUTRAL,NEUTRAL,NEUTRAL,NEUTRAL,NEUTRAL,NEUTRAL,NEUTRAL,NEUTRAL,NEUTRAL,NEUTRAL,NEUTRAL,NEUTRAL,NEUTRAL,UP,UP,UP,UP,UP,UP,UP,UP,NEUTRAL,NEUTRAL,UP,UP,UP,UP,UP,UP,UP,UP,UP,UP,UP,UP,UP,UP,UP,DOWN,DOWN,DOWN,DOWN,DOWN,DOWN,DOWN,DOWN,DOWN,NEUTRAL,NEUTRAL,DOWN,NEUTRAL,UP,good
60,1min,1765185411,25936.45,25928.15,25937.15,25923.1,25929.76,25930.85,4.35,4.0,25921.78,25935.83,25915.42,25943.52,-0.03,14.05,-8.3,0.0,0.0,0.0,NEUTRAL,NEUTRAL,NEUTRAL,NEUTRAL,NEUTRAL,NEUTRAL,NEUTRAL,NEUTRAL,NEUTRAL,NEUTRAL,NEUTRAL,NEUTRAL,NEUTRAL,NEUTRAL,NEUTRAL,NEUTRAL,NEUTRAL,NEUTRAL,NEUTRAL,NEUTRAL,NEUTRAL,DOWN,UP,UP,UP,UP,UP,UP,NEUTRAL,NEUTRAL,NEUTRAL,NEUTRAL,NEUTRAL,NEUTRAL,UP,NEUTRAL,NEUTRAL,UP,NEUTRAL,NEUTRAL,NEUTRAL,NEUTRAL,NEUTRAL,UP,NEUTRAL,NEUTRAL,DOWN,UP,DOWN,DOWN,UP,DOWN,UP,UP,UP,NEUTRAL,NEUTRAL,NEUTRAL,NEUTRAL,UP,good
60,1min,1765185471,25928.45,25935.15,25936.1,25927.3,25932.52,25933.48,2.41,1.3,25929.6,25938.4,25924.05,25941.65,0.03,8.8,6.7,0.0,0.0,0.0,NEUTRAL,NEUTRAL,NEUTRAL,NEUTRAL,NEUTRAL,NEUTRAL,NEUTRAL,NEUTRAL,NEUTRAL,NEUTRAL,NEUTRAL,NEUTRAL,NEUTRAL,NEUTRAL,NEUTRAL,NEUTRAL,NEUTRAL,NEUTRAL,NEUTRAL,NEUTRAL,NEUTRAL,UP,UP,UP,UP,UP,UP,UP,NEUTRAL,NEUTRAL,NEUTRAL,UP,NEUTRAL,NEUTRAL,UP,UP,NEUTRAL,UP,UP,NEUTRAL,UP,UP,NEUTRAL,UP,UP,NEUTRAL,UP,UP,UP,DOWN,DOWN,DOWN,UP,DOWN,UP,NEUTRAL,NEUTRAL,NEUTRAL,NEUTRAL,UP,good
60,1min,1765185531,25934.55,25940.1,25941.2,25934.05,25938.81,25939.05,1.47,0.8,25935.7,25942.85,25931.3,25945.6,0.02,7.15,5.55,0.0,0.0,0.0,DOWN,NEUTRAL,NEUTRAL,NEUTRAL,NEUTRAL,NEUTRAL,NEUTRAL,NEUTRAL,NEUTRAL,NEUTRAL,NEUTRAL,NEUTRAL,NEUTRAL,NEUTRAL,NEUTRAL,NEUTRAL,NEUTRAL,NEUTRAL,NEUTRAL,NEUTRAL,NEUTRAL,UP,UP,UP,UP,UP,UP,UP,UP,NEUTRAL,NEUTRAL,UP,UP,NEUTRAL,UP,UP,NEUTRAL,UP,UP,UP,UP,UP,UP,UP,UP,UP,DOWN,DOWN,UP,DOWN,UP,DOWN,DOWN,UP,UP,NEUTRAL,NEUTRAL,NEUTRAL,NEUTRAL,UP,good
60,1min,1765185591,25939.9,25951.05,25953.35,25939.9,25947.44,25947.2,2.73,1.85,25942.85,25956.3,25934.65,25961.55,0.04,13.45,11.15,0.0,0.0,0.0,DOWN,DOWN,NEUTRAL,DOWN,NEUTRAL,NEUTRAL,NEUTRAL,NEUTRAL,NEUTRAL,NEUTRAL,NEUTRAL,NEUTRAL,NEUTRAL,NEUTRAL,NEUTRAL,NEUTRAL,NEUTRAL,NEUTRAL,NEUTRAL,NEUTRAL,NEUTRAL,UP,UP,UP,UP,UP,UP,UP,UP,UP,NEUTRAL,UP,UP,NEUTRAL,UP,UP,UP,UP,UP,UP,UP,UP,UP,UP,UP,UP,UP,DOWN,UP,DOWN,UP,DOWN,DOWN,DOWN,UP,NEUTRAL,NEUTRAL,NEUTRAL,NEUTRAL,UP,good
60,1min,1765185651,25952.85,25961.85,25963.15,25951.9,25958.08,25958.72,2.84,1.73,25954.78,25966.03,25947.72,25970.22,0.03,11.25,9.0,0.0,0.0,0.0,DOWN,DOWN,NEUTRAL,DOWN,NEUTRAL,NEUTRAL,DOWN,NEUTRAL,NEUTRAL,DOWN,NEUTRAL,NEUTRAL,NEUTRAL,NEUTRAL,NEUTRAL,NEUTRAL,NEUTRAL,NEUTRAL,NEUTRAL,NEUTRAL,NEUTRAL,UP,UP,UP,UP,UP,UP,UP,UP,UP,NEUTRAL,UP,UP,UP,UP,UP,UP,UP,UP,UP,UP,UP,UP,UP,UP,UP,UP,DOWN,DOWN,UP,DOWN,UP,UP,DOWN,DOWN,NEUTRAL,NEUTRAL,NEUTRAL,NEUTRAL,UP,bad
60,1min,1765185711,25961.45,25967.0,25968.3,25954.95,25961.82,25961.55,3.75,2.15,25958.53,25971.88,25950.07,25976.77,0.02,13.35,5.55,0.0,0.0,0.0,DOWN,DOWN,NEUTRAL,DOWN,NEUTRAL,NEUTRAL,DOWN,NEUTRAL,NEUTRAL,DOWN,NEUTRAL,NEUTRAL,NEUTRAL,NEUTRAL,NEUTRAL,NEUTRAL,NEUTRAL,NEUTRAL,NEUTRAL,NEUTRAL,NEUTRAL,UP,UP,UP,UP,UP,UP,UP,UP,NEUTRAL,NEUTRAL,UP,UP,NEUTRAL,UP,UP,UP,UP,UP,UP,UP,UP,UP,UP,UP,UP,UP,UP,DOWN,UP,UP,DOWN,UP,UP,DOWN,UP,NEUTRAL,NEUTRAL,NEUTRAL,UP,bad
60,1min,1765185771,25967.75,25967.4,25970.8,25962.9,25966.9,25967.1,1.88,1.55,25963.27,25971.17,25959.13,25974.93,-0.0,7.9,-0.35,0.0,0.0,0.0,DOWN,DOWN,NEUTRAL,DOWN,NEUTRAL,NEUTRAL,DOWN,NEUTRAL,NEUTRAL,DOWN,NEUTRAL,NEUTRAL,NEUTRAL,NEUTRAL,NEUTRAL,NEUTRAL,NEUTRAL,NEUTRAL,NEUTRAL,NEUTRAL,NEUTRAL,UP,UP,UP,UP,UP,UP,UP,NEUTRAL,NEUTRAL,NEUTRAL,UP,UP,NEUTRAL,UP,UP,NEUTRAL,UP,UP,UP,UP,UP,UP,UP,UP,UP,DOWN,DOWN,DOWN,DOWN,DOWN,DOWN,DOWN,DOWN,DOWN,UP,NEUTRAL,DOWN,DOWN,UP,bad
60,1min,1765185831,25966.6,25951.8,25967.2,25948.1,25955.22,25954.1,5.24,3.65,25944.2,25963.3,25936.6,25974.8,-0.06,19.1,-14.8,0.0,0.0,0.0,NEUTRAL,NEUTRAL,NEUTRAL,NEUTRAL,NEUTRAL,NEUTRAL,NEUTRAL,NEUTRAL,NEUTRAL,NEUTRAL,NEUTRAL,NEUTRAL,NEUTRAL,NEUTRAL,NEUTRAL,NEUTRAL,NEUTRAL,NEUTRAL,NEUTRAL,NEUTRAL,NEUTRAL,DOWN,UP,UP,UP,UP,UP,UP,DOWN,NEUTRAL,NEUTRAL,NEUTRAL,NEUTRAL,NEUTRAL,NEUTRAL,NEUTRAL,NEUTRAL,UP,NEUTRAL,NEUTRAL,UP,NEUTRAL,NEUTRAL,UP,NEUTRAL,NEUTRAL,DOWN,DOWN,UP,DOWN,DOWN,UP,DOWN,UP,UP,UP,NEUTRAL,NEUTRAL,NEUTRAL,UP,good
60,1min,1765185891,25952.35,25955.2,25956.5,25950.1,25953.2,25953.35,1.74,1.15,25951.37,25957.77,25947.53,25960.33,0.01,6.4,2.85,0.0,0.0,0.0,NEUTRAL,NEUTRAL,NEUTRAL,NEUTRAL,NEUTRAL,NEUTRAL,NEUTRAL,NEUTRAL,NEUTRAL,NEUTRAL,NEUTRAL,NEUTRAL,NEUTRAL,NEUTRAL,NEUTRAL,NEUTRAL,NEUTRAL,NEUTRAL,NEUTRAL,NEUTRAL,NEUTRAL,DOWN,UP,UP,UP,UP,UP,UP,NEUTRAL,NEUTRAL,NEUTRAL,NEUTRAL,NEUTRAL,NEUTRAL,NEUTRAL,NEUTRAL,NEUTRAL,UP,NEUTRAL,NEUTRAL,UP,NEUTRAL,NEUTRAL,UP,UP,NEUTRAL,UP,DOWN,UP,UP,DOWN,DOWN,DOWN,UP,DOWN,UP,NEUTRAL,NEUTRAL,NEUTRAL,UP,good
60,1min,1765185951,25955.0,25943.7,25955.2,25942.65,25948.59,25949.28,3.24,2.12,25939.17,25951.72,25934.63,25959.73,-0.04,12.55,-11.3,0.0,0.0,0.0,NEUTRAL,NEUTRAL,NEUTRAL,NEUTRAL,NEUTRAL,NEUTRAL,NEUTRAL,NEUTRAL,NEUTRAL,NEUTRAL,NEUTRAL,NEUTRAL,NEUTRAL,NEUTRAL,NEUTRAL,NEUTRAL,NEUTRAL,NEUTRAL,NEUTRAL,NEUTRAL,NEUTRAL,DOWN,DOWN,UP,UP,UP,UP,UP,DOWN,NEUTRAL,NEUTRAL,NEUTRAL,NEUTRAL,NEUTRAL,NEUTRAL,NEUTRAL,NEUTRAL,NEUTRAL,NEUTRAL,NEUTRAL,NEUTRAL,NEUTRAL,NEUTRAL,NEUTRAL,NEUTRAL,NEUTRAL,UP,UP,DOWN,UP,DOWN,UP,DOWN,DOWN,UP,UP,NEUTRAL,NEUTRAL,NEUTRAL,UP,good
60,1min,1765186011,25943.95,25933.25,25944.5,25930.9,25937.44,25938.4,3.97,2.8,25927.93,25941.53,25922.62,25949.82,-0.04,13.6,-10.7,0.0,0.0,0.0,NEUTRAL,NEUTRAL,NEUTRAL,NEUTRAL,NEUTRAL,NEUTRAL,NEUTRAL,NEUTRAL,NEUTRAL,NEUTRAL,NEUTRAL,NEUTRAL,NEUTRAL,NEUTRAL,NEUTRAL,NEUTRAL,NEUTRAL,NEUTRAL,NEUTRAL,NEUTRAL,NEUTRAL,DOWN,DOWN,DOWN,UP,UP,UP,UP,DOWN,NEUTRAL,NEUTRAL,DOWN,NEUTRAL,NEUTRAL,NEUTRAL,NEUTRAL,NEUTRAL,NEUTRAL,NEUTRAL,NEUTRAL,NEUTRAL,NEUTRAL,NEUTRAL,NEUTRAL,NEUTRAL,NEUTRAL,UP,DOWN,DOWN,UP,DOWN,UP,DOWN,DOWN,DOWN,DOWN,NEUTRAL,NEUTRAL,NEUTRAL,DOWN,bad
60,1min,1765186071,25932.8,25940.6,25941.85,25932.8,25938.52,25940.1,2.7,0.9,25934.98,25944.03,25929.37,25947.47,0.03,9.05,7.8,0.0,0.0,0.0,NEUTRAL,NEUTRAL,NEUTRAL,NEUTRAL,NEUTRAL,NEUTRAL,NEUTRAL,NEUTRAL,NEUTRAL,NEUTRAL,NEUTRAL,NEUTRAL,NEUTRAL,NEUTRAL,NEUTRAL,NEUTRAL,NEUTRAL,NEUTRAL,NEUTRAL,NEUTRAL,NEUTRAL,DOWN,DOWN,DOWN,DOWN,UP,UP,UP,NEUTRAL,NEUTRAL,NEUTRAL,NEUTRAL,NEUTRAL,NEUTRAL,NEUTRAL,NEUTRAL,NEUTRAL,NEUTRAL,NEUTRAL,NEUTRAL,NEUTRAL,NEUTRAL,NEUTRAL,NEUTRAL,NEUTRAL,NEUTRAL,DOWN,UP,DOWN,DOWN,UP,DOWN,UP,UP,DOWN,NEUTRAL,NEUTRAL,NEUTRAL,NEUTRAL,DOWN,bad
60,1min,1765186131,25939.8,25941.05,25941.7,25936.25,25939.02,25939.05,1.09,0.65,25937.63,25943.08,25934.22,25945.12,0.0,5.45,1.25,0.0,0.0,0.0,NEUTRAL,NEUTRAL,NEUTRAL,NEUTRAL,NEUTRAL,NEUTRAL,NEUTRAL,NEUTRAL,NEUTRAL,NEUTRAL,NEUTRAL,NEUTRAL,NEUTRAL,NEUTRAL,NEUTRAL,NEUTRAL,NEUTRAL,NEUTRAL,NEUTRAL,NEUTRAL,NEUTRAL,DOWN,DOWN,DOWN,DOWN,DOWN,UP,UP,NEUTRAL,NEUTRAL,NEUTRAL,NEUTRAL,NEUTRAL,NEUTRAL,NEUTRAL,NEUTRAL,NEUTRAL,NEUTRAL,NEUTRAL,NEUTRAL,NEUTRAL,NEUTRAL,NEUTRAL,NEUTRAL,NEUTRAL,NEUTRAL,UP,UP,UP,DOWN,UP,UP,DOWN,UP,UP,NEUTRAL,NEUTRAL,NEUTRAL,NEUTRAL,UP,good
60,1min,1765186191,25940.3,25962.65,25963.1,25938.95,25955.79,25960.0,7.7,1.75,25946.7,25970.85,25930.75,25979.05,0.09,24.15,22.35,0.0,0.0,0.0,NEUTRAL,NEUTRAL,NEUTRAL,NEUTRAL,NEUTRAL,NEUTRAL,NEUTRAL,NEUTRAL,NEUTRAL,NEUTRAL,NEUTRAL,NEUTRAL,NEUTRAL,NEUTRAL,NEUTRAL,NEUTRAL,NEUTRAL,NEUTRAL,NEUTRAL,NEUTRAL,NEUTRAL,UP,DOWN,DOWN,DOWN,UP,UP,UP,UP,UP,NEUTRAL,NEUTRAL,NEUTRAL,NEUTRAL,UP,NEUTRAL,NEUTRAL,UP,NEUTRAL,NEUTRAL,UP,NEUTRAL,NEUTRAL,UP,UP,NEUTRAL,UP,UP,DOWN,DOWN,DOWN,DOWN,DOWN,DOWN,DOWN,NEUTRAL,NEUTRAL,NEUTRAL,NEUTRAL,UP,good
60,1min,1765186251,25962.5,25968.15,25969.35,25962.5,25965.99,25965.9,1.8,1.55,25963.98,25970.83,25959.82,25973.52,0.02,6.85,5.65,0.0,0.0,0.0,DOWN,NEUTRAL,NEUTRAL,NEUTRAL,NEUTRAL,NEUTRAL,NEUTRAL,NEUTRAL,NEUTRAL,NEUTRAL,NEUTRAL,NEUTRAL,NEUTRAL,NEUTRAL,NEUTRAL,NEUTRAL,NEUTRAL,NEUTRAL,NEUTRAL,NEUTRAL,NEUTRAL,UP,UP,UP,UP,UP,UP,UP,UP,NEUTRAL,NEUTRAL,UP,NEUTRAL,NEUTRAL,UP,NEUTRAL,NEUTRAL,UP,UP,NEUTRAL,UP,UP,NEUTRAL,UP,UP,NEUTRAL,UP,DOWN,DOWN,UP,DOWN,DOWN,UP,DOWN,UP,NEUTRAL,NEUTRAL,NEUTRAL,NEUTRAL,UP,good
60,1min,1765186311,25968.25,25974.25,25976.7,25965.9,25971.93,25973.1,3.22,2.1,25967.87,25978.67,25961.48,25983.08,0.02,10.8,6.0,0.0,0.0,0.0,DOWN,NEUTRAL,NEUTRAL,NEUTRAL,NEUTRAL,NEUTRAL,NEUTRAL,NEUTRAL,NEUTRAL,NEUTRAL,NEUTRAL,NEUTRAL,NEUTRAL,NEUTRAL,NEUTRAL,NEUTRAL,NEUTRAL,NEUTRAL,NEUTRAL,NEUTRAL,NEUTRAL,UP,UP,UP,UP,UP,UP,UP,UP,NEUTRAL,NEUTRAL,UP,UP,NEUTRAL,UP,UP,NEUTRAL,UP,UP,NEUTRAL,UP,UP,NEUTRAL,UP,UP,NEUTRAL,UP,DOWN,DOWN,UP,UP,DOWN,DOWN,DOWN,UP,UP,NEUTRAL,NEUTRAL,NEUTRAL,UP,bad
60,1min,1765186371,25974.95,25976.1,25978.95,25970.75,25976.38,25977.4,2.17,1.1,25971.58,25979.78,25967.07,25983.47,0.0,8.2,1.15,0.0,0.0,0.0,DOWN,NEUTRAL,NEUTRAL,NEUTRAL,NEUTRAL,NEUTRAL,NEUTRAL,NEUTRAL,NEUTRAL,NEUTRAL,NEUTRAL,NEUTRAL,NEUTRAL,NEUTRAL,NEUTRAL,NEUTRAL,NEUTRAL,NEUTRAL,NEUTRAL,NEUTRAL,NEUTRAL,UP,UP,UP,UP,UP,UP,UP,NEUTRAL,NEUTRAL,NEUTRAL,UP,NEUTRAL,NEUTRAL,UP,UP,NEUTRAL,UP,UP,NEUTRAL,UP,UP,NEUTRAL,UP,UP,NEUTRAL,UP,UP,UP,DOWN,UP,DOWN,UP,DOWN,DOWN,UP,NEUTRAL,DOWN,NEUTRAL,UP,bad
60,1min,1765186431,25975.85,25973.5,25977.85,25972.35,25975.36,25975.62,1.38,0.85,25971.28,25976.78,25969.07,25980.07,-0.01,5.5,-2.35,0.0,0.0,0.0,DOWN,NEUTRAL,NEUTRAL,NEUTRAL,NEUTRAL,NEUTRAL,NEUTRAL,NEUTRAL,NEUTRAL,NEUTRAL,NEUTRAL,NEUTRAL,NEUTRAL,NEUTRAL,NEUTRAL,NEUTRAL,NEUTRAL,NEUTRAL,NEUTRAL,NEUTRAL,NEUTRAL,UP,UP,UP,UP,UP,UP,UP,NEUTRAL,NEUTRAL,NEUTRAL,UP,NEUTRAL,NEUTRAL,UP,NEUTRAL,NEUTRAL,UP,NEUTRAL,NEUTRAL,UP,NEUTRAL,NEUTRAL,UP,UP,NEUTRAL,UP,UP,DOWN,DOWN,UP,DOWN,UP,DOWN,DOWN,UP,NEUTRAL,DOWN,DOWN,UP,good
60,1min,1765186491,25972.7,25977.65,25978.7,25968.95,25973.51,25973.8,2.51,2.0,25971.5,25981.25,25965.35,25984.85,0.02,9.75,4.95,0.0,0.0,0.0,DOWN,NEUTRAL,NEUTRAL,NEUTRAL,NEUTRAL,NEUTRAL,NEUTRAL,NEUTRAL,NEUTRAL,NEUTRAL,NEUTRAL,NEUTRAL,NEUTRAL,NEUTRAL,NEUTRAL,NEUTRAL,NEUTRAL,NEUTRAL,NEUTRAL,NEUTRAL,NEUTRAL,UP,UP,UP,UP,UP,UP,UP,UP,NEUTRAL,NEUTRAL,UP,NEUTRAL,NEUTRAL,UP,NEUTRAL,NEUTRAL,UP,NEUTRAL,NEUTRAL,UP,UP,NEUTRAL,UP,UP,NEUTRAL,DOWN,UP,UP,DOWN,DOWN,UP,DOWN,UP,UP,UP,NEUTRAL,NEUTRAL,NEUTRAL,UP,bad
60,1min,1765186551,25978.35,25975.85,25981.95,25975.1,25978.81,25979.0,1.95,1.85,25973.32,25980.17,25970.78,25984.48,-0.01,6.85,-2.5,0.0,0.0,0.0,DOWN,NEUTRAL,NEUTRAL,NEUTRAL,NEUTRAL,NEUTRAL,NEUTRAL,NEUTRAL,NEUTRAL,NEUTRAL,NEUTRAL,NEUTRAL,NEUTRAL,NEUTRAL,NEUTRAL,NEUTRAL,NEUTRAL,NEUTRAL,NEUTRAL,NEUTRAL,NEUTRAL,DOWN,UP,UP,UP,UP,UP,UP,NEUTRAL,NEUTRAL,NEUTRAL,NEUTRAL,NEUTRAL,NEUTRAL,UP,NEUTRAL,NEUTRAL,UP,NEUTRAL,NEUTRAL,UP,NEUTRAL,NEUTRAL,UP,NEUTRAL,NEUTRAL,UP,DOWN,UP,UP,DOWN,UP,UP,DOWN,UP,UP,NEUTRAL,DOWN,DOWN,UP,bad
60,1min,1765186611,25975.45,25971.6,25977.4,25967.95,25972.63,25972.75,2.69,2.45,25967.23,25976.68,25962.87,25981.77,-0.01,9.45,-3.85,0.0,0.0,0.0,NEUTRAL,NEUTRAL,NEUTRAL,NEUTRAL,NEUTRAL,NEUTRAL,NEUTRAL,NEUTRAL,NEUTRAL,NEUTRAL,NEUTRAL,NEUTRAL,NEUTRAL,NEUTRAL,NEUTRAL,NEUTRAL,NEUTRAL,NEUTRAL,NEUTRAL,NEUTRAL,NEUTRAL,DOWN,UP,UP,UP,UP,UP,UP,DOWN,DOWN,NEUTRAL,NEUTRAL,NEUTRAL,NEUTRAL,NEUTRAL,NEUTRAL,NEUTRAL,NEUTRAL,NEUTRAL,NEUTRAL,UP,NEUTRAL,NEUTRAL,UP,NEUTRAL,NEUTRAL,DOWN,UP,UP,DOWN,DOWN,DOWN,DOWN,DOWN,DOWN,UP,NEUTRAL,NEUTRAL,NEUTRAL,UP,good
60,1min,1765186671,25971.4,25979.7,25979.7,25971.35,25976.58,25977.35,2.24,0.88,25974.13,25982.48,25968.57,25985.27,0.03,8.35,8.3,0.0,0.0,0.0,DOWN,NEUTRAL,NEUTRAL,NEUTRAL,NEUTRAL,NEUTRAL,NEUTRAL,NEUTRAL,NEUTRAL,NEUTRAL,NEUTRAL,NEUTRAL,NEUTRAL,NEUTRAL,NEUTRAL,NEUTRAL,NEUTRAL,NEUTRAL,NEUTRAL,NEUTRAL,NEUTRAL,DOWN,UP,UP,UP,UP,UP,UP,UP,NEUTRAL,NEUTRAL,NEUTRAL,NEUTRAL,NEUTRAL,UP,NEUTRAL,NEUTRAL,UP,NEUTRAL,NEUTRAL,UP,NEUTRAL,NEUTRAL,UP,NEUTRAL,NEUTRAL,DOWN,UP,DOWN,DOWN,UP,DOWN,DOWN,UP,DOWN,UP,NEUTRAL,NEUTRAL,NEUTRAL,UP,bad
60,1min,1765186731,25978.9,25981.45,25984.1,25977.8,25981.79,25982.1,1.41,1.05,25978.13,25984.43,25974.82,25987.42,0.01,6.3,2.55,0.0,0.0,0.0,DOWN,NEUTRAL,NEUTRAL,NEUTRAL,NEUTRAL,NEUTRAL,NEUTRAL,NEUTRAL,NEUTRAL,NEUTRAL,NEUTRAL,NEUTRAL,NEUTRAL,NEUTRAL,NEUTRAL,NEUTRAL,NEUTRAL,NEUTRAL,NEUTRAL,NEUTRAL,NEUTRAL,DOWN,UP,UP,UP,UP,UP,UP,UP,NEUTRAL,NEUTRAL,UP,NEUTRAL,NEUTRAL,UP,NEUTRAL,NEUTRAL,UP,NEUTRAL,NEUTRAL,UP,NEUTRAL,NEUTRAL,UP,NEUTRAL,NEUTRAL,UP,UP,DOWN,DOWN,UP,UP,DOWN,DOWN,DOWN,UP,NEUTRAL,NEUTRAL,NEUTRAL,UP,bad
60,1min,1765186791,25981.05,25976.15,25983.6,25975.6,25979.6,25980.3,2.17,1.45,25973.3,25981.3,25970.45,25986.45,-0.02,8.0,-4.9,0.0,0.0,0.0,NEUTRAL,NEUTRAL,NEUTRAL,NEUTRAL,NEUTRAL,NEUTRAL,NEUTRAL,NEUTRAL,NEUTRAL,NEUTRAL,NEUTRAL,NEUTRAL,NEUTRAL,NEUTRAL,NEUTRAL,NEUTRAL,NEUTRAL,NEUTRAL,NEUTRAL,NEUTRAL,NEUTRAL,DOWN,DOWN,UP,UP,UP,UP,UP,NEUTRAL,NEUTRAL,NEUTRAL,NEUTRAL,NEUTRAL,NEUTRAL,NEUTRAL,NEUTRAL,NEUTRAL,NEUTRAL,NEUTRAL,NEUTRAL,UP,NEUTRAL,NEUTRAL,UP,NEUTRAL,NEUTRAL,UP,UP,UP,UP,DOWN,UP,DOWN,UP,DOWN,UP,NEUTRAL,DOWN,DOWN,UP,bad
60,1min,1765186851,25976.6,25980.4,25982.8,25975.35,25979.06,25979.35,1.84,1.6,25976.23,25983.68,25972.07,25986.97,0.01,7.45,3.8,0.0,0.0,0.0,NEUTRAL,NEUTRAL,NEUTRAL,NEUTRAL,NEUTRAL,NEUTRAL,NEUTRAL,NEUTRAL,NEUTRAL,NEUTRAL,NEUTRAL,NEUTRAL,NEUTRAL,NEUTRAL,NEUTRAL,NEUTRAL,NEUTRAL,NEUTRAL,NEUTRAL,NEUTRAL,NEUTRAL,UP,UP,UP,UP,UP,UP,UP,NEUTRAL,NEUTRAL,NEUTRAL,UP,NEUTRAL,NEUTRAL,NEUTRAL,NEUTRAL,NEUTRAL,UP,NEUTRAL,NEUTRAL,UP,NEUTRAL,NEUTRAL,UP,NEUTRAL,NEUTRAL,UP,UP,UP,DOWN,DOWN,UP,DOWN,UP,DOWN,UP,NEUTRAL,NEUTRAL,NEUTRAL,UP,bad
60,1min,1765186911,25980.05,25976.25,25981.65,25973.75,25978.17,25977.82,2.14,1.92,25972.78,25980.68,25969.32,25985.12,-0.01,7.9,-3.8,0.0,0.0,0.0,NEUTRAL,NEUTRAL,NEUTRAL,NEUTRAL,NEUTRAL,NEUTRAL,NEUTRAL,NEUTRAL,NEUTRAL,NEUTRAL,NEUTRAL,NEUTRAL,NEUTRAL,NEUTRAL,NEUTRAL,NEUTRAL,NEUTRAL,NEUTRAL,NEUTRAL,NEUTRAL,NEUTRAL,DOWN,DOWN,DOWN,DOWN,UP,UP,UP,DOWN,NEUTRAL,NEUTRAL,NEUTRAL,NEUTRAL,NEUTRAL,NEUTRAL,NEUTRAL,NEUTRAL,NEUTRAL,NEUTRAL,NEUTRAL,NEUTRAL,NEUTRAL,NEUTRAL,UP,NEUTRAL,NEUTRAL,UP,UP,UP,UP,DOWN,DOWN,UP,DOWN,UP,UP,NEUTRAL,DOWN,DOWN,UP,bad
60,1min,1765186971,25976.85,25975.25,25976.85,25972.3,25974.79,25974.75,0.9,0.6,25972.75,25977.3,25970.25,25979.35,-0.01,4.55,-1.6,0.0,0.0,0.0,NEUTRAL,NEUTRAL,NEUTRAL,NEUTRAL,NEUTRAL,NEUTRAL,NEUTRAL,NEUTRAL,NEUTRAL,NEUTRAL,NEUTRAL,NEUTRAL,NEUTRAL,NEUTRAL,NEUTRAL,NEUTRAL,NEUTRAL,NEUTRAL,NEUTRAL,NEUTRAL,NEUTRAL,DOWN,DOWN,DOWN,DOWN,UP,UP,UP,DOWN,NEUTRAL,NEUTRAL,NEUTRAL,NEUTRAL,NEUTRAL,NEUTRAL,NEUTRAL,NEUTRAL,NEUTRAL,NEUTRAL,NEUTRAL,NEUTRAL,NEUTRAL,NEUTRAL,NEUTRAL,NEUTRAL,NEUTRAL,UP,DOWN,DOWN,UP,UP,DOWN,UP,UP,DOWN,UP,NEUTRAL,DOWN,DOWN,DOWN,good
60,1min,1765187031,25975.7,25970.6,25976.35,25969.5,25972.47,25972.15,1.63,1.02,25967.95,25974.8,25965.3,25979.0,-0.02,6.85,-5.1,0.0,0.0,0.0,NEUTRAL,NEUTRAL,NEUTRAL,NEUTRAL,NEUTRAL,NEUTRAL,NEUTRAL,NEUTRAL,NEUTRAL,NEUTRAL,NEUTRAL,NEUTRAL,NEUTRAL,NEUTRAL,NEUTRAL,NEUTRAL,NEUTRAL,NEUTRAL,NEUTRAL,NEUTRAL,NEUTRAL,DOWN,DOWN,DOWN,DOWN,DOWN,UP,UP,DOWN,DOWN,NEUTRAL,DOWN,DOWN,NEUTRAL,NEUTRAL,NEUTRAL,NEUTRAL,NEUTRAL,NEUTRAL,NEUTRAL,NEUTRAL,NEUTRAL,NEUTRAL,NEUTRAL,NEUTRAL,NEUTRAL,UP,UP,UP,UP,DOWN,DOWN,DOWN,DOWN,DOWN,UP,NEUTRAL,NEUTRAL,NEUTRAL,DOWN,good
60,1min,1765187091,25970.9,25959.45,25973.35,25959.45,25969.02,25970.5,3.55,1.5,25954.82,25968.72,25950.18,25977.98,-0.04,13.9,-11.45,0.0,0.0,0.0,UP,NEUTRAL,NEUTRAL,NEUTRAL,NEUTRAL,NEUTRAL,NEUTRAL,NEUTRAL,NEUTRAL,NEUTRAL,NEUTRAL,NEUTRAL,NEUTRAL,NEUTRAL,NEUTRAL,NEUTRAL,NEUTRAL,NEUTRAL,NEUTRAL,NEUTRAL,NEUTRAL,DOWN,DOWN,DOWN,DOWN,DOWN,UP,UP,DOWN,DOWN,NEUTRAL,DOWN,DOWN,DOWN,DOWN,DOWN,DOWN,NEUTRAL,NEUTRAL,NEUTRAL,NEUTRAL,NEUTRAL,NEUTRAL,NEUTRAL,NEUTRAL,NEUTRAL,DOWN,DOWN,UP,DOWN,DOWN,UP,DOWN,DOWN,UP,NEUTRAL,NEUTRAL,NEUTRAL,NEUTRAL,DOWN,good
60,1min,1765187151,25959.15,25956.1,25962.1,25954.85,25957.47,25957.2,1.42,1.1,25953.27,25960.52,25950.43,25964.93,-0.01,7.25,-3.05,0.0,0.0,0.0,UP,UP,NEUTRAL,NEUTRAL,NEUTRAL,NEUTRAL,NEUTRAL,NEUTRAL,NEUTRAL,NEUTRAL,NEUTRAL,NEUTRAL,NEUTRAL,NEUTRAL,NEUTRAL,NEUTRAL,NEUTRAL,NEUTRAL,NEUTRAL,NEUTRAL,NEUTRAL,DOWN,DOWN,DOWN,DOWN,DOWN,DOWN,UP,DOWN,NEUTRAL,NEUTRAL,DOWN,DOWN,DOWN,DOWN,DOWN,DOWN,NEUTRAL,NEUTRAL,NEUTRAL,NEUTRAL,NEUTRAL,NEUTRAL,NEUTRAL,NEUTRAL,NEUTRAL,UP,DOWN,UP,DOWN,DOWN,UP,UP,DOWN,DOWN,NEUTRAL,NEUTRAL,NEUTRAL,NEUTRAL,DOWN,good
60,1min,1765187211,25955.5,25953.0,25956.55,25950.8,25954.1,25954.2,1.25,1.0,25950.35,25956.1,25947.7,25959.2,-0.01,5.75,-2.5,0.0,0.0,0.0,UP,UP,NEUTRAL,NEUTRAL,NEUTRAL,NEUTRAL,NEUTRAL,NEUTRAL,NEUTRAL,NEUTRAL,NEUTRAL,NEUTRAL,NEUTRAL,NEUTRAL,NEUTRAL,NEUTRAL,NEUTRAL,NEUTRAL,NEUTRAL,NEUTRAL,NEUTRAL,DOWN,DOWN,DOWN,DOWN,DOWN,DOWN,UP,DOWN,NEUTRAL,NEUTRAL,DOWN,DOWN,NEUTRAL,DOWN,DOWN,DOWN,DOWN,NEUTRAL,NEUTRAL,NEUTRAL,NEUTRAL,NEUTRAL,NEUTRAL,NEUTRAL,NEUTRAL,DOWN,UP,UP,UP,UP,DOWN,UP,DOWN,UP,NEUTRAL,NEUTRAL,UP,NEUTRAL,DOWN,good
60,1min,1765187271,25953.55,25948.95,25954.6,25947.25,25951.77,25952.12,1.71,1.08,25945.93,25953.28,25942.92,25957.62,-0.02,7.35,-4.6,0.0,0.0,0.0,UP,UP,NEUTRAL,NEUTRAL,NEUTRAL,NEUTRAL,NEUTRAL,NEUTRAL,NEUTRAL,NEUTRAL,NEUTRAL,NEUTRAL,NEUTRAL,NEUTRAL,NEUTRAL,NEUTRAL,NEUTRAL,NEUTRAL,NEUTRAL,NEUTRAL,NEUTRAL,DOWN,DOWN,DOWN,DOWN,DOWN,DOWN,DOWN,DOWN,NEUTRAL,NEUTRAL,DOWN,DOWN,NEUTRAL,DOWN,DOWN,DOWN,DOWN,DOWN,NEUTRAL,DOWN,NEUTRAL,NEUTRAL,DOWN,NEUTRAL,NEUTRAL,DOWN,UP,UP,UP,DOWN,DOWN,UP,DOWN,UP,NEUTRAL,NEUTRAL,NEUTRAL,NEUTRAL,DOWN,good
60,1min,1765187331,25948.75,25950.15,25955.35,25946.85,25951.7,25951.95,2.13,1.6,25946.22,25954.72,25942.28,25959.28,0.01,8.5,1.4,0.0,0.0,0.0,UP,UP,NEUTRAL,NEUTRAL,NEUTRAL,NEUTRAL,NEUTRAL,NEUTRAL,NEUTRAL,NEUTRAL,NEUTRAL,NEUTRAL,NEUTRAL,NEUTRAL,NEUTRAL,NEUTRAL,NEUTRAL,NEUTRAL,NEUTRAL,NEUTRAL,NEUTRAL,DOWN,DOWN,DOWN,DOWN,DOWN,DOWN,DOWN,NEUTRAL,NEUTRAL,NEUTRAL,DOWN,NEUTRAL,NEUTRAL,DOWN,DOWN,NEUTRAL,DOWN,DOWN,NEUTRAL,NEUTRAL,NEUTRAL,NEUTRAL,NEUTRAL,NEUTRAL,NEUTRAL,UP,UP,UP,UP,UP,DOWN,DOWN,UP,DOWN,DOWN,NEUTRAL,UP,UP,DOWN,good
60,1min,1765187391,25949.4,25944.35,25949.4,25943.95,25946.15,25945.95,1.08,0.6,25942.4,25947.85,25940.45,25951.35,-0.02,5.45,-5.05,0.0,0.0,0.0,UP,UP,NEUTRAL,NEUTRAL,NEUTRAL,NEUTRAL,NEUTRAL,NEUTRAL,NEUTRAL,NEUTRAL,NEUTRAL,NEUTRAL,NEUTRAL,NEUTRAL,NEUTRAL,NEUTRAL,NEUTRAL,NEUTRAL,NEUTRAL,NEUTRAL,NEUTRAL,DOWN,DOWN,DOWN,DOWN,DOWN,DOWN,DOWN,DOWN,DOWN,NEUTRAL,DOWN,NEUTRAL,NEUTRAL,DOWN,DOWN,NEUTRAL,DOWN,DOWN,DOWN,DOWN,NEUTRAL,NEUTRAL,DOWN,NEUTRAL,NEUTRAL,UP,UP,DOWN,DOWN,UP,UP,DOWN,UP,UP,DOWN,NEUTRAL,NEUTRAL,NEUTRAL,DOWN,good
60,1min,1765187451,25944.2,25937.05,25944.5,25936.75,25942.11,25942.75,2.07,0.75,25934.37,25942.12,25931.68,25947.18,-0.03,7.75,-7.15,0.0,0.0,0.0,UP,UP,UP,UP,NEUTRAL,NEUTRAL,NEUTRAL,NEUTRAL,NEUTRAL,NEUTRAL,NEUTRAL,NEUTRAL,NEUTRAL,NEUTRAL,NEUTRAL,NEUTRAL,NEUTRAL,NEUTRAL,NEUTRAL,NEUTRAL,NEUTRAL,DOWN,DOWN,DOWN,DOWN,DOWN,DOWN,DOWN,DOWN,DOWN,NEUTRAL,DOWN,DOWN,NEUTRAL,DOWN,DOWN,NEUTRAL,DOWN,DOWN,DOWN,DOWN,DOWN,NEUTRAL,DOWN,DOWN,NEUTRAL,DOWN,UP,UP,UP,UP,DOWN,DOWN,DOWN,DOWN,DOWN,NEUTRAL,NEUTRAL,NEUTRAL,DOWN,good
60,1min,1765187511,25937.15,25932.8,25937.7,25932.45,25935.03,25935.0,1.32,1.15,25930.93,25936.18,25929.07,25939.57,-0.02,5.25,-4.35,0.0,0.0,0.0,UP,UP,UP,UP,NEUTRAL,NEUTRAL,NEUTRAL,NEUTRAL,NEUTRAL,NEUTRAL,NEUTRAL,NEUTRAL,NEUTRAL,NEUTRAL,NEUTRAL,NEUTRAL,NEUTRAL,NEUTRAL,NEUTRAL,NEUTRAL,NEUTRAL,DOWN,DOWN,DOWN,DOWN,DOWN,DOWN,DOWN,DOWN,NEUTRAL,NEUTRAL,DOWN,DOWN,NEUTRAL,DOWN,DOWN,NEUTRAL,DOWN,DOWN,DOWN,DOWN,DOWN,DOWN,DOWN,DOWN,NEUTRAL,UP,UP,DOWN,UP,DOWN,DOWN,UP,DOWN,DOWN,DOWN,NEUTRAL,NEUTRAL,NEUTRAL,DOWN,good
60,1min,1765187571,25931.2,25940.45,25943.05,25931.2,25937.06,25936.1,3.41,2.85,25933.42,25945.27,25926.38,25950.08,0.04,11.85,9.25,0.0,0.0,0.0,NEUTRAL,NEUTRAL,NEUTRAL,NEUTRAL,NEUTRAL,NEUTRAL,NEUTRAL,NEUTRAL,NEUTRAL,NEUTRAL,NEUTRAL,NEUTRAL,NEUTRAL,NEUTRAL,NEUTRAL,NEUTRAL,NEUTRAL,NEUTRAL,NEUTRAL,NEUTRAL,NEUTRAL,UP,DOWN,DOWN,DOWN,DOWN,DOWN,DOWN,NEUTRAL,NEUTRAL,NEUTRAL,NEUTRAL,NEUTRAL,NEUTRAL,DOWN,NEUTRAL,NEUTRAL,DOWN,NEUTRAL,NEUTRAL,DOWN,NEUTRAL,NEUTRAL,DOWN,NEUTRAL,NEUTRAL,DOWN,DOWN,DOWN,UP,DOWN,DOWN,UP,UP,DOWN,DOWN,NEUTRAL,UP,UP,DOWN,good
60,1min,1765187631,25940.5,25946.9,25950.8,25937.3,25943.18,25941.95,3.62,2.5,25939.2,25952.7,25931.5,25958.5,0.02,13.5,6.4,0.0,0.0,0.0,NEUTRAL,NEUTRAL,NEUTRAL,NEUTRAL,NEUTRAL,NEUTRAL,NEUTRAL,NEUTRAL,NEUTRAL,NEUTRAL,NEUTRAL,NEUTRAL,NEUTRAL,NEUTRAL,NEUTRAL,NEUTRAL,NEUTRAL,NEUTRAL,NEUTRAL,NEUTRAL,NEUTRAL,UP,DOWN,DOWN,DOWN,DOWN,DOWN,DOWN,UP,NEUTRAL,NEUTRAL,NEUTRAL,NEUTRAL,NEUTRAL,NEUTRAL,NEUTRAL,NEUTRAL,NEUTRAL,NEUTRAL,NEUTRAL,DOWN,NEUTRAL,NEUTRAL,NEUTRAL,NEUTRAL,NEUTRAL,DOWN,UP,UP,UP,UP,UP,DOWN,UP,DOWN,DOWN,NEUTRAL,NEUTRAL,NEUTRAL,DOWN,good
60,1min,1765187691,25947.3,25941.1,25947.8,25939.3,25943.61,25943.4,2.21,2.0,25937.67,25946.17,25934.23,25951.23,-0.02,8.5,-6.2,0.0,0.0,0.0,NEUTRAL,NEUTRAL,NEUTRAL,NEUTRAL,NEUTRAL,NEUTRAL,NEUTRAL,NEUTRAL,NEUTRAL,NEUTRAL,NEUTRAL,NEUTRAL,NEUTRAL,NEUTRAL,NEUTRAL,NEUTRAL,NEUTRAL,NEUTRAL,NEUTRAL,NEUTRAL,NEUTRAL,UP,UP,DOWN,DOWN,DOWN,DOWN,DOWN,NEUTRAL,NEUTRAL,NEUTRAL,NEUTRAL,NEUTRAL,NEUTRAL,NEUTRAL,NEUTRAL,NEUTRAL,DOWN,NEUTRAL,NEUTRAL,DOWN,NEUTRAL,NEUTRAL,DOWN,NEUTRAL,NEUTRAL,DOWN,DOWN,UP,UP,UP,DOWN,DOWN,UP,DOWN,DOWN,NEUTRAL,NEUTRAL,UP,DOWN,good
60,1min,1765187751,25941.75,25943.8,25944.95,25938.6,25941.18,25940.85,1.55,1.05,25939.95,25946.3,25936.1,25948.8,0.01,6.35,2.05,0.0,0.0,0.0,NEUTRAL,NEUTRAL,NEUTRAL,NEUTRAL,NEUTRAL,NEUTRAL,NEUTRAL,NEUTRAL,NEUTRAL,NEUTRAL,NEUTRAL,NEUTRAL,NEUTRAL,NEUTRAL,NEUTRAL,NEUTRAL,NEUTRAL,NEUTRAL,NEUTRAL,NEUTRAL,NEUTRAL,UP,UP,DOWN,DOWN,DOWN,DOWN,DOWN,NEUTRAL,NEUTRAL,NEUTRAL,NEUTRAL,NEUTRAL,NEUTRAL,NEUTRAL,NEUTRAL,NEUTRAL,NEUTRAL,NEUTRAL,NEUTRAL,DOWN,NEUTRAL,NEUTRAL,NEUTRAL,NEUTRAL,NEUTRAL,DOWN,DOWN,UP,UP,UP,UP,DOWN,DOWN,UP,DOWN,NEUTRAL,NEUTRAL,NEUTRAL,DOWN,good
60,1min,1765187811,25943.9,25937.75,25946.35,25934.5,25939.52,25938.85,3.08,2.6,25932.72,25944.57,25927.68,25951.38,-0.02,11.85,-6.15,0.0,0.0,0.0,NEUTRAL,NEUTRAL,NEUTRAL,NEUTRAL,NEUTRAL,NEUTRAL,NEUTRAL,NEUTRAL,NEUTRAL,NEUTRAL,NEUTRAL,NEUTRAL,NEUTRAL,NEUTRAL,NEUTRAL,NEUTRAL,NEUTRAL,NEUTRAL,NEUTRAL,NEUTRAL,NEUTRAL,DOWN,UP,DOWN,DOWN,DOWN,DOWN,DOWN,DOWN,NEUTRAL,NEUTRAL,NEUTRAL,NEUTRAL,NEUTRAL,NEUTRAL,NEUTRAL,NEUTRAL,DOWN,NEUTRAL,NEUTRAL,DOWN,NEUTRAL,NEUTRAL,DOWN,NEUTRAL,NEUTRAL,DOWN,UP,UP,DOWN,DOWN,UP,UP,DOWN,UP,DOWN,NEUTRAL,NEUTRAL,NEUTRAL,DOWN,good
60,1min,1765187871,25935.4,25932.75,25941.55,25931.25,25935.55,25935.22,2.41,1.58,25928.82,25939.12,25924.88,25945.48,-0.01,10.3,-2.65,0.0,0.0,0.0,UP,NEUTRAL,NEUTRAL,NEUTRAL,NEUTRAL,NEUTRAL,NEUTRAL,NEUTRAL,NEUTRAL,NEUTRAL,NEUTRAL,NEUTRAL,NEUTRAL,NEUTRAL,NEUTRAL,NEUTRAL,NEUTRAL,NEUTRAL,NEUTRAL,NEUTRAL,NEUTRAL,DOWN,UP,DOWN,DOWN,DOWN,DOWN,DOWN,DOWN,DOWN,NEUTRAL,DOWN,NEUTRAL,NEUTRAL,DOWN,NEUTRAL,NEUTRAL,DOWN,NEUTRAL,NEUTRAL,DOWN,DOWN,NEUTRAL,DOWN,DOWN,NEUTRAL,DOWN,UP,UP,UP,UP,UP,DOWN,DOWN,DOWN,DOWN,NEUTRAL,NEUTRAL,NEUTRAL,DOWN,good
60,1min,1765187931,25930.8,25927.2,25933.2,25918.2,25926.31,25926.65,2.64,1.4,25919.2,25934.2,25911.2,25941.2,-0.01,15.0,-3.6,0.0,0.0,0.0,UP,NEUTRAL,NEUTRAL,UP,NEUTRAL,NEUTRAL,NEUTRAL,NEUTRAL,NEUTRAL,NEUTRAL,NEUTRAL,NEUTRAL,NEUTRAL,NEUTRAL,NEUTRAL,NEUTRAL,NEUTRAL,NEUTRAL,NEUTRAL,NEUTRAL,NEUTRAL,DOWN,DOWN,DOWN,DOWN,DOWN,DOWN,DOWN,DOWN,DOWN,NEUTRAL,DOWN,DOWN,NEUTRAL,DOWN,DOWN,NEUTRAL,DOWN,DOWN,NEUTRAL,DOWN,DOWN,NEUTRAL,DOWN,DOWN,NEUTRAL,DOWN,DOWN,UP,DOWN,UP,DOWN,DOWN,UP,DOWN,DOWN,NEUTRAL,NEUTRAL,NEUTRAL,DOWN,bad
60,1min,1765187991,25928.3,25949.85,25949.85,25926.15,25931.0,25929.7,5.06,2.25,25934.05,25957.75,25918.25,25965.65,0.08,23.7,21.55,0.0,0.0,0.0,NEUTRAL,NEUTRAL,NEUTRAL,NEUTRAL,NEUTRAL,NEUTRAL,NEUTRAL,NEUTRAL,NEUTRAL,NEUTRAL,NEUTRAL,NEUTRAL,NEUTRAL,NEUTRAL,NEUTRAL,NEUTRAL,NEUTRAL,NEUTRAL,NEUTRAL,NEUTRAL,NEUTRAL,UP,UP,DOWN,DOWN,DOWN,DOWN,DOWN,UP,NEUTRAL,NEUTRAL,UP,UP,NEUTRAL,NEUTRAL,NEUTRAL,NEUTRAL,NEUTRAL,NEUTRAL,NEUTRAL,NEUTRAL,NEUTRAL,NEUTRAL,NEUTRAL,NEUTRAL,NEUTRAL,UP,UP,DOWN,DOWN,UP,DOWN,DOWN,UP,UP,DOWN,NEUTRAL,NEUTRAL,NEUTRAL,NEUTRAL,neutral
60,1min,1765188067,25960.55,25844.95,25960.55,25844.95,25902.75,25902.75,57.8,57.8,25806.42,25922.02,25767.88,25999.08,-0.45,115.6,-115.6,0.0,0.0,0.0,UP,UP,NEUTRAL,UP,UP,NEUTRAL,UP,NEUTRAL,NEUTRAL,UP,NEUTRAL,NEUTRAL,UP,NEUTRAL,NEUTRAL,UP,NEUTRAL,NEUTRAL,NEUTRAL,NEUTRAL,NEUTRAL,DOWN,DOWN,DOWN,DOWN,DOWN,DOWN,DOWN,DOWN,DOWN,NEUTRAL,DOWN,DOWN,DOWN,DOWN,DOWN,DOWN,DOWN,DOWN,DOWN,DOWN,DOWN,DOWN,DOWN,DOWN,DOWN,DOWN,DOWN,UP,UP,UP,UP,UP,DOWN,UP,DOWN,NEUTRAL,NEUTRAL,NEUTRAL,DOWN,bad
60,1min,1770614386,25846.8,25854.6,25854.6,25846.8,25850.7,25850.7,3.9,3.9,25849.4,25857.2,25844.2,25859.8,0.03,7.8,7.8,0.0,0.0,0.0,UP,NEUTRAL,NEUTRAL,UP,NEUTRAL,NEUTRAL,UP,NEUTRAL,NEUTRAL,UP,NEUTRAL,NEUTRAL,UP,NEUTRAL,NEUTRAL,NEUTRAL,NEUTRAL,NEUTRAL,NEUTRAL,NEUTRAL,NEUTRAL,DOWN,DOWN,DOWN,DOWN,DOWN,DOWN,DOWN,DOWN,NEUTRAL,NEUTRAL,DOWN,DOWN,NEUTRAL,DOWN,DOWN,DOWN,DOWN,DOWN,DOWN,DOWN,DOWN,DOWN,DOWN,DOWN,DOWN,DOWN,DOWN,DOWN,UP,UP,UP,DOWN,DOWN,UP,DOWN,NEUTRAL,NEUTRAL,NEUTRAL,DOWN,bad
60,1min,1770615584,25853.85,25860.4,25860.4,25853.8,25857.6,25858.15,1.93,1.5,25856.0,25862.6,25851.6,25864.8,0.03,6.6,6.55,0.0,0.0,0.0,UP,NEUTRAL,NEUTRAL,UP,NEUTRAL,NEUTRAL,UP,NEUTRAL,NEUTRAL,UP,NEUTRAL,NEUTRAL,NEUTRAL,NEUTRAL,NEUTRAL,NEUTRAL,NEUTRAL,NEUTRAL,NEUTRAL,NEUTRAL,NEUTRAL,DOWN,DOWN,DOWN,DOWN,DOWN,DOWN,DOWN,NEUTRAL,NEUTRAL,NEUTRAL,DOWN,NEUTRAL,NEUTRAL,DOWN,DOWN,NEUTRAL,DOWN,DOWN,DOWN,DOWN,DOWN,DOWN,DOWN,DOWN,DOWN,DOWN,DOWN,DOWN,UP,UP,UP,UP,DOWN,DOWN,DOWN,DOWN,UP,NEUTRAL,DOWN,bad
60,1min,1770615644,25860.1,25858.0,25864.0,25856.3,25861.27,25861.93,2.01,1.32,25854.87,25862.57,25851.73,25867.13,-0.01,7.7,-2.1,0.0,0.0,0.0,UP,NEUTRAL,NEUTRAL,UP,NEUTRAL,NEUTRAL,UP,NEUTRAL,NEUTRAL,UP,NEUTRAL,NEUTRAL,NEUTRAL,NEUTRAL,NEUTRAL,NEUTRAL,NEUTRAL,NEUTRAL,NEUTRAL,NEUTRAL,NEUTRAL,DOWN,DOWN,DOWN,DOWN,DOWN,DOWN,DOWN,NEUTRAL,NEUTRAL,NEUTRAL,DOWN,NEUTRAL,NEUTRAL,DOWN,DOWN,NEUTRAL,DOWN,DOWN,NEUTRAL,DOWN,DOWN,DOWN,DOWN,DOWN,DOWN,UP,DOWN,UP,UP,DOWN,DOWN,UP,UP,DOWN,DOWN,DOWN,UP,NEUTRAL,DOWN,bad
60,1min,1770615704,25857.4,25857.75,25861.05,25856.85,25858.91,25858.7,1.06,0.85,25856.05,25860.25,25854.35,25862.75,0.0,4.2,0.35,0.0,0.0,0.0,UP,NEUTRAL,NEUTRAL,UP,NEUTRAL,NEUTRAL,UP,NEUTRAL,NEUTRAL,UP,NEUTRAL,NEUTRAL,NEUTRAL,NEUTRAL,NEUTRAL,NEUTRAL,NEUTRAL,NEUTRAL,NEUTRAL,NEUTRAL,NEUTRAL,UP,DOWN,DOWN,DOWN,DOWN,DOWN,DOWN,NEUTRAL,NEUTRAL,NEUTRAL,NEUTRAL,NEUTRAL,NEUTRAL,DOWN,NEUTRAL,NEUTRAL,DOWN,DOWN,NEUTRAL,DOWN,DOWN,NEUTRAL,DOWN,DOWN,NEUTRAL,UP,DOWN,UP,UP,UP,UP,UP,DOWN,DOWN,DOWN,DOWN,NEUTRAL,UP,DOWN,bad
60,1min,1770615764,25856.7,25859.9,25862.85,25856.7,25860.14,25860.28,1.37,0.78,25856.78,25862.93,25853.67,25865.97,0.01,6.15,3.2,0.0,0.0,0.0,UP,NEUTRAL,NEUTRAL,UP,NEUTRAL,NEUTRAL,UP,NEUTRAL,NEUTRAL,NEUTRAL,NEUTRAL,NEUTRAL,NEUTRAL,NEUTRAL,NEUTRAL,NEUTRAL,NEUTRAL,NEUTRAL,NEUTRAL,NEUTRAL,NEUTRAL,UP,DOWN,DOWN,DOWN,DOWN,DOWN,DOWN,NEUTRAL,NEUTRAL,NEUTRAL,NEUTRAL,NEUTRAL,NEUTRAL,DOWN,NEUTRAL,NEUTRAL,DOWN,NEUTRAL,NEUTRAL,DOWN,DOWN,NEUTRAL,DOWN,DOWN,NEUTRAL,DOWN,DOWN,DOWN,UP,DOWN,UP,DOWN,DOWN,UP,DOWN,DOWN,UP,UP,DOWN,bad
60,1min,1770615824,25859.05,25857.3,25861.1,25853.9,25857.7,25857.45,1.87,1.65,25853.77,25860.97,25850.23,25864.63,-0.01,7.2,-1.75,0.0,0.0,0.0,UP,NEUTRAL,NEUTRAL,UP,NEUTRAL,NEUTRAL,UP,NEUTRAL,NEUTRAL,UP,NEUTRAL,NEUTRAL,NEUTRAL,NEUTRAL,NEUTRAL,NEUTRAL,NEUTRAL,NEUTRAL,NEUTRAL,NEUTRAL,NEUTRAL,UP,DOWN,DOWN,DOWN,DOWN,DOWN,DOWN,DOWN,NEUTRAL,NEUTRAL,NEUTRAL,NEUTRAL,NEUTRAL,DOWN,NEUTRAL,NEUTRAL,DOWN,NEUTRAL,NEUTRAL,DOWN,DOWN,NEUTRAL,DOWN,DOWN,NEUTRAL,UP,DOWN,UP,DOWN,DOWN,UP,DOWN,DOWN,UP,DOWN,DOWN,NEUTRAL,NEUTRAL,DOWN,bad
60,1min,1770615884,25857.45,25856.25,25858.9,25853.45,25856.76,25856.9,1.29,1.15,25853.5,25858.95,25850.75,25861.65,-0.0,5.45,-1.2,0.0,0.0,0.0,UP,NEUTRAL,NEUTRAL,UP,NEUTRAL,NEUTRAL,UP,NEUTRAL,NEUTRAL,UP,NEUTRAL,NEUTRAL,NEUTRAL,NEUTRAL,NEUTRAL,NEUTRAL,NEUTRAL,NEUTRAL,NEUTRAL,NEUTRAL,NEUTRAL,UP,DOWN,DOWN,DOWN,DOWN,DOWN,DOWN,DOWN,NEUTRAL,NEUTRAL,NEUTRAL,NEUTRAL,NEUTRAL,NEUTRAL,NEUTRAL,NEUTRAL,DOWN,NEUTRAL,NEUTRAL,DOWN,NEUTRAL,NEUTRAL,DOWN,DOWN,NEUTRAL,DOWN,UP,DOWN,UP,UP,UP,UP,UP,DOWN,DOWN,DOWN,NEUTRAL,NEUTRAL,DOWN,bad
60,1min,1770615944,25855.1,25862.95,25862.95,25852.3,25854.89,25854.9,1.61,0.65,25855.85,25866.5,25848.75,25870.05,0.03,10.65,7.85,0.0,0.0,0.0,NEUTRAL,NEUTRAL,NEUTRAL,NEUTRAL,NEUTRAL,NEUTRAL,NEUTRAL,NEUTRAL,NEUTRAL,NEUTRAL,NEUTRAL,NEUTRAL,NEUTRAL,NEUTRAL,NEUTRAL,NEUTRAL,NEUTRAL,NEUTRAL,NEUTRAL,NEUTRAL,NEUTRAL,UP,UP,DOWN,DOWN,DOWN,DOWN,DOWN,UP,UP,NEUTRAL,NEUTRAL,NEUTRAL,NEUTRAL,NEUTRAL,NEUTRAL,NEUTRAL,NEUTRAL,NEUTRAL,NEUTRAL,DOWN,NEUTRAL,NEUTRAL,DOWN,NEUTRAL,NEUTRAL,DOWN,DOWN,DOWN,DOWN,UP,UP,UP,DOWN,DOWN,DOWN,DOWN,UP,UP,DOWN,good
60,1min,1770616581,25863.65,25860.75,25864.15,25856.75,25861.57,25861.8,1.56,1.1,25856.95,25864.35,25853.15,25867.95,-0.01,7.4,-2.9,0.0,0.0,0.0,NEUTRAL,NEUTRAL,NEUTRAL,NEUTRAL,NEUTRAL,NEUTRAL,NEUTRAL,NEUTRAL,NEUTRAL,NEUTRAL,NEUTRAL,NEUTRAL,NEUTRAL,NEUTRAL,NEUTRAL,NEUTRAL,NEUTRAL,NEUTRAL,NEUTRAL,NEUTRAL,NEUTRAL,UP,UP,DOWN,DOWN,DOWN,DOWN,DOWN,NEUTRAL,NEUTRAL,NEUTRAL,NEUTRAL,NEUTRAL,NEUTRAL,NEUTRAL,NEUTRAL,NEUTRAL,NEUTRAL,NEUTRAL,NEUTRAL,DOWN,NEUTRAL,NEUTRAL,DOWN,NEUTRAL,NEUTRAL,DOWN,DOWN,DOWN,DOWN,UP,UP,UP,UP,DOWN,DOWN,DOWN,UP,UP,DOWN,good
60,1min,1770616641,25860.95,25857.85,25863.05,25857.5,25860.18,25860.2,1.16,0.65,25855.88,25861.43,25853.92,25865.02,-0.01,5.55,-3.1,0.0,0.0,0.0,NEUTRAL,NEUTRAL,NEUTRAL,NEUTRAL,NEUTRAL,NEUTRAL,NEUTRAL,NEUTRAL,NEUTRAL,NEUTRAL,NEUTRAL,NEUTRAL,NEUTRAL,NEUTRAL,NEUTRAL,NEUTRAL,NEUTRAL,NEUTRAL,NEUTRAL,NEUTRAL,NEUTRAL,DOWN,UP,DOWN,DOWN,DOWN,DOWN,DOWN,NEUTRAL,NEUTRAL,NEUTRAL,NEUTRAL,NEUTRAL,NEUTRAL,NEUTRAL,NEUTRAL,NEUTRAL,NEUTRAL,NEUTRAL,NEUTRAL,DOWN,NEUTRAL,NEUTRAL,DOWN,NEUTRAL,NEUTRAL,UP,DOWN,DOWN,UP,UP,DOWN,DOWN,UP,UP,DOWN,DOWN,NEUTRAL,NEUTRAL,DOWN,good
60,1min,1770616701,25858.2,25857.35,25861.5,25853.9,25857.85,25858.2,1.81,1.55,25853.67,25861.27,25849.98,25865.18,-0.0,7.6,-0.85,0.0,0.0,0.0,NEUTRAL,NEUTRAL,NEUTRAL,NEUTRAL,NEUTRAL,NEUTRAL,NEUTRAL,NEUTRAL,NEUTRAL,NEUTRAL,NEUTRAL,NEUTRAL,NEUTRAL,NEUTRAL,NEUTRAL,NEUTRAL,NEUTRAL,NEUTRAL,NEUTRAL,NEUTRAL,NEUTRAL,DOWN,UP,UP,DOWN,DOWN,DOWN,DOWN,NEUTRAL,NEUTRAL,NEUTRAL,NEUTRAL,NEUTRAL,NEUTRAL,NEUTRAL,NEUTRAL,NEUTRAL,NEUTRAL,NEUTRAL,NEUTRAL,DOWN,NEUTRAL,NEUTRAL,DOWN,NEUTRAL,NEUTRAL,DOWN,UP,DOWN,UP,UP,UP,UP,UP,DOWN,DOWN,DOWN,NEUTRAL,NEUTRAL,DOWN,good
60,1min,1770616761,25857.6,25856.95,25860.05,25854.7,25857.61,25857.55,1.17,0.75,25854.42,25859.77,25851.88,25862.58,-0.0,5.35,-0.65,0.0,0.0,0.0,NEUTRAL,NEUTRAL,NEUTRAL,NEUTRAL,NEUTRAL,NEUTRAL,NEUTRAL,NEUTRAL,NEUTRAL,NEUTRAL,NEUTRAL,NEUTRAL,NEUTRAL,NEUTRAL,NEUTRAL,NEUTRAL,NEUTRAL,NEUTRAL,NEUTRAL,NEUTRAL,NEUTRAL,DOWN,UP,UP,UP,DOWN,DOWN,DOWN,NEUTRAL,NEUTRAL,NEUTRAL,NEUTRAL,NEUTRAL,NEUTRAL,NEUTRAL,NEUTRAL,NEUTRAL,NEUTRAL,NEUTRAL,NEUTRAL,NEUTRAL,NEUTRAL,NEUTRAL,DOWN,NEUTRAL,NEUTRAL,UP,UP,DOWN,DOWN,UP,DOWN,UP,DOWN,DOWN,DOWN,DOWN,NEUTRAL,NEUTRAL,DOWN,good
60,1min,1770616821,25856.45,25847.1,25857.85,25846.95,25853.22,25854.12,3.28,2.58,25843.42,25854.32,25839.73,25861.53,-0.04,10.9,-9.35,0.0,0.0,0.0,UP,UP,NEUTRAL,UP,NEUTRAL,NEUTRAL,UP,NEUTRAL,NEUTRAL,UP,NEUTRAL,NEUTRAL,NEUTRAL,NEUTRAL,NEUTRAL,NEUTRAL,NEUTRAL,NEUTRAL,NEUTRAL,NEUTRAL,NEUTRAL,DOWN,UP,UP,UP,DOWN,DOWN,DOWN,DOWN,DOWN,NEUTRAL,DOWN,DOWN,DOWN,NEUTRAL,NEUTRAL,NEUTRAL,NEUTRAL,NEUTRAL,NEUTRAL,DOWN,NEUTRAL,NEUTRAL,DOWN,NEUTRAL,NEUTRAL,UP,DOWN,DOWN,UP,DOWN,DOWN,UP,DOWN,DOWN,DOWN,DOWN,NEUTRAL,NEUTRAL,DOWN,bad
60,1min,1770616881,25847.4,25850.3,25853.05,25845.8,25850.26,25850.57,1.69,1.03,25846.38,25853.63,25842.47,25856.97,0.01,7.25,2.9,0.0,0.0,0.0,NEUTRAL,NEUTRAL,NEUTRAL,UP,NEUTRAL,NEUTRAL,NEUTRAL,NEUTRAL,NEUTRAL,NEUTRAL,NEUTRAL,NEUTRAL,NEUTRAL,NEUTRAL,NEUTRAL,NEUTRAL,NEUTRAL,NEUTRAL,NEUTRAL,NEUTRAL,NEUTRAL,DOWN,UP,UP,UP,DOWN,DOWN,DOWN,NEUTRAL,NEUTRAL,NEUTRAL,DOWN,NEUTRAL,NEUTRAL,DOWN,NEUTRAL,NEUTRAL,NEUTRAL,NEUTRAL,NEUTRAL,NEUTRAL,NEUTRAL,NEUTRAL,DOWN,NEUTRAL,NEUTRAL,DOWN,UP,UP,DOWN,UP,UP,UP,UP,UP,DOWN,DOWN,NEUTRAL,NEUTRAL,NEUTRAL,neutral
60,1min,1770616941,25850.35,25956.85,25956.85,25843.4,25852.29,25850.32,16.9,1.0,25881.22,25994.67,25805.58,26032.48,0.41,113.45,106.5,0.0,0.0,0.0,DOWN,DOWN,NEUTRAL,DOWN,NEUTRAL,NEUTRAL,NEUTRAL,NEUTRAL,NEUTRAL,NEUTRAL,NEUTRAL,NEUTRAL,NEUTRAL,NEUTRAL,NEUTRAL,NEUTRAL,NEUTRAL,NEUTRAL,NEUTRAL,NEUTRAL,NEUTRAL,UP,UP,UP,UP,UP,UP,DOWN,UP,UP,NEUTRAL,UP,UP,UP,UP,UP,UP,UP,UP,UP,UP,UP,NEUTRAL,UP,NEUTRAL,NEUTRAL,DOWN,DOWN,DOWN,DOWN,DOWN,UP,UP,UP,DOWN,UP,UP,NEUTRAL,NEUTRAL,UP,bad
60,1min,1770702160,25956.5,25960.25,25961.2,25955.75,25958.5,25958.4,1.54,1.35,25956.93,25962.38,25953.62,25964.52,0.01,5.45,3.75,0.0,0.0,0.0,DOWN,DOWN,NEUTRAL,DOWN,NEUTRAL,NEUTRAL,NEUTRAL,NEUTRAL,NEUTRAL,NEUTRAL,NEUTRAL,NEUTRAL,NEUTRAL,NEUTRAL,NEUTRAL,NEUTRAL,NEUTRAL,NEUTRAL,NEUTRAL,NEUTRAL,NEUTRAL,UP,UP,UP,UP,UP,UP,DOWN,UP,NEUTRAL,NEUTRAL,UP,UP,UP,UP,UP,UP,UP,UP,UP,UP,UP,NEUTRAL,UP,NEUTRAL,NEUTRAL,UP,DOWN,DOWN,DOWN,DOWN,UP,UP,UP,UP,UP,UP,NEUTRAL,NEUTRAL,UP,bad
60,1min,1770702220,25959.7,25958.5,25961.65,25957.15,25959.94,25960.1,0.87,0.55,25956.55,25961.05,25954.6,25963.6,-0.0,4.5,-1.2,0.0,0.0,0.0,DOWN,DOWN,NEUTRAL,DOWN,NEUTRAL,NEUTRAL,NEUTRAL,NEUTRAL,NEUTRAL,NEUTRAL,NEUTRAL,NEUTRAL,NEUTRAL,NEUTRAL,NEUTRAL,NEUTRAL,NEUTRAL,NEUTRAL,NEUTRAL,NEUTRAL,NEUTRAL,UP,UP,UP,UP,UP,UP,UP,NEUTRAL,NEUTRAL,NEUTRAL,UP,UP,NEUTRAL,UP,UP,NEUTRAL,UP,UP,NEUTRAL,UP,NEUTRAL,NEUTRAL,UP,NEUTRAL,NEUTRAL,DOWN,DOWN,DOWN,DOWN,UP,UP,DOWN,DOWN,UP,UP,UP,DOWN,NEUTRAL,UP,bad
300,5min,1765165671,26163.75,26170.7,26178.4,26142.05,26160.74,26161.85,7.57,4.7,26149.03,26185.38,26127.37,26200.07,0.03,36.35,6.95,0.0,0.0,0.0,,,,,,,,,,,,,,,,,,,,,,,,,,,,,,,,,,,,,,,,,,,,,,,,,,,,,,,,,,,,NEUTRAL,neutral
300,5min,1765165971,26171.15,26136.85,26177.9,26136.85,26162.11,26161.7,9.21,8.25,26123.17,26164.22,26109.48,26191.58,-0.13,41.05,-34.3,0.0,0.0,0.0,,,,,,,,,,,,,,,,,,,,,,,,,,,,,,,,,,,,,,,,,,,,,,,,,,,,,,,,,,,,NEUTRAL,neutral
300,5min,1765166271,26138.05,26135.7,26148.6,26127.25,26137.96,26137.3,4.81,2.8,26125.77,26147.12,26115.83,26158.53,-0.01,21.35,-2.35,0.0,0.0,0.0,,,,,,,,,,,,,,,,,,,,,,,,,,,,,,,,,,,,,,,,,,,,,,,,,,,,,,,,,,,,NEUTRAL,neutral
300,5min,1765166571,26136.0,26124.2,26144.05,26112.0,26128.45,26126.3,9.09,7.9,26109.45,26141.5,26094.7,26158.8,-0.05,32.05,-11.8,0.0,0.0,0.0,,,,,,,,,,,,,,,,,,,,,,,,,,,,,,,,,,,,,,,,,,,,,,,,,,,,,,,,,,,,NEUTRAL,neutral
300,5min,1765166871,26123.3,26122.55,26125.2,26112.25,26119.04,26119.45,2.83,2.0,26114.8,26127.75,26107.05,26132.95,-0.0,12.95,-0.75,0.0,0.0,0.0,,,,,,,,,,,,,,,,,,,,,,,,,,,,,NEUTRAL,NEUTRAL,NEUTRAL,,,,,,,,,,,,,,,,,,,,,,,,,,,,,NEUTRAL,neutral
300,5min,1765167171,26122.9,26106.45,26135.5,26106.2,26123.6,26126.4,8.12,5.9,26096.6,26125.9,26086.75,26145.35,-0.06,29.3,-16.45,0.0,0.0,0.0,UP,UP,UP,,,,,,,,,,,,,,,,,,,,,,,,,,DOWN,DOWN,NEUTRAL,,,,,,,,,,,,,,,,,,,,,,,,,,,,,UP,good
300,5min,1765167471,26106.75,26091.65,26107.95,26084.55,26097.42,26099.0,5.28,3.75,26081.48,26104.88,26071.32,26118.12,-0.06,23.4,-15.1,0.0,0.0,0.0,UP,UP,UP,,,,,,,,,,,,,,,,,,,,,,,,,,DOWN,DOWN,NEUTRAL,,,,,,,,,,,,,,,,,,,,,,,,,,,,,UP,good
300,5min,1765167771,26091.7,26079.6,26092.5,26077.65,26085.07,26085.15,2.95,2.15,26074.0,26088.85,26068.4,26098.1,-0.05,14.85,-12.1,0.0,0.0,0.0,UP,UP,UP,,,,,,,,,,,,,,,,,,,,,,,,,,DOWN,NEUTRAL,NEUTRAL,,,,,,,,,,,,,,,,,,,,,,,,,,,,,UP,good
300,5min,1765168071,26080.65,26084.45,26092.25,26079.15,26084.84,26084.05,3.43,2.45,26078.32,26091.42,26072.18,26098.38,0.01,13.1,3.8,0.0,0.0,0.0,UP,UP,UP,,,,,,,,,,,,,,,,,,,,,,,,,,NEUTRAL,NEUTRAL,NEUTRAL,,,,,,,,,,,,,,,,,,,,,,,,,,,,,UP,good
300,5min,1765168371,26083.7,26078.75,26084.65,26068.7,26077.59,26078.0,3.76,2.25,26070.08,26086.03,26061.42,26093.32,-0.02,15.95,-4.95,0.0,0.0,0.0,UP,UP,UP,,,,,,,,,,,,,,,,,,,,,,,,,,NEUTRAL,NEUTRAL,NEUTRAL,DOWN,NEUTRAL,NEUTRAL,,,,,,,,,,,,,,,,,,,,,,,,,,UP,good
300,5min,1765168671,26079.05,26077.85,26088.05,26075.3,26080.87,26080.5,3.27,2.55,26072.75,26085.5,26067.65,26093.15,-0.0,12.75,-1.2,0.0,0.0,0.0,UP,UP,UP,UP,UP,UP,,,,,,,,,,,,,,,,UP,,,,,,,NEUTRAL,NEUTRAL,NEUTRAL,DOWN,NEUTRAL,NEUTRAL,,,,,,,,,,,,,,,,,,,,,,,,,,UP,good
300,5min,1765168971,26078.15,26086.95,26109.15,26077.25,26091.64,26089.45,8.87,6.85,26073.08,26104.98,26059.22,26123.02,0.03,31.9,8.8,0.0,0.0,0.0,UP,NEUTRAL,NEUTRAL,UP,UP,NEUTRAL,,,,,,,,,,,,,,,,UP,,,,,,,UP,UP,NEUTRAL,NEUTRAL,NEUTRAL,NEUTRAL,,,,,,,,,,,,,,,,,,,,,,,,,,UP,good
300,5min,1765169271,26086.55,26094.2,26095.65,26081.75,26088.15,26087.8,3.0,2.0,26085.42,26099.32,26076.63,26104.43,0.03,13.9,7.65,0.0,0.0,0.0,NEUTRAL,NEUTRAL,NEUTRAL,UP,UP,NEUTRAL,,,,,,,,,,,,,,,,UP,,,,,,,UP,UP,NEUTRAL,NEUTRAL,NEUTRAL,NEUTRAL,,,,,,,,,,,,,DOWN,,,,,,,,,,,,,UP,good
300,5min,1765169571,26094.4,26092.7,26105.6,26089.7,26098.02,26099.3,4.42,2.75,26086.4,26102.3,26080.1,26111.9,-0.01,15.9,-1.7,0.0,0.0,0.0,NEUTRAL,NEUTRAL,NEUTRAL,UP,UP,NEUTRAL,,,,,,,,,,,,,,,,UP,,,,,,,NEUTRAL,NEUTRAL,NEUTRAL,NEUTRAL,NEUTRAL,NEUTRAL,,,,,,,,,,,,,DOWN,,,,,,,,,,,,,UP,good
300,5min,1765169871,26092.65,26096.15,26100.65,26087.8,26095.34,26095.85,2.62,1.5,26089.08,26101.93,26082.02,26107.72,0.01,12.85,3.5,0.0,0.0,0.0,NEUTRAL,NEUTRAL,NEUTRAL,UP,NEUTRAL,NEUTRAL,UP,UP,NEUTRAL,,,,,,,,,,,,,UP,,,,,,,NEUTRAL,NEUTRAL,NEUTRAL,NEUTRAL,NEUTRAL,NEUTRAL,NEUTRAL,NEUTRAL,NEUTRAL,,,,,,,,,,DOWN,,,,,,,,,,,,,UP,bad
300,5min,1765170171,26096.35,26085.0,26097.5,26081.7,26086.72,26085.55,3.61,1.65,26078.63,26094.43,26072.27,26103.87,-0.04,15.8,-11.35,0.0,0.0,0.0,NEUTRAL,NEUTRAL,NEUTRAL,UP,UP,NEUTRAL,UP,UP,NEUTRAL,UP,UP,NEUTRAL,,,,,,,,,,DOWN,,,,,,,DOWN,NEUTRAL,NEUTRAL,NEUTRAL,NEUTRAL,NEUTRAL,NEUTRAL,NEUTRAL,NEUTRAL,,,,,,,,,,DOWN,,,,,,,,,,,,,UP,good
300,5min,1765170471,26084.75,26092.9,26098.7,26084.75,26090.84,26089.95,2.88,1.43,26085.53,26099.48,26078.17,26106.07,0.03,13.95,8.15,0.0,0.0,0.0,NEUTRAL,NEUTRAL,NEUTRAL,UP,NEUTRAL,NEUTRAL,UP,NEUTRAL,NEUTRAL,UP,NEUTRAL,NEUTRAL,,,,,,,,,,UP,,,,,,,NEUTRAL,NEUTRAL,NEUTRAL,NEUTRAL,NEUTRAL,NEUTRAL,NEUTRAL,NEUTRAL,NEUTRAL,,,,,,,,,,DOWN,,,,,,,,,,,NEUTRAL,,UP,bad
300,5min,1765170771,26092.2,26094.45,26101.5,26090.25,26095.57,26095.35,2.25,1.4,26089.3,26100.55,26084.15,26106.65,0.01,11.25,2.25,0.0,0.0,0.0,NEUTRAL,NEUTRAL,NEUTRAL,UP,NEUTRAL,NEUTRAL,UP,NEUTRAL,NEUTRAL,UP,NEUTRAL,NEUTRAL,,,,,,,,,,UP,,,,,,,NEUTRAL,NEUTRAL,NEUTRAL,NEUTRAL,NEUTRAL,NEUTRAL,NEUTRAL,NEUTRAL,NEUTRAL,,,,,,,,,,DOWN,,,,,,,,,,,NEUTRAL,,UP,bad
300,5min,1765171071,26093.9,26082.4,26096.05,26079.25,26085.3,26083.55,4.42,1.95,26075.75,26092.55,26069.1,26102.7,-0.04,16.8,-11.5,0.0,0.0,0.0,NEUTRAL,NEUTRAL,NEUTRAL,UP,NEUTRAL,NEUTRAL,UP,NEUTRAL,NEUTRAL,UP,NEUTRAL,NEUTRAL,,,,,,,,,,DOWN,,,,,,,DOWN,NEUTRAL,NEUTRAL,NEUTRAL,NEUTRAL,NEUTRAL,NEUTRAL,NEUTRAL,NEUTRAL,,,,,,,,,,DOWN,,,,,,,,,,,NEUTRAL,NEUTRAL,NEUTRAL,neutral
300,5min,1765171371,26081.65,26088.5,26097.4,26080.9,26092.0,26092.9,3.85,2.25,26080.47,26096.97,26072.43,26105.43,0.03,16.5,6.85,0.0,0.0,0.0,NEUTRAL,NEUTRAL,NEUTRAL,NEUTRAL,NEUTRAL,NEUTRAL,UP,NEUTRAL,NEUTRAL,UP,NEUTRAL,NEUTRAL,,,,,,,,,,DOWN,,,,,,,NEUTRAL,NEUTRAL,NEUTRAL,NEUTRAL,NEUTRAL,NEUTRAL,NEUTRAL,NEUTRAL,NEUTRAL,NEUTRAL,NEUTRAL,NEUTRAL,,,,,,,UP,,,,,,,,,,,NEUTRAL,NEUTRAL,UP,bad
300,5min,1765171671,26088.3,26063.5,26088.85,26060.75,26071.55,26070.62,7.61,6.25,26053.22,26081.32,26042.93,26099.13,-0.1,28.1,-24.8,0.0,0.0,0.0,UP,NEUTRAL,NEUTRAL,UP,NEUTRAL,NEUTRAL,UP,NEUTRAL,NEUTRAL,UP,NEUTRAL,NEUTRAL,UP,NEUTRAL,NEUTRAL,,,,,,,DOWN,,,,,,,DOWN,DOWN,NEUTRAL,DOWN,DOWN,DOWN,DOWN,DOWN,DOWN,DOWN,DOWN,NEUTRAL,,,,,,,DOWN,DOWN,,,,,,,,,,NEUTRAL,NEUTRAL,DOWN,good
300,5min,1765171971,26064.2,26063.05,26066.55,26057.5,26062.57,26062.85,2.03,1.6,26058.18,26067.23,26053.32,26071.42,-0.0,9.05,-1.15,0.0,0.0,0.0,UP,NEUTRAL,NEUTRAL,UP,NEUTRAL,NEUTRAL,UP,NEUTRAL,NEUTRAL,UP,NEUTRAL,NEUTRAL,UP,NEUTRAL,NEUTRAL,,,,,,,DOWN,DOWN,,,,,,DOWN,NEUTRAL,NEUTRAL,DOWN,DOWN,NEUTRAL,DOWN,DOWN,DOWN,DOWN,DOWN,NEUTRAL,,,,,,,DOWN,DOWN,,,,,,,,,,NEUTRAL,NEUTRAL,DOWN,good
300,5min,1765172271,26063.45,26070.95,26080.7,26051.9,26066.9,26069.1,7.49,7.25,26055.0,26083.8,26039.05,26096.65,0.03,28.8,7.5,0.0,0.0,0.0,NEUTRAL,NEUTRAL,NEUTRAL,UP,NEUTRAL,NEUTRAL,UP,NEUTRAL,NEUTRAL,UP,NEUTRAL,NEUTRAL,UP,NEUTRAL,NEUTRAL,,,,,,,DOWN,DOWN,,,,,,NEUTRAL,NEUTRAL,NEUTRAL,NEUTRAL,NEUTRAL,NEUTRAL,DOWN,NEUTRAL,NEUTRAL,DOWN,NEUTRAL,NEUTRAL,,,,,,,UP,DOWN,,,,,,,,,,NEUTRAL,NEUTRAL,NEUTRAL,neutral
300,5min,1765172571,26071.4,26066.7,26072.5,26065.25,26069.31,26069.4,1.52,1.1,26063.8,26071.05,26060.9,26075.4,-0.02,7.25,-4.7,0.0,0.0,0.0,NEUTRAL,NEUTRAL,NEUTRAL,UP,NEUTRAL,NEUTRAL,UP,NEUTRAL,NEUTRAL,UP,NEUTRAL,NEUTRAL,UP,NEUTRAL,NEUTRAL,,,,,,,UP,DOWN,,,,,,NEUTRAL,NEUTRAL,NEUTRAL,DOWN,NEUTRAL,NEUTRAL,DOWN,NEUTRAL,NEUTRAL,DOWN,NEUTRAL,NEUTRAL,,,,,,,UP,DOWN,,,,,,,,,,NEUTRAL,NEUTRAL,UP,good
300,5min,1765172871,26066.95,26067.9,26069.3,26056.55,26062.36,26061.57,3.11,2.17,26059.87,26072.62,26051.83,26077.33,0.0,12.75,0.95,0.0,0.0,0.0,NEUTRAL,NEUTRAL,NEUTRAL,UP,NEUTRAL,NEUTRAL,UP,NEUTRAL,NEUTRAL,UP,NEUTRAL,NEUTRAL,UP,NEUTRAL,NEUTRAL,,,,,,,UP,DOWN,,,,,,NEUTRAL,NEUTRAL,NEUTRAL,NEUTRAL,NEUTRAL,NEUTRAL,DOWN,NEUTRAL,NEUTRAL,DOWN,NEUTRAL,NEUTRAL,DOWN,NEUTRAL,NEUTRAL,,,,DOWN,DOWN,,,,,,,,,,NEUTRAL,NEUTRAL,DOWN,good
300,5min,1765173171,26068.6,26076.15,26077.85,26067.25,26074.11,26074.2,1.61,1.15,26069.65,26080.25,26063.15,26084.35,0.03,10.6,7.55,0.0,0.0,0.0,NEUTRAL,NEUTRAL,NEUTRAL,NEUTRAL,NEUTRAL,NEUTRAL,NEUTRAL,NEUTRAL,NEUTRAL,NEUTRAL,NEUTRAL,NEUTRAL,UP,NEUTRAL,NEUTRAL,UP,NEUTRAL,NEUTRAL,,,,UP,UP,,,,,,UP,UP,NEUTRAL,NEUTRAL,NEUTRAL,NEUTRAL,NEUTRAL,NEUTRAL,NEUTRAL,NEUTRAL,NEUTRAL,NEUTRAL,NEUTRAL,NEUTRAL,NEUTRAL,,,,UP,DOWN,,,,,,,,,,NEUTRAL,NEUTRAL,UP,bad
300,5min,1765173471,26076.3,26064.85,26077.1,26064.85,26071.02,26070.45,2.56,1.3,26060.77,26073.02,26056.68,26081.18,-0.04,12.25,-11.45,0.0,0.0,0.0,NEUTRAL,NEUTRAL,NEUTRAL,NEUTRAL,NEUTRAL,NEUTRAL,UP,NEUTRAL,NEUTRAL,UP,NEUTRAL,NEUTRAL,UP,NEUTRAL,NEUTRAL,UP,NEUTRAL,NEUTRAL,,,,UP,DOWN,,,,,,DOWN,NEUTRAL,NEUTRAL,NEUTRAL,NEUTRAL,NEUTRAL,DOWN,NEUTRAL,NEUTRAL,DOWN,NEUTRAL,NEUTRAL,DOWN,NEUTRAL,NEUTRAL,,,,DOWN,DOWN,,,,,,,,,,NEUTRAL,NEUTRAL,DOWN,good
300,5min,1765173771,26064.8,26064.95,26070.7,26059.6,26064.14,26064.1,2.21,1.52,26059.47,26070.57,26053.98,26076.18,0.0,11.1,0.15,0.0,0.0,0.0,NEUTRAL,NEUTRAL,NEUTRAL,NEUTRAL,NEUTRAL,NEUTRAL,UP,NEUTRAL,NEUTRAL,UP,NEUTRAL,NEUTRAL,UP,NEUTRAL,NEUTRAL,UP,NEUTRAL,NEUTRAL,,,,UP,DOWN,,,,,,NEUTRAL,NEUTRAL,NEUTRAL,NEUTRAL,NEUTRAL,NEUTRAL,DOWN,NEUTRAL,NEUTRAL,DOWN,NEUTRAL,NEUTRAL,DOWN,NEUTRAL,NEUTRAL,,,,UP,UP,DOWN,,,,,,,,,NEUTRAL,NEUTRAL,UP,bad
300,5min,1765174071,26064.2,26051.05,26066.4,26049.65,26061.19,26061.45,2.87,1.45,26045.0,26061.75,26038.95,26072.45,-0.05,16.75,-13.15,0.0,0.0,0.0,UP,NEUTRAL,NEUTRAL,UP,NEUTRAL,NEUTRAL,UP,NEUTRAL,NEUTRAL,UP,NEUTRAL,NEUTRAL,UP,NEUTRAL,NEUTRAL,UP,NEUTRAL,NEUTRAL,,,,DOWN,DOWN,,,,,,DOWN,DOWN,NEUTRAL,DOWN,DOWN,NEUTRAL,DOWN,DOWN,NEUTRAL,DOWN,DOWN,DOWN,DOWN,DOWN,NEUTRAL,,,,UP,DOWN,DOWN,,,,,,,DOWN,,NEUTRAL,NEUTRAL,DOWN,good
300,5min,1765174371,26050.45,26066.1,26069.3,26042.05,26059.03,26062.4,7.17,2.6,26049.0,26076.25,26031.9,26086.4,0.06,27.25,15.65,0.0,0.0,0.0,NEUTRAL,NEUTRAL,NEUTRAL,NEUTRAL,NEUTRAL,NEUTRAL,NEUTRAL,NEUTRAL,NEUTRAL,NEUTRAL,NEUTRAL,NEUTRAL,NEUTRAL,NEUTRAL,NEUTRAL,UP,NEUTRAL,NEUTRAL,,,,UP,DOWN,,,,,,NEUTRAL,NEUTRAL,NEUTRAL,NEUTRAL,NEUTRAL,NEUTRAL,NEUTRAL,NEUTRAL,NEUTRAL,NEUTRAL,NEUTRAL,NEUTRAL,DOWN,NEUTRAL,NEUTRAL,NEUTRAL,NEUTRAL,NEUTRAL,DOWN,DOWN,DOWN,,,,,,,DOWN,,NEUTRAL,NEUTRAL,DOWN,good
300,5min,1765174671,26066.3,26062.35,26074.05,26061.75,26068.15,26068.0,2.61,1.9,26058.05,26070.35,26053.75,26078.35,-0.02,12.3,-3.95,0.0,0.0,0.0,NEUTRAL,NEUTRAL,NEUTRAL,NEUTRAL,NEUTRAL,NEUTRAL,NEUTRAL,NEUTRAL,NEUTRAL,NEUTRAL,NEUTRAL,NEUTRAL,NEUTRAL,NEUTRAL,NEUTRAL,UP,NEUTRAL,NEUTRAL,UP,NEUTRAL,NEUTRAL,UP,DOWN,,,,,,NEUTRAL,NEUTRAL,NEUTRAL,NEUTRAL,NEUTRAL,NEUTRAL,NEUTRAL,NEUTRAL,NEUTRAL,DOWN,NEUTRAL,NEUTRAL,DOWN,NEUTRAL,NEUTRAL,DOWN,NEUTRAL,NEUTRAL,UP,UP,DOWN,,,,,,,DOWN,,NEUTRAL,NEUTRAL,DOWN,good
300,5min,1765174971,26062.85,26056.75,26067.0,26056.75,26062.11,26062.15,1.72,1.1,26053.33,26063.58,26049.92,26070.42,-0.02,10.25,-6.1,0.0,0.0,0.0,NEUTRAL,NEUTRAL,NEUTRAL,NEUTRAL,NEUTRAL,NEUTRAL,NEUTRAL,NEUTRAL,NEUTRAL,NEUTRAL,NEUTRAL,NEUTRAL,UP,NEUTRAL,NEUTRAL,UP,NEUTRAL,NEUTRAL,UP,NEUTRAL,NEUTRAL,DOWN,DOWN,,,,,,NEUTRAL,NEUTRAL,NEUTRAL,DOWN,NEUTRAL,NEUTRAL,DOWN,NEUTRAL,NEUTRAL,DOWN,NEUTRAL,NEUTRAL,DOWN,DOWN,NEUTRAL,DOWN,NEUTRAL,NEUTRAL,DOWN,UP,DOWN,,,,,,,DOWN,,NEUTRAL,NEUTRAL,DOWN,good
300,5min,1765175271,26057.15,26049.7,26061.45,26046.15,26055.16,26056.15,4.03,2.25,26043.42,26058.72,26037.13,26067.73,-0.03,15.3,-7.45,0.0,0.0,0.0,NEUTRAL,NEUTRAL,NEUTRAL,NEUTRAL,NEUTRAL,NEUTRAL,UP,NEUTRAL,NEUTRAL,UP,NEUTRAL,NEUTRAL,UP,NEUTRAL,NEUTRAL,UP,NEUTRAL,NEUTRAL,UP,NEUTRAL,NEUTRAL,DOWN,DOWN,UP,,,,,DOWN,NEUTRAL,NEUTRAL,DOWN,DOWN,NEUTRAL,DOWN,DOWN,NEUTRAL,DOWN,DOWN,NEUTRAL,DOWN,DOWN,NEUTRAL,DOWN,DOWN,NEUTRAL,DOWN,DOWN,DOWN,,,,,,,DOWN,,NEUTRAL,NEUTRAL,DOWN,good
300,5min,1765175571,26049.75,26049.35,26052.3,26043.9,26048.01,26047.85,1.7,1.25,26044.73,26053.13,26040.12,26056.92,-0.0,8.4,-0.4,0.0,0.0,0.0,NEUTRAL,NEUTRAL,NEUTRAL,NEUTRAL,NEUTRAL,NEUTRAL,UP,NEUTRAL,NEUTRAL,UP,NEUTRAL,NEUTRAL,UP,NEUTRAL,NEUTRAL,UP,NEUTRAL,NEUTRAL,UP,NEUTRAL,NEUTRAL,DOWN,DOWN,DOWN,,,,,DOWN,NEUTRAL,NEUTRAL,DOWN,NEUTRAL,NEUTRAL,DOWN,NEUTRAL,NEUTRAL,DOWN,NEUTRAL,NEUTRAL,DOWN,DOWN,NEUTRAL,DOWN,DOWN,NEUTRAL,UP,UP,DOWN,,,,,,,DOWN,,NEUTRAL,NEUTRAL,DOWN,good
300,5min,1765175871,26048.0,26049.1,26053.15,26044.2,26048.25,26048.05,1.72,1.05,26044.48,26053.43,26039.87,26057.77,0.0,8.95,1.1,0.0,0.0,0.0,UP,NEUTRAL,NEUTRAL,NEUTRAL,NEUTRAL,NEUTRAL,UP,NEUTRAL,NEUTRAL,UP,NEUTRAL,NEUTRAL,UP,NEUTRAL,NEUTRAL,UP,NEUTRAL,NEUTRAL,UP,NEUTRAL,NEUTRAL,DOWN,DOWN,DOWN,UP,,,,NEUTRAL,NEUTRAL,NEUTRAL,DOWN,NEUTRAL,NEUTRAL,DOWN,DOWN,NEUTRAL,DOWN,NEUTRAL,NEUTRAL,DOWN,DOWN,NEUTRAL,DOWN,DOWN,NEUTRAL,DOWN,DOWN,UP,DOWN,,,,,,DOWN,,UP,NEUTRAL,DOWN,good
300,5min,1765176171,26049.0,26042.65,26050.3,26034.0,26042.28,26043.02,4.75,4.52,26034.33,26050.63,26026.02,26058.62,-0.02,16.3,-6.35,0.0,0.0,0.0,UP,NEUTRAL,NEUTRAL,UP,NEUTRAL,NEUTRAL,UP,NEUTRAL,NEUTRAL,UP,NEUTRAL,NEUTRAL,UP,NEUTRAL,NEUTRAL,UP,NEUTRAL,NEUTRAL,UP,NEUTRAL,NEUTRAL,DOWN,DOWN,DOWN,DOWN,,,,DOWN,DOWN,NEUTRAL,DOWN,DOWN,NEUTRAL,DOWN,DOWN,NEUTRAL,DOWN,DOWN,NEUTRAL,DOWN,DOWN,NEUTRAL,DOWN,DOWN,NEUTRAL,UP,UP,DOWN,DOWN,,,,,,DOWN,,UP,NEUTRAL,DOWN,good
300,5min,1765176471,26043.6,26043.3,26046.6,26036.0,26041.19,26041.2,1.6,1.05,26037.33,26047.93,26031.37,26052.57,-0.0,10.6,-0.3,0.0,0.0,0.0,UP,NEUTRAL,NEUTRAL,UP,NEUTRAL,NEUTRAL,UP,NEUTRAL,NEUTRAL,UP,NEUTRAL,NEUTRAL,UP,NEUTRAL,NEUTRAL,UP,NEUTRAL,NEUTRAL,UP,NEUTRAL,NEUTRAL,DOWN,DOWN,DOWN,DOWN,,,,DOWN,NEUTRAL,NEUTRAL,DOWN,NEUTRAL,NEUTRAL,DOWN,DOWN,NEUTRAL,DOWN,NEUTRAL,NEUTRAL,DOWN,DOWN,NEUTRAL,DOWN,DOWN,NEUTRAL,UP,UP,DOWN,DOWN,,,,,,DOWN,,NEUTRAL,NEUTRAL,DOWN,good
300,5min,1765176771,26043.45,26035.95,26048.8,26035.05,26041.82,26042.0,2.77,2.25,26031.07,26044.82,26026.18,26053.68,-0.03,13.75,-7.5,0.0,0.0,0.0,UP,UP,NEUTRAL,UP,NEUTRAL,NEUTRAL,UP,NEUTRAL,NEUTRAL,UP,NEUTRAL,NEUTRAL,UP,NEUTRAL,NEUTRAL,UP,NEUTRAL,NEUTRAL,UP,NEUTRAL,NEUTRAL,DOWN,DOWN,DOWN,DOWN,,,,DOWN,DOWN,NEUTRAL,DOWN,DOWN,NEUTRAL,DOWN,DOWN,NEUTRAL,DOWN,DOWN,NEUTRAL,DOWN,DOWN,NEUTRAL,DOWN,DOWN,NEUTRAL,DOWN,DOWN,UP,DOWN,,,,,,DOWN,,NEUTRAL,NEUTRAL,DOWN,good
300,5min,1765177071,26035.4,26023.35,26036.25,26014.1,26022.88,26023.75,4.89,4.38,26012.88,26035.03,26002.42,26046.72,-0.05,22.15,-12.05,0.0,0.0,0.0,UP,UP,NEUTRAL,UP,NEUTRAL,NEUTRAL,UP,NEUTRAL,NEUTRAL,UP,NEUTRAL,NEUTRAL,UP,NEUTRAL,NEUTRAL,UP,NEUTRAL,NEUTRAL,UP,NEUTRAL,NEUTRAL,DOWN,DOWN,DOWN,DOWN,,,,DOWN,DOWN,NEUTRAL,DOWN,DOWN,DOWN,DOWN,DOWN,DOWN,DOWN,DOWN,DOWN,DOWN,DOWN,DOWN,DOWN,DOWN,DOWN,UP,UP,UP,DOWN,,,,,,DOWN,,UP,NEUTRAL,DOWN,good
300,5min,1765177371,26022.25,26022.15,26025.2,26012.65,26018.88,26018.6,2.55,1.9,26014.8,26027.35,26007.45,26032.55,-0.0,12.55,-0.1,0.0,0.0,0.0,UP,UP,NEUTRAL,UP,NEUTRAL,NEUTRAL,UP,NEUTRAL,NEUTRAL,UP,NEUTRAL,NEUTRAL,UP,NEUTRAL,NEUTRAL,UP,NEUTRAL,NEUTRAL,UP,NEUTRAL,NEUTRAL,DOWN,DOWN,DOWN,DOWN,,,,DOWN,NEUTRAL,NEUTRAL,DOWN,DOWN,NEUTRAL,DOWN,DOWN,NEUTRAL,DOWN,DOWN,DOWN,DOWN,DOWN,DOWN,DOWN,DOWN,DOWN,DOWN,DOWN,DOWN,DOWN,,,,,,DOWN,,UP,UP,DOWN,good
300,5min,1765177671,26021.3,26019.05,26027.9,26014.0,26020.3,26020.35,2.77,2.05,26012.73,26026.63,26006.42,26034.22,-0.01,13.9,-2.25,0.0,0.0,0.0,UP,UP,UP,UP,UP,NEUTRAL,UP,NEUTRAL,NEUTRAL,UP,NEUTRAL,NEUTRAL,UP,NEUTRAL,NEUTRAL,UP,NEUTRAL,NEUTRAL,UP,NEUTRAL,NEUTRAL,DOWN,DOWN,DOWN,DOWN,,,,DOWN,NEUTRAL,NEUTRAL,DOWN,DOWN,NEUTRAL,DOWN,DOWN,NEUTRAL,DOWN,DOWN,DOWN,DOWN,DOWN,NEUTRAL,DOWN,DOWN,DOWN,UP,DOWN,UP,DOWN,,,,,,DOWN,DOWN,NEUTRAL,NEUTRAL,DOWN,good
300,5min,1765177971,26019.95,26020.2,26021.8,26010.95,26016.91,26016.88,2.32,1.83,26013.5,26024.35,26006.8,26028.5,0.0,10.85,0.25,0.0,0.0,0.0,UP,UP,NEUTRAL,UP,NEUTRAL,NEUTRAL,UP,NEUTRAL,NEUTRAL,UP,NEUTRAL,NEUTRAL,UP,NEUTRAL,NEUTRAL,UP,NEUTRAL,NEUTRAL,UP,NEUTRAL,NEUTRAL,UP,DOWN,DOWN,DOWN,,,,NEUTRAL,NEUTRAL,NEUTRAL,DOWN,NEUTRAL,NEUTRAL,DOWN,NEUTRAL,NEUTRAL,DOWN,DOWN,NEUTRAL,DOWN,DOWN,NEUTRAL,DOWN,DOWN,NEUTRAL,DOWN,UP,DOWN,UP,DOWN,,,,,DOWN,DOWN,UP,UP,DOWN,good
300,5min,1765178271,26019.9,26017.2,26026.55,26014.35,26019.3,26018.8,2.62,1.5,26012.18,26024.38,26007.17,26031.57,-0.01,12.2,-2.7,0.0,0.0,0.0,UP,UP,NEUTRAL,UP,UP,NEUTRAL,UP,NEUTRAL,NEUTRAL,UP,NEUTRAL,NEUTRAL,UP,NEUTRAL,NEUTRAL,UP,NEUTRAL,NEUTRAL,UP,NEUTRAL,NEUTRAL,UP,DOWN,DOWN,DOWN,,,,DOWN,NEUTRAL,NEUTRAL,DOWN,NEUTRAL,NEUTRAL,DOWN,NEUTRAL,NEUTRAL,DOWN,DOWN,NEUTRAL,DOWN,DOWN,NEUTRAL,DOWN,DOWN,NEUTRAL,DOWN,DOWN,UP,DOWN,DOWN,,,,,DOWN,DOWN,NEUTRAL,NEUTRAL,DOWN,good
300,5min,1765178571,26016.05,26010.75,26018.75,26009.25,26014.02,26013.95,2.01,1.5,26007.08,26016.58,26003.42,26022.42,-0.02,9.5,-5.3,0.0,0.0,0.0,UP,UP,UP,UP,UP,NEUTRAL,UP,UP,NEUTRAL,UP,NEUTRAL,NEUTRAL,UP,NEUTRAL,NEUTRAL,UP,NEUTRAL,NEUTRAL,UP,NEUTRAL,NEUTRAL,DOWN,DOWN,DOWN,DOWN,DOWN,,,DOWN,DOWN,NEUTRAL,DOWN,NEUTRAL,NEUTRAL,DOWN,DOWN,NEUTRAL,DOWN,DOWN,NEUTRAL,DOWN,DOWN,NEUTRAL,DOWN,DOWN,NEUTRAL,DOWN,UP,UP,DOWN,DOWN,,,,,DOWN,DOWN,NEUTRAL,NEUTRAL,DOWN,good
300,5min,1765178871,26010.7,26015.25,26020.55,26004.7,26011.52,26011.05,3.26,1.6,26006.45,26022.3,25997.65,26029.35,0.02,15.85,4.55,0.0,0.0,0.0,UP,NEUTRAL,NEUTRAL,UP,NEUTRAL,NEUTRAL,UP,NEUTRAL,NEUTRAL,UP,NEUTRAL,NEUTRAL,UP,NEUTRAL,NEUTRAL,UP,NEUTRAL,NEUTRAL,UP,NEUTRAL,NEUTRAL,UP,DOWN,DOWN,DOWN,DOWN,,,NEUTRAL,NEUTRAL,NEUTRAL,NEUTRAL,NEUTRAL,NEUTRAL,DOWN,NEUTRAL,NEUTRAL,DOWN,NEUTRAL,NEUTRAL,DOWN,DOWN,NEUTRAL,DOWN,DOWN,NEUTRAL,DOWN,UP,DOWN,UP,DOWN,,,,,DOWN,DOWN,UP,UP,DOWN,good
300,5min,1765179171,26015.35,26026.55,26032.2,26015.15,26023.78,26023.6,4.07,2.4,26017.07,26034.12,26007.58,26041.68,0.04,17.05,11.2,0.0,0.0,0.0,NEUTRAL,NEUTRAL,NEUTRAL,NEUTRAL,NEUTRAL,NEUTRAL,NEUTRAL,NEUTRAL,NEUTRAL,NEUTRAL,NEUTRAL,NEUTRAL,NEUTRAL,NEUTRAL,NEUTRAL,UP,NEUTRAL,NEUTRAL,UP,NEUTRAL,NEUTRAL,UP,UP,DOWN,DOWN,DOWN,,,UP,UP,NEUTRAL,NEUTRAL,NEUTRAL,NEUTRAL,NEUTRAL,NEUTRAL,NEUTRAL,NEUTRAL,NEUTRAL,NEUTRAL,NEUTRAL,NEUTRAL,NEUTRAL,DOWN,NEUTRAL,NEUTRAL,DOWN,DOWN,UP,UP,DOWN,,,,,DOWN,DOWN,NEUTRAL,NEUTRAL,DOWN,good
300,5min,1765179471,26026.45,26032.15,26033.2,26016.8,26023.81,26023.05,3.25,2.05,26021.57,26037.97,26010.98,26043.78,0.02,16.4,5.7,0.0,0.0,0.0,NEUTRAL,NEUTRAL,NEUTRAL,NEUTRAL,NEUTRAL,NEUTRAL,NEUTRAL,NEUTRAL,NEUTRAL,NEUTRAL,NEUTRAL,NEUTRAL,NEUTRAL,NEUTRAL,NEUTRAL,NEUTRAL,NEUTRAL,NEUTRAL,NEUTRAL,NEUTRAL,NEUTRAL,UP,UP,UP,UP,DOWN,,,UP,UP,NEUTRAL,UP,NEUTRAL,NEUTRAL,NEUTRAL,NEUTRAL,NEUTRAL,NEUTRAL,NEUTRAL,NEUTRAL,NEUTRAL,NEUTRAL,NEUTRAL,NEUTRAL,NEUTRAL,NEUTRAL,DOWN,UP,DOWN,DOWN,DOWN,,,,,DOWN,DOWN,NEUTRAL,NEUTRAL,UP,bad
300,5min,1765179771,26031.65,26014.7,26040.8,26011.9,26027.58,26028.5,7.12,3.98,26004.13,26033.03,25993.57,26051.37,-0.07,28.9,-16.95,0.0,0.0,0.0,NEUTRAL,NEUTRAL,NEUTRAL,NEUTRAL,NEUTRAL,NEUTRAL,NEUTRAL,NEUTRAL,NEUTRAL,NEUTRAL,NEUTRAL,NEUTRAL,UP,NEUTRAL,NEUTRAL,UP,NEUTRAL,NEUTRAL,UP,NEUTRAL,NEUTRAL,DOWN,UP,UP,UP,DOWN,,,NEUTRAL,NEUTRAL,NEUTRAL,NEUTRAL,NEUTRAL,NEUTRAL,DOWN,NEUTRAL,NEUTRAL,DOWN,NEUTRAL,NEUTRAL,DOWN,NEUTRAL,NEUTRAL,DOWN,NEUTRAL,NEUTRAL,UP,DOWN,DOWN,UP,DOWN,,,,,DOWN,DOWN,NEUTRAL,NEUTRAL,DOWN,good
300,5min,1765180071,26014.6,25975.2,26016.1,25973.2,25996.35,26000.15,14.6,13.6,25960.23,26003.13,25945.27,26031.07,-0.15,42.9,-39.4,0.0,0.0,0.0,UP,UP,NEUTRAL,UP,NEUTRAL,NEUTRAL,UP,NEUTRAL,NEUTRAL,UP,NEUTRAL,NEUTRAL,UP,NEUTRAL,NEUTRAL,UP,NEUTRAL,NEUTRAL,UP,NEUTRAL,NEUTRAL,DOWN,DOWN,DOWN,DOWN,DOWN,,,DOWN,DOWN,NEUTRAL,DOWN,DOWN,DOWN,DOWN,DOWN,DOWN,DOWN,DOWN,DOWN,DOWN,DOWN,DOWN,DOWN,DOWN,DOWN,DOWN,UP,UP,DOWN,UP,DOWN,,,,DOWN,DOWN,NEUTRAL,NEUTRAL,DOWN,good
300,5min,1765180371,25974.05,25965.3,25974.6,25964.25,25968.99,25968.5,2.41,1.7,25961.5,25971.85,25957.7,25978.4,-0.03,10.35,-8.75,0.0,0.0,0.0,UP,UP,NEUTRAL,UP,UP,NEUTRAL,UP,NEUTRAL,NEUTRAL,UP,NEUTRAL,NEUTRAL,UP,NEUTRAL,NEUTRAL,UP,NEUTRAL,NEUTRAL,UP,NEUTRAL,NEUTRAL,DOWN,DOWN,DOWN,DOWN,DOWN,,,DOWN,NEUTRAL,NEUTRAL,DOWN,DOWN,DOWN,DOWN,DOWN,DOWN,DOWN,DOWN,DOWN,DOWN,DOWN,DOWN,DOWN,DOWN,DOWN,DOWN,DOWN,DOWN,UP,DOWN,DOWN,,,,DOWN,DOWN,NEUTRAL,NEUTRAL,DOWN,good
300,5min,1765180671,25964.35,25928.65,25964.75,25927.05,25951.07,25954.85,9.36,2.05,25915.55,25953.25,25902.45,25977.85,-0.14,37.7,-35.7,0.0,0.0,0.0,UP,UP,UP,UP,UP,NEUTRAL,UP,UP,NEUTRAL,UP,UP,NEUTRAL,UP,UP,NEUTRAL,UP,UP,NEUTRAL,UP,UP,NEUTRAL,DOWN,DOWN,DOWN,DOWN,DOWN,,,DOWN,NEUTRAL,NEUTRAL,DOWN,DOWN,DOWN,DOWN,DOWN,DOWN,DOWN,DOWN,DOWN,DOWN,DOWN,DOWN,DOWN,DOWN,DOWN,DOWN,DOWN,UP,UP,DOWN,DOWN,,,,DOWN,DOWN,NEUTRAL,NEUTRAL,DOWN,good
300,5min,1765180971,25928.15,25919.85,25929.3,25903.1,25914.72,25913.8,6.39,3.7,25905.53,25931.73,25891.22,25943.62,-0.03,26.2,-8.3,0.0,0.0,0.0,UP,UP,UP,UP,UP,NEUTRAL,UP,UP,NEUTRAL,UP,UP,NEUTRAL,UP,UP,NEUTRAL,UP,UP,NEUTRAL,UP,UP,NEUTRAL,DOWN,DOWN,DOWN,DOWN,DOWN,,,DOWN,NEUTRAL,NEUTRAL,DOWN,DOWN,NEUTRAL,DOWN,DOWN,DOWN,DOWN,DOWN,DOWN,DOWN,DOWN,DOWN,DOWN,DOWN,DOWN,DOWN,DOWN,UP,DOWN,UP,DOWN,,,,DOWN,DOWN,UP,UP,DOWN,good
300,5min,1765181271,25920.55,25930.25,25935.15,25913.7,25921.39,25920.38,4.76,2.42,25917.58,25939.03,25904.92,25947.82,0.04,21.45,9.7,0.0,0.0,0.0,UP,NEUTRAL,NEUTRAL,UP,UP,NEUTRAL,UP,NEUTRAL,NEUTRAL,UP,NEUTRAL,NEUTRAL,UP,NEUTRAL,NEUTRAL,UP,NEUTRAL,NEUTRAL,UP,NEUTRAL,NEUTRAL,DOWN,DOWN,DOWN,DOWN,DOWN,,,NEUTRAL,NEUTRAL,NEUTRAL,DOWN,NEUTRAL,NEUTRAL,DOWN,DOWN,NEUTRAL,DOWN,DOWN,NEUTRAL,DOWN,DOWN,DOWN,DOWN,DOWN,DOWN,UP,DOWN,DOWN,UP,UP,DOWN,,,,DOWN,DOWN,UP,UP,DOWN,good
300,5min,1765181571,25931.35,25930.45,25936.15,25918.0,25926.38,25924.35,5.15,4.3,25920.25,25938.4,25910.05,25946.35,-0.0,18.15,-0.9,0.0,0.0,0.0,UP,NEUTRAL,NEUTRAL,UP,UP,NEUTRAL,UP,NEUTRAL,NEUTRAL,UP,NEUTRAL,NEUTRAL,UP,NEUTRAL,NEUTRAL,UP,NEUTRAL,NEUTRAL,UP,NEUTRAL,NEUTRAL,UP,DOWN,DOWN,DOWN,DOWN,,,NEUTRAL,NEUTRAL,NEUTRAL,DOWN,NEUTRAL,NEUTRAL,DOWN,NEUTRAL,NEUTRAL,DOWN,DOWN,NEUTRAL,DOWN,DOWN,NEUTRAL,DOWN,DOWN,DOWN,DOWN,DOWN,UP,DOWN,DOWN,DOWN,,,,DOWN,DOWN,UP,UP,DOWN,good
300,5min,1765181871,25929.95,25932.0,25940.25,25926.65,25934.65,25935.45,2.94,1.65,25925.68,25939.28,25919.37,25946.57,0.01,13.6,2.05,0.0,0.0,0.0,UP,NEUTRAL,NEUTRAL,UP,NEUTRAL,NEUTRAL,UP,NEUTRAL,NEUTRAL,UP,NEUTRAL,NEUTRAL,UP,NEUTRAL,NEUTRAL,UP,NEUTRAL,NEUTRAL,UP,NEUTRAL,NEUTRAL,UP,DOWN,DOWN,DOWN,DOWN,DOWN,,NEUTRAL,NEUTRAL,NEUTRAL,NEUTRAL,NEUTRAL,NEUTRAL,DOWN,NEUTRAL,NEUTRAL,DOWN,NEUTRAL,NEUTRAL,DOWN,DOWN,NEUTRAL,DOWN,DOWN,NEUTRAL,DOWN,DOWN,DOWN,DOWN,UP,DOWN,,,,DOWN,DOWN,NEUTRAL,NEUTRAL,DOWN,good
300,5min,1765182171,25931.35,25923.55,25935.75,25915.7,25927.28,25928.6,5.34,4.25,25914.25,25934.3,25904.95,25945.05,-0.03,20.05,-7.8,0.0,0.0,0.0,UP,UP,NEUTRAL,UP,UP,NEUTRAL,UP,NEUTRAL,NEUTRAL,UP,NEUTRAL,NEUTRAL,UP,NEUTRAL,NEUTRAL,UP,NEUTRAL,NEUTRAL,UP,NEUTRAL,NEUTRAL,UP,DOWN,DOWN,DOWN,DOWN,DOWN,,NEUTRAL,NEUTRAL,NEUTRAL,NEUTRAL,NEUTRAL,NEUTRAL,DOWN,NEUTRAL,NEUTRAL,DOWN,NEUTRAL,NEUTRAL,DOWN,DOWN,NEUTRAL,DOWN,DOWN,NEUTRAL,UP,UP,UP,UP,DOWN,UP,DOWN,,,DOWN,DOWN,NEUTRAL,NEUTRAL,NEUTRAL,neutral
300,5min,1765182471,25922.75,25920.5,25934.4,25917.45,25924.77,25923.48,4.44,2.68,25913.83,25930.78,25907.17,25941.07,-0.01,16.95,-2.25,0.0,0.0,0.0,UP,UP,NEUTRAL,UP,UP,NEUTRAL,UP,UP,NEUTRAL,UP,UP,NEUTRAL,UP,NEUTRAL,NEUTRAL,UP,NEUTRAL,NEUTRAL,UP,NEUTRAL,NEUTRAL,UP,DOWN,DOWN,DOWN,DOWN,DOWN,,DOWN,DOWN,NEUTRAL,NEUTRAL,NEUTRAL,NEUTRAL,DOWN,NEUTRAL,NEUTRAL,DOWN,NEUTRAL,NEUTRAL,DOWN,DOWN,NEUTRAL,DOWN,DOWN,NEUTRAL,UP,DOWN,DOWN,DOWN,UP,DOWN,DOWN,,,DOWN,DOWN,NEUTRAL,NEUTRAL,DOWN,good
300,5min,1765182771,25920.8,25923.35,25927.05,25908.45,25919.3,25919.85,3.67,2.15,25912.18,25930.78,25901.02,25938.22,0.01,18.6,2.55,0.0,0.0,0.0,UP,NEUTRAL,NEUTRAL,UP,NEUTRAL,NEUTRAL,UP,NEUTRAL,NEUTRAL,UP,NEUTRAL,NEUTRAL,UP,NEUTRAL,NEUTRAL,UP,NEUTRAL,NEUTRAL,UP,NEUTRAL,NEUTRAL,UP,DOWN,DOWN,DOWN,DOWN,DOWN,,NEUTRAL,NEUTRAL,NEUTRAL,NEUTRAL,NEUTRAL,NEUTRAL,NEUTRAL,NEUTRAL,NEUTRAL,DOWN,NEUTRAL,NEUTRAL,DOWN,NEUTRAL,NEUTRAL,DOWN,DOWN,NEUTRAL,UP,DOWN,DOWN,UP,UP,DOWN,DOWN,,,DOWN,DOWN,UP,NEUTRAL,DOWN,good
300,5min,1765183071,25923.85,25935.35,25943.2,25916.65,25928.0,25930.05,7.07,6.1,25920.27,25946.82,25905.18,25958.28,0.04,26.55,11.5,0.0,0.0,0.0,NEUTRAL,NEUTRAL,NEUTRAL,NEUTRAL,NEUTRAL,NEUTRAL,UP,NEUTRAL,NEUTRAL,UP,NEUTRAL,NEUTRAL,UP,NEUTRAL,NEUTRAL,UP,NEUTRAL,NEUTRAL,UP,NEUTRAL,NEUTRAL,UP,UP,DOWN,DOWN,DOWN,DOWN,,UP,NEUTRAL,NEUTRAL,NEUTRAL,NEUTRAL,NEUTRAL,NEUTRAL,NEUTRAL,NEUTRAL,NEUTRAL,NEUTRAL,NEUTRAL,DOWN,NEUTRAL,NEUTRAL,DOWN,NEUTRAL,NEUTRAL,DOWN,DOWN,DOWN,UP,DOWN,UP,DOWN,,,DOWN,DOWN,NEUTRAL,NEUTRAL,DOWN,good
300,5min,1765183371,25934.95,25896.2,25937.4,25892.4,25914.95,25914.4,11.15,7.55,25879.93,25924.93,25863.67,25953.67,-0.15,45.0,-38.75,0.0,0.0,0.0,UP,NEUTRAL,NEUTRAL,UP,NEUTRAL,NEUTRAL,UP,NEUTRAL,NEUTRAL,UP,NEUTRAL,NEUTRAL,UP,NEUTRAL,NEUTRAL,UP,NEUTRAL,NEUTRAL,UP,NEUTRAL,NEUTRAL,DOWN,DOWN,DOWN,DOWN,DOWN,DOWN,,DOWN,DOWN,NEUTRAL,DOWN,DOWN,DOWN,DOWN,NEUTRAL,NEUTRAL,DOWN,DOWN,NEUTRAL,DOWN,DOWN,NEUTRAL,DOWN,DOWN,NEUTRAL,DOWN,DOWN,DOWN,DOWN,UP,UP,DOWN,,,DOWN,DOWN,NEUTRAL,NEUTRAL,DOWN,bad
300,5min,1765183671,25896.3,25928.55,25928.55,25894.65,25918.7,25920.4,8.29,3.7,25905.95,25939.85,25883.35,25951.15,0.12,33.9,32.25,0.0,0.0,0.0,NEUTRAL,NEUTRAL,NEUTRAL,NEUTRAL,NEUTRAL,NEUTRAL,NEUTRAL,NEUTRAL,NEUTRAL,NEUTRAL,NEUTRAL,NEUTRAL,NEUTRAL,NEUTRAL,NEUTRAL,NEUTRAL,NEUTRAL,NEUTRAL,NEUTRAL,NEUTRAL,NEUTRAL,UP,UP,DOWN,DOWN,DOWN,DOWN,,NEUTRAL,NEUTRAL,NEUTRAL,NEUTRAL,NEUTRAL,NEUTRAL,NEUTRAL,NEUTRAL,NEUTRAL,NEUTRAL,NEUTRAL,NEUTRAL,NEUTRAL,NEUTRAL,NEUTRAL,DOWN,NEUTRAL,NEUTRAL,DOWN,UP,DOWN,UP,DOWN,DOWN,DOWN,,,DOWN,DOWN,NEUTRAL,NEUTRAL,DOWN,good
300,5min,1765183971,25927.4,25920.85,25933.25,25917.9,25926.28,25927.45,4.23,3.45,25914.75,25930.1,25908.65,25939.35,-0.03,15.35,-6.55,0.0,0.0,0.0,NEUTRAL,NEUTRAL,NEUTRAL,NEUTRAL,NEUTRAL,NEUTRAL,NEUTRAL,NEUTRAL,NEUTRAL,NEUTRAL,NEUTRAL,NEUTRAL,NEUTRAL,NEUTRAL,NEUTRAL,NEUTRAL,NEUTRAL,NEUTRAL,NEUTRAL,NEUTRAL,NEUTRAL,UP,UP,UP,DOWN,DOWN,DOWN,,NEUTRAL,NEUTRAL,NEUTRAL,NEUTRAL,NEUTRAL,NEUTRAL,NEUTRAL,NEUTRAL,NEUTRAL,NEUTRAL,NEUTRAL,NEUTRAL,DOWN,NEUTRAL,NEUTRAL,DOWN,NEUTRAL,NEUTRAL,DOWN,DOWN,DOWN,DOWN,DOWN,UP,DOWN,,,DOWN,DOWN,NEUTRAL,NEUTRAL,DOWN,good
300,5min,1765184271,25920.9,25915.85,25929.0,25914.85,25922.2,25922.32,3.41,2.67,25910.8,25924.95,25905.75,25934.05,-0.02,14.15,-5.05,0.0,0.0,0.0,NEUTRAL,NEUTRAL,NEUTRAL,NEUTRAL,NEUTRAL,NEUTRAL,NEUTRAL,NEUTRAL,NEUTRAL,NEUTRAL,NEUTRAL,NEUTRAL,NEUTRAL,NEUTRAL,NEUTRAL,NEUTRAL,NEUTRAL,NEUTRAL,UP,NEUTRAL,NEUTRAL,DOWN,UP,UP,UP,DOWN,DOWN,,NEUTRAL,NEUTRAL,NEUTRAL,NEUTRAL,NEUTRAL,NEUTRAL,NEUTRAL,NEUTRAL,NEUTRAL,NEUTRAL,NEUTRAL,NEUTRAL,DOWN,NEUTRAL,NEUTRAL,DOWN,NEUTRAL,NEUTRAL,DOWN,DOWN,UP,UP,UP,DOWN,UP,DOWN,,DOWN,DOWN,NEUTRAL,NEUTRAL,DOWN,good
300,5min,1765184571,25915.15,25913.65,25922.85,25903.45,25914.94,25914.75,4.22,3.2,25903.78,25923.18,25893.92,25932.72,-0.01,19.4,-1.5,0.0,0.0,0.0,NEUTRAL,NEUTRAL,NEUTRAL,NEUTRAL,NEUTRAL,NEUTRAL,NEUTRAL,NEUTRAL,NEUTRAL,NEUTRAL,NEUTRAL,NEUTRAL,NEUTRAL,NEUTRAL,NEUTRAL,UP,NEUTRAL,NEUTRAL,UP,NEUTRAL,NEUTRAL,DOWN,UP,UP,UP,DOWN,DOWN,,NEUTRAL,NEUTRAL,NEUTRAL,NEUTRAL,NEUTRAL,NEUTRAL,NEUTRAL,NEUTRAL,NEUTRAL,NEUTRAL,NEUTRAL,NEUTRAL,DOWN,NEUTRAL,NEUTRAL,DOWN,NEUTRAL,NEUTRAL,UP,UP,DOWN,DOWN,DOWN,UP,DOWN,DOWN,,DOWN,DOWN,NEUTRAL,NEUTRAL,DOWN,good
300,5min,1765184871,25913.85,25917.95,25921.4,25904.15,25914.5,25914.95,3.71,2.5,25907.6,25924.85,25897.25,25931.75,0.02,17.25,4.1,0.0,0.0,0.0,NEUTRAL,NEUTRAL,NEUTRAL,NEUTRAL,NEUTRAL,NEUTRAL,NEUTRAL,NEUTRAL,NEUTRAL,NEUTRAL,NEUTRAL,NEUTRAL,NEUTRAL,NEUTRAL,NEUTRAL,NEUTRAL,NEUTRAL,NEUTRAL,NEUTRAL,NEUTRAL,NEUTRAL,UP,UP,UP,UP,DOWN,DOWN,,NEUTRAL,NEUTRAL,NEUTRAL,NEUTRAL,NEUTRAL,NEUTRAL,NEUTRAL,NEUTRAL,NEUTRAL,NEUTRAL,NEUTRAL,NEUTRAL,NEUTRAL,NEUTRAL,NEUTRAL,DOWN,NEUTRAL,NEUTRAL,UP,UP,DOWN,DOWN,UP,UP,DOWN,DOWN,,DOWN,DOWN,NEUTRAL,NEUTRAL,DOWN,good
300,5min,1765185171,25919.3,25928.15,25938.35,25910.95,25925.34,25925.5,6.91,5.77,25913.28,25940.68,25898.42,25953.22,0.03,27.4,8.85,0.0,0.0,0.0,NEUTRAL,NEUTRAL,NEUTRAL,NEUTRAL,NEUTRAL,NEUTRAL,NEUTRAL,NEUTRAL,NEUTRAL,NEUTRAL,NEUTRAL,NEUTRAL,NEUTRAL,NEUTRAL,NEUTRAL,NEUTRAL,NEUTRAL,NEUTRAL,NEUTRAL,NEUTRAL,NEUTRAL,UP,UP,UP,UP,UP,DOWN,DOWN,UP,UP,NEUTRAL,NEUTRAL,NEUTRAL,NEUTRAL,NEUTRAL,NEUTRAL,NEUTRAL,NEUTRAL,NEUTRAL,NEUTRAL,NEUTRAL,NEUTRAL,NEUTRAL,NEUTRAL,NEUTRAL,NEUTRAL,UP,UP,DOWN,DOWN,UP,DOWN,UP,DOWN,,DOWN,DOWN,NEUTRAL,NEUTRAL,UP,good
300,5min,1765185471,25928.45,25967.0,25968.3,25927.3,25947.76,25947.2,11.42,10.6,25940.1,25981.1,25913.2,25995.2,0.15,41.0,38.55,0.0,0.0,0.0,DOWN,NEUTRAL,NEUTRAL,NEUTRAL,NEUTRAL,NEUTRAL,NEUTRAL,NEUTRAL,NEUTRAL,NEUTRAL,NEUTRAL,NEUTRAL,NEUTRAL,NEUTRAL,NEUTRAL,NEUTRAL,NEUTRAL,NEUTRAL,NEUTRAL,NEUTRAL,NEUTRAL,UP,UP,UP,UP,UP,UP,DOWN,UP,UP,NEUTRAL,UP,UP,UP,UP,UP,UP,UP,NEUTRAL,NEUTRAL,NEUTRAL,NEUTRAL,NEUTRAL,NEUTRAL,NEUTRAL,NEUTRAL,DOWN,DOWN,DOWN,DOWN,DOWN,UP,UP,DOWN,,DOWN,DOWN,NEUTRAL,NEUTRAL,UP,good
300,5min,1765185771,25967.75,25933.25,25970.8,25930.9,25952.34,25951.6,10.16,6.6,25919.17,25959.07,25905.08,25984.88,-0.13,39.9,-34.5,0.0,0.0,0.0,NEUTRAL,NEUTRAL,NEUTRAL,NEUTRAL,NEUTRAL,NEUTRAL,NEUTRAL,NEUTRAL,NEUTRAL,NEUTRAL,NEUTRAL,NEUTRAL,NEUTRAL,NEUTRAL,NEUTRAL,NEUTRAL,NEUTRAL,NEUTRAL,NEUTRAL,NEUTRAL,NEUTRAL,UP,UP,UP,UP,UP,UP,DOWN,NEUTRAL,NEUTRAL,NEUTRAL,NEUTRAL,NEUTRAL,NEUTRAL,NEUTRAL,NEUTRAL,NEUTRAL,NEUTRAL,NEUTRAL,NEUTRAL,NEUTRAL,NEUTRAL,NEUTRAL,NEUTRAL,NEUTRAL,NEUTRAL,DOWN,DOWN,UP,DOWN,UP,DOWN,DOWN,DOWN,,DOWN,DOWN,NEUTRAL,NEUTRAL,DOWN,good
300,5min,1765186071,25932.8,25974.25,25976.7,25932.8,25954.24,25960.0,14.26,14.15,25945.8,25989.7,25917.35,26005.15,0.16,43.9,41.45,0.0,0.0,0.0,NEUTRAL,NEUTRAL,NEUTRAL,NEUTRAL,NEUTRAL,NEUTRAL,NEUTRAL,NEUTRAL,NEUTRAL,NEUTRAL,NEUTRAL,NEUTRAL,NEUTRAL,NEUTRAL,NEUTRAL,NEUTRAL,NEUTRAL,NEUTRAL,NEUTRAL,NEUTRAL,NEUTRAL,UP,UP,UP,UP,UP,UP,UP,UP,NEUTRAL,NEUTRAL,UP,UP,NEUTRAL,UP,UP,UP,UP,UP,UP,NEUTRAL,NEUTRAL,NEUTRAL,NEUTRAL,NEUTRAL,NEUTRAL,UP,DOWN,DOWN,DOWN,DOWN,DOWN,UP,DOWN,,UP,DOWN,NEUTRAL,NEUTRAL,UP,bad
300,5min,1765186371,25974.95,25971.6,25981.95,25967.95,25975.34,25975.68,3.11,2.2,25965.72,25979.72,25959.83,25987.83,-0.01,14.0,-3.35,0.0,0.0,0.0,NEUTRAL,NEUTRAL,NEUTRAL,NEUTRAL,NEUTRAL,NEUTRAL,NEUTRAL,NEUTRAL,NEUTRAL,NEUTRAL,NEUTRAL,NEUTRAL,NEUTRAL,NEUTRAL,NEUTRAL,NEUTRAL,NEUTRAL,NEUTRAL,NEUTRAL,NEUTRAL,NEUTRAL,UP,UP,UP,UP,UP,UP,UP,NEUTRAL,NEUTRAL,NEUTRAL,UP,UP,NEUTRAL,UP,UP,NEUTRAL,UP,UP,UP,NEUTRAL,NEUTRAL,NEUTRAL,NEUTRAL,NEUTRAL,NEUTRAL,UP,DOWN,DOWN,UP,UP,UP,DOWN,UP,DOWN,UP,DOWN,NEUTRAL,NEUTRAL,UP,good
300,5min,1765186671,25971.4,25976.25,25984.1,25971.35,25979.04,25979.35,2.62,2.0,25970.37,25983.12,25964.48,25989.98,0.02,12.75,4.85,0.0,0.0,0.0,NEUTRAL,NEUTRAL,NEUTRAL,NEUTRAL,NEUTRAL,NEUTRAL,NEUTRAL,NEUTRAL,NEUTRAL,NEUTRAL,NEUTRAL,NEUTRAL,NEUTRAL,NEUTRAL,NEUTRAL,NEUTRAL,NEUTRAL,NEUTRAL,NEUTRAL,NEUTRAL,NEUTRAL,UP,UP,UP,UP,UP,UP,UP,NEUTRAL,NEUTRAL,NEUTRAL,UP,NEUTRAL,NEUTRAL,UP,UP,NEUTRAL,UP,UP,UP,UP,NEUTRAL,NEUTRAL,NEUTRAL,NEUTRAL,NEUTRAL,DOWN,DOWN,UP,DOWN,DOWN,DOWN,UP,DOWN,DOWN,UP,DOWN,DOWN,NEUTRAL,UP,bad
300,5min,1765186971,25976.85,25953.0,25976.85,25950.8,25965.62,25970.3,8.49,5.07,25943.58,25969.63,25934.17,25986.27,-0.09,26.05,-23.85,0.0,0.0,0.0,NEUTRAL,NEUTRAL,NEUTRAL,NEUTRAL,NEUTRAL,NEUTRAL,NEUTRAL,NEUTRAL,NEUTRAL,NEUTRAL,NEUTRAL,NEUTRAL,NEUTRAL,NEUTRAL,NEUTRAL,NEUTRAL,NEUTRAL,NEUTRAL,NEUTRAL,NEUTRAL,NEUTRAL,DOWN,UP,UP,UP,UP,UP,UP,NEUTRAL,NEUTRAL,NEUTRAL,NEUTRAL,NEUTRAL,NEUTRAL,NEUTRAL,NEUTRAL,NEUTRAL,NEUTRAL,NEUTRAL,NEUTRAL,NEUTRAL,NEUTRAL,NEUTRAL,NEUTRAL,NEUTRAL,NEUTRAL,UP,UP,UP,DOWN,DOWN,UP,UP,DOWN,DOWN,DOWN,DOWN,NEUTRAL,NEUTRAL,UP,good
300,5min,1765187271,25953.55,25932.8,25955.35,25932.45,25945.39,25946.0,6.53,5.25,25925.05,25947.95,25917.3,25963.1,-0.08,22.9,-20.75,0.0,0.0,0.0,NEUTRAL,NEUTRAL,NEUTRAL,NEUTRAL,NEUTRAL,NEUTRAL,NEUTRAL,NEUTRAL,NEUTRAL,NEUTRAL,NEUTRAL,NEUTRAL,NEUTRAL,NEUTRAL,NEUTRAL,NEUTRAL,NEUTRAL,NEUTRAL,NEUTRAL,NEUTRAL,NEUTRAL,DOWN,DOWN,UP,UP,UP,UP,UP,DOWN,DOWN,NEUTRAL,NEUTRAL,NEUTRAL,NEUTRAL,NEUTRAL,NEUTRAL,NEUTRAL,NEUTRAL,NEUTRAL,NEUTRAL,NEUTRAL,NEUTRAL,NEUTRAL,NEUTRAL,NEUTRAL,NEUTRAL,DOWN,UP,UP,DOWN,DOWN,UP,DOWN,UP,DOWN,DOWN,DOWN,NEUTRAL,NEUTRAL,DOWN,good
300,5min,1765187571,25931.2,25937.75,25950.8,25931.2,25940.92,25941.07,3.77,2.02,25929.03,25948.63,25920.32,25959.52,0.03,19.6,6.55,0.0,0.0,0.0,NEUTRAL,NEUTRAL,NEUTRAL,NEUTRAL,NEUTRAL,NEUTRAL,NEUTRAL,NEUTRAL,NEUTRAL,NEUTRAL,NEUTRAL,NEUTRAL,NEUTRAL,NEUTRAL,NEUTRAL,NEUTRAL,NEUTRAL,NEUTRAL,NEUTRAL,NEUTRAL,NEUTRAL,DOWN,DOWN,UP,UP,UP,UP,UP,NEUTRAL,NEUTRAL,NEUTRAL,NEUTRAL,NEUTRAL,NEUTRAL,NEUTRAL,NEUTRAL,NEUTRAL,NEUTRAL,NEUTRAL,NEUTRAL,NEUTRAL,NEUTRAL,NEUTRAL,NEUTRAL,NEUTRAL,NEUTRAL,DOWN,UP,DOWN,DOWN,DOWN,DOWN,UP,UP,DOWN,DOWN,DOWN,NEUTRAL,NEUTRAL,DOWN,good
300,5min,1765187871,25935.4,25844.95,25960.55,25844.95,25930.66,25931.07,7.72,4.23,25806.42,25922.02,25767.88,25999.08,-0.35,115.6,-90.45,0.0,0.0,0.0,UP,UP,NEUTRAL,UP,NEUTRAL,NEUTRAL,NEUTRAL,NEUTRAL,NEUTRAL,NEUTRAL,NEUTRAL,NEUTRAL,NEUTRAL,NEUTRAL,NEUTRAL,NEUTRAL,NEUTRAL,NEUTRAL,NEUTRAL,NEUTRAL,NEUTRAL,DOWN,DOWN,DOWN,DOWN,UP,UP,UP,DOWN,DOWN,NEUTRAL,DOWN,DOWN,DOWN,DOWN,DOWN,DOWN,DOWN,DOWN,DOWN,DOWN,DOWN,DOWN,DOWN,DOWN,DOWN,DOWN,DOWN,DOWN,UP,DOWN,UP,DOWN,DOWN,DOWN,DOWN,DOWN,NEUTRAL,NEUTRAL,DOWN,bad
300,5min,1770614386,25846.8,25854.6,25854.6,25846.8,25850.7,25850.7,3.9,3.9,25849.4,25857.2,25844.2,25859.8,0.03,7.8,7.8,0.0,0.0,0.0,UP,NEUTRAL,NEUTRAL,NEUTRAL,NEUTRAL,NEUTRAL,NEUTRAL,NEUTRAL,NEUTRAL,NEUTRAL,NEUTRAL,NEUTRAL,NEUTRAL,NEUTRAL,NEUTRAL,NEUTRAL,NEUTRAL,NEUTRAL,NEUTRAL,NEUTRAL,NEUTRAL,DOWN,DOWN,DOWN,DOWN,DOWN,DOWN,DOWN,DOWN,NEUTRAL,NEUTRAL,DOWN,DOWN,NEUTRAL,DOWN,DOWN,NEUTRAL,DOWN,DOWN,DOWN,DOWN,DOWN,DOWN,DOWN,DOWN,DOWN,UP,DOWN,DOWN,DOWN,DOWN,DOWN,DOWN,UP,DOWN,DOWN,DOWN,NEUTRAL,NEUTRAL,DOWN,good
300,5min,1770615584,25853.85,25857.3,25864.0,25853.8,25859.12,25859.2,2.2,1.35,25852.73,25862.93,25848.17,25868.57,0.01,10.2,3.45,0.0,0.0,0.0,UP,NEUTRAL,NEUTRAL,NEUTRAL,NEUTRAL,NEUTRAL,NEUTRAL,NEUTRAL,NEUTRAL,NEUTRAL,NEUTRAL,NEUTRAL,NEUTRAL,NEUTRAL,NEUTRAL,NEUTRAL,NEUTRAL,NEUTRAL,NEUTRAL,NEUTRAL,NEUTRAL,DOWN,DOWN,DOWN,DOWN,DOWN,DOWN,DOWN,NEUTRAL,NEUTRAL,NEUTRAL,DOWN,NEUTRAL,NEUTRAL,DOWN,DOWN,NEUTRAL,DOWN,DOWN,NEUTRAL,DOWN,DOWN,DOWN,DOWN,DOWN,DOWN,UP,UP,DOWN,DOWN,UP,UP,UP,DOWN,UP,DOWN,DOWN,UP,NEUTRAL,DOWN,good
300,5min,1770615884,25857.45,25862.95,25862.95,25852.3,25856.28,25856.0,1.6,1.25,25855.85,25866.5,25848.75,25870.05,0.02,10.65,5.5,0.0,0.0,0.0,UP,NEUTRAL,NEUTRAL,NEUTRAL,NEUTRAL,NEUTRAL,NEUTRAL,NEUTRAL,NEUTRAL,NEUTRAL,NEUTRAL,NEUTRAL,NEUTRAL,NEUTRAL,NEUTRAL,NEUTRAL,NEUTRAL,NEUTRAL,NEUTRAL,NEUTRAL,NEUTRAL,DOWN,DOWN,DOWN,DOWN,DOWN,DOWN,DOWN,NEUTRAL,NEUTRAL,NEUTRAL,DOWN,NEUTRAL,NEUTRAL,DOWN,NEUTRAL,NEUTRAL,DOWN,NEUTRAL,NEUTRAL,DOWN,DOWN,NEUTRAL,DOWN,DOWN,NEUTRAL,UP,UP,DOWN,UP,DOWN,DOWN,DOWN,UP,DOWN,DOWN,DOWN,UP,NEUTRAL,DOWN,good
300,5min,1770616581,25863.65,25847.1,25864.15,25846.95,25858.08,25858.5,3.46,1.95,25841.32,25858.52,25835.53,25869.93,-0.06,17.2,-16.55,0.0,0.0,0.0,UP,NEUTRAL,NEUTRAL,NEUTRAL,NEUTRAL,NEUTRAL,NEUTRAL,NEUTRAL,NEUTRAL,NEUTRAL,NEUTRAL,NEUTRAL,NEUTRAL,NEUTRAL,NEUTRAL,NEUTRAL,NEUTRAL,NEUTRAL,NEUTRAL,NEUTRAL,NEUTRAL,UP,DOWN,DOWN,DOWN,DOWN,DOWN,DOWN,NEUTRAL,NEUTRAL,NEUTRAL,DOWN,NEUTRAL,NEUTRAL,DOWN,NEUTRAL,NEUTRAL,DOWN,DOWN,NEUTRAL,DOWN,DOWN,NEUTRAL,DOWN,DOWN,DOWN,DOWN,DOWN,UP,UP,DOWN,DOWN,UP,UP,DOWN,DOWN,DOWN,NEUTRAL,NEUTRAL,DOWN,bad
300,5min,1770616881,25847.4,25956.85,25956.85,25843.4,25850.78,25850.48,8.72,1.02,25881.22,25994.67,25805.58,26032.48,0.42,113.45,109.45,0.0,0.0,0.0,NEUTRAL,NEUTRAL,NEUTRAL,NEUTRAL,NEUTRAL,NEUTRAL,NEUTRAL,NEUTRAL,NEUTRAL,NEUTRAL,NEUTRAL,NEUTRAL,NEUTRAL,NEUTRAL,NEUTRAL,NEUTRAL,NEUTRAL,NEUTRAL,NEUTRAL,NEUTRAL,NEUTRAL,UP,UP,DOWN,DOWN,DOWN,DOWN,DOWN,UP,UP,NEUTRAL,UP,NEUTRAL,NEUTRAL,NEUTRAL,NEUTRAL,NEUTRAL,NEUTRAL,NEUTRAL,NEUTRAL,NEUTRAL,NEUTRAL,NEUTRAL,UP,NEUTRAL,NEUTRAL,UP,UP,UP,UP,DOWN,DOWN,UP,DOWN,UP,UP,DOWN,NEUTRAL,NEUTRAL,UP,bad
600,10min,1765165671,26163.75,26136.85,26178.4,26136.85,26161.42,26161.75,8.45,6.7,26123.0,26164.55,26109.15,26192.25,-0.1,41.55,-26.9,0.0,0.0,0.0,,,,,,,,,,,,,,,,,,,,,,,,,,,,,,,,,,,,,,,,,,,,,,,,,,,,,,,,,,,,NEUTRAL,neutral
600,10min,1765166271,26138.05,26124.2,26148.6,26112.0,26133.22,26135.55,8.68,5.5,26107.93,26144.53,26091.67,26164.87,-0.05,36.6,-13.85,0.0,0.0,0.0,,,,,,,,,,,,,,,,,,,,,,,,,,,,,,,,,,,,,,,,,,,,,,,,,,,,,,,,,,,,NEUTRAL,neutral
600,10min,1765166871,26123.3,26106.45,26135.5,26106.2,26121.35,26120.32,6.52,4.02,26096.6,26125.9,26086.75,26145.35,-0.06,29.3,-16.85,0.0,0.0,0.0,,,,,,,,,,,,,,,,,,,,,,,,,,,,,,,,,,,,,,,,,,,,,,,,,,,,,,,,,,,,NEUTRAL,neutral
600,10min,1765167471,26106.75,26079.6,26107.95,26077.65,26091.28,26088.82,7.51,5.52,26068.85,26099.15,26058.1,26118.7,-0.1,30.3,-27.15,0.0,0.0,0.0,,,,,,,,,,,,,,,,,,,,,,,,,,,,,,,,,,,,,,,,,,,,,,,,,,,,,,,,,,,,NEUTRAL,neutral
600,10min,1765168071,26080.65,26078.75,26092.25,26068.7,26081.23,26081.4,5.11,3.1,26067.55,26091.1,26056.35,26103.45,-0.01,23.55,-1.9,0.0,0.0,0.0,,,,,,,,,,,,,,,,,,,,,,,,,,,,,DOWN,NEUTRAL,NEUTRAL,,,,,,,,,,,,,,,,,,,,,,,,,,,,,DOWN,good
600,10min,1765168671,26079.05,26086.95,26109.15,26075.3,26086.32,26083.55,8.6,4.75,26071.78,26105.63,26056.62,26124.32,0.03,33.85,7.9,0.0,0.0,0.0,UP,UP,NEUTRAL,,,,,,,,,,,,,,,,,,,,,,,,,,NEUTRAL,NEUTRAL,NEUTRAL,,,,,,,,,,,,,,,,,,,,,,,,,,,,,UP,good
600,10min,1765169271,26086.55,26092.7,26105.6,26081.75,26093.13,26091.75,6.22,4.95,26081.1,26104.95,26069.5,26117.2,0.02,23.85,6.15,0.0,0.0,0.0,UP,NEUTRAL,NEUTRAL,,,,,,,,,,,,,,,,,,,,,,,,,,NEUTRAL,NEUTRAL,NEUTRAL,,,,,,,,,,,,,,,,,,,,,,,,,,,,,UP,good
600,10min,1765169871,26092.65,26085.0,26100.65,26081.7,26091.01,26091.15,5.34,5.25,26077.58,26096.53,26070.17,26108.07,-0.03,18.95,-7.65,0.0,0.0,0.0,UP,UP,NEUTRAL,,,,,,,,,,,,,,,,,,,,,,,,,,NEUTRAL,NEUTRAL,NEUTRAL,,,,,,,,,,,,,,,,,,,,,,,,,,,,,UP,good
600,10min,1765170471,26084.75,26094.45,26101.5,26084.75,26093.2,26093.7,3.5,2.95,26085.63,26102.38,26076.82,26110.32,0.04,16.75,9.7,0.0,0.0,0.0,NEUTRAL,NEUTRAL,NEUTRAL,,,,,,,,,,,,,,,,,,,,,,,,,,UP,NEUTRAL,NEUTRAL,,,,,,,,,,,,,,,,,,,,,,,,,,,,,UP,bad
600,10min,1765171071,26093.9,26088.5,26097.4,26079.25,26088.65,26089.28,5.33,5.07,26079.37,26097.52,26070.23,26106.53,-0.02,18.15,-5.4,0.0,0.0,0.0,UP,NEUTRAL,NEUTRAL,,,,,,,,,,,,,,,,,,,,,,,,,,NEUTRAL,NEUTRAL,NEUTRAL,NEUTRAL,NEUTRAL,NEUTRAL,,,,,,,,,,,,,,,,,,,,,,,,,,UP,bad
600,10min,1765171671,26088.3,26063.05,26088.85,26057.5,26067.05,26064.25,7.15,2.7,26050.75,26082.1,26038.45,26101.15,-0.1,31.35,-25.25,0.0,0.0,0.0,UP,UP,NEUTRAL,UP,UP,NEUTRAL,,,,,,,,,,,,,,,,DOWN,,,,,,,DOWN,DOWN,NEUTRAL,DOWN,DOWN,NEUTRAL,,,,,,,,,,,,,,,,,,,,,,,,,,DOWN,good
600,10min,1765172271,26063.45,26066.7,26080.7,26051.9,26068.1,26069.4,5.55,2.1,26052.17,26080.97,26037.63,26095.23,0.01,28.8,3.25,0.0,0.0,0.0,UP,NEUTRAL,NEUTRAL,UP,NEUTRAL,NEUTRAL,,,,,,,,,,,,,,,,DOWN,,,,,,,DOWN,NEUTRAL,NEUTRAL,DOWN,NEUTRAL,NEUTRAL,,,,,,,,,,,,,,,,,,,,,,,,,,DOWN,good
600,10min,1765172871,26066.95,26076.15,26077.85,26056.55,26068.2,26068.65,6.38,5.95,26062.52,26083.82,26048.88,26091.48,0.04,21.3,9.2,0.0,0.0,0.0,NEUTRAL,NEUTRAL,NEUTRAL,UP,NEUTRAL,NEUTRAL,,,,,,,,,,,,,,,,UP,,,,,,,NEUTRAL,NEUTRAL,NEUTRAL,NEUTRAL,NEUTRAL,NEUTRAL,,,,,,,,,,,,,DOWN,,,,,,,,,,,,,UP,bad
600,10min,1765173471,26076.3,26064.95,26077.1,26059.6,26067.56,26067.8,4.19,3.2,26057.33,26074.83,26049.72,26084.72,-0.04,17.5,-11.35,0.0,0.0,0.0,UP,NEUTRAL,NEUTRAL,UP,NEUTRAL,NEUTRAL,,,,,,,,,,,,,,,,DOWN,,,,,,,NEUTRAL,NEUTRAL,NEUTRAL,DOWN,NEUTRAL,NEUTRAL,,,,,,,,,,,,,DOWN,,,,,,,,,,,,,DOWN,good
600,10min,1765174071,26064.2,26066.1,26069.3,26042.05,26060.12,26061.7,5.56,2.05,26049.0,26076.25,26031.9,26086.4,0.01,27.25,1.9,0.0,0.0,0.0,NEUTRAL,NEUTRAL,NEUTRAL,UP,NEUTRAL,NEUTRAL,UP,NEUTRAL,NEUTRAL,,,,,,,,,,,,,DOWN,,,,,,,NEUTRAL,NEUTRAL,NEUTRAL,DOWN,NEUTRAL,NEUTRAL,DOWN,NEUTRAL,NEUTRAL,,,,,,,,,,DOWN,,,,,,,,,,,,,DOWN,good
600,10min,1765174671,26066.3,26056.75,26074.05,26056.75,26065.13,26064.75,3.74,2.8,26050.98,26068.28,26045.22,26079.82,-0.04,17.3,-9.55,0.0,0.0,0.0,UP,NEUTRAL,NEUTRAL,UP,NEUTRAL,NEUTRAL,UP,NEUTRAL,NEUTRAL,UP,NEUTRAL,NEUTRAL,,,,,,,,,,DOWN,,,,,,,DOWN,DOWN,NEUTRAL,DOWN,NEUTRAL,NEUTRAL,DOWN,NEUTRAL,NEUTRAL,,,,,,,,,,DOWN,,,,,,,,,,,,,DOWN,good
600,10min,1765175271,26057.15,26049.35,26061.45,26043.9,26051.6,26050.0,4.73,3.2,26041.68,26059.23,26034.02,26069.12,-0.03,17.55,-7.8,0.0,0.0,0.0,UP,NEUTRAL,NEUTRAL,UP,NEUTRAL,NEUTRAL,UP,NEUTRAL,NEUTRAL,UP,NEUTRAL,NEUTRAL,,,,,,,,,,DOWN,,,,,,,DOWN,NEUTRAL,NEUTRAL,DOWN,DOWN,NEUTRAL,DOWN,DOWN,NEUTRAL,,,,,,,,,,UP,,,,,,,,,,,NEUTRAL,,DOWN,good
600,10min,1765175871,26048.0,26042.65,26053.15,26034.0,26045.28,26046.95,4.65,1.9,26033.38,26052.53,26024.12,26062.42,-0.02,19.15,-5.35,0.0,0.0,0.0,UP,UP,NEUTRAL,UP,NEUTRAL,NEUTRAL,UP,NEUTRAL,NEUTRAL,UP,NEUTRAL,NEUTRAL,,,,,,,,,,DOWN,,,,,,,DOWN,NEUTRAL,NEUTRAL,DOWN,DOWN,NEUTRAL,DOWN,DOWN,NEUTRAL,,,,,,,,,,UP,,,,,,,,,,,NEUTRAL,,NEUTRAL,neutral
600,10min,1765176471,26043.6,26035.95,26048.8,26035.05,26041.51,26041.45,2.28,1.45,26031.07,26044.82,26026.18,26053.68,-0.03,13.75,-7.65,0.0,0.0,0.0,UP,UP,NEUTRAL,UP,UP,NEUTRAL,UP,NEUTRAL,NEUTRAL,UP,NEUTRAL,NEUTRAL,,,,,,,,,,DOWN,,,,,,,DOWN,NEUTRAL,NEUTRAL,DOWN,DOWN,NEUTRAL,DOWN,DOWN,NEUTRAL,,,,,,,,,,DOWN,,,,,,,,,,,NEUTRAL,NEUTRAL,DOWN,good
600,10min,1765177071,26035.4,26022.15,26036.25,26012.65,26020.89,26019.55,4.39,2.55,26011.12,26034.72,26000.08,26047.28,-0.05,23.6,-13.25,0.0,0.0,0.0,UP,UP,UP,UP,UP,NEUTRAL,UP,UP,NEUTRAL,UP,UP,NEUTRAL,,,,,,,,,,DOWN,,,,,,,DOWN,DOWN,NEUTRAL,DOWN,DOWN,DOWN,DOWN,DOWN,DOWN,DOWN,DOWN,NEUTRAL,,,,,,,UP,,,,,,,,,,,UP,UP,UP,good
600,10min,1765177671,26021.3,26020.2,26027.9,26010.95,26018.6,26018.45,3.07,2.1,26011.47,26028.42,26002.73,26036.63,-0.0,16.95,-1.1,0.0,0.0,0.0,UP,UP,UP,UP,UP,NEUTRAL,UP,UP,NEUTRAL,UP,UP,NEUTRAL,UP,UP,NEUTRAL,,,,,,,DOWN,,,,,,,DOWN,NEUTRAL,NEUTRAL,DOWN,DOWN,NEUTRAL,DOWN,DOWN,NEUTRAL,DOWN,DOWN,NEUTRAL,,,,,,,DOWN,DOWN,,,,,,,,,,UP,UP,UP,good
600,10min,1765178271,26019.9,26010.75,26026.55,26009.25,26016.68,26016.7,3.53,2.4,26004.48,26021.78,25998.22,26032.82,-0.04,17.3,-9.15,0.0,0.0,0.0,UP,UP,UP,UP,UP,NEUTRAL,UP,UP,NEUTRAL,UP,UP,NEUTRAL,UP,UP,NEUTRAL,,,,,,,DOWN,DOWN,,,,,,DOWN,NEUTRAL,NEUTRAL,DOWN,DOWN,NEUTRAL,DOWN,DOWN,NEUTRAL,DOWN,DOWN,DOWN,,,,,,,DOWN,DOWN,,,,,,,,,,NEUTRAL,NEUTRAL,DOWN,good
600,10min,1765178871,26010.7,26026.55,26032.2,26004.7,26017.65,26017.5,7.16,6.3,26010.1,26037.6,25993.65,26048.65,0.06,27.5,15.85,0.0,0.0,0.0,NEUTRAL,NEUTRAL,NEUTRAL,UP,NEUTRAL,NEUTRAL,UP,NEUTRAL,NEUTRAL,UP,NEUTRAL,NEUTRAL,UP,NEUTRAL,NEUTRAL,,,,,,,UP,DOWN,,,,,,NEUTRAL,NEUTRAL,NEUTRAL,NEUTRAL,NEUTRAL,NEUTRAL,DOWN,NEUTRAL,NEUTRAL,DOWN,NEUTRAL,NEUTRAL,,,,,,,UP,DOWN,,,,,,,,,,NEUTRAL,NEUTRAL,UP,good
600,10min,1765179471,26026.45,26014.7,26040.8,26011.9,26025.7,26025.38,5.85,3.53,26004.13,26033.03,25993.57,26051.37,-0.05,28.9,-11.75,0.0,0.0,0.0,UP,NEUTRAL,NEUTRAL,UP,NEUTRAL,NEUTRAL,UP,NEUTRAL,NEUTRAL,UP,NEUTRAL,NEUTRAL,UP,NEUTRAL,NEUTRAL,,,,,,,UP,DOWN,,,,,,NEUTRAL,NEUTRAL,NEUTRAL,DOWN,NEUTRAL,NEUTRAL,DOWN,NEUTRAL,NEUTRAL,DOWN,DOWN,NEUTRAL,,,,,,,UP,DOWN,,,,,,,,,,NEUTRAL,UP,UP,good
600,10min,1765180071,26014.6,25965.3,26016.1,25964.25,25982.63,25974.05,17.22,6.75,25947.67,25999.52,25930.03,26033.73,-0.19,51.85,-49.3,0.0,0.0,0.0,UP,UP,NEUTRAL,UP,UP,NEUTRAL,UP,UP,NEUTRAL,UP,UP,NEUTRAL,UP,UP,NEUTRAL,,,,,,,DOWN,DOWN,,,,,,DOWN,DOWN,NEUTRAL,DOWN,DOWN,DOWN,DOWN,DOWN,DOWN,DOWN,DOWN,DOWN,DOWN,DOWN,DOWN,,,,DOWN,UP,,,,,,,,,,NEUTRAL,NEUTRAL,DOWN,good
600,10min,1765180671,25964.35,25919.85,25964.75,25903.1,25932.83,25928.15,19.86,18.38,25893.72,25955.37,25867.58,25990.88,-0.17,61.65,-44.5,0.0,0.0,0.0,UP,UP,UP,UP,UP,NEUTRAL,UP,UP,NEUTRAL,UP,UP,NEUTRAL,UP,UP,NEUTRAL,UP,UP,NEUTRAL,,,,DOWN,DOWN,,,,,,DOWN,DOWN,NEUTRAL,DOWN,DOWN,DOWN,DOWN,DOWN,DOWN,DOWN,DOWN,DOWN,DOWN,DOWN,DOWN,,,,UP,UP,,,,,,,,,,UP,UP,UP,good
600,10min,1765181271,25920.55,25930.45,25936.15,25913.7,25923.88,25922.1,5.55,3.45,25917.38,25939.83,25904.32,25949.22,0.04,22.45,9.9,0.0,0.0,0.0,UP,UP,NEUTRAL,UP,UP,NEUTRAL,UP,UP,NEUTRAL,UP,UP,NEUTRAL,UP,UP,NEUTRAL,UP,UP,NEUTRAL,,,,DOWN,DOWN,,,,,,NEUTRAL,NEUTRAL,NEUTRAL,DOWN,DOWN,NEUTRAL,DOWN,DOWN,NEUTRAL,DOWN,DOWN,DOWN,DOWN,DOWN,DOWN,,,,DOWN,DOWN,,,,,,,,,,UP,UP,NEUTRAL,neutral
600,10min,1765181871,25929.95,25923.55,25940.25,25915.7,25930.98,25932.4,5.67,3.4,25912.75,25937.3,25901.95,25951.05,-0.02,24.55,-6.4,0.0,0.0,0.0,UP,UP,NEUTRAL,UP,UP,NEUTRAL,UP,UP,NEUTRAL,UP,UP,NEUTRAL,UP,UP,NEUTRAL,UP,UP,NEUTRAL,,,,DOWN,DOWN,,,,,,NEUTRAL,NEUTRAL,NEUTRAL,DOWN,NEUTRAL,NEUTRAL,DOWN,DOWN,NEUTRAL,DOWN,DOWN,NEUTRAL,DOWN,DOWN,DOWN,,,,DOWN,UP,DOWN,,,,,,,,,NEUTRAL,UP,UP,good
600,10min,1765182471,25922.75,25923.35,25934.4,25908.45,25922.05,25921.4,4.91,2.55,25909.73,25935.68,25896.12,25948.02,0.0,25.95,0.6,0.0,0.0,0.0,UP,UP,NEUTRAL,UP,UP,NEUTRAL,UP,UP,NEUTRAL,UP,UP,NEUTRAL,UP,UP,NEUTRAL,UP,UP,NEUTRAL,,,,UP,DOWN,,,,,,NEUTRAL,NEUTRAL,NEUTRAL,DOWN,NEUTRAL,NEUTRAL,DOWN,DOWN,NEUTRAL,DOWN,DOWN,NEUTRAL,DOWN,DOWN,NEUTRAL,,,,DOWN,DOWN,DOWN,,,,,,,DOWN,,NEUTRAL,UP,UP,good
600,10min,1765183071,25923.85,25896.2,25943.2,25892.4,25921.44,25921.18,11.4,8.62,25878.0,25928.8,25859.8,25961.4,-0.11,50.8,-27.65,0.0,0.0,0.0,UP,UP,NEUTRAL,UP,UP,NEUTRAL,UP,UP,NEUTRAL,UP,UP,NEUTRAL,UP,UP,NEUTRAL,UP,UP,NEUTRAL,,,,DOWN,DOWN,,,,,,DOWN,DOWN,NEUTRAL,DOWN,NEUTRAL,NEUTRAL,DOWN,DOWN,NEUTRAL,DOWN,DOWN,NEUTRAL,DOWN,DOWN,DOWN,DOWN,DOWN,DOWN,DOWN,DOWN,DOWN,,,,,,,DOWN,,NEUTRAL,NEUTRAL,DOWN,bad
600,10min,1765183671,25896.3,25920.85,25933.25,25894.65,25922.48,25923.15,7.6,4.1,25899.25,25937.85,25877.65,25954.85,0.09,38.6,24.55,0.0,0.0,0.0,NEUTRAL,NEUTRAL,NEUTRAL,UP,NEUTRAL,NEUTRAL,UP,NEUTRAL,NEUTRAL,UP,NEUTRAL,NEUTRAL,UP,NEUTRAL,NEUTRAL,UP,NEUTRAL,NEUTRAL,UP,NEUTRAL,NEUTRAL,UP,DOWN,,,,,,NEUTRAL,NEUTRAL,NEUTRAL,NEUTRAL,NEUTRAL,NEUTRAL,DOWN,NEUTRAL,NEUTRAL,DOWN,NEUTRAL,NEUTRAL,DOWN,DOWN,NEUTRAL,DOWN,DOWN,NEUTRAL,DOWN,UP,DOWN,,,,,,,DOWN,,UP,UP,NEUTRAL,neutral
600,10min,1765184271,25920.9,25913.65,25929.0,25903.45,25918.53,25919.25,5.29,4.05,25901.73,25927.28,25889.82,25940.92,-0.03,25.55,-7.25,0.0,0.0,0.0,NEUTRAL,NEUTRAL,NEUTRAL,UP,NEUTRAL,NEUTRAL,UP,NEUTRAL,NEUTRAL,UP,NEUTRAL,NEUTRAL,UP,NEUTRAL,NEUTRAL,UP,NEUTRAL,NEUTRAL,UP,NEUTRAL,NEUTRAL,UP,DOWN,,,,,,NEUTRAL,NEUTRAL,NEUTRAL,NEUTRAL,NEUTRAL,NEUTRAL,DOWN,NEUTRAL,NEUTRAL,DOWN,NEUTRAL,NEUTRAL,DOWN,DOWN,NEUTRAL,DOWN,DOWN,NEUTRAL,DOWN,UP,UP,,,,,,,DOWN,,UP,UP,UP,good
600,10min,1765184871,25913.85,25928.15,25938.35,25904.15,25919.96,25918.3,7.76,4.7,25908.75,25942.95,25889.35,25957.75,0.06,34.2,14.3,0.0,0.0,0.0,NEUTRAL,NEUTRAL,NEUTRAL,NEUTRAL,NEUTRAL,NEUTRAL,UP,NEUTRAL,NEUTRAL,UP,NEUTRAL,NEUTRAL,UP,NEUTRAL,NEUTRAL,UP,NEUTRAL,NEUTRAL,UP,NEUTRAL,NEUTRAL,UP,UP,DOWN,,,,,UP,NEUTRAL,NEUTRAL,NEUTRAL,NEUTRAL,NEUTRAL,NEUTRAL,NEUTRAL,NEUTRAL,NEUTRAL,NEUTRAL,NEUTRAL,DOWN,NEUTRAL,NEUTRAL,DOWN,NEUTRAL,NEUTRAL,DOWN,DOWN,UP,,,,,,,DOWN,,NEUTRAL,NEUTRAL,UP,good
600,10min,1765185471,25928.45,25933.25,25970.8,25927.3,25950.04,25950.8,11.05,9.55,25916.77,25960.27,25900.28,25987.28,0.02,43.5,4.8,0.0,0.0,0.0,NEUTRAL,NEUTRAL,NEUTRAL,NEUTRAL,NEUTRAL,NEUTRAL,NEUTRAL,NEUTRAL,NEUTRAL,NEUTRAL,NEUTRAL,NEUTRAL,UP,NEUTRAL,NEUTRAL,UP,NEUTRAL,NEUTRAL,UP,NEUTRAL,NEUTRAL,UP,UP,DOWN,,,,,UP,NEUTRAL,NEUTRAL,NEUTRAL,NEUTRAL,NEUTRAL,NEUTRAL,NEUTRAL,NEUTRAL,NEUTRAL,NEUTRAL,NEUTRAL,DOWN,NEUTRAL,NEUTRAL,DOWN,NEUTRAL,NEUTRAL,UP,UP,DOWN,,,,,,,DOWN,,NEUTRAL,NEUTRAL,UP,good
600,10min,1765186071,25932.8,25971.6,25981.95,25932.8,25964.76,25971.35,14.77,5.55,25942.28,25991.43,25912.97,26011.27,0.15,49.15,38.8,0.0,0.0,0.0,NEUTRAL,NEUTRAL,NEUTRAL,NEUTRAL,NEUTRAL,NEUTRAL,NEUTRAL,NEUTRAL,NEUTRAL,NEUTRAL,NEUTRAL,NEUTRAL,NEUTRAL,NEUTRAL,NEUTRAL,NEUTRAL,NEUTRAL,NEUTRAL,NEUTRAL,NEUTRAL,NEUTRAL,UP,UP,UP,UP,,,,UP,UP,NEUTRAL,UP,UP,UP,NEUTRAL,NEUTRAL,NEUTRAL,NEUTRAL,NEUTRAL,NEUTRAL,NEUTRAL,NEUTRAL,NEUTRAL,NEUTRAL,NEUTRAL,NEUTRAL,DOWN,DOWN,UP,DOWN,,,,,,DOWN,,NEUTRAL,NEUTRAL,UP,good
600,10min,1765186671,25971.4,25953.0,25984.1,25950.8,25972.34,25975.43,9.19,4.38,25941.17,25974.47,25929.33,25995.93,-0.07,33.3,-18.4,0.0,0.0,0.0,NEUTRAL,NEUTRAL,NEUTRAL,NEUTRAL,NEUTRAL,NEUTRAL,NEUTRAL,NEUTRAL,NEUTRAL,NEUTRAL,NEUTRAL,NEUTRAL,NEUTRAL,NEUTRAL,NEUTRAL,NEUTRAL,NEUTRAL,NEUTRAL,NEUTRAL,NEUTRAL,NEUTRAL,UP,UP,UP,UP,,,,NEUTRAL,NEUTRAL,NEUTRAL,UP,NEUTRAL,NEUTRAL,NEUTRAL,NEUTRAL,NEUTRAL,NEUTRAL,NEUTRAL,NEUTRAL,NEUTRAL,NEUTRAL,NEUTRAL,NEUTRAL,NEUTRAL,NEUTRAL,DOWN,DOWN,DOWN,DOWN,,,,,,DOWN,,NEUTRAL,NEUTRAL,NEUTRAL,neutral
600,10min,1765187271,25953.55,25937.75,25955.35,25931.2,25943.14,25942.55,5.77,3.85,25927.52,25951.67,25917.28,25965.58,-0.06,24.15,-15.8,0.0,0.0,0.0,NEUTRAL,NEUTRAL,NEUTRAL,NEUTRAL,NEUTRAL,NEUTRAL,NEUTRAL,NEUTRAL,NEUTRAL,NEUTRAL,NEUTRAL,NEUTRAL,NEUTRAL,NEUTRAL,NEUTRAL,NEUTRAL,NEUTRAL,NEUTRAL,NEUTRAL,NEUTRAL,NEUTRAL,DOWN,UP,UP,UP,,,,NEUTRAL,NEUTRAL,NEUTRAL,NEUTRAL,NEUTRAL,NEUTRAL,NEUTRAL,NEUTRAL,NEUTRAL,NEUTRAL,NEUTRAL,NEUTRAL,NEUTRAL,NEUTRAL,NEUTRAL,NEUTRAL,NEUTRAL,NEUTRAL,DOWN,DOWN,DOWN,DOWN,,,,,,DOWN,,NEUTRAL,NEUTRAL,DOWN,good
600,10min,1765187871,25935.4,25844.95,25960.55,25844.95,25930.66,25931.07,7.72,4.23,25806.42,25922.02,25767.88,25999.08,-0.35,115.6,-90.45,0.0,0.0,0.0,UP,NEUTRAL,NEUTRAL,UP,NEUTRAL,NEUTRAL,UP,NEUTRAL,NEUTRAL,UP,NEUTRAL,NEUTRAL,UP,NEUTRAL,NEUTRAL,UP,NEUTRAL,NEUTRAL,UP,NEUTRAL,NEUTRAL,DOWN,DOWN,DOWN,DOWN,,,,DOWN,DOWN,NEUTRAL,DOWN,DOWN,DOWN,DOWN,DOWN,DOWN,DOWN,DOWN,DOWN,DOWN,DOWN,DOWN,DOWN,DOWN,DOWN,UP,DOWN,UP,DOWN,,,,,,DOWN,,NEUTRAL,NEUTRAL,DOWN,bad
600,10min,1770614386,25846.8,25854.6,25854.6,25846.8,25850.7,25850.7,3.9,3.9,25849.4,25857.2,25844.2,25859.8,0.03,7.8,7.8,0.0,0.0,0.0,UP,NEUTRAL,NEUTRAL,UP,NEUTRAL,NEUTRAL,UP,NEUTRAL,NEUTRAL,UP,NEUTRAL,NEUTRAL,UP,NEUTRAL,NEUTRAL,UP,NEUTRAL,NEUTRAL,UP,NEUTRAL,NEUTRAL,DOWN,DOWN,DOWN,DOWN,,,,DOWN,NEUTRAL,NEUTRAL,DOWN,DOWN,NEUTRAL,DOWN,DOWN,NEUTRAL,DOWN,DOWN,NEUTRAL,DOWN,DOWN,NEUTRAL,DOWN,DOWN,NEUTRAL,DOWN,DOWN,UP,UP,,,,,,DOWN,,NEUTRAL,NEUTRAL,DOWN,good
600,10min,1770615584,25853.85,25862.95,25864.0,25852.3,25858.51,25858.4,2.39,1.65,25855.5,25867.2,25848.05,25871.45,0.04,11.7,9.1,0.0,0.0,0.0,NEUTRAL,NEUTRAL,NEUTRAL,NEUTRAL,NEUTRAL,NEUTRAL,NEUTRAL,NEUTRAL,NEUTRAL,NEUTRAL,NEUTRAL,NEUTRAL,UP,NEUTRAL,NEUTRAL,UP,NEUTRAL,NEUTRAL,UP,NEUTRAL,NEUTRAL,DOWN,DOWN,DOWN,DOWN,,,,NEUTRAL,NEUTRAL,NEUTRAL,DOWN,NEUTRAL,NEUTRAL,DOWN,NEUTRAL,NEUTRAL,DOWN,NEUTRAL,NEUTRAL,DOWN,DOWN,NEUTRAL,DOWN,DOWN,NEUTRAL,DOWN,DOWN,DOWN,UP,,,,,,DOWN,,UP,NEUTRAL,DOWN,good
600,10min,1770616581,25863.65,25956.85,25956.85,25843.4,25856.54,25857.35,5.86,3.05,25881.22,25994.67,25805.58,26032.48,0.36,113.45,93.2,0.0,0.0,0.0,NEUTRAL,NEUTRAL,NEUTRAL,NEUTRAL,NEUTRAL,NEUTRAL,NEUTRAL,NEUTRAL,NEUTRAL,NEUTRAL,NEUTRAL,NEUTRAL,NEUTRAL,NEUTRAL,NEUTRAL,NEUTRAL,NEUTRAL,NEUTRAL,NEUTRAL,NEUTRAL,NEUTRAL,UP,UP,UP,UP,,,,UP,NEUTRAL,NEUTRAL,NEUTRAL,NEUTRAL,NEUTRAL,UP,NEUTRAL,NEUTRAL,NEUTRAL,NEUTRAL,NEUTRAL,NEUTRAL,NEUTRAL,NEUTRAL,NEUTRAL,NEUTRAL,NEUTRAL,DOWN,DOWN,UP,DOWN,,,,,,DOWN,DOWN,NEUTRAL,NEUTRAL,UP,bad
900,15min,1765165671,26163.75,26135.7,26178.4,26127.25,26153.59,26155.6,13.33,11.7,26115.83,26166.98,26095.97,26198.27,-0.11,51.15,-28.05,0.0,0.0,0.0,,,,,,,,,,,,,,,,,,,,,,,,,,,,,,,,,,,,,,,,,,,,,,,,,,,,,,,,,,,,NEUTRAL,neutral
900,15min,1765166571,26136.0,26106.45,26144.05,26106.2,26123.72,26122.35,8.19,5.7,26093.75,26131.6,26081.05,26156.75,-0.11,37.85,-29.55,0.0,0.0,0.0,,,,,,,,,,,,,,,,,,,,,,,,,,,,,,,,,,,,,,,,,,,,,,,,,,,,,,,,,,,,NEUTRAL,neutral
900,15min,1765167471,26106.75,26084.45,26107.95,26077.65,26089.15,26087.2,7.13,4.25,26072.08,26102.38,26059.72,26120.32,-0.09,30.3,-22.3,0.0,0.0,0.0,,,,,,,,,,,,,,,,,,,,,,,,,,,,,,,,,,,,,,,,,,,,,,,,,,,,,,,,,,,,NEUTRAL,neutral
900,15min,1765168371,26083.7,26086.95,26109.15,26068.7,26083.43,26081.4,8.43,3.8,26067.38,26107.83,26047.82,26128.72,0.01,40.45,3.25,0.0,0.0,0.0,,,,,,,,,,,,,,,,,,,,,,,,,,,,,,,,,,,,,,,,,,,,,,,,,,,,,,,,,,,,NEUTRAL,neutral
900,15min,1765169271,26086.55,26096.15,26105.6,26081.75,26093.85,26094.3,5.41,4.05,26083.4,26107.25,26070.65,26118.35,0.04,23.85,9.6,0.0,0.0,0.0,,,,,,,,,,,,,,,,,,,,,,,,,,,,,NEUTRAL,NEUTRAL,NEUTRAL,,,,,,,,,,,,,,,,,,,,,,,,,,,,,NEUTRAL,neutral
900,15min,1765170171,26096.35,26094.45,26101.5,26081.7,26091.03,26090.6,4.68,4.05,26083.6,26103.4,26072.75,26112.35,-0.01,19.8,-1.9,0.0,0.0,0.0,UP,UP,NEUTRAL,,,,,,,,,,,,,,,,,,,,,,,,,,NEUTRAL,NEUTRAL,NEUTRAL,,,,,,,,,,,,,,,,,,,,,,,,,,,,,UP,bad
900,15min,1765171071,26093.9,26063.5,26097.4,26060.75,26082.92,26083.85,10.17,7.83,26050.37,26087.02,26037.23,26110.53,-0.12,36.65,-30.4,0.0,0.0,0.0,UP,UP,NEUTRAL,,,,,,,,,,,,,,,,,,,,,,,,,,DOWN,DOWN,NEUTRAL,,,,,,,,,,,,,,,,,,,,,,,,,,,,,NEUTRAL,neutral
900,15min,1765171971,26064.2,26066.7,26080.7,26051.9,26066.26,26066.35,5.36,4.05,26052.17,26080.97,26037.63,26095.23,0.01,28.8,2.5,0.0,0.0,0.0,UP,UP,NEUTRAL,,,,,,,,,,,,,,,,,,,,,,,,,,DOWN,NEUTRAL,NEUTRAL,,,,,,,,,,,,,,,,,,,,,,,,,,,,,UP,good
900,15min,1765172871,26066.95,26064.85,26077.85,26056.55,26069.13,26070.35,5.58,3.95,26054.98,26076.28,26045.12,26087.72,-0.01,21.3,-2.1,0.0,0.0,0.0,UP,UP,NEUTRAL,,,,,,,,,,,,,,,,,,,,,,,,,,NEUTRAL,NEUTRAL,NEUTRAL,,,,,,,,,,,,,,,,,,,,,,,,,,,,,UP,good
900,15min,1765173771,26064.8,26066.1,26070.7,26042.05,26061.46,26062.6,5.08,1.85,26048.53,26077.18,26030.97,26088.27,0.0,28.65,1.3,0.0,0.0,0.0,UP,UP,NEUTRAL,,,,,,,,,,,,,,,,,,,,,,,,,,NEUTRAL,NEUTRAL,NEUTRAL,NEUTRAL,NEUTRAL,NEUTRAL,,,,,,,,,,,,,,,,,,,,,,,,,,UP,bad
900,15min,1765174671,26066.3,26049.7,26074.05,26046.15,26061.82,26062.1,6.07,4.1,26039.22,26067.12,26028.73,26084.53,-0.06,27.9,-16.6,0.0,0.0,0.0,UP,UP,NEUTRAL,UP,UP,NEUTRAL,,,,,,,,,,,,,,,,DOWN,,,,,,,DOWN,DOWN,NEUTRAL,DOWN,DOWN,NEUTRAL,,,,,,,,,,,,,,,,,,,,,,,,,,DOWN,good
900,15min,1765175571,26049.75,26042.65,26053.15,26034.0,26046.19,26047.3,4.13,1.5,26033.38,26052.53,26024.12,26062.42,-0.03,19.15,-7.1,0.0,0.0,0.0,UP,UP,NEUTRAL,UP,UP,NEUTRAL,,,,,,,,,,,,,,,,DOWN,,,,,,,DOWN,DOWN,NEUTRAL,DOWN,DOWN,NEUTRAL,,,,,,,,,,,,,,,,,,,,,,,,,,DOWN,good
900,15min,1765176471,26043.6,26023.35,26048.8,26014.1,26035.25,26039.9,9.43,3.1,26008.7,26043.4,25994.05,26063.45,-0.08,34.7,-20.25,0.0,0.0,0.0,UP,UP,UP,UP,UP,NEUTRAL,,,,,,,,,,,,,,,,DOWN,,,,,,,DOWN,DOWN,NEUTRAL,DOWN,DOWN,NEUTRAL,,,,,,,,,,,,,DOWN,,,,,,,,,,,,,DOWN,good
900,15min,1765177371,26022.25,26020.2,26027.9,26010.95,26018.69,26018.55,2.91,2.0,26011.47,26028.42,26002.73,26036.63,-0.01,16.95,-2.05,0.0,0.0,0.0,UP,UP,UP,UP,UP,NEUTRAL,,,,,,,,,,,,,,,,DOWN,,,,,,,DOWN,NEUTRAL,NEUTRAL,DOWN,DOWN,NEUTRAL,,,,,,,,,,,,,DOWN,,,,,,,,,,,,,NEUTRAL,neutral
900,15min,1765178271,26019.9,26015.25,26026.55,26004.7,26014.97,26014.8,4.21,3.1,26004.45,26026.3,25993.65,26037.35,-0.02,21.85,-4.65,0.0,0.0,0.0,UP,UP,UP,UP,UP,UP,UP,UP,NEUTRAL,,,,,,,,,,,,,DOWN,,,,,,,DOWN,NEUTRAL,NEUTRAL,DOWN,NEUTRAL,NEUTRAL,DOWN,DOWN,NEUTRAL,,,,,,,,,,UP,,,,,,,,,,,,,UP,good
900,15min,1765179171,26015.35,26014.7,26040.8,26011.9,26025.06,26024.35,5.4,3.2,26004.13,26033.03,25993.57,26051.37,-0.0,28.9,-0.65,0.0,0.0,0.0,UP,UP,UP,UP,UP,UP,UP,UP,NEUTRAL,UP,UP,NEUTRAL,,,,,,,,,,UP,,,,,,,NEUTRAL,NEUTRAL,NEUTRAL,DOWN,NEUTRAL,NEUTRAL,DOWN,DOWN,NEUTRAL,,,,,,,,,,UP,,,,,,,,,,,,,UP,good
900,15min,1765180071,26014.6,25928.65,26016.1,25927.05,25972.17,25968.52,21.16,11.65,25898.43,25987.48,25868.22,26046.32,-0.33,89.05,-85.95,0.0,0.0,0.0,UP,UP,UP,UP,UP,UP,UP,UP,UP,UP,UP,UP,,,,,,,,,,DOWN,,,,,,,DOWN,DOWN,NEUTRAL,DOWN,DOWN,DOWN,DOWN,DOWN,DOWN,,,,,,,,,,DOWN,,,,,,,,,,,NEUTRAL,,UP,good
900,15min,1765180971,25928.15,25930.45,25936.15,25903.1,25920.83,25920.55,7.27,4.5,25910.32,25943.37,25890.18,25956.28,0.01,33.05,2.3,0.0,0.0,0.0,UP,UP,UP,UP,UP,UP,UP,UP,UP,UP,UP,UP,,,,,,,,,,DOWN,,,,,,,DOWN,NEUTRAL,NEUTRAL,DOWN,DOWN,NEUTRAL,DOWN,DOWN,DOWN,,,,,,,,,,DOWN,,,,,,,,,,,UP,,UP,good
900,15min,1765181871,25929.95,25920.5,25940.25,25915.7,25928.91,25929.95,6.05,5.2,25910.72,25935.27,25900.93,25950.03,-0.04,24.55,-9.45,0.0,0.0,0.0,UP,UP,UP,UP,UP,UP,UP,UP,UP,UP,UP,UP,,,,,,,,,,DOWN,,,,,,,NEUTRAL,NEUTRAL,NEUTRAL,DOWN,DOWN,NEUTRAL,DOWN,DOWN,NEUTRAL,,,,,,,,,,UP,,,,,,,,,,,UP,UP,UP,good
900,15min,1765182771,25920.8,25896.2,25943.2,25892.4,25920.73,25920.55,9.61,5.5,25878.0,25928.8,25859.8,25961.4,-0.09,50.8,-24.6,0.0,0.0,0.0,UP,UP,UP,UP,UP,UP,UP,UP,UP,UP,UP,UP,,,,,,,,,,DOWN,,,,,,,DOWN,NEUTRAL,NEUTRAL,DOWN,DOWN,NEUTRAL,DOWN,DOWN,NEUTRAL,DOWN,DOWN,DOWN,,,,,,,DOWN,,,,,,,,,,,NEUTRAL,NEUTRAL,UP,good
900,15min,1765183671,25896.3,25915.85,25933.25,25894.65,25922.39,25922.95,6.52,3.45,25895.92,25934.52,25875.98,25953.18,0.08,38.6,19.55,0.0,0.0,0.0,UP,NEUTRAL,NEUTRAL,UP,UP,NEUTRAL,UP,UP,NEUTRAL,UP,UP,NEUTRAL,UP,UP,NEUTRAL,,,,,,,UP,,,,,,,NEUTRAL,NEUTRAL,NEUTRAL,DOWN,NEUTRAL,NEUTRAL,DOWN,NEUTRAL,NEUTRAL,DOWN,DOWN,NEUTRAL,,,,,,,UP,DOWN,,,,,,,,,,UP,UP,UP,good
900,15min,1765184571,25915.15,25928.15,25938.35,25903.45,25918.28,25917.2,7.19,3.65,25908.28,25943.18,25888.42,25958.22,0.05,34.9,13.0,0.0,0.0,0.0,NEUTRAL,NEUTRAL,NEUTRAL,UP,NEUTRAL,NEUTRAL,UP,UP,NEUTRAL,UP,UP,NEUTRAL,UP,UP,NEUTRAL,,,,,,,UP,DOWN,,,,,,NEUTRAL,NEUTRAL,NEUTRAL,NEUTRAL,NEUTRAL,NEUTRAL,DOWN,NEUTRAL,NEUTRAL,DOWN,NEUTRAL,NEUTRAL,,,,,,,DOWN,DOWN,,,,,,,,,,UP,UP,UP,good
900,15min,1765185471,25928.45,25974.25,25976.7,25927.3,25951.43,25951.25,12.37,11.25,25942.13,25991.53,25910.02,26008.82,0.18,49.4,45.8,0.0,0.0,0.0,NEUTRAL,NEUTRAL,NEUTRAL,NEUTRAL,NEUTRAL,NEUTRAL,NEUTRAL,NEUTRAL,NEUTRAL,NEUTRAL,NEUTRAL,NEUTRAL,UP,NEUTRAL,NEUTRAL,,,,,,,UP,UP,,,,,,UP,UP,NEUTRAL,NEUTRAL,NEUTRAL,NEUTRAL,NEUTRAL,NEUTRAL,NEUTRAL,NEUTRAL,NEUTRAL,NEUTRAL,,,,,,,DOWN,UP,,,,,,,,,,NEUTRAL,NEUTRAL,UP,bad
900,15min,1765186371,25974.95,25953.0,25984.1,25950.8,25973.34,25975.6,7.85,3.4,25941.17,25974.47,25929.33,25995.93,-0.08,33.3,-21.95,0.0,0.0,0.0,NEUTRAL,NEUTRAL,NEUTRAL,NEUTRAL,NEUTRAL,NEUTRAL,NEUTRAL,NEUTRAL,NEUTRAL,NEUTRAL,NEUTRAL,NEUTRAL,UP,NEUTRAL,NEUTRAL,,,,,,,UP,UP,,,,,,NEUTRAL,NEUTRAL,NEUTRAL,NEUTRAL,NEUTRAL,NEUTRAL,NEUTRAL,NEUTRAL,NEUTRAL,NEUTRAL,NEUTRAL,NEUTRAL,,,,,,,DOWN,UP,,,,,,,,,,NEUTRAL,NEUTRAL,UP,good
900,15min,1765187271,25953.55,25844.95,25960.55,25844.95,25940.9,25941.4,7.81,5.0,25806.42,25922.02,25767.88,25999.08,-0.42,115.6,-108.6,0.0,0.0,0.0,UP,NEUTRAL,NEUTRAL,UP,NEUTRAL,NEUTRAL,UP,NEUTRAL,NEUTRAL,UP,NEUTRAL,NEUTRAL,UP,UP,NEUTRAL,,,,,,,DOWN,DOWN,,,,,,DOWN,DOWN,NEUTRAL,DOWN,DOWN,DOWN,DOWN,DOWN,DOWN,DOWN,DOWN,DOWN,DOWN,DOWN,DOWN,,,,DOWN,DOWN,,,,,,,,,,NEUTRAL,NEUTRAL,DOWN,bad
900,15min,1770614386,25846.8,25854.6,25854.6,25846.8,25850.7,25850.7,3.9,3.9,25849.4,25857.2,25844.2,25859.8,0.03,7.8,7.8,0.0,0.0,0.0,UP,NEUTRAL,NEUTRAL,UP,NEUTRAL,NEUTRAL,UP,NEUTRAL,NEUTRAL,UP,NEUTRAL,NEUTRAL,UP,NEUTRAL,NEUTRAL,UP,NEUTRAL,NEUTRAL,,,,DOWN,DOWN,,,,,,DOWN,NEUTRAL,NEUTRAL,DOWN,DOWN,NEUTRAL,DOWN,DOWN,NEUTRAL,DOWN,DOWN,NEUTRAL,DOWN,DOWN,NEUTRAL,,,,DOWN,DOWN,,,,,,,,,,NEUTRAL,NEUTRAL,DOWN,good
900,15min,1770615584,25853.85,25862.95,25864.0,25852.3,25858.51,25858.4,2.39,1.65,25855.5,25867.2,25848.05,25871.45,0.04,11.7,9.1,0.0,0.0,0.0,NEUTRAL,NEUTRAL,NEUTRAL,UP,NEUTRAL,NEUTRAL,UP,NEUTRAL,NEUTRAL,UP,NEUTRAL,NEUTRAL,UP,NEUTRAL,NEUTRAL,UP,NEUTRAL,NEUTRAL,,,,DOWN,DOWN,,,,,,NEUTRAL,NEUTRAL,NEUTRAL,DOWN,NEUTRAL,NEUTRAL,DOWN,NEUTRAL,NEUTRAL,DOWN,NEUTRAL,NEUTRAL,DOWN,DOWN,NEUTRAL,,,,DOWN,UP,,,,,,,,,,UP,NEUTRAL,DOWN,good
900,15min,1770616581,25863.65,25956.85,25956.85,25843.4,25856.54,25857.35,5.86,3.05,25881.22,25994.67,25805.58,26032.48,0.36,113.45,93.2,0.0,0.0,0.0,NEUTRAL,NEUTRAL,NEUTRAL,NEUTRAL,NEUTRAL,NEUTRAL,NEUTRAL,NEUTRAL,NEUTRAL,NEUTRAL,NEUTRAL,NEUTRAL,NEUTRAL,NEUTRAL,NEUTRAL,NEUTRAL,NEUTRAL,NEUTRAL,,,,UP,UP,,,,,,UP,NEUTRAL,NEUTRAL,UP,NEUTRAL,NEUTRAL,NEUTRAL,NEUTRAL,NEUTRAL,NEUTRAL,NEUTRAL,NEUTRAL,NEUTRAL,NEUTRAL,NEUTRAL,,,,DOWN,DOWN,DOWN,,,,,,,,,NEUTRAL,NEUTRAL,UP,bad
1200,20min,1765165671,26163.75,26124.2,26178.4,26112.0,26147.33,26145.88,16.5,12.92,26098.0,26164.4,26071.8,26204.6,-0.15,66.4,-39.55,0.0,0.0,0.0,,,,,,,,,,,,,,,,,,,,,,,,,,,,,,,,,,,,,,,,,,,,,,,,,,,,,,,,,,,,NEUTRAL,neutral
1200,20min,1765166871,26123.3,26079.6,26135.5,26077.65,26106.28,26106.55,16.6,14.8,26059.67,26117.52,26039.73,26155.43,-0.17,57.85,-43.7,0.0,0.0,0.0,,,,,,,,,,,,,,,,,,,,,,,,,,,,,,,,,,,,,,,,,,,,,,,,,,,,,,,,,,,,NEUTRAL,neutral
1200,20min,1765168071,26080.65,26086.95,26109.15,26068.7,26083.78,26082.28,7.53,3.88,26067.38,26107.83,26047.82,26128.72,0.02,40.45,6.3,0.0,0.0,0.0,,,,,,,,,,,,,,,,,,,,,,,,,,,,,,,,,,,,,,,,,,,,,,,,,,,,,,,,,,,,NEUTRAL,neutral
1200,20min,1765169271,26086.55,26085.0,26105.6,26081.7,26092.08,26091.6,5.89,5.05,26075.93,26099.83,26066.87,26114.67,-0.01,23.9,-1.55,0.0,0.0,0.0,,,,,,,,,,,,,,,,,,,,,,,,,,,,,,,,,,,,,,,,,,,,,,,,,,,,,,,,,,,,NEUTRAL,neutral
1200,20min,1765170471,26084.75,26088.5,26101.5,26079.25,26090.92,26092.0,5.05,3.25,26078.0,26100.25,26067.5,26112.0,0.01,22.25,3.75,0.0,0.0,0.0,,,,,,,,,,,,,,,,,,,,,,,,,,,,,NEUTRAL,NEUTRAL,NEUTRAL,,,,,,,,,,,,,,,,,,,,,,,,,,,,,NEUTRAL,neutral
1200,20min,1765171671,26088.3,26066.7,26088.85,26051.9,26067.58,26067.6,6.42,4.05,26049.45,26086.4,26032.2,26106.1,-0.08,36.95,-21.6,0.0,0.0,0.0,UP,UP,NEUTRAL,,,,,,,,,,,,,,,,,,,,,,,,,,DOWN,DOWN,NEUTRAL,,,,,,,,,,,,,,,,,,,,,,,,,,,,,NEUTRAL,neutral
1200,20min,1765172871,26066.95,26064.95,26077.85,26056.55,26067.88,26068.1,5.41,4.9,26055.05,26076.35,26045.15,26087.75,-0.01,21.3,-2.0,0.0,0.0,0.0,UP,UP,NEUTRAL,,,,,,,,,,,,,,,,,,,,,,,,,,DOWN,NEUTRAL,NEUTRAL,,,,,,,,,,,,,,,,,,,,,,,,,,,,,UP,good
1200,20min,1765174071,26064.2,26056.75,26074.05,26042.05,26062.63,26062.9,5.36,2.25,26041.18,26073.18,26025.62,26089.62,-0.03,32.0,-7.45,0.0,0.0,0.0,UP,UP,NEUTRAL,,,,,,,,,,,,,,,,,,,,,,,,,,DOWN,NEUTRAL,NEUTRAL,,,,,,,,,,,,,,,,,,,,,,,,,,,,,UP,good
1200,20min,1765175271,26057.15,26042.65,26061.45,26034.0,26048.43,26047.98,5.65,2.03,26030.62,26058.07,26018.58,26073.48,-0.06,27.45,-14.5,0.0,0.0,0.0,UP,UP,UP,,,,,,,,,,,,,,,,,,,,,,,,,,DOWN,NEUTRAL,NEUTRAL,,,,,,,,,,,,,,,,,,,,,,,,,,,,,UP,good
1200,20min,1765176471,26043.6,26022.15,26048.8,26012.65,26031.17,26035.4,10.89,8.75,26006.93,26043.08,25991.72,26064.02,-0.08,36.15,-21.45,0.0,0.0,0.0,UP,UP,UP,,,,,,,,,,,,,,,,,,,,,,,,,,DOWN,DOWN,NEUTRAL,DOWN,DOWN,NEUTRAL,,,,,,,,,,,,,,,,,,,,,,,,,,DOWN,good
1200,20min,1765177671,26021.3,26010.75,26027.9,26009.25,26017.64,26017.5,3.44,2.4,26004.03,26022.68,25997.32,26034.62,-0.04,18.65,-10.55,0.0,0.0,0.0,UP,UP,UP,UP,UP,UP,,,,,,,,,,,,,,,,DOWN,,,,,,,DOWN,NEUTRAL,NEUTRAL,DOWN,DOWN,NEUTRAL,,,,,,,,,,,,,,,,,,,,,,,,,,UP,good
1200,20min,1765178871,26010.7,26014.7,26040.8,26004.7,26021.67,26022.65,7.68,5.15,25999.33,26035.43,25983.97,26056.17,0.02,36.1,4.0,0.0,0.0,0.0,UP,UP,NEUTRAL,UP,UP,NEUTRAL,,,,,,,,,,,,,,,,DOWN,,,,,,,NEUTRAL,NEUTRAL,NEUTRAL,DOWN,NEUTRAL,NEUTRAL,,,,,,,,,,,,,,,,,,,,,,,,,,UP,good
1200,20min,1765180071,26014.6,25919.85,26016.1,25903.1,25957.79,25964.65,31.07,14.5,25876.6,25989.6,25833.35,26059.35,-0.36,113.0,-94.75,0.0,0.0,0.0,UP,UP,UP,UP,UP,UP,,,,,,,,,,,,,,,,DOWN,,,,,,,DOWN,DOWN,NEUTRAL,DOWN,DOWN,DOWN,,,,,,,,,,,,,DOWN,,,,,,,,,,,,,DOWN,good
1200,20min,1765181271,25920.55,25923.55,25940.25,25913.7,25927.4,25928.6,6.64,5.95,25911.42,25937.97,25899.28,25952.38,0.01,26.55,3.0,0.0,0.0,0.0,UP,UP,UP,UP,UP,UP,,,,,,,,,,,,,,,,DOWN,,,,,,,DOWN,NEUTRAL,NEUTRAL,DOWN,DOWN,NEUTRAL,,,,,,,,,,,,,UP,,,,,,,,,,,,,UP,good
1200,20min,1765182471,25922.75,25896.2,25943.2,25892.4,25921.74,25921.35,8.79,4.35,25878.0,25928.8,25859.8,25961.4,-0.1,50.8,-26.55,0.0,0.0,0.0,UP,UP,UP,UP,UP,UP,UP,UP,UP,,,,,,,,,,,,,DOWN,,,,,,,DOWN,NEUTRAL,NEUTRAL,DOWN,DOWN,NEUTRAL,DOWN,DOWN,DOWN,,,,,,,,,,DOWN,,,,,,,,,,,,,UP,good
1200,20min,1765183671,25896.3,25913.65,25933.25,25894.65,25920.51,25920.88,6.84,4.22,25894.45,25933.05,25875.25,25952.45,0.07,38.6,17.35,0.0,0.0,0.0,UP,UP,NEUTRAL,UP,UP,NEUTRAL,UP,UP,NEUTRAL,UP,UP,NEUTRAL,,,,,,,,,,DOWN,,,,,,,NEUTRAL,NEUTRAL,NEUTRAL,DOWN,NEUTRAL,NEUTRAL,DOWN,DOWN,NEUTRAL,,,,,,,,,,UP,,,,,,,,,,,,,UP,good
1200,20min,1765184871,25913.85,25933.25,25970.8,25904.15,25935.02,25933.65,17.82,16.2,25901.33,25967.98,25869.42,26002.72,0.07,66.65,19.4,0.0,0.0,0.0,NEUTRAL,NEUTRAL,NEUTRAL,UP,NEUTRAL,NEUTRAL,UP,UP,NEUTRAL,UP,UP,NEUTRAL,,,,,,,,,,UP,,,,,,,UP,NEUTRAL,NEUTRAL,NEUTRAL,NEUTRAL,NEUTRAL,DOWN,NEUTRAL,NEUTRAL,,,,,,,,,,DOWN,,,,,,,,,,,UP,,UP,good
1200,20min,1765186071,25932.8,25953.0,25984.1,25932.8,25968.55,25973.43,12.87,5.13,25929.17,25980.47,25905.33,26007.93,0.08,51.3,20.2,0.0,0.0,0.0,NEUTRAL,NEUTRAL,NEUTRAL,NEUTRAL,NEUTRAL,NEUTRAL,UP,NEUTRAL,NEUTRAL,UP,NEUTRAL,NEUTRAL,,,,,,,,,,UP,,,,,,,UP,UP,NEUTRAL,NEUTRAL,NEUTRAL,NEUTRAL,NEUTRAL,NEUTRAL,NEUTRAL,,,,,,,,,,DOWN,,,,,,,,,,,NEUTRAL,,UP,good
1200,20min,1765187271,25953.55,25844.95,25960.55,25844.95,25940.9,25941.4,7.81,5.0,25806.42,25922.02,25767.88,25999.08,-0.42,115.6,-108.6,0.0,0.0,0.0,UP,NEUTRAL,NEUTRAL,UP,UP,NEUTRAL,UP,UP,NEUTRAL,UP,UP,NEUTRAL,,,,,,,,,,DOWN,,,,,,,DOWN,DOWN,NEUTRAL,DOWN,DOWN,NEUTRAL,DOWN,DOWN,NEUTRAL,,,,,,,,,,DOWN,,,,,,,,,,,NEUTRAL,NEUTRAL,DOWN,bad
1200,20min,1770614386,25846.8,25854.75,25855.45,25846.8,25853.32,25854.52,2.95,0.45,25849.22,25857.87,25843.68,25860.98,0.03,8.65,7.95,0.0,0.0,0.0,UP,NEUTRAL,NEUTRAL,UP,NEUTRAL,NEUTRAL,UP,NEUTRAL,NEUTRAL,UP,UP,NEUTRAL,,,,,,,,,,DOWN,,,,,,,DOWN,NEUTRAL,NEUTRAL,DOWN,NEUTRAL,NEUTRAL,DOWN,DOWN,NEUTRAL,DOWN,DOWN,NEUTRAL,,,,,,,DOWN,,,,,,,,,,,NEUTRAL,NEUTRAL,DOWN,good
1200,20min,1770615586,25854.3,25857.55,25864.15,25852.3,25858.86,25858.9,2.4,1.65,25851.85,25863.7,25846.15,25869.85,0.01,11.85,3.25,0.0,0.0,0.0,UP,NEUTRAL,NEUTRAL,UP,NEUTRAL,NEUTRAL,UP,NEUTRAL,NEUTRAL,UP,NEUTRAL,NEUTRAL,UP,UP,NEUTRAL,,,,,,,DOWN,,,,,,,NEUTRAL,NEUTRAL,NEUTRAL,DOWN,NEUTRAL,NEUTRAL,DOWN,NEUTRAL,NEUTRAL,DOWN,DOWN,NEUTRAL,,,,,,,DOWN,DOWN,,,,,,,,,,UP,NEUTRAL,NEUTRAL,neutral
1200,20min,1770616786,25857.05,25956.85,25956.85,25843.4,25853.14,25851.75,6.8,2.8,25881.22,25994.67,25805.58,26032.48,0.39,113.45,99.8,0.0,0.0,0.0,NEUTRAL,NEUTRAL,NEUTRAL,NEUTRAL,NEUTRAL,NEUTRAL,NEUTRAL,NEUTRAL,NEUTRAL,NEUTRAL,NEUTRAL,NEUTRAL,NEUTRAL,NEUTRAL,NEUTRAL,,,,,,,UP,UP,,,,,,UP,NEUTRAL,NEUTRAL,UP,NEUTRAL,NEUTRAL,NEUTRAL,NEUTRAL,NEUTRAL,NEUTRAL,NEUTRAL,NEUTRAL,,,,,,,DOWN,UP,,,,,,,,,,NEUTRAL,NEUTRAL,UP,bad
1800,30min,1765165671,26163.75,26106.45,26178.4,26106.2,26138.72,26135.65,18.59,15.15,26082.3,26154.5,26058.15,26202.55,-0.22,72.2,-57.3,0.0,0.0,0.0,,,,,,,,,,,,,,,,,,,,,,,,,,,,,,,,,,,,,,,,,,,,,,,,,,,,,,,,,,,,NEUTRAL,neutral
1800,30min,1765167471,26106.75,26086.95,26109.15,26068.7,26086.29,26084.43,8.31,4.68,26067.38,26107.83,26047.82,26128.72,-0.08,40.45,-19.8,0.0,0.0,0.0,,,,,,,,,,,,,,,,,,,,,,,,,,,,,,,,,,,,,,,,,,,,,,,,,,,,,,,,,,,,NEUTRAL,neutral
1800,30min,1765169271,26086.55,26094.45,26105.6,26081.7,26092.45,26092.75,5.25,4.05,26082.23,26106.13,26070.02,26117.82,0.03,23.9,7.9,0.0,0.0,0.0,,,,,,,,,,,,,,,,,,,,,,,,,,,,,,,,,,,,,,,,,,,,,,,,,,,,,,,,,,,,NEUTRAL,neutral
1800,30min,1765171071,26093.9,26066.7,26097.4,26051.9,26074.56,26070.95,11.64,8.6,26046.6,26092.1,26026.5,26117.5,-0.1,45.5,-27.2,0.0,0.0,0.0,,,,,,,,,,,,,,,,,,,,,,,,,,,,,,,,,,,,,,,,,,,,,,,,,,,,,,,,,,,,NEUTRAL,neutral
1800,30min,1765172871,26066.95,26066.1,26077.85,26042.05,26065.29,26064.45,6.57,4.0,26046.15,26081.95,26026.2,26097.8,-0.0,35.8,-0.85,0.0,0.0,0.0,,,,,,,,,,,,,,,,,,,,,,,,,,,,,DOWN,NEUTRAL,NEUTRAL,,,,,,,,,,,,,,,,,,,,,,,,,,,,,DOWN,good
1800,30min,1765174671,26066.3,26042.65,26074.05,26034.0,26054.02,26050.8,9.38,6.3,26026.42,26066.47,26010.18,26090.28,-0.09,40.05,-23.65,0.0,0.0,0.0,UP,UP,UP,,,,,,,,,,,,,,,,,,,,,,,,,,DOWN,DOWN,NEUTRAL,,,,,,,,,,,,,,,,,,,,,,,,,,,,,UP,good
1800,30min,1765176471,26043.6,26020.2,26048.8,26010.95,26026.99,26021.7,10.83,5.25,26004.5,26042.35,25988.8,26064.5,-0.09,37.85,-23.4,0.0,0.0,0.0,UP,UP,UP,,,,,,,,,,,,,,,,,,,,,,,,,,DOWN,DOWN,NEUTRAL,,,,,,,,,,,,,,,,,,,,,,,,,,,,,UP,good
1800,30min,1765178271,26019.9,26014.7,26040.8,26004.7,26020.0,26019.3,7.0,5.05,25999.33,26035.43,25983.97,26056.17,-0.02,36.1,-5.2,0.0,0.0,0.0,UP,UP,UP,,,,,,,,,,,,,,,,,,,,,,,,,,DOWN,NEUTRAL,NEUTRAL,,,,,,,,,,,,,,,,,,,,,,,,,,,,,UP,good
1800,30min,1765180071,26014.6,25930.45,26016.1,25903.1,25946.47,25933.35,30.15,20.88,25883.67,25996.67,25836.88,26062.88,-0.32,113.0,-84.15,0.0,0.0,0.0,UP,UP,UP,,,,,,,,,,,,,,,,,,,,,,,,,,DOWN,DOWN,NEUTRAL,,,,,,,,,,,,,,,,,,,,,,,,,,,,,UP,good
1800,30min,1765181871,25929.95,25896.2,25943.2,25892.4,25924.82,25924.4,9.01,6.6,25878.0,25928.8,25859.8,25961.4,-0.13,50.8,-33.75,0.0,0.0,0.0,UP,UP,UP,,,,,,,,,,,,,,,,,,,,,,,,,,DOWN,NEUTRAL,NEUTRAL,DOWN,DOWN,DOWN,,,,,,,,,,,,,,,,,,,,,,,,,,DOWN,bad
1800,30min,1765183671,25896.3,25928.15,25938.35,25894.65,25920.32,25920.15,7.17,4.75,25902.42,25946.12,25876.68,25964.08,0.12,43.7,31.85,0.0,0.0,0.0,UP,NEUTRAL,NEUTRAL,UP,UP,NEUTRAL,,,,,,,,,,,,,,,,DOWN,,,,,,,NEUTRAL,NEUTRAL,NEUTRAL,DOWN,NEUTRAL,NEUTRAL,,,,,,,,,,,,,,,,,,,,,,,,,,UP,good
1800,30min,1765185471,25928.45,25953.0,25984.1,25927.3,25962.34,25966.22,15.08,10.92,25925.5,25982.3,25898.0,26011.6,0.09,56.8,24.55,0.0,0.0,0.0,NEUTRAL,NEUTRAL,NEUTRAL,UP,NEUTRAL,NEUTRAL,,,,,,,,,,,,,,,,UP,,,,,,,NEUTRAL,NEUTRAL,NEUTRAL,NEUTRAL,NEUTRAL,NEUTRAL,,,,,,,,,,,,,,,,,,,,,,,,,,UP,good
1800,30min,1765187271,25953.55,25844.95,25960.55,25844.95,25940.9,25941.4,7.81,5.0,25806.42,25922.02,25767.88,25999.08,-0.42,115.6,-108.6,0.0,0.0,0.0,UP,UP,NEUTRAL,UP,UP,NEUTRAL,,,,,,,,,,,,,,,,DOWN,,,,,,,DOWN,DOWN,NEUTRAL,DOWN,DOWN,NEUTRAL,,,,,,,,,,,,,DOWN,,,,,,,,,,,,,DOWN,bad
1800,30min,1770614386,25846.8,25862.95,25864.0,25846.8,25858.49,25858.4,2.43,1.7,25851.83,25869.03,25840.72,25875.12,0.06,17.2,16.15,0.0,0.0,0.0,UP,NEUTRAL,NEUTRAL,UP,NEUTRAL,NEUTRAL,,,,,,,,,,,,,,,,DOWN,,,,,,,NEUTRAL,NEUTRAL,NEUTRAL,DOWN,NEUTRAL,NEUTRAL,,,,,,,,,,,,,UP,,,,,,,,,,,,,UP,bad
1800,30min,1770616581,25863.65,25956.85,25956.85,25843.4,25856.54,25857.35,5.86,3.05,25881.22,25994.67,25805.58,26032.48,0.36,113.45,93.2,0.0,0.0,0.0,NEUTRAL,NEUTRAL,NEUTRAL,NEUTRAL,NEUTRAL,NEUTRAL,NEUTRAL,NEUTRAL,NEUTRAL,,,,,,,,,,,,,UP,,,,,,,UP,NEUTRAL,NEUTRAL,NEUTRAL,NEUTRAL,NEUTRAL,NEUTRAL,NEUTRAL,NEUTRAL,,,,,,,,,,DOWN,,,,,,,,,,,,,UP,bad
